# x y
0.2999853075867378 0.6660254037844386
0.30402571162714187 0.6660254037844386
0.3080661156675459 0.6660254037844386
0.3121065197079499 0.6660254037844386
0.31614692374835396 0.6660254037844386
0.320187327788758 0.6660254037844386
0.32422773182916204 0.6660254037844386
0.3282681358695661 0.6660254037844386
0.3323085399099701 0.6660254037844386
0.3363489439503742 0.6660254037844386
0.3403893479907782 0.6660254037844386
0.34442975203118226 0.6660254037844386
0.34847015607158627 0.6660254037844386
0.35251056011199033 0.6660254037844386
0.3565509641523944 0.6660254037844386
0.3605913681927984 0.6660254037844386
0.3646317722332024 0.6660254037844386
0.3686721762736065 0.6660254037844386
0.37271258031401056 0.6660254037844386
0.37675298435441457 0.6660254037844386
0.3807933883948186 0.6660254037844386
0.38483379243522264 0.6660254037844386
0.3888741964756267 0.6660254037844386
0.3929146005160307 0.6660254037844386
0.3969550045564348 0.6660254037844386
0.4009954085968388 0.6660254037844386
0.40503581263724286 0.6660254037844386
0.4090762166776469 0.6660254037844386
0.41311662071805094 0.6660254037844386
0.41715702475845495 0.6660254037844386
0.421197428798859 0.6660254037844386
0.4252378328392631 0.6660254037844386
0.4292782368796671 0.6660254037844386
0.4333186409200711 0.6660254037844386
0.4373590449604752 0.6660254037844386
0.44139944900087924 0.6660254037844386
0.44543985304128325 0.6660254037844386
0.44948025708168726 0.6660254037844386
0.45352066112209133 0.6660254037844386
0.4575610651624954 0.6660254037844386
0.4616014692028994 0.6660254037844386
0.4656418732433035 0.6660254037844386
0.4696822772837075 0.6660254037844386
0.47372268132411155 0.6660254037844386
0.4777630853645156 0.6660254037844386
0.4818034894049196 0.6660254037844386
0.48584389344532364 0.6660254037844386
0.4898842974857277 0.6660254037844386
0.49392470152613177 0.6660254037844386
0.4979651055665358 0.6660254037844386
0.5020055096069398 0.6660254037844386
0.5060459136473439 0.6660254037844386
0.5100863176877479 0.6660254037844386
0.514126721728152 0.6660254037844386
0.518167125768556 0.6660254037844386
0.52220752980896 0.6660254037844386
0.5262479338493641 0.6660254037844386
0.5302883378897681 0.6660254037844386
0.5343287419301721 0.6660254037844386
0.5383691459705762 0.6660254037844386
0.5424095500109802 0.6660254037844386
0.5464499540513843 0.6660254037844386
0.5504903580917884 0.6660254037844386
0.5545307621321923 0.6660254037844386
0.5585711661725964 0.6660254037844386
0.5626115702130005 0.6660254037844386
0.5666519742534044 0.6660254037844386
0.5706923782938085 0.6660254037844386
0.5747327823342125 0.6660254037844386
0.5787731863746166 0.6660254037844386
0.5828135904150207 0.6660254037844386
0.5868539944554247 0.6660254037844386
0.5908943984958287 0.6660254037844386
0.5949348025362328 0.6660254037844386
0.5989752065766367 0.6660254037844386
0.6030156106170408 0.6660254037844386
0.6070560146574449 0.6660254037844386
0.6110964186978489 0.6660254037844386
0.615136822738253 0.6660254037844386
0.619177226778657 0.6660254037844386
0.623217630819061 0.6660254037844386
0.6272580348594651 0.6660254037844386
0.6312984388998691 0.6660254037844386
0.6353388429402731 0.6660254037844386
0.6393792469806772 0.6660254037844386
0.6434196510210812 0.6660254037844386
0.6474600550614853 0.6660254037844386
0.6515004591018894 0.6660254037844386
0.6555408631422934 0.6660254037844386
0.6595812671826974 0.6660254037844386
0.6636216712231015 0.6660254037844386
0.6676620752635054 0.6660254037844386
0.6717024793039095 0.6660254037844386
0.6757428833443135 0.6660254037844386
0.6797832873847176 0.6660254037844386
0.6838236914251217 0.6660254037844386
0.6878640954655257 0.6660254037844386
0.6919044995059298 0.6660254037844386
0.6959449035463338 0.6660254037844386
0.6999853075867378 0.6660254037844386
0.2999853075867378 0.6700658078248426
0.30402571162714187 0.6700658078248426
0.3080661156675459 0.6700658078248426
0.3121065197079499 0.6700658078248426
0.31614692374835396 0.6700658078248426
0.320187327788758 0.6700658078248426
0.32422773182916204 0.6700658078248426
0.3282681358695661 0.6700658078248426
0.3323085399099701 0.6700658078248426
0.3363489439503742 0.6700658078248426
0.3403893479907782 0.6700658078248426
0.34442975203118226 0.6700658078248426
0.34847015607158627 0.6700658078248426
0.35251056011199033 0.6700658078248426
0.3565509641523944 0.6700658078248426
0.3605913681927984 0.6700658078248426
0.3646317722332024 0.6700658078248426
0.3686721762736065 0.6700658078248426
0.37271258031401056 0.6700658078248426
0.37675298435441457 0.6700658078248426
0.3807933883948186 0.6700658078248426
0.38483379243522264 0.6700658078248426
0.3888741964756267 0.6700658078248426
0.3929146005160307 0.6700658078248426
0.3969550045564348 0.6700658078248426
0.4009954085968388 0.6700658078248426
0.40503581263724286 0.6700658078248426
0.4090762166776469 0.6700658078248426
0.41311662071805094 0.6700658078248426
0.41715702475845495 0.6700658078248426
0.421197428798859 0.6700658078248426
0.4252378328392631 0.6700658078248426
0.4292782368796671 0.6700658078248426
0.4333186409200711 0.6700658078248426
0.4373590449604752 0.6700658078248426
0.44139944900087924 0.6700658078248426
0.44543985304128325 0.6700658078248426
0.44948025708168726 0.6700658078248426
0.45352066112209133 0.6700658078248426
0.4575610651624954 0.6700658078248426
0.4616014692028994 0.6700658078248426
0.4656418732433035 0.6700658078248426
0.4696822772837075 0.6700658078248426
0.47372268132411155 0.6700658078248426
0.4777630853645156 0.6700658078248426
0.4818034894049196 0.6700658078248426
0.48584389344532364 0.6700658078248426
0.4898842974857277 0.6700658078248426
0.49392470152613177 0.6700658078248426
0.4979651055665358 0.6700658078248426
0.5020055096069398 0.6700658078248426
0.5060459136473439 0.6700658078248426
0.5100863176877479 0.6700658078248426
0.514126721728152 0.6700658078248426
0.518167125768556 0.6700658078248426
0.52220752980896 0.6700658078248426
0.5262479338493641 0.6700658078248426
0.5302883378897681 0.6700658078248426
0.5343287419301721 0.6700658078248426
0.5383691459705762 0.6700658078248426
0.5424095500109802 0.6700658078248426
0.5464499540513843 0.6700658078248426
0.5504903580917884 0.6700658078248426
0.5545307621321923 0.6700658078248426
0.5585711661725964 0.6700658078248426
0.5626115702130005 0.6700658078248426
0.5666519742534044 0.6700658078248426
0.5706923782938085 0.6700658078248426
0.5747327823342125 0.6700658078248426
0.5787731863746166 0.6700658078248426
0.5828135904150207 0.6700658078248426
0.5868539944554247 0.6700658078248426
0.5908943984958287 0.6700658078248426
0.5949348025362328 0.6700658078248426
0.5989752065766367 0.6700658078248426
0.6030156106170408 0.6700658078248426
0.6070560146574449 0.6700658078248426
0.6110964186978489 0.6700658078248426
0.615136822738253 0.6700658078248426
0.619177226778657 0.6700658078248426
0.623217630819061 0.6700658078248426
0.6272580348594651 0.6700658078248426
0.6312984388998691 0.6700658078248426
0.6353388429402731 0.6700658078248426
0.6393792469806772 0.6700658078248426
0.6434196510210812 0.6700658078248426
0.6474600550614853 0.6700658078248426
0.6515004591018894 0.6700658078248426
0.6555408631422934 0.6700658078248426
0.6595812671826974 0.6700658078248426
0.6636216712231015 0.6700658078248426
0.6676620752635054 0.6700658078248426
0.6717024793039095 0.6700658078248426
0.6757428833443135 0.6700658078248426
0.6797832873847176 0.6700658078248426
0.6838236914251217 0.6700658078248426
0.6878640954655257 0.6700658078248426
0.6919044995059298 0.6700658078248426
0.6959449035463338 0.6700658078248426
0.6999853075867378 0.6700658078248426
0.2999853075867378 0.6741062118652467
0.30402571162714187 0.6741062118652467
0.3080661156675459 0.6741062118652467
0.3121065197079499 0.6741062118652467
0.31614692374835396 0.6741062118652467
0.320187327788758 0.6741062118652467
0.32422773182916204 0.6741062118652467
0.3282681358695661 0.6741062118652467
0.3323085399099701 0.6741062118652467
0.3363489439503742 0.6741062118652467
0.3403893479907782 0.6741062118652467
0.34442975203118226 0.6741062118652467
0.34847015607158627 0.6741062118652467
0.35251056011199033 0.6741062118652467
0.3565509641523944 0.6741062118652467
0.3605913681927984 0.6741062118652467
0.3646317722332024 0.6741062118652467
0.3686721762736065 0.6741062118652467
0.37271258031401056 0.6741062118652467
0.37675298435441457 0.6741062118652467
0.3807933883948186 0.6741062118652467
0.38483379243522264 0.6741062118652467
0.3888741964756267 0.6741062118652467
0.3929146005160307 0.6741062118652467
0.3969550045564348 0.6741062118652467
0.4009954085968388 0.6741062118652467
0.40503581263724286 0.6741062118652467
0.4090762166776469 0.6741062118652467
0.41311662071805094 0.6741062118652467
0.41715702475845495 0.6741062118652467
0.421197428798859 0.6741062118652467
0.4252378328392631 0.6741062118652467
0.4292782368796671 0.6741062118652467
0.4333186409200711 0.6741062118652467
0.4373590449604752 0.6741062118652467
0.44139944900087924 0.6741062118652467
0.44543985304128325 0.6741062118652467
0.44948025708168726 0.6741062118652467
0.45352066112209133 0.6741062118652467
0.4575610651624954 0.6741062118652467
0.4616014692028994 0.6741062118652467
0.4656418732433035 0.6741062118652467
0.4696822772837075 0.6741062118652467
0.47372268132411155 0.6741062118652467
0.4777630853645156 0.6741062118652467
0.4818034894049196 0.6741062118652467
0.48584389344532364 0.6741062118652467
0.4898842974857277 0.6741062118652467
0.49392470152613177 0.6741062118652467
0.4979651055665358 0.6741062118652467
0.5020055096069398 0.6741062118652467
0.5060459136473439 0.6741062118652467
0.5100863176877479 0.6741062118652467
0.514126721728152 0.6741062118652467
0.518167125768556 0.6741062118652467
0.52220752980896 0.6741062118652467
0.5262479338493641 0.6741062118652467
0.5302883378897681 0.6741062118652467
0.5343287419301721 0.6741062118652467
0.5383691459705762 0.6741062118652467
0.5424095500109802 0.6741062118652467
0.5464499540513843 0.6741062118652467
0.5504903580917884 0.6741062118652467
0.5545307621321923 0.6741062118652467
0.5585711661725964 0.6741062118652467
0.5626115702130005 0.6741062118652467
0.5666519742534044 0.6741062118652467
0.5706923782938085 0.6741062118652467
0.5747327823342125 0.6741062118652467
0.5787731863746166 0.6741062118652467
0.5828135904150207 0.6741062118652467
0.5868539944554247 0.6741062118652467
0.5908943984958287 0.6741062118652467
0.5949348025362328 0.6741062118652467
0.5989752065766367 0.6741062118652467
0.6030156106170408 0.6741062118652467
0.6070560146574449 0.6741062118652467
0.6110964186978489 0.6741062118652467
0.615136822738253 0.6741062118652467
0.619177226778657 0.6741062118652467
0.623217630819061 0.6741062118652467
0.6272580348594651 0.6741062118652467
0.6312984388998691 0.6741062118652467
0.6353388429402731 0.6741062118652467
0.6393792469806772 0.6741062118652467
0.6434196510210812 0.6741062118652467
0.6474600550614853 0.6741062118652467
0.6515004591018894 0.6741062118652467
0.6555408631422934 0.6741062118652467
0.6595812671826974 0.6741062118652467
0.6636216712231015 0.6741062118652467
0.6676620752635054 0.6741062118652467
0.6717024793039095 0.6741062118652467
0.6757428833443135 0.6741062118652467
0.6797832873847176 0.6741062118652467
0.6838236914251217 0.6741062118652467
0.6878640954655257 0.6741062118652467
0.6919044995059298 0.6741062118652467
0.6959449035463338 0.6741062118652467
0.6999853075867378 0.6741062118652467
0.2999853075867378 0.6781466159056507
0.30402571162714187 0.6781466159056507
0.3080661156675459 0.6781466159056507
0.3121065197079499 0.6781466159056507
0.31614692374835396 0.6781466159056507
0.320187327788758 0.6781466159056507
0.32422773182916204 0.6781466159056507
0.3282681358695661 0.6781466159056507
0.3323085399099701 0.6781466159056507
0.3363489439503742 0.6781466159056507
0.3403893479907782 0.6781466159056507
0.34442975203118226 0.6781466159056507
0.34847015607158627 0.6781466159056507
0.35251056011199033 0.6781466159056507
0.3565509641523944 0.6781466159056507
0.3605913681927984 0.6781466159056507
0.3646317722332024 0.6781466159056507
0.3686721762736065 0.6781466159056507
0.37271258031401056 0.6781466159056507
0.37675298435441457 0.6781466159056507
0.3807933883948186 0.6781466159056507
0.38483379243522264 0.6781466159056507
0.3888741964756267 0.6781466159056507
0.3929146005160307 0.6781466159056507
0.3969550045564348 0.6781466159056507
0.4009954085968388 0.6781466159056507
0.40503581263724286 0.6781466159056507
0.4090762166776469 0.6781466159056507
0.41311662071805094 0.6781466159056507
0.41715702475845495 0.6781466159056507
0.421197428798859 0.6781466159056507
0.4252378328392631 0.6781466159056507
0.4292782368796671 0.6781466159056507
0.4333186409200711 0.6781466159056507
0.4373590449604752 0.6781466159056507
0.44139944900087924 0.6781466159056507
0.44543985304128325 0.6781466159056507
0.44948025708168726 0.6781466159056507
0.45352066112209133 0.6781466159056507
0.4575610651624954 0.6781466159056507
0.4616014692028994 0.6781466159056507
0.4656418732433035 0.6781466159056507
0.4696822772837075 0.6781466159056507
0.47372268132411155 0.6781466159056507
0.4777630853645156 0.6781466159056507
0.4818034894049196 0.6781466159056507
0.48584389344532364 0.6781466159056507
0.4898842974857277 0.6781466159056507
0.49392470152613177 0.6781466159056507
0.4979651055665358 0.6781466159056507
0.5020055096069398 0.6781466159056507
0.5060459136473439 0.6781466159056507
0.5100863176877479 0.6781466159056507
0.514126721728152 0.6781466159056507
0.518167125768556 0.6781466159056507
0.52220752980896 0.6781466159056507
0.5262479338493641 0.6781466159056507
0.5302883378897681 0.6781466159056507
0.5343287419301721 0.6781466159056507
0.5383691459705762 0.6781466159056507
0.5424095500109802 0.6781466159056507
0.5464499540513843 0.6781466159056507
0.5504903580917884 0.6781466159056507
0.5545307621321923 0.6781466159056507
0.5585711661725964 0.6781466159056507
0.5626115702130005 0.6781466159056507
0.5666519742534044 0.6781466159056507
0.5706923782938085 0.6781466159056507
0.5747327823342125 0.6781466159056507
0.5787731863746166 0.6781466159056507
0.5828135904150207 0.6781466159056507
0.5868539944554247 0.6781466159056507
0.5908943984958287 0.6781466159056507
0.5949348025362328 0.6781466159056507
0.5989752065766367 0.6781466159056507
0.6030156106170408 0.6781466159056507
0.6070560146574449 0.6781466159056507
0.6110964186978489 0.6781466159056507
0.615136822738253 0.6781466159056507
0.619177226778657 0.6781466159056507
0.623217630819061 0.6781466159056507
0.6272580348594651 0.6781466159056507
0.6312984388998691 0.6781466159056507
0.6353388429402731 0.6781466159056507
0.6393792469806772 0.6781466159056507
0.6434196510210812 0.6781466159056507
0.6474600550614853 0.6781466159056507
0.6515004591018894 0.6781466159056507
0.6555408631422934 0.6781466159056507
0.6595812671826974 0.6781466159056507
0.6636216712231015 0.6781466159056507
0.6676620752635054 0.6781466159056507
0.6717024793039095 0.6781466159056507
0.6757428833443135 0.6781466159056507
0.6797832873847176 0.6781466159056507
0.6838236914251217 0.6781466159056507
0.6878640954655257 0.6781466159056507
0.6919044995059298 0.6781466159056507
0.6959449035463338 0.6781466159056507
0.6999853075867378 0.6781466159056507
0.2999853075867378 0.6821870199460547
0.30402571162714187 0.6821870199460547
0.3080661156675459 0.6821870199460547
0.3121065197079499 0.6821870199460547
0.31614692374835396 0.6821870199460547
0.320187327788758 0.6821870199460547
0.32422773182916204 0.6821870199460547
0.3282681358695661 0.6821870199460547
0.3323085399099701 0.6821870199460547
0.3363489439503742 0.6821870199460547
0.3403893479907782 0.6821870199460547
0.34442975203118226 0.6821870199460547
0.34847015607158627 0.6821870199460547
0.35251056011199033 0.6821870199460547
0.3565509641523944 0.6821870199460547
0.3605913681927984 0.6821870199460547
0.3646317722332024 0.6821870199460547
0.3686721762736065 0.6821870199460547
0.37271258031401056 0.6821870199460547
0.37675298435441457 0.6821870199460547
0.3807933883948186 0.6821870199460547
0.38483379243522264 0.6821870199460547
0.3888741964756267 0.6821870199460547
0.3929146005160307 0.6821870199460547
0.3969550045564348 0.6821870199460547
0.4009954085968388 0.6821870199460547
0.40503581263724286 0.6821870199460547
0.4090762166776469 0.6821870199460547
0.41311662071805094 0.6821870199460547
0.41715702475845495 0.6821870199460547
0.421197428798859 0.6821870199460547
0.4252378328392631 0.6821870199460547
0.4292782368796671 0.6821870199460547
0.4333186409200711 0.6821870199460547
0.4373590449604752 0.6821870199460547
0.44139944900087924 0.6821870199460547
0.44543985304128325 0.6821870199460547
0.44948025708168726 0.6821870199460547
0.45352066112209133 0.6821870199460547
0.4575610651624954 0.6821870199460547
0.4616014692028994 0.6821870199460547
0.4656418732433035 0.6821870199460547
0.4696822772837075 0.6821870199460547
0.47372268132411155 0.6821870199460547
0.4777630853645156 0.6821870199460547
0.4818034894049196 0.6821870199460547
0.48584389344532364 0.6821870199460547
0.4898842974857277 0.6821870199460547
0.49392470152613177 0.6821870199460547
0.4979651055665358 0.6821870199460547
0.5020055096069398 0.6821870199460547
0.5060459136473439 0.6821870199460547
0.5100863176877479 0.6821870199460547
0.514126721728152 0.6821870199460547
0.518167125768556 0.6821870199460547
0.52220752980896 0.6821870199460547
0.5262479338493641 0.6821870199460547
0.5302883378897681 0.6821870199460547
0.5343287419301721 0.6821870199460547
0.5383691459705762 0.6821870199460547
0.5424095500109802 0.6821870199460547
0.5464499540513843 0.6821870199460547
0.5504903580917884 0.6821870199460547
0.5545307621321923 0.6821870199460547
0.5585711661725964 0.6821870199460547
0.5626115702130005 0.6821870199460547
0.5666519742534044 0.6821870199460547
0.5706923782938085 0.6821870199460547
0.5747327823342125 0.6821870199460547
0.5787731863746166 0.6821870199460547
0.5828135904150207 0.6821870199460547
0.5868539944554247 0.6821870199460547
0.5908943984958287 0.6821870199460547
0.5949348025362328 0.6821870199460547
0.5989752065766367 0.6821870199460547
0.6030156106170408 0.6821870199460547
0.6070560146574449 0.6821870199460547
0.6110964186978489 0.6821870199460547
0.615136822738253 0.6821870199460547
0.619177226778657 0.6821870199460547
0.623217630819061 0.6821870199460547
0.6272580348594651 0.6821870199460547
0.6312984388998691 0.6821870199460547
0.6353388429402731 0.6821870199460547
0.6393792469806772 0.6821870199460547
0.6434196510210812 0.6821870199460547
0.6474600550614853 0.6821870199460547
0.6515004591018894 0.6821870199460547
0.6555408631422934 0.6821870199460547
0.6595812671826974 0.6821870199460547
0.6636216712231015 0.6821870199460547
0.6676620752635054 0.6821870199460547
0.6717024793039095 0.6821870199460547
0.6757428833443135 0.6821870199460547
0.6797832873847176 0.6821870199460547
0.6838236914251217 0.6821870199460547
0.6878640954655257 0.6821870199460547
0.6919044995059298 0.6821870199460547
0.6959449035463338 0.6821870199460547
0.6999853075867378 0.6821870199460547
0.2999853075867378 0.6862274239864588
0.30402571162714187 0.6862274239864588
0.3080661156675459 0.6862274239864588
0.3121065197079499 0.6862274239864588
0.31614692374835396 0.6862274239864588
0.320187327788758 0.6862274239864588
0.32422773182916204 0.6862274239864588
0.3282681358695661 0.6862274239864588
0.3323085399099701 0.6862274239864588
0.3363489439503742 0.6862274239864588
0.3403893479907782 0.6862274239864588
0.34442975203118226 0.6862274239864588
0.34847015607158627 0.6862274239864588
0.35251056011199033 0.6862274239864588
0.3565509641523944 0.6862274239864588
0.3605913681927984 0.6862274239864588
0.3646317722332024 0.6862274239864588
0.3686721762736065 0.6862274239864588
0.37271258031401056 0.6862274239864588
0.37675298435441457 0.6862274239864588
0.3807933883948186 0.6862274239864588
0.38483379243522264 0.6862274239864588
0.3888741964756267 0.6862274239864588
0.3929146005160307 0.6862274239864588
0.3969550045564348 0.6862274239864588
0.4009954085968388 0.6862274239864588
0.40503581263724286 0.6862274239864588
0.4090762166776469 0.6862274239864588
0.41311662071805094 0.6862274239864588
0.41715702475845495 0.6862274239864588
0.421197428798859 0.6862274239864588
0.4252378328392631 0.6862274239864588
0.4292782368796671 0.6862274239864588
0.4333186409200711 0.6862274239864588
0.4373590449604752 0.6862274239864588
0.44139944900087924 0.6862274239864588
0.44543985304128325 0.6862274239864588
0.44948025708168726 0.6862274239864588
0.45352066112209133 0.6862274239864588
0.4575610651624954 0.6862274239864588
0.4616014692028994 0.6862274239864588
0.4656418732433035 0.6862274239864588
0.4696822772837075 0.6862274239864588
0.47372268132411155 0.6862274239864588
0.4777630853645156 0.6862274239864588
0.4818034894049196 0.6862274239864588
0.48584389344532364 0.6862274239864588
0.4898842974857277 0.6862274239864588
0.49392470152613177 0.6862274239864588
0.4979651055665358 0.6862274239864588
0.5020055096069398 0.6862274239864588
0.5060459136473439 0.6862274239864588
0.5100863176877479 0.6862274239864588
0.514126721728152 0.6862274239864588
0.518167125768556 0.6862274239864588
0.52220752980896 0.6862274239864588
0.5262479338493641 0.6862274239864588
0.5302883378897681 0.6862274239864588
0.5343287419301721 0.6862274239864588
0.5383691459705762 0.6862274239864588
0.5424095500109802 0.6862274239864588
0.5464499540513843 0.6862274239864588
0.5504903580917884 0.6862274239864588
0.5545307621321923 0.6862274239864588
0.5585711661725964 0.6862274239864588
0.5626115702130005 0.6862274239864588
0.5666519742534044 0.6862274239864588
0.5706923782938085 0.6862274239864588
0.5747327823342125 0.6862274239864588
0.5787731863746166 0.6862274239864588
0.5828135904150207 0.6862274239864588
0.5868539944554247 0.6862274239864588
0.5908943984958287 0.6862274239864588
0.5949348025362328 0.6862274239864588
0.5989752065766367 0.6862274239864588
0.6030156106170408 0.6862274239864588
0.6070560146574449 0.6862274239864588
0.6110964186978489 0.6862274239864588
0.615136822738253 0.6862274239864588
0.619177226778657 0.6862274239864588
0.623217630819061 0.6862274239864588
0.6272580348594651 0.6862274239864588
0.6312984388998691 0.6862274239864588
0.6353388429402731 0.6862274239864588
0.6393792469806772 0.6862274239864588
0.6434196510210812 0.6862274239864588
0.6474600550614853 0.6862274239864588
0.6515004591018894 0.6862274239864588
0.6555408631422934 0.6862274239864588
0.6595812671826974 0.6862274239864588
0.6636216712231015 0.6862274239864588
0.6676620752635054 0.6862274239864588
0.6717024793039095 0.6862274239864588
0.6757428833443135 0.6862274239864588
0.6797832873847176 0.6862274239864588
0.6838236914251217 0.6862274239864588
0.6878640954655257 0.6862274239864588
0.6919044995059298 0.6862274239864588
0.6959449035463338 0.6862274239864588
0.6999853075867378 0.6862274239864588
0.2999853075867378 0.6902678280268628
0.30402571162714187 0.6902678280268628
0.3080661156675459 0.6902678280268628
0.3121065197079499 0.6902678280268628
0.31614692374835396 0.6902678280268628
0.320187327788758 0.6902678280268628
0.32422773182916204 0.6902678280268628
0.3282681358695661 0.6902678280268628
0.3323085399099701 0.6902678280268628
0.3363489439503742 0.6902678280268628
0.3403893479907782 0.6902678280268628
0.34442975203118226 0.6902678280268628
0.34847015607158627 0.6902678280268628
0.35251056011199033 0.6902678280268628
0.3565509641523944 0.6902678280268628
0.3605913681927984 0.6902678280268628
0.3646317722332024 0.6902678280268628
0.3686721762736065 0.6902678280268628
0.37271258031401056 0.6902678280268628
0.37675298435441457 0.6902678280268628
0.3807933883948186 0.6902678280268628
0.38483379243522264 0.6902678280268628
0.3888741964756267 0.6902678280268628
0.3929146005160307 0.6902678280268628
0.3969550045564348 0.6902678280268628
0.4009954085968388 0.6902678280268628
0.40503581263724286 0.6902678280268628
0.4090762166776469 0.6902678280268628
0.41311662071805094 0.6902678280268628
0.41715702475845495 0.6902678280268628
0.421197428798859 0.6902678280268628
0.4252378328392631 0.6902678280268628
0.4292782368796671 0.6902678280268628
0.4333186409200711 0.6902678280268628
0.4373590449604752 0.6902678280268628
0.44139944900087924 0.6902678280268628
0.44543985304128325 0.6902678280268628
0.44948025708168726 0.6902678280268628
0.45352066112209133 0.6902678280268628
0.4575610651624954 0.6902678280268628
0.4616014692028994 0.6902678280268628
0.4656418732433035 0.6902678280268628
0.4696822772837075 0.6902678280268628
0.47372268132411155 0.6902678280268628
0.4777630853645156 0.6902678280268628
0.4818034894049196 0.6902678280268628
0.48584389344532364 0.6902678280268628
0.4898842974857277 0.6902678280268628
0.49392470152613177 0.6902678280268628
0.4979651055665358 0.6902678280268628
0.5020055096069398 0.6902678280268628
0.5060459136473439 0.6902678280268628
0.5100863176877479 0.6902678280268628
0.514126721728152 0.6902678280268628
0.518167125768556 0.6902678280268628
0.52220752980896 0.6902678280268628
0.5262479338493641 0.6902678280268628
0.5302883378897681 0.6902678280268628
0.5343287419301721 0.6902678280268628
0.5383691459705762 0.6902678280268628
0.5424095500109802 0.6902678280268628
0.5464499540513843 0.6902678280268628
0.5504903580917884 0.6902678280268628
0.5545307621321923 0.6902678280268628
0.5585711661725964 0.6902678280268628
0.5626115702130005 0.6902678280268628
0.5666519742534044 0.6902678280268628
0.5706923782938085 0.6902678280268628
0.5747327823342125 0.6902678280268628
0.5787731863746166 0.6902678280268628
0.5828135904150207 0.6902678280268628
0.5868539944554247 0.6902678280268628
0.5908943984958287 0.6902678280268628
0.5949348025362328 0.6902678280268628
0.5989752065766367 0.6902678280268628
0.6030156106170408 0.6902678280268628
0.6070560146574449 0.6902678280268628
0.6110964186978489 0.6902678280268628
0.615136822738253 0.6902678280268628
0.619177226778657 0.6902678280268628
0.623217630819061 0.6902678280268628
0.6272580348594651 0.6902678280268628
0.6312984388998691 0.6902678280268628
0.6353388429402731 0.6902678280268628
0.6393792469806772 0.6902678280268628
0.6434196510210812 0.6902678280268628
0.6474600550614853 0.6902678280268628
0.6515004591018894 0.6902678280268628
0.6555408631422934 0.6902678280268628
0.6595812671826974 0.6902678280268628
0.6636216712231015 0.6902678280268628
0.6676620752635054 0.6902678280268628
0.6717024793039095 0.6902678280268628
0.6757428833443135 0.6902678280268628
0.6797832873847176 0.6902678280268628
0.6838236914251217 0.6902678280268628
0.6878640954655257 0.6902678280268628
0.6919044995059298 0.6902678280268628
0.6959449035463338 0.6902678280268628
0.6999853075867378 0.6902678280268628
0.2999853075867378 0.6943082320672669
0.30402571162714187 0.6943082320672669
0.3080661156675459 0.6943082320672669
0.3121065197079499 0.6943082320672669
0.31614692374835396 0.6943082320672669
0.320187327788758 0.6943082320672669
0.32422773182916204 0.6943082320672669
0.3282681358695661 0.6943082320672669
0.3323085399099701 0.6943082320672669
0.3363489439503742 0.6943082320672669
0.3403893479907782 0.6943082320672669
0.34442975203118226 0.6943082320672669
0.34847015607158627 0.6943082320672669
0.35251056011199033 0.6943082320672669
0.3565509641523944 0.6943082320672669
0.3605913681927984 0.6943082320672669
0.3646317722332024 0.6943082320672669
0.3686721762736065 0.6943082320672669
0.37271258031401056 0.6943082320672669
0.37675298435441457 0.6943082320672669
0.3807933883948186 0.6943082320672669
0.38483379243522264 0.6943082320672669
0.3888741964756267 0.6943082320672669
0.3929146005160307 0.6943082320672669
0.3969550045564348 0.6943082320672669
0.4009954085968388 0.6943082320672669
0.40503581263724286 0.6943082320672669
0.4090762166776469 0.6943082320672669
0.41311662071805094 0.6943082320672669
0.41715702475845495 0.6943082320672669
0.421197428798859 0.6943082320672669
0.4252378328392631 0.6943082320672669
0.4292782368796671 0.6943082320672669
0.4333186409200711 0.6943082320672669
0.4373590449604752 0.6943082320672669
0.44139944900087924 0.6943082320672669
0.44543985304128325 0.6943082320672669
0.44948025708168726 0.6943082320672669
0.45352066112209133 0.6943082320672669
0.4575610651624954 0.6943082320672669
0.4616014692028994 0.6943082320672669
0.4656418732433035 0.6943082320672669
0.4696822772837075 0.6943082320672669
0.47372268132411155 0.6943082320672669
0.4777630853645156 0.6943082320672669
0.4818034894049196 0.6943082320672669
0.48584389344532364 0.6943082320672669
0.4898842974857277 0.6943082320672669
0.49392470152613177 0.6943082320672669
0.4979651055665358 0.6943082320672669
0.5020055096069398 0.6943082320672669
0.5060459136473439 0.6943082320672669
0.5100863176877479 0.6943082320672669
0.514126721728152 0.6943082320672669
0.518167125768556 0.6943082320672669
0.52220752980896 0.6943082320672669
0.5262479338493641 0.6943082320672669
0.5302883378897681 0.6943082320672669
0.5343287419301721 0.6943082320672669
0.5383691459705762 0.6943082320672669
0.5424095500109802 0.6943082320672669
0.5464499540513843 0.6943082320672669
0.5504903580917884 0.6943082320672669
0.5545307621321923 0.6943082320672669
0.5585711661725964 0.6943082320672669
0.5626115702130005 0.6943082320672669
0.5666519742534044 0.6943082320672669
0.5706923782938085 0.6943082320672669
0.5747327823342125 0.6943082320672669
0.5787731863746166 0.6943082320672669
0.5828135904150207 0.6943082320672669
0.5868539944554247 0.6943082320672669
0.5908943984958287 0.6943082320672669
0.5949348025362328 0.6943082320672669
0.5989752065766367 0.6943082320672669
0.6030156106170408 0.6943082320672669
0.6070560146574449 0.6943082320672669
0.6110964186978489 0.6943082320672669
0.615136822738253 0.6943082320672669
0.619177226778657 0.6943082320672669
0.623217630819061 0.6943082320672669
0.6272580348594651 0.6943082320672669
0.6312984388998691 0.6943082320672669
0.6353388429402731 0.6943082320672669
0.6393792469806772 0.6943082320672669
0.6434196510210812 0.6943082320672669
0.6474600550614853 0.6943082320672669
0.6515004591018894 0.6943082320672669
0.6555408631422934 0.6943082320672669
0.6595812671826974 0.6943082320672669
0.6636216712231015 0.6943082320672669
0.6676620752635054 0.6943082320672669
0.6717024793039095 0.6943082320672669
0.6757428833443135 0.6943082320672669
0.6797832873847176 0.6943082320672669
0.6838236914251217 0.6943082320672669
0.6878640954655257 0.6943082320672669
0.6919044995059298 0.6943082320672669
0.6959449035463338 0.6943082320672669
0.6999853075867378 0.6943082320672669
0.2999853075867378 0.698348636107671
0.30402571162714187 0.698348636107671
0.3080661156675459 0.698348636107671
0.3121065197079499 0.698348636107671
0.31614692374835396 0.698348636107671
0.320187327788758 0.698348636107671
0.32422773182916204 0.698348636107671
0.3282681358695661 0.698348636107671
0.3323085399099701 0.698348636107671
0.3363489439503742 0.698348636107671
0.3403893479907782 0.698348636107671
0.34442975203118226 0.698348636107671
0.34847015607158627 0.698348636107671
0.35251056011199033 0.698348636107671
0.3565509641523944 0.698348636107671
0.3605913681927984 0.698348636107671
0.3646317722332024 0.698348636107671
0.3686721762736065 0.698348636107671
0.37271258031401056 0.698348636107671
0.37675298435441457 0.698348636107671
0.3807933883948186 0.698348636107671
0.38483379243522264 0.698348636107671
0.3888741964756267 0.698348636107671
0.3929146005160307 0.698348636107671
0.3969550045564348 0.698348636107671
0.4009954085968388 0.698348636107671
0.40503581263724286 0.698348636107671
0.4090762166776469 0.698348636107671
0.41311662071805094 0.698348636107671
0.41715702475845495 0.698348636107671
0.421197428798859 0.698348636107671
0.4252378328392631 0.698348636107671
0.4292782368796671 0.698348636107671
0.4333186409200711 0.698348636107671
0.4373590449604752 0.698348636107671
0.44139944900087924 0.698348636107671
0.44543985304128325 0.698348636107671
0.44948025708168726 0.698348636107671
0.45352066112209133 0.698348636107671
0.4575610651624954 0.698348636107671
0.4616014692028994 0.698348636107671
0.4656418732433035 0.698348636107671
0.4696822772837075 0.698348636107671
0.47372268132411155 0.698348636107671
0.4777630853645156 0.698348636107671
0.4818034894049196 0.698348636107671
0.48584389344532364 0.698348636107671
0.4898842974857277 0.698348636107671
0.49392470152613177 0.698348636107671
0.4979651055665358 0.698348636107671
0.5020055096069398 0.698348636107671
0.5060459136473439 0.698348636107671
0.5100863176877479 0.698348636107671
0.514126721728152 0.698348636107671
0.518167125768556 0.698348636107671
0.52220752980896 0.698348636107671
0.5262479338493641 0.698348636107671
0.5302883378897681 0.698348636107671
0.5343287419301721 0.698348636107671
0.5383691459705762 0.698348636107671
0.5424095500109802 0.698348636107671
0.5464499540513843 0.698348636107671
0.5504903580917884 0.698348636107671
0.5545307621321923 0.698348636107671
0.5585711661725964 0.698348636107671
0.5626115702130005 0.698348636107671
0.5666519742534044 0.698348636107671
0.5706923782938085 0.698348636107671
0.5747327823342125 0.698348636107671
0.5787731863746166 0.698348636107671
0.5828135904150207 0.698348636107671
0.5868539944554247 0.698348636107671
0.5908943984958287 0.698348636107671
0.5949348025362328 0.698348636107671
0.5989752065766367 0.698348636107671
0.6030156106170408 0.698348636107671
0.6070560146574449 0.698348636107671
0.6110964186978489 0.698348636107671
0.615136822738253 0.698348636107671
0.619177226778657 0.698348636107671
0.623217630819061 0.698348636107671
0.6272580348594651 0.698348636107671
0.6312984388998691 0.698348636107671
0.6353388429402731 0.698348636107671
0.6393792469806772 0.698348636107671
0.6434196510210812 0.698348636107671
0.6474600550614853 0.698348636107671
0.6515004591018894 0.698348636107671
0.6555408631422934 0.698348636107671
0.6595812671826974 0.698348636107671
0.6636216712231015 0.698348636107671
0.6676620752635054 0.698348636107671
0.6717024793039095 0.698348636107671
0.6757428833443135 0.698348636107671
0.6797832873847176 0.698348636107671
0.6838236914251217 0.698348636107671
0.6878640954655257 0.698348636107671
0.6919044995059298 0.698348636107671
0.6959449035463338 0.698348636107671
0.6999853075867378 0.698348636107671
0.2999853075867378 0.702389040148075
0.30402571162714187 0.702389040148075
0.3080661156675459 0.702389040148075
0.3121065197079499 0.702389040148075
0.31614692374835396 0.702389040148075
0.320187327788758 0.702389040148075
0.32422773182916204 0.702389040148075
0.3282681358695661 0.702389040148075
0.3323085399099701 0.702389040148075
0.3363489439503742 0.702389040148075
0.3403893479907782 0.702389040148075
0.34442975203118226 0.702389040148075
0.34847015607158627 0.702389040148075
0.35251056011199033 0.702389040148075
0.3565509641523944 0.702389040148075
0.3605913681927984 0.702389040148075
0.3646317722332024 0.702389040148075
0.3686721762736065 0.702389040148075
0.37271258031401056 0.702389040148075
0.37675298435441457 0.702389040148075
0.3807933883948186 0.702389040148075
0.38483379243522264 0.702389040148075
0.3888741964756267 0.702389040148075
0.3929146005160307 0.702389040148075
0.3969550045564348 0.702389040148075
0.4009954085968388 0.702389040148075
0.40503581263724286 0.702389040148075
0.4090762166776469 0.702389040148075
0.41311662071805094 0.702389040148075
0.41715702475845495 0.702389040148075
0.421197428798859 0.702389040148075
0.4252378328392631 0.702389040148075
0.4292782368796671 0.702389040148075
0.4333186409200711 0.702389040148075
0.4373590449604752 0.702389040148075
0.44139944900087924 0.702389040148075
0.44543985304128325 0.702389040148075
0.44948025708168726 0.702389040148075
0.45352066112209133 0.702389040148075
0.4575610651624954 0.702389040148075
0.4616014692028994 0.702389040148075
0.4656418732433035 0.702389040148075
0.4696822772837075 0.702389040148075
0.47372268132411155 0.702389040148075
0.4777630853645156 0.702389040148075
0.4818034894049196 0.702389040148075
0.48584389344532364 0.702389040148075
0.4898842974857277 0.702389040148075
0.49392470152613177 0.702389040148075
0.4979651055665358 0.702389040148075
0.5020055096069398 0.702389040148075
0.5060459136473439 0.702389040148075
0.5100863176877479 0.702389040148075
0.514126721728152 0.702389040148075
0.518167125768556 0.702389040148075
0.52220752980896 0.702389040148075
0.5262479338493641 0.702389040148075
0.5302883378897681 0.702389040148075
0.5343287419301721 0.702389040148075
0.5383691459705762 0.702389040148075
0.5424095500109802 0.702389040148075
0.5464499540513843 0.702389040148075
0.5504903580917884 0.702389040148075
0.5545307621321923 0.702389040148075
0.5585711661725964 0.702389040148075
0.5626115702130005 0.702389040148075
0.5666519742534044 0.702389040148075
0.5706923782938085 0.702389040148075
0.5747327823342125 0.702389040148075
0.5787731863746166 0.702389040148075
0.5828135904150207 0.702389040148075
0.5868539944554247 0.702389040148075
0.5908943984958287 0.702389040148075
0.5949348025362328 0.702389040148075
0.5989752065766367 0.702389040148075
0.6030156106170408 0.702389040148075
0.6070560146574449 0.702389040148075
0.6110964186978489 0.702389040148075
0.615136822738253 0.702389040148075
0.619177226778657 0.702389040148075
0.623217630819061 0.702389040148075
0.6272580348594651 0.702389040148075
0.6312984388998691 0.702389040148075
0.6353388429402731 0.702389040148075
0.6393792469806772 0.702389040148075
0.6434196510210812 0.702389040148075
0.6474600550614853 0.702389040148075
0.6515004591018894 0.702389040148075
0.6555408631422934 0.702389040148075
0.6595812671826974 0.702389040148075
0.6636216712231015 0.702389040148075
0.6676620752635054 0.702389040148075
0.6717024793039095 0.702389040148075
0.6757428833443135 0.702389040148075
0.6797832873847176 0.702389040148075
0.6838236914251217 0.702389040148075
0.6878640954655257 0.702389040148075
0.6919044995059298 0.702389040148075
0.6959449035463338 0.702389040148075
0.6999853075867378 0.702389040148075
0.2999853075867378 0.706429444188479
0.30402571162714187 0.706429444188479
0.3080661156675459 0.706429444188479
0.3121065197079499 0.706429444188479
0.31614692374835396 0.706429444188479
0.320187327788758 0.706429444188479
0.32422773182916204 0.706429444188479
0.3282681358695661 0.706429444188479
0.3323085399099701 0.706429444188479
0.3363489439503742 0.706429444188479
0.3403893479907782 0.706429444188479
0.34442975203118226 0.706429444188479
0.34847015607158627 0.706429444188479
0.35251056011199033 0.706429444188479
0.3565509641523944 0.706429444188479
0.3605913681927984 0.706429444188479
0.3646317722332024 0.706429444188479
0.3686721762736065 0.706429444188479
0.37271258031401056 0.706429444188479
0.37675298435441457 0.706429444188479
0.3807933883948186 0.706429444188479
0.38483379243522264 0.706429444188479
0.3888741964756267 0.706429444188479
0.3929146005160307 0.706429444188479
0.3969550045564348 0.706429444188479
0.4009954085968388 0.706429444188479
0.40503581263724286 0.706429444188479
0.4090762166776469 0.706429444188479
0.41311662071805094 0.706429444188479
0.41715702475845495 0.706429444188479
0.421197428798859 0.706429444188479
0.4252378328392631 0.706429444188479
0.4292782368796671 0.706429444188479
0.4333186409200711 0.706429444188479
0.4373590449604752 0.706429444188479
0.44139944900087924 0.706429444188479
0.44543985304128325 0.706429444188479
0.44948025708168726 0.706429444188479
0.45352066112209133 0.706429444188479
0.4575610651624954 0.706429444188479
0.4616014692028994 0.706429444188479
0.4656418732433035 0.706429444188479
0.4696822772837075 0.706429444188479
0.47372268132411155 0.706429444188479
0.4777630853645156 0.706429444188479
0.4818034894049196 0.706429444188479
0.48584389344532364 0.706429444188479
0.4898842974857277 0.706429444188479
0.49392470152613177 0.706429444188479
0.4979651055665358 0.706429444188479
0.5020055096069398 0.706429444188479
0.5060459136473439 0.706429444188479
0.5100863176877479 0.706429444188479
0.514126721728152 0.706429444188479
0.518167125768556 0.706429444188479
0.52220752980896 0.706429444188479
0.5262479338493641 0.706429444188479
0.5302883378897681 0.706429444188479
0.5343287419301721 0.706429444188479
0.5383691459705762 0.706429444188479
0.5424095500109802 0.706429444188479
0.5464499540513843 0.706429444188479
0.5504903580917884 0.706429444188479
0.5545307621321923 0.706429444188479
0.5585711661725964 0.706429444188479
0.5626115702130005 0.706429444188479
0.5666519742534044 0.706429444188479
0.5706923782938085 0.706429444188479
0.5747327823342125 0.706429444188479
0.5787731863746166 0.706429444188479
0.5828135904150207 0.706429444188479
0.5868539944554247 0.706429444188479
0.5908943984958287 0.706429444188479
0.5949348025362328 0.706429444188479
0.5989752065766367 0.706429444188479
0.6030156106170408 0.706429444188479
0.6070560146574449 0.706429444188479
0.6110964186978489 0.706429444188479
0.615136822738253 0.706429444188479
0.619177226778657 0.706429444188479
0.623217630819061 0.706429444188479
0.6272580348594651 0.706429444188479
0.6312984388998691 0.706429444188479
0.6353388429402731 0.706429444188479
0.6393792469806772 0.706429444188479
0.6434196510210812 0.706429444188479
0.6474600550614853 0.706429444188479
0.6515004591018894 0.706429444188479
0.6555408631422934 0.706429444188479
0.6595812671826974 0.706429444188479
0.6636216712231015 0.706429444188479
0.6676620752635054 0.706429444188479
0.6717024793039095 0.706429444188479
0.6757428833443135 0.706429444188479
0.6797832873847176 0.706429444188479
0.6838236914251217 0.706429444188479
0.6878640954655257 0.706429444188479
0.6919044995059298 0.706429444188479
0.6959449035463338 0.706429444188479
0.6999853075867378 0.706429444188479
0.2999853075867378 0.710469848228883
0.30402571162714187 0.710469848228883
0.3080661156675459 0.710469848228883
0.3121065197079499 0.710469848228883
0.31614692374835396 0.710469848228883
0.320187327788758 0.710469848228883
0.32422773182916204 0.710469848228883
0.3282681358695661 0.710469848228883
0.3323085399099701 0.710469848228883
0.3363489439503742 0.710469848228883
0.3403893479907782 0.710469848228883
0.34442975203118226 0.710469848228883
0.34847015607158627 0.710469848228883
0.35251056011199033 0.710469848228883
0.3565509641523944 0.710469848228883
0.3605913681927984 0.710469848228883
0.3646317722332024 0.710469848228883
0.3686721762736065 0.710469848228883
0.37271258031401056 0.710469848228883
0.37675298435441457 0.710469848228883
0.3807933883948186 0.710469848228883
0.38483379243522264 0.710469848228883
0.3888741964756267 0.710469848228883
0.3929146005160307 0.710469848228883
0.3969550045564348 0.710469848228883
0.4009954085968388 0.710469848228883
0.40503581263724286 0.710469848228883
0.4090762166776469 0.710469848228883
0.41311662071805094 0.710469848228883
0.41715702475845495 0.710469848228883
0.421197428798859 0.710469848228883
0.4252378328392631 0.710469848228883
0.4292782368796671 0.710469848228883
0.4333186409200711 0.710469848228883
0.4373590449604752 0.710469848228883
0.44139944900087924 0.710469848228883
0.44543985304128325 0.710469848228883
0.44948025708168726 0.710469848228883
0.45352066112209133 0.710469848228883
0.4575610651624954 0.710469848228883
0.4616014692028994 0.710469848228883
0.4656418732433035 0.710469848228883
0.4696822772837075 0.710469848228883
0.47372268132411155 0.710469848228883
0.4777630853645156 0.710469848228883
0.4818034894049196 0.710469848228883
0.48584389344532364 0.710469848228883
0.4898842974857277 0.710469848228883
0.49392470152613177 0.710469848228883
0.4979651055665358 0.710469848228883
0.5020055096069398 0.710469848228883
0.5060459136473439 0.710469848228883
0.5100863176877479 0.710469848228883
0.514126721728152 0.710469848228883
0.518167125768556 0.710469848228883
0.52220752980896 0.710469848228883
0.5262479338493641 0.710469848228883
0.5302883378897681 0.710469848228883
0.5343287419301721 0.710469848228883
0.5383691459705762 0.710469848228883
0.5424095500109802 0.710469848228883
0.5464499540513843 0.710469848228883
0.5504903580917884 0.710469848228883
0.5545307621321923 0.710469848228883
0.5585711661725964 0.710469848228883
0.5626115702130005 0.710469848228883
0.5666519742534044 0.710469848228883
0.5706923782938085 0.710469848228883
0.5747327823342125 0.710469848228883
0.5787731863746166 0.710469848228883
0.5828135904150207 0.710469848228883
0.5868539944554247 0.710469848228883
0.5908943984958287 0.710469848228883
0.5949348025362328 0.710469848228883
0.5989752065766367 0.710469848228883
0.6030156106170408 0.710469848228883
0.6070560146574449 0.710469848228883
0.6110964186978489 0.710469848228883
0.615136822738253 0.710469848228883
0.619177226778657 0.710469848228883
0.623217630819061 0.710469848228883
0.6272580348594651 0.710469848228883
0.6312984388998691 0.710469848228883
0.6353388429402731 0.710469848228883
0.6393792469806772 0.710469848228883
0.6434196510210812 0.710469848228883
0.6474600550614853 0.710469848228883
0.6515004591018894 0.710469848228883
0.6555408631422934 0.710469848228883
0.6595812671826974 0.710469848228883
0.6636216712231015 0.710469848228883
0.6676620752635054 0.710469848228883
0.6717024793039095 0.710469848228883
0.6757428833443135 0.710469848228883
0.6797832873847176 0.710469848228883
0.6838236914251217 0.710469848228883
0.6878640954655257 0.710469848228883
0.6919044995059298 0.710469848228883
0.6959449035463338 0.710469848228883
0.6999853075867378 0.710469848228883
0.2999853075867378 0.7145102522692871
0.30402571162714187 0.7145102522692871
0.3080661156675459 0.7145102522692871
0.3121065197079499 0.7145102522692871
0.31614692374835396 0.7145102522692871
0.320187327788758 0.7145102522692871
0.32422773182916204 0.7145102522692871
0.3282681358695661 0.7145102522692871
0.3323085399099701 0.7145102522692871
0.3363489439503742 0.7145102522692871
0.3403893479907782 0.7145102522692871
0.34442975203118226 0.7145102522692871
0.34847015607158627 0.7145102522692871
0.35251056011199033 0.7145102522692871
0.3565509641523944 0.7145102522692871
0.3605913681927984 0.7145102522692871
0.3646317722332024 0.7145102522692871
0.3686721762736065 0.7145102522692871
0.37271258031401056 0.7145102522692871
0.37675298435441457 0.7145102522692871
0.3807933883948186 0.7145102522692871
0.38483379243522264 0.7145102522692871
0.3888741964756267 0.7145102522692871
0.3929146005160307 0.7145102522692871
0.3969550045564348 0.7145102522692871
0.4009954085968388 0.7145102522692871
0.40503581263724286 0.7145102522692871
0.4090762166776469 0.7145102522692871
0.41311662071805094 0.7145102522692871
0.41715702475845495 0.7145102522692871
0.421197428798859 0.7145102522692871
0.4252378328392631 0.7145102522692871
0.4292782368796671 0.7145102522692871
0.4333186409200711 0.7145102522692871
0.4373590449604752 0.7145102522692871
0.44139944900087924 0.7145102522692871
0.44543985304128325 0.7145102522692871
0.44948025708168726 0.7145102522692871
0.45352066112209133 0.7145102522692871
0.4575610651624954 0.7145102522692871
0.4616014692028994 0.7145102522692871
0.4656418732433035 0.7145102522692871
0.4696822772837075 0.7145102522692871
0.47372268132411155 0.7145102522692871
0.4777630853645156 0.7145102522692871
0.4818034894049196 0.7145102522692871
0.48584389344532364 0.7145102522692871
0.4898842974857277 0.7145102522692871
0.49392470152613177 0.7145102522692871
0.4979651055665358 0.7145102522692871
0.5020055096069398 0.7145102522692871
0.5060459136473439 0.7145102522692871
0.5100863176877479 0.7145102522692871
0.514126721728152 0.7145102522692871
0.518167125768556 0.7145102522692871
0.52220752980896 0.7145102522692871
0.5262479338493641 0.7145102522692871
0.5302883378897681 0.7145102522692871
0.5343287419301721 0.7145102522692871
0.5383691459705762 0.7145102522692871
0.5424095500109802 0.7145102522692871
0.5464499540513843 0.7145102522692871
0.5504903580917884 0.7145102522692871
0.5545307621321923 0.7145102522692871
0.5585711661725964 0.7145102522692871
0.5626115702130005 0.7145102522692871
0.5666519742534044 0.7145102522692871
0.5706923782938085 0.7145102522692871
0.5747327823342125 0.7145102522692871
0.5787731863746166 0.7145102522692871
0.5828135904150207 0.7145102522692871
0.5868539944554247 0.7145102522692871
0.5908943984958287 0.7145102522692871
0.5949348025362328 0.7145102522692871
0.5989752065766367 0.7145102522692871
0.6030156106170408 0.7145102522692871
0.6070560146574449 0.7145102522692871
0.6110964186978489 0.7145102522692871
0.615136822738253 0.7145102522692871
0.619177226778657 0.7145102522692871
0.623217630819061 0.7145102522692871
0.6272580348594651 0.7145102522692871
0.6312984388998691 0.7145102522692871
0.6353388429402731 0.7145102522692871
0.6393792469806772 0.7145102522692871
0.6434196510210812 0.7145102522692871
0.6474600550614853 0.7145102522692871
0.6515004591018894 0.7145102522692871
0.6555408631422934 0.7145102522692871
0.6595812671826974 0.7145102522692871
0.6636216712231015 0.7145102522692871
0.6676620752635054 0.7145102522692871
0.6717024793039095 0.7145102522692871
0.6757428833443135 0.7145102522692871
0.6797832873847176 0.7145102522692871
0.6838236914251217 0.7145102522692871
0.6878640954655257 0.7145102522692871
0.6919044995059298 0.7145102522692871
0.6959449035463338 0.7145102522692871
0.2999853075867378 0.7185506563096911
0.30402571162714187 0.7185506563096911
0.3080661156675459 0.7185506563096911
0.3121065197079499 0.7185506563096911
0.31614692374835396 0.7185506563096911
0.320187327788758 0.7185506563096911
0.32422773182916204 0.7185506563096911
0.3282681358695661 0.7185506563096911
0.3323085399099701 0.7185506563096911
0.3363489439503742 0.7185506563096911
0.3403893479907782 0.7185506563096911
0.34442975203118226 0.7185506563096911
0.34847015607158627 0.7185506563096911
0.35251056011199033 0.7185506563096911
0.3565509641523944 0.7185506563096911
0.3605913681927984 0.7185506563096911
0.3646317722332024 0.7185506563096911
0.3686721762736065 0.7185506563096911
0.37271258031401056 0.7185506563096911
0.37675298435441457 0.7185506563096911
0.3807933883948186 0.7185506563096911
0.38483379243522264 0.7185506563096911
0.3888741964756267 0.7185506563096911
0.3929146005160307 0.7185506563096911
0.3969550045564348 0.7185506563096911
0.4009954085968388 0.7185506563096911
0.40503581263724286 0.7185506563096911
0.4090762166776469 0.7185506563096911
0.41311662071805094 0.7185506563096911
0.41715702475845495 0.7185506563096911
0.421197428798859 0.7185506563096911
0.4252378328392631 0.7185506563096911
0.4292782368796671 0.7185506563096911
0.4333186409200711 0.7185506563096911
0.4373590449604752 0.7185506563096911
0.44139944900087924 0.7185506563096911
0.44543985304128325 0.7185506563096911
0.44948025708168726 0.7185506563096911
0.45352066112209133 0.7185506563096911
0.4575610651624954 0.7185506563096911
0.4616014692028994 0.7185506563096911
0.4656418732433035 0.7185506563096911
0.4696822772837075 0.7185506563096911
0.47372268132411155 0.7185506563096911
0.4777630853645156 0.7185506563096911
0.4818034894049196 0.7185506563096911
0.48584389344532364 0.7185506563096911
0.4898842974857277 0.7185506563096911
0.49392470152613177 0.7185506563096911
0.4979651055665358 0.7185506563096911
0.5020055096069398 0.7185506563096911
0.5060459136473439 0.7185506563096911
0.5100863176877479 0.7185506563096911
0.514126721728152 0.7185506563096911
0.518167125768556 0.7185506563096911
0.52220752980896 0.7185506563096911
0.5262479338493641 0.7185506563096911
0.5302883378897681 0.7185506563096911
0.5343287419301721 0.7185506563096911
0.5383691459705762 0.7185506563096911
0.5424095500109802 0.7185506563096911
0.5464499540513843 0.7185506563096911
0.5504903580917884 0.7185506563096911
0.5545307621321923 0.7185506563096911
0.5585711661725964 0.7185506563096911
0.5626115702130005 0.7185506563096911
0.5666519742534044 0.7185506563096911
0.5706923782938085 0.7185506563096911
0.5747327823342125 0.7185506563096911
0.5787731863746166 0.7185506563096911
0.5828135904150207 0.7185506563096911
0.5868539944554247 0.7185506563096911
0.5908943984958287 0.7185506563096911
0.5949348025362328 0.7185506563096911
0.5989752065766367 0.7185506563096911
0.6030156106170408 0.7185506563096911
0.6070560146574449 0.7185506563096911
0.6110964186978489 0.7185506563096911
0.615136822738253 0.7185506563096911
0.619177226778657 0.7185506563096911
0.623217630819061 0.7185506563096911
0.6272580348594651 0.7185506563096911
0.6312984388998691 0.7185506563096911
0.6353388429402731 0.7185506563096911
0.6393792469806772 0.7185506563096911
0.6434196510210812 0.7185506563096911
0.6474600550614853 0.7185506563096911
0.6515004591018894 0.7185506563096911
0.6555408631422934 0.7185506563096911
0.6595812671826974 0.7185506563096911
0.6636216712231015 0.7185506563096911
0.6676620752635054 0.7185506563096911
0.6717024793039095 0.7185506563096911
0.6757428833443135 0.7185506563096911
0.6797832873847176 0.7185506563096911
0.6838236914251217 0.7185506563096911
0.6878640954655257 0.7185506563096911
0.6919044995059298 0.7185506563096911
0.6999853075867378 0.7185506563096911
0.2999853075867378 0.7225910603500951
0.30402571162714187 0.7225910603500951
0.3080661156675459 0.7225910603500951
0.3121065197079499 0.7225910603500951
0.31614692374835396 0.7225910603500951
0.320187327788758 0.7225910603500951
0.32422773182916204 0.7225910603500951
0.3282681358695661 0.7225910603500951
0.3323085399099701 0.7225910603500951
0.3363489439503742 0.7225910603500951
0.3403893479907782 0.7225910603500951
0.34442975203118226 0.7225910603500951
0.34847015607158627 0.7225910603500951
0.35251056011199033 0.7225910603500951
0.3565509641523944 0.7225910603500951
0.3605913681927984 0.7225910603500951
0.3646317722332024 0.7225910603500951
0.3686721762736065 0.7225910603500951
0.37271258031401056 0.7225910603500951
0.37675298435441457 0.7225910603500951
0.3807933883948186 0.7225910603500951
0.38483379243522264 0.7225910603500951
0.3888741964756267 0.7225910603500951
0.3929146005160307 0.7225910603500951
0.3969550045564348 0.7225910603500951
0.4009954085968388 0.7225910603500951
0.40503581263724286 0.7225910603500951
0.4090762166776469 0.7225910603500951
0.41311662071805094 0.7225910603500951
0.41715702475845495 0.7225910603500951
0.421197428798859 0.7225910603500951
0.4252378328392631 0.7225910603500951
0.4292782368796671 0.7225910603500951
0.4333186409200711 0.7225910603500951
0.4373590449604752 0.7225910603500951
0.44139944900087924 0.7225910603500951
0.44543985304128325 0.7225910603500951
0.44948025708168726 0.7225910603500951
0.45352066112209133 0.7225910603500951
0.4575610651624954 0.7225910603500951
0.4616014692028994 0.7225910603500951
0.4656418732433035 0.7225910603500951
0.4696822772837075 0.7225910603500951
0.47372268132411155 0.7225910603500951
0.4777630853645156 0.7225910603500951
0.4818034894049196 0.7225910603500951
0.48584389344532364 0.7225910603500951
0.4898842974857277 0.7225910603500951
0.49392470152613177 0.7225910603500951
0.4979651055665358 0.7225910603500951
0.5020055096069398 0.7225910603500951
0.5060459136473439 0.7225910603500951
0.5100863176877479 0.7225910603500951
0.514126721728152 0.7225910603500951
0.518167125768556 0.7225910603500951
0.52220752980896 0.7225910603500951
0.5262479338493641 0.7225910603500951
0.5302883378897681 0.7225910603500951
0.5343287419301721 0.7225910603500951
0.5383691459705762 0.7225910603500951
0.5424095500109802 0.7225910603500951
0.5464499540513843 0.7225910603500951
0.5504903580917884 0.7225910603500951
0.5545307621321923 0.7225910603500951
0.5585711661725964 0.7225910603500951
0.5626115702130005 0.7225910603500951
0.5666519742534044 0.7225910603500951
0.5706923782938085 0.7225910603500951
0.5747327823342125 0.7225910603500951
0.5787731863746166 0.7225910603500951
0.5828135904150207 0.7225910603500951
0.5868539944554247 0.7225910603500951
0.5908943984958287 0.7225910603500951
0.5949348025362328 0.7225910603500951
0.5989752065766367 0.7225910603500951
0.6030156106170408 0.7225910603500951
0.6070560146574449 0.7225910603500951
0.6110964186978489 0.7225910603500951
0.615136822738253 0.7225910603500951
0.619177226778657 0.7225910603500951
0.623217630819061 0.7225910603500951
0.6272580348594651 0.7225910603500951
0.6312984388998691 0.7225910603500951
0.6353388429402731 0.7225910603500951
0.6393792469806772 0.7225910603500951
0.6434196510210812 0.7225910603500951
0.6474600550614853 0.7225910603500951
0.6515004591018894 0.7225910603500951
0.6555408631422934 0.7225910603500951
0.6595812671826974 0.7225910603500951
0.6636216712231015 0.7225910603500951
0.6676620752635054 0.7225910603500951
0.6717024793039095 0.7225910603500951
0.6757428833443135 0.7225910603500951
0.6797832873847176 0.7225910603500951
0.6838236914251217 0.7225910603500951
0.6878640954655257 0.7225910603500951
0.6959449035463338 0.7225910603500951
0.2999853075867378 0.7266314643904992
0.30402571162714187 0.7266314643904992
0.3080661156675459 0.7266314643904992
0.3121065197079499 0.7266314643904992
0.31614692374835396 0.7266314643904992
0.320187327788758 0.7266314643904992
0.32422773182916204 0.7266314643904992
0.3282681358695661 0.7266314643904992
0.3323085399099701 0.7266314643904992
0.3363489439503742 0.7266314643904992
0.3403893479907782 0.7266314643904992
0.34442975203118226 0.7266314643904992
0.34847015607158627 0.7266314643904992
0.35251056011199033 0.7266314643904992
0.3565509641523944 0.7266314643904992
0.3605913681927984 0.7266314643904992
0.3646317722332024 0.7266314643904992
0.3686721762736065 0.7266314643904992
0.37271258031401056 0.7266314643904992
0.37675298435441457 0.7266314643904992
0.3807933883948186 0.7266314643904992
0.38483379243522264 0.7266314643904992
0.3888741964756267 0.7266314643904992
0.3929146005160307 0.7266314643904992
0.3969550045564348 0.7266314643904992
0.4009954085968388 0.7266314643904992
0.40503581263724286 0.7266314643904992
0.4090762166776469 0.7266314643904992
0.41311662071805094 0.7266314643904992
0.41715702475845495 0.7266314643904992
0.421197428798859 0.7266314643904992
0.4252378328392631 0.7266314643904992
0.4292782368796671 0.7266314643904992
0.4333186409200711 0.7266314643904992
0.4373590449604752 0.7266314643904992
0.44139944900087924 0.7266314643904992
0.44543985304128325 0.7266314643904992
0.44948025708168726 0.7266314643904992
0.45352066112209133 0.7266314643904992
0.4575610651624954 0.7266314643904992
0.4616014692028994 0.7266314643904992
0.4656418732433035 0.7266314643904992
0.4696822772837075 0.7266314643904992
0.47372268132411155 0.7266314643904992
0.4777630853645156 0.7266314643904992
0.4818034894049196 0.7266314643904992
0.48584389344532364 0.7266314643904992
0.4898842974857277 0.7266314643904992
0.49392470152613177 0.7266314643904992
0.4979651055665358 0.7266314643904992
0.5020055096069398 0.7266314643904992
0.5060459136473439 0.7266314643904992
0.5100863176877479 0.7266314643904992
0.514126721728152 0.7266314643904992
0.518167125768556 0.7266314643904992
0.52220752980896 0.7266314643904992
0.5262479338493641 0.7266314643904992
0.5302883378897681 0.7266314643904992
0.5343287419301721 0.7266314643904992
0.5383691459705762 0.7266314643904992
0.5424095500109802 0.7266314643904992
0.5464499540513843 0.7266314643904992
0.5504903580917884 0.7266314643904992
0.5545307621321923 0.7266314643904992
0.5585711661725964 0.7266314643904992
0.5626115702130005 0.7266314643904992
0.5666519742534044 0.7266314643904992
0.5706923782938085 0.7266314643904992
0.5747327823342125 0.7266314643904992
0.5787731863746166 0.7266314643904992
0.5828135904150207 0.7266314643904992
0.5868539944554247 0.7266314643904992
0.5908943984958287 0.7266314643904992
0.5949348025362328 0.7266314643904992
0.5989752065766367 0.7266314643904992
0.6030156106170408 0.7266314643904992
0.6070560146574449 0.7266314643904992
0.6110964186978489 0.7266314643904992
0.615136822738253 0.7266314643904992
0.619177226778657 0.7266314643904992
0.623217630819061 0.7266314643904992
0.6272580348594651 0.7266314643904992
0.6312984388998691 0.7266314643904992
0.6353388429402731 0.7266314643904992
0.6393792469806772 0.7266314643904992
0.6434196510210812 0.7266314643904992
0.6474600550614853 0.7266314643904992
0.6515004591018894 0.7266314643904992
0.6555408631422934 0.7266314643904992
0.6595812671826974 0.7266314643904992
0.6636216712231015 0.7266314643904992
0.6676620752635054 0.7266314643904992
0.6717024793039095 0.7266314643904992
0.6757428833443135 0.7266314643904992
0.6797832873847176 0.7266314643904992
0.6838236914251217 0.7266314643904992
0.6919044995059298 0.7266314643904992
0.6999853075867378 0.7266314643904992
0.2999853075867378 0.7306718684309033
0.30402571162714187 0.7306718684309033
0.3080661156675459 0.7306718684309033
0.3121065197079499 0.7306718684309033
0.31614692374835396 0.7306718684309033
0.320187327788758 0.7306718684309033
0.32422773182916204 0.7306718684309033
0.3282681358695661 0.7306718684309033
0.3323085399099701 0.7306718684309033
0.3363489439503742 0.7306718684309033
0.3403893479907782 0.7306718684309033
0.34442975203118226 0.7306718684309033
0.34847015607158627 0.7306718684309033
0.35251056011199033 0.7306718684309033
0.3565509641523944 0.7306718684309033
0.3605913681927984 0.7306718684309033
0.3646317722332024 0.7306718684309033
0.3686721762736065 0.7306718684309033
0.37271258031401056 0.7306718684309033
0.37675298435441457 0.7306718684309033
0.3807933883948186 0.7306718684309033
0.38483379243522264 0.7306718684309033
0.3888741964756267 0.7306718684309033
0.3929146005160307 0.7306718684309033
0.3969550045564348 0.7306718684309033
0.4009954085968388 0.7306718684309033
0.40503581263724286 0.7306718684309033
0.4090762166776469 0.7306718684309033
0.41311662071805094 0.7306718684309033
0.41715702475845495 0.7306718684309033
0.421197428798859 0.7306718684309033
0.4252378328392631 0.7306718684309033
0.4292782368796671 0.7306718684309033
0.4333186409200711 0.7306718684309033
0.4373590449604752 0.7306718684309033
0.44139944900087924 0.7306718684309033
0.44543985304128325 0.7306718684309033
0.44948025708168726 0.7306718684309033
0.45352066112209133 0.7306718684309033
0.4575610651624954 0.7306718684309033
0.4616014692028994 0.7306718684309033
0.4656418732433035 0.7306718684309033
0.4696822772837075 0.7306718684309033
0.47372268132411155 0.7306718684309033
0.4777630853645156 0.7306718684309033
0.4818034894049196 0.7306718684309033
0.48584389344532364 0.7306718684309033
0.4898842974857277 0.7306718684309033
0.49392470152613177 0.7306718684309033
0.4979651055665358 0.7306718684309033
0.5020055096069398 0.7306718684309033
0.5060459136473439 0.7306718684309033
0.5100863176877479 0.7306718684309033
0.514126721728152 0.7306718684309033
0.518167125768556 0.7306718684309033
0.52220752980896 0.7306718684309033
0.5262479338493641 0.7306718684309033
0.5302883378897681 0.7306718684309033
0.5343287419301721 0.7306718684309033
0.5383691459705762 0.7306718684309033
0.5424095500109802 0.7306718684309033
0.5464499540513843 0.7306718684309033
0.5504903580917884 0.7306718684309033
0.5545307621321923 0.7306718684309033
0.5585711661725964 0.7306718684309033
0.5626115702130005 0.7306718684309033
0.5666519742534044 0.7306718684309033
0.5706923782938085 0.7306718684309033
0.5747327823342125 0.7306718684309033
0.5787731863746166 0.7306718684309033
0.5828135904150207 0.7306718684309033
0.5868539944554247 0.7306718684309033
0.5908943984958287 0.7306718684309033
0.5949348025362328 0.7306718684309033
0.5989752065766367 0.7306718684309033
0.6030156106170408 0.7306718684309033
0.6070560146574449 0.7306718684309033
0.6110964186978489 0.7306718684309033
0.615136822738253 0.7306718684309033
0.619177226778657 0.7306718684309033
0.623217630819061 0.7306718684309033
0.6272580348594651 0.7306718684309033
0.6312984388998691 0.7306718684309033
0.6353388429402731 0.7306718684309033
0.6393792469806772 0.7306718684309033
0.6434196510210812 0.7306718684309033
0.6474600550614853 0.7306718684309033
0.6515004591018894 0.7306718684309033
0.6555408631422934 0.7306718684309033
0.6595812671826974 0.7306718684309033
0.6636216712231015 0.7306718684309033
0.6676620752635054 0.7306718684309033
0.6717024793039095 0.7306718684309033
0.6757428833443135 0.7306718684309033
0.6797832873847176 0.7306718684309033
0.6878640954655257 0.7306718684309033
0.6919044995059298 0.7306718684309033
0.6959449035463338 0.7306718684309033
0.6999853075867378 0.7306718684309033
0.2999853075867378 0.7347122724713073
0.30402571162714187 0.7347122724713073
0.3080661156675459 0.7347122724713073
0.3121065197079499 0.7347122724713073
0.31614692374835396 0.7347122724713073
0.320187327788758 0.7347122724713073
0.32422773182916204 0.7347122724713073
0.3282681358695661 0.7347122724713073
0.3323085399099701 0.7347122724713073
0.3363489439503742 0.7347122724713073
0.3403893479907782 0.7347122724713073
0.34442975203118226 0.7347122724713073
0.34847015607158627 0.7347122724713073
0.35251056011199033 0.7347122724713073
0.3565509641523944 0.7347122724713073
0.3605913681927984 0.7347122724713073
0.3646317722332024 0.7347122724713073
0.3686721762736065 0.7347122724713073
0.37271258031401056 0.7347122724713073
0.37675298435441457 0.7347122724713073
0.3807933883948186 0.7347122724713073
0.38483379243522264 0.7347122724713073
0.3888741964756267 0.7347122724713073
0.3929146005160307 0.7347122724713073
0.3969550045564348 0.7347122724713073
0.4009954085968388 0.7347122724713073
0.40503581263724286 0.7347122724713073
0.4090762166776469 0.7347122724713073
0.41311662071805094 0.7347122724713073
0.41715702475845495 0.7347122724713073
0.421197428798859 0.7347122724713073
0.4252378328392631 0.7347122724713073
0.4292782368796671 0.7347122724713073
0.4333186409200711 0.7347122724713073
0.4373590449604752 0.7347122724713073
0.44139944900087924 0.7347122724713073
0.44543985304128325 0.7347122724713073
0.44948025708168726 0.7347122724713073
0.45352066112209133 0.7347122724713073
0.4575610651624954 0.7347122724713073
0.4616014692028994 0.7347122724713073
0.4656418732433035 0.7347122724713073
0.4696822772837075 0.7347122724713073
0.47372268132411155 0.7347122724713073
0.4777630853645156 0.7347122724713073
0.4818034894049196 0.7347122724713073
0.48584389344532364 0.7347122724713073
0.4898842974857277 0.7347122724713073
0.49392470152613177 0.7347122724713073
0.4979651055665358 0.7347122724713073
0.5020055096069398 0.7347122724713073
0.5060459136473439 0.7347122724713073
0.5100863176877479 0.7347122724713073
0.514126721728152 0.7347122724713073
0.518167125768556 0.7347122724713073
0.52220752980896 0.7347122724713073
0.5262479338493641 0.7347122724713073
0.5302883378897681 0.7347122724713073
0.5343287419301721 0.7347122724713073
0.5383691459705762 0.7347122724713073
0.5424095500109802 0.7347122724713073
0.5464499540513843 0.7347122724713073
0.5504903580917884 0.7347122724713073
0.5545307621321923 0.7347122724713073
0.5585711661725964 0.7347122724713073
0.5626115702130005 0.7347122724713073
0.5666519742534044 0.7347122724713073
0.5706923782938085 0.7347122724713073
0.5747327823342125 0.7347122724713073
0.5787731863746166 0.7347122724713073
0.5828135904150207 0.7347122724713073
0.5868539944554247 0.7347122724713073
0.5908943984958287 0.7347122724713073
0.5949348025362328 0.7347122724713073
0.5989752065766367 0.7347122724713073
0.6030156106170408 0.7347122724713073
0.6070560146574449 0.7347122724713073
0.6110964186978489 0.7347122724713073
0.615136822738253 0.7347122724713073
0.619177226778657 0.7347122724713073
0.623217630819061 0.7347122724713073
0.6272580348594651 0.7347122724713073
0.6312984388998691 0.7347122724713073
0.6353388429402731 0.7347122724713073
0.6393792469806772 0.7347122724713073
0.6434196510210812 0.7347122724713073
0.6474600550614853 0.7347122724713073
0.6515004591018894 0.7347122724713073
0.6555408631422934 0.7347122724713073
0.6595812671826974 0.7347122724713073
0.6636216712231015 0.7347122724713073
0.6676620752635054 0.7347122724713073
0.6717024793039095 0.7347122724713073
0.6757428833443135 0.7347122724713073
0.6838236914251217 0.7347122724713073
0.6878640954655257 0.7347122724713073
0.6919044995059298 0.7347122724713073
0.6959449035463338 0.7347122724713073
0.6999853075867378 0.7347122724713073
0.2999853075867378 0.7387526765117113
0.30402571162714187 0.7387526765117113
0.3080661156675459 0.7387526765117113
0.3121065197079499 0.7387526765117113
0.31614692374835396 0.7387526765117113
0.320187327788758 0.7387526765117113
0.32422773182916204 0.7387526765117113
0.3282681358695661 0.7387526765117113
0.3323085399099701 0.7387526765117113
0.3363489439503742 0.7387526765117113
0.3403893479907782 0.7387526765117113
0.34442975203118226 0.7387526765117113
0.34847015607158627 0.7387526765117113
0.35251056011199033 0.7387526765117113
0.3565509641523944 0.7387526765117113
0.3605913681927984 0.7387526765117113
0.3646317722332024 0.7387526765117113
0.3686721762736065 0.7387526765117113
0.37271258031401056 0.7387526765117113
0.37675298435441457 0.7387526765117113
0.3807933883948186 0.7387526765117113
0.38483379243522264 0.7387526765117113
0.3888741964756267 0.7387526765117113
0.3929146005160307 0.7387526765117113
0.3969550045564348 0.7387526765117113
0.4009954085968388 0.7387526765117113
0.40503581263724286 0.7387526765117113
0.4090762166776469 0.7387526765117113
0.41311662071805094 0.7387526765117113
0.41715702475845495 0.7387526765117113
0.421197428798859 0.7387526765117113
0.4252378328392631 0.7387526765117113
0.4292782368796671 0.7387526765117113
0.4333186409200711 0.7387526765117113
0.4373590449604752 0.7387526765117113
0.44139944900087924 0.7387526765117113
0.44543985304128325 0.7387526765117113
0.44948025708168726 0.7387526765117113
0.45352066112209133 0.7387526765117113
0.4575610651624954 0.7387526765117113
0.4616014692028994 0.7387526765117113
0.4656418732433035 0.7387526765117113
0.4696822772837075 0.7387526765117113
0.47372268132411155 0.7387526765117113
0.4777630853645156 0.7387526765117113
0.4818034894049196 0.7387526765117113
0.48584389344532364 0.7387526765117113
0.4898842974857277 0.7387526765117113
0.49392470152613177 0.7387526765117113
0.4979651055665358 0.7387526765117113
0.5020055096069398 0.7387526765117113
0.5060459136473439 0.7387526765117113
0.5100863176877479 0.7387526765117113
0.514126721728152 0.7387526765117113
0.518167125768556 0.7387526765117113
0.52220752980896 0.7387526765117113
0.5262479338493641 0.7387526765117113
0.5302883378897681 0.7387526765117113
0.5343287419301721 0.7387526765117113
0.5383691459705762 0.7387526765117113
0.5424095500109802 0.7387526765117113
0.5464499540513843 0.7387526765117113
0.5504903580917884 0.7387526765117113
0.5545307621321923 0.7387526765117113
0.5585711661725964 0.7387526765117113
0.5626115702130005 0.7387526765117113
0.5666519742534044 0.7387526765117113
0.5706923782938085 0.7387526765117113
0.5747327823342125 0.7387526765117113
0.5787731863746166 0.7387526765117113
0.5828135904150207 0.7387526765117113
0.5868539944554247 0.7387526765117113
0.5908943984958287 0.7387526765117113
0.5949348025362328 0.7387526765117113
0.5989752065766367 0.7387526765117113
0.6030156106170408 0.7387526765117113
0.6070560146574449 0.7387526765117113
0.6110964186978489 0.7387526765117113
0.615136822738253 0.7387526765117113
0.619177226778657 0.7387526765117113
0.623217630819061 0.7387526765117113
0.6272580348594651 0.7387526765117113
0.6312984388998691 0.7387526765117113
0.6353388429402731 0.7387526765117113
0.6393792469806772 0.7387526765117113
0.6434196510210812 0.7387526765117113
0.6474600550614853 0.7387526765117113
0.6515004591018894 0.7387526765117113
0.6555408631422934 0.7387526765117113
0.6595812671826974 0.7387526765117113
0.6636216712231015 0.7387526765117113
0.6676620752635054 0.7387526765117113
0.6797832873847176 0.7387526765117113
0.6838236914251217 0.7387526765117113
0.6878640954655257 0.7387526765117113
0.6919044995059298 0.7387526765117113
0.6959449035463338 0.7387526765117113
0.6999853075867378 0.7387526765117113
0.2999853075867378 0.7427930805521153
0.30402571162714187 0.7427930805521153
0.3080661156675459 0.7427930805521153
0.3121065197079499 0.7427930805521153
0.31614692374835396 0.7427930805521153
0.320187327788758 0.7427930805521153
0.32422773182916204 0.7427930805521153
0.3282681358695661 0.7427930805521153
0.3323085399099701 0.7427930805521153
0.3363489439503742 0.7427930805521153
0.3403893479907782 0.7427930805521153
0.34442975203118226 0.7427930805521153
0.34847015607158627 0.7427930805521153
0.35251056011199033 0.7427930805521153
0.3565509641523944 0.7427930805521153
0.3605913681927984 0.7427930805521153
0.3646317722332024 0.7427930805521153
0.3686721762736065 0.7427930805521153
0.37271258031401056 0.7427930805521153
0.37675298435441457 0.7427930805521153
0.3807933883948186 0.7427930805521153
0.38483379243522264 0.7427930805521153
0.3888741964756267 0.7427930805521153
0.3929146005160307 0.7427930805521153
0.3969550045564348 0.7427930805521153
0.4009954085968388 0.7427930805521153
0.40503581263724286 0.7427930805521153
0.4090762166776469 0.7427930805521153
0.41311662071805094 0.7427930805521153
0.41715702475845495 0.7427930805521153
0.421197428798859 0.7427930805521153
0.4252378328392631 0.7427930805521153
0.4292782368796671 0.7427930805521153
0.4333186409200711 0.7427930805521153
0.4373590449604752 0.7427930805521153
0.44139944900087924 0.7427930805521153
0.44543985304128325 0.7427930805521153
0.44948025708168726 0.7427930805521153
0.45352066112209133 0.7427930805521153
0.4575610651624954 0.7427930805521153
0.4616014692028994 0.7427930805521153
0.4656418732433035 0.7427930805521153
0.4696822772837075 0.7427930805521153
0.47372268132411155 0.7427930805521153
0.4777630853645156 0.7427930805521153
0.4818034894049196 0.7427930805521153
0.48584389344532364 0.7427930805521153
0.4898842974857277 0.7427930805521153
0.49392470152613177 0.7427930805521153
0.4979651055665358 0.7427930805521153
0.5020055096069398 0.7427930805521153
0.5060459136473439 0.7427930805521153
0.5100863176877479 0.7427930805521153
0.514126721728152 0.7427930805521153
0.518167125768556 0.7427930805521153
0.52220752980896 0.7427930805521153
0.5262479338493641 0.7427930805521153
0.5302883378897681 0.7427930805521153
0.5343287419301721 0.7427930805521153
0.5383691459705762 0.7427930805521153
0.5424095500109802 0.7427930805521153
0.5464499540513843 0.7427930805521153
0.5504903580917884 0.7427930805521153
0.5545307621321923 0.7427930805521153
0.5585711661725964 0.7427930805521153
0.5626115702130005 0.7427930805521153
0.5666519742534044 0.7427930805521153
0.5706923782938085 0.7427930805521153
0.5747327823342125 0.7427930805521153
0.5787731863746166 0.7427930805521153
0.5828135904150207 0.7427930805521153
0.5868539944554247 0.7427930805521153
0.5908943984958287 0.7427930805521153
0.5949348025362328 0.7427930805521153
0.5989752065766367 0.7427930805521153
0.6030156106170408 0.7427930805521153
0.6070560146574449 0.7427930805521153
0.6110964186978489 0.7427930805521153
0.615136822738253 0.7427930805521153
0.619177226778657 0.7427930805521153
0.623217630819061 0.7427930805521153
0.6272580348594651 0.7427930805521153
0.6312984388998691 0.7427930805521153
0.6353388429402731 0.7427930805521153
0.6393792469806772 0.7427930805521153
0.6434196510210812 0.7427930805521153
0.6474600550614853 0.7427930805521153
0.6515004591018894 0.7427930805521153
0.6555408631422934 0.7427930805521153
0.6595812671826974 0.7427930805521153
0.6636216712231015 0.7427930805521153
0.6757428833443135 0.7427930805521153
0.6797832873847176 0.7427930805521153
0.6838236914251217 0.7427930805521153
0.6878640954655257 0.7427930805521153
0.6919044995059298 0.7427930805521153
0.6959449035463338 0.7427930805521153
0.6999853075867378 0.7427930805521153
0.2999853075867378 0.7468334845925194
0.30402571162714187 0.7468334845925194
0.3080661156675459 0.7468334845925194
0.3121065197079499 0.7468334845925194
0.31614692374835396 0.7468334845925194
0.320187327788758 0.7468334845925194
0.32422773182916204 0.7468334845925194
0.3282681358695661 0.7468334845925194
0.3323085399099701 0.7468334845925194
0.3363489439503742 0.7468334845925194
0.3403893479907782 0.7468334845925194
0.34442975203118226 0.7468334845925194
0.34847015607158627 0.7468334845925194
0.35251056011199033 0.7468334845925194
0.3565509641523944 0.7468334845925194
0.3605913681927984 0.7468334845925194
0.3646317722332024 0.7468334845925194
0.3686721762736065 0.7468334845925194
0.37271258031401056 0.7468334845925194
0.37675298435441457 0.7468334845925194
0.3807933883948186 0.7468334845925194
0.38483379243522264 0.7468334845925194
0.3888741964756267 0.7468334845925194
0.3929146005160307 0.7468334845925194
0.3969550045564348 0.7468334845925194
0.4009954085968388 0.7468334845925194
0.40503581263724286 0.7468334845925194
0.4090762166776469 0.7468334845925194
0.41311662071805094 0.7468334845925194
0.41715702475845495 0.7468334845925194
0.421197428798859 0.7468334845925194
0.4252378328392631 0.7468334845925194
0.4292782368796671 0.7468334845925194
0.4333186409200711 0.7468334845925194
0.4373590449604752 0.7468334845925194
0.44139944900087924 0.7468334845925194
0.44543985304128325 0.7468334845925194
0.44948025708168726 0.7468334845925194
0.45352066112209133 0.7468334845925194
0.4575610651624954 0.7468334845925194
0.4616014692028994 0.7468334845925194
0.4656418732433035 0.7468334845925194
0.4696822772837075 0.7468334845925194
0.47372268132411155 0.7468334845925194
0.4777630853645156 0.7468334845925194
0.4818034894049196 0.7468334845925194
0.48584389344532364 0.7468334845925194
0.4898842974857277 0.7468334845925194
0.49392470152613177 0.7468334845925194
0.4979651055665358 0.7468334845925194
0.5020055096069398 0.7468334845925194
0.5060459136473439 0.7468334845925194
0.5100863176877479 0.7468334845925194
0.514126721728152 0.7468334845925194
0.518167125768556 0.7468334845925194
0.52220752980896 0.7468334845925194
0.5262479338493641 0.7468334845925194
0.5302883378897681 0.7468334845925194
0.5343287419301721 0.7468334845925194
0.5383691459705762 0.7468334845925194
0.5424095500109802 0.7468334845925194
0.5464499540513843 0.7468334845925194
0.5504903580917884 0.7468334845925194
0.5545307621321923 0.7468334845925194
0.5585711661725964 0.7468334845925194
0.5626115702130005 0.7468334845925194
0.5666519742534044 0.7468334845925194
0.5706923782938085 0.7468334845925194
0.5747327823342125 0.7468334845925194
0.5787731863746166 0.7468334845925194
0.5828135904150207 0.7468334845925194
0.5868539944554247 0.7468334845925194
0.5908943984958287 0.7468334845925194
0.5949348025362328 0.7468334845925194
0.5989752065766367 0.7468334845925194
0.6030156106170408 0.7468334845925194
0.6070560146574449 0.7468334845925194
0.6110964186978489 0.7468334845925194
0.615136822738253 0.7468334845925194
0.619177226778657 0.7468334845925194
0.623217630819061 0.7468334845925194
0.6272580348594651 0.7468334845925194
0.6312984388998691 0.7468334845925194
0.6353388429402731 0.7468334845925194
0.6393792469806772 0.7468334845925194
0.6434196510210812 0.7468334845925194
0.6474600550614853 0.7468334845925194
0.6515004591018894 0.7468334845925194
0.6555408631422934 0.7468334845925194
0.6595812671826974 0.7468334845925194
0.6676620752635054 0.7468334845925194
0.6717024793039095 0.7468334845925194
0.6757428833443135 0.7468334845925194
0.6797832873847176 0.7468334845925194
0.6838236914251217 0.7468334845925194
0.6878640954655257 0.7468334845925194
0.6919044995059298 0.7468334845925194
0.6959449035463338 0.7468334845925194
0.6999853075867378 0.7468334845925194
0.2999853075867378 0.7508738886329235
0.30402571162714187 0.7508738886329235
0.3080661156675459 0.7508738886329235
0.3121065197079499 0.7508738886329235
0.31614692374835396 0.7508738886329235
0.320187327788758 0.7508738886329235
0.32422773182916204 0.7508738886329235
0.3282681358695661 0.7508738886329235
0.3323085399099701 0.7508738886329235
0.3363489439503742 0.7508738886329235
0.3403893479907782 0.7508738886329235
0.34442975203118226 0.7508738886329235
0.34847015607158627 0.7508738886329235
0.35251056011199033 0.7508738886329235
0.3565509641523944 0.7508738886329235
0.3605913681927984 0.7508738886329235
0.3646317722332024 0.7508738886329235
0.3686721762736065 0.7508738886329235
0.37271258031401056 0.7508738886329235
0.37675298435441457 0.7508738886329235
0.3807933883948186 0.7508738886329235
0.38483379243522264 0.7508738886329235
0.3888741964756267 0.7508738886329235
0.3929146005160307 0.7508738886329235
0.3969550045564348 0.7508738886329235
0.4009954085968388 0.7508738886329235
0.40503581263724286 0.7508738886329235
0.4090762166776469 0.7508738886329235
0.41311662071805094 0.7508738886329235
0.41715702475845495 0.7508738886329235
0.421197428798859 0.7508738886329235
0.4252378328392631 0.7508738886329235
0.4292782368796671 0.7508738886329235
0.4333186409200711 0.7508738886329235
0.4373590449604752 0.7508738886329235
0.44139944900087924 0.7508738886329235
0.44543985304128325 0.7508738886329235
0.44948025708168726 0.7508738886329235
0.45352066112209133 0.7508738886329235
0.4575610651624954 0.7508738886329235
0.4616014692028994 0.7508738886329235
0.4656418732433035 0.7508738886329235
0.4696822772837075 0.7508738886329235
0.47372268132411155 0.7508738886329235
0.4777630853645156 0.7508738886329235
0.4818034894049196 0.7508738886329235
0.48584389344532364 0.7508738886329235
0.4898842974857277 0.7508738886329235
0.49392470152613177 0.7508738886329235
0.4979651055665358 0.7508738886329235
0.5020055096069398 0.7508738886329235
0.5060459136473439 0.7508738886329235
0.5100863176877479 0.7508738886329235
0.514126721728152 0.7508738886329235
0.518167125768556 0.7508738886329235
0.52220752980896 0.7508738886329235
0.5262479338493641 0.7508738886329235
0.5302883378897681 0.7508738886329235
0.5343287419301721 0.7508738886329235
0.5383691459705762 0.7508738886329235
0.5424095500109802 0.7508738886329235
0.5464499540513843 0.7508738886329235
0.5504903580917884 0.7508738886329235
0.5545307621321923 0.7508738886329235
0.5585711661725964 0.7508738886329235
0.5626115702130005 0.7508738886329235
0.5666519742534044 0.7508738886329235
0.5706923782938085 0.7508738886329235
0.5747327823342125 0.7508738886329235
0.5787731863746166 0.7508738886329235
0.5828135904150207 0.7508738886329235
0.5868539944554247 0.7508738886329235
0.5908943984958287 0.7508738886329235
0.5949348025362328 0.7508738886329235
0.5989752065766367 0.7508738886329235
0.6030156106170408 0.7508738886329235
0.6070560146574449 0.7508738886329235
0.6110964186978489 0.7508738886329235
0.615136822738253 0.7508738886329235
0.619177226778657 0.7508738886329235
0.623217630819061 0.7508738886329235
0.6272580348594651 0.7508738886329235
0.6312984388998691 0.7508738886329235
0.6353388429402731 0.7508738886329235
0.6393792469806772 0.7508738886329235
0.6434196510210812 0.7508738886329235
0.6474600550614853 0.7508738886329235
0.6515004591018894 0.7508738886329235
0.6555408631422934 0.7508738886329235
0.6636216712231015 0.7508738886329235
0.6676620752635054 0.7508738886329235
0.6757428833443135 0.7508738886329235
0.6797832873847176 0.7508738886329235
0.6838236914251217 0.7508738886329235
0.6878640954655257 0.7508738886329235
0.6919044995059298 0.7508738886329235
0.6959449035463338 0.7508738886329235
0.6999853075867378 0.7508738886329235
0.2999853075867378 0.7549142926733274
0.30402571162714187 0.7549142926733274
0.3080661156675459 0.7549142926733274
0.3121065197079499 0.7549142926733274
0.31614692374835396 0.7549142926733274
0.320187327788758 0.7549142926733274
0.32422773182916204 0.7549142926733274
0.3282681358695661 0.7549142926733274
0.3323085399099701 0.7549142926733274
0.3363489439503742 0.7549142926733274
0.3403893479907782 0.7549142926733274
0.34442975203118226 0.7549142926733274
0.34847015607158627 0.7549142926733274
0.35251056011199033 0.7549142926733274
0.3565509641523944 0.7549142926733274
0.3605913681927984 0.7549142926733274
0.3646317722332024 0.7549142926733274
0.3686721762736065 0.7549142926733274
0.37271258031401056 0.7549142926733274
0.37675298435441457 0.7549142926733274
0.3807933883948186 0.7549142926733274
0.38483379243522264 0.7549142926733274
0.3888741964756267 0.7549142926733274
0.3929146005160307 0.7549142926733274
0.3969550045564348 0.7549142926733274
0.4009954085968388 0.7549142926733274
0.40503581263724286 0.7549142926733274
0.4090762166776469 0.7549142926733274
0.41311662071805094 0.7549142926733274
0.41715702475845495 0.7549142926733274
0.421197428798859 0.7549142926733274
0.4252378328392631 0.7549142926733274
0.4292782368796671 0.7549142926733274
0.4333186409200711 0.7549142926733274
0.4373590449604752 0.7549142926733274
0.44139944900087924 0.7549142926733274
0.44543985304128325 0.7549142926733274
0.44948025708168726 0.7549142926733274
0.45352066112209133 0.7549142926733274
0.4575610651624954 0.7549142926733274
0.4616014692028994 0.7549142926733274
0.4656418732433035 0.7549142926733274
0.4696822772837075 0.7549142926733274
0.47372268132411155 0.7549142926733274
0.4777630853645156 0.7549142926733274
0.4818034894049196 0.7549142926733274
0.48584389344532364 0.7549142926733274
0.4898842974857277 0.7549142926733274
0.49392470152613177 0.7549142926733274
0.4979651055665358 0.7549142926733274
0.5020055096069398 0.7549142926733274
0.5060459136473439 0.7549142926733274
0.5100863176877479 0.7549142926733274
0.514126721728152 0.7549142926733274
0.518167125768556 0.7549142926733274
0.52220752980896 0.7549142926733274
0.5262479338493641 0.7549142926733274
0.5302883378897681 0.7549142926733274
0.5343287419301721 0.7549142926733274
0.5383691459705762 0.7549142926733274
0.5424095500109802 0.7549142926733274
0.5464499540513843 0.7549142926733274
0.5504903580917884 0.7549142926733274
0.5545307621321923 0.7549142926733274
0.5585711661725964 0.7549142926733274
0.5626115702130005 0.7549142926733274
0.5666519742534044 0.7549142926733274
0.5706923782938085 0.7549142926733274
0.5747327823342125 0.7549142926733274
0.5787731863746166 0.7549142926733274
0.5828135904150207 0.7549142926733274
0.5868539944554247 0.7549142926733274
0.5908943984958287 0.7549142926733274
0.5949348025362328 0.7549142926733274
0.5989752065766367 0.7549142926733274
0.6030156106170408 0.7549142926733274
0.6070560146574449 0.7549142926733274
0.6110964186978489 0.7549142926733274
0.615136822738253 0.7549142926733274
0.619177226778657 0.7549142926733274
0.623217630819061 0.7549142926733274
0.6272580348594651 0.7549142926733274
0.6312984388998691 0.7549142926733274
0.6353388429402731 0.7549142926733274
0.6393792469806772 0.7549142926733274
0.6434196510210812 0.7549142926733274
0.6474600550614853 0.7549142926733274
0.6515004591018894 0.7549142926733274
0.6595812671826974 0.7549142926733274
0.6636216712231015 0.7549142926733274
0.6676620752635054 0.7549142926733274
0.6717024793039095 0.7549142926733274
0.6757428833443135 0.7549142926733274
0.6797832873847176 0.7549142926733274
0.6838236914251217 0.7549142926733274
0.6878640954655257 0.7549142926733274
0.6919044995059298 0.7549142926733274
0.6959449035463338 0.7549142926733274
0.6999853075867378 0.7549142926733274
0.2999853075867378 0.7589546967137315
0.30402571162714187 0.7589546967137315
0.3080661156675459 0.7589546967137315
0.3121065197079499 0.7589546967137315
0.31614692374835396 0.7589546967137315
0.320187327788758 0.7589546967137315
0.32422773182916204 0.7589546967137315
0.3282681358695661 0.7589546967137315
0.3323085399099701 0.7589546967137315
0.3363489439503742 0.7589546967137315
0.3403893479907782 0.7589546967137315
0.34442975203118226 0.7589546967137315
0.34847015607158627 0.7589546967137315
0.35251056011199033 0.7589546967137315
0.3565509641523944 0.7589546967137315
0.3605913681927984 0.7589546967137315
0.3646317722332024 0.7589546967137315
0.3686721762736065 0.7589546967137315
0.37271258031401056 0.7589546967137315
0.37675298435441457 0.7589546967137315
0.3807933883948186 0.7589546967137315
0.38483379243522264 0.7589546967137315
0.3888741964756267 0.7589546967137315
0.3929146005160307 0.7589546967137315
0.3969550045564348 0.7589546967137315
0.4009954085968388 0.7589546967137315
0.40503581263724286 0.7589546967137315
0.4090762166776469 0.7589546967137315
0.41311662071805094 0.7589546967137315
0.41715702475845495 0.7589546967137315
0.421197428798859 0.7589546967137315
0.4252378328392631 0.7589546967137315
0.4292782368796671 0.7589546967137315
0.4333186409200711 0.7589546967137315
0.4373590449604752 0.7589546967137315
0.44139944900087924 0.7589546967137315
0.44543985304128325 0.7589546967137315
0.44948025708168726 0.7589546967137315
0.45352066112209133 0.7589546967137315
0.4575610651624954 0.7589546967137315
0.4616014692028994 0.7589546967137315
0.4656418732433035 0.7589546967137315
0.4696822772837075 0.7589546967137315
0.47372268132411155 0.7589546967137315
0.4777630853645156 0.7589546967137315
0.4818034894049196 0.7589546967137315
0.48584389344532364 0.7589546967137315
0.4898842974857277 0.7589546967137315
0.49392470152613177 0.7589546967137315
0.4979651055665358 0.7589546967137315
0.5020055096069398 0.7589546967137315
0.5060459136473439 0.7589546967137315
0.5100863176877479 0.7589546967137315
0.514126721728152 0.7589546967137315
0.518167125768556 0.7589546967137315
0.52220752980896 0.7589546967137315
0.5262479338493641 0.7589546967137315
0.5302883378897681 0.7589546967137315
0.5343287419301721 0.7589546967137315
0.5383691459705762 0.7589546967137315
0.5424095500109802 0.7589546967137315
0.5464499540513843 0.7589546967137315
0.5504903580917884 0.7589546967137315
0.5545307621321923 0.7589546967137315
0.5585711661725964 0.7589546967137315
0.5626115702130005 0.7589546967137315
0.5666519742534044 0.7589546967137315
0.5706923782938085 0.7589546967137315
0.5747327823342125 0.7589546967137315
0.5787731863746166 0.7589546967137315
0.5828135904150207 0.7589546967137315
0.5868539944554247 0.7589546967137315
0.5908943984958287 0.7589546967137315
0.5949348025362328 0.7589546967137315
0.5989752065766367 0.7589546967137315
0.6030156106170408 0.7589546967137315
0.6070560146574449 0.7589546967137315
0.6110964186978489 0.7589546967137315
0.615136822738253 0.7589546967137315
0.619177226778657 0.7589546967137315
0.623217630819061 0.7589546967137315
0.6272580348594651 0.7589546967137315
0.6312984388998691 0.7589546967137315
0.6353388429402731 0.7589546967137315
0.6393792469806772 0.7589546967137315
0.6434196510210812 0.7589546967137315
0.6474600550614853 0.7589546967137315
0.6555408631422934 0.7589546967137315
0.6595812671826974 0.7589546967137315
0.6636216712231015 0.7589546967137315
0.6676620752635054 0.7589546967137315
0.6717024793039095 0.7589546967137315
0.6757428833443135 0.7589546967137315
0.6797832873847176 0.7589546967137315
0.6838236914251217 0.7589546967137315
0.6878640954655257 0.7589546967137315
0.6919044995059298 0.7589546967137315
0.6959449035463338 0.7589546967137315
0.6999853075867378 0.7589546967137315
0.2999853075867378 0.7629951007541356
0.30402571162714187 0.7629951007541356
0.3080661156675459 0.7629951007541356
0.3121065197079499 0.7629951007541356
0.31614692374835396 0.7629951007541356
0.320187327788758 0.7629951007541356
0.32422773182916204 0.7629951007541356
0.3282681358695661 0.7629951007541356
0.3323085399099701 0.7629951007541356
0.3363489439503742 0.7629951007541356
0.3403893479907782 0.7629951007541356
0.34442975203118226 0.7629951007541356
0.34847015607158627 0.7629951007541356
0.35251056011199033 0.7629951007541356
0.3565509641523944 0.7629951007541356
0.3605913681927984 0.7629951007541356
0.3646317722332024 0.7629951007541356
0.3686721762736065 0.7629951007541356
0.37271258031401056 0.7629951007541356
0.37675298435441457 0.7629951007541356
0.3807933883948186 0.7629951007541356
0.38483379243522264 0.7629951007541356
0.3888741964756267 0.7629951007541356
0.3929146005160307 0.7629951007541356
0.3969550045564348 0.7629951007541356
0.4009954085968388 0.7629951007541356
0.40503581263724286 0.7629951007541356
0.4090762166776469 0.7629951007541356
0.41311662071805094 0.7629951007541356
0.41715702475845495 0.7629951007541356
0.421197428798859 0.7629951007541356
0.4252378328392631 0.7629951007541356
0.4292782368796671 0.7629951007541356
0.4333186409200711 0.7629951007541356
0.4373590449604752 0.7629951007541356
0.44139944900087924 0.7629951007541356
0.44543985304128325 0.7629951007541356
0.44948025708168726 0.7629951007541356
0.45352066112209133 0.7629951007541356
0.4575610651624954 0.7629951007541356
0.4616014692028994 0.7629951007541356
0.4656418732433035 0.7629951007541356
0.4696822772837075 0.7629951007541356
0.47372268132411155 0.7629951007541356
0.4777630853645156 0.7629951007541356
0.4818034894049196 0.7629951007541356
0.48584389344532364 0.7629951007541356
0.4898842974857277 0.7629951007541356
0.49392470152613177 0.7629951007541356
0.4979651055665358 0.7629951007541356
0.5020055096069398 0.7629951007541356
0.5060459136473439 0.7629951007541356
0.5100863176877479 0.7629951007541356
0.514126721728152 0.7629951007541356
0.518167125768556 0.7629951007541356
0.52220752980896 0.7629951007541356
0.5262479338493641 0.7629951007541356
0.5302883378897681 0.7629951007541356
0.5343287419301721 0.7629951007541356
0.5383691459705762 0.7629951007541356
0.5424095500109802 0.7629951007541356
0.5464499540513843 0.7629951007541356
0.5504903580917884 0.7629951007541356
0.5545307621321923 0.7629951007541356
0.5585711661725964 0.7629951007541356
0.5626115702130005 0.7629951007541356
0.5666519742534044 0.7629951007541356
0.5706923782938085 0.7629951007541356
0.5747327823342125 0.7629951007541356
0.5787731863746166 0.7629951007541356
0.5828135904150207 0.7629951007541356
0.5868539944554247 0.7629951007541356
0.5908943984958287 0.7629951007541356
0.5949348025362328 0.7629951007541356
0.5989752065766367 0.7629951007541356
0.6030156106170408 0.7629951007541356
0.6070560146574449 0.7629951007541356
0.6110964186978489 0.7629951007541356
0.615136822738253 0.7629951007541356
0.619177226778657 0.7629951007541356
0.623217630819061 0.7629951007541356
0.6272580348594651 0.7629951007541356
0.6312984388998691 0.7629951007541356
0.6353388429402731 0.7629951007541356
0.6393792469806772 0.7629951007541356
0.6434196510210812 0.7629951007541356
0.6515004591018894 0.7629951007541356
0.6555408631422934 0.7629951007541356
0.6595812671826974 0.7629951007541356
0.6636216712231015 0.7629951007541356
0.6676620752635054 0.7629951007541356
0.6717024793039095 0.7629951007541356
0.6757428833443135 0.7629951007541356
0.6797832873847176 0.7629951007541356
0.6838236914251217 0.7629951007541356
0.6878640954655257 0.7629951007541356
0.6919044995059298 0.7629951007541356
0.6959449035463338 0.7629951007541356
0.6999853075867378 0.7629951007541356
0.2999853075867378 0.7670355047945396
0.30402571162714187 0.7670355047945396
0.3080661156675459 0.7670355047945396
0.3121065197079499 0.7670355047945396
0.31614692374835396 0.7670355047945396
0.320187327788758 0.7670355047945396
0.32422773182916204 0.7670355047945396
0.3282681358695661 0.7670355047945396
0.3323085399099701 0.7670355047945396
0.3363489439503742 0.7670355047945396
0.3403893479907782 0.7670355047945396
0.34442975203118226 0.7670355047945396
0.34847015607158627 0.7670355047945396
0.35251056011199033 0.7670355047945396
0.3565509641523944 0.7670355047945396
0.3605913681927984 0.7670355047945396
0.3646317722332024 0.7670355047945396
0.3686721762736065 0.7670355047945396
0.37271258031401056 0.7670355047945396
0.37675298435441457 0.7670355047945396
0.3807933883948186 0.7670355047945396
0.38483379243522264 0.7670355047945396
0.3888741964756267 0.7670355047945396
0.3929146005160307 0.7670355047945396
0.3969550045564348 0.7670355047945396
0.4009954085968388 0.7670355047945396
0.40503581263724286 0.7670355047945396
0.4090762166776469 0.7670355047945396
0.41311662071805094 0.7670355047945396
0.41715702475845495 0.7670355047945396
0.421197428798859 0.7670355047945396
0.4252378328392631 0.7670355047945396
0.4292782368796671 0.7670355047945396
0.4333186409200711 0.7670355047945396
0.4373590449604752 0.7670355047945396
0.44139944900087924 0.7670355047945396
0.44543985304128325 0.7670355047945396
0.44948025708168726 0.7670355047945396
0.45352066112209133 0.7670355047945396
0.4575610651624954 0.7670355047945396
0.4616014692028994 0.7670355047945396
0.4656418732433035 0.7670355047945396
0.4696822772837075 0.7670355047945396
0.47372268132411155 0.7670355047945396
0.4777630853645156 0.7670355047945396
0.4818034894049196 0.7670355047945396
0.48584389344532364 0.7670355047945396
0.4898842974857277 0.7670355047945396
0.49392470152613177 0.7670355047945396
0.4979651055665358 0.7670355047945396
0.5020055096069398 0.7670355047945396
0.5060459136473439 0.7670355047945396
0.5100863176877479 0.7670355047945396
0.514126721728152 0.7670355047945396
0.518167125768556 0.7670355047945396
0.52220752980896 0.7670355047945396
0.5262479338493641 0.7670355047945396
0.5302883378897681 0.7670355047945396
0.5343287419301721 0.7670355047945396
0.5383691459705762 0.7670355047945396
0.5424095500109802 0.7670355047945396
0.5464499540513843 0.7670355047945396
0.5504903580917884 0.7670355047945396
0.5545307621321923 0.7670355047945396
0.5585711661725964 0.7670355047945396
0.5626115702130005 0.7670355047945396
0.5666519742534044 0.7670355047945396
0.5706923782938085 0.7670355047945396
0.5747327823342125 0.7670355047945396
0.5787731863746166 0.7670355047945396
0.5828135904150207 0.7670355047945396
0.5868539944554247 0.7670355047945396
0.5908943984958287 0.7670355047945396
0.5949348025362328 0.7670355047945396
0.5989752065766367 0.7670355047945396
0.6030156106170408 0.7670355047945396
0.6070560146574449 0.7670355047945396
0.6110964186978489 0.7670355047945396
0.615136822738253 0.7670355047945396
0.619177226778657 0.7670355047945396
0.623217630819061 0.7670355047945396
0.6272580348594651 0.7670355047945396
0.6312984388998691 0.7670355047945396
0.6353388429402731 0.7670355047945396
0.6474600550614853 0.7670355047945396
0.6515004591018894 0.7670355047945396
0.6555408631422934 0.7670355047945396
0.6595812671826974 0.7670355047945396
0.6636216712231015 0.7670355047945396
0.6676620752635054 0.7670355047945396
0.6717024793039095 0.7670355047945396
0.6757428833443135 0.7670355047945396
0.6797832873847176 0.7670355047945396
0.6838236914251217 0.7670355047945396
0.6878640954655257 0.7670355047945396
0.6919044995059298 0.7670355047945396
0.6959449035463338 0.7670355047945396
0.6999853075867378 0.7670355047945396
0.2999853075867378 0.7710759088349436
0.30402571162714187 0.7710759088349436
0.3080661156675459 0.7710759088349436
0.3121065197079499 0.7710759088349436
0.31614692374835396 0.7710759088349436
0.320187327788758 0.7710759088349436
0.32422773182916204 0.7710759088349436
0.3282681358695661 0.7710759088349436
0.3323085399099701 0.7710759088349436
0.3363489439503742 0.7710759088349436
0.3403893479907782 0.7710759088349436
0.34442975203118226 0.7710759088349436
0.34847015607158627 0.7710759088349436
0.35251056011199033 0.7710759088349436
0.3565509641523944 0.7710759088349436
0.3605913681927984 0.7710759088349436
0.3646317722332024 0.7710759088349436
0.3686721762736065 0.7710759088349436
0.37271258031401056 0.7710759088349436
0.37675298435441457 0.7710759088349436
0.3807933883948186 0.7710759088349436
0.38483379243522264 0.7710759088349436
0.3888741964756267 0.7710759088349436
0.3929146005160307 0.7710759088349436
0.3969550045564348 0.7710759088349436
0.4009954085968388 0.7710759088349436
0.40503581263724286 0.7710759088349436
0.4090762166776469 0.7710759088349436
0.41311662071805094 0.7710759088349436
0.41715702475845495 0.7710759088349436
0.421197428798859 0.7710759088349436
0.4252378328392631 0.7710759088349436
0.4292782368796671 0.7710759088349436
0.4333186409200711 0.7710759088349436
0.4373590449604752 0.7710759088349436
0.44139944900087924 0.7710759088349436
0.44543985304128325 0.7710759088349436
0.44948025708168726 0.7710759088349436
0.45352066112209133 0.7710759088349436
0.4575610651624954 0.7710759088349436
0.4616014692028994 0.7710759088349436
0.4656418732433035 0.7710759088349436
0.4696822772837075 0.7710759088349436
0.47372268132411155 0.7710759088349436
0.4777630853645156 0.7710759088349436
0.4818034894049196 0.7710759088349436
0.48584389344532364 0.7710759088349436
0.4898842974857277 0.7710759088349436
0.49392470152613177 0.7710759088349436
0.4979651055665358 0.7710759088349436
0.5020055096069398 0.7710759088349436
0.5060459136473439 0.7710759088349436
0.5100863176877479 0.7710759088349436
0.514126721728152 0.7710759088349436
0.518167125768556 0.7710759088349436
0.52220752980896 0.7710759088349436
0.5262479338493641 0.7710759088349436
0.5302883378897681 0.7710759088349436
0.5343287419301721 0.7710759088349436
0.5383691459705762 0.7710759088349436
0.5424095500109802 0.7710759088349436
0.5464499540513843 0.7710759088349436
0.5504903580917884 0.7710759088349436
0.5545307621321923 0.7710759088349436
0.5585711661725964 0.7710759088349436
0.5626115702130005 0.7710759088349436
0.5666519742534044 0.7710759088349436
0.5706923782938085 0.7710759088349436
0.5747327823342125 0.7710759088349436
0.5787731863746166 0.7710759088349436
0.5828135904150207 0.7710759088349436
0.5868539944554247 0.7710759088349436
0.5908943984958287 0.7710759088349436
0.5949348025362328 0.7710759088349436
0.5989752065766367 0.7710759088349436
0.6030156106170408 0.7710759088349436
0.6070560146574449 0.7710759088349436
0.6110964186978489 0.7710759088349436
0.615136822738253 0.7710759088349436
0.619177226778657 0.7710759088349436
0.623217630819061 0.7710759088349436
0.6272580348594651 0.7710759088349436
0.6312984388998691 0.7710759088349436
0.6393792469806772 0.7710759088349436
0.6434196510210812 0.7710759088349436
0.6515004591018894 0.7710759088349436
0.6555408631422934 0.7710759088349436
0.6595812671826974 0.7710759088349436
0.6636216712231015 0.7710759088349436
0.6676620752635054 0.7710759088349436
0.6717024793039095 0.7710759088349436
0.6757428833443135 0.7710759088349436
0.6797832873847176 0.7710759088349436
0.6838236914251217 0.7710759088349436
0.6878640954655257 0.7710759088349436
0.6919044995059298 0.7710759088349436
0.6959449035463338 0.7710759088349436
0.6999853075867378 0.7710759088349436
0.2999853075867378 0.7751163128753477
0.30402571162714187 0.7751163128753477
0.3080661156675459 0.7751163128753477
0.3121065197079499 0.7751163128753477
0.31614692374835396 0.7751163128753477
0.320187327788758 0.7751163128753477
0.32422773182916204 0.7751163128753477
0.3282681358695661 0.7751163128753477
0.3323085399099701 0.7751163128753477
0.3363489439503742 0.7751163128753477
0.3403893479907782 0.7751163128753477
0.34442975203118226 0.7751163128753477
0.34847015607158627 0.7751163128753477
0.35251056011199033 0.7751163128753477
0.3565509641523944 0.7751163128753477
0.3605913681927984 0.7751163128753477
0.3646317722332024 0.7751163128753477
0.3686721762736065 0.7751163128753477
0.37271258031401056 0.7751163128753477
0.37675298435441457 0.7751163128753477
0.3807933883948186 0.7751163128753477
0.38483379243522264 0.7751163128753477
0.3888741964756267 0.7751163128753477
0.3929146005160307 0.7751163128753477
0.3969550045564348 0.7751163128753477
0.4009954085968388 0.7751163128753477
0.40503581263724286 0.7751163128753477
0.4090762166776469 0.7751163128753477
0.41311662071805094 0.7751163128753477
0.41715702475845495 0.7751163128753477
0.421197428798859 0.7751163128753477
0.4252378328392631 0.7751163128753477
0.4292782368796671 0.7751163128753477
0.4333186409200711 0.7751163128753477
0.4373590449604752 0.7751163128753477
0.44139944900087924 0.7751163128753477
0.44543985304128325 0.7751163128753477
0.44948025708168726 0.7751163128753477
0.45352066112209133 0.7751163128753477
0.4575610651624954 0.7751163128753477
0.4616014692028994 0.7751163128753477
0.4656418732433035 0.7751163128753477
0.4696822772837075 0.7751163128753477
0.47372268132411155 0.7751163128753477
0.4777630853645156 0.7751163128753477
0.4818034894049196 0.7751163128753477
0.48584389344532364 0.7751163128753477
0.4898842974857277 0.7751163128753477
0.49392470152613177 0.7751163128753477
0.4979651055665358 0.7751163128753477
0.5020055096069398 0.7751163128753477
0.5060459136473439 0.7751163128753477
0.5100863176877479 0.7751163128753477
0.514126721728152 0.7751163128753477
0.518167125768556 0.7751163128753477
0.52220752980896 0.7751163128753477
0.5262479338493641 0.7751163128753477
0.5302883378897681 0.7751163128753477
0.5343287419301721 0.7751163128753477
0.5383691459705762 0.7751163128753477
0.5424095500109802 0.7751163128753477
0.5464499540513843 0.7751163128753477
0.5504903580917884 0.7751163128753477
0.5545307621321923 0.7751163128753477
0.5585711661725964 0.7751163128753477
0.5626115702130005 0.7751163128753477
0.5666519742534044 0.7751163128753477
0.5706923782938085 0.7751163128753477
0.5747327823342125 0.7751163128753477
0.5787731863746166 0.7751163128753477
0.5828135904150207 0.7751163128753477
0.5868539944554247 0.7751163128753477
0.5908943984958287 0.7751163128753477
0.5949348025362328 0.7751163128753477
0.5989752065766367 0.7751163128753477
0.6030156106170408 0.7751163128753477
0.6070560146574449 0.7751163128753477
0.6110964186978489 0.7751163128753477
0.615136822738253 0.7751163128753477
0.619177226778657 0.7751163128753477
0.623217630819061 0.7751163128753477
0.6272580348594651 0.7751163128753477
0.6353388429402731 0.7751163128753477
0.6393792469806772 0.7751163128753477
0.6434196510210812 0.7751163128753477
0.6474600550614853 0.7751163128753477
0.6515004591018894 0.7751163128753477
0.6555408631422934 0.7751163128753477
0.6595812671826974 0.7751163128753477
0.6636216712231015 0.7751163128753477
0.6676620752635054 0.7751163128753477
0.6717024793039095 0.7751163128753477
0.6757428833443135 0.7751163128753477
0.6797832873847176 0.7751163128753477
0.6838236914251217 0.7751163128753477
0.6878640954655257 0.7751163128753477
0.6919044995059298 0.7751163128753477
0.6959449035463338 0.7751163128753477
0.6999853075867378 0.7751163128753477
0.2999853075867378 0.7791567169157517
0.30402571162714187 0.7791567169157517
0.3080661156675459 0.7791567169157517
0.3121065197079499 0.7791567169157517
0.31614692374835396 0.7791567169157517
0.320187327788758 0.7791567169157517
0.32422773182916204 0.7791567169157517
0.3282681358695661 0.7791567169157517
0.3323085399099701 0.7791567169157517
0.3363489439503742 0.7791567169157517
0.3403893479907782 0.7791567169157517
0.34442975203118226 0.7791567169157517
0.34847015607158627 0.7791567169157517
0.35251056011199033 0.7791567169157517
0.3565509641523944 0.7791567169157517
0.3605913681927984 0.7791567169157517
0.3646317722332024 0.7791567169157517
0.3686721762736065 0.7791567169157517
0.37271258031401056 0.7791567169157517
0.37675298435441457 0.7791567169157517
0.3807933883948186 0.7791567169157517
0.38483379243522264 0.7791567169157517
0.3888741964756267 0.7791567169157517
0.3929146005160307 0.7791567169157517
0.3969550045564348 0.7791567169157517
0.4009954085968388 0.7791567169157517
0.40503581263724286 0.7791567169157517
0.4090762166776469 0.7791567169157517
0.41311662071805094 0.7791567169157517
0.41715702475845495 0.7791567169157517
0.421197428798859 0.7791567169157517
0.4252378328392631 0.7791567169157517
0.4292782368796671 0.7791567169157517
0.4333186409200711 0.7791567169157517
0.4373590449604752 0.7791567169157517
0.44139944900087924 0.7791567169157517
0.44543985304128325 0.7791567169157517
0.44948025708168726 0.7791567169157517
0.45352066112209133 0.7791567169157517
0.4575610651624954 0.7791567169157517
0.4616014692028994 0.7791567169157517
0.4656418732433035 0.7791567169157517
0.4696822772837075 0.7791567169157517
0.47372268132411155 0.7791567169157517
0.4777630853645156 0.7791567169157517
0.4818034894049196 0.7791567169157517
0.48584389344532364 0.7791567169157517
0.4898842974857277 0.7791567169157517
0.49392470152613177 0.7791567169157517
0.4979651055665358 0.7791567169157517
0.5020055096069398 0.7791567169157517
0.5060459136473439 0.7791567169157517
0.5100863176877479 0.7791567169157517
0.514126721728152 0.7791567169157517
0.518167125768556 0.7791567169157517
0.52220752980896 0.7791567169157517
0.5262479338493641 0.7791567169157517
0.5302883378897681 0.7791567169157517
0.5343287419301721 0.7791567169157517
0.5383691459705762 0.7791567169157517
0.5424095500109802 0.7791567169157517
0.5464499540513843 0.7791567169157517
0.5504903580917884 0.7791567169157517
0.5545307621321923 0.7791567169157517
0.5585711661725964 0.7791567169157517
0.5626115702130005 0.7791567169157517
0.5666519742534044 0.7791567169157517
0.5706923782938085 0.7791567169157517
0.5747327823342125 0.7791567169157517
0.5787731863746166 0.7791567169157517
0.5828135904150207 0.7791567169157517
0.5868539944554247 0.7791567169157517
0.5908943984958287 0.7791567169157517
0.5949348025362328 0.7791567169157517
0.5989752065766367 0.7791567169157517
0.6030156106170408 0.7791567169157517
0.6070560146574449 0.7791567169157517
0.6110964186978489 0.7791567169157517
0.615136822738253 0.7791567169157517
0.619177226778657 0.7791567169157517
0.623217630819061 0.7791567169157517
0.6312984388998691 0.7791567169157517
0.6353388429402731 0.7791567169157517
0.6393792469806772 0.7791567169157517
0.6434196510210812 0.7791567169157517
0.6474600550614853 0.7791567169157517
0.6515004591018894 0.7791567169157517
0.6555408631422934 0.7791567169157517
0.6595812671826974 0.7791567169157517
0.6636216712231015 0.7791567169157517
0.6676620752635054 0.7791567169157517
0.6717024793039095 0.7791567169157517
0.6757428833443135 0.7791567169157517
0.6797832873847176 0.7791567169157517
0.6838236914251217 0.7791567169157517
0.6878640954655257 0.7791567169157517
0.6919044995059298 0.7791567169157517
0.6959449035463338 0.7791567169157517
0.6999853075867378 0.7791567169157517
0.2999853075867378 0.7831971209561558
0.30402571162714187 0.7831971209561558
0.3080661156675459 0.7831971209561558
0.3121065197079499 0.7831971209561558
0.31614692374835396 0.7831971209561558
0.320187327788758 0.7831971209561558
0.32422773182916204 0.7831971209561558
0.3282681358695661 0.7831971209561558
0.3323085399099701 0.7831971209561558
0.3363489439503742 0.7831971209561558
0.3403893479907782 0.7831971209561558
0.34442975203118226 0.7831971209561558
0.34847015607158627 0.7831971209561558
0.35251056011199033 0.7831971209561558
0.3565509641523944 0.7831971209561558
0.3605913681927984 0.7831971209561558
0.3646317722332024 0.7831971209561558
0.3686721762736065 0.7831971209561558
0.37271258031401056 0.7831971209561558
0.37675298435441457 0.7831971209561558
0.3807933883948186 0.7831971209561558
0.38483379243522264 0.7831971209561558
0.3888741964756267 0.7831971209561558
0.3929146005160307 0.7831971209561558
0.3969550045564348 0.7831971209561558
0.4009954085968388 0.7831971209561558
0.40503581263724286 0.7831971209561558
0.4090762166776469 0.7831971209561558
0.41311662071805094 0.7831971209561558
0.41715702475845495 0.7831971209561558
0.421197428798859 0.7831971209561558
0.4252378328392631 0.7831971209561558
0.4292782368796671 0.7831971209561558
0.4333186409200711 0.7831971209561558
0.4373590449604752 0.7831971209561558
0.44139944900087924 0.7831971209561558
0.44543985304128325 0.7831971209561558
0.44948025708168726 0.7831971209561558
0.45352066112209133 0.7831971209561558
0.4575610651624954 0.7831971209561558
0.4616014692028994 0.7831971209561558
0.4656418732433035 0.7831971209561558
0.4696822772837075 0.7831971209561558
0.47372268132411155 0.7831971209561558
0.4777630853645156 0.7831971209561558
0.4818034894049196 0.7831971209561558
0.48584389344532364 0.7831971209561558
0.4898842974857277 0.7831971209561558
0.49392470152613177 0.7831971209561558
0.4979651055665358 0.7831971209561558
0.5020055096069398 0.7831971209561558
0.5060459136473439 0.7831971209561558
0.5100863176877479 0.7831971209561558
0.514126721728152 0.7831971209561558
0.518167125768556 0.7831971209561558
0.52220752980896 0.7831971209561558
0.5262479338493641 0.7831971209561558
0.5302883378897681 0.7831971209561558
0.5343287419301721 0.7831971209561558
0.5383691459705762 0.7831971209561558
0.5424095500109802 0.7831971209561558
0.5464499540513843 0.7831971209561558
0.5504903580917884 0.7831971209561558
0.5545307621321923 0.7831971209561558
0.5585711661725964 0.7831971209561558
0.5626115702130005 0.7831971209561558
0.5666519742534044 0.7831971209561558
0.5706923782938085 0.7831971209561558
0.5747327823342125 0.7831971209561558
0.5787731863746166 0.7831971209561558
0.5828135904150207 0.7831971209561558
0.5868539944554247 0.7831971209561558
0.5908943984958287 0.7831971209561558
0.5949348025362328 0.7831971209561558
0.5989752065766367 0.7831971209561558
0.6030156106170408 0.7831971209561558
0.6070560146574449 0.7831971209561558
0.6110964186978489 0.7831971209561558
0.615136822738253 0.7831971209561558
0.619177226778657 0.7831971209561558
0.6272580348594651 0.7831971209561558
0.6312984388998691 0.7831971209561558
0.6353388429402731 0.7831971209561558
0.6393792469806772 0.7831971209561558
0.6434196510210812 0.7831971209561558
0.6474600550614853 0.7831971209561558
0.6515004591018894 0.7831971209561558
0.6555408631422934 0.7831971209561558
0.6595812671826974 0.7831971209561558
0.6636216712231015 0.7831971209561558
0.6676620752635054 0.7831971209561558
0.6717024793039095 0.7831971209561558
0.6757428833443135 0.7831971209561558
0.6797832873847176 0.7831971209561558
0.6838236914251217 0.7831971209561558
0.6878640954655257 0.7831971209561558
0.6919044995059298 0.7831971209561558
0.6959449035463338 0.7831971209561558
0.6999853075867378 0.7831971209561558
0.2999853075867378 0.7872375249965597
0.30402571162714187 0.7872375249965597
0.3080661156675459 0.7872375249965597
0.3121065197079499 0.7872375249965597
0.31614692374835396 0.7872375249965597
0.320187327788758 0.7872375249965597
0.32422773182916204 0.7872375249965597
0.3282681358695661 0.7872375249965597
0.3323085399099701 0.7872375249965597
0.3363489439503742 0.7872375249965597
0.3403893479907782 0.7872375249965597
0.34442975203118226 0.7872375249965597
0.34847015607158627 0.7872375249965597
0.35251056011199033 0.7872375249965597
0.3565509641523944 0.7872375249965597
0.3605913681927984 0.7872375249965597
0.3646317722332024 0.7872375249965597
0.3686721762736065 0.7872375249965597
0.37271258031401056 0.7872375249965597
0.37675298435441457 0.7872375249965597
0.3807933883948186 0.7872375249965597
0.38483379243522264 0.7872375249965597
0.3888741964756267 0.7872375249965597
0.3929146005160307 0.7872375249965597
0.3969550045564348 0.7872375249965597
0.4009954085968388 0.7872375249965597
0.40503581263724286 0.7872375249965597
0.4090762166776469 0.7872375249965597
0.41311662071805094 0.7872375249965597
0.41715702475845495 0.7872375249965597
0.421197428798859 0.7872375249965597
0.4252378328392631 0.7872375249965597
0.4292782368796671 0.7872375249965597
0.4333186409200711 0.7872375249965597
0.4373590449604752 0.7872375249965597
0.44139944900087924 0.7872375249965597
0.44543985304128325 0.7872375249965597
0.44948025708168726 0.7872375249965597
0.45352066112209133 0.7872375249965597
0.4575610651624954 0.7872375249965597
0.4616014692028994 0.7872375249965597
0.4656418732433035 0.7872375249965597
0.4696822772837075 0.7872375249965597
0.47372268132411155 0.7872375249965597
0.4777630853645156 0.7872375249965597
0.4818034894049196 0.7872375249965597
0.48584389344532364 0.7872375249965597
0.4898842974857277 0.7872375249965597
0.49392470152613177 0.7872375249965597
0.4979651055665358 0.7872375249965597
0.5020055096069398 0.7872375249965597
0.5060459136473439 0.7872375249965597
0.5100863176877479 0.7872375249965597
0.514126721728152 0.7872375249965597
0.518167125768556 0.7872375249965597
0.52220752980896 0.7872375249965597
0.5262479338493641 0.7872375249965597
0.5302883378897681 0.7872375249965597
0.5343287419301721 0.7872375249965597
0.5383691459705762 0.7872375249965597
0.5424095500109802 0.7872375249965597
0.5464499540513843 0.7872375249965597
0.5504903580917884 0.7872375249965597
0.5545307621321923 0.7872375249965597
0.5585711661725964 0.7872375249965597
0.5626115702130005 0.7872375249965597
0.5666519742534044 0.7872375249965597
0.5706923782938085 0.7872375249965597
0.5747327823342125 0.7872375249965597
0.5787731863746166 0.7872375249965597
0.5828135904150207 0.7872375249965597
0.5868539944554247 0.7872375249965597
0.5908943984958287 0.7872375249965597
0.5949348025362328 0.7872375249965597
0.5989752065766367 0.7872375249965597
0.6030156106170408 0.7872375249965597
0.6070560146574449 0.7872375249965597
0.6110964186978489 0.7872375249965597
0.623217630819061 0.7872375249965597
0.6272580348594651 0.7872375249965597
0.6312984388998691 0.7872375249965597
0.6353388429402731 0.7872375249965597
0.6393792469806772 0.7872375249965597
0.6434196510210812 0.7872375249965597
0.6474600550614853 0.7872375249965597
0.6515004591018894 0.7872375249965597
0.6555408631422934 0.7872375249965597
0.6595812671826974 0.7872375249965597
0.6636216712231015 0.7872375249965597
0.6676620752635054 0.7872375249965597
0.6717024793039095 0.7872375249965597
0.6757428833443135 0.7872375249965597
0.6797832873847176 0.7872375249965597
0.6838236914251217 0.7872375249965597
0.6878640954655257 0.7872375249965597
0.6919044995059298 0.7872375249965597
0.6959449035463338 0.7872375249965597
0.6999853075867378 0.7872375249965597
0.2999853075867378 0.7912779290369638
0.30402571162714187 0.7912779290369638
0.3080661156675459 0.7912779290369638
0.3121065197079499 0.7912779290369638
0.31614692374835396 0.7912779290369638
0.320187327788758 0.7912779290369638
0.32422773182916204 0.7912779290369638
0.3282681358695661 0.7912779290369638
0.3323085399099701 0.7912779290369638
0.3363489439503742 0.7912779290369638
0.3403893479907782 0.7912779290369638
0.34442975203118226 0.7912779290369638
0.34847015607158627 0.7912779290369638
0.35251056011199033 0.7912779290369638
0.3565509641523944 0.7912779290369638
0.3605913681927984 0.7912779290369638
0.3646317722332024 0.7912779290369638
0.3686721762736065 0.7912779290369638
0.37271258031401056 0.7912779290369638
0.37675298435441457 0.7912779290369638
0.3807933883948186 0.7912779290369638
0.38483379243522264 0.7912779290369638
0.3888741964756267 0.7912779290369638
0.3929146005160307 0.7912779290369638
0.3969550045564348 0.7912779290369638
0.4009954085968388 0.7912779290369638
0.40503581263724286 0.7912779290369638
0.4090762166776469 0.7912779290369638
0.41311662071805094 0.7912779290369638
0.41715702475845495 0.7912779290369638
0.421197428798859 0.7912779290369638
0.4252378328392631 0.7912779290369638
0.4292782368796671 0.7912779290369638
0.4333186409200711 0.7912779290369638
0.4373590449604752 0.7912779290369638
0.44139944900087924 0.7912779290369638
0.44543985304128325 0.7912779290369638
0.44948025708168726 0.7912779290369638
0.45352066112209133 0.7912779290369638
0.4575610651624954 0.7912779290369638
0.4616014692028994 0.7912779290369638
0.4656418732433035 0.7912779290369638
0.4696822772837075 0.7912779290369638
0.47372268132411155 0.7912779290369638
0.4777630853645156 0.7912779290369638
0.4818034894049196 0.7912779290369638
0.48584389344532364 0.7912779290369638
0.4898842974857277 0.7912779290369638
0.49392470152613177 0.7912779290369638
0.4979651055665358 0.7912779290369638
0.5020055096069398 0.7912779290369638
0.5060459136473439 0.7912779290369638
0.5100863176877479 0.7912779290369638
0.514126721728152 0.7912779290369638
0.518167125768556 0.7912779290369638
0.52220752980896 0.7912779290369638
0.5262479338493641 0.7912779290369638
0.5302883378897681 0.7912779290369638
0.5343287419301721 0.7912779290369638
0.5383691459705762 0.7912779290369638
0.5424095500109802 0.7912779290369638
0.5464499540513843 0.7912779290369638
0.5504903580917884 0.7912779290369638
0.5545307621321923 0.7912779290369638
0.5585711661725964 0.7912779290369638
0.5626115702130005 0.7912779290369638
0.5666519742534044 0.7912779290369638
0.5706923782938085 0.7912779290369638
0.5747327823342125 0.7912779290369638
0.5787731863746166 0.7912779290369638
0.5828135904150207 0.7912779290369638
0.5868539944554247 0.7912779290369638
0.5908943984958287 0.7912779290369638
0.5949348025362328 0.7912779290369638
0.5989752065766367 0.7912779290369638
0.6030156106170408 0.7912779290369638
0.6070560146574449 0.7912779290369638
0.615136822738253 0.7912779290369638
0.619177226778657 0.7912779290369638
0.623217630819061 0.7912779290369638
0.6272580348594651 0.7912779290369638
0.6312984388998691 0.7912779290369638
0.6353388429402731 0.7912779290369638
0.6393792469806772 0.7912779290369638
0.6434196510210812 0.7912779290369638
0.6474600550614853 0.7912779290369638
0.6515004591018894 0.7912779290369638
0.6555408631422934 0.7912779290369638
0.6595812671826974 0.7912779290369638
0.6636216712231015 0.7912779290369638
0.6676620752635054 0.7912779290369638
0.6717024793039095 0.7912779290369638
0.6757428833443135 0.7912779290369638
0.6797832873847176 0.7912779290369638
0.6838236914251217 0.7912779290369638
0.6878640954655257 0.7912779290369638
0.6919044995059298 0.7912779290369638
0.6959449035463338 0.7912779290369638
0.6999853075867378 0.7912779290369638
0.2999853075867378 0.7953183330773679
0.30402571162714187 0.7953183330773679
0.3080661156675459 0.7953183330773679
0.3121065197079499 0.7953183330773679
0.31614692374835396 0.7953183330773679
0.320187327788758 0.7953183330773679
0.32422773182916204 0.7953183330773679
0.3282681358695661 0.7953183330773679
0.3323085399099701 0.7953183330773679
0.3363489439503742 0.7953183330773679
0.3403893479907782 0.7953183330773679
0.34442975203118226 0.7953183330773679
0.34847015607158627 0.7953183330773679
0.35251056011199033 0.7953183330773679
0.3565509641523944 0.7953183330773679
0.3605913681927984 0.7953183330773679
0.3646317722332024 0.7953183330773679
0.3686721762736065 0.7953183330773679
0.37271258031401056 0.7953183330773679
0.37675298435441457 0.7953183330773679
0.3807933883948186 0.7953183330773679
0.38483379243522264 0.7953183330773679
0.3888741964756267 0.7953183330773679
0.3929146005160307 0.7953183330773679
0.3969550045564348 0.7953183330773679
0.4009954085968388 0.7953183330773679
0.40503581263724286 0.7953183330773679
0.4090762166776469 0.7953183330773679
0.41311662071805094 0.7953183330773679
0.41715702475845495 0.7953183330773679
0.421197428798859 0.7953183330773679
0.4252378328392631 0.7953183330773679
0.4292782368796671 0.7953183330773679
0.4333186409200711 0.7953183330773679
0.4373590449604752 0.7953183330773679
0.44139944900087924 0.7953183330773679
0.44543985304128325 0.7953183330773679
0.44948025708168726 0.7953183330773679
0.45352066112209133 0.7953183330773679
0.4575610651624954 0.7953183330773679
0.4616014692028994 0.7953183330773679
0.4656418732433035 0.7953183330773679
0.4696822772837075 0.7953183330773679
0.47372268132411155 0.7953183330773679
0.4777630853645156 0.7953183330773679
0.4818034894049196 0.7953183330773679
0.48584389344532364 0.7953183330773679
0.4898842974857277 0.7953183330773679
0.49392470152613177 0.7953183330773679
0.4979651055665358 0.7953183330773679
0.5020055096069398 0.7953183330773679
0.5060459136473439 0.7953183330773679
0.5100863176877479 0.7953183330773679
0.514126721728152 0.7953183330773679
0.518167125768556 0.7953183330773679
0.52220752980896 0.7953183330773679
0.5262479338493641 0.7953183330773679
0.5302883378897681 0.7953183330773679
0.5343287419301721 0.7953183330773679
0.5383691459705762 0.7953183330773679
0.5424095500109802 0.7953183330773679
0.5464499540513843 0.7953183330773679
0.5504903580917884 0.7953183330773679
0.5545307621321923 0.7953183330773679
0.5585711661725964 0.7953183330773679
0.5626115702130005 0.7953183330773679
0.5666519742534044 0.7953183330773679
0.5706923782938085 0.7953183330773679
0.5747327823342125 0.7953183330773679
0.5787731863746166 0.7953183330773679
0.5828135904150207 0.7953183330773679
0.5868539944554247 0.7953183330773679
0.5908943984958287 0.7953183330773679
0.5949348025362328 0.7953183330773679
0.5989752065766367 0.7953183330773679
0.6030156106170408 0.7953183330773679
0.6110964186978489 0.7953183330773679
0.615136822738253 0.7953183330773679
0.623217630819061 0.7953183330773679
0.6272580348594651 0.7953183330773679
0.6312984388998691 0.7953183330773679
0.6353388429402731 0.7953183330773679
0.6393792469806772 0.7953183330773679
0.6434196510210812 0.7953183330773679
0.6474600550614853 0.7953183330773679
0.6515004591018894 0.7953183330773679
0.6555408631422934 0.7953183330773679
0.6595812671826974 0.7953183330773679
0.6636216712231015 0.7953183330773679
0.6676620752635054 0.7953183330773679
0.6717024793039095 0.7953183330773679
0.6757428833443135 0.7953183330773679
0.6797832873847176 0.7953183330773679
0.6838236914251217 0.7953183330773679
0.6878640954655257 0.7953183330773679
0.6919044995059298 0.7953183330773679
0.6959449035463338 0.7953183330773679
0.6999853075867378 0.7953183330773679
0.2999853075867378 0.799358737117772
0.30402571162714187 0.799358737117772
0.3080661156675459 0.799358737117772
0.3121065197079499 0.799358737117772
0.31614692374835396 0.799358737117772
0.320187327788758 0.799358737117772
0.32422773182916204 0.799358737117772
0.3282681358695661 0.799358737117772
0.3323085399099701 0.799358737117772
0.3363489439503742 0.799358737117772
0.3403893479907782 0.799358737117772
0.34442975203118226 0.799358737117772
0.34847015607158627 0.799358737117772
0.35251056011199033 0.799358737117772
0.3565509641523944 0.799358737117772
0.3605913681927984 0.799358737117772
0.3646317722332024 0.799358737117772
0.3686721762736065 0.799358737117772
0.37271258031401056 0.799358737117772
0.37675298435441457 0.799358737117772
0.3807933883948186 0.799358737117772
0.38483379243522264 0.799358737117772
0.3888741964756267 0.799358737117772
0.3929146005160307 0.799358737117772
0.3969550045564348 0.799358737117772
0.4009954085968388 0.799358737117772
0.40503581263724286 0.799358737117772
0.4090762166776469 0.799358737117772
0.41311662071805094 0.799358737117772
0.41715702475845495 0.799358737117772
0.421197428798859 0.799358737117772
0.4252378328392631 0.799358737117772
0.4292782368796671 0.799358737117772
0.4333186409200711 0.799358737117772
0.4373590449604752 0.799358737117772
0.44139944900087924 0.799358737117772
0.44543985304128325 0.799358737117772
0.44948025708168726 0.799358737117772
0.45352066112209133 0.799358737117772
0.4575610651624954 0.799358737117772
0.4616014692028994 0.799358737117772
0.4656418732433035 0.799358737117772
0.4696822772837075 0.799358737117772
0.47372268132411155 0.799358737117772
0.4777630853645156 0.799358737117772
0.4818034894049196 0.799358737117772
0.48584389344532364 0.799358737117772
0.4898842974857277 0.799358737117772
0.49392470152613177 0.799358737117772
0.4979651055665358 0.799358737117772
0.5020055096069398 0.799358737117772
0.5060459136473439 0.799358737117772
0.5100863176877479 0.799358737117772
0.514126721728152 0.799358737117772
0.518167125768556 0.799358737117772
0.52220752980896 0.799358737117772
0.5262479338493641 0.799358737117772
0.5302883378897681 0.799358737117772
0.5343287419301721 0.799358737117772
0.5383691459705762 0.799358737117772
0.5424095500109802 0.799358737117772
0.5464499540513843 0.799358737117772
0.5504903580917884 0.799358737117772
0.5545307621321923 0.799358737117772
0.5585711661725964 0.799358737117772
0.5626115702130005 0.799358737117772
0.5666519742534044 0.799358737117772
0.5706923782938085 0.799358737117772
0.5747327823342125 0.799358737117772
0.5787731863746166 0.799358737117772
0.5828135904150207 0.799358737117772
0.5868539944554247 0.799358737117772
0.5908943984958287 0.799358737117772
0.5949348025362328 0.799358737117772
0.6070560146574449 0.799358737117772
0.6110964186978489 0.799358737117772
0.615136822738253 0.799358737117772
0.619177226778657 0.799358737117772
0.623217630819061 0.799358737117772
0.6272580348594651 0.799358737117772
0.6312984388998691 0.799358737117772
0.6393792469806772 0.799358737117772
0.6434196510210812 0.799358737117772
0.6474600550614853 0.799358737117772
0.6515004591018894 0.799358737117772
0.6555408631422934 0.799358737117772
0.6595812671826974 0.799358737117772
0.6636216712231015 0.799358737117772
0.6676620752635054 0.799358737117772
0.6717024793039095 0.799358737117772
0.6757428833443135 0.799358737117772
0.6797832873847176 0.799358737117772
0.6838236914251217 0.799358737117772
0.6878640954655257 0.799358737117772
0.6919044995059298 0.799358737117772
0.6959449035463338 0.799358737117772
0.6999853075867378 0.799358737117772
0.2999853075867378 0.803399141158176
0.30402571162714187 0.803399141158176
0.3080661156675459 0.803399141158176
0.3121065197079499 0.803399141158176
0.31614692374835396 0.803399141158176
0.320187327788758 0.803399141158176
0.32422773182916204 0.803399141158176
0.3282681358695661 0.803399141158176
0.3323085399099701 0.803399141158176
0.3363489439503742 0.803399141158176
0.3403893479907782 0.803399141158176
0.34442975203118226 0.803399141158176
0.34847015607158627 0.803399141158176
0.35251056011199033 0.803399141158176
0.3565509641523944 0.803399141158176
0.3605913681927984 0.803399141158176
0.3646317722332024 0.803399141158176
0.3686721762736065 0.803399141158176
0.37271258031401056 0.803399141158176
0.37675298435441457 0.803399141158176
0.3807933883948186 0.803399141158176
0.38483379243522264 0.803399141158176
0.3888741964756267 0.803399141158176
0.3929146005160307 0.803399141158176
0.3969550045564348 0.803399141158176
0.4009954085968388 0.803399141158176
0.40503581263724286 0.803399141158176
0.4090762166776469 0.803399141158176
0.41311662071805094 0.803399141158176
0.41715702475845495 0.803399141158176
0.421197428798859 0.803399141158176
0.4252378328392631 0.803399141158176
0.4292782368796671 0.803399141158176
0.4333186409200711 0.803399141158176
0.4373590449604752 0.803399141158176
0.44139944900087924 0.803399141158176
0.44543985304128325 0.803399141158176
0.44948025708168726 0.803399141158176
0.45352066112209133 0.803399141158176
0.4575610651624954 0.803399141158176
0.4616014692028994 0.803399141158176
0.4656418732433035 0.803399141158176
0.4696822772837075 0.803399141158176
0.47372268132411155 0.803399141158176
0.4777630853645156 0.803399141158176
0.4818034894049196 0.803399141158176
0.48584389344532364 0.803399141158176
0.4898842974857277 0.803399141158176
0.49392470152613177 0.803399141158176
0.4979651055665358 0.803399141158176
0.5020055096069398 0.803399141158176
0.5060459136473439 0.803399141158176
0.5100863176877479 0.803399141158176
0.514126721728152 0.803399141158176
0.518167125768556 0.803399141158176
0.52220752980896 0.803399141158176
0.5262479338493641 0.803399141158176
0.5302883378897681 0.803399141158176
0.5343287419301721 0.803399141158176
0.5383691459705762 0.803399141158176
0.5424095500109802 0.803399141158176
0.5464499540513843 0.803399141158176
0.5504903580917884 0.803399141158176
0.5545307621321923 0.803399141158176
0.5585711661725964 0.803399141158176
0.5626115702130005 0.803399141158176
0.5666519742534044 0.803399141158176
0.5706923782938085 0.803399141158176
0.5747327823342125 0.803399141158176
0.5787731863746166 0.803399141158176
0.5828135904150207 0.803399141158176
0.5868539944554247 0.803399141158176
0.5908943984958287 0.803399141158176
0.5989752065766367 0.803399141158176
0.6030156106170408 0.803399141158176
0.6070560146574449 0.803399141158176
0.6110964186978489 0.803399141158176
0.615136822738253 0.803399141158176
0.619177226778657 0.803399141158176
0.623217630819061 0.803399141158176
0.6272580348594651 0.803399141158176
0.6312984388998691 0.803399141158176
0.6353388429402731 0.803399141158176
0.6393792469806772 0.803399141158176
0.6434196510210812 0.803399141158176
0.6474600550614853 0.803399141158176
0.6515004591018894 0.803399141158176
0.6555408631422934 0.803399141158176
0.6595812671826974 0.803399141158176
0.6636216712231015 0.803399141158176
0.6676620752635054 0.803399141158176
0.6717024793039095 0.803399141158176
0.6757428833443135 0.803399141158176
0.6797832873847176 0.803399141158176
0.6838236914251217 0.803399141158176
0.6878640954655257 0.803399141158176
0.6919044995059298 0.803399141158176
0.6959449035463338 0.803399141158176
0.6999853075867378 0.803399141158176
0.2999853075867378 0.80743954519858
0.30402571162714187 0.80743954519858
0.3080661156675459 0.80743954519858
0.3121065197079499 0.80743954519858
0.31614692374835396 0.80743954519858
0.320187327788758 0.80743954519858
0.32422773182916204 0.80743954519858
0.3282681358695661 0.80743954519858
0.3323085399099701 0.80743954519858
0.3363489439503742 0.80743954519858
0.3403893479907782 0.80743954519858
0.34442975203118226 0.80743954519858
0.34847015607158627 0.80743954519858
0.35251056011199033 0.80743954519858
0.3565509641523944 0.80743954519858
0.3605913681927984 0.80743954519858
0.3646317722332024 0.80743954519858
0.3686721762736065 0.80743954519858
0.37271258031401056 0.80743954519858
0.37675298435441457 0.80743954519858
0.3807933883948186 0.80743954519858
0.38483379243522264 0.80743954519858
0.3888741964756267 0.80743954519858
0.3929146005160307 0.80743954519858
0.3969550045564348 0.80743954519858
0.4009954085968388 0.80743954519858
0.40503581263724286 0.80743954519858
0.4090762166776469 0.80743954519858
0.41311662071805094 0.80743954519858
0.41715702475845495 0.80743954519858
0.421197428798859 0.80743954519858
0.4252378328392631 0.80743954519858
0.4292782368796671 0.80743954519858
0.4333186409200711 0.80743954519858
0.4373590449604752 0.80743954519858
0.44139944900087924 0.80743954519858
0.44543985304128325 0.80743954519858
0.44948025708168726 0.80743954519858
0.45352066112209133 0.80743954519858
0.4575610651624954 0.80743954519858
0.4616014692028994 0.80743954519858
0.4656418732433035 0.80743954519858
0.4696822772837075 0.80743954519858
0.47372268132411155 0.80743954519858
0.4777630853645156 0.80743954519858
0.4818034894049196 0.80743954519858
0.48584389344532364 0.80743954519858
0.4898842974857277 0.80743954519858
0.49392470152613177 0.80743954519858
0.4979651055665358 0.80743954519858
0.5020055096069398 0.80743954519858
0.5060459136473439 0.80743954519858
0.5100863176877479 0.80743954519858
0.514126721728152 0.80743954519858
0.518167125768556 0.80743954519858
0.52220752980896 0.80743954519858
0.5262479338493641 0.80743954519858
0.5302883378897681 0.80743954519858
0.5343287419301721 0.80743954519858
0.5383691459705762 0.80743954519858
0.5424095500109802 0.80743954519858
0.5464499540513843 0.80743954519858
0.5504903580917884 0.80743954519858
0.5545307621321923 0.80743954519858
0.5585711661725964 0.80743954519858
0.5626115702130005 0.80743954519858
0.5666519742534044 0.80743954519858
0.5706923782938085 0.80743954519858
0.5747327823342125 0.80743954519858
0.5787731863746166 0.80743954519858
0.5828135904150207 0.80743954519858
0.5868539944554247 0.80743954519858
0.5949348025362328 0.80743954519858
0.5989752065766367 0.80743954519858
0.6030156106170408 0.80743954519858
0.6070560146574449 0.80743954519858
0.6110964186978489 0.80743954519858
0.615136822738253 0.80743954519858
0.619177226778657 0.80743954519858
0.623217630819061 0.80743954519858
0.6272580348594651 0.80743954519858
0.6312984388998691 0.80743954519858
0.6353388429402731 0.80743954519858
0.6393792469806772 0.80743954519858
0.6434196510210812 0.80743954519858
0.6474600550614853 0.80743954519858
0.6515004591018894 0.80743954519858
0.6555408631422934 0.80743954519858
0.6595812671826974 0.80743954519858
0.6636216712231015 0.80743954519858
0.6676620752635054 0.80743954519858
0.6717024793039095 0.80743954519858
0.6757428833443135 0.80743954519858
0.6797832873847176 0.80743954519858
0.6838236914251217 0.80743954519858
0.6878640954655257 0.80743954519858
0.6919044995059298 0.80743954519858
0.6959449035463338 0.80743954519858
0.6999853075867378 0.80743954519858
0.2999853075867378 0.811479949238984
0.30402571162714187 0.811479949238984
0.3080661156675459 0.811479949238984
0.3121065197079499 0.811479949238984
0.31614692374835396 0.811479949238984
0.320187327788758 0.811479949238984
0.32422773182916204 0.811479949238984
0.3282681358695661 0.811479949238984
0.3323085399099701 0.811479949238984
0.3363489439503742 0.811479949238984
0.3403893479907782 0.811479949238984
0.34442975203118226 0.811479949238984
0.34847015607158627 0.811479949238984
0.35251056011199033 0.811479949238984
0.3565509641523944 0.811479949238984
0.3605913681927984 0.811479949238984
0.3646317722332024 0.811479949238984
0.3686721762736065 0.811479949238984
0.37271258031401056 0.811479949238984
0.37675298435441457 0.811479949238984
0.3807933883948186 0.811479949238984
0.38483379243522264 0.811479949238984
0.3888741964756267 0.811479949238984
0.3929146005160307 0.811479949238984
0.3969550045564348 0.811479949238984
0.4009954085968388 0.811479949238984
0.40503581263724286 0.811479949238984
0.4090762166776469 0.811479949238984
0.41311662071805094 0.811479949238984
0.41715702475845495 0.811479949238984
0.421197428798859 0.811479949238984
0.4252378328392631 0.811479949238984
0.4292782368796671 0.811479949238984
0.4333186409200711 0.811479949238984
0.4373590449604752 0.811479949238984
0.44139944900087924 0.811479949238984
0.44543985304128325 0.811479949238984
0.44948025708168726 0.811479949238984
0.45352066112209133 0.811479949238984
0.4575610651624954 0.811479949238984
0.4616014692028994 0.811479949238984
0.4656418732433035 0.811479949238984
0.4696822772837075 0.811479949238984
0.47372268132411155 0.811479949238984
0.4777630853645156 0.811479949238984
0.4818034894049196 0.811479949238984
0.48584389344532364 0.811479949238984
0.4898842974857277 0.811479949238984
0.49392470152613177 0.811479949238984
0.4979651055665358 0.811479949238984
0.5020055096069398 0.811479949238984
0.5060459136473439 0.811479949238984
0.5100863176877479 0.811479949238984
0.514126721728152 0.811479949238984
0.518167125768556 0.811479949238984
0.52220752980896 0.811479949238984
0.5262479338493641 0.811479949238984
0.5302883378897681 0.811479949238984
0.5343287419301721 0.811479949238984
0.5383691459705762 0.811479949238984
0.5424095500109802 0.811479949238984
0.5464499540513843 0.811479949238984
0.5504903580917884 0.811479949238984
0.5545307621321923 0.811479949238984
0.5585711661725964 0.811479949238984
0.5626115702130005 0.811479949238984
0.5666519742534044 0.811479949238984
0.5706923782938085 0.811479949238984
0.5747327823342125 0.811479949238984
0.5787731863746166 0.811479949238984
0.5908943984958287 0.811479949238984
0.5949348025362328 0.811479949238984
0.5989752065766367 0.811479949238984
0.6030156106170408 0.811479949238984
0.6070560146574449 0.811479949238984
0.6110964186978489 0.811479949238984
0.615136822738253 0.811479949238984
0.619177226778657 0.811479949238984
0.623217630819061 0.811479949238984
0.6272580348594651 0.811479949238984
0.6312984388998691 0.811479949238984
0.6353388429402731 0.811479949238984
0.6393792469806772 0.811479949238984
0.6434196510210812 0.811479949238984
0.6474600550614853 0.811479949238984
0.6515004591018894 0.811479949238984
0.6555408631422934 0.811479949238984
0.6595812671826974 0.811479949238984
0.6636216712231015 0.811479949238984
0.6676620752635054 0.811479949238984
0.6717024793039095 0.811479949238984
0.6757428833443135 0.811479949238984
0.6797832873847176 0.811479949238984
0.6838236914251217 0.811479949238984
0.6878640954655257 0.811479949238984
0.6919044995059298 0.811479949238984
0.6959449035463338 0.811479949238984
0.6999853075867378 0.811479949238984
0.2999853075867378 0.8155203532793881
0.30402571162714187 0.8155203532793881
0.3080661156675459 0.8155203532793881
0.3121065197079499 0.8155203532793881
0.31614692374835396 0.8155203532793881
0.320187327788758 0.8155203532793881
0.32422773182916204 0.8155203532793881
0.3282681358695661 0.8155203532793881
0.3323085399099701 0.8155203532793881
0.3363489439503742 0.8155203532793881
0.3403893479907782 0.8155203532793881
0.34442975203118226 0.8155203532793881
0.34847015607158627 0.8155203532793881
0.35251056011199033 0.8155203532793881
0.3565509641523944 0.8155203532793881
0.3605913681927984 0.8155203532793881
0.3646317722332024 0.8155203532793881
0.3686721762736065 0.8155203532793881
0.37271258031401056 0.8155203532793881
0.37675298435441457 0.8155203532793881
0.3807933883948186 0.8155203532793881
0.38483379243522264 0.8155203532793881
0.3888741964756267 0.8155203532793881
0.3929146005160307 0.8155203532793881
0.3969550045564348 0.8155203532793881
0.4009954085968388 0.8155203532793881
0.40503581263724286 0.8155203532793881
0.4090762166776469 0.8155203532793881
0.41311662071805094 0.8155203532793881
0.41715702475845495 0.8155203532793881
0.421197428798859 0.8155203532793881
0.4252378328392631 0.8155203532793881
0.4292782368796671 0.8155203532793881
0.4333186409200711 0.8155203532793881
0.4373590449604752 0.8155203532793881
0.44139944900087924 0.8155203532793881
0.44543985304128325 0.8155203532793881
0.44948025708168726 0.8155203532793881
0.45352066112209133 0.8155203532793881
0.4575610651624954 0.8155203532793881
0.4616014692028994 0.8155203532793881
0.4656418732433035 0.8155203532793881
0.4696822772837075 0.8155203532793881
0.47372268132411155 0.8155203532793881
0.4777630853645156 0.8155203532793881
0.4818034894049196 0.8155203532793881
0.48584389344532364 0.8155203532793881
0.4898842974857277 0.8155203532793881
0.49392470152613177 0.8155203532793881
0.4979651055665358 0.8155203532793881
0.5020055096069398 0.8155203532793881
0.5060459136473439 0.8155203532793881
0.5100863176877479 0.8155203532793881
0.514126721728152 0.8155203532793881
0.518167125768556 0.8155203532793881
0.52220752980896 0.8155203532793881
0.5262479338493641 0.8155203532793881
0.5302883378897681 0.8155203532793881
0.5343287419301721 0.8155203532793881
0.5383691459705762 0.8155203532793881
0.5424095500109802 0.8155203532793881
0.5464499540513843 0.8155203532793881
0.5504903580917884 0.8155203532793881
0.5545307621321923 0.8155203532793881
0.5585711661725964 0.8155203532793881
0.5626115702130005 0.8155203532793881
0.5666519742534044 0.8155203532793881
0.5706923782938085 0.8155203532793881
0.5747327823342125 0.8155203532793881
0.5828135904150207 0.8155203532793881
0.5868539944554247 0.8155203532793881
0.5908943984958287 0.8155203532793881
0.5949348025362328 0.8155203532793881
0.6030156106170408 0.8155203532793881
0.6070560146574449 0.8155203532793881
0.6110964186978489 0.8155203532793881
0.615136822738253 0.8155203532793881
0.619177226778657 0.8155203532793881
0.623217630819061 0.8155203532793881
0.6272580348594651 0.8155203532793881
0.6312984388998691 0.8155203532793881
0.6353388429402731 0.8155203532793881
0.6393792469806772 0.8155203532793881
0.6434196510210812 0.8155203532793881
0.6474600550614853 0.8155203532793881
0.6515004591018894 0.8155203532793881
0.6555408631422934 0.8155203532793881
0.6595812671826974 0.8155203532793881
0.6636216712231015 0.8155203532793881
0.6676620752635054 0.8155203532793881
0.6717024793039095 0.8155203532793881
0.6757428833443135 0.8155203532793881
0.6797832873847176 0.8155203532793881
0.6838236914251217 0.8155203532793881
0.6878640954655257 0.8155203532793881
0.6919044995059298 0.8155203532793881
0.6959449035463338 0.8155203532793881
0.6999853075867378 0.8155203532793881
0.2999853075867378 0.819560757319792
0.30402571162714187 0.819560757319792
0.3080661156675459 0.819560757319792
0.3121065197079499 0.819560757319792
0.31614692374835396 0.819560757319792
0.320187327788758 0.819560757319792
0.32422773182916204 0.819560757319792
0.3282681358695661 0.819560757319792
0.3323085399099701 0.819560757319792
0.3363489439503742 0.819560757319792
0.3403893479907782 0.819560757319792
0.34442975203118226 0.819560757319792
0.34847015607158627 0.819560757319792
0.35251056011199033 0.819560757319792
0.3565509641523944 0.819560757319792
0.3605913681927984 0.819560757319792
0.3646317722332024 0.819560757319792
0.3686721762736065 0.819560757319792
0.37271258031401056 0.819560757319792
0.37675298435441457 0.819560757319792
0.3807933883948186 0.819560757319792
0.38483379243522264 0.819560757319792
0.3888741964756267 0.819560757319792
0.3929146005160307 0.819560757319792
0.3969550045564348 0.819560757319792
0.4009954085968388 0.819560757319792
0.40503581263724286 0.819560757319792
0.4090762166776469 0.819560757319792
0.41311662071805094 0.819560757319792
0.41715702475845495 0.819560757319792
0.421197428798859 0.819560757319792
0.4252378328392631 0.819560757319792
0.4292782368796671 0.819560757319792
0.4333186409200711 0.819560757319792
0.4373590449604752 0.819560757319792
0.44139944900087924 0.819560757319792
0.44543985304128325 0.819560757319792
0.44948025708168726 0.819560757319792
0.45352066112209133 0.819560757319792
0.4575610651624954 0.819560757319792
0.4616014692028994 0.819560757319792
0.4656418732433035 0.819560757319792
0.4696822772837075 0.819560757319792
0.47372268132411155 0.819560757319792
0.4777630853645156 0.819560757319792
0.4818034894049196 0.819560757319792
0.48584389344532364 0.819560757319792
0.4898842974857277 0.819560757319792
0.49392470152613177 0.819560757319792
0.4979651055665358 0.819560757319792
0.5020055096069398 0.819560757319792
0.5060459136473439 0.819560757319792
0.5100863176877479 0.819560757319792
0.514126721728152 0.819560757319792
0.518167125768556 0.819560757319792
0.52220752980896 0.819560757319792
0.5262479338493641 0.819560757319792
0.5302883378897681 0.819560757319792
0.5343287419301721 0.819560757319792
0.5383691459705762 0.819560757319792
0.5424095500109802 0.819560757319792
0.5464499540513843 0.819560757319792
0.5504903580917884 0.819560757319792
0.5545307621321923 0.819560757319792
0.5585711661725964 0.819560757319792
0.5626115702130005 0.819560757319792
0.5666519742534044 0.819560757319792
0.5787731863746166 0.819560757319792
0.5828135904150207 0.819560757319792
0.5868539944554247 0.819560757319792
0.5908943984958287 0.819560757319792
0.5949348025362328 0.819560757319792
0.5989752065766367 0.819560757319792
0.6030156106170408 0.819560757319792
0.6070560146574449 0.819560757319792
0.6110964186978489 0.819560757319792
0.615136822738253 0.819560757319792
0.619177226778657 0.819560757319792
0.623217630819061 0.819560757319792
0.6272580348594651 0.819560757319792
0.6312984388998691 0.819560757319792
0.6353388429402731 0.819560757319792
0.6393792469806772 0.819560757319792
0.6434196510210812 0.819560757319792
0.6474600550614853 0.819560757319792
0.6515004591018894 0.819560757319792
0.6555408631422934 0.819560757319792
0.6595812671826974 0.819560757319792
0.6636216712231015 0.819560757319792
0.6676620752635054 0.819560757319792
0.6717024793039095 0.819560757319792
0.6757428833443135 0.819560757319792
0.6797832873847176 0.819560757319792
0.6838236914251217 0.819560757319792
0.6878640954655257 0.819560757319792
0.6919044995059298 0.819560757319792
0.6959449035463338 0.819560757319792
0.6999853075867378 0.819560757319792
0.2999853075867378 0.8236011613601961
0.30402571162714187 0.8236011613601961
0.3080661156675459 0.8236011613601961
0.3121065197079499 0.8236011613601961
0.31614692374835396 0.8236011613601961
0.320187327788758 0.8236011613601961
0.32422773182916204 0.8236011613601961
0.3282681358695661 0.8236011613601961
0.3323085399099701 0.8236011613601961
0.3363489439503742 0.8236011613601961
0.3403893479907782 0.8236011613601961
0.34442975203118226 0.8236011613601961
0.34847015607158627 0.8236011613601961
0.35251056011199033 0.8236011613601961
0.3565509641523944 0.8236011613601961
0.3605913681927984 0.8236011613601961
0.3646317722332024 0.8236011613601961
0.3686721762736065 0.8236011613601961
0.37271258031401056 0.8236011613601961
0.37675298435441457 0.8236011613601961
0.3807933883948186 0.8236011613601961
0.38483379243522264 0.8236011613601961
0.3888741964756267 0.8236011613601961
0.3929146005160307 0.8236011613601961
0.3969550045564348 0.8236011613601961
0.4009954085968388 0.8236011613601961
0.40503581263724286 0.8236011613601961
0.4090762166776469 0.8236011613601961
0.41311662071805094 0.8236011613601961
0.41715702475845495 0.8236011613601961
0.421197428798859 0.8236011613601961
0.4252378328392631 0.8236011613601961
0.4292782368796671 0.8236011613601961
0.4333186409200711 0.8236011613601961
0.4373590449604752 0.8236011613601961
0.44139944900087924 0.8236011613601961
0.44543985304128325 0.8236011613601961
0.44948025708168726 0.8236011613601961
0.45352066112209133 0.8236011613601961
0.4575610651624954 0.8236011613601961
0.4616014692028994 0.8236011613601961
0.4656418732433035 0.8236011613601961
0.4696822772837075 0.8236011613601961
0.47372268132411155 0.8236011613601961
0.4777630853645156 0.8236011613601961
0.4818034894049196 0.8236011613601961
0.48584389344532364 0.8236011613601961
0.4898842974857277 0.8236011613601961
0.49392470152613177 0.8236011613601961
0.4979651055665358 0.8236011613601961
0.5020055096069398 0.8236011613601961
0.5060459136473439 0.8236011613601961
0.5100863176877479 0.8236011613601961
0.514126721728152 0.8236011613601961
0.518167125768556 0.8236011613601961
0.52220752980896 0.8236011613601961
0.5262479338493641 0.8236011613601961
0.5302883378897681 0.8236011613601961
0.5343287419301721 0.8236011613601961
0.5383691459705762 0.8236011613601961
0.5424095500109802 0.8236011613601961
0.5464499540513843 0.8236011613601961
0.5504903580917884 0.8236011613601961
0.5545307621321923 0.8236011613601961
0.5585711661725964 0.8236011613601961
0.5626115702130005 0.8236011613601961
0.5706923782938085 0.8236011613601961
0.5747327823342125 0.8236011613601961
0.5787731863746166 0.8236011613601961
0.5828135904150207 0.8236011613601961
0.5868539944554247 0.8236011613601961
0.5908943984958287 0.8236011613601961
0.5949348025362328 0.8236011613601961
0.5989752065766367 0.8236011613601961
0.6030156106170408 0.8236011613601961
0.6070560146574449 0.8236011613601961
0.6110964186978489 0.8236011613601961
0.615136822738253 0.8236011613601961
0.619177226778657 0.8236011613601961
0.623217630819061 0.8236011613601961
0.6272580348594651 0.8236011613601961
0.6312984388998691 0.8236011613601961
0.6353388429402731 0.8236011613601961
0.6393792469806772 0.8236011613601961
0.6434196510210812 0.8236011613601961
0.6474600550614853 0.8236011613601961
0.6515004591018894 0.8236011613601961
0.6555408631422934 0.8236011613601961
0.6595812671826974 0.8236011613601961
0.6636216712231015 0.8236011613601961
0.6676620752635054 0.8236011613601961
0.6717024793039095 0.8236011613601961
0.6757428833443135 0.8236011613601961
0.6797832873847176 0.8236011613601961
0.6838236914251217 0.8236011613601961
0.6878640954655257 0.8236011613601961
0.6919044995059298 0.8236011613601961
0.6959449035463338 0.8236011613601961
0.6999853075867378 0.8236011613601961
0.2999853075867378 0.8276415654006002
0.30402571162714187 0.8276415654006002
0.3080661156675459 0.8276415654006002
0.3121065197079499 0.8276415654006002
0.31614692374835396 0.8276415654006002
0.320187327788758 0.8276415654006002
0.32422773182916204 0.8276415654006002
0.3282681358695661 0.8276415654006002
0.3323085399099701 0.8276415654006002
0.3363489439503742 0.8276415654006002
0.3403893479907782 0.8276415654006002
0.34442975203118226 0.8276415654006002
0.34847015607158627 0.8276415654006002
0.35251056011199033 0.8276415654006002
0.3565509641523944 0.8276415654006002
0.3605913681927984 0.8276415654006002
0.3646317722332024 0.8276415654006002
0.3686721762736065 0.8276415654006002
0.37271258031401056 0.8276415654006002
0.37675298435441457 0.8276415654006002
0.3807933883948186 0.8276415654006002
0.38483379243522264 0.8276415654006002
0.3888741964756267 0.8276415654006002
0.3929146005160307 0.8276415654006002
0.3969550045564348 0.8276415654006002
0.4009954085968388 0.8276415654006002
0.40503581263724286 0.8276415654006002
0.4090762166776469 0.8276415654006002
0.41311662071805094 0.8276415654006002
0.41715702475845495 0.8276415654006002
0.421197428798859 0.8276415654006002
0.4252378328392631 0.8276415654006002
0.4292782368796671 0.8276415654006002
0.4333186409200711 0.8276415654006002
0.4373590449604752 0.8276415654006002
0.44139944900087924 0.8276415654006002
0.44543985304128325 0.8276415654006002
0.44948025708168726 0.8276415654006002
0.45352066112209133 0.8276415654006002
0.4575610651624954 0.8276415654006002
0.4616014692028994 0.8276415654006002
0.4656418732433035 0.8276415654006002
0.4696822772837075 0.8276415654006002
0.47372268132411155 0.8276415654006002
0.4777630853645156 0.8276415654006002
0.4818034894049196 0.8276415654006002
0.48584389344532364 0.8276415654006002
0.4898842974857277 0.8276415654006002
0.49392470152613177 0.8276415654006002
0.4979651055665358 0.8276415654006002
0.5020055096069398 0.8276415654006002
0.5060459136473439 0.8276415654006002
0.5100863176877479 0.8276415654006002
0.514126721728152 0.8276415654006002
0.518167125768556 0.8276415654006002
0.52220752980896 0.8276415654006002
0.5262479338493641 0.8276415654006002
0.5302883378897681 0.8276415654006002
0.5343287419301721 0.8276415654006002
0.5383691459705762 0.8276415654006002
0.5424095500109802 0.8276415654006002
0.5464499540513843 0.8276415654006002
0.5504903580917884 0.8276415654006002
0.5545307621321923 0.8276415654006002
0.5666519742534044 0.8276415654006002
0.5706923782938085 0.8276415654006002
0.5747327823342125 0.8276415654006002
0.5787731863746166 0.8276415654006002
0.5828135904150207 0.8276415654006002
0.5868539944554247 0.8276415654006002
0.5908943984958287 0.8276415654006002
0.5949348025362328 0.8276415654006002
0.5989752065766367 0.8276415654006002
0.6030156106170408 0.8276415654006002
0.6070560146574449 0.8276415654006002
0.6110964186978489 0.8276415654006002
0.615136822738253 0.8276415654006002
0.619177226778657 0.8276415654006002
0.623217630819061 0.8276415654006002
0.6272580348594651 0.8276415654006002
0.6312984388998691 0.8276415654006002
0.6353388429402731 0.8276415654006002
0.6393792469806772 0.8276415654006002
0.6434196510210812 0.8276415654006002
0.6474600550614853 0.8276415654006002
0.6515004591018894 0.8276415654006002
0.6555408631422934 0.8276415654006002
0.6595812671826974 0.8276415654006002
0.6636216712231015 0.8276415654006002
0.6676620752635054 0.8276415654006002
0.6717024793039095 0.8276415654006002
0.6757428833443135 0.8276415654006002
0.6797832873847176 0.8276415654006002
0.6838236914251217 0.8276415654006002
0.6878640954655257 0.8276415654006002
0.6919044995059298 0.8276415654006002
0.6959449035463338 0.8276415654006002
0.6999853075867378 0.8276415654006002
0.2999853075867378 0.8316819694410043
0.30402571162714187 0.8316819694410043
0.3080661156675459 0.8316819694410043
0.3121065197079499 0.8316819694410043
0.31614692374835396 0.8316819694410043
0.320187327788758 0.8316819694410043
0.32422773182916204 0.8316819694410043
0.3282681358695661 0.8316819694410043
0.3323085399099701 0.8316819694410043
0.3363489439503742 0.8316819694410043
0.3403893479907782 0.8316819694410043
0.34442975203118226 0.8316819694410043
0.34847015607158627 0.8316819694410043
0.35251056011199033 0.8316819694410043
0.3565509641523944 0.8316819694410043
0.3605913681927984 0.8316819694410043
0.3646317722332024 0.8316819694410043
0.3686721762736065 0.8316819694410043
0.37271258031401056 0.8316819694410043
0.37675298435441457 0.8316819694410043
0.3807933883948186 0.8316819694410043
0.38483379243522264 0.8316819694410043
0.3888741964756267 0.8316819694410043
0.3929146005160307 0.8316819694410043
0.3969550045564348 0.8316819694410043
0.4009954085968388 0.8316819694410043
0.40503581263724286 0.8316819694410043
0.4090762166776469 0.8316819694410043
0.41311662071805094 0.8316819694410043
0.41715702475845495 0.8316819694410043
0.421197428798859 0.8316819694410043
0.4252378328392631 0.8316819694410043
0.4292782368796671 0.8316819694410043
0.4333186409200711 0.8316819694410043
0.4373590449604752 0.8316819694410043
0.44139944900087924 0.8316819694410043
0.44543985304128325 0.8316819694410043
0.44948025708168726 0.8316819694410043
0.45352066112209133 0.8316819694410043
0.4575610651624954 0.8316819694410043
0.4616014692028994 0.8316819694410043
0.4656418732433035 0.8316819694410043
0.4696822772837075 0.8316819694410043
0.47372268132411155 0.8316819694410043
0.4777630853645156 0.8316819694410043
0.4818034894049196 0.8316819694410043
0.48584389344532364 0.8316819694410043
0.4898842974857277 0.8316819694410043
0.49392470152613177 0.8316819694410043
0.4979651055665358 0.8316819694410043
0.5020055096069398 0.8316819694410043
0.5060459136473439 0.8316819694410043
0.5100863176877479 0.8316819694410043
0.514126721728152 0.8316819694410043
0.518167125768556 0.8316819694410043
0.52220752980896 0.8316819694410043
0.5262479338493641 0.8316819694410043
0.5302883378897681 0.8316819694410043
0.5343287419301721 0.8316819694410043
0.5383691459705762 0.8316819694410043
0.5424095500109802 0.8316819694410043
0.5464499540513843 0.8316819694410043
0.5504903580917884 0.8316819694410043
0.5585711661725964 0.8316819694410043
0.5626115702130005 0.8316819694410043
0.5666519742534044 0.8316819694410043
0.5706923782938085 0.8316819694410043
0.5747327823342125 0.8316819694410043
0.5787731863746166 0.8316819694410043
0.5828135904150207 0.8316819694410043
0.5868539944554247 0.8316819694410043
0.5908943984958287 0.8316819694410043
0.5989752065766367 0.8316819694410043
0.6030156106170408 0.8316819694410043
0.6070560146574449 0.8316819694410043
0.6110964186978489 0.8316819694410043
0.615136822738253 0.8316819694410043
0.619177226778657 0.8316819694410043
0.623217630819061 0.8316819694410043
0.6272580348594651 0.8316819694410043
0.6312984388998691 0.8316819694410043
0.6353388429402731 0.8316819694410043
0.6393792469806772 0.8316819694410043
0.6434196510210812 0.8316819694410043
0.6474600550614853 0.8316819694410043
0.6515004591018894 0.8316819694410043
0.6555408631422934 0.8316819694410043
0.6595812671826974 0.8316819694410043
0.6636216712231015 0.8316819694410043
0.6676620752635054 0.8316819694410043
0.6717024793039095 0.8316819694410043
0.6757428833443135 0.8316819694410043
0.6797832873847176 0.8316819694410043
0.6838236914251217 0.8316819694410043
0.6878640954655257 0.8316819694410043
0.6919044995059298 0.8316819694410043
0.6959449035463338 0.8316819694410043
0.6999853075867378 0.8316819694410043
0.2999853075867378 0.8357223734814083
0.30402571162714187 0.8357223734814083
0.3080661156675459 0.8357223734814083
0.3121065197079499 0.8357223734814083
0.31614692374835396 0.8357223734814083
0.320187327788758 0.8357223734814083
0.32422773182916204 0.8357223734814083
0.3282681358695661 0.8357223734814083
0.3323085399099701 0.8357223734814083
0.3363489439503742 0.8357223734814083
0.3403893479907782 0.8357223734814083
0.34442975203118226 0.8357223734814083
0.34847015607158627 0.8357223734814083
0.35251056011199033 0.8357223734814083
0.3565509641523944 0.8357223734814083
0.3605913681927984 0.8357223734814083
0.3646317722332024 0.8357223734814083
0.3686721762736065 0.8357223734814083
0.37271258031401056 0.8357223734814083
0.37675298435441457 0.8357223734814083
0.3807933883948186 0.8357223734814083
0.38483379243522264 0.8357223734814083
0.3888741964756267 0.8357223734814083
0.3929146005160307 0.8357223734814083
0.3969550045564348 0.8357223734814083
0.4009954085968388 0.8357223734814083
0.40503581263724286 0.8357223734814083
0.4090762166776469 0.8357223734814083
0.41311662071805094 0.8357223734814083
0.41715702475845495 0.8357223734814083
0.421197428798859 0.8357223734814083
0.4252378328392631 0.8357223734814083
0.4292782368796671 0.8357223734814083
0.4333186409200711 0.8357223734814083
0.4373590449604752 0.8357223734814083
0.44139944900087924 0.8357223734814083
0.44543985304128325 0.8357223734814083
0.44948025708168726 0.8357223734814083
0.45352066112209133 0.8357223734814083
0.4575610651624954 0.8357223734814083
0.4616014692028994 0.8357223734814083
0.4656418732433035 0.8357223734814083
0.4696822772837075 0.8357223734814083
0.47372268132411155 0.8357223734814083
0.4777630853645156 0.8357223734814083
0.4818034894049196 0.8357223734814083
0.48584389344532364 0.8357223734814083
0.4898842974857277 0.8357223734814083
0.49392470152613177 0.8357223734814083
0.4979651055665358 0.8357223734814083
0.5020055096069398 0.8357223734814083
0.5060459136473439 0.8357223734814083
0.5100863176877479 0.8357223734814083
0.514126721728152 0.8357223734814083
0.518167125768556 0.8357223734814083
0.52220752980896 0.8357223734814083
0.5262479338493641 0.8357223734814083
0.5302883378897681 0.8357223734814083
0.5343287419301721 0.8357223734814083
0.5383691459705762 0.8357223734814083
0.5424095500109802 0.8357223734814083
0.5545307621321923 0.8357223734814083
0.5585711661725964 0.8357223734814083
0.5626115702130005 0.8357223734814083
0.5666519742534044 0.8357223734814083
0.5706923782938085 0.8357223734814083
0.5747327823342125 0.8357223734814083
0.5787731863746166 0.8357223734814083
0.5828135904150207 0.8357223734814083
0.5868539944554247 0.8357223734814083
0.5908943984958287 0.8357223734814083
0.5949348025362328 0.8357223734814083
0.5989752065766367 0.8357223734814083
0.6030156106170408 0.8357223734814083
0.6070560146574449 0.8357223734814083
0.6110964186978489 0.8357223734814083
0.615136822738253 0.8357223734814083
0.619177226778657 0.8357223734814083
0.623217630819061 0.8357223734814083
0.6272580348594651 0.8357223734814083
0.6312984388998691 0.8357223734814083
0.6353388429402731 0.8357223734814083
0.6393792469806772 0.8357223734814083
0.6434196510210812 0.8357223734814083
0.6474600550614853 0.8357223734814083
0.6515004591018894 0.8357223734814083
0.6555408631422934 0.8357223734814083
0.6595812671826974 0.8357223734814083
0.6636216712231015 0.8357223734814083
0.6676620752635054 0.8357223734814083
0.6717024793039095 0.8357223734814083
0.6757428833443135 0.8357223734814083
0.6797832873847176 0.8357223734814083
0.6838236914251217 0.8357223734814083
0.6878640954655257 0.8357223734814083
0.6919044995059298 0.8357223734814083
0.6959449035463338 0.8357223734814083
0.6999853075867378 0.8357223734814083
0.2999853075867378 0.8397627775218124
0.30402571162714187 0.8397627775218124
0.3080661156675459 0.8397627775218124
0.3121065197079499 0.8397627775218124
0.31614692374835396 0.8397627775218124
0.320187327788758 0.8397627775218124
0.32422773182916204 0.8397627775218124
0.3282681358695661 0.8397627775218124
0.3323085399099701 0.8397627775218124
0.3363489439503742 0.8397627775218124
0.3403893479907782 0.8397627775218124
0.34442975203118226 0.8397627775218124
0.34847015607158627 0.8397627775218124
0.35251056011199033 0.8397627775218124
0.3565509641523944 0.8397627775218124
0.3605913681927984 0.8397627775218124
0.3646317722332024 0.8397627775218124
0.3686721762736065 0.8397627775218124
0.37271258031401056 0.8397627775218124
0.37675298435441457 0.8397627775218124
0.3807933883948186 0.8397627775218124
0.38483379243522264 0.8397627775218124
0.3888741964756267 0.8397627775218124
0.3929146005160307 0.8397627775218124
0.3969550045564348 0.8397627775218124
0.4009954085968388 0.8397627775218124
0.40503581263724286 0.8397627775218124
0.4090762166776469 0.8397627775218124
0.41311662071805094 0.8397627775218124
0.41715702475845495 0.8397627775218124
0.421197428798859 0.8397627775218124
0.4252378328392631 0.8397627775218124
0.4292782368796671 0.8397627775218124
0.4333186409200711 0.8397627775218124
0.4373590449604752 0.8397627775218124
0.44139944900087924 0.8397627775218124
0.44543985304128325 0.8397627775218124
0.44948025708168726 0.8397627775218124
0.45352066112209133 0.8397627775218124
0.4575610651624954 0.8397627775218124
0.4616014692028994 0.8397627775218124
0.4656418732433035 0.8397627775218124
0.4696822772837075 0.8397627775218124
0.47372268132411155 0.8397627775218124
0.4777630853645156 0.8397627775218124
0.4818034894049196 0.8397627775218124
0.48584389344532364 0.8397627775218124
0.4898842974857277 0.8397627775218124
0.49392470152613177 0.8397627775218124
0.4979651055665358 0.8397627775218124
0.5020055096069398 0.8397627775218124
0.5060459136473439 0.8397627775218124
0.5100863176877479 0.8397627775218124
0.514126721728152 0.8397627775218124
0.518167125768556 0.8397627775218124
0.52220752980896 0.8397627775218124
0.5262479338493641 0.8397627775218124
0.5302883378897681 0.8397627775218124
0.5343287419301721 0.8397627775218124
0.5383691459705762 0.8397627775218124
0.5464499540513843 0.8397627775218124
0.5504903580917884 0.8397627775218124
0.5545307621321923 0.8397627775218124
0.5626115702130005 0.8397627775218124
0.5666519742534044 0.8397627775218124
0.5706923782938085 0.8397627775218124
0.5747327823342125 0.8397627775218124
0.5787731863746166 0.8397627775218124
0.5828135904150207 0.8397627775218124
0.5868539944554247 0.8397627775218124
0.5908943984958287 0.8397627775218124
0.5949348025362328 0.8397627775218124
0.5989752065766367 0.8397627775218124
0.6030156106170408 0.8397627775218124
0.6070560146574449 0.8397627775218124
0.6110964186978489 0.8397627775218124
0.615136822738253 0.8397627775218124
0.619177226778657 0.8397627775218124
0.623217630819061 0.8397627775218124
0.6272580348594651 0.8397627775218124
0.6312984388998691 0.8397627775218124
0.6353388429402731 0.8397627775218124
0.6393792469806772 0.8397627775218124
0.6434196510210812 0.8397627775218124
0.6474600550614853 0.8397627775218124
0.6515004591018894 0.8397627775218124
0.6555408631422934 0.8397627775218124
0.6595812671826974 0.8397627775218124
0.6636216712231015 0.8397627775218124
0.6676620752635054 0.8397627775218124
0.6717024793039095 0.8397627775218124
0.6757428833443135 0.8397627775218124
0.6797832873847176 0.8397627775218124
0.6838236914251217 0.8397627775218124
0.6878640954655257 0.8397627775218124
0.6919044995059298 0.8397627775218124
0.6959449035463338 0.8397627775218124
0.6999853075867378 0.8397627775218124
0.2999853075867378 0.8438031815622163
0.30402571162714187 0.8438031815622163
0.3080661156675459 0.8438031815622163
0.3121065197079499 0.8438031815622163
0.31614692374835396 0.8438031815622163
0.320187327788758 0.8438031815622163
0.32422773182916204 0.8438031815622163
0.3282681358695661 0.8438031815622163
0.3323085399099701 0.8438031815622163
0.3363489439503742 0.8438031815622163
0.3403893479907782 0.8438031815622163
0.34442975203118226 0.8438031815622163
0.34847015607158627 0.8438031815622163
0.35251056011199033 0.8438031815622163
0.3565509641523944 0.8438031815622163
0.3605913681927984 0.8438031815622163
0.3646317722332024 0.8438031815622163
0.3686721762736065 0.8438031815622163
0.37271258031401056 0.8438031815622163
0.37675298435441457 0.8438031815622163
0.3807933883948186 0.8438031815622163
0.38483379243522264 0.8438031815622163
0.3888741964756267 0.8438031815622163
0.3929146005160307 0.8438031815622163
0.3969550045564348 0.8438031815622163
0.4009954085968388 0.8438031815622163
0.40503581263724286 0.8438031815622163
0.4090762166776469 0.8438031815622163
0.41311662071805094 0.8438031815622163
0.41715702475845495 0.8438031815622163
0.421197428798859 0.8438031815622163
0.4252378328392631 0.8438031815622163
0.4292782368796671 0.8438031815622163
0.4333186409200711 0.8438031815622163
0.4373590449604752 0.8438031815622163
0.44139944900087924 0.8438031815622163
0.44543985304128325 0.8438031815622163
0.44948025708168726 0.8438031815622163
0.45352066112209133 0.8438031815622163
0.4575610651624954 0.8438031815622163
0.4616014692028994 0.8438031815622163
0.4656418732433035 0.8438031815622163
0.4696822772837075 0.8438031815622163
0.47372268132411155 0.8438031815622163
0.4777630853645156 0.8438031815622163
0.4818034894049196 0.8438031815622163
0.48584389344532364 0.8438031815622163
0.4898842974857277 0.8438031815622163
0.49392470152613177 0.8438031815622163
0.4979651055665358 0.8438031815622163
0.5020055096069398 0.8438031815622163
0.5060459136473439 0.8438031815622163
0.5100863176877479 0.8438031815622163
0.514126721728152 0.8438031815622163
0.518167125768556 0.8438031815622163
0.52220752980896 0.8438031815622163
0.5262479338493641 0.8438031815622163
0.5302883378897681 0.8438031815622163
0.5424095500109802 0.8438031815622163
0.5464499540513843 0.8438031815622163
0.5504903580917884 0.8438031815622163
0.5545307621321923 0.8438031815622163
0.5585711661725964 0.8438031815622163
0.5626115702130005 0.8438031815622163
0.5666519742534044 0.8438031815622163
0.5706923782938085 0.8438031815622163
0.5747327823342125 0.8438031815622163
0.5787731863746166 0.8438031815622163
0.5828135904150207 0.8438031815622163
0.5868539944554247 0.8438031815622163
0.5908943984958287 0.8438031815622163
0.5949348025362328 0.8438031815622163
0.5989752065766367 0.8438031815622163
0.6030156106170408 0.8438031815622163
0.6070560146574449 0.8438031815622163
0.6110964186978489 0.8438031815622163
0.615136822738253 0.8438031815622163
0.619177226778657 0.8438031815622163
0.623217630819061 0.8438031815622163
0.6272580348594651 0.8438031815622163
0.6312984388998691 0.8438031815622163
0.6353388429402731 0.8438031815622163
0.6393792469806772 0.8438031815622163
0.6434196510210812 0.8438031815622163
0.6474600550614853 0.8438031815622163
0.6515004591018894 0.8438031815622163
0.6555408631422934 0.8438031815622163
0.6595812671826974 0.8438031815622163
0.6636216712231015 0.8438031815622163
0.6676620752635054 0.8438031815622163
0.6717024793039095 0.8438031815622163
0.6757428833443135 0.8438031815622163
0.6797832873847176 0.8438031815622163
0.6838236914251217 0.8438031815622163
0.6878640954655257 0.8438031815622163
0.6919044995059298 0.8438031815622163
0.6959449035463338 0.8438031815622163
0.6999853075867378 0.8438031815622163
0.2999853075867378 0.8478435856026204
0.30402571162714187 0.8478435856026204
0.3080661156675459 0.8478435856026204
0.3121065197079499 0.8478435856026204
0.31614692374835396 0.8478435856026204
0.320187327788758 0.8478435856026204
0.32422773182916204 0.8478435856026204
0.3282681358695661 0.8478435856026204
0.3323085399099701 0.8478435856026204
0.3363489439503742 0.8478435856026204
0.3403893479907782 0.8478435856026204
0.34442975203118226 0.8478435856026204
0.34847015607158627 0.8478435856026204
0.35251056011199033 0.8478435856026204
0.3565509641523944 0.8478435856026204
0.3605913681927984 0.8478435856026204
0.3646317722332024 0.8478435856026204
0.3686721762736065 0.8478435856026204
0.37271258031401056 0.8478435856026204
0.37675298435441457 0.8478435856026204
0.3807933883948186 0.8478435856026204
0.38483379243522264 0.8478435856026204
0.3888741964756267 0.8478435856026204
0.3929146005160307 0.8478435856026204
0.3969550045564348 0.8478435856026204
0.4009954085968388 0.8478435856026204
0.40503581263724286 0.8478435856026204
0.4090762166776469 0.8478435856026204
0.41311662071805094 0.8478435856026204
0.41715702475845495 0.8478435856026204
0.421197428798859 0.8478435856026204
0.4252378328392631 0.8478435856026204
0.4292782368796671 0.8478435856026204
0.4333186409200711 0.8478435856026204
0.4373590449604752 0.8478435856026204
0.44139944900087924 0.8478435856026204
0.44543985304128325 0.8478435856026204
0.44948025708168726 0.8478435856026204
0.45352066112209133 0.8478435856026204
0.4575610651624954 0.8478435856026204
0.4616014692028994 0.8478435856026204
0.4656418732433035 0.8478435856026204
0.4696822772837075 0.8478435856026204
0.47372268132411155 0.8478435856026204
0.4777630853645156 0.8478435856026204
0.4818034894049196 0.8478435856026204
0.48584389344532364 0.8478435856026204
0.4898842974857277 0.8478435856026204
0.49392470152613177 0.8478435856026204
0.4979651055665358 0.8478435856026204
0.5020055096069398 0.8478435856026204
0.5060459136473439 0.8478435856026204
0.5100863176877479 0.8478435856026204
0.514126721728152 0.8478435856026204
0.518167125768556 0.8478435856026204
0.52220752980896 0.8478435856026204
0.5262479338493641 0.8478435856026204
0.5343287419301721 0.8478435856026204
0.5383691459705762 0.8478435856026204
0.5424095500109802 0.8478435856026204
0.5504903580917884 0.8478435856026204
0.5545307621321923 0.8478435856026204
0.5585711661725964 0.8478435856026204
0.5626115702130005 0.8478435856026204
0.5666519742534044 0.8478435856026204
0.5706923782938085 0.8478435856026204
0.5747327823342125 0.8478435856026204
0.5787731863746166 0.8478435856026204
0.5828135904150207 0.8478435856026204
0.5868539944554247 0.8478435856026204
0.5908943984958287 0.8478435856026204
0.5949348025362328 0.8478435856026204
0.5989752065766367 0.8478435856026204
0.6030156106170408 0.8478435856026204
0.6070560146574449 0.8478435856026204
0.6110964186978489 0.8478435856026204
0.615136822738253 0.8478435856026204
0.619177226778657 0.8478435856026204
0.623217630819061 0.8478435856026204
0.6272580348594651 0.8478435856026204
0.6312984388998691 0.8478435856026204
0.6353388429402731 0.8478435856026204
0.6393792469806772 0.8478435856026204
0.6434196510210812 0.8478435856026204
0.6474600550614853 0.8478435856026204
0.6515004591018894 0.8478435856026204
0.6555408631422934 0.8478435856026204
0.6595812671826974 0.8478435856026204
0.6636216712231015 0.8478435856026204
0.6676620752635054 0.8478435856026204
0.6717024793039095 0.8478435856026204
0.6757428833443135 0.8478435856026204
0.6797832873847176 0.8478435856026204
0.6838236914251217 0.8478435856026204
0.6878640954655257 0.8478435856026204
0.6919044995059298 0.8478435856026204
0.6959449035463338 0.8478435856026204
0.6999853075867378 0.8478435856026204
0.2999853075867378 0.8518839896430245
0.30402571162714187 0.8518839896430245
0.3080661156675459 0.8518839896430245
0.3121065197079499 0.8518839896430245
0.31614692374835396 0.8518839896430245
0.320187327788758 0.8518839896430245
0.32422773182916204 0.8518839896430245
0.3282681358695661 0.8518839896430245
0.3323085399099701 0.8518839896430245
0.3363489439503742 0.8518839896430245
0.3403893479907782 0.8518839896430245
0.34442975203118226 0.8518839896430245
0.34847015607158627 0.8518839896430245
0.35251056011199033 0.8518839896430245
0.3565509641523944 0.8518839896430245
0.3605913681927984 0.8518839896430245
0.3646317722332024 0.8518839896430245
0.3686721762736065 0.8518839896430245
0.37271258031401056 0.8518839896430245
0.37675298435441457 0.8518839896430245
0.3807933883948186 0.8518839896430245
0.38483379243522264 0.8518839896430245
0.3888741964756267 0.8518839896430245
0.3929146005160307 0.8518839896430245
0.3969550045564348 0.8518839896430245
0.4009954085968388 0.8518839896430245
0.40503581263724286 0.8518839896430245
0.4090762166776469 0.8518839896430245
0.41311662071805094 0.8518839896430245
0.41715702475845495 0.8518839896430245
0.421197428798859 0.8518839896430245
0.4252378328392631 0.8518839896430245
0.4292782368796671 0.8518839896430245
0.4333186409200711 0.8518839896430245
0.4373590449604752 0.8518839896430245
0.44139944900087924 0.8518839896430245
0.44543985304128325 0.8518839896430245
0.44948025708168726 0.8518839896430245
0.45352066112209133 0.8518839896430245
0.4575610651624954 0.8518839896430245
0.4616014692028994 0.8518839896430245
0.4656418732433035 0.8518839896430245
0.4696822772837075 0.8518839896430245
0.47372268132411155 0.8518839896430245
0.4777630853645156 0.8518839896430245
0.4818034894049196 0.8518839896430245
0.48584389344532364 0.8518839896430245
0.4898842974857277 0.8518839896430245
0.49392470152613177 0.8518839896430245
0.4979651055665358 0.8518839896430245
0.5020055096069398 0.8518839896430245
0.5060459136473439 0.8518839896430245
0.5100863176877479 0.8518839896430245
0.514126721728152 0.8518839896430245
0.518167125768556 0.8518839896430245
0.5302883378897681 0.8518839896430245
0.5343287419301721 0.8518839896430245
0.5383691459705762 0.8518839896430245
0.5424095500109802 0.8518839896430245
0.5464499540513843 0.8518839896430245
0.5504903580917884 0.8518839896430245
0.5545307621321923 0.8518839896430245
0.5585711661725964 0.8518839896430245
0.5626115702130005 0.8518839896430245
0.5666519742534044 0.8518839896430245
0.5706923782938085 0.8518839896430245
0.5747327823342125 0.8518839896430245
0.5787731863746166 0.8518839896430245
0.5828135904150207 0.8518839896430245
0.5868539944554247 0.8518839896430245
0.5908943984958287 0.8518839896430245
0.5949348025362328 0.8518839896430245
0.5989752065766367 0.8518839896430245
0.6030156106170408 0.8518839896430245
0.6070560146574449 0.8518839896430245
0.6110964186978489 0.8518839896430245
0.615136822738253 0.8518839896430245
0.619177226778657 0.8518839896430245
0.623217630819061 0.8518839896430245
0.6272580348594651 0.8518839896430245
0.6312984388998691 0.8518839896430245
0.6353388429402731 0.8518839896430245
0.6393792469806772 0.8518839896430245
0.6434196510210812 0.8518839896430245
0.6474600550614853 0.8518839896430245
0.6515004591018894 0.8518839896430245
0.6555408631422934 0.8518839896430245
0.6595812671826974 0.8518839896430245
0.6636216712231015 0.8518839896430245
0.6676620752635054 0.8518839896430245
0.6717024793039095 0.8518839896430245
0.6757428833443135 0.8518839896430245
0.6797832873847176 0.8518839896430245
0.6838236914251217 0.8518839896430245
0.6878640954655257 0.8518839896430245
0.6919044995059298 0.8518839896430245
0.6959449035463338 0.8518839896430245
0.6999853075867378 0.8518839896430245
0.2999853075867378 0.8559243936834284
0.30402571162714187 0.8559243936834284
0.3080661156675459 0.8559243936834284
0.3121065197079499 0.8559243936834284
0.31614692374835396 0.8559243936834284
0.320187327788758 0.8559243936834284
0.32422773182916204 0.8559243936834284
0.3282681358695661 0.8559243936834284
0.3323085399099701 0.8559243936834284
0.3363489439503742 0.8559243936834284
0.3403893479907782 0.8559243936834284
0.34442975203118226 0.8559243936834284
0.34847015607158627 0.8559243936834284
0.35251056011199033 0.8559243936834284
0.3565509641523944 0.8559243936834284
0.3605913681927984 0.8559243936834284
0.3646317722332024 0.8559243936834284
0.3686721762736065 0.8559243936834284
0.37271258031401056 0.8559243936834284
0.37675298435441457 0.8559243936834284
0.3807933883948186 0.8559243936834284
0.38483379243522264 0.8559243936834284
0.3888741964756267 0.8559243936834284
0.3929146005160307 0.8559243936834284
0.3969550045564348 0.8559243936834284
0.4009954085968388 0.8559243936834284
0.40503581263724286 0.8559243936834284
0.4090762166776469 0.8559243936834284
0.41311662071805094 0.8559243936834284
0.41715702475845495 0.8559243936834284
0.421197428798859 0.8559243936834284
0.4252378328392631 0.8559243936834284
0.4292782368796671 0.8559243936834284
0.4333186409200711 0.8559243936834284
0.4373590449604752 0.8559243936834284
0.44139944900087924 0.8559243936834284
0.44543985304128325 0.8559243936834284
0.44948025708168726 0.8559243936834284
0.45352066112209133 0.8559243936834284
0.4575610651624954 0.8559243936834284
0.4616014692028994 0.8559243936834284
0.4656418732433035 0.8559243936834284
0.4696822772837075 0.8559243936834284
0.47372268132411155 0.8559243936834284
0.4777630853645156 0.8559243936834284
0.4818034894049196 0.8559243936834284
0.48584389344532364 0.8559243936834284
0.4898842974857277 0.8559243936834284
0.49392470152613177 0.8559243936834284
0.4979651055665358 0.8559243936834284
0.5020055096069398 0.8559243936834284
0.5060459136473439 0.8559243936834284
0.5100863176877479 0.8559243936834284
0.52220752980896 0.8559243936834284
0.5262479338493641 0.8559243936834284
0.5302883378897681 0.8559243936834284
0.5343287419301721 0.8559243936834284
0.5383691459705762 0.8559243936834284
0.5424095500109802 0.8559243936834284
0.5464499540513843 0.8559243936834284
0.5504903580917884 0.8559243936834284
0.5545307621321923 0.8559243936834284
0.5585711661725964 0.8559243936834284
0.5626115702130005 0.8559243936834284
0.5666519742534044 0.8559243936834284
0.5706923782938085 0.8559243936834284
0.5747327823342125 0.8559243936834284
0.5787731863746166 0.8559243936834284
0.5828135904150207 0.8559243936834284
0.5868539944554247 0.8559243936834284
0.5908943984958287 0.8559243936834284
0.5949348025362328 0.8559243936834284
0.5989752065766367 0.8559243936834284
0.6030156106170408 0.8559243936834284
0.6070560146574449 0.8559243936834284
0.6110964186978489 0.8559243936834284
0.615136822738253 0.8559243936834284
0.619177226778657 0.8559243936834284
0.623217630819061 0.8559243936834284
0.6272580348594651 0.8559243936834284
0.6312984388998691 0.8559243936834284
0.6353388429402731 0.8559243936834284
0.6393792469806772 0.8559243936834284
0.6434196510210812 0.8559243936834284
0.6474600550614853 0.8559243936834284
0.6515004591018894 0.8559243936834284
0.6555408631422934 0.8559243936834284
0.6595812671826974 0.8559243936834284
0.6636216712231015 0.8559243936834284
0.6676620752635054 0.8559243936834284
0.6717024793039095 0.8559243936834284
0.6757428833443135 0.8559243936834284
0.6797832873847176 0.8559243936834284
0.6838236914251217 0.8559243936834284
0.6878640954655257 0.8559243936834284
0.6919044995059298 0.8559243936834284
0.6959449035463338 0.8559243936834284
0.6999853075867378 0.8559243936834284
0.2999853075867378 0.8599647977238325
0.30402571162714187 0.8599647977238325
0.3080661156675459 0.8599647977238325
0.3121065197079499 0.8599647977238325
0.31614692374835396 0.8599647977238325
0.320187327788758 0.8599647977238325
0.32422773182916204 0.8599647977238325
0.3282681358695661 0.8599647977238325
0.3323085399099701 0.8599647977238325
0.3363489439503742 0.8599647977238325
0.3403893479907782 0.8599647977238325
0.34442975203118226 0.8599647977238325
0.34847015607158627 0.8599647977238325
0.35251056011199033 0.8599647977238325
0.3565509641523944 0.8599647977238325
0.3605913681927984 0.8599647977238325
0.3646317722332024 0.8599647977238325
0.3686721762736065 0.8599647977238325
0.37271258031401056 0.8599647977238325
0.37675298435441457 0.8599647977238325
0.3807933883948186 0.8599647977238325
0.38483379243522264 0.8599647977238325
0.3888741964756267 0.8599647977238325
0.3929146005160307 0.8599647977238325
0.3969550045564348 0.8599647977238325
0.4009954085968388 0.8599647977238325
0.40503581263724286 0.8599647977238325
0.4090762166776469 0.8599647977238325
0.41311662071805094 0.8599647977238325
0.41715702475845495 0.8599647977238325
0.421197428798859 0.8599647977238325
0.4252378328392631 0.8599647977238325
0.4292782368796671 0.8599647977238325
0.4333186409200711 0.8599647977238325
0.4373590449604752 0.8599647977238325
0.44139944900087924 0.8599647977238325
0.44543985304128325 0.8599647977238325
0.44948025708168726 0.8599647977238325
0.45352066112209133 0.8599647977238325
0.4575610651624954 0.8599647977238325
0.4616014692028994 0.8599647977238325
0.4656418732433035 0.8599647977238325
0.4696822772837075 0.8599647977238325
0.47372268132411155 0.8599647977238325
0.4777630853645156 0.8599647977238325
0.4818034894049196 0.8599647977238325
0.48584389344532364 0.8599647977238325
0.4898842974857277 0.8599647977238325
0.49392470152613177 0.8599647977238325
0.4979651055665358 0.8599647977238325
0.5020055096069398 0.8599647977238325
0.5060459136473439 0.8599647977238325
0.514126721728152 0.8599647977238325
0.518167125768556 0.8599647977238325
0.5262479338493641 0.8599647977238325
0.5302883378897681 0.8599647977238325
0.5343287419301721 0.8599647977238325
0.5383691459705762 0.8599647977238325
0.5424095500109802 0.8599647977238325
0.5464499540513843 0.8599647977238325
0.5504903580917884 0.8599647977238325
0.5585711661725964 0.8599647977238325
0.5626115702130005 0.8599647977238325
0.5666519742534044 0.8599647977238325
0.5706923782938085 0.8599647977238325
0.5747327823342125 0.8599647977238325
0.5787731863746166 0.8599647977238325
0.5828135904150207 0.8599647977238325
0.5868539944554247 0.8599647977238325
0.5908943984958287 0.8599647977238325
0.5949348025362328 0.8599647977238325
0.5989752065766367 0.8599647977238325
0.6030156106170408 0.8599647977238325
0.6070560146574449 0.8599647977238325
0.6110964186978489 0.8599647977238325
0.615136822738253 0.8599647977238325
0.619177226778657 0.8599647977238325
0.623217630819061 0.8599647977238325
0.6272580348594651 0.8599647977238325
0.6312984388998691 0.8599647977238325
0.6353388429402731 0.8599647977238325
0.6393792469806772 0.8599647977238325
0.6434196510210812 0.8599647977238325
0.6474600550614853 0.8599647977238325
0.6515004591018894 0.8599647977238325
0.6555408631422934 0.8599647977238325
0.6595812671826974 0.8599647977238325
0.6636216712231015 0.8599647977238325
0.6676620752635054 0.8599647977238325
0.6717024793039095 0.8599647977238325
0.6757428833443135 0.8599647977238325
0.6797832873847176 0.8599647977238325
0.6838236914251217 0.8599647977238325
0.6878640954655257 0.8599647977238325
0.6919044995059298 0.8599647977238325
0.6959449035463338 0.8599647977238325
0.6999853075867378 0.8599647977238325
0.2999853075867378 0.8640052017642366
0.30402571162714187 0.8640052017642366
0.3080661156675459 0.8640052017642366
0.3121065197079499 0.8640052017642366
0.31614692374835396 0.8640052017642366
0.320187327788758 0.8640052017642366
0.32422773182916204 0.8640052017642366
0.3282681358695661 0.8640052017642366
0.3323085399099701 0.8640052017642366
0.3363489439503742 0.8640052017642366
0.3403893479907782 0.8640052017642366
0.34442975203118226 0.8640052017642366
0.34847015607158627 0.8640052017642366
0.35251056011199033 0.8640052017642366
0.3565509641523944 0.8640052017642366
0.3605913681927984 0.8640052017642366
0.3646317722332024 0.8640052017642366
0.3686721762736065 0.8640052017642366
0.37271258031401056 0.8640052017642366
0.37675298435441457 0.8640052017642366
0.3807933883948186 0.8640052017642366
0.38483379243522264 0.8640052017642366
0.3888741964756267 0.8640052017642366
0.3929146005160307 0.8640052017642366
0.3969550045564348 0.8640052017642366
0.4009954085968388 0.8640052017642366
0.40503581263724286 0.8640052017642366
0.4090762166776469 0.8640052017642366
0.41311662071805094 0.8640052017642366
0.41715702475845495 0.8640052017642366
0.421197428798859 0.8640052017642366
0.4252378328392631 0.8640052017642366
0.4292782368796671 0.8640052017642366
0.4333186409200711 0.8640052017642366
0.4373590449604752 0.8640052017642366
0.44139944900087924 0.8640052017642366
0.44543985304128325 0.8640052017642366
0.44948025708168726 0.8640052017642366
0.45352066112209133 0.8640052017642366
0.4575610651624954 0.8640052017642366
0.4616014692028994 0.8640052017642366
0.4656418732433035 0.8640052017642366
0.4696822772837075 0.8640052017642366
0.47372268132411155 0.8640052017642366
0.4777630853645156 0.8640052017642366
0.4818034894049196 0.8640052017642366
0.48584389344532364 0.8640052017642366
0.4898842974857277 0.8640052017642366
0.49392470152613177 0.8640052017642366
0.4979651055665358 0.8640052017642366
0.5100863176877479 0.8640052017642366
0.514126721728152 0.8640052017642366
0.518167125768556 0.8640052017642366
0.52220752980896 0.8640052017642366
0.5262479338493641 0.8640052017642366
0.5302883378897681 0.8640052017642366
0.5343287419301721 0.8640052017642366
0.5383691459705762 0.8640052017642366
0.5424095500109802 0.8640052017642366
0.5464499540513843 0.8640052017642366
0.5504903580917884 0.8640052017642366
0.5545307621321923 0.8640052017642366
0.5585711661725964 0.8640052017642366
0.5626115702130005 0.8640052017642366
0.5666519742534044 0.8640052017642366
0.5706923782938085 0.8640052017642366
0.5747327823342125 0.8640052017642366
0.5787731863746166 0.8640052017642366
0.5828135904150207 0.8640052017642366
0.5868539944554247 0.8640052017642366
0.5908943984958287 0.8640052017642366
0.5949348025362328 0.8640052017642366
0.5989752065766367 0.8640052017642366
0.6030156106170408 0.8640052017642366
0.6070560146574449 0.8640052017642366
0.6110964186978489 0.8640052017642366
0.615136822738253 0.8640052017642366
0.619177226778657 0.8640052017642366
0.623217630819061 0.8640052017642366
0.6272580348594651 0.8640052017642366
0.6312984388998691 0.8640052017642366
0.6353388429402731 0.8640052017642366
0.6393792469806772 0.8640052017642366
0.6434196510210812 0.8640052017642366
0.6474600550614853 0.8640052017642366
0.6515004591018894 0.8640052017642366
0.6555408631422934 0.8640052017642366
0.6595812671826974 0.8640052017642366
0.6636216712231015 0.8640052017642366
0.6676620752635054 0.8640052017642366
0.6717024793039095 0.8640052017642366
0.6757428833443135 0.8640052017642366
0.6797832873847176 0.8640052017642366
0.6838236914251217 0.8640052017642366
0.6878640954655257 0.8640052017642366
0.6919044995059298 0.8640052017642366
0.6959449035463338 0.8640052017642366
0.6999853075867378 0.8640052017642366
0.2999853075867378 0.8680456058046406
0.30402571162714187 0.8680456058046406
0.3080661156675459 0.8680456058046406
0.3121065197079499 0.8680456058046406
0.31614692374835396 0.8680456058046406
0.320187327788758 0.8680456058046406
0.32422773182916204 0.8680456058046406
0.3282681358695661 0.8680456058046406
0.3323085399099701 0.8680456058046406
0.3363489439503742 0.8680456058046406
0.3403893479907782 0.8680456058046406
0.34442975203118226 0.8680456058046406
0.34847015607158627 0.8680456058046406
0.35251056011199033 0.8680456058046406
0.3565509641523944 0.8680456058046406
0.3605913681927984 0.8680456058046406
0.3646317722332024 0.8680456058046406
0.3686721762736065 0.8680456058046406
0.37271258031401056 0.8680456058046406
0.37675298435441457 0.8680456058046406
0.3807933883948186 0.8680456058046406
0.38483379243522264 0.8680456058046406
0.3888741964756267 0.8680456058046406
0.3929146005160307 0.8680456058046406
0.3969550045564348 0.8680456058046406
0.4009954085968388 0.8680456058046406
0.40503581263724286 0.8680456058046406
0.4090762166776469 0.8680456058046406
0.41311662071805094 0.8680456058046406
0.41715702475845495 0.8680456058046406
0.421197428798859 0.8680456058046406
0.4252378328392631 0.8680456058046406
0.4292782368796671 0.8680456058046406
0.4333186409200711 0.8680456058046406
0.4373590449604752 0.8680456058046406
0.44139944900087924 0.8680456058046406
0.44543985304128325 0.8680456058046406
0.44948025708168726 0.8680456058046406
0.45352066112209133 0.8680456058046406
0.4575610651624954 0.8680456058046406
0.4616014692028994 0.8680456058046406
0.4656418732433035 0.8680456058046406
0.4696822772837075 0.8680456058046406
0.47372268132411155 0.8680456058046406
0.4777630853645156 0.8680456058046406
0.4818034894049196 0.8680456058046406
0.48584389344532364 0.8680456058046406
0.4898842974857277 0.8680456058046406
0.5020055096069398 0.8680456058046406
0.5060459136473439 0.8680456058046406
0.5100863176877479 0.8680456058046406
0.514126721728152 0.8680456058046406
0.518167125768556 0.8680456058046406
0.52220752980896 0.8680456058046406
0.5262479338493641 0.8680456058046406
0.5302883378897681 0.8680456058046406
0.5343287419301721 0.8680456058046406
0.5383691459705762 0.8680456058046406
0.5424095500109802 0.8680456058046406
0.5464499540513843 0.8680456058046406
0.5504903580917884 0.8680456058046406
0.5545307621321923 0.8680456058046406
0.5585711661725964 0.8680456058046406
0.5626115702130005 0.8680456058046406
0.5666519742534044 0.8680456058046406
0.5706923782938085 0.8680456058046406
0.5747327823342125 0.8680456058046406
0.5787731863746166 0.8680456058046406
0.5828135904150207 0.8680456058046406
0.5868539944554247 0.8680456058046406
0.5908943984958287 0.8680456058046406
0.5949348025362328 0.8680456058046406
0.5989752065766367 0.8680456058046406
0.6030156106170408 0.8680456058046406
0.6070560146574449 0.8680456058046406
0.6110964186978489 0.8680456058046406
0.615136822738253 0.8680456058046406
0.619177226778657 0.8680456058046406
0.623217630819061 0.8680456058046406
0.6272580348594651 0.8680456058046406
0.6312984388998691 0.8680456058046406
0.6353388429402731 0.8680456058046406
0.6393792469806772 0.8680456058046406
0.6434196510210812 0.8680456058046406
0.6474600550614853 0.8680456058046406
0.6515004591018894 0.8680456058046406
0.6555408631422934 0.8680456058046406
0.6595812671826974 0.8680456058046406
0.6636216712231015 0.8680456058046406
0.6676620752635054 0.8680456058046406
0.6717024793039095 0.8680456058046406
0.6757428833443135 0.8680456058046406
0.6797832873847176 0.8680456058046406
0.6838236914251217 0.8680456058046406
0.6878640954655257 0.8680456058046406
0.6919044995059298 0.8680456058046406
0.6959449035463338 0.8680456058046406
0.6999853075867378 0.8680456058046406
0.2999853075867378 0.8720860098450447
0.30402571162714187 0.8720860098450447
0.3080661156675459 0.8720860098450447
0.3121065197079499 0.8720860098450447
0.31614692374835396 0.8720860098450447
0.320187327788758 0.8720860098450447
0.32422773182916204 0.8720860098450447
0.3282681358695661 0.8720860098450447
0.3323085399099701 0.8720860098450447
0.3363489439503742 0.8720860098450447
0.3403893479907782 0.8720860098450447
0.34442975203118226 0.8720860098450447
0.34847015607158627 0.8720860098450447
0.35251056011199033 0.8720860098450447
0.3565509641523944 0.8720860098450447
0.3605913681927984 0.8720860098450447
0.3646317722332024 0.8720860098450447
0.3686721762736065 0.8720860098450447
0.37271258031401056 0.8720860098450447
0.37675298435441457 0.8720860098450447
0.3807933883948186 0.8720860098450447
0.38483379243522264 0.8720860098450447
0.3888741964756267 0.8720860098450447
0.3929146005160307 0.8720860098450447
0.3969550045564348 0.8720860098450447
0.4009954085968388 0.8720860098450447
0.40503581263724286 0.8720860098450447
0.4090762166776469 0.8720860098450447
0.41311662071805094 0.8720860098450447
0.41715702475845495 0.8720860098450447
0.421197428798859 0.8720860098450447
0.4252378328392631 0.8720860098450447
0.4292782368796671 0.8720860098450447
0.4333186409200711 0.8720860098450447
0.4373590449604752 0.8720860098450447
0.44139944900087924 0.8720860098450447
0.44543985304128325 0.8720860098450447
0.44948025708168726 0.8720860098450447
0.45352066112209133 0.8720860098450447
0.4575610651624954 0.8720860098450447
0.4616014692028994 0.8720860098450447
0.4656418732433035 0.8720860098450447
0.4696822772837075 0.8720860098450447
0.47372268132411155 0.8720860098450447
0.4777630853645156 0.8720860098450447
0.4818034894049196 0.8720860098450447
0.48584389344532364 0.8720860098450447
0.49392470152613177 0.8720860098450447
0.4979651055665358 0.8720860098450447
0.5060459136473439 0.8720860098450447
0.5100863176877479 0.8720860098450447
0.514126721728152 0.8720860098450447
0.518167125768556 0.8720860098450447
0.52220752980896 0.8720860098450447
0.5262479338493641 0.8720860098450447
0.5302883378897681 0.8720860098450447
0.5343287419301721 0.8720860098450447
0.5383691459705762 0.8720860098450447
0.5424095500109802 0.8720860098450447
0.5464499540513843 0.8720860098450447
0.5504903580917884 0.8720860098450447
0.5545307621321923 0.8720860098450447
0.5585711661725964 0.8720860098450447
0.5626115702130005 0.8720860098450447
0.5666519742534044 0.8720860098450447
0.5706923782938085 0.8720860098450447
0.5747327823342125 0.8720860098450447
0.5787731863746166 0.8720860098450447
0.5828135904150207 0.8720860098450447
0.5868539944554247 0.8720860098450447
0.5908943984958287 0.8720860098450447
0.5949348025362328 0.8720860098450447
0.5989752065766367 0.8720860098450447
0.6030156106170408 0.8720860098450447
0.6070560146574449 0.8720860098450447
0.6110964186978489 0.8720860098450447
0.615136822738253 0.8720860098450447
0.619177226778657 0.8720860098450447
0.623217630819061 0.8720860098450447
0.6272580348594651 0.8720860098450447
0.6312984388998691 0.8720860098450447
0.6353388429402731 0.8720860098450447
0.6393792469806772 0.8720860098450447
0.6434196510210812 0.8720860098450447
0.6474600550614853 0.8720860098450447
0.6515004591018894 0.8720860098450447
0.6555408631422934 0.8720860098450447
0.6595812671826974 0.8720860098450447
0.6636216712231015 0.8720860098450447
0.6676620752635054 0.8720860098450447
0.6717024793039095 0.8720860098450447
0.6757428833443135 0.8720860098450447
0.6797832873847176 0.8720860098450447
0.6838236914251217 0.8720860098450447
0.6878640954655257 0.8720860098450447
0.6919044995059298 0.8720860098450447
0.6959449035463338 0.8720860098450447
0.6999853075867378 0.8720860098450447
0.2999853075867378 0.8761264138854487
0.30402571162714187 0.8761264138854487
0.3080661156675459 0.8761264138854487
0.3121065197079499 0.8761264138854487
0.31614692374835396 0.8761264138854487
0.320187327788758 0.8761264138854487
0.32422773182916204 0.8761264138854487
0.3282681358695661 0.8761264138854487
0.3323085399099701 0.8761264138854487
0.3363489439503742 0.8761264138854487
0.3403893479907782 0.8761264138854487
0.34442975203118226 0.8761264138854487
0.34847015607158627 0.8761264138854487
0.35251056011199033 0.8761264138854487
0.3565509641523944 0.8761264138854487
0.3605913681927984 0.8761264138854487
0.3646317722332024 0.8761264138854487
0.3686721762736065 0.8761264138854487
0.37271258031401056 0.8761264138854487
0.37675298435441457 0.8761264138854487
0.3807933883948186 0.8761264138854487
0.38483379243522264 0.8761264138854487
0.3888741964756267 0.8761264138854487
0.3929146005160307 0.8761264138854487
0.3969550045564348 0.8761264138854487
0.4009954085968388 0.8761264138854487
0.40503581263724286 0.8761264138854487
0.4090762166776469 0.8761264138854487
0.41311662071805094 0.8761264138854487
0.41715702475845495 0.8761264138854487
0.421197428798859 0.8761264138854487
0.4252378328392631 0.8761264138854487
0.4292782368796671 0.8761264138854487
0.4333186409200711 0.8761264138854487
0.4373590449604752 0.8761264138854487
0.44139944900087924 0.8761264138854487
0.44543985304128325 0.8761264138854487
0.44948025708168726 0.8761264138854487
0.45352066112209133 0.8761264138854487
0.4575610651624954 0.8761264138854487
0.4616014692028994 0.8761264138854487
0.4656418732433035 0.8761264138854487
0.4696822772837075 0.8761264138854487
0.47372268132411155 0.8761264138854487
0.4777630853645156 0.8761264138854487
0.48584389344532364 0.8761264138854487
0.4898842974857277 0.8761264138854487
0.49392470152613177 0.8761264138854487
0.4979651055665358 0.8761264138854487
0.5020055096069398 0.8761264138854487
0.5060459136473439 0.8761264138854487
0.5100863176877479 0.8761264138854487
0.514126721728152 0.8761264138854487
0.518167125768556 0.8761264138854487
0.52220752980896 0.8761264138854487
0.5262479338493641 0.8761264138854487
0.5343287419301721 0.8761264138854487
0.5383691459705762 0.8761264138854487
0.5424095500109802 0.8761264138854487
0.5464499540513843 0.8761264138854487
0.5504903580917884 0.8761264138854487
0.5545307621321923 0.8761264138854487
0.5585711661725964 0.8761264138854487
0.5626115702130005 0.8761264138854487
0.5666519742534044 0.8761264138854487
0.5706923782938085 0.8761264138854487
0.5747327823342125 0.8761264138854487
0.5787731863746166 0.8761264138854487
0.5828135904150207 0.8761264138854487
0.5868539944554247 0.8761264138854487
0.5908943984958287 0.8761264138854487
0.5949348025362328 0.8761264138854487
0.5989752065766367 0.8761264138854487
0.6030156106170408 0.8761264138854487
0.6070560146574449 0.8761264138854487
0.6110964186978489 0.8761264138854487
0.615136822738253 0.8761264138854487
0.619177226778657 0.8761264138854487
0.623217630819061 0.8761264138854487
0.6272580348594651 0.8761264138854487
0.6312984388998691 0.8761264138854487
0.6353388429402731 0.8761264138854487
0.6393792469806772 0.8761264138854487
0.6434196510210812 0.8761264138854487
0.6474600550614853 0.8761264138854487
0.6515004591018894 0.8761264138854487
0.6555408631422934 0.8761264138854487
0.6595812671826974 0.8761264138854487
0.6636216712231015 0.8761264138854487
0.6676620752635054 0.8761264138854487
0.6717024793039095 0.8761264138854487
0.6757428833443135 0.8761264138854487
0.6797832873847176 0.8761264138854487
0.6838236914251217 0.8761264138854487
0.6878640954655257 0.8761264138854487
0.6919044995059298 0.8761264138854487
0.6959449035463338 0.8761264138854487
0.6999853075867378 0.8761264138854487
0.2999853075867378 0.8801668179258527
0.30402571162714187 0.8801668179258527
0.3080661156675459 0.8801668179258527
0.3121065197079499 0.8801668179258527
0.31614692374835396 0.8801668179258527
0.320187327788758 0.8801668179258527
0.32422773182916204 0.8801668179258527
0.3282681358695661 0.8801668179258527
0.3323085399099701 0.8801668179258527
0.3363489439503742 0.8801668179258527
0.3403893479907782 0.8801668179258527
0.34442975203118226 0.8801668179258527
0.34847015607158627 0.8801668179258527
0.35251056011199033 0.8801668179258527
0.3565509641523944 0.8801668179258527
0.3605913681927984 0.8801668179258527
0.3646317722332024 0.8801668179258527
0.3686721762736065 0.8801668179258527
0.37271258031401056 0.8801668179258527
0.37675298435441457 0.8801668179258527
0.3807933883948186 0.8801668179258527
0.38483379243522264 0.8801668179258527
0.3888741964756267 0.8801668179258527
0.3929146005160307 0.8801668179258527
0.3969550045564348 0.8801668179258527
0.4009954085968388 0.8801668179258527
0.40503581263724286 0.8801668179258527
0.4090762166776469 0.8801668179258527
0.41311662071805094 0.8801668179258527
0.41715702475845495 0.8801668179258527
0.421197428798859 0.8801668179258527
0.4252378328392631 0.8801668179258527
0.4292782368796671 0.8801668179258527
0.4333186409200711 0.8801668179258527
0.4373590449604752 0.8801668179258527
0.44139944900087924 0.8801668179258527
0.44543985304128325 0.8801668179258527
0.44948025708168726 0.8801668179258527
0.45352066112209133 0.8801668179258527
0.4575610651624954 0.8801668179258527
0.4616014692028994 0.8801668179258527
0.4656418732433035 0.8801668179258527
0.4696822772837075 0.8801668179258527
0.4818034894049196 0.8801668179258527
0.48584389344532364 0.8801668179258527
0.4898842974857277 0.8801668179258527
0.49392470152613177 0.8801668179258527
0.4979651055665358 0.8801668179258527
0.5020055096069398 0.8801668179258527
0.5060459136473439 0.8801668179258527
0.5100863176877479 0.8801668179258527
0.514126721728152 0.8801668179258527
0.518167125768556 0.8801668179258527
0.52220752980896 0.8801668179258527
0.5262479338493641 0.8801668179258527
0.5302883378897681 0.8801668179258527
0.5343287419301721 0.8801668179258527
0.5383691459705762 0.8801668179258527
0.5424095500109802 0.8801668179258527
0.5464499540513843 0.8801668179258527
0.5504903580917884 0.8801668179258527
0.5545307621321923 0.8801668179258527
0.5585711661725964 0.8801668179258527
0.5626115702130005 0.8801668179258527
0.5666519742534044 0.8801668179258527
0.5706923782938085 0.8801668179258527
0.5747327823342125 0.8801668179258527
0.5787731863746166 0.8801668179258527
0.5828135904150207 0.8801668179258527
0.5868539944554247 0.8801668179258527
0.5908943984958287 0.8801668179258527
0.5949348025362328 0.8801668179258527
0.5989752065766367 0.8801668179258527
0.6030156106170408 0.8801668179258527
0.6070560146574449 0.8801668179258527
0.6110964186978489 0.8801668179258527
0.615136822738253 0.8801668179258527
0.619177226778657 0.8801668179258527
0.623217630819061 0.8801668179258527
0.6272580348594651 0.8801668179258527
0.6312984388998691 0.8801668179258527
0.6353388429402731 0.8801668179258527
0.6393792469806772 0.8801668179258527
0.6434196510210812 0.8801668179258527
0.6474600550614853 0.8801668179258527
0.6515004591018894 0.8801668179258527
0.6555408631422934 0.8801668179258527
0.6595812671826974 0.8801668179258527
0.6636216712231015 0.8801668179258527
0.6676620752635054 0.8801668179258527
0.6717024793039095 0.8801668179258527
0.6757428833443135 0.8801668179258527
0.6797832873847176 0.8801668179258527
0.6838236914251217 0.8801668179258527
0.6878640954655257 0.8801668179258527
0.6919044995059298 0.8801668179258527
0.6959449035463338 0.8801668179258527
0.6999853075867378 0.8801668179258527
0.2999853075867378 0.8842072219662568
0.30402571162714187 0.8842072219662568
0.3080661156675459 0.8842072219662568
0.3121065197079499 0.8842072219662568
0.31614692374835396 0.8842072219662568
0.320187327788758 0.8842072219662568
0.32422773182916204 0.8842072219662568
0.3282681358695661 0.8842072219662568
0.3323085399099701 0.8842072219662568
0.3363489439503742 0.8842072219662568
0.3403893479907782 0.8842072219662568
0.34442975203118226 0.8842072219662568
0.34847015607158627 0.8842072219662568
0.35251056011199033 0.8842072219662568
0.3565509641523944 0.8842072219662568
0.3605913681927984 0.8842072219662568
0.3646317722332024 0.8842072219662568
0.3686721762736065 0.8842072219662568
0.37271258031401056 0.8842072219662568
0.37675298435441457 0.8842072219662568
0.3807933883948186 0.8842072219662568
0.38483379243522264 0.8842072219662568
0.3888741964756267 0.8842072219662568
0.3929146005160307 0.8842072219662568
0.3969550045564348 0.8842072219662568
0.4009954085968388 0.8842072219662568
0.40503581263724286 0.8842072219662568
0.4090762166776469 0.8842072219662568
0.41311662071805094 0.8842072219662568
0.41715702475845495 0.8842072219662568
0.421197428798859 0.8842072219662568
0.4252378328392631 0.8842072219662568
0.4292782368796671 0.8842072219662568
0.4333186409200711 0.8842072219662568
0.4373590449604752 0.8842072219662568
0.44139944900087924 0.8842072219662568
0.44543985304128325 0.8842072219662568
0.44948025708168726 0.8842072219662568
0.45352066112209133 0.8842072219662568
0.4575610651624954 0.8842072219662568
0.4616014692028994 0.8842072219662568
0.47372268132411155 0.8842072219662568
0.4777630853645156 0.8842072219662568
0.4818034894049196 0.8842072219662568
0.48584389344532364 0.8842072219662568
0.4898842974857277 0.8842072219662568
0.49392470152613177 0.8842072219662568
0.4979651055665358 0.8842072219662568
0.5020055096069398 0.8842072219662568
0.5060459136473439 0.8842072219662568
0.5100863176877479 0.8842072219662568
0.514126721728152 0.8842072219662568
0.518167125768556 0.8842072219662568
0.52220752980896 0.8842072219662568
0.5262479338493641 0.8842072219662568
0.5302883378897681 0.8842072219662568
0.5343287419301721 0.8842072219662568
0.5383691459705762 0.8842072219662568
0.5424095500109802 0.8842072219662568
0.5464499540513843 0.8842072219662568
0.5504903580917884 0.8842072219662568
0.5545307621321923 0.8842072219662568
0.5585711661725964 0.8842072219662568
0.5626115702130005 0.8842072219662568
0.5666519742534044 0.8842072219662568
0.5706923782938085 0.8842072219662568
0.5747327823342125 0.8842072219662568
0.5787731863746166 0.8842072219662568
0.5828135904150207 0.8842072219662568
0.5868539944554247 0.8842072219662568
0.5908943984958287 0.8842072219662568
0.5949348025362328 0.8842072219662568
0.5989752065766367 0.8842072219662568
0.6030156106170408 0.8842072219662568
0.6070560146574449 0.8842072219662568
0.6110964186978489 0.8842072219662568
0.615136822738253 0.8842072219662568
0.619177226778657 0.8842072219662568
0.623217630819061 0.8842072219662568
0.6272580348594651 0.8842072219662568
0.6312984388998691 0.8842072219662568
0.6353388429402731 0.8842072219662568
0.6393792469806772 0.8842072219662568
0.6434196510210812 0.8842072219662568
0.6474600550614853 0.8842072219662568
0.6515004591018894 0.8842072219662568
0.6555408631422934 0.8842072219662568
0.6595812671826974 0.8842072219662568
0.6636216712231015 0.8842072219662568
0.6676620752635054 0.8842072219662568
0.6717024793039095 0.8842072219662568
0.6757428833443135 0.8842072219662568
0.6797832873847176 0.8842072219662568
0.6838236914251217 0.8842072219662568
0.6878640954655257 0.8842072219662568
0.6919044995059298 0.8842072219662568
0.6959449035463338 0.8842072219662568
0.6999853075867378 0.8842072219662568
0.2999853075867378 0.8882476260066607
0.30402571162714187 0.8882476260066607
0.3080661156675459 0.8882476260066607
0.3121065197079499 0.8882476260066607
0.31614692374835396 0.8882476260066607
0.320187327788758 0.8882476260066607
0.32422773182916204 0.8882476260066607
0.3282681358695661 0.8882476260066607
0.3323085399099701 0.8882476260066607
0.3363489439503742 0.8882476260066607
0.3403893479907782 0.8882476260066607
0.34442975203118226 0.8882476260066607
0.34847015607158627 0.8882476260066607
0.35251056011199033 0.8882476260066607
0.3565509641523944 0.8882476260066607
0.3605913681927984 0.8882476260066607
0.3646317722332024 0.8882476260066607
0.3686721762736065 0.8882476260066607
0.37271258031401056 0.8882476260066607
0.37675298435441457 0.8882476260066607
0.3807933883948186 0.8882476260066607
0.38483379243522264 0.8882476260066607
0.3888741964756267 0.8882476260066607
0.3929146005160307 0.8882476260066607
0.3969550045564348 0.8882476260066607
0.4009954085968388 0.8882476260066607
0.40503581263724286 0.8882476260066607
0.4090762166776469 0.8882476260066607
0.41311662071805094 0.8882476260066607
0.41715702475845495 0.8882476260066607
0.421197428798859 0.8882476260066607
0.4252378328392631 0.8882476260066607
0.4292782368796671 0.8882476260066607
0.4333186409200711 0.8882476260066607
0.4373590449604752 0.8882476260066607
0.44139944900087924 0.8882476260066607
0.44543985304128325 0.8882476260066607
0.44948025708168726 0.8882476260066607
0.45352066112209133 0.8882476260066607
0.4656418732433035 0.8882476260066607
0.4696822772837075 0.8882476260066607
0.47372268132411155 0.8882476260066607
0.4777630853645156 0.8882476260066607
0.4818034894049196 0.8882476260066607
0.48584389344532364 0.8882476260066607
0.4898842974857277 0.8882476260066607
0.49392470152613177 0.8882476260066607
0.4979651055665358 0.8882476260066607
0.5020055096069398 0.8882476260066607
0.5060459136473439 0.8882476260066607
0.5100863176877479 0.8882476260066607
0.514126721728152 0.8882476260066607
0.518167125768556 0.8882476260066607
0.52220752980896 0.8882476260066607
0.5262479338493641 0.8882476260066607
0.5302883378897681 0.8882476260066607
0.5343287419301721 0.8882476260066607
0.5383691459705762 0.8882476260066607
0.5424095500109802 0.8882476260066607
0.5464499540513843 0.8882476260066607
0.5504903580917884 0.8882476260066607
0.5545307621321923 0.8882476260066607
0.5585711661725964 0.8882476260066607
0.5626115702130005 0.8882476260066607
0.5666519742534044 0.8882476260066607
0.5706923782938085 0.8882476260066607
0.5747327823342125 0.8882476260066607
0.5787731863746166 0.8882476260066607
0.5828135904150207 0.8882476260066607
0.5868539944554247 0.8882476260066607
0.5908943984958287 0.8882476260066607
0.5949348025362328 0.8882476260066607
0.5989752065766367 0.8882476260066607
0.6030156106170408 0.8882476260066607
0.6070560146574449 0.8882476260066607
0.6110964186978489 0.8882476260066607
0.615136822738253 0.8882476260066607
0.619177226778657 0.8882476260066607
0.623217630819061 0.8882476260066607
0.6272580348594651 0.8882476260066607
0.6312984388998691 0.8882476260066607
0.6353388429402731 0.8882476260066607
0.6393792469806772 0.8882476260066607
0.6434196510210812 0.8882476260066607
0.6474600550614853 0.8882476260066607
0.6515004591018894 0.8882476260066607
0.6555408631422934 0.8882476260066607
0.6595812671826974 0.8882476260066607
0.6636216712231015 0.8882476260066607
0.6676620752635054 0.8882476260066607
0.6717024793039095 0.8882476260066607
0.6757428833443135 0.8882476260066607
0.6797832873847176 0.8882476260066607
0.6838236914251217 0.8882476260066607
0.6878640954655257 0.8882476260066607
0.6919044995059298 0.8882476260066607
0.6959449035463338 0.8882476260066607
0.6999853075867378 0.8882476260066607
0.2999853075867378 0.8922880300470648
0.30402571162714187 0.8922880300470648
0.3080661156675459 0.8922880300470648
0.3121065197079499 0.8922880300470648
0.31614692374835396 0.8922880300470648
0.320187327788758 0.8922880300470648
0.32422773182916204 0.8922880300470648
0.3282681358695661 0.8922880300470648
0.3323085399099701 0.8922880300470648
0.3363489439503742 0.8922880300470648
0.3403893479907782 0.8922880300470648
0.34442975203118226 0.8922880300470648
0.34847015607158627 0.8922880300470648
0.35251056011199033 0.8922880300470648
0.3565509641523944 0.8922880300470648
0.3605913681927984 0.8922880300470648
0.3646317722332024 0.8922880300470648
0.3686721762736065 0.8922880300470648
0.37271258031401056 0.8922880300470648
0.37675298435441457 0.8922880300470648
0.3807933883948186 0.8922880300470648
0.38483379243522264 0.8922880300470648
0.3888741964756267 0.8922880300470648
0.3929146005160307 0.8922880300470648
0.3969550045564348 0.8922880300470648
0.4009954085968388 0.8922880300470648
0.40503581263724286 0.8922880300470648
0.4090762166776469 0.8922880300470648
0.41311662071805094 0.8922880300470648
0.41715702475845495 0.8922880300470648
0.421197428798859 0.8922880300470648
0.4252378328392631 0.8922880300470648
0.4292782368796671 0.8922880300470648
0.4333186409200711 0.8922880300470648
0.4373590449604752 0.8922880300470648
0.44139944900087924 0.8922880300470648
0.44543985304128325 0.8922880300470648
0.4575610651624954 0.8922880300470648
0.4616014692028994 0.8922880300470648
0.4696822772837075 0.8922880300470648
0.47372268132411155 0.8922880300470648
0.4777630853645156 0.8922880300470648
0.4818034894049196 0.8922880300470648
0.48584389344532364 0.8922880300470648
0.4898842974857277 0.8922880300470648
0.49392470152613177 0.8922880300470648
0.4979651055665358 0.8922880300470648
0.5020055096069398 0.8922880300470648
0.5060459136473439 0.8922880300470648
0.5100863176877479 0.8922880300470648
0.514126721728152 0.8922880300470648
0.518167125768556 0.8922880300470648
0.52220752980896 0.8922880300470648
0.5262479338493641 0.8922880300470648
0.5302883378897681 0.8922880300470648
0.5343287419301721 0.8922880300470648
0.5383691459705762 0.8922880300470648
0.5424095500109802 0.8922880300470648
0.5464499540513843 0.8922880300470648
0.5504903580917884 0.8922880300470648
0.5545307621321923 0.8922880300470648
0.5585711661725964 0.8922880300470648
0.5626115702130005 0.8922880300470648
0.5666519742534044 0.8922880300470648
0.5706923782938085 0.8922880300470648
0.5747327823342125 0.8922880300470648
0.5787731863746166 0.8922880300470648
0.5828135904150207 0.8922880300470648
0.5868539944554247 0.8922880300470648
0.5908943984958287 0.8922880300470648
0.5949348025362328 0.8922880300470648
0.5989752065766367 0.8922880300470648
0.6030156106170408 0.8922880300470648
0.6070560146574449 0.8922880300470648
0.6110964186978489 0.8922880300470648
0.615136822738253 0.8922880300470648
0.619177226778657 0.8922880300470648
0.623217630819061 0.8922880300470648
0.6272580348594651 0.8922880300470648
0.6312984388998691 0.8922880300470648
0.6353388429402731 0.8922880300470648
0.6393792469806772 0.8922880300470648
0.6434196510210812 0.8922880300470648
0.6474600550614853 0.8922880300470648
0.6515004591018894 0.8922880300470648
0.6555408631422934 0.8922880300470648
0.6595812671826974 0.8922880300470648
0.6636216712231015 0.8922880300470648
0.6676620752635054 0.8922880300470648
0.6717024793039095 0.8922880300470648
0.6757428833443135 0.8922880300470648
0.6797832873847176 0.8922880300470648
0.6838236914251217 0.8922880300470648
0.6878640954655257 0.8922880300470648
0.6919044995059298 0.8922880300470648
0.6959449035463338 0.8922880300470648
0.6999853075867378 0.8922880300470648
0.2999853075867378 0.8963284340874689
0.30402571162714187 0.8963284340874689
0.3080661156675459 0.8963284340874689
0.3121065197079499 0.8963284340874689
0.31614692374835396 0.8963284340874689
0.320187327788758 0.8963284340874689
0.32422773182916204 0.8963284340874689
0.3282681358695661 0.8963284340874689
0.3323085399099701 0.8963284340874689
0.3363489439503742 0.8963284340874689
0.3403893479907782 0.8963284340874689
0.34442975203118226 0.8963284340874689
0.34847015607158627 0.8963284340874689
0.35251056011199033 0.8963284340874689
0.3565509641523944 0.8963284340874689
0.3605913681927984 0.8963284340874689
0.3646317722332024 0.8963284340874689
0.3686721762736065 0.8963284340874689
0.37271258031401056 0.8963284340874689
0.37675298435441457 0.8963284340874689
0.3807933883948186 0.8963284340874689
0.38483379243522264 0.8963284340874689
0.3888741964756267 0.8963284340874689
0.3929146005160307 0.8963284340874689
0.3969550045564348 0.8963284340874689
0.4009954085968388 0.8963284340874689
0.40503581263724286 0.8963284340874689
0.4090762166776469 0.8963284340874689
0.41311662071805094 0.8963284340874689
0.41715702475845495 0.8963284340874689
0.421197428798859 0.8963284340874689
0.4252378328392631 0.8963284340874689
0.4292782368796671 0.8963284340874689
0.4333186409200711 0.8963284340874689
0.4373590449604752 0.8963284340874689
0.44948025708168726 0.8963284340874689
0.45352066112209133 0.8963284340874689
0.4575610651624954 0.8963284340874689
0.4616014692028994 0.8963284340874689
0.4656418732433035 0.8963284340874689
0.4696822772837075 0.8963284340874689
0.47372268132411155 0.8963284340874689
0.4777630853645156 0.8963284340874689
0.4818034894049196 0.8963284340874689
0.48584389344532364 0.8963284340874689
0.4898842974857277 0.8963284340874689
0.49392470152613177 0.8963284340874689
0.4979651055665358 0.8963284340874689
0.5020055096069398 0.8963284340874689
0.5060459136473439 0.8963284340874689
0.5100863176877479 0.8963284340874689
0.514126721728152 0.8963284340874689
0.518167125768556 0.8963284340874689
0.52220752980896 0.8963284340874689
0.5262479338493641 0.8963284340874689
0.5302883378897681 0.8963284340874689
0.5343287419301721 0.8963284340874689
0.5383691459705762 0.8963284340874689
0.5424095500109802 0.8963284340874689
0.5464499540513843 0.8963284340874689
0.5504903580917884 0.8963284340874689
0.5545307621321923 0.8963284340874689
0.5585711661725964 0.8963284340874689
0.5626115702130005 0.8963284340874689
0.5666519742534044 0.8963284340874689
0.5706923782938085 0.8963284340874689
0.5747327823342125 0.8963284340874689
0.5787731863746166 0.8963284340874689
0.5828135904150207 0.8963284340874689
0.5868539944554247 0.8963284340874689
0.5908943984958287 0.8963284340874689
0.5949348025362328 0.8963284340874689
0.5989752065766367 0.8963284340874689
0.6030156106170408 0.8963284340874689
0.6070560146574449 0.8963284340874689
0.6110964186978489 0.8963284340874689
0.615136822738253 0.8963284340874689
0.619177226778657 0.8963284340874689
0.623217630819061 0.8963284340874689
0.6272580348594651 0.8963284340874689
0.6312984388998691 0.8963284340874689
0.6353388429402731 0.8963284340874689
0.6393792469806772 0.8963284340874689
0.6434196510210812 0.8963284340874689
0.6474600550614853 0.8963284340874689
0.6515004591018894 0.8963284340874689
0.6555408631422934 0.8963284340874689
0.6595812671826974 0.8963284340874689
0.6636216712231015 0.8963284340874689
0.6676620752635054 0.8963284340874689
0.6717024793039095 0.8963284340874689
0.6757428833443135 0.8963284340874689
0.6797832873847176 0.8963284340874689
0.6838236914251217 0.8963284340874689
0.6878640954655257 0.8963284340874689
0.6919044995059298 0.8963284340874689
0.6959449035463338 0.8963284340874689
0.6999853075867378 0.8963284340874689
0.2999853075867378 0.9003688381278729
0.30402571162714187 0.9003688381278729
0.3080661156675459 0.9003688381278729
0.3121065197079499 0.9003688381278729
0.31614692374835396 0.9003688381278729
0.320187327788758 0.9003688381278729
0.32422773182916204 0.9003688381278729
0.3282681358695661 0.9003688381278729
0.3323085399099701 0.9003688381278729
0.3363489439503742 0.9003688381278729
0.3403893479907782 0.9003688381278729
0.34442975203118226 0.9003688381278729
0.34847015607158627 0.9003688381278729
0.35251056011199033 0.9003688381278729
0.3565509641523944 0.9003688381278729
0.3605913681927984 0.9003688381278729
0.3646317722332024 0.9003688381278729
0.3686721762736065 0.9003688381278729
0.37271258031401056 0.9003688381278729
0.37675298435441457 0.9003688381278729
0.3807933883948186 0.9003688381278729
0.38483379243522264 0.9003688381278729
0.3888741964756267 0.9003688381278729
0.3929146005160307 0.9003688381278729
0.3969550045564348 0.9003688381278729
0.4009954085968388 0.9003688381278729
0.40503581263724286 0.9003688381278729
0.4090762166776469 0.9003688381278729
0.41311662071805094 0.9003688381278729
0.41715702475845495 0.9003688381278729
0.421197428798859 0.9003688381278729
0.4252378328392631 0.9003688381278729
0.4292782368796671 0.9003688381278729
0.44139944900087924 0.9003688381278729
0.44543985304128325 0.9003688381278729
0.44948025708168726 0.9003688381278729
0.45352066112209133 0.9003688381278729
0.4575610651624954 0.9003688381278729
0.4616014692028994 0.9003688381278729
0.4696822772837075 0.9003688381278729
0.47372268132411155 0.9003688381278729
0.4777630853645156 0.9003688381278729
0.4818034894049196 0.9003688381278729
0.48584389344532364 0.9003688381278729
0.4898842974857277 0.9003688381278729
0.49392470152613177 0.9003688381278729
0.4979651055665358 0.9003688381278729
0.5020055096069398 0.9003688381278729
0.5060459136473439 0.9003688381278729
0.5100863176877479 0.9003688381278729
0.514126721728152 0.9003688381278729
0.518167125768556 0.9003688381278729
0.52220752980896 0.9003688381278729
0.5262479338493641 0.9003688381278729
0.5302883378897681 0.9003688381278729
0.5343287419301721 0.9003688381278729
0.5383691459705762 0.9003688381278729
0.5424095500109802 0.9003688381278729
0.5464499540513843 0.9003688381278729
0.5504903580917884 0.9003688381278729
0.5545307621321923 0.9003688381278729
0.5585711661725964 0.9003688381278729
0.5626115702130005 0.9003688381278729
0.5666519742534044 0.9003688381278729
0.5706923782938085 0.9003688381278729
0.5747327823342125 0.9003688381278729
0.5787731863746166 0.9003688381278729
0.5828135904150207 0.9003688381278729
0.5868539944554247 0.9003688381278729
0.5908943984958287 0.9003688381278729
0.5949348025362328 0.9003688381278729
0.5989752065766367 0.9003688381278729
0.6030156106170408 0.9003688381278729
0.6070560146574449 0.9003688381278729
0.6110964186978489 0.9003688381278729
0.615136822738253 0.9003688381278729
0.619177226778657 0.9003688381278729
0.623217630819061 0.9003688381278729
0.6272580348594651 0.9003688381278729
0.6312984388998691 0.9003688381278729
0.6353388429402731 0.9003688381278729
0.6393792469806772 0.9003688381278729
0.6434196510210812 0.9003688381278729
0.6474600550614853 0.9003688381278729
0.6515004591018894 0.9003688381278729
0.6555408631422934 0.9003688381278729
0.6595812671826974 0.9003688381278729
0.6636216712231015 0.9003688381278729
0.6676620752635054 0.9003688381278729
0.6717024793039095 0.9003688381278729
0.6757428833443135 0.9003688381278729
0.6797832873847176 0.9003688381278729
0.6838236914251217 0.9003688381278729
0.6878640954655257 0.9003688381278729
0.6919044995059298 0.9003688381278729
0.6959449035463338 0.9003688381278729
0.6999853075867378 0.9003688381278729
0.2999853075867378 0.904409242168277
0.30402571162714187 0.904409242168277
0.3080661156675459 0.904409242168277
0.3121065197079499 0.904409242168277
0.31614692374835396 0.904409242168277
0.320187327788758 0.904409242168277
0.32422773182916204 0.904409242168277
0.3282681358695661 0.904409242168277
0.3323085399099701 0.904409242168277
0.3363489439503742 0.904409242168277
0.3403893479907782 0.904409242168277
0.34442975203118226 0.904409242168277
0.34847015607158627 0.904409242168277
0.35251056011199033 0.904409242168277
0.3565509641523944 0.904409242168277
0.3605913681927984 0.904409242168277
0.3646317722332024 0.904409242168277
0.3686721762736065 0.904409242168277
0.37271258031401056 0.904409242168277
0.37675298435441457 0.904409242168277
0.3807933883948186 0.904409242168277
0.38483379243522264 0.904409242168277
0.3888741964756267 0.904409242168277
0.3929146005160307 0.904409242168277
0.3969550045564348 0.904409242168277
0.4009954085968388 0.904409242168277
0.40503581263724286 0.904409242168277
0.4090762166776469 0.904409242168277
0.41311662071805094 0.904409242168277
0.41715702475845495 0.904409242168277
0.421197428798859 0.904409242168277
0.4333186409200711 0.904409242168277
0.4373590449604752 0.904409242168277
0.44139944900087924 0.904409242168277
0.44543985304128325 0.904409242168277
0.44948025708168726 0.904409242168277
0.45352066112209133 0.904409242168277
0.4575610651624954 0.904409242168277
0.4616014692028994 0.904409242168277
0.4656418732433035 0.904409242168277
0.4696822772837075 0.904409242168277
0.47372268132411155 0.904409242168277
0.4777630853645156 0.904409242168277
0.4818034894049196 0.904409242168277
0.48584389344532364 0.904409242168277
0.4898842974857277 0.904409242168277
0.49392470152613177 0.904409242168277
0.4979651055665358 0.904409242168277
0.5020055096069398 0.904409242168277
0.5060459136473439 0.904409242168277
0.5100863176877479 0.904409242168277
0.514126721728152 0.904409242168277
0.518167125768556 0.904409242168277
0.52220752980896 0.904409242168277
0.5262479338493641 0.904409242168277
0.5302883378897681 0.904409242168277
0.5343287419301721 0.904409242168277
0.5383691459705762 0.904409242168277
0.5424095500109802 0.904409242168277
0.5464499540513843 0.904409242168277
0.5504903580917884 0.904409242168277
0.5545307621321923 0.904409242168277
0.5585711661725964 0.904409242168277
0.5626115702130005 0.904409242168277
0.5666519742534044 0.904409242168277
0.5706923782938085 0.904409242168277
0.5747327823342125 0.904409242168277
0.5787731863746166 0.904409242168277
0.5828135904150207 0.904409242168277
0.5868539944554247 0.904409242168277
0.5908943984958287 0.904409242168277
0.5949348025362328 0.904409242168277
0.5989752065766367 0.904409242168277
0.6030156106170408 0.904409242168277
0.6070560146574449 0.904409242168277
0.6110964186978489 0.904409242168277
0.615136822738253 0.904409242168277
0.619177226778657 0.904409242168277
0.623217630819061 0.904409242168277
0.6272580348594651 0.904409242168277
0.6312984388998691 0.904409242168277
0.6353388429402731 0.904409242168277
0.6393792469806772 0.904409242168277
0.6434196510210812 0.904409242168277
0.6474600550614853 0.904409242168277
0.6515004591018894 0.904409242168277
0.6555408631422934 0.904409242168277
0.6595812671826974 0.904409242168277
0.6636216712231015 0.904409242168277
0.6676620752635054 0.904409242168277
0.6717024793039095 0.904409242168277
0.6757428833443135 0.904409242168277
0.6797832873847176 0.904409242168277
0.6838236914251217 0.904409242168277
0.6878640954655257 0.904409242168277
0.6919044995059298 0.904409242168277
0.6959449035463338 0.904409242168277
0.6999853075867378 0.904409242168277
0.2999853075867378 0.9084496462086811
0.30402571162714187 0.9084496462086811
0.3080661156675459 0.9084496462086811
0.3121065197079499 0.9084496462086811
0.31614692374835396 0.9084496462086811
0.320187327788758 0.9084496462086811
0.32422773182916204 0.9084496462086811
0.3282681358695661 0.9084496462086811
0.3323085399099701 0.9084496462086811
0.3363489439503742 0.9084496462086811
0.3403893479907782 0.9084496462086811
0.34442975203118226 0.9084496462086811
0.34847015607158627 0.9084496462086811
0.35251056011199033 0.9084496462086811
0.3565509641523944 0.9084496462086811
0.3605913681927984 0.9084496462086811
0.3646317722332024 0.9084496462086811
0.3686721762736065 0.9084496462086811
0.37271258031401056 0.9084496462086811
0.37675298435441457 0.9084496462086811
0.3807933883948186 0.9084496462086811
0.38483379243522264 0.9084496462086811
0.3888741964756267 0.9084496462086811
0.3929146005160307 0.9084496462086811
0.3969550045564348 0.9084496462086811
0.4009954085968388 0.9084496462086811
0.40503581263724286 0.9084496462086811
0.4090762166776469 0.9084496462086811
0.41311662071805094 0.9084496462086811
0.4252378328392631 0.9084496462086811
0.4292782368796671 0.9084496462086811
0.4333186409200711 0.9084496462086811
0.4373590449604752 0.9084496462086811
0.44139944900087924 0.9084496462086811
0.44543985304128325 0.9084496462086811
0.44948025708168726 0.9084496462086811
0.45352066112209133 0.9084496462086811
0.4575610651624954 0.9084496462086811
0.4616014692028994 0.9084496462086811
0.4656418732433035 0.9084496462086811
0.4696822772837075 0.9084496462086811
0.47372268132411155 0.9084496462086811
0.4777630853645156 0.9084496462086811
0.4818034894049196 0.9084496462086811
0.48584389344532364 0.9084496462086811
0.4898842974857277 0.9084496462086811
0.49392470152613177 0.9084496462086811
0.4979651055665358 0.9084496462086811
0.5020055096069398 0.9084496462086811
0.5060459136473439 0.9084496462086811
0.5100863176877479 0.9084496462086811
0.514126721728152 0.9084496462086811
0.518167125768556 0.9084496462086811
0.52220752980896 0.9084496462086811
0.5262479338493641 0.9084496462086811
0.5302883378897681 0.9084496462086811
0.5343287419301721 0.9084496462086811
0.5383691459705762 0.9084496462086811
0.5424095500109802 0.9084496462086811
0.5464499540513843 0.9084496462086811
0.5504903580917884 0.9084496462086811
0.5545307621321923 0.9084496462086811
0.5585711661725964 0.9084496462086811
0.5626115702130005 0.9084496462086811
0.5666519742534044 0.9084496462086811
0.5706923782938085 0.9084496462086811
0.5747327823342125 0.9084496462086811
0.5787731863746166 0.9084496462086811
0.5828135904150207 0.9084496462086811
0.5868539944554247 0.9084496462086811
0.5908943984958287 0.9084496462086811
0.5949348025362328 0.9084496462086811
0.5989752065766367 0.9084496462086811
0.6030156106170408 0.9084496462086811
0.6070560146574449 0.9084496462086811
0.6110964186978489 0.9084496462086811
0.615136822738253 0.9084496462086811
0.619177226778657 0.9084496462086811
0.623217630819061 0.9084496462086811
0.6272580348594651 0.9084496462086811
0.6312984388998691 0.9084496462086811
0.6353388429402731 0.9084496462086811
0.6393792469806772 0.9084496462086811
0.6434196510210812 0.9084496462086811
0.6474600550614853 0.9084496462086811
0.6515004591018894 0.9084496462086811
0.6555408631422934 0.9084496462086811
0.6595812671826974 0.9084496462086811
0.6636216712231015 0.9084496462086811
0.6676620752635054 0.9084496462086811
0.6717024793039095 0.9084496462086811
0.6757428833443135 0.9084496462086811
0.6797832873847176 0.9084496462086811
0.6838236914251217 0.9084496462086811
0.6878640954655257 0.9084496462086811
0.6919044995059298 0.9084496462086811
0.6959449035463338 0.9084496462086811
0.6999853075867378 0.9084496462086811
0.2999853075867378 0.912490050249085
0.30402571162714187 0.912490050249085
0.3080661156675459 0.912490050249085
0.3121065197079499 0.912490050249085
0.31614692374835396 0.912490050249085
0.320187327788758 0.912490050249085
0.32422773182916204 0.912490050249085
0.3282681358695661 0.912490050249085
0.3323085399099701 0.912490050249085
0.3363489439503742 0.912490050249085
0.3403893479907782 0.912490050249085
0.34442975203118226 0.912490050249085
0.34847015607158627 0.912490050249085
0.35251056011199033 0.912490050249085
0.3565509641523944 0.912490050249085
0.3605913681927984 0.912490050249085
0.3646317722332024 0.912490050249085
0.3686721762736065 0.912490050249085
0.37271258031401056 0.912490050249085
0.37675298435441457 0.912490050249085
0.3807933883948186 0.912490050249085
0.38483379243522264 0.912490050249085
0.3888741964756267 0.912490050249085
0.3929146005160307 0.912490050249085
0.3969550045564348 0.912490050249085
0.4009954085968388 0.912490050249085
0.40503581263724286 0.912490050249085
0.41715702475845495 0.912490050249085
0.421197428798859 0.912490050249085
0.4252378328392631 0.912490050249085
0.4292782368796671 0.912490050249085
0.4333186409200711 0.912490050249085
0.4373590449604752 0.912490050249085
0.44139944900087924 0.912490050249085
0.44543985304128325 0.912490050249085
0.44948025708168726 0.912490050249085
0.45352066112209133 0.912490050249085
0.4575610651624954 0.912490050249085
0.4616014692028994 0.912490050249085
0.4656418732433035 0.912490050249085
0.4696822772837075 0.912490050249085
0.47372268132411155 0.912490050249085
0.4777630853645156 0.912490050249085
0.4818034894049196 0.912490050249085
0.48584389344532364 0.912490050249085
0.4898842974857277 0.912490050249085
0.49392470152613177 0.912490050249085
0.4979651055665358 0.912490050249085
0.5020055096069398 0.912490050249085
0.5060459136473439 0.912490050249085
0.5100863176877479 0.912490050249085
0.514126721728152 0.912490050249085
0.518167125768556 0.912490050249085
0.52220752980896 0.912490050249085
0.5262479338493641 0.912490050249085
0.5302883378897681 0.912490050249085
0.5343287419301721 0.912490050249085
0.5383691459705762 0.912490050249085
0.5424095500109802 0.912490050249085
0.5464499540513843 0.912490050249085
0.5504903580917884 0.912490050249085
0.5545307621321923 0.912490050249085
0.5585711661725964 0.912490050249085
0.5626115702130005 0.912490050249085
0.5666519742534044 0.912490050249085
0.5706923782938085 0.912490050249085
0.5747327823342125 0.912490050249085
0.5787731863746166 0.912490050249085
0.5828135904150207 0.912490050249085
0.5868539944554247 0.912490050249085
0.5908943984958287 0.912490050249085
0.5949348025362328 0.912490050249085
0.5989752065766367 0.912490050249085
0.6030156106170408 0.912490050249085
0.6070560146574449 0.912490050249085
0.6110964186978489 0.912490050249085
0.615136822738253 0.912490050249085
0.619177226778657 0.912490050249085
0.623217630819061 0.912490050249085
0.6272580348594651 0.912490050249085
0.6312984388998691 0.912490050249085
0.6353388429402731 0.912490050249085
0.6393792469806772 0.912490050249085
0.6434196510210812 0.912490050249085
0.6474600550614853 0.912490050249085
0.6515004591018894 0.912490050249085
0.6555408631422934 0.912490050249085
0.6595812671826974 0.912490050249085
0.6636216712231015 0.912490050249085
0.6676620752635054 0.912490050249085
0.6717024793039095 0.912490050249085
0.6757428833443135 0.912490050249085
0.6797832873847176 0.912490050249085
0.6838236914251217 0.912490050249085
0.6878640954655257 0.912490050249085
0.6919044995059298 0.912490050249085
0.6959449035463338 0.912490050249085
0.6999853075867378 0.912490050249085
0.2999853075867378 0.9165304542894891
0.30402571162714187 0.9165304542894891
0.3080661156675459 0.9165304542894891
0.3121065197079499 0.9165304542894891
0.31614692374835396 0.9165304542894891
0.320187327788758 0.9165304542894891
0.32422773182916204 0.9165304542894891
0.3282681358695661 0.9165304542894891
0.3323085399099701 0.9165304542894891
0.3363489439503742 0.9165304542894891
0.3403893479907782 0.9165304542894891
0.34442975203118226 0.9165304542894891
0.34847015607158627 0.9165304542894891
0.35251056011199033 0.9165304542894891
0.3565509641523944 0.9165304542894891
0.3605913681927984 0.9165304542894891
0.3646317722332024 0.9165304542894891
0.3686721762736065 0.9165304542894891
0.37271258031401056 0.9165304542894891
0.37675298435441457 0.9165304542894891
0.3807933883948186 0.9165304542894891
0.38483379243522264 0.9165304542894891
0.3888741964756267 0.9165304542894891
0.3929146005160307 0.9165304542894891
0.40503581263724286 0.9165304542894891
0.4090762166776469 0.9165304542894891
0.41311662071805094 0.9165304542894891
0.41715702475845495 0.9165304542894891
0.421197428798859 0.9165304542894891
0.4252378328392631 0.9165304542894891
0.4292782368796671 0.9165304542894891
0.4333186409200711 0.9165304542894891
0.4373590449604752 0.9165304542894891
0.44139944900087924 0.9165304542894891
0.44543985304128325 0.9165304542894891
0.44948025708168726 0.9165304542894891
0.45352066112209133 0.9165304542894891
0.4575610651624954 0.9165304542894891
0.4616014692028994 0.9165304542894891
0.4656418732433035 0.9165304542894891
0.4696822772837075 0.9165304542894891
0.47372268132411155 0.9165304542894891
0.4777630853645156 0.9165304542894891
0.4818034894049196 0.9165304542894891
0.48584389344532364 0.9165304542894891
0.4898842974857277 0.9165304542894891
0.49392470152613177 0.9165304542894891
0.4979651055665358 0.9165304542894891
0.5020055096069398 0.9165304542894891
0.5060459136473439 0.9165304542894891
0.5100863176877479 0.9165304542894891
0.514126721728152 0.9165304542894891
0.518167125768556 0.9165304542894891
0.52220752980896 0.9165304542894891
0.5262479338493641 0.9165304542894891
0.5302883378897681 0.9165304542894891
0.5343287419301721 0.9165304542894891
0.5383691459705762 0.9165304542894891
0.5424095500109802 0.9165304542894891
0.5464499540513843 0.9165304542894891
0.5504903580917884 0.9165304542894891
0.5545307621321923 0.9165304542894891
0.5585711661725964 0.9165304542894891
0.5626115702130005 0.9165304542894891
0.5666519742534044 0.9165304542894891
0.5706923782938085 0.9165304542894891
0.5747327823342125 0.9165304542894891
0.5787731863746166 0.9165304542894891
0.5828135904150207 0.9165304542894891
0.5868539944554247 0.9165304542894891
0.5908943984958287 0.9165304542894891
0.5949348025362328 0.9165304542894891
0.5989752065766367 0.9165304542894891
0.6030156106170408 0.9165304542894891
0.6070560146574449 0.9165304542894891
0.6110964186978489 0.9165304542894891
0.615136822738253 0.9165304542894891
0.619177226778657 0.9165304542894891
0.623217630819061 0.9165304542894891
0.6272580348594651 0.9165304542894891
0.6312984388998691 0.9165304542894891
0.6353388429402731 0.9165304542894891
0.6393792469806772 0.9165304542894891
0.6434196510210812 0.9165304542894891
0.6474600550614853 0.9165304542894891
0.6515004591018894 0.9165304542894891
0.6555408631422934 0.9165304542894891
0.6595812671826974 0.9165304542894891
0.6636216712231015 0.9165304542894891
0.6676620752635054 0.9165304542894891
0.6717024793039095 0.9165304542894891
0.6757428833443135 0.9165304542894891
0.6797832873847176 0.9165304542894891
0.6838236914251217 0.9165304542894891
0.6878640954655257 0.9165304542894891
0.6919044995059298 0.9165304542894891
0.6959449035463338 0.9165304542894891
0.6999853075867378 0.9165304542894891
0.2999853075867378 0.920570858329893
0.30402571162714187 0.920570858329893
0.3080661156675459 0.920570858329893
0.3121065197079499 0.920570858329893
0.31614692374835396 0.920570858329893
0.320187327788758 0.920570858329893
0.32422773182916204 0.920570858329893
0.3282681358695661 0.920570858329893
0.3323085399099701 0.920570858329893
0.3363489439503742 0.920570858329893
0.3403893479907782 0.920570858329893
0.34442975203118226 0.920570858329893
0.34847015607158627 0.920570858329893
0.35251056011199033 0.920570858329893
0.3565509641523944 0.920570858329893
0.3605913681927984 0.920570858329893
0.3646317722332024 0.920570858329893
0.3686721762736065 0.920570858329893
0.37271258031401056 0.920570858329893
0.37675298435441457 0.920570858329893
0.3807933883948186 0.920570858329893
0.38483379243522264 0.920570858329893
0.3969550045564348 0.920570858329893
0.4009954085968388 0.920570858329893
0.40503581263724286 0.920570858329893
0.4090762166776469 0.920570858329893
0.41311662071805094 0.920570858329893
0.41715702475845495 0.920570858329893
0.421197428798859 0.920570858329893
0.4252378328392631 0.920570858329893
0.4292782368796671 0.920570858329893
0.4333186409200711 0.920570858329893
0.4373590449604752 0.920570858329893
0.44139944900087924 0.920570858329893
0.44543985304128325 0.920570858329893
0.44948025708168726 0.920570858329893
0.45352066112209133 0.920570858329893
0.4575610651624954 0.920570858329893
0.4616014692028994 0.920570858329893
0.4656418732433035 0.920570858329893
0.4696822772837075 0.920570858329893
0.47372268132411155 0.920570858329893
0.4777630853645156 0.920570858329893
0.4818034894049196 0.920570858329893
0.48584389344532364 0.920570858329893
0.4898842974857277 0.920570858329893
0.49392470152613177 0.920570858329893
0.4979651055665358 0.920570858329893
0.5020055096069398 0.920570858329893
0.5060459136473439 0.920570858329893
0.5100863176877479 0.920570858329893
0.514126721728152 0.920570858329893
0.518167125768556 0.920570858329893
0.52220752980896 0.920570858329893
0.5262479338493641 0.920570858329893
0.5302883378897681 0.920570858329893
0.5343287419301721 0.920570858329893
0.5383691459705762 0.920570858329893
0.5424095500109802 0.920570858329893
0.5464499540513843 0.920570858329893
0.5504903580917884 0.920570858329893
0.5545307621321923 0.920570858329893
0.5585711661725964 0.920570858329893
0.5626115702130005 0.920570858329893
0.5666519742534044 0.920570858329893
0.5706923782938085 0.920570858329893
0.5747327823342125 0.920570858329893
0.5787731863746166 0.920570858329893
0.5828135904150207 0.920570858329893
0.5868539944554247 0.920570858329893
0.5908943984958287 0.920570858329893
0.5949348025362328 0.920570858329893
0.5989752065766367 0.920570858329893
0.6030156106170408 0.920570858329893
0.6070560146574449 0.920570858329893
0.6110964186978489 0.920570858329893
0.615136822738253 0.920570858329893
0.619177226778657 0.920570858329893
0.623217630819061 0.920570858329893
0.6272580348594651 0.920570858329893
0.6312984388998691 0.920570858329893
0.6353388429402731 0.920570858329893
0.6393792469806772 0.920570858329893
0.6434196510210812 0.920570858329893
0.6474600550614853 0.920570858329893
0.6515004591018894 0.920570858329893
0.6555408631422934 0.920570858329893
0.6595812671826974 0.920570858329893
0.6636216712231015 0.920570858329893
0.6676620752635054 0.920570858329893
0.6717024793039095 0.920570858329893
0.6757428833443135 0.920570858329893
0.6797832873847176 0.920570858329893
0.6838236914251217 0.920570858329893
0.6878640954655257 0.920570858329893
0.6919044995059298 0.920570858329893
0.6959449035463338 0.920570858329893
0.6999853075867378 0.920570858329893
0.2999853075867378 0.9246112623702971
0.30402571162714187 0.9246112623702971
0.3080661156675459 0.9246112623702971
0.3121065197079499 0.9246112623702971
0.31614692374835396 0.9246112623702971
0.320187327788758 0.9246112623702971
0.32422773182916204 0.9246112623702971
0.3282681358695661 0.9246112623702971
0.3323085399099701 0.9246112623702971
0.3363489439503742 0.9246112623702971
0.3403893479907782 0.9246112623702971
0.34442975203118226 0.9246112623702971
0.34847015607158627 0.9246112623702971
0.35251056011199033 0.9246112623702971
0.3565509641523944 0.9246112623702971
0.3605913681927984 0.9246112623702971
0.3646317722332024 0.9246112623702971
0.3686721762736065 0.9246112623702971
0.37271258031401056 0.9246112623702971
0.37675298435441457 0.9246112623702971
0.3888741964756267 0.9246112623702971
0.3929146005160307 0.9246112623702971
0.3969550045564348 0.9246112623702971
0.4009954085968388 0.9246112623702971
0.40503581263724286 0.9246112623702971
0.4090762166776469 0.9246112623702971
0.41311662071805094 0.9246112623702971
0.41715702475845495 0.9246112623702971
0.421197428798859 0.9246112623702971
0.4252378328392631 0.9246112623702971
0.4292782368796671 0.9246112623702971
0.4333186409200711 0.9246112623702971
0.4373590449604752 0.9246112623702971
0.44139944900087924 0.9246112623702971
0.44543985304128325 0.9246112623702971
0.44948025708168726 0.9246112623702971
0.45352066112209133 0.9246112623702971
0.4575610651624954 0.9246112623702971
0.4616014692028994 0.9246112623702971
0.4656418732433035 0.9246112623702971
0.4696822772837075 0.9246112623702971
0.47372268132411155 0.9246112623702971
0.4777630853645156 0.9246112623702971
0.4818034894049196 0.9246112623702971
0.48584389344532364 0.9246112623702971
0.4898842974857277 0.9246112623702971
0.49392470152613177 0.9246112623702971
0.4979651055665358 0.9246112623702971
0.5020055096069398 0.9246112623702971
0.5060459136473439 0.9246112623702971
0.5100863176877479 0.9246112623702971
0.514126721728152 0.9246112623702971
0.518167125768556 0.9246112623702971
0.52220752980896 0.9246112623702971
0.5262479338493641 0.9246112623702971
0.5302883378897681 0.9246112623702971
0.5343287419301721 0.9246112623702971
0.5383691459705762 0.9246112623702971
0.5424095500109802 0.9246112623702971
0.5464499540513843 0.9246112623702971
0.5504903580917884 0.9246112623702971
0.5545307621321923 0.9246112623702971
0.5585711661725964 0.9246112623702971
0.5626115702130005 0.9246112623702971
0.5666519742534044 0.9246112623702971
0.5706923782938085 0.9246112623702971
0.5747327823342125 0.9246112623702971
0.5787731863746166 0.9246112623702971
0.5828135904150207 0.9246112623702971
0.5868539944554247 0.9246112623702971
0.5908943984958287 0.9246112623702971
0.5949348025362328 0.9246112623702971
0.5989752065766367 0.9246112623702971
0.6030156106170408 0.9246112623702971
0.6070560146574449 0.9246112623702971
0.6110964186978489 0.9246112623702971
0.615136822738253 0.9246112623702971
0.619177226778657 0.9246112623702971
0.623217630819061 0.9246112623702971
0.6272580348594651 0.9246112623702971
0.6312984388998691 0.9246112623702971
0.6353388429402731 0.9246112623702971
0.6393792469806772 0.9246112623702971
0.6434196510210812 0.9246112623702971
0.6474600550614853 0.9246112623702971
0.6515004591018894 0.9246112623702971
0.6555408631422934 0.9246112623702971
0.6595812671826974 0.9246112623702971
0.6636216712231015 0.9246112623702971
0.6676620752635054 0.9246112623702971
0.6717024793039095 0.9246112623702971
0.6757428833443135 0.9246112623702971
0.6797832873847176 0.9246112623702971
0.6838236914251217 0.9246112623702971
0.6878640954655257 0.9246112623702971
0.6919044995059298 0.9246112623702971
0.6959449035463338 0.9246112623702971
0.6999853075867378 0.9246112623702971
0.2999853075867378 0.9286516664107012
0.30402571162714187 0.9286516664107012
0.3080661156675459 0.9286516664107012
0.3121065197079499 0.9286516664107012
0.31614692374835396 0.9286516664107012
0.320187327788758 0.9286516664107012
0.32422773182916204 0.9286516664107012
0.3282681358695661 0.9286516664107012
0.3323085399099701 0.9286516664107012
0.3363489439503742 0.9286516664107012
0.3403893479907782 0.9286516664107012
0.34442975203118226 0.9286516664107012
0.34847015607158627 0.9286516664107012
0.35251056011199033 0.9286516664107012
0.3565509641523944 0.9286516664107012
0.3605913681927984 0.9286516664107012
0.3646317722332024 0.9286516664107012
0.37675298435441457 0.9286516664107012
0.3807933883948186 0.9286516664107012
0.38483379243522264 0.9286516664107012
0.3888741964756267 0.9286516664107012
0.3929146005160307 0.9286516664107012
0.4009954085968388 0.9286516664107012
0.40503581263724286 0.9286516664107012
0.4090762166776469 0.9286516664107012
0.41311662071805094 0.9286516664107012
0.41715702475845495 0.9286516664107012
0.421197428798859 0.9286516664107012
0.4252378328392631 0.9286516664107012
0.4292782368796671 0.9286516664107012
0.4333186409200711 0.9286516664107012
0.4373590449604752 0.9286516664107012
0.44139944900087924 0.9286516664107012
0.44543985304128325 0.9286516664107012
0.44948025708168726 0.9286516664107012
0.45352066112209133 0.9286516664107012
0.4575610651624954 0.9286516664107012
0.4616014692028994 0.9286516664107012
0.4656418732433035 0.9286516664107012
0.4696822772837075 0.9286516664107012
0.47372268132411155 0.9286516664107012
0.4777630853645156 0.9286516664107012
0.4818034894049196 0.9286516664107012
0.48584389344532364 0.9286516664107012
0.4898842974857277 0.9286516664107012
0.49392470152613177 0.9286516664107012
0.4979651055665358 0.9286516664107012
0.5020055096069398 0.9286516664107012
0.5060459136473439 0.9286516664107012
0.5100863176877479 0.9286516664107012
0.514126721728152 0.9286516664107012
0.518167125768556 0.9286516664107012
0.52220752980896 0.9286516664107012
0.5262479338493641 0.9286516664107012
0.5302883378897681 0.9286516664107012
0.5343287419301721 0.9286516664107012
0.5383691459705762 0.9286516664107012
0.5424095500109802 0.9286516664107012
0.5464499540513843 0.9286516664107012
0.5504903580917884 0.9286516664107012
0.5545307621321923 0.9286516664107012
0.5585711661725964 0.9286516664107012
0.5626115702130005 0.9286516664107012
0.5666519742534044 0.9286516664107012
0.5706923782938085 0.9286516664107012
0.5747327823342125 0.9286516664107012
0.5787731863746166 0.9286516664107012
0.5828135904150207 0.9286516664107012
0.5868539944554247 0.9286516664107012
0.5908943984958287 0.9286516664107012
0.5949348025362328 0.9286516664107012
0.5989752065766367 0.9286516664107012
0.6030156106170408 0.9286516664107012
0.6070560146574449 0.9286516664107012
0.6110964186978489 0.9286516664107012
0.615136822738253 0.9286516664107012
0.619177226778657 0.9286516664107012
0.623217630819061 0.9286516664107012
0.6272580348594651 0.9286516664107012
0.6312984388998691 0.9286516664107012
0.6353388429402731 0.9286516664107012
0.6393792469806772 0.9286516664107012
0.6434196510210812 0.9286516664107012
0.6474600550614853 0.9286516664107012
0.6515004591018894 0.9286516664107012
0.6555408631422934 0.9286516664107012
0.6595812671826974 0.9286516664107012
0.6636216712231015 0.9286516664107012
0.6676620752635054 0.9286516664107012
0.6717024793039095 0.9286516664107012
0.6757428833443135 0.9286516664107012
0.6797832873847176 0.9286516664107012
0.6838236914251217 0.9286516664107012
0.6878640954655257 0.9286516664107012
0.6919044995059298 0.9286516664107012
0.6959449035463338 0.9286516664107012
0.6999853075867378 0.9286516664107012
0.2999853075867378 0.9326920704511052
0.30402571162714187 0.9326920704511052
0.3080661156675459 0.9326920704511052
0.3121065197079499 0.9326920704511052
0.31614692374835396 0.9326920704511052
0.320187327788758 0.9326920704511052
0.32422773182916204 0.9326920704511052
0.3282681358695661 0.9326920704511052
0.3323085399099701 0.9326920704511052
0.3363489439503742 0.9326920704511052
0.3403893479907782 0.9326920704511052
0.34442975203118226 0.9326920704511052
0.34847015607158627 0.9326920704511052
0.35251056011199033 0.9326920704511052
0.3686721762736065 0.9326920704511052
0.37271258031401056 0.9326920704511052
0.37675298435441457 0.9326920704511052
0.3807933883948186 0.9326920704511052
0.38483379243522264 0.9326920704511052
0.3888741964756267 0.9326920704511052
0.3929146005160307 0.9326920704511052
0.3969550045564348 0.9326920704511052
0.4009954085968388 0.9326920704511052
0.40503581263724286 0.9326920704511052
0.4090762166776469 0.9326920704511052
0.41311662071805094 0.9326920704511052
0.41715702475845495 0.9326920704511052
0.421197428798859 0.9326920704511052
0.4252378328392631 0.9326920704511052
0.4292782368796671 0.9326920704511052
0.4333186409200711 0.9326920704511052
0.4373590449604752 0.9326920704511052
0.44139944900087924 0.9326920704511052
0.44543985304128325 0.9326920704511052
0.44948025708168726 0.9326920704511052
0.45352066112209133 0.9326920704511052
0.4575610651624954 0.9326920704511052
0.4616014692028994 0.9326920704511052
0.4656418732433035 0.9326920704511052
0.4696822772837075 0.9326920704511052
0.47372268132411155 0.9326920704511052
0.4777630853645156 0.9326920704511052
0.4818034894049196 0.9326920704511052
0.48584389344532364 0.9326920704511052
0.4898842974857277 0.9326920704511052
0.49392470152613177 0.9326920704511052
0.4979651055665358 0.9326920704511052
0.5020055096069398 0.9326920704511052
0.5060459136473439 0.9326920704511052
0.5100863176877479 0.9326920704511052
0.514126721728152 0.9326920704511052
0.518167125768556 0.9326920704511052
0.52220752980896 0.9326920704511052
0.5262479338493641 0.9326920704511052
0.5302883378897681 0.9326920704511052
0.5343287419301721 0.9326920704511052
0.5383691459705762 0.9326920704511052
0.5424095500109802 0.9326920704511052
0.5464499540513843 0.9326920704511052
0.5504903580917884 0.9326920704511052
0.5545307621321923 0.9326920704511052
0.5585711661725964 0.9326920704511052
0.5626115702130005 0.9326920704511052
0.5666519742534044 0.9326920704511052
0.5706923782938085 0.9326920704511052
0.5747327823342125 0.9326920704511052
0.5787731863746166 0.9326920704511052
0.5828135904150207 0.9326920704511052
0.5868539944554247 0.9326920704511052
0.5908943984958287 0.9326920704511052
0.5949348025362328 0.9326920704511052
0.5989752065766367 0.9326920704511052
0.6030156106170408 0.9326920704511052
0.6070560146574449 0.9326920704511052
0.6110964186978489 0.9326920704511052
0.615136822738253 0.9326920704511052
0.619177226778657 0.9326920704511052
0.623217630819061 0.9326920704511052
0.6272580348594651 0.9326920704511052
0.6312984388998691 0.9326920704511052
0.6353388429402731 0.9326920704511052
0.6393792469806772 0.9326920704511052
0.6434196510210812 0.9326920704511052
0.6474600550614853 0.9326920704511052
0.6515004591018894 0.9326920704511052
0.6555408631422934 0.9326920704511052
0.6595812671826974 0.9326920704511052
0.6636216712231015 0.9326920704511052
0.6676620752635054 0.9326920704511052
0.6717024793039095 0.9326920704511052
0.6757428833443135 0.9326920704511052
0.6797832873847176 0.9326920704511052
0.6838236914251217 0.9326920704511052
0.6878640954655257 0.9326920704511052
0.6919044995059298 0.9326920704511052
0.6959449035463338 0.9326920704511052
0.6999853075867378 0.9326920704511052
0.2999853075867378 0.9367324744915093
0.30402571162714187 0.9367324744915093
0.3080661156675459 0.9367324744915093
0.3121065197079499 0.9367324744915093
0.31614692374835396 0.9367324744915093
0.320187327788758 0.9367324744915093
0.32422773182916204 0.9367324744915093
0.3282681358695661 0.9367324744915093
0.3323085399099701 0.9367324744915093
0.3363489439503742 0.9367324744915093
0.3403893479907782 0.9367324744915093
0.34442975203118226 0.9367324744915093
0.3565509641523944 0.9367324744915093
0.3605913681927984 0.9367324744915093
0.3646317722332024 0.9367324744915093
0.3686721762736065 0.9367324744915093
0.37271258031401056 0.9367324744915093
0.37675298435441457 0.9367324744915093
0.3807933883948186 0.9367324744915093
0.38483379243522264 0.9367324744915093
0.3888741964756267 0.9367324744915093
0.3929146005160307 0.9367324744915093
0.3969550045564348 0.9367324744915093
0.4009954085968388 0.9367324744915093
0.40503581263724286 0.9367324744915093
0.4090762166776469 0.9367324744915093
0.41311662071805094 0.9367324744915093
0.41715702475845495 0.9367324744915093
0.421197428798859 0.9367324744915093
0.4252378328392631 0.9367324744915093
0.4292782368796671 0.9367324744915093
0.4333186409200711 0.9367324744915093
0.4373590449604752 0.9367324744915093
0.44139944900087924 0.9367324744915093
0.44543985304128325 0.9367324744915093
0.44948025708168726 0.9367324744915093
0.45352066112209133 0.9367324744915093
0.4575610651624954 0.9367324744915093
0.4616014692028994 0.9367324744915093
0.4656418732433035 0.9367324744915093
0.4696822772837075 0.9367324744915093
0.47372268132411155 0.9367324744915093
0.4777630853645156 0.9367324744915093
0.4818034894049196 0.9367324744915093
0.48584389344532364 0.9367324744915093
0.4898842974857277 0.9367324744915093
0.49392470152613177 0.9367324744915093
0.4979651055665358 0.9367324744915093
0.5020055096069398 0.9367324744915093
0.5060459136473439 0.9367324744915093
0.5100863176877479 0.9367324744915093
0.514126721728152 0.9367324744915093
0.518167125768556 0.9367324744915093
0.52220752980896 0.9367324744915093
0.5262479338493641 0.9367324744915093
0.5302883378897681 0.9367324744915093
0.5343287419301721 0.9367324744915093
0.5383691459705762 0.9367324744915093
0.5424095500109802 0.9367324744915093
0.5464499540513843 0.9367324744915093
0.5504903580917884 0.9367324744915093
0.5545307621321923 0.9367324744915093
0.5585711661725964 0.9367324744915093
0.5626115702130005 0.9367324744915093
0.5666519742534044 0.9367324744915093
0.5706923782938085 0.9367324744915093
0.5747327823342125 0.9367324744915093
0.5787731863746166 0.9367324744915093
0.5828135904150207 0.9367324744915093
0.5868539944554247 0.9367324744915093
0.5908943984958287 0.9367324744915093
0.5949348025362328 0.9367324744915093
0.5989752065766367 0.9367324744915093
0.6030156106170408 0.9367324744915093
0.6070560146574449 0.9367324744915093
0.6110964186978489 0.9367324744915093
0.615136822738253 0.9367324744915093
0.619177226778657 0.9367324744915093
0.623217630819061 0.9367324744915093
0.6272580348594651 0.9367324744915093
0.6312984388998691 0.9367324744915093
0.6353388429402731 0.9367324744915093
0.6393792469806772 0.9367324744915093
0.6434196510210812 0.9367324744915093
0.6474600550614853 0.9367324744915093
0.6515004591018894 0.9367324744915093
0.6555408631422934 0.9367324744915093
0.6595812671826974 0.9367324744915093
0.6636216712231015 0.9367324744915093
0.6676620752635054 0.9367324744915093
0.6717024793039095 0.9367324744915093
0.6757428833443135 0.9367324744915093
0.6797832873847176 0.9367324744915093
0.6838236914251217 0.9367324744915093
0.6878640954655257 0.9367324744915093
0.6919044995059298 0.9367324744915093
0.6959449035463338 0.9367324744915093
0.6999853075867378 0.9367324744915093
0.2999853075867378 0.9407728785319134
0.30402571162714187 0.9407728785319134
0.3080661156675459 0.9407728785319134
0.3121065197079499 0.9407728785319134
0.31614692374835396 0.9407728785319134
0.320187327788758 0.9407728785319134
0.32422773182916204 0.9407728785319134
0.3282681358695661 0.9407728785319134
0.3323085399099701 0.9407728785319134
0.34442975203118226 0.9407728785319134
0.34847015607158627 0.9407728785319134
0.35251056011199033 0.9407728785319134
0.3565509641523944 0.9407728785319134
0.3605913681927984 0.9407728785319134
0.3646317722332024 0.9407728785319134
0.3686721762736065 0.9407728785319134
0.37271258031401056 0.9407728785319134
0.37675298435441457 0.9407728785319134
0.3807933883948186 0.9407728785319134
0.38483379243522264 0.9407728785319134
0.3888741964756267 0.9407728785319134
0.3929146005160307 0.9407728785319134
0.3969550045564348 0.9407728785319134
0.4009954085968388 0.9407728785319134
0.40503581263724286 0.9407728785319134
0.4090762166776469 0.9407728785319134
0.41311662071805094 0.9407728785319134
0.41715702475845495 0.9407728785319134
0.421197428798859 0.9407728785319134
0.4252378328392631 0.9407728785319134
0.4292782368796671 0.9407728785319134
0.4333186409200711 0.9407728785319134
0.4373590449604752 0.9407728785319134
0.44139944900087924 0.9407728785319134
0.44543985304128325 0.9407728785319134
0.44948025708168726 0.9407728785319134
0.45352066112209133 0.9407728785319134
0.4575610651624954 0.9407728785319134
0.4616014692028994 0.9407728785319134
0.4656418732433035 0.9407728785319134
0.4696822772837075 0.9407728785319134
0.47372268132411155 0.9407728785319134
0.4777630853645156 0.9407728785319134
0.4818034894049196 0.9407728785319134
0.48584389344532364 0.9407728785319134
0.4898842974857277 0.9407728785319134
0.49392470152613177 0.9407728785319134
0.4979651055665358 0.9407728785319134
0.5020055096069398 0.9407728785319134
0.5060459136473439 0.9407728785319134
0.5100863176877479 0.9407728785319134
0.514126721728152 0.9407728785319134
0.518167125768556 0.9407728785319134
0.52220752980896 0.9407728785319134
0.5262479338493641 0.9407728785319134
0.5302883378897681 0.9407728785319134
0.5343287419301721 0.9407728785319134
0.5383691459705762 0.9407728785319134
0.5424095500109802 0.9407728785319134
0.5464499540513843 0.9407728785319134
0.5504903580917884 0.9407728785319134
0.5545307621321923 0.9407728785319134
0.5585711661725964 0.9407728785319134
0.5626115702130005 0.9407728785319134
0.5666519742534044 0.9407728785319134
0.5706923782938085 0.9407728785319134
0.5747327823342125 0.9407728785319134
0.5787731863746166 0.9407728785319134
0.5828135904150207 0.9407728785319134
0.5868539944554247 0.9407728785319134
0.5908943984958287 0.9407728785319134
0.5949348025362328 0.9407728785319134
0.5989752065766367 0.9407728785319134
0.6030156106170408 0.9407728785319134
0.6070560146574449 0.9407728785319134
0.6110964186978489 0.9407728785319134
0.615136822738253 0.9407728785319134
0.619177226778657 0.9407728785319134
0.623217630819061 0.9407728785319134
0.6272580348594651 0.9407728785319134
0.6312984388998691 0.9407728785319134
0.6353388429402731 0.9407728785319134
0.6393792469806772 0.9407728785319134
0.6434196510210812 0.9407728785319134
0.6474600550614853 0.9407728785319134
0.6515004591018894 0.9407728785319134
0.6555408631422934 0.9407728785319134
0.6595812671826974 0.9407728785319134
0.6636216712231015 0.9407728785319134
0.6676620752635054 0.9407728785319134
0.6717024793039095 0.9407728785319134
0.6757428833443135 0.9407728785319134
0.6797832873847176 0.9407728785319134
0.6838236914251217 0.9407728785319134
0.6878640954655257 0.9407728785319134
0.6919044995059298 0.9407728785319134
0.6959449035463338 0.9407728785319134
0.6999853075867378 0.9407728785319134
0.2999853075867378 0.9448132825723174
0.30402571162714187 0.9448132825723174
0.3080661156675459 0.9448132825723174
0.3121065197079499 0.9448132825723174
0.31614692374835396 0.9448132825723174
0.320187327788758 0.9448132825723174
0.3363489439503742 0.9448132825723174
0.3403893479907782 0.9448132825723174
0.34442975203118226 0.9448132825723174
0.34847015607158627 0.9448132825723174
0.35251056011199033 0.9448132825723174
0.3565509641523944 0.9448132825723174
0.3605913681927984 0.9448132825723174
0.3646317722332024 0.9448132825723174
0.3686721762736065 0.9448132825723174
0.37271258031401056 0.9448132825723174
0.37675298435441457 0.9448132825723174
0.3807933883948186 0.9448132825723174
0.38483379243522264 0.9448132825723174
0.3888741964756267 0.9448132825723174
0.3929146005160307 0.9448132825723174
0.3969550045564348 0.9448132825723174
0.4009954085968388 0.9448132825723174
0.40503581263724286 0.9448132825723174
0.4090762166776469 0.9448132825723174
0.41311662071805094 0.9448132825723174
0.41715702475845495 0.9448132825723174
0.421197428798859 0.9448132825723174
0.4252378328392631 0.9448132825723174
0.4292782368796671 0.9448132825723174
0.4333186409200711 0.9448132825723174
0.4373590449604752 0.9448132825723174
0.44139944900087924 0.9448132825723174
0.44543985304128325 0.9448132825723174
0.44948025708168726 0.9448132825723174
0.45352066112209133 0.9448132825723174
0.4575610651624954 0.9448132825723174
0.4616014692028994 0.9448132825723174
0.4656418732433035 0.9448132825723174
0.4696822772837075 0.9448132825723174
0.47372268132411155 0.9448132825723174
0.4777630853645156 0.9448132825723174
0.4818034894049196 0.9448132825723174
0.48584389344532364 0.9448132825723174
0.4898842974857277 0.9448132825723174
0.49392470152613177 0.9448132825723174
0.4979651055665358 0.9448132825723174
0.5020055096069398 0.9448132825723174
0.5060459136473439 0.9448132825723174
0.5100863176877479 0.9448132825723174
0.514126721728152 0.9448132825723174
0.518167125768556 0.9448132825723174
0.52220752980896 0.9448132825723174
0.5262479338493641 0.9448132825723174
0.5302883378897681 0.9448132825723174
0.5343287419301721 0.9448132825723174
0.5383691459705762 0.9448132825723174
0.5424095500109802 0.9448132825723174
0.5464499540513843 0.9448132825723174
0.5504903580917884 0.9448132825723174
0.5545307621321923 0.9448132825723174
0.5585711661725964 0.9448132825723174
0.5626115702130005 0.9448132825723174
0.5666519742534044 0.9448132825723174
0.5706923782938085 0.9448132825723174
0.5747327823342125 0.9448132825723174
0.5787731863746166 0.9448132825723174
0.5828135904150207 0.9448132825723174
0.5868539944554247 0.9448132825723174
0.5908943984958287 0.9448132825723174
0.5949348025362328 0.9448132825723174
0.5989752065766367 0.9448132825723174
0.6030156106170408 0.9448132825723174
0.6070560146574449 0.9448132825723174
0.6110964186978489 0.9448132825723174
0.615136822738253 0.9448132825723174
0.619177226778657 0.9448132825723174
0.623217630819061 0.9448132825723174
0.6272580348594651 0.9448132825723174
0.6312984388998691 0.9448132825723174
0.6353388429402731 0.9448132825723174
0.6393792469806772 0.9448132825723174
0.6434196510210812 0.9448132825723174
0.6474600550614853 0.9448132825723174
0.6515004591018894 0.9448132825723174
0.6555408631422934 0.9448132825723174
0.6595812671826974 0.9448132825723174
0.6636216712231015 0.9448132825723174
0.6676620752635054 0.9448132825723174
0.6717024793039095 0.9448132825723174
0.6757428833443135 0.9448132825723174
0.6797832873847176 0.9448132825723174
0.6838236914251217 0.9448132825723174
0.6878640954655257 0.9448132825723174
0.6919044995059298 0.9448132825723174
0.6959449035463338 0.9448132825723174
0.6999853075867378 0.9448132825723174
0.2999853075867378 0.9488536866127214
0.30402571162714187 0.9488536866127214
0.3080661156675459 0.9488536866127214
0.32422773182916204 0.9488536866127214
0.3282681358695661 0.9488536866127214
0.3323085399099701 0.9488536866127214
0.3363489439503742 0.9488536866127214
0.3403893479907782 0.9488536866127214
0.34442975203118226 0.9488536866127214
0.34847015607158627 0.9488536866127214
0.35251056011199033 0.9488536866127214
0.3565509641523944 0.9488536866127214
0.3605913681927984 0.9488536866127214
0.3646317722332024 0.9488536866127214
0.3686721762736065 0.9488536866127214
0.37271258031401056 0.9488536866127214
0.37675298435441457 0.9488536866127214
0.3807933883948186 0.9488536866127214
0.38483379243522264 0.9488536866127214
0.3888741964756267 0.9488536866127214
0.3929146005160307 0.9488536866127214
0.3969550045564348 0.9488536866127214
0.4009954085968388 0.9488536866127214
0.40503581263724286 0.9488536866127214
0.4090762166776469 0.9488536866127214
0.41311662071805094 0.9488536866127214
0.41715702475845495 0.9488536866127214
0.421197428798859 0.9488536866127214
0.4252378328392631 0.9488536866127214
0.4292782368796671 0.9488536866127214
0.4333186409200711 0.9488536866127214
0.4373590449604752 0.9488536866127214
0.44139944900087924 0.9488536866127214
0.44543985304128325 0.9488536866127214
0.44948025708168726 0.9488536866127214
0.45352066112209133 0.9488536866127214
0.4575610651624954 0.9488536866127214
0.4616014692028994 0.9488536866127214
0.4656418732433035 0.9488536866127214
0.4696822772837075 0.9488536866127214
0.47372268132411155 0.9488536866127214
0.4777630853645156 0.9488536866127214
0.4818034894049196 0.9488536866127214
0.48584389344532364 0.9488536866127214
0.4898842974857277 0.9488536866127214
0.49392470152613177 0.9488536866127214
0.4979651055665358 0.9488536866127214
0.5020055096069398 0.9488536866127214
0.5060459136473439 0.9488536866127214
0.5100863176877479 0.9488536866127214
0.514126721728152 0.9488536866127214
0.518167125768556 0.9488536866127214
0.52220752980896 0.9488536866127214
0.5262479338493641 0.9488536866127214
0.5302883378897681 0.9488536866127214
0.5343287419301721 0.9488536866127214
0.5383691459705762 0.9488536866127214
0.5424095500109802 0.9488536866127214
0.5464499540513843 0.9488536866127214
0.5504903580917884 0.9488536866127214
0.5545307621321923 0.9488536866127214
0.5585711661725964 0.9488536866127214
0.5626115702130005 0.9488536866127214
0.5666519742534044 0.9488536866127214
0.5706923782938085 0.9488536866127214
0.5747327823342125 0.9488536866127214
0.5787731863746166 0.9488536866127214
0.5828135904150207 0.9488536866127214
0.5868539944554247 0.9488536866127214
0.5908943984958287 0.9488536866127214
0.5949348025362328 0.9488536866127214
0.5989752065766367 0.9488536866127214
0.6030156106170408 0.9488536866127214
0.6070560146574449 0.9488536866127214
0.6110964186978489 0.9488536866127214
0.615136822738253 0.9488536866127214
0.619177226778657 0.9488536866127214
0.623217630819061 0.9488536866127214
0.6272580348594651 0.9488536866127214
0.6312984388998691 0.9488536866127214
0.6353388429402731 0.9488536866127214
0.6393792469806772 0.9488536866127214
0.6434196510210812 0.9488536866127214
0.6474600550614853 0.9488536866127214
0.6515004591018894 0.9488536866127214
0.6555408631422934 0.9488536866127214
0.6595812671826974 0.9488536866127214
0.6636216712231015 0.9488536866127214
0.6676620752635054 0.9488536866127214
0.6717024793039095 0.9488536866127214
0.6757428833443135 0.9488536866127214
0.6797832873847176 0.9488536866127214
0.6838236914251217 0.9488536866127214
0.6878640954655257 0.9488536866127214
0.6919044995059298 0.9488536866127214
0.6959449035463338 0.9488536866127214
0.6999853075867378 0.9488536866127214
0.3121065197079499 0.9528940906531255
0.31614692374835396 0.9528940906531255
0.320187327788758 0.9528940906531255
0.32422773182916204 0.9528940906531255
0.3282681358695661 0.9528940906531255
0.3323085399099701 0.9528940906531255
0.3363489439503742 0.9528940906531255
0.3403893479907782 0.9528940906531255
0.34442975203118226 0.9528940906531255
0.34847015607158627 0.9528940906531255
0.35251056011199033 0.9528940906531255
0.3565509641523944 0.9528940906531255
0.3605913681927984 0.9528940906531255
0.3646317722332024 0.9528940906531255
0.3686721762736065 0.9528940906531255
0.37271258031401056 0.9528940906531255
0.37675298435441457 0.9528940906531255
0.3807933883948186 0.9528940906531255
0.38483379243522264 0.9528940906531255
0.3888741964756267 0.9528940906531255
0.3929146005160307 0.9528940906531255
0.3969550045564348 0.9528940906531255
0.4009954085968388 0.9528940906531255
0.40503581263724286 0.9528940906531255
0.4090762166776469 0.9528940906531255
0.41311662071805094 0.9528940906531255
0.41715702475845495 0.9528940906531255
0.421197428798859 0.9528940906531255
0.4252378328392631 0.9528940906531255
0.4292782368796671 0.9528940906531255
0.4333186409200711 0.9528940906531255
0.4373590449604752 0.9528940906531255
0.44139944900087924 0.9528940906531255
0.44543985304128325 0.9528940906531255
0.44948025708168726 0.9528940906531255
0.45352066112209133 0.9528940906531255
0.4575610651624954 0.9528940906531255
0.4616014692028994 0.9528940906531255
0.4656418732433035 0.9528940906531255
0.4696822772837075 0.9528940906531255
0.47372268132411155 0.9528940906531255
0.4777630853645156 0.9528940906531255
0.4818034894049196 0.9528940906531255
0.48584389344532364 0.9528940906531255
0.4898842974857277 0.9528940906531255
0.49392470152613177 0.9528940906531255
0.4979651055665358 0.9528940906531255
0.5020055096069398 0.9528940906531255
0.5060459136473439 0.9528940906531255
0.5100863176877479 0.9528940906531255
0.514126721728152 0.9528940906531255
0.518167125768556 0.9528940906531255
0.52220752980896 0.9528940906531255
0.5262479338493641 0.9528940906531255
0.5302883378897681 0.9528940906531255
0.5343287419301721 0.9528940906531255
0.5383691459705762 0.9528940906531255
0.5424095500109802 0.9528940906531255
0.5464499540513843 0.9528940906531255
0.5504903580917884 0.9528940906531255
0.5545307621321923 0.9528940906531255
0.5585711661725964 0.9528940906531255
0.5626115702130005 0.9528940906531255
0.5666519742534044 0.9528940906531255
0.5706923782938085 0.9528940906531255
0.5747327823342125 0.9528940906531255
0.5787731863746166 0.9528940906531255
0.5828135904150207 0.9528940906531255
0.5868539944554247 0.9528940906531255
0.5908943984958287 0.9528940906531255
0.5949348025362328 0.9528940906531255
0.5989752065766367 0.9528940906531255
0.6030156106170408 0.9528940906531255
0.6070560146574449 0.9528940906531255
0.6110964186978489 0.9528940906531255
0.615136822738253 0.9528940906531255
0.619177226778657 0.9528940906531255
0.623217630819061 0.9528940906531255
0.6272580348594651 0.9528940906531255
0.6312984388998691 0.9528940906531255
0.6353388429402731 0.9528940906531255
0.6393792469806772 0.9528940906531255
0.6434196510210812 0.9528940906531255
0.6474600550614853 0.9528940906531255
0.6515004591018894 0.9528940906531255
0.6555408631422934 0.9528940906531255
0.6595812671826974 0.9528940906531255
0.6636216712231015 0.9528940906531255
0.6676620752635054 0.9528940906531255
0.6717024793039095 0.9528940906531255
0.6757428833443135 0.9528940906531255
0.6797832873847176 0.9528940906531255
0.6838236914251217 0.9528940906531255
0.6878640954655257 0.9528940906531255
0.6919044995059298 0.9528940906531255
0.6959449035463338 0.9528940906531255
0.6999853075867378 0.9528940906531255
0.2999853075867378 0.9569344946935294
0.30402571162714187 0.9569344946935294
0.3080661156675459 0.9569344946935294
0.3121065197079499 0.9569344946935294
0.31614692374835396 0.9569344946935294
0.320187327788758 0.9569344946935294
0.32422773182916204 0.9569344946935294
0.3282681358695661 0.9569344946935294
0.3323085399099701 0.9569344946935294
0.3363489439503742 0.9569344946935294
0.3403893479907782 0.9569344946935294
0.34442975203118226 0.9569344946935294
0.34847015607158627 0.9569344946935294
0.35251056011199033 0.9569344946935294
0.3565509641523944 0.9569344946935294
0.3605913681927984 0.9569344946935294
0.3646317722332024 0.9569344946935294
0.3686721762736065 0.9569344946935294
0.37271258031401056 0.9569344946935294
0.37675298435441457 0.9569344946935294
0.3807933883948186 0.9569344946935294
0.38483379243522264 0.9569344946935294
0.3888741964756267 0.9569344946935294
0.3929146005160307 0.9569344946935294
0.3969550045564348 0.9569344946935294
0.4009954085968388 0.9569344946935294
0.40503581263724286 0.9569344946935294
0.4090762166776469 0.9569344946935294
0.41311662071805094 0.9569344946935294
0.41715702475845495 0.9569344946935294
0.421197428798859 0.9569344946935294
0.4252378328392631 0.9569344946935294
0.4292782368796671 0.9569344946935294
0.4333186409200711 0.9569344946935294
0.4373590449604752 0.9569344946935294
0.44139944900087924 0.9569344946935294
0.44543985304128325 0.9569344946935294
0.44948025708168726 0.9569344946935294
0.45352066112209133 0.9569344946935294
0.4575610651624954 0.9569344946935294
0.4616014692028994 0.9569344946935294
0.4656418732433035 0.9569344946935294
0.4696822772837075 0.9569344946935294
0.47372268132411155 0.9569344946935294
0.4777630853645156 0.9569344946935294
0.4818034894049196 0.9569344946935294
0.48584389344532364 0.9569344946935294
0.4898842974857277 0.9569344946935294
0.49392470152613177 0.9569344946935294
0.4979651055665358 0.9569344946935294
0.5020055096069398 0.9569344946935294
0.5060459136473439 0.9569344946935294
0.5100863176877479 0.9569344946935294
0.514126721728152 0.9569344946935294
0.518167125768556 0.9569344946935294
0.52220752980896 0.9569344946935294
0.5262479338493641 0.9569344946935294
0.5302883378897681 0.9569344946935294
0.5343287419301721 0.9569344946935294
0.5383691459705762 0.9569344946935294
0.5424095500109802 0.9569344946935294
0.5464499540513843 0.9569344946935294
0.5504903580917884 0.9569344946935294
0.5545307621321923 0.9569344946935294
0.5585711661725964 0.9569344946935294
0.5626115702130005 0.9569344946935294
0.5666519742534044 0.9569344946935294
0.5706923782938085 0.9569344946935294
0.5747327823342125 0.9569344946935294
0.5787731863746166 0.9569344946935294
0.5828135904150207 0.9569344946935294
0.5868539944554247 0.9569344946935294
0.5908943984958287 0.9569344946935294
0.5949348025362328 0.9569344946935294
0.5989752065766367 0.9569344946935294
0.6030156106170408 0.9569344946935294
0.6070560146574449 0.9569344946935294
0.6110964186978489 0.9569344946935294
0.615136822738253 0.9569344946935294
0.619177226778657 0.9569344946935294
0.623217630819061 0.9569344946935294
0.6272580348594651 0.9569344946935294
0.6312984388998691 0.9569344946935294
0.6353388429402731 0.9569344946935294
0.6393792469806772 0.9569344946935294
0.6434196510210812 0.9569344946935294
0.6474600550614853 0.9569344946935294
0.6515004591018894 0.9569344946935294
0.6555408631422934 0.9569344946935294
0.6595812671826974 0.9569344946935294
0.6636216712231015 0.9569344946935294
0.6676620752635054 0.9569344946935294
0.6717024793039095 0.9569344946935294
0.6757428833443135 0.9569344946935294
0.6797832873847176 0.9569344946935294
0.6838236914251217 0.9569344946935294
0.6878640954655257 0.9569344946935294
0.6919044995059298 0.9569344946935294
0.6959449035463338 0.9569344946935294
0.6999853075867378 0.9569344946935294
0.2999853075867378 0.9609748987339335
0.30402571162714187 0.9609748987339335
0.3080661156675459 0.9609748987339335
0.3121065197079499 0.9609748987339335
0.31614692374835396 0.9609748987339335
0.320187327788758 0.9609748987339335
0.32422773182916204 0.9609748987339335
0.3282681358695661 0.9609748987339335
0.3323085399099701 0.9609748987339335
0.3363489439503742 0.9609748987339335
0.3403893479907782 0.9609748987339335
0.34442975203118226 0.9609748987339335
0.34847015607158627 0.9609748987339335
0.35251056011199033 0.9609748987339335
0.3565509641523944 0.9609748987339335
0.3605913681927984 0.9609748987339335
0.3646317722332024 0.9609748987339335
0.3686721762736065 0.9609748987339335
0.37271258031401056 0.9609748987339335
0.37675298435441457 0.9609748987339335
0.3807933883948186 0.9609748987339335
0.38483379243522264 0.9609748987339335
0.3888741964756267 0.9609748987339335
0.3929146005160307 0.9609748987339335
0.3969550045564348 0.9609748987339335
0.4009954085968388 0.9609748987339335
0.40503581263724286 0.9609748987339335
0.4090762166776469 0.9609748987339335
0.41311662071805094 0.9609748987339335
0.41715702475845495 0.9609748987339335
0.421197428798859 0.9609748987339335
0.4252378328392631 0.9609748987339335
0.4292782368796671 0.9609748987339335
0.4333186409200711 0.9609748987339335
0.4373590449604752 0.9609748987339335
0.44139944900087924 0.9609748987339335
0.44543985304128325 0.9609748987339335
0.44948025708168726 0.9609748987339335
0.45352066112209133 0.9609748987339335
0.4575610651624954 0.9609748987339335
0.4616014692028994 0.9609748987339335
0.4656418732433035 0.9609748987339335
0.4696822772837075 0.9609748987339335
0.47372268132411155 0.9609748987339335
0.4777630853645156 0.9609748987339335
0.4818034894049196 0.9609748987339335
0.48584389344532364 0.9609748987339335
0.4898842974857277 0.9609748987339335
0.49392470152613177 0.9609748987339335
0.4979651055665358 0.9609748987339335
0.5020055096069398 0.9609748987339335
0.5060459136473439 0.9609748987339335
0.5100863176877479 0.9609748987339335
0.514126721728152 0.9609748987339335
0.518167125768556 0.9609748987339335
0.52220752980896 0.9609748987339335
0.5262479338493641 0.9609748987339335
0.5302883378897681 0.9609748987339335
0.5343287419301721 0.9609748987339335
0.5383691459705762 0.9609748987339335
0.5424095500109802 0.9609748987339335
0.5464499540513843 0.9609748987339335
0.5504903580917884 0.9609748987339335
0.5545307621321923 0.9609748987339335
0.5585711661725964 0.9609748987339335
0.5626115702130005 0.9609748987339335
0.5666519742534044 0.9609748987339335
0.5706923782938085 0.9609748987339335
0.5747327823342125 0.9609748987339335
0.5787731863746166 0.9609748987339335
0.5828135904150207 0.9609748987339335
0.5868539944554247 0.9609748987339335
0.5908943984958287 0.9609748987339335
0.5949348025362328 0.9609748987339335
0.5989752065766367 0.9609748987339335
0.6030156106170408 0.9609748987339335
0.6070560146574449 0.9609748987339335
0.6110964186978489 0.9609748987339335
0.615136822738253 0.9609748987339335
0.619177226778657 0.9609748987339335
0.623217630819061 0.9609748987339335
0.6272580348594651 0.9609748987339335
0.6312984388998691 0.9609748987339335
0.6353388429402731 0.9609748987339335
0.6393792469806772 0.9609748987339335
0.6434196510210812 0.9609748987339335
0.6474600550614853 0.9609748987339335
0.6515004591018894 0.9609748987339335
0.6555408631422934 0.9609748987339335
0.6595812671826974 0.9609748987339335
0.6636216712231015 0.9609748987339335
0.6676620752635054 0.9609748987339335
0.6717024793039095 0.9609748987339335
0.6757428833443135 0.9609748987339335
0.6797832873847176 0.9609748987339335
0.6838236914251217 0.9609748987339335
0.6878640954655257 0.9609748987339335
0.6919044995059298 0.9609748987339335
0.6959449035463338 0.9609748987339335
0.6999853075867378 0.9609748987339335
0.2999853075867378 0.9650153027743376
0.30402571162714187 0.9650153027743376
0.3080661156675459 0.9650153027743376
0.3121065197079499 0.9650153027743376
0.320187327788758 0.9650153027743376
0.32422773182916204 0.9650153027743376
0.3282681358695661 0.9650153027743376
0.3323085399099701 0.9650153027743376
0.3363489439503742 0.9650153027743376
0.3403893479907782 0.9650153027743376
0.34442975203118226 0.9650153027743376
0.34847015607158627 0.9650153027743376
0.35251056011199033 0.9650153027743376
0.3565509641523944 0.9650153027743376
0.3605913681927984 0.9650153027743376
0.3646317722332024 0.9650153027743376
0.3686721762736065 0.9650153027743376
0.37271258031401056 0.9650153027743376
0.37675298435441457 0.9650153027743376
0.3807933883948186 0.9650153027743376
0.38483379243522264 0.9650153027743376
0.3888741964756267 0.9650153027743376
0.3929146005160307 0.9650153027743376
0.3969550045564348 0.9650153027743376
0.4009954085968388 0.9650153027743376
0.40503581263724286 0.9650153027743376
0.4090762166776469 0.9650153027743376
0.41311662071805094 0.9650153027743376
0.41715702475845495 0.9650153027743376
0.421197428798859 0.9650153027743376
0.4252378328392631 0.9650153027743376
0.4292782368796671 0.9650153027743376
0.4333186409200711 0.9650153027743376
0.4373590449604752 0.9650153027743376
0.44139944900087924 0.9650153027743376
0.44543985304128325 0.9650153027743376
0.44948025708168726 0.9650153027743376
0.45352066112209133 0.9650153027743376
0.4575610651624954 0.9650153027743376
0.4616014692028994 0.9650153027743376
0.4656418732433035 0.9650153027743376
0.4696822772837075 0.9650153027743376
0.47372268132411155 0.9650153027743376
0.4777630853645156 0.9650153027743376
0.4818034894049196 0.9650153027743376
0.48584389344532364 0.9650153027743376
0.4898842974857277 0.9650153027743376
0.49392470152613177 0.9650153027743376
0.4979651055665358 0.9650153027743376
0.5020055096069398 0.9650153027743376
0.5060459136473439 0.9650153027743376
0.5100863176877479 0.9650153027743376
0.514126721728152 0.9650153027743376
0.518167125768556 0.9650153027743376
0.52220752980896 0.9650153027743376
0.5262479338493641 0.9650153027743376
0.5302883378897681 0.9650153027743376
0.5343287419301721 0.9650153027743376
0.5383691459705762 0.9650153027743376
0.5424095500109802 0.9650153027743376
0.5464499540513843 0.9650153027743376
0.5504903580917884 0.9650153027743376
0.5545307621321923 0.9650153027743376
0.5585711661725964 0.9650153027743376
0.5626115702130005 0.9650153027743376
0.5666519742534044 0.9650153027743376
0.5706923782938085 0.9650153027743376
0.5747327823342125 0.9650153027743376
0.5787731863746166 0.9650153027743376
0.5828135904150207 0.9650153027743376
0.5868539944554247 0.9650153027743376
0.5908943984958287 0.9650153027743376
0.5949348025362328 0.9650153027743376
0.5989752065766367 0.9650153027743376
0.6030156106170408 0.9650153027743376
0.6070560146574449 0.9650153027743376
0.6110964186978489 0.9650153027743376
0.615136822738253 0.9650153027743376
0.619177226778657 0.9650153027743376
0.623217630819061 0.9650153027743376
0.6272580348594651 0.9650153027743376
0.6312984388998691 0.9650153027743376
0.6353388429402731 0.9650153027743376
0.6393792469806772 0.9650153027743376
0.6434196510210812 0.9650153027743376
0.6474600550614853 0.9650153027743376
0.6515004591018894 0.9650153027743376
0.6555408631422934 0.9650153027743376
0.6595812671826974 0.9650153027743376
0.6636216712231015 0.9650153027743376
0.6676620752635054 0.9650153027743376
0.6717024793039095 0.9650153027743376
0.6757428833443135 0.9650153027743376
0.6797832873847176 0.9650153027743376
0.6838236914251217 0.9650153027743376
0.6878640954655257 0.9650153027743376
0.6919044995059298 0.9650153027743376
0.6959449035463338 0.9650153027743376
0.6999853075867378 0.9650153027743376
0.2999853075867378 0.9690557068147416
0.3080661156675459 0.9690557068147416
0.3121065197079499 0.9690557068147416
0.31614692374835396 0.9690557068147416
0.320187327788758 0.9690557068147416
0.32422773182916204 0.9690557068147416
0.3282681358695661 0.9690557068147416
0.3323085399099701 0.9690557068147416
0.3363489439503742 0.9690557068147416
0.3403893479907782 0.9690557068147416
0.34442975203118226 0.9690557068147416
0.34847015607158627 0.9690557068147416
0.35251056011199033 0.9690557068147416
0.3565509641523944 0.9690557068147416
0.3605913681927984 0.9690557068147416
0.3646317722332024 0.9690557068147416
0.3686721762736065 0.9690557068147416
0.37271258031401056 0.9690557068147416
0.37675298435441457 0.9690557068147416
0.3807933883948186 0.9690557068147416
0.38483379243522264 0.9690557068147416
0.3888741964756267 0.9690557068147416
0.3929146005160307 0.9690557068147416
0.3969550045564348 0.9690557068147416
0.4009954085968388 0.9690557068147416
0.40503581263724286 0.9690557068147416
0.4090762166776469 0.9690557068147416
0.41311662071805094 0.9690557068147416
0.41715702475845495 0.9690557068147416
0.421197428798859 0.9690557068147416
0.4252378328392631 0.9690557068147416
0.4292782368796671 0.9690557068147416
0.4333186409200711 0.9690557068147416
0.4373590449604752 0.9690557068147416
0.44139944900087924 0.9690557068147416
0.44543985304128325 0.9690557068147416
0.44948025708168726 0.9690557068147416
0.45352066112209133 0.9690557068147416
0.4575610651624954 0.9690557068147416
0.4616014692028994 0.9690557068147416
0.4656418732433035 0.9690557068147416
0.4696822772837075 0.9690557068147416
0.47372268132411155 0.9690557068147416
0.4777630853645156 0.9690557068147416
0.4818034894049196 0.9690557068147416
0.48584389344532364 0.9690557068147416
0.4898842974857277 0.9690557068147416
0.49392470152613177 0.9690557068147416
0.4979651055665358 0.9690557068147416
0.5020055096069398 0.9690557068147416
0.5060459136473439 0.9690557068147416
0.5100863176877479 0.9690557068147416
0.514126721728152 0.9690557068147416
0.518167125768556 0.9690557068147416
0.52220752980896 0.9690557068147416
0.5262479338493641 0.9690557068147416
0.5302883378897681 0.9690557068147416
0.5343287419301721 0.9690557068147416
0.5383691459705762 0.9690557068147416
0.5424095500109802 0.9690557068147416
0.5464499540513843 0.9690557068147416
0.5504903580917884 0.9690557068147416
0.5545307621321923 0.9690557068147416
0.5585711661725964 0.9690557068147416
0.5626115702130005 0.9690557068147416
0.5666519742534044 0.9690557068147416
0.5706923782938085 0.9690557068147416
0.5747327823342125 0.9690557068147416
0.5787731863746166 0.9690557068147416
0.5828135904150207 0.9690557068147416
0.5868539944554247 0.9690557068147416
0.5908943984958287 0.9690557068147416
0.5949348025362328 0.9690557068147416
0.5989752065766367 0.9690557068147416
0.6030156106170408 0.9690557068147416
0.6070560146574449 0.9690557068147416
0.6110964186978489 0.9690557068147416
0.615136822738253 0.9690557068147416
0.619177226778657 0.9690557068147416
0.623217630819061 0.9690557068147416
0.6272580348594651 0.9690557068147416
0.6312984388998691 0.9690557068147416
0.6353388429402731 0.9690557068147416
0.6393792469806772 0.9690557068147416
0.6434196510210812 0.9690557068147416
0.6474600550614853 0.9690557068147416
0.6515004591018894 0.9690557068147416
0.6555408631422934 0.9690557068147416
0.6595812671826974 0.9690557068147416
0.6636216712231015 0.9690557068147416
0.6676620752635054 0.9690557068147416
0.6717024793039095 0.9690557068147416
0.6757428833443135 0.9690557068147416
0.6797832873847176 0.9690557068147416
0.6838236914251217 0.9690557068147416
0.6878640954655257 0.9690557068147416
0.6919044995059298 0.9690557068147416
0.6959449035463338 0.9690557068147416
0.6999853075867378 0.9690557068147416
0.2999853075867378 0.9730961108551457
0.30402571162714187 0.9730961108551457
0.3080661156675459 0.9730961108551457
0.3121065197079499 0.9730961108551457
0.31614692374835396 0.9730961108551457
0.320187327788758 0.9730961108551457
0.32422773182916204 0.9730961108551457
0.3282681358695661 0.9730961108551457
0.3323085399099701 0.9730961108551457
0.3363489439503742 0.9730961108551457
0.3403893479907782 0.9730961108551457
0.34442975203118226 0.9730961108551457
0.34847015607158627 0.9730961108551457
0.35251056011199033 0.9730961108551457
0.3565509641523944 0.9730961108551457
0.3605913681927984 0.9730961108551457
0.3646317722332024 0.9730961108551457
0.3686721762736065 0.9730961108551457
0.37271258031401056 0.9730961108551457
0.37675298435441457 0.9730961108551457
0.3807933883948186 0.9730961108551457
0.38483379243522264 0.9730961108551457
0.3888741964756267 0.9730961108551457
0.3929146005160307 0.9730961108551457
0.3969550045564348 0.9730961108551457
0.4009954085968388 0.9730961108551457
0.40503581263724286 0.9730961108551457
0.4090762166776469 0.9730961108551457
0.41311662071805094 0.9730961108551457
0.41715702475845495 0.9730961108551457
0.421197428798859 0.9730961108551457
0.4252378328392631 0.9730961108551457
0.4292782368796671 0.9730961108551457
0.4333186409200711 0.9730961108551457
0.4373590449604752 0.9730961108551457
0.44139944900087924 0.9730961108551457
0.44543985304128325 0.9730961108551457
0.44948025708168726 0.9730961108551457
0.45352066112209133 0.9730961108551457
0.4575610651624954 0.9730961108551457
0.4616014692028994 0.9730961108551457
0.4656418732433035 0.9730961108551457
0.4696822772837075 0.9730961108551457
0.47372268132411155 0.9730961108551457
0.4777630853645156 0.9730961108551457
0.4818034894049196 0.9730961108551457
0.48584389344532364 0.9730961108551457
0.4898842974857277 0.9730961108551457
0.49392470152613177 0.9730961108551457
0.4979651055665358 0.9730961108551457
0.5020055096069398 0.9730961108551457
0.5060459136473439 0.9730961108551457
0.5100863176877479 0.9730961108551457
0.514126721728152 0.9730961108551457
0.518167125768556 0.9730961108551457
0.52220752980896 0.9730961108551457
0.5262479338493641 0.9730961108551457
0.5302883378897681 0.9730961108551457
0.5343287419301721 0.9730961108551457
0.5383691459705762 0.9730961108551457
0.5424095500109802 0.9730961108551457
0.5464499540513843 0.9730961108551457
0.5504903580917884 0.9730961108551457
0.5545307621321923 0.9730961108551457
0.5585711661725964 0.9730961108551457
0.5626115702130005 0.9730961108551457
0.5666519742534044 0.9730961108551457
0.5706923782938085 0.9730961108551457
0.5747327823342125 0.9730961108551457
0.5787731863746166 0.9730961108551457
0.5828135904150207 0.9730961108551457
0.5868539944554247 0.9730961108551457
0.5908943984958287 0.9730961108551457
0.5949348025362328 0.9730961108551457
0.5989752065766367 0.9730961108551457
0.6030156106170408 0.9730961108551457
0.6070560146574449 0.9730961108551457
0.6110964186978489 0.9730961108551457
0.615136822738253 0.9730961108551457
0.619177226778657 0.9730961108551457
0.623217630819061 0.9730961108551457
0.6272580348594651 0.9730961108551457
0.6312984388998691 0.9730961108551457
0.6353388429402731 0.9730961108551457
0.6393792469806772 0.9730961108551457
0.6434196510210812 0.9730961108551457
0.6474600550614853 0.9730961108551457
0.6515004591018894 0.9730961108551457
0.6555408631422934 0.9730961108551457
0.6595812671826974 0.9730961108551457
0.6636216712231015 0.9730961108551457
0.6676620752635054 0.9730961108551457
0.6717024793039095 0.9730961108551457
0.6757428833443135 0.9730961108551457
0.6797832873847176 0.9730961108551457
0.6838236914251217 0.9730961108551457
0.6878640954655257 0.9730961108551457
0.6919044995059298 0.9730961108551457
0.6959449035463338 0.9730961108551457
0.6999853075867378 0.9730961108551457
0.2999853075867378 0.9771365148955498
0.30402571162714187 0.9771365148955498
0.3080661156675459 0.9771365148955498
0.3121065197079499 0.9771365148955498
0.31614692374835396 0.9771365148955498
0.320187327788758 0.9771365148955498
0.32422773182916204 0.9771365148955498
0.3282681358695661 0.9771365148955498
0.3323085399099701 0.9771365148955498
0.3363489439503742 0.9771365148955498
0.3403893479907782 0.9771365148955498
0.34442975203118226 0.9771365148955498
0.34847015607158627 0.9771365148955498
0.35251056011199033 0.9771365148955498
0.3565509641523944 0.9771365148955498
0.3605913681927984 0.9771365148955498
0.3646317722332024 0.9771365148955498
0.3686721762736065 0.9771365148955498
0.37271258031401056 0.9771365148955498
0.37675298435441457 0.9771365148955498
0.3807933883948186 0.9771365148955498
0.38483379243522264 0.9771365148955498
0.3888741964756267 0.9771365148955498
0.3929146005160307 0.9771365148955498
0.3969550045564348 0.9771365148955498
0.4009954085968388 0.9771365148955498
0.40503581263724286 0.9771365148955498
0.4090762166776469 0.9771365148955498
0.41311662071805094 0.9771365148955498
0.41715702475845495 0.9771365148955498
0.421197428798859 0.9771365148955498
0.4252378328392631 0.9771365148955498
0.4292782368796671 0.9771365148955498
0.4333186409200711 0.9771365148955498
0.4373590449604752 0.9771365148955498
0.44139944900087924 0.9771365148955498
0.44543985304128325 0.9771365148955498
0.44948025708168726 0.9771365148955498
0.45352066112209133 0.9771365148955498
0.4575610651624954 0.9771365148955498
0.4616014692028994 0.9771365148955498
0.4656418732433035 0.9771365148955498
0.4696822772837075 0.9771365148955498
0.47372268132411155 0.9771365148955498
0.4777630853645156 0.9771365148955498
0.4818034894049196 0.9771365148955498
0.48584389344532364 0.9771365148955498
0.4898842974857277 0.9771365148955498
0.49392470152613177 0.9771365148955498
0.4979651055665358 0.9771365148955498
0.5020055096069398 0.9771365148955498
0.5060459136473439 0.9771365148955498
0.5100863176877479 0.9771365148955498
0.514126721728152 0.9771365148955498
0.518167125768556 0.9771365148955498
0.52220752980896 0.9771365148955498
0.5262479338493641 0.9771365148955498
0.5302883378897681 0.9771365148955498
0.5343287419301721 0.9771365148955498
0.5383691459705762 0.9771365148955498
0.5424095500109802 0.9771365148955498
0.5464499540513843 0.9771365148955498
0.5504903580917884 0.9771365148955498
0.5545307621321923 0.9771365148955498
0.5585711661725964 0.9771365148955498
0.5626115702130005 0.9771365148955498
0.5666519742534044 0.9771365148955498
0.5706923782938085 0.9771365148955498
0.5747327823342125 0.9771365148955498
0.5787731863746166 0.9771365148955498
0.5828135904150207 0.9771365148955498
0.5868539944554247 0.9771365148955498
0.5908943984958287 0.9771365148955498
0.5949348025362328 0.9771365148955498
0.5989752065766367 0.9771365148955498
0.6030156106170408 0.9771365148955498
0.6070560146574449 0.9771365148955498
0.6110964186978489 0.9771365148955498
0.615136822738253 0.9771365148955498
0.619177226778657 0.9771365148955498
0.623217630819061 0.9771365148955498
0.6272580348594651 0.9771365148955498
0.6312984388998691 0.9771365148955498
0.6353388429402731 0.9771365148955498
0.6393792469806772 0.9771365148955498
0.6434196510210812 0.9771365148955498
0.6474600550614853 0.9771365148955498
0.6515004591018894 0.9771365148955498
0.6555408631422934 0.9771365148955498
0.6595812671826974 0.9771365148955498
0.6636216712231015 0.9771365148955498
0.6676620752635054 0.9771365148955498
0.6717024793039095 0.9771365148955498
0.6757428833443135 0.9771365148955498
0.6797832873847176 0.9771365148955498
0.6838236914251217 0.9771365148955498
0.6878640954655257 0.9771365148955498
0.6919044995059298 0.9771365148955498
0.6959449035463338 0.9771365148955498
0.6999853075867378 0.9771365148955498
0.2999853075867378 0.9811769189359537
0.30402571162714187 0.9811769189359537
0.3080661156675459 0.9811769189359537
0.3121065197079499 0.9811769189359537
0.31614692374835396 0.9811769189359537
0.320187327788758 0.9811769189359537
0.32422773182916204 0.9811769189359537
0.3282681358695661 0.9811769189359537
0.3323085399099701 0.9811769189359537
0.3363489439503742 0.9811769189359537
0.3403893479907782 0.9811769189359537
0.34442975203118226 0.9811769189359537
0.34847015607158627 0.9811769189359537
0.35251056011199033 0.9811769189359537
0.3565509641523944 0.9811769189359537
0.3605913681927984 0.9811769189359537
0.3646317722332024 0.9811769189359537
0.3686721762736065 0.9811769189359537
0.37271258031401056 0.9811769189359537
0.37675298435441457 0.9811769189359537
0.3807933883948186 0.9811769189359537
0.38483379243522264 0.9811769189359537
0.3888741964756267 0.9811769189359537
0.3929146005160307 0.9811769189359537
0.3969550045564348 0.9811769189359537
0.4009954085968388 0.9811769189359537
0.40503581263724286 0.9811769189359537
0.4090762166776469 0.9811769189359537
0.41311662071805094 0.9811769189359537
0.41715702475845495 0.9811769189359537
0.421197428798859 0.9811769189359537
0.4252378328392631 0.9811769189359537
0.4292782368796671 0.9811769189359537
0.4333186409200711 0.9811769189359537
0.4373590449604752 0.9811769189359537
0.44139944900087924 0.9811769189359537
0.44543985304128325 0.9811769189359537
0.44948025708168726 0.9811769189359537
0.45352066112209133 0.9811769189359537
0.4575610651624954 0.9811769189359537
0.4616014692028994 0.9811769189359537
0.4656418732433035 0.9811769189359537
0.4696822772837075 0.9811769189359537
0.47372268132411155 0.9811769189359537
0.4777630853645156 0.9811769189359537
0.4818034894049196 0.9811769189359537
0.48584389344532364 0.9811769189359537
0.4898842974857277 0.9811769189359537
0.49392470152613177 0.9811769189359537
0.4979651055665358 0.9811769189359537
0.5020055096069398 0.9811769189359537
0.5060459136473439 0.9811769189359537
0.5100863176877479 0.9811769189359537
0.514126721728152 0.9811769189359537
0.518167125768556 0.9811769189359537
0.52220752980896 0.9811769189359537
0.5262479338493641 0.9811769189359537
0.5302883378897681 0.9811769189359537
0.5343287419301721 0.9811769189359537
0.5383691459705762 0.9811769189359537
0.5424095500109802 0.9811769189359537
0.5464499540513843 0.9811769189359537
0.5504903580917884 0.9811769189359537
0.5545307621321923 0.9811769189359537
0.5585711661725964 0.9811769189359537
0.5626115702130005 0.9811769189359537
0.5666519742534044 0.9811769189359537
0.5706923782938085 0.9811769189359537
0.5747327823342125 0.9811769189359537
0.5787731863746166 0.9811769189359537
0.5828135904150207 0.9811769189359537
0.5868539944554247 0.9811769189359537
0.5908943984958287 0.9811769189359537
0.5949348025362328 0.9811769189359537
0.5989752065766367 0.9811769189359537
0.6030156106170408 0.9811769189359537
0.6070560146574449 0.9811769189359537
0.6110964186978489 0.9811769189359537
0.615136822738253 0.9811769189359537
0.619177226778657 0.9811769189359537
0.623217630819061 0.9811769189359537
0.6272580348594651 0.9811769189359537
0.6312984388998691 0.9811769189359537
0.6353388429402731 0.9811769189359537
0.6393792469806772 0.9811769189359537
0.6434196510210812 0.9811769189359537
0.6474600550614853 0.9811769189359537
0.6515004591018894 0.9811769189359537
0.6555408631422934 0.9811769189359537
0.6595812671826974 0.9811769189359537
0.6636216712231015 0.9811769189359537
0.6676620752635054 0.9811769189359537
0.6717024793039095 0.9811769189359537
0.6757428833443135 0.9811769189359537
0.6797832873847176 0.9811769189359537
0.6838236914251217 0.9811769189359537
0.6878640954655257 0.9811769189359537
0.6919044995059298 0.9811769189359537
0.6959449035463338 0.9811769189359537
0.6999853075867378 0.9811769189359537
0.2999853075867378 0.9852173229763578
0.30402571162714187 0.9852173229763578
0.3080661156675459 0.9852173229763578
0.3121065197079499 0.9852173229763578
0.31614692374835396 0.9852173229763578
0.320187327788758 0.9852173229763578
0.32422773182916204 0.9852173229763578
0.3282681358695661 0.9852173229763578
0.3323085399099701 0.9852173229763578
0.3363489439503742 0.9852173229763578
0.3403893479907782 0.9852173229763578
0.34442975203118226 0.9852173229763578
0.34847015607158627 0.9852173229763578
0.35251056011199033 0.9852173229763578
0.3565509641523944 0.9852173229763578
0.3605913681927984 0.9852173229763578
0.3646317722332024 0.9852173229763578
0.3686721762736065 0.9852173229763578
0.37271258031401056 0.9852173229763578
0.37675298435441457 0.9852173229763578
0.3807933883948186 0.9852173229763578
0.38483379243522264 0.9852173229763578
0.3888741964756267 0.9852173229763578
0.3929146005160307 0.9852173229763578
0.3969550045564348 0.9852173229763578
0.4009954085968388 0.9852173229763578
0.40503581263724286 0.9852173229763578
0.4090762166776469 0.9852173229763578
0.41311662071805094 0.9852173229763578
0.41715702475845495 0.9852173229763578
0.421197428798859 0.9852173229763578
0.4252378328392631 0.9852173229763578
0.4292782368796671 0.9852173229763578
0.4333186409200711 0.9852173229763578
0.4373590449604752 0.9852173229763578
0.44139944900087924 0.9852173229763578
0.44543985304128325 0.9852173229763578
0.44948025708168726 0.9852173229763578
0.45352066112209133 0.9852173229763578
0.4575610651624954 0.9852173229763578
0.4616014692028994 0.9852173229763578
0.4656418732433035 0.9852173229763578
0.4696822772837075 0.9852173229763578
0.47372268132411155 0.9852173229763578
0.4777630853645156 0.9852173229763578
0.4818034894049196 0.9852173229763578
0.48584389344532364 0.9852173229763578
0.4898842974857277 0.9852173229763578
0.49392470152613177 0.9852173229763578
0.4979651055665358 0.9852173229763578
0.5020055096069398 0.9852173229763578
0.5060459136473439 0.9852173229763578
0.5100863176877479 0.9852173229763578
0.514126721728152 0.9852173229763578
0.518167125768556 0.9852173229763578
0.52220752980896 0.9852173229763578
0.5262479338493641 0.9852173229763578
0.5302883378897681 0.9852173229763578
0.5343287419301721 0.9852173229763578
0.5383691459705762 0.9852173229763578
0.5424095500109802 0.9852173229763578
0.5464499540513843 0.9852173229763578
0.5504903580917884 0.9852173229763578
0.5545307621321923 0.9852173229763578
0.5585711661725964 0.9852173229763578
0.5626115702130005 0.9852173229763578
0.5666519742534044 0.9852173229763578
0.5706923782938085 0.9852173229763578
0.5747327823342125 0.9852173229763578
0.5787731863746166 0.9852173229763578
0.5828135904150207 0.9852173229763578
0.5868539944554247 0.9852173229763578
0.5908943984958287 0.9852173229763578
0.5949348025362328 0.9852173229763578
0.5989752065766367 0.9852173229763578
0.6030156106170408 0.9852173229763578
0.6070560146574449 0.9852173229763578
0.6110964186978489 0.9852173229763578
0.615136822738253 0.9852173229763578
0.619177226778657 0.9852173229763578
0.623217630819061 0.9852173229763578
0.6272580348594651 0.9852173229763578
0.6312984388998691 0.9852173229763578
0.6353388429402731 0.9852173229763578
0.6393792469806772 0.9852173229763578
0.6434196510210812 0.9852173229763578
0.6474600550614853 0.9852173229763578
0.6515004591018894 0.9852173229763578
0.6555408631422934 0.9852173229763578
0.6595812671826974 0.9852173229763578
0.6636216712231015 0.9852173229763578
0.6676620752635054 0.9852173229763578
0.6717024793039095 0.9852173229763578
0.6757428833443135 0.9852173229763578
0.6797832873847176 0.9852173229763578
0.6838236914251217 0.9852173229763578
0.6878640954655257 0.9852173229763578
0.6919044995059298 0.9852173229763578
0.6959449035463338 0.9852173229763578
0.6999853075867378 0.9852173229763578
0.2999853075867378 0.9892577270167617
0.30402571162714187 0.9892577270167617
0.3080661156675459 0.9892577270167617
0.3121065197079499 0.9892577270167617
0.31614692374835396 0.9892577270167617
0.320187327788758 0.9892577270167617
0.32422773182916204 0.9892577270167617
0.3282681358695661 0.9892577270167617
0.3323085399099701 0.9892577270167617
0.3363489439503742 0.9892577270167617
0.3403893479907782 0.9892577270167617
0.34442975203118226 0.9892577270167617
0.34847015607158627 0.9892577270167617
0.35251056011199033 0.9892577270167617
0.3565509641523944 0.9892577270167617
0.3605913681927984 0.9892577270167617
0.3646317722332024 0.9892577270167617
0.3686721762736065 0.9892577270167617
0.37271258031401056 0.9892577270167617
0.37675298435441457 0.9892577270167617
0.3807933883948186 0.9892577270167617
0.38483379243522264 0.9892577270167617
0.3888741964756267 0.9892577270167617
0.3929146005160307 0.9892577270167617
0.3969550045564348 0.9892577270167617
0.4009954085968388 0.9892577270167617
0.40503581263724286 0.9892577270167617
0.4090762166776469 0.9892577270167617
0.41311662071805094 0.9892577270167617
0.41715702475845495 0.9892577270167617
0.421197428798859 0.9892577270167617
0.4252378328392631 0.9892577270167617
0.4292782368796671 0.9892577270167617
0.4333186409200711 0.9892577270167617
0.4373590449604752 0.9892577270167617
0.44139944900087924 0.9892577270167617
0.44543985304128325 0.9892577270167617
0.44948025708168726 0.9892577270167617
0.45352066112209133 0.9892577270167617
0.4575610651624954 0.9892577270167617
0.4616014692028994 0.9892577270167617
0.4656418732433035 0.9892577270167617
0.4696822772837075 0.9892577270167617
0.47372268132411155 0.9892577270167617
0.4777630853645156 0.9892577270167617
0.4818034894049196 0.9892577270167617
0.48584389344532364 0.9892577270167617
0.4898842974857277 0.9892577270167617
0.49392470152613177 0.9892577270167617
0.4979651055665358 0.9892577270167617
0.5020055096069398 0.9892577270167617
0.5060459136473439 0.9892577270167617
0.5100863176877479 0.9892577270167617
0.514126721728152 0.9892577270167617
0.518167125768556 0.9892577270167617
0.52220752980896 0.9892577270167617
0.5262479338493641 0.9892577270167617
0.5302883378897681 0.9892577270167617
0.5343287419301721 0.9892577270167617
0.5383691459705762 0.9892577270167617
0.5424095500109802 0.9892577270167617
0.5464499540513843 0.9892577270167617
0.5504903580917884 0.9892577270167617
0.5545307621321923 0.9892577270167617
0.5585711661725964 0.9892577270167617
0.5626115702130005 0.9892577270167617
0.5666519742534044 0.9892577270167617
0.5706923782938085 0.9892577270167617
0.5747327823342125 0.9892577270167617
0.5787731863746166 0.9892577270167617
0.5828135904150207 0.9892577270167617
0.5868539944554247 0.9892577270167617
0.5908943984958287 0.9892577270167617
0.5949348025362328 0.9892577270167617
0.5989752065766367 0.9892577270167617
0.6030156106170408 0.9892577270167617
0.6070560146574449 0.9892577270167617
0.6110964186978489 0.9892577270167617
0.615136822738253 0.9892577270167617
0.619177226778657 0.9892577270167617
0.623217630819061 0.9892577270167617
0.6272580348594651 0.9892577270167617
0.6312984388998691 0.9892577270167617
0.6353388429402731 0.9892577270167617
0.6393792469806772 0.9892577270167617
0.6434196510210812 0.9892577270167617
0.6474600550614853 0.9892577270167617
0.6515004591018894 0.9892577270167617
0.6555408631422934 0.9892577270167617
0.6595812671826974 0.9892577270167617
0.6636216712231015 0.9892577270167617
0.6676620752635054 0.9892577270167617
0.6717024793039095 0.9892577270167617
0.6757428833443135 0.9892577270167617
0.6797832873847176 0.9892577270167617
0.6838236914251217 0.9892577270167617
0.6878640954655257 0.9892577270167617
0.6919044995059298 0.9892577270167617
0.6959449035463338 0.9892577270167617
0.6999853075867378 0.9892577270167617
0.2999853075867378 0.9932981310571658
0.30402571162714187 0.9932981310571658
0.3080661156675459 0.9932981310571658
0.3121065197079499 0.9932981310571658
0.31614692374835396 0.9932981310571658
0.320187327788758 0.9932981310571658
0.32422773182916204 0.9932981310571658
0.3282681358695661 0.9932981310571658
0.3323085399099701 0.9932981310571658
0.3363489439503742 0.9932981310571658
0.3403893479907782 0.9932981310571658
0.34442975203118226 0.9932981310571658
0.34847015607158627 0.9932981310571658
0.35251056011199033 0.9932981310571658
0.3565509641523944 0.9932981310571658
0.3605913681927984 0.9932981310571658
0.3646317722332024 0.9932981310571658
0.3686721762736065 0.9932981310571658
0.37271258031401056 0.9932981310571658
0.37675298435441457 0.9932981310571658
0.3807933883948186 0.9932981310571658
0.38483379243522264 0.9932981310571658
0.3888741964756267 0.9932981310571658
0.3929146005160307 0.9932981310571658
0.3969550045564348 0.9932981310571658
0.4009954085968388 0.9932981310571658
0.40503581263724286 0.9932981310571658
0.4090762166776469 0.9932981310571658
0.41311662071805094 0.9932981310571658
0.41715702475845495 0.9932981310571658
0.421197428798859 0.9932981310571658
0.4252378328392631 0.9932981310571658
0.4292782368796671 0.9932981310571658
0.4333186409200711 0.9932981310571658
0.4373590449604752 0.9932981310571658
0.44139944900087924 0.9932981310571658
0.44543985304128325 0.9932981310571658
0.44948025708168726 0.9932981310571658
0.45352066112209133 0.9932981310571658
0.4575610651624954 0.9932981310571658
0.4616014692028994 0.9932981310571658
0.4656418732433035 0.9932981310571658
0.4696822772837075 0.9932981310571658
0.47372268132411155 0.9932981310571658
0.4777630853645156 0.9932981310571658
0.4818034894049196 0.9932981310571658
0.48584389344532364 0.9932981310571658
0.4898842974857277 0.9932981310571658
0.49392470152613177 0.9932981310571658
0.4979651055665358 0.9932981310571658
0.5020055096069398 0.9932981310571658
0.5060459136473439 0.9932981310571658
0.5100863176877479 0.9932981310571658
0.514126721728152 0.9932981310571658
0.518167125768556 0.9932981310571658
0.52220752980896 0.9932981310571658
0.5262479338493641 0.9932981310571658
0.5302883378897681 0.9932981310571658
0.5343287419301721 0.9932981310571658
0.5383691459705762 0.9932981310571658
0.5424095500109802 0.9932981310571658
0.5464499540513843 0.9932981310571658
0.5504903580917884 0.9932981310571658
0.5545307621321923 0.9932981310571658
0.5585711661725964 0.9932981310571658
0.5626115702130005 0.9932981310571658
0.5666519742534044 0.9932981310571658
0.5706923782938085 0.9932981310571658
0.5747327823342125 0.9932981310571658
0.5787731863746166 0.9932981310571658
0.5828135904150207 0.9932981310571658
0.5868539944554247 0.9932981310571658
0.5908943984958287 0.9932981310571658
0.5949348025362328 0.9932981310571658
0.5989752065766367 0.9932981310571658
0.6030156106170408 0.9932981310571658
0.6070560146574449 0.9932981310571658
0.6110964186978489 0.9932981310571658
0.615136822738253 0.9932981310571658
0.619177226778657 0.9932981310571658
0.623217630819061 0.9932981310571658
0.6272580348594651 0.9932981310571658
0.6312984388998691 0.9932981310571658
0.6353388429402731 0.9932981310571658
0.6393792469806772 0.9932981310571658
0.6434196510210812 0.9932981310571658
0.6474600550614853 0.9932981310571658
0.6515004591018894 0.9932981310571658
0.6555408631422934 0.9932981310571658
0.6595812671826974 0.9932981310571658
0.6636216712231015 0.9932981310571658
0.6676620752635054 0.9932981310571658
0.6717024793039095 0.9932981310571658
0.6757428833443135 0.9932981310571658
0.6797832873847176 0.9932981310571658
0.6838236914251217 0.9932981310571658
0.6878640954655257 0.9932981310571658
0.6919044995059298 0.9932981310571658
0.6959449035463338 0.9932981310571658
0.6999853075867378 0.9932981310571658
0.2999853075867378 0.9973385350975699
0.30402571162714187 0.9973385350975699
0.3080661156675459 0.9973385350975699
0.3121065197079499 0.9973385350975699
0.31614692374835396 0.9973385350975699
0.320187327788758 0.9973385350975699
0.32422773182916204 0.9973385350975699
0.3282681358695661 0.9973385350975699
0.3323085399099701 0.9973385350975699
0.3363489439503742 0.9973385350975699
0.3403893479907782 0.9973385350975699
0.34442975203118226 0.9973385350975699
0.34847015607158627 0.9973385350975699
0.35251056011199033 0.9973385350975699
0.3565509641523944 0.9973385350975699
0.3605913681927984 0.9973385350975699
0.3646317722332024 0.9973385350975699
0.3686721762736065 0.9973385350975699
0.37271258031401056 0.9973385350975699
0.37675298435441457 0.9973385350975699
0.3807933883948186 0.9973385350975699
0.38483379243522264 0.9973385350975699
0.3888741964756267 0.9973385350975699
0.3929146005160307 0.9973385350975699
0.3969550045564348 0.9973385350975699
0.4009954085968388 0.9973385350975699
0.40503581263724286 0.9973385350975699
0.4090762166776469 0.9973385350975699
0.41311662071805094 0.9973385350975699
0.41715702475845495 0.9973385350975699
0.421197428798859 0.9973385350975699
0.4252378328392631 0.9973385350975699
0.4292782368796671 0.9973385350975699
0.4333186409200711 0.9973385350975699
0.4373590449604752 0.9973385350975699
0.44139944900087924 0.9973385350975699
0.44543985304128325 0.9973385350975699
0.44948025708168726 0.9973385350975699
0.45352066112209133 0.9973385350975699
0.4575610651624954 0.9973385350975699
0.4616014692028994 0.9973385350975699
0.4656418732433035 0.9973385350975699
0.4696822772837075 0.9973385350975699
0.47372268132411155 0.9973385350975699
0.4777630853645156 0.9973385350975699
0.4818034894049196 0.9973385350975699
0.48584389344532364 0.9973385350975699
0.4898842974857277 0.9973385350975699
0.49392470152613177 0.9973385350975699
0.4979651055665358 0.9973385350975699
0.5020055096069398 0.9973385350975699
0.5060459136473439 0.9973385350975699
0.5100863176877479 0.9973385350975699
0.514126721728152 0.9973385350975699
0.518167125768556 0.9973385350975699
0.52220752980896 0.9973385350975699
0.5262479338493641 0.9973385350975699
0.5302883378897681 0.9973385350975699
0.5343287419301721 0.9973385350975699
0.5383691459705762 0.9973385350975699
0.5424095500109802 0.9973385350975699
0.5464499540513843 0.9973385350975699
0.5504903580917884 0.9973385350975699
0.5545307621321923 0.9973385350975699
0.5585711661725964 0.9973385350975699
0.5626115702130005 0.9973385350975699
0.5666519742534044 0.9973385350975699
0.5706923782938085 0.9973385350975699
0.5747327823342125 0.9973385350975699
0.5787731863746166 0.9973385350975699
0.5828135904150207 0.9973385350975699
0.5868539944554247 0.9973385350975699
0.5908943984958287 0.9973385350975699
0.5949348025362328 0.9973385350975699
0.5989752065766367 0.9973385350975699
0.6030156106170408 0.9973385350975699
0.6070560146574449 0.9973385350975699
0.6110964186978489 0.9973385350975699
0.615136822738253 0.9973385350975699
0.619177226778657 0.9973385350975699
0.623217630819061 0.9973385350975699
0.6272580348594651 0.9973385350975699
0.6312984388998691 0.9973385350975699
0.6353388429402731 0.9973385350975699
0.6393792469806772 0.9973385350975699
0.6434196510210812 0.9973385350975699
0.6474600550614853 0.9973385350975699
0.6515004591018894 0.9973385350975699
0.6555408631422934 0.9973385350975699
0.6595812671826974 0.9973385350975699
0.6636216712231015 0.9973385350975699
0.6676620752635054 0.9973385350975699
0.6717024793039095 0.9973385350975699
0.6757428833443135 0.9973385350975699
0.6797832873847176 0.9973385350975699
0.6838236914251217 0.9973385350975699
0.6878640954655257 0.9973385350975699
0.6919044995059298 0.9973385350975699
0.6959449035463338 0.9973385350975699
0.6999853075867378 0.9973385350975699
0.2999853075867378 1.001378939137974
0.30402571162714187 1.001378939137974
0.3080661156675459 1.001378939137974
0.3121065197079499 1.001378939137974
0.31614692374835396 1.001378939137974
0.320187327788758 1.001378939137974
0.32422773182916204 1.001378939137974
0.3282681358695661 1.001378939137974
0.3323085399099701 1.001378939137974
0.3363489439503742 1.001378939137974
0.3403893479907782 1.001378939137974
0.34442975203118226 1.001378939137974
0.34847015607158627 1.001378939137974
0.35251056011199033 1.001378939137974
0.3565509641523944 1.001378939137974
0.3605913681927984 1.001378939137974
0.3646317722332024 1.001378939137974
0.3686721762736065 1.001378939137974
0.37271258031401056 1.001378939137974
0.37675298435441457 1.001378939137974
0.3807933883948186 1.001378939137974
0.38483379243522264 1.001378939137974
0.3888741964756267 1.001378939137974
0.3929146005160307 1.001378939137974
0.3969550045564348 1.001378939137974
0.4009954085968388 1.001378939137974
0.40503581263724286 1.001378939137974
0.4090762166776469 1.001378939137974
0.41311662071805094 1.001378939137974
0.41715702475845495 1.001378939137974
0.421197428798859 1.001378939137974
0.4252378328392631 1.001378939137974
0.4292782368796671 1.001378939137974
0.4333186409200711 1.001378939137974
0.4373590449604752 1.001378939137974
0.44139944900087924 1.001378939137974
0.44543985304128325 1.001378939137974
0.44948025708168726 1.001378939137974
0.45352066112209133 1.001378939137974
0.4575610651624954 1.001378939137974
0.4616014692028994 1.001378939137974
0.4656418732433035 1.001378939137974
0.4696822772837075 1.001378939137974
0.47372268132411155 1.001378939137974
0.4777630853645156 1.001378939137974
0.4818034894049196 1.001378939137974
0.48584389344532364 1.001378939137974
0.4898842974857277 1.001378939137974
0.49392470152613177 1.001378939137974
0.4979651055665358 1.001378939137974
0.5020055096069398 1.001378939137974
0.5060459136473439 1.001378939137974
0.5100863176877479 1.001378939137974
0.514126721728152 1.001378939137974
0.518167125768556 1.001378939137974
0.52220752980896 1.001378939137974
0.5262479338493641 1.001378939137974
0.5302883378897681 1.001378939137974
0.5343287419301721 1.001378939137974
0.5383691459705762 1.001378939137974
0.5424095500109802 1.001378939137974
0.5464499540513843 1.001378939137974
0.5504903580917884 1.001378939137974
0.5545307621321923 1.001378939137974
0.5585711661725964 1.001378939137974
0.5626115702130005 1.001378939137974
0.5666519742534044 1.001378939137974
0.5706923782938085 1.001378939137974
0.5747327823342125 1.001378939137974
0.5787731863746166 1.001378939137974
0.5828135904150207 1.001378939137974
0.5868539944554247 1.001378939137974
0.5908943984958287 1.001378939137974
0.5949348025362328 1.001378939137974
0.5989752065766367 1.001378939137974
0.6030156106170408 1.001378939137974
0.6070560146574449 1.001378939137974
0.6110964186978489 1.001378939137974
0.615136822738253 1.001378939137974
0.619177226778657 1.001378939137974
0.623217630819061 1.001378939137974
0.6272580348594651 1.001378939137974
0.6312984388998691 1.001378939137974
0.6353388429402731 1.001378939137974
0.6393792469806772 1.001378939137974
0.6434196510210812 1.001378939137974
0.6474600550614853 1.001378939137974
0.6515004591018894 1.001378939137974
0.6555408631422934 1.001378939137974
0.6595812671826974 1.001378939137974
0.6636216712231015 1.001378939137974
0.6676620752635054 1.001378939137974
0.6717024793039095 1.001378939137974
0.6757428833443135 1.001378939137974
0.6797832873847176 1.001378939137974
0.6838236914251217 1.001378939137974
0.6878640954655257 1.001378939137974
0.6919044995059298 1.001378939137974
0.6959449035463338 1.001378939137974
0.6999853075867378 1.001378939137974
0.2999853075867378 1.005419343178378
0.30402571162714187 1.005419343178378
0.3080661156675459 1.005419343178378
0.3121065197079499 1.005419343178378
0.31614692374835396 1.005419343178378
0.320187327788758 1.005419343178378
0.32422773182916204 1.005419343178378
0.3282681358695661 1.005419343178378
0.3323085399099701 1.005419343178378
0.3363489439503742 1.005419343178378
0.3403893479907782 1.005419343178378
0.34442975203118226 1.005419343178378
0.34847015607158627 1.005419343178378
0.35251056011199033 1.005419343178378
0.3565509641523944 1.005419343178378
0.3605913681927984 1.005419343178378
0.3646317722332024 1.005419343178378
0.3686721762736065 1.005419343178378
0.37271258031401056 1.005419343178378
0.37675298435441457 1.005419343178378
0.3807933883948186 1.005419343178378
0.38483379243522264 1.005419343178378
0.3888741964756267 1.005419343178378
0.3929146005160307 1.005419343178378
0.3969550045564348 1.005419343178378
0.4009954085968388 1.005419343178378
0.40503581263724286 1.005419343178378
0.4090762166776469 1.005419343178378
0.41311662071805094 1.005419343178378
0.41715702475845495 1.005419343178378
0.421197428798859 1.005419343178378
0.4252378328392631 1.005419343178378
0.4292782368796671 1.005419343178378
0.4333186409200711 1.005419343178378
0.4373590449604752 1.005419343178378
0.44139944900087924 1.005419343178378
0.44543985304128325 1.005419343178378
0.44948025708168726 1.005419343178378
0.45352066112209133 1.005419343178378
0.4575610651624954 1.005419343178378
0.4616014692028994 1.005419343178378
0.4656418732433035 1.005419343178378
0.4696822772837075 1.005419343178378
0.47372268132411155 1.005419343178378
0.4777630853645156 1.005419343178378
0.4818034894049196 1.005419343178378
0.48584389344532364 1.005419343178378
0.4898842974857277 1.005419343178378
0.49392470152613177 1.005419343178378
0.4979651055665358 1.005419343178378
0.5020055096069398 1.005419343178378
0.5060459136473439 1.005419343178378
0.5100863176877479 1.005419343178378
0.514126721728152 1.005419343178378
0.518167125768556 1.005419343178378
0.52220752980896 1.005419343178378
0.5262479338493641 1.005419343178378
0.5302883378897681 1.005419343178378
0.5343287419301721 1.005419343178378
0.5383691459705762 1.005419343178378
0.5424095500109802 1.005419343178378
0.5464499540513843 1.005419343178378
0.5504903580917884 1.005419343178378
0.5545307621321923 1.005419343178378
0.5585711661725964 1.005419343178378
0.5626115702130005 1.005419343178378
0.5666519742534044 1.005419343178378
0.5706923782938085 1.005419343178378
0.5747327823342125 1.005419343178378
0.5787731863746166 1.005419343178378
0.5828135904150207 1.005419343178378
0.5868539944554247 1.005419343178378
0.5908943984958287 1.005419343178378
0.5949348025362328 1.005419343178378
0.5989752065766367 1.005419343178378
0.6030156106170408 1.005419343178378
0.6070560146574449 1.005419343178378
0.6110964186978489 1.005419343178378
0.615136822738253 1.005419343178378
0.619177226778657 1.005419343178378
0.623217630819061 1.005419343178378
0.6272580348594651 1.005419343178378
0.6312984388998691 1.005419343178378
0.6353388429402731 1.005419343178378
0.6393792469806772 1.005419343178378
0.6434196510210812 1.005419343178378
0.6474600550614853 1.005419343178378
0.6515004591018894 1.005419343178378
0.6555408631422934 1.005419343178378
0.6595812671826974 1.005419343178378
0.6636216712231015 1.005419343178378
0.6676620752635054 1.005419343178378
0.6717024793039095 1.005419343178378
0.6757428833443135 1.005419343178378
0.6797832873847176 1.005419343178378
0.6838236914251217 1.005419343178378
0.6878640954655257 1.005419343178378
0.6919044995059298 1.005419343178378
0.6959449035463338 1.005419343178378
0.6999853075867378 1.005419343178378
0.2999853075867378 1.009459747218782
0.30402571162714187 1.009459747218782
0.3080661156675459 1.009459747218782
0.3121065197079499 1.009459747218782
0.31614692374835396 1.009459747218782
0.320187327788758 1.009459747218782
0.32422773182916204 1.009459747218782
0.3282681358695661 1.009459747218782
0.3323085399099701 1.009459747218782
0.3363489439503742 1.009459747218782
0.3403893479907782 1.009459747218782
0.34442975203118226 1.009459747218782
0.34847015607158627 1.009459747218782
0.35251056011199033 1.009459747218782
0.3565509641523944 1.009459747218782
0.3605913681927984 1.009459747218782
0.3646317722332024 1.009459747218782
0.3686721762736065 1.009459747218782
0.37271258031401056 1.009459747218782
0.37675298435441457 1.009459747218782
0.3807933883948186 1.009459747218782
0.38483379243522264 1.009459747218782
0.3888741964756267 1.009459747218782
0.3929146005160307 1.009459747218782
0.3969550045564348 1.009459747218782
0.4009954085968388 1.009459747218782
0.40503581263724286 1.009459747218782
0.4090762166776469 1.009459747218782
0.41311662071805094 1.009459747218782
0.41715702475845495 1.009459747218782
0.421197428798859 1.009459747218782
0.4252378328392631 1.009459747218782
0.4292782368796671 1.009459747218782
0.4333186409200711 1.009459747218782
0.4373590449604752 1.009459747218782
0.44139944900087924 1.009459747218782
0.44543985304128325 1.009459747218782
0.44948025708168726 1.009459747218782
0.45352066112209133 1.009459747218782
0.4575610651624954 1.009459747218782
0.4616014692028994 1.009459747218782
0.4656418732433035 1.009459747218782
0.4696822772837075 1.009459747218782
0.47372268132411155 1.009459747218782
0.4777630853645156 1.009459747218782
0.4818034894049196 1.009459747218782
0.48584389344532364 1.009459747218782
0.4898842974857277 1.009459747218782
0.49392470152613177 1.009459747218782
0.4979651055665358 1.009459747218782
0.5020055096069398 1.009459747218782
0.5060459136473439 1.009459747218782
0.5100863176877479 1.009459747218782
0.514126721728152 1.009459747218782
0.518167125768556 1.009459747218782
0.52220752980896 1.009459747218782
0.5262479338493641 1.009459747218782
0.5302883378897681 1.009459747218782
0.5343287419301721 1.009459747218782
0.5383691459705762 1.009459747218782
0.5424095500109802 1.009459747218782
0.5464499540513843 1.009459747218782
0.5504903580917884 1.009459747218782
0.5545307621321923 1.009459747218782
0.5585711661725964 1.009459747218782
0.5626115702130005 1.009459747218782
0.5666519742534044 1.009459747218782
0.5706923782938085 1.009459747218782
0.5747327823342125 1.009459747218782
0.5787731863746166 1.009459747218782
0.5828135904150207 1.009459747218782
0.5868539944554247 1.009459747218782
0.5908943984958287 1.009459747218782
0.5949348025362328 1.009459747218782
0.5989752065766367 1.009459747218782
0.6030156106170408 1.009459747218782
0.6070560146574449 1.009459747218782
0.6110964186978489 1.009459747218782
0.615136822738253 1.009459747218782
0.619177226778657 1.009459747218782
0.623217630819061 1.009459747218782
0.6272580348594651 1.009459747218782
0.6312984388998691 1.009459747218782
0.6353388429402731 1.009459747218782
0.6393792469806772 1.009459747218782
0.6434196510210812 1.009459747218782
0.6474600550614853 1.009459747218782
0.6515004591018894 1.009459747218782
0.6555408631422934 1.009459747218782
0.6595812671826974 1.009459747218782
0.6636216712231015 1.009459747218782
0.6676620752635054 1.009459747218782
0.6717024793039095 1.009459747218782
0.6757428833443135 1.009459747218782
0.6797832873847176 1.009459747218782
0.6838236914251217 1.009459747218782
0.6878640954655257 1.009459747218782
0.6919044995059298 1.009459747218782
0.6959449035463338 1.009459747218782
0.6999853075867378 1.009459747218782
0.2999853075867378 1.0135001512591861
0.30402571162714187 1.0135001512591861
0.3080661156675459 1.0135001512591861
0.3121065197079499 1.0135001512591861
0.31614692374835396 1.0135001512591861
0.320187327788758 1.0135001512591861
0.32422773182916204 1.0135001512591861
0.3282681358695661 1.0135001512591861
0.3323085399099701 1.0135001512591861
0.3363489439503742 1.0135001512591861
0.3403893479907782 1.0135001512591861
0.34442975203118226 1.0135001512591861
0.34847015607158627 1.0135001512591861
0.35251056011199033 1.0135001512591861
0.3565509641523944 1.0135001512591861
0.3605913681927984 1.0135001512591861
0.3646317722332024 1.0135001512591861
0.3686721762736065 1.0135001512591861
0.37271258031401056 1.0135001512591861
0.37675298435441457 1.0135001512591861
0.3807933883948186 1.0135001512591861
0.38483379243522264 1.0135001512591861
0.3888741964756267 1.0135001512591861
0.3929146005160307 1.0135001512591861
0.3969550045564348 1.0135001512591861
0.4009954085968388 1.0135001512591861
0.40503581263724286 1.0135001512591861
0.4090762166776469 1.0135001512591861
0.41311662071805094 1.0135001512591861
0.41715702475845495 1.0135001512591861
0.421197428798859 1.0135001512591861
0.4252378328392631 1.0135001512591861
0.4292782368796671 1.0135001512591861
0.4333186409200711 1.0135001512591861
0.4373590449604752 1.0135001512591861
0.44139944900087924 1.0135001512591861
0.44543985304128325 1.0135001512591861
0.44948025708168726 1.0135001512591861
0.45352066112209133 1.0135001512591861
0.4575610651624954 1.0135001512591861
0.4616014692028994 1.0135001512591861
0.4656418732433035 1.0135001512591861
0.4696822772837075 1.0135001512591861
0.47372268132411155 1.0135001512591861
0.4777630853645156 1.0135001512591861
0.4818034894049196 1.0135001512591861
0.48584389344532364 1.0135001512591861
0.4898842974857277 1.0135001512591861
0.49392470152613177 1.0135001512591861
0.4979651055665358 1.0135001512591861
0.5020055096069398 1.0135001512591861
0.5060459136473439 1.0135001512591861
0.5100863176877479 1.0135001512591861
0.514126721728152 1.0135001512591861
0.518167125768556 1.0135001512591861
0.52220752980896 1.0135001512591861
0.5262479338493641 1.0135001512591861
0.5302883378897681 1.0135001512591861
0.5343287419301721 1.0135001512591861
0.5383691459705762 1.0135001512591861
0.5424095500109802 1.0135001512591861
0.5464499540513843 1.0135001512591861
0.5504903580917884 1.0135001512591861
0.5545307621321923 1.0135001512591861
0.5585711661725964 1.0135001512591861
0.5626115702130005 1.0135001512591861
0.5666519742534044 1.0135001512591861
0.5706923782938085 1.0135001512591861
0.5747327823342125 1.0135001512591861
0.5787731863746166 1.0135001512591861
0.5828135904150207 1.0135001512591861
0.5868539944554247 1.0135001512591861
0.5908943984958287 1.0135001512591861
0.5949348025362328 1.0135001512591861
0.5989752065766367 1.0135001512591861
0.6030156106170408 1.0135001512591861
0.6070560146574449 1.0135001512591861
0.6110964186978489 1.0135001512591861
0.615136822738253 1.0135001512591861
0.619177226778657 1.0135001512591861
0.623217630819061 1.0135001512591861
0.6272580348594651 1.0135001512591861
0.6312984388998691 1.0135001512591861
0.6353388429402731 1.0135001512591861
0.6393792469806772 1.0135001512591861
0.6434196510210812 1.0135001512591861
0.6474600550614853 1.0135001512591861
0.6515004591018894 1.0135001512591861
0.6555408631422934 1.0135001512591861
0.6595812671826974 1.0135001512591861
0.6636216712231015 1.0135001512591861
0.6676620752635054 1.0135001512591861
0.6717024793039095 1.0135001512591861
0.6757428833443135 1.0135001512591861
0.6797832873847176 1.0135001512591861
0.6838236914251217 1.0135001512591861
0.6878640954655257 1.0135001512591861
0.6919044995059298 1.0135001512591861
0.6959449035463338 1.0135001512591861
0.6999853075867378 1.0135001512591861
0.2999853075867378 1.0175405552995902
0.30402571162714187 1.0175405552995902
0.3080661156675459 1.0175405552995902
0.3121065197079499 1.0175405552995902
0.31614692374835396 1.0175405552995902
0.320187327788758 1.0175405552995902
0.32422773182916204 1.0175405552995902
0.3282681358695661 1.0175405552995902
0.3323085399099701 1.0175405552995902
0.3363489439503742 1.0175405552995902
0.3403893479907782 1.0175405552995902
0.34442975203118226 1.0175405552995902
0.34847015607158627 1.0175405552995902
0.35251056011199033 1.0175405552995902
0.3565509641523944 1.0175405552995902
0.3605913681927984 1.0175405552995902
0.3646317722332024 1.0175405552995902
0.3686721762736065 1.0175405552995902
0.37271258031401056 1.0175405552995902
0.37675298435441457 1.0175405552995902
0.3807933883948186 1.0175405552995902
0.38483379243522264 1.0175405552995902
0.3888741964756267 1.0175405552995902
0.3929146005160307 1.0175405552995902
0.3969550045564348 1.0175405552995902
0.4009954085968388 1.0175405552995902
0.40503581263724286 1.0175405552995902
0.4090762166776469 1.0175405552995902
0.41311662071805094 1.0175405552995902
0.41715702475845495 1.0175405552995902
0.421197428798859 1.0175405552995902
0.4252378328392631 1.0175405552995902
0.4292782368796671 1.0175405552995902
0.4333186409200711 1.0175405552995902
0.4373590449604752 1.0175405552995902
0.44139944900087924 1.0175405552995902
0.44543985304128325 1.0175405552995902
0.44948025708168726 1.0175405552995902
0.45352066112209133 1.0175405552995902
0.4575610651624954 1.0175405552995902
0.4616014692028994 1.0175405552995902
0.4656418732433035 1.0175405552995902
0.4696822772837075 1.0175405552995902
0.47372268132411155 1.0175405552995902
0.4777630853645156 1.0175405552995902
0.4818034894049196 1.0175405552995902
0.48584389344532364 1.0175405552995902
0.4898842974857277 1.0175405552995902
0.49392470152613177 1.0175405552995902
0.4979651055665358 1.0175405552995902
0.5020055096069398 1.0175405552995902
0.5060459136473439 1.0175405552995902
0.5100863176877479 1.0175405552995902
0.514126721728152 1.0175405552995902
0.518167125768556 1.0175405552995902
0.52220752980896 1.0175405552995902
0.5262479338493641 1.0175405552995902
0.5302883378897681 1.0175405552995902
0.5343287419301721 1.0175405552995902
0.5383691459705762 1.0175405552995902
0.5424095500109802 1.0175405552995902
0.5464499540513843 1.0175405552995902
0.5504903580917884 1.0175405552995902
0.5545307621321923 1.0175405552995902
0.5585711661725964 1.0175405552995902
0.5626115702130005 1.0175405552995902
0.5666519742534044 1.0175405552995902
0.5706923782938085 1.0175405552995902
0.5747327823342125 1.0175405552995902
0.5787731863746166 1.0175405552995902
0.5828135904150207 1.0175405552995902
0.5868539944554247 1.0175405552995902
0.5908943984958287 1.0175405552995902
0.5949348025362328 1.0175405552995902
0.5989752065766367 1.0175405552995902
0.6030156106170408 1.0175405552995902
0.6070560146574449 1.0175405552995902
0.6110964186978489 1.0175405552995902
0.615136822738253 1.0175405552995902
0.619177226778657 1.0175405552995902
0.623217630819061 1.0175405552995902
0.6272580348594651 1.0175405552995902
0.6312984388998691 1.0175405552995902
0.6353388429402731 1.0175405552995902
0.6393792469806772 1.0175405552995902
0.6434196510210812 1.0175405552995902
0.6474600550614853 1.0175405552995902
0.6515004591018894 1.0175405552995902
0.6555408631422934 1.0175405552995902
0.6595812671826974 1.0175405552995902
0.6636216712231015 1.0175405552995902
0.6676620752635054 1.0175405552995902
0.6717024793039095 1.0175405552995902
0.6757428833443135 1.0175405552995902
0.6797832873847176 1.0175405552995902
0.6838236914251217 1.0175405552995902
0.6878640954655257 1.0175405552995902
0.6919044995059298 1.0175405552995902
0.6959449035463338 1.0175405552995902
0.6999853075867378 1.0175405552995902
0.2999853075867378 1.0215809593399943
0.30402571162714187 1.0215809593399943
0.3080661156675459 1.0215809593399943
0.3121065197079499 1.0215809593399943
0.31614692374835396 1.0215809593399943
0.320187327788758 1.0215809593399943
0.32422773182916204 1.0215809593399943
0.3282681358695661 1.0215809593399943
0.3323085399099701 1.0215809593399943
0.3363489439503742 1.0215809593399943
0.3403893479907782 1.0215809593399943
0.34442975203118226 1.0215809593399943
0.34847015607158627 1.0215809593399943
0.35251056011199033 1.0215809593399943
0.3565509641523944 1.0215809593399943
0.3605913681927984 1.0215809593399943
0.3646317722332024 1.0215809593399943
0.3686721762736065 1.0215809593399943
0.37271258031401056 1.0215809593399943
0.37675298435441457 1.0215809593399943
0.3807933883948186 1.0215809593399943
0.38483379243522264 1.0215809593399943
0.3888741964756267 1.0215809593399943
0.3929146005160307 1.0215809593399943
0.3969550045564348 1.0215809593399943
0.4009954085968388 1.0215809593399943
0.40503581263724286 1.0215809593399943
0.4090762166776469 1.0215809593399943
0.41311662071805094 1.0215809593399943
0.41715702475845495 1.0215809593399943
0.421197428798859 1.0215809593399943
0.4252378328392631 1.0215809593399943
0.4292782368796671 1.0215809593399943
0.4333186409200711 1.0215809593399943
0.4373590449604752 1.0215809593399943
0.44139944900087924 1.0215809593399943
0.44543985304128325 1.0215809593399943
0.44948025708168726 1.0215809593399943
0.45352066112209133 1.0215809593399943
0.4575610651624954 1.0215809593399943
0.4616014692028994 1.0215809593399943
0.4656418732433035 1.0215809593399943
0.4696822772837075 1.0215809593399943
0.47372268132411155 1.0215809593399943
0.4777630853645156 1.0215809593399943
0.4818034894049196 1.0215809593399943
0.48584389344532364 1.0215809593399943
0.4898842974857277 1.0215809593399943
0.49392470152613177 1.0215809593399943
0.4979651055665358 1.0215809593399943
0.5020055096069398 1.0215809593399943
0.5060459136473439 1.0215809593399943
0.5100863176877479 1.0215809593399943
0.514126721728152 1.0215809593399943
0.518167125768556 1.0215809593399943
0.52220752980896 1.0215809593399943
0.5262479338493641 1.0215809593399943
0.5302883378897681 1.0215809593399943
0.5343287419301721 1.0215809593399943
0.5383691459705762 1.0215809593399943
0.5424095500109802 1.0215809593399943
0.5464499540513843 1.0215809593399943
0.5504903580917884 1.0215809593399943
0.5545307621321923 1.0215809593399943
0.5585711661725964 1.0215809593399943
0.5626115702130005 1.0215809593399943
0.5666519742534044 1.0215809593399943
0.5706923782938085 1.0215809593399943
0.5747327823342125 1.0215809593399943
0.5787731863746166 1.0215809593399943
0.5828135904150207 1.0215809593399943
0.5868539944554247 1.0215809593399943
0.5908943984958287 1.0215809593399943
0.5949348025362328 1.0215809593399943
0.5989752065766367 1.0215809593399943
0.6030156106170408 1.0215809593399943
0.6070560146574449 1.0215809593399943
0.6110964186978489 1.0215809593399943
0.615136822738253 1.0215809593399943
0.619177226778657 1.0215809593399943
0.623217630819061 1.0215809593399943
0.6272580348594651 1.0215809593399943
0.6312984388998691 1.0215809593399943
0.6353388429402731 1.0215809593399943
0.6393792469806772 1.0215809593399943
0.6434196510210812 1.0215809593399943
0.6474600550614853 1.0215809593399943
0.6515004591018894 1.0215809593399943
0.6555408631422934 1.0215809593399943
0.6595812671826974 1.0215809593399943
0.6636216712231015 1.0215809593399943
0.6676620752635054 1.0215809593399943
0.6717024793039095 1.0215809593399943
0.6757428833443135 1.0215809593399943
0.6797832873847176 1.0215809593399943
0.6838236914251217 1.0215809593399943
0.6878640954655257 1.0215809593399943
0.6919044995059298 1.0215809593399943
0.6959449035463338 1.0215809593399943
0.6999853075867378 1.0215809593399943
0.2999853075867378 1.025621363380398
0.30402571162714187 1.025621363380398
0.3080661156675459 1.025621363380398
0.3121065197079499 1.025621363380398
0.31614692374835396 1.025621363380398
0.320187327788758 1.025621363380398
0.32422773182916204 1.025621363380398
0.3282681358695661 1.025621363380398
0.3323085399099701 1.025621363380398
0.3363489439503742 1.025621363380398
0.3403893479907782 1.025621363380398
0.34442975203118226 1.025621363380398
0.34847015607158627 1.025621363380398
0.35251056011199033 1.025621363380398
0.3565509641523944 1.025621363380398
0.3605913681927984 1.025621363380398
0.3646317722332024 1.025621363380398
0.3686721762736065 1.025621363380398
0.37271258031401056 1.025621363380398
0.37675298435441457 1.025621363380398
0.3807933883948186 1.025621363380398
0.38483379243522264 1.025621363380398
0.3888741964756267 1.025621363380398
0.3929146005160307 1.025621363380398
0.3969550045564348 1.025621363380398
0.4009954085968388 1.025621363380398
0.40503581263724286 1.025621363380398
0.4090762166776469 1.025621363380398
0.41311662071805094 1.025621363380398
0.41715702475845495 1.025621363380398
0.421197428798859 1.025621363380398
0.4252378328392631 1.025621363380398
0.4292782368796671 1.025621363380398
0.4333186409200711 1.025621363380398
0.4373590449604752 1.025621363380398
0.44139944900087924 1.025621363380398
0.44543985304128325 1.025621363380398
0.44948025708168726 1.025621363380398
0.45352066112209133 1.025621363380398
0.4575610651624954 1.025621363380398
0.4616014692028994 1.025621363380398
0.4656418732433035 1.025621363380398
0.4696822772837075 1.025621363380398
0.47372268132411155 1.025621363380398
0.4777630853645156 1.025621363380398
0.4818034894049196 1.025621363380398
0.48584389344532364 1.025621363380398
0.4898842974857277 1.025621363380398
0.49392470152613177 1.025621363380398
0.4979651055665358 1.025621363380398
0.5020055096069398 1.025621363380398
0.5060459136473439 1.025621363380398
0.5100863176877479 1.025621363380398
0.514126721728152 1.025621363380398
0.518167125768556 1.025621363380398
0.52220752980896 1.025621363380398
0.5262479338493641 1.025621363380398
0.5302883378897681 1.025621363380398
0.5343287419301721 1.025621363380398
0.5383691459705762 1.025621363380398
0.5424095500109802 1.025621363380398
0.5464499540513843 1.025621363380398
0.5504903580917884 1.025621363380398
0.5545307621321923 1.025621363380398
0.5585711661725964 1.025621363380398
0.5626115702130005 1.025621363380398
0.5666519742534044 1.025621363380398
0.5706923782938085 1.025621363380398
0.5747327823342125 1.025621363380398
0.5787731863746166 1.025621363380398
0.5828135904150207 1.025621363380398
0.5868539944554247 1.025621363380398
0.5908943984958287 1.025621363380398
0.5949348025362328 1.025621363380398
0.5989752065766367 1.025621363380398
0.6030156106170408 1.025621363380398
0.6070560146574449 1.025621363380398
0.6110964186978489 1.025621363380398
0.615136822738253 1.025621363380398
0.619177226778657 1.025621363380398
0.623217630819061 1.025621363380398
0.6272580348594651 1.025621363380398
0.6312984388998691 1.025621363380398
0.6353388429402731 1.025621363380398
0.6393792469806772 1.025621363380398
0.6434196510210812 1.025621363380398
0.6474600550614853 1.025621363380398
0.6515004591018894 1.025621363380398
0.6555408631422934 1.025621363380398
0.6595812671826974 1.025621363380398
0.6636216712231015 1.025621363380398
0.6676620752635054 1.025621363380398
0.6717024793039095 1.025621363380398
0.6757428833443135 1.025621363380398
0.6797832873847176 1.025621363380398
0.6838236914251217 1.025621363380398
0.6878640954655257 1.025621363380398
0.6919044995059298 1.025621363380398
0.6959449035463338 1.025621363380398
0.6999853075867378 1.025621363380398
0.2999853075867378 1.0296617674208022
0.30402571162714187 1.0296617674208022
0.3080661156675459 1.0296617674208022
0.3121065197079499 1.0296617674208022
0.31614692374835396 1.0296617674208022
0.320187327788758 1.0296617674208022
0.32422773182916204 1.0296617674208022
0.3282681358695661 1.0296617674208022
0.3323085399099701 1.0296617674208022
0.3363489439503742 1.0296617674208022
0.3403893479907782 1.0296617674208022
0.34442975203118226 1.0296617674208022
0.34847015607158627 1.0296617674208022
0.35251056011199033 1.0296617674208022
0.3565509641523944 1.0296617674208022
0.3605913681927984 1.0296617674208022
0.3646317722332024 1.0296617674208022
0.3686721762736065 1.0296617674208022
0.37271258031401056 1.0296617674208022
0.37675298435441457 1.0296617674208022
0.3807933883948186 1.0296617674208022
0.38483379243522264 1.0296617674208022
0.3888741964756267 1.0296617674208022
0.3929146005160307 1.0296617674208022
0.3969550045564348 1.0296617674208022
0.4009954085968388 1.0296617674208022
0.40503581263724286 1.0296617674208022
0.4090762166776469 1.0296617674208022
0.41311662071805094 1.0296617674208022
0.41715702475845495 1.0296617674208022
0.421197428798859 1.0296617674208022
0.4252378328392631 1.0296617674208022
0.4292782368796671 1.0296617674208022
0.4333186409200711 1.0296617674208022
0.4373590449604752 1.0296617674208022
0.44139944900087924 1.0296617674208022
0.44543985304128325 1.0296617674208022
0.44948025708168726 1.0296617674208022
0.45352066112209133 1.0296617674208022
0.4575610651624954 1.0296617674208022
0.4616014692028994 1.0296617674208022
0.4656418732433035 1.0296617674208022
0.4696822772837075 1.0296617674208022
0.47372268132411155 1.0296617674208022
0.4777630853645156 1.0296617674208022
0.4818034894049196 1.0296617674208022
0.48584389344532364 1.0296617674208022
0.4898842974857277 1.0296617674208022
0.49392470152613177 1.0296617674208022
0.4979651055665358 1.0296617674208022
0.5020055096069398 1.0296617674208022
0.5060459136473439 1.0296617674208022
0.5100863176877479 1.0296617674208022
0.514126721728152 1.0296617674208022
0.518167125768556 1.0296617674208022
0.52220752980896 1.0296617674208022
0.5262479338493641 1.0296617674208022
0.5302883378897681 1.0296617674208022
0.5343287419301721 1.0296617674208022
0.5383691459705762 1.0296617674208022
0.5424095500109802 1.0296617674208022
0.5464499540513843 1.0296617674208022
0.5504903580917884 1.0296617674208022
0.5545307621321923 1.0296617674208022
0.5585711661725964 1.0296617674208022
0.5626115702130005 1.0296617674208022
0.5666519742534044 1.0296617674208022
0.5706923782938085 1.0296617674208022
0.5747327823342125 1.0296617674208022
0.5787731863746166 1.0296617674208022
0.5828135904150207 1.0296617674208022
0.5868539944554247 1.0296617674208022
0.5908943984958287 1.0296617674208022
0.5949348025362328 1.0296617674208022
0.5989752065766367 1.0296617674208022
0.6030156106170408 1.0296617674208022
0.6070560146574449 1.0296617674208022
0.6110964186978489 1.0296617674208022
0.615136822738253 1.0296617674208022
0.619177226778657 1.0296617674208022
0.623217630819061 1.0296617674208022
0.6272580348594651 1.0296617674208022
0.6312984388998691 1.0296617674208022
0.6353388429402731 1.0296617674208022
0.6393792469806772 1.0296617674208022
0.6434196510210812 1.0296617674208022
0.6474600550614853 1.0296617674208022
0.6515004591018894 1.0296617674208022
0.6555408631422934 1.0296617674208022
0.6595812671826974 1.0296617674208022
0.6636216712231015 1.0296617674208022
0.6676620752635054 1.0296617674208022
0.6717024793039095 1.0296617674208022
0.6757428833443135 1.0296617674208022
0.6797832873847176 1.0296617674208022
0.6838236914251217 1.0296617674208022
0.6878640954655257 1.0296617674208022
0.6919044995059298 1.0296617674208022
0.6959449035463338 1.0296617674208022
0.6999853075867378 1.0296617674208022
0.2999853075867378 1.0337021714612062
0.30402571162714187 1.0337021714612062
0.3080661156675459 1.0337021714612062
0.3121065197079499 1.0337021714612062
0.31614692374835396 1.0337021714612062
0.320187327788758 1.0337021714612062
0.32422773182916204 1.0337021714612062
0.3282681358695661 1.0337021714612062
0.3323085399099701 1.0337021714612062
0.3363489439503742 1.0337021714612062
0.3403893479907782 1.0337021714612062
0.34442975203118226 1.0337021714612062
0.34847015607158627 1.0337021714612062
0.35251056011199033 1.0337021714612062
0.3565509641523944 1.0337021714612062
0.3605913681927984 1.0337021714612062
0.3646317722332024 1.0337021714612062
0.3686721762736065 1.0337021714612062
0.37271258031401056 1.0337021714612062
0.37675298435441457 1.0337021714612062
0.3807933883948186 1.0337021714612062
0.38483379243522264 1.0337021714612062
0.3888741964756267 1.0337021714612062
0.3929146005160307 1.0337021714612062
0.3969550045564348 1.0337021714612062
0.4009954085968388 1.0337021714612062
0.40503581263724286 1.0337021714612062
0.4090762166776469 1.0337021714612062
0.41311662071805094 1.0337021714612062
0.41715702475845495 1.0337021714612062
0.421197428798859 1.0337021714612062
0.4252378328392631 1.0337021714612062
0.4292782368796671 1.0337021714612062
0.4333186409200711 1.0337021714612062
0.4373590449604752 1.0337021714612062
0.44139944900087924 1.0337021714612062
0.44543985304128325 1.0337021714612062
0.44948025708168726 1.0337021714612062
0.45352066112209133 1.0337021714612062
0.4575610651624954 1.0337021714612062
0.4616014692028994 1.0337021714612062
0.4656418732433035 1.0337021714612062
0.4696822772837075 1.0337021714612062
0.47372268132411155 1.0337021714612062
0.4777630853645156 1.0337021714612062
0.4818034894049196 1.0337021714612062
0.48584389344532364 1.0337021714612062
0.4898842974857277 1.0337021714612062
0.49392470152613177 1.0337021714612062
0.4979651055665358 1.0337021714612062
0.5020055096069398 1.0337021714612062
0.5060459136473439 1.0337021714612062
0.5100863176877479 1.0337021714612062
0.514126721728152 1.0337021714612062
0.518167125768556 1.0337021714612062
0.52220752980896 1.0337021714612062
0.5262479338493641 1.0337021714612062
0.5302883378897681 1.0337021714612062
0.5343287419301721 1.0337021714612062
0.5383691459705762 1.0337021714612062
0.5424095500109802 1.0337021714612062
0.5464499540513843 1.0337021714612062
0.5504903580917884 1.0337021714612062
0.5545307621321923 1.0337021714612062
0.5585711661725964 1.0337021714612062
0.5626115702130005 1.0337021714612062
0.5666519742534044 1.0337021714612062
0.5706923782938085 1.0337021714612062
0.5747327823342125 1.0337021714612062
0.5787731863746166 1.0337021714612062
0.5828135904150207 1.0337021714612062
0.5868539944554247 1.0337021714612062
0.5908943984958287 1.0337021714612062
0.5949348025362328 1.0337021714612062
0.5989752065766367 1.0337021714612062
0.6030156106170408 1.0337021714612062
0.6070560146574449 1.0337021714612062
0.6110964186978489 1.0337021714612062
0.615136822738253 1.0337021714612062
0.619177226778657 1.0337021714612062
0.623217630819061 1.0337021714612062
0.6272580348594651 1.0337021714612062
0.6312984388998691 1.0337021714612062
0.6353388429402731 1.0337021714612062
0.6393792469806772 1.0337021714612062
0.6434196510210812 1.0337021714612062
0.6474600550614853 1.0337021714612062
0.6515004591018894 1.0337021714612062
0.6555408631422934 1.0337021714612062
0.6595812671826974 1.0337021714612062
0.6636216712231015 1.0337021714612062
0.6676620752635054 1.0337021714612062
0.6717024793039095 1.0337021714612062
0.6757428833443135 1.0337021714612062
0.6797832873847176 1.0337021714612062
0.6838236914251217 1.0337021714612062
0.6878640954655257 1.0337021714612062
0.6919044995059298 1.0337021714612062
0.6959449035463338 1.0337021714612062
0.6999853075867378 1.0337021714612062
0.2999853075867378 1.0377425755016103
0.30402571162714187 1.0377425755016103
0.3080661156675459 1.0377425755016103
0.3121065197079499 1.0377425755016103
0.31614692374835396 1.0377425755016103
0.320187327788758 1.0377425755016103
0.32422773182916204 1.0377425755016103
0.3282681358695661 1.0377425755016103
0.3323085399099701 1.0377425755016103
0.3363489439503742 1.0377425755016103
0.3403893479907782 1.0377425755016103
0.34442975203118226 1.0377425755016103
0.34847015607158627 1.0377425755016103
0.35251056011199033 1.0377425755016103
0.3565509641523944 1.0377425755016103
0.3605913681927984 1.0377425755016103
0.3646317722332024 1.0377425755016103
0.3686721762736065 1.0377425755016103
0.37271258031401056 1.0377425755016103
0.37675298435441457 1.0377425755016103
0.3807933883948186 1.0377425755016103
0.38483379243522264 1.0377425755016103
0.3888741964756267 1.0377425755016103
0.3929146005160307 1.0377425755016103
0.3969550045564348 1.0377425755016103
0.4009954085968388 1.0377425755016103
0.40503581263724286 1.0377425755016103
0.4090762166776469 1.0377425755016103
0.41311662071805094 1.0377425755016103
0.41715702475845495 1.0377425755016103
0.421197428798859 1.0377425755016103
0.4252378328392631 1.0377425755016103
0.4292782368796671 1.0377425755016103
0.4333186409200711 1.0377425755016103
0.4373590449604752 1.0377425755016103
0.44139944900087924 1.0377425755016103
0.44543985304128325 1.0377425755016103
0.44948025708168726 1.0377425755016103
0.45352066112209133 1.0377425755016103
0.4575610651624954 1.0377425755016103
0.4616014692028994 1.0377425755016103
0.4656418732433035 1.0377425755016103
0.4696822772837075 1.0377425755016103
0.47372268132411155 1.0377425755016103
0.4777630853645156 1.0377425755016103
0.4818034894049196 1.0377425755016103
0.48584389344532364 1.0377425755016103
0.4898842974857277 1.0377425755016103
0.49392470152613177 1.0377425755016103
0.4979651055665358 1.0377425755016103
0.5020055096069398 1.0377425755016103
0.5060459136473439 1.0377425755016103
0.5100863176877479 1.0377425755016103
0.514126721728152 1.0377425755016103
0.518167125768556 1.0377425755016103
0.52220752980896 1.0377425755016103
0.5262479338493641 1.0377425755016103
0.5302883378897681 1.0377425755016103
0.5343287419301721 1.0377425755016103
0.5383691459705762 1.0377425755016103
0.5424095500109802 1.0377425755016103
0.5464499540513843 1.0377425755016103
0.5504903580917884 1.0377425755016103
0.5545307621321923 1.0377425755016103
0.5585711661725964 1.0377425755016103
0.5626115702130005 1.0377425755016103
0.5666519742534044 1.0377425755016103
0.5706923782938085 1.0377425755016103
0.5747327823342125 1.0377425755016103
0.5787731863746166 1.0377425755016103
0.5828135904150207 1.0377425755016103
0.5868539944554247 1.0377425755016103
0.5908943984958287 1.0377425755016103
0.5949348025362328 1.0377425755016103
0.5989752065766367 1.0377425755016103
0.6030156106170408 1.0377425755016103
0.6070560146574449 1.0377425755016103
0.6110964186978489 1.0377425755016103
0.615136822738253 1.0377425755016103
0.619177226778657 1.0377425755016103
0.623217630819061 1.0377425755016103
0.6272580348594651 1.0377425755016103
0.6312984388998691 1.0377425755016103
0.6353388429402731 1.0377425755016103
0.6393792469806772 1.0377425755016103
0.6434196510210812 1.0377425755016103
0.6474600550614853 1.0377425755016103
0.6515004591018894 1.0377425755016103
0.6555408631422934 1.0377425755016103
0.6595812671826974 1.0377425755016103
0.6636216712231015 1.0377425755016103
0.6676620752635054 1.0377425755016103
0.6717024793039095 1.0377425755016103
0.6757428833443135 1.0377425755016103
0.6797832873847176 1.0377425755016103
0.6838236914251217 1.0377425755016103
0.6878640954655257 1.0377425755016103
0.6919044995059298 1.0377425755016103
0.6959449035463338 1.0377425755016103
0.6999853075867378 1.0377425755016103
0.2999853075867378 1.0417829795420144
0.30402571162714187 1.0417829795420144
0.3080661156675459 1.0417829795420144
0.3121065197079499 1.0417829795420144
0.31614692374835396 1.0417829795420144
0.320187327788758 1.0417829795420144
0.32422773182916204 1.0417829795420144
0.3282681358695661 1.0417829795420144
0.3323085399099701 1.0417829795420144
0.3363489439503742 1.0417829795420144
0.3403893479907782 1.0417829795420144
0.34442975203118226 1.0417829795420144
0.34847015607158627 1.0417829795420144
0.35251056011199033 1.0417829795420144
0.3565509641523944 1.0417829795420144
0.3605913681927984 1.0417829795420144
0.3646317722332024 1.0417829795420144
0.3686721762736065 1.0417829795420144
0.37271258031401056 1.0417829795420144
0.37675298435441457 1.0417829795420144
0.3807933883948186 1.0417829795420144
0.38483379243522264 1.0417829795420144
0.3888741964756267 1.0417829795420144
0.3929146005160307 1.0417829795420144
0.3969550045564348 1.0417829795420144
0.4009954085968388 1.0417829795420144
0.40503581263724286 1.0417829795420144
0.4090762166776469 1.0417829795420144
0.41311662071805094 1.0417829795420144
0.41715702475845495 1.0417829795420144
0.421197428798859 1.0417829795420144
0.4252378328392631 1.0417829795420144
0.4292782368796671 1.0417829795420144
0.4333186409200711 1.0417829795420144
0.4373590449604752 1.0417829795420144
0.44139944900087924 1.0417829795420144
0.44543985304128325 1.0417829795420144
0.44948025708168726 1.0417829795420144
0.45352066112209133 1.0417829795420144
0.4575610651624954 1.0417829795420144
0.4616014692028994 1.0417829795420144
0.4656418732433035 1.0417829795420144
0.4696822772837075 1.0417829795420144
0.47372268132411155 1.0417829795420144
0.4777630853645156 1.0417829795420144
0.4818034894049196 1.0417829795420144
0.48584389344532364 1.0417829795420144
0.4898842974857277 1.0417829795420144
0.49392470152613177 1.0417829795420144
0.4979651055665358 1.0417829795420144
0.5020055096069398 1.0417829795420144
0.5060459136473439 1.0417829795420144
0.5100863176877479 1.0417829795420144
0.514126721728152 1.0417829795420144
0.518167125768556 1.0417829795420144
0.52220752980896 1.0417829795420144
0.5262479338493641 1.0417829795420144
0.5302883378897681 1.0417829795420144
0.5343287419301721 1.0417829795420144
0.5383691459705762 1.0417829795420144
0.5424095500109802 1.0417829795420144
0.5464499540513843 1.0417829795420144
0.5504903580917884 1.0417829795420144
0.5545307621321923 1.0417829795420144
0.5585711661725964 1.0417829795420144
0.5626115702130005 1.0417829795420144
0.5666519742534044 1.0417829795420144
0.5706923782938085 1.0417829795420144
0.5747327823342125 1.0417829795420144
0.5787731863746166 1.0417829795420144
0.5828135904150207 1.0417829795420144
0.5868539944554247 1.0417829795420144
0.5908943984958287 1.0417829795420144
0.5949348025362328 1.0417829795420144
0.5989752065766367 1.0417829795420144
0.6030156106170408 1.0417829795420144
0.6070560146574449 1.0417829795420144
0.6110964186978489 1.0417829795420144
0.615136822738253 1.0417829795420144
0.619177226778657 1.0417829795420144
0.623217630819061 1.0417829795420144
0.6272580348594651 1.0417829795420144
0.6312984388998691 1.0417829795420144
0.6353388429402731 1.0417829795420144
0.6393792469806772 1.0417829795420144
0.6434196510210812 1.0417829795420144
0.6474600550614853 1.0417829795420144
0.6515004591018894 1.0417829795420144
0.6555408631422934 1.0417829795420144
0.6595812671826974 1.0417829795420144
0.6636216712231015 1.0417829795420144
0.6676620752635054 1.0417829795420144
0.6717024793039095 1.0417829795420144
0.6757428833443135 1.0417829795420144
0.6797832873847176 1.0417829795420144
0.6838236914251217 1.0417829795420144
0.6878640954655257 1.0417829795420144
0.6919044995059298 1.0417829795420144
0.6959449035463338 1.0417829795420144
0.6999853075867378 1.0417829795420144
0.2999853075867378 1.0458233835824184
0.30402571162714187 1.0458233835824184
0.3080661156675459 1.0458233835824184
0.3121065197079499 1.0458233835824184
0.31614692374835396 1.0458233835824184
0.320187327788758 1.0458233835824184
0.32422773182916204 1.0458233835824184
0.3282681358695661 1.0458233835824184
0.3323085399099701 1.0458233835824184
0.3363489439503742 1.0458233835824184
0.3403893479907782 1.0458233835824184
0.34442975203118226 1.0458233835824184
0.34847015607158627 1.0458233835824184
0.35251056011199033 1.0458233835824184
0.3565509641523944 1.0458233835824184
0.3605913681927984 1.0458233835824184
0.3646317722332024 1.0458233835824184
0.3686721762736065 1.0458233835824184
0.37271258031401056 1.0458233835824184
0.37675298435441457 1.0458233835824184
0.3807933883948186 1.0458233835824184
0.38483379243522264 1.0458233835824184
0.3888741964756267 1.0458233835824184
0.3929146005160307 1.0458233835824184
0.3969550045564348 1.0458233835824184
0.4009954085968388 1.0458233835824184
0.40503581263724286 1.0458233835824184
0.4090762166776469 1.0458233835824184
0.41311662071805094 1.0458233835824184
0.41715702475845495 1.0458233835824184
0.421197428798859 1.0458233835824184
0.4252378328392631 1.0458233835824184
0.4292782368796671 1.0458233835824184
0.4333186409200711 1.0458233835824184
0.4373590449604752 1.0458233835824184
0.44139944900087924 1.0458233835824184
0.44543985304128325 1.0458233835824184
0.44948025708168726 1.0458233835824184
0.45352066112209133 1.0458233835824184
0.4575610651624954 1.0458233835824184
0.4616014692028994 1.0458233835824184
0.4656418732433035 1.0458233835824184
0.4696822772837075 1.0458233835824184
0.47372268132411155 1.0458233835824184
0.4777630853645156 1.0458233835824184
0.4818034894049196 1.0458233835824184
0.48584389344532364 1.0458233835824184
0.4898842974857277 1.0458233835824184
0.49392470152613177 1.0458233835824184
0.4979651055665358 1.0458233835824184
0.5020055096069398 1.0458233835824184
0.5060459136473439 1.0458233835824184
0.5100863176877479 1.0458233835824184
0.514126721728152 1.0458233835824184
0.518167125768556 1.0458233835824184
0.52220752980896 1.0458233835824184
0.5262479338493641 1.0458233835824184
0.5302883378897681 1.0458233835824184
0.5343287419301721 1.0458233835824184
0.5383691459705762 1.0458233835824184
0.5424095500109802 1.0458233835824184
0.5464499540513843 1.0458233835824184
0.5504903580917884 1.0458233835824184
0.5545307621321923 1.0458233835824184
0.5585711661725964 1.0458233835824184
0.5626115702130005 1.0458233835824184
0.5666519742534044 1.0458233835824184
0.5706923782938085 1.0458233835824184
0.5747327823342125 1.0458233835824184
0.5787731863746166 1.0458233835824184
0.5828135904150207 1.0458233835824184
0.5868539944554247 1.0458233835824184
0.5908943984958287 1.0458233835824184
0.5949348025362328 1.0458233835824184
0.5989752065766367 1.0458233835824184
0.6030156106170408 1.0458233835824184
0.6070560146574449 1.0458233835824184
0.6110964186978489 1.0458233835824184
0.615136822738253 1.0458233835824184
0.619177226778657 1.0458233835824184
0.623217630819061 1.0458233835824184
0.6272580348594651 1.0458233835824184
0.6312984388998691 1.0458233835824184
0.6353388429402731 1.0458233835824184
0.6393792469806772 1.0458233835824184
0.6434196510210812 1.0458233835824184
0.6474600550614853 1.0458233835824184
0.6515004591018894 1.0458233835824184
0.6555408631422934 1.0458233835824184
0.6595812671826974 1.0458233835824184
0.6636216712231015 1.0458233835824184
0.6676620752635054 1.0458233835824184
0.6717024793039095 1.0458233835824184
0.6757428833443135 1.0458233835824184
0.6797832873847176 1.0458233835824184
0.6838236914251217 1.0458233835824184
0.6878640954655257 1.0458233835824184
0.6919044995059298 1.0458233835824184
0.6959449035463338 1.0458233835824184
0.6999853075867378 1.0458233835824184
0.2999853075867378 1.0498637876228223
0.30402571162714187 1.0498637876228223
0.3080661156675459 1.0498637876228223
0.3121065197079499 1.0498637876228223
0.31614692374835396 1.0498637876228223
0.320187327788758 1.0498637876228223
0.32422773182916204 1.0498637876228223
0.3282681358695661 1.0498637876228223
0.3323085399099701 1.0498637876228223
0.3363489439503742 1.0498637876228223
0.3403893479907782 1.0498637876228223
0.34442975203118226 1.0498637876228223
0.34847015607158627 1.0498637876228223
0.35251056011199033 1.0498637876228223
0.3565509641523944 1.0498637876228223
0.3605913681927984 1.0498637876228223
0.3646317722332024 1.0498637876228223
0.3686721762736065 1.0498637876228223
0.37271258031401056 1.0498637876228223
0.37675298435441457 1.0498637876228223
0.3807933883948186 1.0498637876228223
0.38483379243522264 1.0498637876228223
0.3888741964756267 1.0498637876228223
0.3929146005160307 1.0498637876228223
0.3969550045564348 1.0498637876228223
0.4009954085968388 1.0498637876228223
0.40503581263724286 1.0498637876228223
0.4090762166776469 1.0498637876228223
0.41311662071805094 1.0498637876228223
0.41715702475845495 1.0498637876228223
0.421197428798859 1.0498637876228223
0.4252378328392631 1.0498637876228223
0.4292782368796671 1.0498637876228223
0.4333186409200711 1.0498637876228223
0.4373590449604752 1.0498637876228223
0.44139944900087924 1.0498637876228223
0.44543985304128325 1.0498637876228223
0.44948025708168726 1.0498637876228223
0.45352066112209133 1.0498637876228223
0.4575610651624954 1.0498637876228223
0.4616014692028994 1.0498637876228223
0.4656418732433035 1.0498637876228223
0.4696822772837075 1.0498637876228223
0.47372268132411155 1.0498637876228223
0.4777630853645156 1.0498637876228223
0.4818034894049196 1.0498637876228223
0.48584389344532364 1.0498637876228223
0.4898842974857277 1.0498637876228223
0.49392470152613177 1.0498637876228223
0.4979651055665358 1.0498637876228223
0.5020055096069398 1.0498637876228223
0.5060459136473439 1.0498637876228223
0.5100863176877479 1.0498637876228223
0.514126721728152 1.0498637876228223
0.518167125768556 1.0498637876228223
0.52220752980896 1.0498637876228223
0.5262479338493641 1.0498637876228223
0.5302883378897681 1.0498637876228223
0.5343287419301721 1.0498637876228223
0.5383691459705762 1.0498637876228223
0.5424095500109802 1.0498637876228223
0.5464499540513843 1.0498637876228223
0.5504903580917884 1.0498637876228223
0.5545307621321923 1.0498637876228223
0.5585711661725964 1.0498637876228223
0.5626115702130005 1.0498637876228223
0.5666519742534044 1.0498637876228223
0.5706923782938085 1.0498637876228223
0.5747327823342125 1.0498637876228223
0.5787731863746166 1.0498637876228223
0.5828135904150207 1.0498637876228223
0.5868539944554247 1.0498637876228223
0.5908943984958287 1.0498637876228223
0.5949348025362328 1.0498637876228223
0.5989752065766367 1.0498637876228223
0.6030156106170408 1.0498637876228223
0.6070560146574449 1.0498637876228223
0.6110964186978489 1.0498637876228223
0.615136822738253 1.0498637876228223
0.619177226778657 1.0498637876228223
0.623217630819061 1.0498637876228223
0.6272580348594651 1.0498637876228223
0.6312984388998691 1.0498637876228223
0.6353388429402731 1.0498637876228223
0.6393792469806772 1.0498637876228223
0.6434196510210812 1.0498637876228223
0.6474600550614853 1.0498637876228223
0.6515004591018894 1.0498637876228223
0.6555408631422934 1.0498637876228223
0.6595812671826974 1.0498637876228223
0.6636216712231015 1.0498637876228223
0.6676620752635054 1.0498637876228223
0.6717024793039095 1.0498637876228223
0.6757428833443135 1.0498637876228223
0.6797832873847176 1.0498637876228223
0.6838236914251217 1.0498637876228223
0.6878640954655257 1.0498637876228223
0.6919044995059298 1.0498637876228223
0.6959449035463338 1.0498637876228223
0.6999853075867378 1.0498637876228223
0.2999853075867378 1.0539041916632264
0.30402571162714187 1.0539041916632264
0.3080661156675459 1.0539041916632264
0.3121065197079499 1.0539041916632264
0.31614692374835396 1.0539041916632264
0.320187327788758 1.0539041916632264
0.32422773182916204 1.0539041916632264
0.3282681358695661 1.0539041916632264
0.3323085399099701 1.0539041916632264
0.3363489439503742 1.0539041916632264
0.3403893479907782 1.0539041916632264
0.34442975203118226 1.0539041916632264
0.34847015607158627 1.0539041916632264
0.35251056011199033 1.0539041916632264
0.3565509641523944 1.0539041916632264
0.3605913681927984 1.0539041916632264
0.3646317722332024 1.0539041916632264
0.3686721762736065 1.0539041916632264
0.37271258031401056 1.0539041916632264
0.37675298435441457 1.0539041916632264
0.3807933883948186 1.0539041916632264
0.38483379243522264 1.0539041916632264
0.3888741964756267 1.0539041916632264
0.3929146005160307 1.0539041916632264
0.3969550045564348 1.0539041916632264
0.4009954085968388 1.0539041916632264
0.40503581263724286 1.0539041916632264
0.4090762166776469 1.0539041916632264
0.41311662071805094 1.0539041916632264
0.41715702475845495 1.0539041916632264
0.421197428798859 1.0539041916632264
0.4252378328392631 1.0539041916632264
0.4292782368796671 1.0539041916632264
0.4333186409200711 1.0539041916632264
0.4373590449604752 1.0539041916632264
0.44139944900087924 1.0539041916632264
0.44543985304128325 1.0539041916632264
0.44948025708168726 1.0539041916632264
0.45352066112209133 1.0539041916632264
0.4575610651624954 1.0539041916632264
0.4616014692028994 1.0539041916632264
0.4656418732433035 1.0539041916632264
0.4696822772837075 1.0539041916632264
0.47372268132411155 1.0539041916632264
0.4777630853645156 1.0539041916632264
0.4818034894049196 1.0539041916632264
0.48584389344532364 1.0539041916632264
0.4898842974857277 1.0539041916632264
0.49392470152613177 1.0539041916632264
0.4979651055665358 1.0539041916632264
0.5020055096069398 1.0539041916632264
0.5060459136473439 1.0539041916632264
0.5100863176877479 1.0539041916632264
0.514126721728152 1.0539041916632264
0.518167125768556 1.0539041916632264
0.52220752980896 1.0539041916632264
0.5262479338493641 1.0539041916632264
0.5302883378897681 1.0539041916632264
0.5343287419301721 1.0539041916632264
0.5383691459705762 1.0539041916632264
0.5424095500109802 1.0539041916632264
0.5464499540513843 1.0539041916632264
0.5504903580917884 1.0539041916632264
0.5545307621321923 1.0539041916632264
0.5585711661725964 1.0539041916632264
0.5626115702130005 1.0539041916632264
0.5666519742534044 1.0539041916632264
0.5706923782938085 1.0539041916632264
0.5747327823342125 1.0539041916632264
0.5787731863746166 1.0539041916632264
0.5828135904150207 1.0539041916632264
0.5868539944554247 1.0539041916632264
0.5908943984958287 1.0539041916632264
0.5949348025362328 1.0539041916632264
0.5989752065766367 1.0539041916632264
0.6030156106170408 1.0539041916632264
0.6070560146574449 1.0539041916632264
0.6110964186978489 1.0539041916632264
0.615136822738253 1.0539041916632264
0.619177226778657 1.0539041916632264
0.623217630819061 1.0539041916632264
0.6272580348594651 1.0539041916632264
0.6312984388998691 1.0539041916632264
0.6353388429402731 1.0539041916632264
0.6393792469806772 1.0539041916632264
0.6434196510210812 1.0539041916632264
0.6474600550614853 1.0539041916632264
0.6515004591018894 1.0539041916632264
0.6555408631422934 1.0539041916632264
0.6595812671826974 1.0539041916632264
0.6636216712231015 1.0539041916632264
0.6676620752635054 1.0539041916632264
0.6717024793039095 1.0539041916632264
0.6757428833443135 1.0539041916632264
0.6797832873847176 1.0539041916632264
0.6838236914251217 1.0539041916632264
0.6878640954655257 1.0539041916632264
0.6919044995059298 1.0539041916632264
0.6959449035463338 1.0539041916632264
0.6999853075867378 1.0539041916632264
0.2999853075867378 1.0579445957036304
0.30402571162714187 1.0579445957036304
0.3080661156675459 1.0579445957036304
0.3121065197079499 1.0579445957036304
0.31614692374835396 1.0579445957036304
0.320187327788758 1.0579445957036304
0.32422773182916204 1.0579445957036304
0.3282681358695661 1.0579445957036304
0.3323085399099701 1.0579445957036304
0.3363489439503742 1.0579445957036304
0.3403893479907782 1.0579445957036304
0.34442975203118226 1.0579445957036304
0.34847015607158627 1.0579445957036304
0.35251056011199033 1.0579445957036304
0.3565509641523944 1.0579445957036304
0.3605913681927984 1.0579445957036304
0.3646317722332024 1.0579445957036304
0.3686721762736065 1.0579445957036304
0.37271258031401056 1.0579445957036304
0.37675298435441457 1.0579445957036304
0.3807933883948186 1.0579445957036304
0.38483379243522264 1.0579445957036304
0.3888741964756267 1.0579445957036304
0.3929146005160307 1.0579445957036304
0.3969550045564348 1.0579445957036304
0.4009954085968388 1.0579445957036304
0.40503581263724286 1.0579445957036304
0.4090762166776469 1.0579445957036304
0.41311662071805094 1.0579445957036304
0.41715702475845495 1.0579445957036304
0.421197428798859 1.0579445957036304
0.4252378328392631 1.0579445957036304
0.4292782368796671 1.0579445957036304
0.4333186409200711 1.0579445957036304
0.4373590449604752 1.0579445957036304
0.44139944900087924 1.0579445957036304
0.44543985304128325 1.0579445957036304
0.44948025708168726 1.0579445957036304
0.45352066112209133 1.0579445957036304
0.4575610651624954 1.0579445957036304
0.4616014692028994 1.0579445957036304
0.4656418732433035 1.0579445957036304
0.4696822772837075 1.0579445957036304
0.47372268132411155 1.0579445957036304
0.4777630853645156 1.0579445957036304
0.4818034894049196 1.0579445957036304
0.48584389344532364 1.0579445957036304
0.4898842974857277 1.0579445957036304
0.49392470152613177 1.0579445957036304
0.4979651055665358 1.0579445957036304
0.5020055096069398 1.0579445957036304
0.5060459136473439 1.0579445957036304
0.5100863176877479 1.0579445957036304
0.514126721728152 1.0579445957036304
0.518167125768556 1.0579445957036304
0.52220752980896 1.0579445957036304
0.5262479338493641 1.0579445957036304
0.5302883378897681 1.0579445957036304
0.5343287419301721 1.0579445957036304
0.5383691459705762 1.0579445957036304
0.5424095500109802 1.0579445957036304
0.5464499540513843 1.0579445957036304
0.5504903580917884 1.0579445957036304
0.5545307621321923 1.0579445957036304
0.5585711661725964 1.0579445957036304
0.5626115702130005 1.0579445957036304
0.5666519742534044 1.0579445957036304
0.5706923782938085 1.0579445957036304
0.5747327823342125 1.0579445957036304
0.5787731863746166 1.0579445957036304
0.5828135904150207 1.0579445957036304
0.5868539944554247 1.0579445957036304
0.5908943984958287 1.0579445957036304
0.5949348025362328 1.0579445957036304
0.5989752065766367 1.0579445957036304
0.6030156106170408 1.0579445957036304
0.6070560146574449 1.0579445957036304
0.6110964186978489 1.0579445957036304
0.615136822738253 1.0579445957036304
0.619177226778657 1.0579445957036304
0.623217630819061 1.0579445957036304
0.6272580348594651 1.0579445957036304
0.6312984388998691 1.0579445957036304
0.6353388429402731 1.0579445957036304
0.6393792469806772 1.0579445957036304
0.6434196510210812 1.0579445957036304
0.6474600550614853 1.0579445957036304
0.6515004591018894 1.0579445957036304
0.6555408631422934 1.0579445957036304
0.6595812671826974 1.0579445957036304
0.6636216712231015 1.0579445957036304
0.6676620752635054 1.0579445957036304
0.6717024793039095 1.0579445957036304
0.6757428833443135 1.0579445957036304
0.6797832873847176 1.0579445957036304
0.6838236914251217 1.0579445957036304
0.6878640954655257 1.0579445957036304
0.6919044995059298 1.0579445957036304
0.6959449035463338 1.0579445957036304
0.6999853075867378 1.0579445957036304
0.2999853075867378 1.0619849997440345
0.30402571162714187 1.0619849997440345
0.3080661156675459 1.0619849997440345
0.3121065197079499 1.0619849997440345
0.31614692374835396 1.0619849997440345
0.320187327788758 1.0619849997440345
0.32422773182916204 1.0619849997440345
0.3282681358695661 1.0619849997440345
0.3323085399099701 1.0619849997440345
0.3363489439503742 1.0619849997440345
0.3403893479907782 1.0619849997440345
0.34442975203118226 1.0619849997440345
0.34847015607158627 1.0619849997440345
0.35251056011199033 1.0619849997440345
0.3565509641523944 1.0619849997440345
0.3605913681927984 1.0619849997440345
0.3646317722332024 1.0619849997440345
0.3686721762736065 1.0619849997440345
0.37271258031401056 1.0619849997440345
0.37675298435441457 1.0619849997440345
0.3807933883948186 1.0619849997440345
0.38483379243522264 1.0619849997440345
0.3888741964756267 1.0619849997440345
0.3929146005160307 1.0619849997440345
0.3969550045564348 1.0619849997440345
0.4009954085968388 1.0619849997440345
0.40503581263724286 1.0619849997440345
0.4090762166776469 1.0619849997440345
0.41311662071805094 1.0619849997440345
0.41715702475845495 1.0619849997440345
0.421197428798859 1.0619849997440345
0.4252378328392631 1.0619849997440345
0.4292782368796671 1.0619849997440345
0.4333186409200711 1.0619849997440345
0.4373590449604752 1.0619849997440345
0.44139944900087924 1.0619849997440345
0.44543985304128325 1.0619849997440345
0.44948025708168726 1.0619849997440345
0.45352066112209133 1.0619849997440345
0.4575610651624954 1.0619849997440345
0.4616014692028994 1.0619849997440345
0.4656418732433035 1.0619849997440345
0.4696822772837075 1.0619849997440345
0.47372268132411155 1.0619849997440345
0.4777630853645156 1.0619849997440345
0.4818034894049196 1.0619849997440345
0.48584389344532364 1.0619849997440345
0.4898842974857277 1.0619849997440345
0.49392470152613177 1.0619849997440345
0.4979651055665358 1.0619849997440345
0.5020055096069398 1.0619849997440345
0.5060459136473439 1.0619849997440345
0.5100863176877479 1.0619849997440345
0.514126721728152 1.0619849997440345
0.518167125768556 1.0619849997440345
0.52220752980896 1.0619849997440345
0.5262479338493641 1.0619849997440345
0.5302883378897681 1.0619849997440345
0.5343287419301721 1.0619849997440345
0.5383691459705762 1.0619849997440345
0.5424095500109802 1.0619849997440345
0.5464499540513843 1.0619849997440345
0.5504903580917884 1.0619849997440345
0.5545307621321923 1.0619849997440345
0.5585711661725964 1.0619849997440345
0.5626115702130005 1.0619849997440345
0.5666519742534044 1.0619849997440345
0.5706923782938085 1.0619849997440345
0.5747327823342125 1.0619849997440345
0.5787731863746166 1.0619849997440345
0.5828135904150207 1.0619849997440345
0.5868539944554247 1.0619849997440345
0.5908943984958287 1.0619849997440345
0.5949348025362328 1.0619849997440345
0.5989752065766367 1.0619849997440345
0.6030156106170408 1.0619849997440345
0.6070560146574449 1.0619849997440345
0.6110964186978489 1.0619849997440345
0.615136822738253 1.0619849997440345
0.619177226778657 1.0619849997440345
0.623217630819061 1.0619849997440345
0.6272580348594651 1.0619849997440345
0.6312984388998691 1.0619849997440345
0.6353388429402731 1.0619849997440345
0.6393792469806772 1.0619849997440345
0.6434196510210812 1.0619849997440345
0.6474600550614853 1.0619849997440345
0.6515004591018894 1.0619849997440345
0.6555408631422934 1.0619849997440345
0.6595812671826974 1.0619849997440345
0.6636216712231015 1.0619849997440345
0.6676620752635054 1.0619849997440345
0.6717024793039095 1.0619849997440345
0.6757428833443135 1.0619849997440345
0.6797832873847176 1.0619849997440345
0.6838236914251217 1.0619849997440345
0.6878640954655257 1.0619849997440345
0.6919044995059298 1.0619849997440345
0.6959449035463338 1.0619849997440345
0.6999853075867378 1.0619849997440345
0.2999853075867378 1.0660254037844386
0.30402571162714187 1.0660254037844386
0.3080661156675459 1.0660254037844386
0.3121065197079499 1.0660254037844386
0.31614692374835396 1.0660254037844386
0.320187327788758 1.0660254037844386
0.32422773182916204 1.0660254037844386
0.3282681358695661 1.0660254037844386
0.3323085399099701 1.0660254037844386
0.3363489439503742 1.0660254037844386
0.3403893479907782 1.0660254037844386
0.34442975203118226 1.0660254037844386
0.34847015607158627 1.0660254037844386
0.35251056011199033 1.0660254037844386
0.3565509641523944 1.0660254037844386
0.3605913681927984 1.0660254037844386
0.3646317722332024 1.0660254037844386
0.3686721762736065 1.0660254037844386
0.37271258031401056 1.0660254037844386
0.37675298435441457 1.0660254037844386
0.3807933883948186 1.0660254037844386
0.38483379243522264 1.0660254037844386
0.3888741964756267 1.0660254037844386
0.3929146005160307 1.0660254037844386
0.3969550045564348 1.0660254037844386
0.4009954085968388 1.0660254037844386
0.40503581263724286 1.0660254037844386
0.4090762166776469 1.0660254037844386
0.41311662071805094 1.0660254037844386
0.41715702475845495 1.0660254037844386
0.421197428798859 1.0660254037844386
0.4252378328392631 1.0660254037844386
0.4292782368796671 1.0660254037844386
0.4333186409200711 1.0660254037844386
0.4373590449604752 1.0660254037844386
0.44139944900087924 1.0660254037844386
0.44543985304128325 1.0660254037844386
0.44948025708168726 1.0660254037844386
0.45352066112209133 1.0660254037844386
0.4575610651624954 1.0660254037844386
0.4616014692028994 1.0660254037844386
0.4656418732433035 1.0660254037844386
0.4696822772837075 1.0660254037844386
0.47372268132411155 1.0660254037844386
0.4777630853645156 1.0660254037844386
0.4818034894049196 1.0660254037844386
0.48584389344532364 1.0660254037844386
0.4898842974857277 1.0660254037844386
0.49392470152613177 1.0660254037844386
0.4979651055665358 1.0660254037844386
0.5020055096069398 1.0660254037844386
0.5060459136473439 1.0660254037844386
0.5100863176877479 1.0660254037844386
0.514126721728152 1.0660254037844386
0.518167125768556 1.0660254037844386
0.52220752980896 1.0660254037844386
0.5262479338493641 1.0660254037844386
0.5302883378897681 1.0660254037844386
0.5343287419301721 1.0660254037844386
0.5383691459705762 1.0660254037844386
0.5424095500109802 1.0660254037844386
0.5464499540513843 1.0660254037844386
0.5504903580917884 1.0660254037844386
0.5545307621321923 1.0660254037844386
0.5585711661725964 1.0660254037844386
0.5626115702130005 1.0660254037844386
0.5666519742534044 1.0660254037844386
0.5706923782938085 1.0660254037844386
0.5747327823342125 1.0660254037844386
0.5787731863746166 1.0660254037844386
0.5828135904150207 1.0660254037844386
0.5868539944554247 1.0660254037844386
0.5908943984958287 1.0660254037844386
0.5949348025362328 1.0660254037844386
0.5989752065766367 1.0660254037844386
0.6030156106170408 1.0660254037844386
0.6070560146574449 1.0660254037844386
0.6110964186978489 1.0660254037844386
0.615136822738253 1.0660254037844386
0.619177226778657 1.0660254037844386
0.623217630819061 1.0660254037844386
0.6272580348594651 1.0660254037844386
0.6312984388998691 1.0660254037844386
0.6353388429402731 1.0660254037844386
0.6393792469806772 1.0660254037844386
0.6434196510210812 1.0660254037844386
0.6474600550614853 1.0660254037844386
0.6515004591018894 1.0660254037844386
0.6555408631422934 1.0660254037844386
0.6595812671826974 1.0660254037844386
0.6636216712231015 1.0660254037844386
0.6676620752635054 1.0660254037844386
0.6717024793039095 1.0660254037844386
0.6757428833443135 1.0660254037844386
0.6797832873847176 1.0660254037844386
0.6838236914251217 1.0660254037844386
0.6878640954655257 1.0660254037844386
0.6919044995059298 1.0660254037844386
0.6959449035463338 1.0660254037844386
0.6999853075867378 1.0660254037844386
