# x y
0.2999825173137512 0.6660254037844386
0.3040229213541552 0.6660254037844386
0.3080633253945593 0.6660254037844386
0.31210372943496334 0.6660254037844386
0.31614413347536735 0.6660254037844386
0.32018453751577136 0.6660254037844386
0.32422494155617543 0.6660254037844386
0.3282653455965795 0.6660254037844386
0.3323057496369835 0.6660254037844386
0.33634615367738757 0.6660254037844386
0.3403865577177916 0.6660254037844386
0.34442696175819565 0.6660254037844386
0.3484673657985997 0.6660254037844386
0.3525077698390037 0.6660254037844386
0.35654817387940774 0.6660254037844386
0.3605885779198118 0.6660254037844386
0.36462898196021587 0.6660254037844386
0.3686693860006199 0.6660254037844386
0.3727097900410239 0.6660254037844386
0.37675019408142796 0.6660254037844386
0.380790598121832 0.6660254037844386
0.38483100216223604 0.6660254037844386
0.3888714062026401 0.6660254037844386
0.3929118102430441 0.6660254037844386
0.3969522142834482 0.6660254037844386
0.4009926183238522 0.6660254037844386
0.40503302236425626 0.6660254037844386
0.40907342640466027 0.6660254037844386
0.41311383044506433 0.6660254037844386
0.4171542344854684 0.6660254037844386
0.4211946385258724 0.6660254037844386
0.4252350425662764 0.6660254037844386
0.4292754466066805 0.6660254037844386
0.43331585064708456 0.6660254037844386
0.43735625468748857 0.6660254037844386
0.4413966587278926 0.6660254037844386
0.44543706276829664 0.6660254037844386
0.4494774668087007 0.6660254037844386
0.4535178708491047 0.6660254037844386
0.45755827488950873 0.6660254037844386
0.4615986789299128 0.6660254037844386
0.46563908297031686 0.6660254037844386
0.46967948701072093 0.6660254037844386
0.47371989105112494 0.6660254037844386
0.47776029509152895 0.6660254037844386
0.481800699131933 0.6660254037844386
0.4858411031723371 0.6660254037844386
0.4898815072127411 0.6660254037844386
0.4939219112531451 0.6660254037844386
0.4979623152935492 0.6660254037844386
0.5020027193339532 0.6660254037844386
0.5060431233743572 0.6660254037844386
0.5100835274147613 0.6660254037844386
0.5141239314551653 0.6660254037844386
0.5181643354955694 0.6660254037844386
0.5222047395359735 0.6660254037844386
0.5262451435763775 0.6660254037844386
0.5302855476167815 0.6660254037844386
0.5343259516571855 0.6660254037844386
0.5383663556975896 0.6660254037844386
0.5424067597379936 0.6660254037844386
0.5464471637783976 0.6660254037844386
0.5504875678188017 0.6660254037844386
0.5545279718592058 0.6660254037844386
0.5585683758996098 0.6660254037844386
0.5626087799400139 0.6660254037844386
0.5666491839804179 0.6660254037844386
0.5706895880208219 0.6660254037844386
0.5747299920612259 0.6660254037844386
0.57877039610163 0.6660254037844386
0.582810800142034 0.6660254037844386
0.5868512041824381 0.6660254037844386
0.5908916082228421 0.6660254037844386
0.5949320122632462 0.6660254037844386
0.5989724163036502 0.6660254037844386
0.6030128203440542 0.6660254037844386
0.6070532243844582 0.6660254037844386
0.6110936284248623 0.6660254037844386
0.6151340324652663 0.6660254037844386
0.6191744365056704 0.6660254037844386
0.6232148405460745 0.6660254037844386
0.6272552445864785 0.6660254037844386
0.6312956486268826 0.6660254037844386
0.6353360526672865 0.6660254037844386
0.6393764567076906 0.6660254037844386
0.6434168607480946 0.6660254037844386
0.6474572647884986 0.6660254037844386
0.6514976688289027 0.6660254037844386
0.6555380728693068 0.6660254037844386
0.6595784769097108 0.6660254037844386
0.6636188809501149 0.6660254037844386
0.6676592849905189 0.6660254037844386
0.6716996890309229 0.6660254037844386
0.6757400930713269 0.6660254037844386
0.6797804971117309 0.6660254037844386
0.683820901152135 0.6660254037844386
0.6878613051925391 0.6660254037844386
0.6919017092329431 0.6660254037844386
0.6959421132733472 0.6660254037844386
0.6999825173137513 0.6660254037844386
0.2999825173137512 0.6700658078248426
0.3040229213541552 0.6700658078248426
0.3080633253945593 0.6700658078248426
0.31210372943496334 0.6700658078248426
0.31614413347536735 0.6700658078248426
0.32018453751577136 0.6700658078248426
0.32422494155617543 0.6700658078248426
0.3282653455965795 0.6700658078248426
0.3323057496369835 0.6700658078248426
0.33634615367738757 0.6700658078248426
0.3403865577177916 0.6700658078248426
0.34442696175819565 0.6700658078248426
0.3484673657985997 0.6700658078248426
0.3525077698390037 0.6700658078248426
0.35654817387940774 0.6700658078248426
0.3605885779198118 0.6700658078248426
0.36462898196021587 0.6700658078248426
0.3686693860006199 0.6700658078248426
0.3727097900410239 0.6700658078248426
0.37675019408142796 0.6700658078248426
0.380790598121832 0.6700658078248426
0.38483100216223604 0.6700658078248426
0.3888714062026401 0.6700658078248426
0.3929118102430441 0.6700658078248426
0.3969522142834482 0.6700658078248426
0.4009926183238522 0.6700658078248426
0.40503302236425626 0.6700658078248426
0.40907342640466027 0.6700658078248426
0.41311383044506433 0.6700658078248426
0.4171542344854684 0.6700658078248426
0.4211946385258724 0.6700658078248426
0.4252350425662764 0.6700658078248426
0.4292754466066805 0.6700658078248426
0.43331585064708456 0.6700658078248426
0.43735625468748857 0.6700658078248426
0.4413966587278926 0.6700658078248426
0.44543706276829664 0.6700658078248426
0.4494774668087007 0.6700658078248426
0.4535178708491047 0.6700658078248426
0.45755827488950873 0.6700658078248426
0.4615986789299128 0.6700658078248426
0.46563908297031686 0.6700658078248426
0.46967948701072093 0.6700658078248426
0.47371989105112494 0.6700658078248426
0.47776029509152895 0.6700658078248426
0.481800699131933 0.6700658078248426
0.4858411031723371 0.6700658078248426
0.4898815072127411 0.6700658078248426
0.4939219112531451 0.6700658078248426
0.4979623152935492 0.6700658078248426
0.5020027193339532 0.6700658078248426
0.5060431233743572 0.6700658078248426
0.5100835274147613 0.6700658078248426
0.5141239314551653 0.6700658078248426
0.5181643354955694 0.6700658078248426
0.5222047395359735 0.6700658078248426
0.5262451435763775 0.6700658078248426
0.5302855476167815 0.6700658078248426
0.5343259516571855 0.6700658078248426
0.5383663556975896 0.6700658078248426
0.5424067597379936 0.6700658078248426
0.5464471637783976 0.6700658078248426
0.5504875678188017 0.6700658078248426
0.5545279718592058 0.6700658078248426
0.5585683758996098 0.6700658078248426
0.5626087799400139 0.6700658078248426
0.5666491839804179 0.6700658078248426
0.5706895880208219 0.6700658078248426
0.5747299920612259 0.6700658078248426
0.57877039610163 0.6700658078248426
0.582810800142034 0.6700658078248426
0.5868512041824381 0.6700658078248426
0.5908916082228421 0.6700658078248426
0.5949320122632462 0.6700658078248426
0.5989724163036502 0.6700658078248426
0.6030128203440542 0.6700658078248426
0.6070532243844582 0.6700658078248426
0.6110936284248623 0.6700658078248426
0.6151340324652663 0.6700658078248426
0.6191744365056704 0.6700658078248426
0.6232148405460745 0.6700658078248426
0.6272552445864785 0.6700658078248426
0.6312956486268826 0.6700658078248426
0.6353360526672865 0.6700658078248426
0.6393764567076906 0.6700658078248426
0.6434168607480946 0.6700658078248426
0.6474572647884986 0.6700658078248426
0.6514976688289027 0.6700658078248426
0.6555380728693068 0.6700658078248426
0.6595784769097108 0.6700658078248426
0.6636188809501149 0.6700658078248426
0.6676592849905189 0.6700658078248426
0.6716996890309229 0.6700658078248426
0.6757400930713269 0.6700658078248426
0.6797804971117309 0.6700658078248426
0.683820901152135 0.6700658078248426
0.6878613051925391 0.6700658078248426
0.6919017092329431 0.6700658078248426
0.6959421132733472 0.6700658078248426
0.6999825173137513 0.6700658078248426
0.2999825173137512 0.6741062118652467
0.3040229213541552 0.6741062118652467
0.3080633253945593 0.6741062118652467
0.31210372943496334 0.6741062118652467
0.31614413347536735 0.6741062118652467
0.32018453751577136 0.6741062118652467
0.32422494155617543 0.6741062118652467
0.3282653455965795 0.6741062118652467
0.3323057496369835 0.6741062118652467
0.33634615367738757 0.6741062118652467
0.3403865577177916 0.6741062118652467
0.34442696175819565 0.6741062118652467
0.3484673657985997 0.6741062118652467
0.3525077698390037 0.6741062118652467
0.35654817387940774 0.6741062118652467
0.3605885779198118 0.6741062118652467
0.36462898196021587 0.6741062118652467
0.3686693860006199 0.6741062118652467
0.3727097900410239 0.6741062118652467
0.37675019408142796 0.6741062118652467
0.380790598121832 0.6741062118652467
0.38483100216223604 0.6741062118652467
0.3888714062026401 0.6741062118652467
0.3929118102430441 0.6741062118652467
0.3969522142834482 0.6741062118652467
0.4009926183238522 0.6741062118652467
0.40503302236425626 0.6741062118652467
0.40907342640466027 0.6741062118652467
0.41311383044506433 0.6741062118652467
0.4171542344854684 0.6741062118652467
0.4211946385258724 0.6741062118652467
0.4252350425662764 0.6741062118652467
0.4292754466066805 0.6741062118652467
0.43331585064708456 0.6741062118652467
0.43735625468748857 0.6741062118652467
0.4413966587278926 0.6741062118652467
0.44543706276829664 0.6741062118652467
0.4494774668087007 0.6741062118652467
0.4535178708491047 0.6741062118652467
0.45755827488950873 0.6741062118652467
0.4615986789299128 0.6741062118652467
0.46563908297031686 0.6741062118652467
0.46967948701072093 0.6741062118652467
0.47371989105112494 0.6741062118652467
0.47776029509152895 0.6741062118652467
0.481800699131933 0.6741062118652467
0.4858411031723371 0.6741062118652467
0.4898815072127411 0.6741062118652467
0.4939219112531451 0.6741062118652467
0.4979623152935492 0.6741062118652467
0.5020027193339532 0.6741062118652467
0.5060431233743572 0.6741062118652467
0.5100835274147613 0.6741062118652467
0.5141239314551653 0.6741062118652467
0.5181643354955694 0.6741062118652467
0.5222047395359735 0.6741062118652467
0.5262451435763775 0.6741062118652467
0.5302855476167815 0.6741062118652467
0.5343259516571855 0.6741062118652467
0.5383663556975896 0.6741062118652467
0.5424067597379936 0.6741062118652467
0.5464471637783976 0.6741062118652467
0.5504875678188017 0.6741062118652467
0.5545279718592058 0.6741062118652467
0.5585683758996098 0.6741062118652467
0.5626087799400139 0.6741062118652467
0.5666491839804179 0.6741062118652467
0.5706895880208219 0.6741062118652467
0.5747299920612259 0.6741062118652467
0.57877039610163 0.6741062118652467
0.582810800142034 0.6741062118652467
0.5868512041824381 0.6741062118652467
0.5908916082228421 0.6741062118652467
0.5949320122632462 0.6741062118652467
0.5989724163036502 0.6741062118652467
0.6030128203440542 0.6741062118652467
0.6070532243844582 0.6741062118652467
0.6110936284248623 0.6741062118652467
0.6151340324652663 0.6741062118652467
0.6191744365056704 0.6741062118652467
0.6232148405460745 0.6741062118652467
0.6272552445864785 0.6741062118652467
0.6312956486268826 0.6741062118652467
0.6353360526672865 0.6741062118652467
0.6393764567076906 0.6741062118652467
0.6434168607480946 0.6741062118652467
0.6474572647884986 0.6741062118652467
0.6514976688289027 0.6741062118652467
0.6555380728693068 0.6741062118652467
0.6595784769097108 0.6741062118652467
0.6636188809501149 0.6741062118652467
0.6676592849905189 0.6741062118652467
0.6716996890309229 0.6741062118652467
0.6757400930713269 0.6741062118652467
0.6797804971117309 0.6741062118652467
0.683820901152135 0.6741062118652467
0.6878613051925391 0.6741062118652467
0.6919017092329431 0.6741062118652467
0.6959421132733472 0.6741062118652467
0.6999825173137513 0.6741062118652467
0.2999825173137512 0.6781466159056507
0.3040229213541552 0.6781466159056507
0.3080633253945593 0.6781466159056507
0.31210372943496334 0.6781466159056507
0.31614413347536735 0.6781466159056507
0.32018453751577136 0.6781466159056507
0.32422494155617543 0.6781466159056507
0.3282653455965795 0.6781466159056507
0.3323057496369835 0.6781466159056507
0.33634615367738757 0.6781466159056507
0.3403865577177916 0.6781466159056507
0.34442696175819565 0.6781466159056507
0.3484673657985997 0.6781466159056507
0.3525077698390037 0.6781466159056507
0.35654817387940774 0.6781466159056507
0.3605885779198118 0.6781466159056507
0.36462898196021587 0.6781466159056507
0.3686693860006199 0.6781466159056507
0.3727097900410239 0.6781466159056507
0.37675019408142796 0.6781466159056507
0.380790598121832 0.6781466159056507
0.38483100216223604 0.6781466159056507
0.3888714062026401 0.6781466159056507
0.3929118102430441 0.6781466159056507
0.3969522142834482 0.6781466159056507
0.4009926183238522 0.6781466159056507
0.40503302236425626 0.6781466159056507
0.40907342640466027 0.6781466159056507
0.41311383044506433 0.6781466159056507
0.4171542344854684 0.6781466159056507
0.4211946385258724 0.6781466159056507
0.4252350425662764 0.6781466159056507
0.4292754466066805 0.6781466159056507
0.43331585064708456 0.6781466159056507
0.43735625468748857 0.6781466159056507
0.4413966587278926 0.6781466159056507
0.44543706276829664 0.6781466159056507
0.4494774668087007 0.6781466159056507
0.4535178708491047 0.6781466159056507
0.45755827488950873 0.6781466159056507
0.4615986789299128 0.6781466159056507
0.46563908297031686 0.6781466159056507
0.46967948701072093 0.6781466159056507
0.47371989105112494 0.6781466159056507
0.47776029509152895 0.6781466159056507
0.481800699131933 0.6781466159056507
0.4858411031723371 0.6781466159056507
0.4898815072127411 0.6781466159056507
0.4939219112531451 0.6781466159056507
0.4979623152935492 0.6781466159056507
0.5020027193339532 0.6781466159056507
0.5060431233743572 0.6781466159056507
0.5100835274147613 0.6781466159056507
0.5141239314551653 0.6781466159056507
0.5181643354955694 0.6781466159056507
0.5222047395359735 0.6781466159056507
0.5262451435763775 0.6781466159056507
0.5302855476167815 0.6781466159056507
0.5343259516571855 0.6781466159056507
0.5383663556975896 0.6781466159056507
0.5424067597379936 0.6781466159056507
0.5464471637783976 0.6781466159056507
0.5504875678188017 0.6781466159056507
0.5545279718592058 0.6781466159056507
0.5585683758996098 0.6781466159056507
0.5626087799400139 0.6781466159056507
0.5666491839804179 0.6781466159056507
0.5706895880208219 0.6781466159056507
0.5747299920612259 0.6781466159056507
0.57877039610163 0.6781466159056507
0.582810800142034 0.6781466159056507
0.5868512041824381 0.6781466159056507
0.5908916082228421 0.6781466159056507
0.5949320122632462 0.6781466159056507
0.5989724163036502 0.6781466159056507
0.6030128203440542 0.6781466159056507
0.6070532243844582 0.6781466159056507
0.6110936284248623 0.6781466159056507
0.6151340324652663 0.6781466159056507
0.6191744365056704 0.6781466159056507
0.6232148405460745 0.6781466159056507
0.6272552445864785 0.6781466159056507
0.6312956486268826 0.6781466159056507
0.6353360526672865 0.6781466159056507
0.6393764567076906 0.6781466159056507
0.6434168607480946 0.6781466159056507
0.6474572647884986 0.6781466159056507
0.6514976688289027 0.6781466159056507
0.6555380728693068 0.6781466159056507
0.6595784769097108 0.6781466159056507
0.6636188809501149 0.6781466159056507
0.6676592849905189 0.6781466159056507
0.6716996890309229 0.6781466159056507
0.6757400930713269 0.6781466159056507
0.6797804971117309 0.6781466159056507
0.683820901152135 0.6781466159056507
0.6878613051925391 0.6781466159056507
0.6919017092329431 0.6781466159056507
0.6959421132733472 0.6781466159056507
0.6999825173137513 0.6781466159056507
0.2999825173137512 0.6821870199460547
0.3040229213541552 0.6821870199460547
0.3080633253945593 0.6821870199460547
0.31210372943496334 0.6821870199460547
0.31614413347536735 0.6821870199460547
0.32018453751577136 0.6821870199460547
0.32422494155617543 0.6821870199460547
0.3282653455965795 0.6821870199460547
0.3323057496369835 0.6821870199460547
0.33634615367738757 0.6821870199460547
0.3403865577177916 0.6821870199460547
0.34442696175819565 0.6821870199460547
0.3484673657985997 0.6821870199460547
0.3525077698390037 0.6821870199460547
0.35654817387940774 0.6821870199460547
0.3605885779198118 0.6821870199460547
0.36462898196021587 0.6821870199460547
0.3686693860006199 0.6821870199460547
0.3727097900410239 0.6821870199460547
0.37675019408142796 0.6821870199460547
0.380790598121832 0.6821870199460547
0.38483100216223604 0.6821870199460547
0.3888714062026401 0.6821870199460547
0.3929118102430441 0.6821870199460547
0.3969522142834482 0.6821870199460547
0.4009926183238522 0.6821870199460547
0.40503302236425626 0.6821870199460547
0.40907342640466027 0.6821870199460547
0.41311383044506433 0.6821870199460547
0.4171542344854684 0.6821870199460547
0.4211946385258724 0.6821870199460547
0.4252350425662764 0.6821870199460547
0.4292754466066805 0.6821870199460547
0.43331585064708456 0.6821870199460547
0.43735625468748857 0.6821870199460547
0.4413966587278926 0.6821870199460547
0.44543706276829664 0.6821870199460547
0.4494774668087007 0.6821870199460547
0.4535178708491047 0.6821870199460547
0.45755827488950873 0.6821870199460547
0.4615986789299128 0.6821870199460547
0.46563908297031686 0.6821870199460547
0.46967948701072093 0.6821870199460547
0.47371989105112494 0.6821870199460547
0.47776029509152895 0.6821870199460547
0.481800699131933 0.6821870199460547
0.4858411031723371 0.6821870199460547
0.4898815072127411 0.6821870199460547
0.4939219112531451 0.6821870199460547
0.4979623152935492 0.6821870199460547
0.5020027193339532 0.6821870199460547
0.5060431233743572 0.6821870199460547
0.5100835274147613 0.6821870199460547
0.5141239314551653 0.6821870199460547
0.5181643354955694 0.6821870199460547
0.5222047395359735 0.6821870199460547
0.5262451435763775 0.6821870199460547
0.5302855476167815 0.6821870199460547
0.5343259516571855 0.6821870199460547
0.5383663556975896 0.6821870199460547
0.5424067597379936 0.6821870199460547
0.5464471637783976 0.6821870199460547
0.5504875678188017 0.6821870199460547
0.5545279718592058 0.6821870199460547
0.5585683758996098 0.6821870199460547
0.5626087799400139 0.6821870199460547
0.5666491839804179 0.6821870199460547
0.5706895880208219 0.6821870199460547
0.5747299920612259 0.6821870199460547
0.57877039610163 0.6821870199460547
0.582810800142034 0.6821870199460547
0.5868512041824381 0.6821870199460547
0.5908916082228421 0.6821870199460547
0.5949320122632462 0.6821870199460547
0.5989724163036502 0.6821870199460547
0.6030128203440542 0.6821870199460547
0.6070532243844582 0.6821870199460547
0.6110936284248623 0.6821870199460547
0.6151340324652663 0.6821870199460547
0.6191744365056704 0.6821870199460547
0.6232148405460745 0.6821870199460547
0.6272552445864785 0.6821870199460547
0.6312956486268826 0.6821870199460547
0.6353360526672865 0.6821870199460547
0.6393764567076906 0.6821870199460547
0.6434168607480946 0.6821870199460547
0.6474572647884986 0.6821870199460547
0.6514976688289027 0.6821870199460547
0.6555380728693068 0.6821870199460547
0.6595784769097108 0.6821870199460547
0.6636188809501149 0.6821870199460547
0.6676592849905189 0.6821870199460547
0.6716996890309229 0.6821870199460547
0.6757400930713269 0.6821870199460547
0.6797804971117309 0.6821870199460547
0.683820901152135 0.6821870199460547
0.6878613051925391 0.6821870199460547
0.6919017092329431 0.6821870199460547
0.6959421132733472 0.6821870199460547
0.6999825173137513 0.6821870199460547
0.2999825173137512 0.6862274239864588
0.3040229213541552 0.6862274239864588
0.3080633253945593 0.6862274239864588
0.31210372943496334 0.6862274239864588
0.31614413347536735 0.6862274239864588
0.32018453751577136 0.6862274239864588
0.32422494155617543 0.6862274239864588
0.3282653455965795 0.6862274239864588
0.3323057496369835 0.6862274239864588
0.33634615367738757 0.6862274239864588
0.3403865577177916 0.6862274239864588
0.34442696175819565 0.6862274239864588
0.3484673657985997 0.6862274239864588
0.3525077698390037 0.6862274239864588
0.35654817387940774 0.6862274239864588
0.3605885779198118 0.6862274239864588
0.36462898196021587 0.6862274239864588
0.3686693860006199 0.6862274239864588
0.3727097900410239 0.6862274239864588
0.37675019408142796 0.6862274239864588
0.380790598121832 0.6862274239864588
0.38483100216223604 0.6862274239864588
0.3888714062026401 0.6862274239864588
0.3929118102430441 0.6862274239864588
0.3969522142834482 0.6862274239864588
0.4009926183238522 0.6862274239864588
0.40503302236425626 0.6862274239864588
0.40907342640466027 0.6862274239864588
0.41311383044506433 0.6862274239864588
0.4171542344854684 0.6862274239864588
0.4211946385258724 0.6862274239864588
0.4252350425662764 0.6862274239864588
0.4292754466066805 0.6862274239864588
0.43331585064708456 0.6862274239864588
0.43735625468748857 0.6862274239864588
0.4413966587278926 0.6862274239864588
0.44543706276829664 0.6862274239864588
0.4494774668087007 0.6862274239864588
0.4535178708491047 0.6862274239864588
0.45755827488950873 0.6862274239864588
0.4615986789299128 0.6862274239864588
0.46563908297031686 0.6862274239864588
0.46967948701072093 0.6862274239864588
0.47371989105112494 0.6862274239864588
0.47776029509152895 0.6862274239864588
0.481800699131933 0.6862274239864588
0.4858411031723371 0.6862274239864588
0.4898815072127411 0.6862274239864588
0.4939219112531451 0.6862274239864588
0.4979623152935492 0.6862274239864588
0.5020027193339532 0.6862274239864588
0.5060431233743572 0.6862274239864588
0.5100835274147613 0.6862274239864588
0.5141239314551653 0.6862274239864588
0.5181643354955694 0.6862274239864588
0.5222047395359735 0.6862274239864588
0.5262451435763775 0.6862274239864588
0.5302855476167815 0.6862274239864588
0.5343259516571855 0.6862274239864588
0.5383663556975896 0.6862274239864588
0.5424067597379936 0.6862274239864588
0.5464471637783976 0.6862274239864588
0.5504875678188017 0.6862274239864588
0.5545279718592058 0.6862274239864588
0.5585683758996098 0.6862274239864588
0.5626087799400139 0.6862274239864588
0.5666491839804179 0.6862274239864588
0.5706895880208219 0.6862274239864588
0.5747299920612259 0.6862274239864588
0.57877039610163 0.6862274239864588
0.582810800142034 0.6862274239864588
0.5868512041824381 0.6862274239864588
0.5908916082228421 0.6862274239864588
0.5949320122632462 0.6862274239864588
0.5989724163036502 0.6862274239864588
0.6030128203440542 0.6862274239864588
0.6070532243844582 0.6862274239864588
0.6110936284248623 0.6862274239864588
0.6151340324652663 0.6862274239864588
0.6191744365056704 0.6862274239864588
0.6232148405460745 0.6862274239864588
0.6272552445864785 0.6862274239864588
0.6312956486268826 0.6862274239864588
0.6353360526672865 0.6862274239864588
0.6393764567076906 0.6862274239864588
0.6434168607480946 0.6862274239864588
0.6474572647884986 0.6862274239864588
0.6514976688289027 0.6862274239864588
0.6555380728693068 0.6862274239864588
0.6595784769097108 0.6862274239864588
0.6636188809501149 0.6862274239864588
0.6676592849905189 0.6862274239864588
0.6716996890309229 0.6862274239864588
0.6757400930713269 0.6862274239864588
0.6797804971117309 0.6862274239864588
0.683820901152135 0.6862274239864588
0.6878613051925391 0.6862274239864588
0.6919017092329431 0.6862274239864588
0.6959421132733472 0.6862274239864588
0.6999825173137513 0.6862274239864588
0.2999825173137512 0.6902678280268628
0.3040229213541552 0.6902678280268628
0.3080633253945593 0.6902678280268628
0.31210372943496334 0.6902678280268628
0.31614413347536735 0.6902678280268628
0.32018453751577136 0.6902678280268628
0.32422494155617543 0.6902678280268628
0.3282653455965795 0.6902678280268628
0.3323057496369835 0.6902678280268628
0.33634615367738757 0.6902678280268628
0.3403865577177916 0.6902678280268628
0.34442696175819565 0.6902678280268628
0.3484673657985997 0.6902678280268628
0.3525077698390037 0.6902678280268628
0.35654817387940774 0.6902678280268628
0.3605885779198118 0.6902678280268628
0.36462898196021587 0.6902678280268628
0.3686693860006199 0.6902678280268628
0.3727097900410239 0.6902678280268628
0.37675019408142796 0.6902678280268628
0.380790598121832 0.6902678280268628
0.38483100216223604 0.6902678280268628
0.3888714062026401 0.6902678280268628
0.3929118102430441 0.6902678280268628
0.3969522142834482 0.6902678280268628
0.4009926183238522 0.6902678280268628
0.40503302236425626 0.6902678280268628
0.40907342640466027 0.6902678280268628
0.41311383044506433 0.6902678280268628
0.4171542344854684 0.6902678280268628
0.4211946385258724 0.6902678280268628
0.4252350425662764 0.6902678280268628
0.4292754466066805 0.6902678280268628
0.43331585064708456 0.6902678280268628
0.43735625468748857 0.6902678280268628
0.4413966587278926 0.6902678280268628
0.44543706276829664 0.6902678280268628
0.4494774668087007 0.6902678280268628
0.4535178708491047 0.6902678280268628
0.45755827488950873 0.6902678280268628
0.4615986789299128 0.6902678280268628
0.46563908297031686 0.6902678280268628
0.46967948701072093 0.6902678280268628
0.47371989105112494 0.6902678280268628
0.47776029509152895 0.6902678280268628
0.481800699131933 0.6902678280268628
0.4858411031723371 0.6902678280268628
0.4898815072127411 0.6902678280268628
0.4939219112531451 0.6902678280268628
0.4979623152935492 0.6902678280268628
0.5020027193339532 0.6902678280268628
0.5060431233743572 0.6902678280268628
0.5100835274147613 0.6902678280268628
0.5141239314551653 0.6902678280268628
0.5181643354955694 0.6902678280268628
0.5222047395359735 0.6902678280268628
0.5262451435763775 0.6902678280268628
0.5302855476167815 0.6902678280268628
0.5343259516571855 0.6902678280268628
0.5383663556975896 0.6902678280268628
0.5424067597379936 0.6902678280268628
0.5464471637783976 0.6902678280268628
0.5504875678188017 0.6902678280268628
0.5545279718592058 0.6902678280268628
0.5585683758996098 0.6902678280268628
0.5626087799400139 0.6902678280268628
0.5666491839804179 0.6902678280268628
0.5706895880208219 0.6902678280268628
0.5747299920612259 0.6902678280268628
0.57877039610163 0.6902678280268628
0.582810800142034 0.6902678280268628
0.5868512041824381 0.6902678280268628
0.5908916082228421 0.6902678280268628
0.5949320122632462 0.6902678280268628
0.5989724163036502 0.6902678280268628
0.6030128203440542 0.6902678280268628
0.6070532243844582 0.6902678280268628
0.6110936284248623 0.6902678280268628
0.6151340324652663 0.6902678280268628
0.6191744365056704 0.6902678280268628
0.6232148405460745 0.6902678280268628
0.6272552445864785 0.6902678280268628
0.6312956486268826 0.6902678280268628
0.6353360526672865 0.6902678280268628
0.6393764567076906 0.6902678280268628
0.6434168607480946 0.6902678280268628
0.6474572647884986 0.6902678280268628
0.6514976688289027 0.6902678280268628
0.6555380728693068 0.6902678280268628
0.6595784769097108 0.6902678280268628
0.6636188809501149 0.6902678280268628
0.6676592849905189 0.6902678280268628
0.6716996890309229 0.6902678280268628
0.6757400930713269 0.6902678280268628
0.6797804971117309 0.6902678280268628
0.683820901152135 0.6902678280268628
0.6878613051925391 0.6902678280268628
0.6919017092329431 0.6902678280268628
0.6959421132733472 0.6902678280268628
0.6999825173137513 0.6902678280268628
0.2999825173137512 0.6943082320672669
0.3040229213541552 0.6943082320672669
0.3080633253945593 0.6943082320672669
0.31210372943496334 0.6943082320672669
0.31614413347536735 0.6943082320672669
0.32018453751577136 0.6943082320672669
0.32422494155617543 0.6943082320672669
0.3282653455965795 0.6943082320672669
0.3323057496369835 0.6943082320672669
0.33634615367738757 0.6943082320672669
0.3403865577177916 0.6943082320672669
0.34442696175819565 0.6943082320672669
0.3484673657985997 0.6943082320672669
0.3525077698390037 0.6943082320672669
0.35654817387940774 0.6943082320672669
0.3605885779198118 0.6943082320672669
0.36462898196021587 0.6943082320672669
0.3686693860006199 0.6943082320672669
0.3727097900410239 0.6943082320672669
0.37675019408142796 0.6943082320672669
0.380790598121832 0.6943082320672669
0.38483100216223604 0.6943082320672669
0.3888714062026401 0.6943082320672669
0.3929118102430441 0.6943082320672669
0.3969522142834482 0.6943082320672669
0.4009926183238522 0.6943082320672669
0.40503302236425626 0.6943082320672669
0.40907342640466027 0.6943082320672669
0.41311383044506433 0.6943082320672669
0.4171542344854684 0.6943082320672669
0.4211946385258724 0.6943082320672669
0.4252350425662764 0.6943082320672669
0.4292754466066805 0.6943082320672669
0.43331585064708456 0.6943082320672669
0.43735625468748857 0.6943082320672669
0.4413966587278926 0.6943082320672669
0.44543706276829664 0.6943082320672669
0.4494774668087007 0.6943082320672669
0.4535178708491047 0.6943082320672669
0.45755827488950873 0.6943082320672669
0.4615986789299128 0.6943082320672669
0.46563908297031686 0.6943082320672669
0.46967948701072093 0.6943082320672669
0.47371989105112494 0.6943082320672669
0.47776029509152895 0.6943082320672669
0.481800699131933 0.6943082320672669
0.4858411031723371 0.6943082320672669
0.4898815072127411 0.6943082320672669
0.4939219112531451 0.6943082320672669
0.4979623152935492 0.6943082320672669
0.5020027193339532 0.6943082320672669
0.5060431233743572 0.6943082320672669
0.5100835274147613 0.6943082320672669
0.5141239314551653 0.6943082320672669
0.5181643354955694 0.6943082320672669
0.5222047395359735 0.6943082320672669
0.5262451435763775 0.6943082320672669
0.5302855476167815 0.6943082320672669
0.5343259516571855 0.6943082320672669
0.5383663556975896 0.6943082320672669
0.5424067597379936 0.6943082320672669
0.5464471637783976 0.6943082320672669
0.5504875678188017 0.6943082320672669
0.5545279718592058 0.6943082320672669
0.5585683758996098 0.6943082320672669
0.5626087799400139 0.6943082320672669
0.5666491839804179 0.6943082320672669
0.5706895880208219 0.6943082320672669
0.5747299920612259 0.6943082320672669
0.57877039610163 0.6943082320672669
0.582810800142034 0.6943082320672669
0.5868512041824381 0.6943082320672669
0.5908916082228421 0.6943082320672669
0.5949320122632462 0.6943082320672669
0.5989724163036502 0.6943082320672669
0.6030128203440542 0.6943082320672669
0.6070532243844582 0.6943082320672669
0.6110936284248623 0.6943082320672669
0.6151340324652663 0.6943082320672669
0.6191744365056704 0.6943082320672669
0.6232148405460745 0.6943082320672669
0.6272552445864785 0.6943082320672669
0.6312956486268826 0.6943082320672669
0.6353360526672865 0.6943082320672669
0.6393764567076906 0.6943082320672669
0.6434168607480946 0.6943082320672669
0.6474572647884986 0.6943082320672669
0.6514976688289027 0.6943082320672669
0.6555380728693068 0.6943082320672669
0.6595784769097108 0.6943082320672669
0.6636188809501149 0.6943082320672669
0.6676592849905189 0.6943082320672669
0.6716996890309229 0.6943082320672669
0.6757400930713269 0.6943082320672669
0.6797804971117309 0.6943082320672669
0.683820901152135 0.6943082320672669
0.6878613051925391 0.6943082320672669
0.6919017092329431 0.6943082320672669
0.6959421132733472 0.6943082320672669
0.6999825173137513 0.6943082320672669
0.2999825173137512 0.698348636107671
0.3040229213541552 0.698348636107671
0.3080633253945593 0.698348636107671
0.31210372943496334 0.698348636107671
0.31614413347536735 0.698348636107671
0.32018453751577136 0.698348636107671
0.32422494155617543 0.698348636107671
0.3282653455965795 0.698348636107671
0.3323057496369835 0.698348636107671
0.33634615367738757 0.698348636107671
0.3403865577177916 0.698348636107671
0.34442696175819565 0.698348636107671
0.3484673657985997 0.698348636107671
0.3525077698390037 0.698348636107671
0.35654817387940774 0.698348636107671
0.3605885779198118 0.698348636107671
0.36462898196021587 0.698348636107671
0.3686693860006199 0.698348636107671
0.3727097900410239 0.698348636107671
0.37675019408142796 0.698348636107671
0.380790598121832 0.698348636107671
0.38483100216223604 0.698348636107671
0.3888714062026401 0.698348636107671
0.3929118102430441 0.698348636107671
0.3969522142834482 0.698348636107671
0.4009926183238522 0.698348636107671
0.40503302236425626 0.698348636107671
0.40907342640466027 0.698348636107671
0.41311383044506433 0.698348636107671
0.4171542344854684 0.698348636107671
0.4211946385258724 0.698348636107671
0.4252350425662764 0.698348636107671
0.4292754466066805 0.698348636107671
0.43331585064708456 0.698348636107671
0.43735625468748857 0.698348636107671
0.4413966587278926 0.698348636107671
0.44543706276829664 0.698348636107671
0.4494774668087007 0.698348636107671
0.4535178708491047 0.698348636107671
0.45755827488950873 0.698348636107671
0.4615986789299128 0.698348636107671
0.46563908297031686 0.698348636107671
0.46967948701072093 0.698348636107671
0.47371989105112494 0.698348636107671
0.47776029509152895 0.698348636107671
0.481800699131933 0.698348636107671
0.4858411031723371 0.698348636107671
0.4898815072127411 0.698348636107671
0.4939219112531451 0.698348636107671
0.4979623152935492 0.698348636107671
0.5020027193339532 0.698348636107671
0.5060431233743572 0.698348636107671
0.5100835274147613 0.698348636107671
0.5141239314551653 0.698348636107671
0.5181643354955694 0.698348636107671
0.5222047395359735 0.698348636107671
0.5262451435763775 0.698348636107671
0.5302855476167815 0.698348636107671
0.5343259516571855 0.698348636107671
0.5383663556975896 0.698348636107671
0.5424067597379936 0.698348636107671
0.5464471637783976 0.698348636107671
0.5504875678188017 0.698348636107671
0.5545279718592058 0.698348636107671
0.5585683758996098 0.698348636107671
0.5626087799400139 0.698348636107671
0.5666491839804179 0.698348636107671
0.5706895880208219 0.698348636107671
0.5747299920612259 0.698348636107671
0.57877039610163 0.698348636107671
0.582810800142034 0.698348636107671
0.5868512041824381 0.698348636107671
0.5908916082228421 0.698348636107671
0.5949320122632462 0.698348636107671
0.5989724163036502 0.698348636107671
0.6030128203440542 0.698348636107671
0.6070532243844582 0.698348636107671
0.6110936284248623 0.698348636107671
0.6151340324652663 0.698348636107671
0.6191744365056704 0.698348636107671
0.6232148405460745 0.698348636107671
0.6272552445864785 0.698348636107671
0.6312956486268826 0.698348636107671
0.6353360526672865 0.698348636107671
0.6393764567076906 0.698348636107671
0.6434168607480946 0.698348636107671
0.6474572647884986 0.698348636107671
0.6514976688289027 0.698348636107671
0.6555380728693068 0.698348636107671
0.6595784769097108 0.698348636107671
0.6636188809501149 0.698348636107671
0.6676592849905189 0.698348636107671
0.6716996890309229 0.698348636107671
0.6757400930713269 0.698348636107671
0.6797804971117309 0.698348636107671
0.683820901152135 0.698348636107671
0.6878613051925391 0.698348636107671
0.6919017092329431 0.698348636107671
0.6959421132733472 0.698348636107671
0.6999825173137513 0.698348636107671
0.2999825173137512 0.702389040148075
0.3040229213541552 0.702389040148075
0.3080633253945593 0.702389040148075
0.31210372943496334 0.702389040148075
0.31614413347536735 0.702389040148075
0.32018453751577136 0.702389040148075
0.32422494155617543 0.702389040148075
0.3282653455965795 0.702389040148075
0.3323057496369835 0.702389040148075
0.33634615367738757 0.702389040148075
0.3403865577177916 0.702389040148075
0.34442696175819565 0.702389040148075
0.3484673657985997 0.702389040148075
0.3525077698390037 0.702389040148075
0.35654817387940774 0.702389040148075
0.3605885779198118 0.702389040148075
0.36462898196021587 0.702389040148075
0.3686693860006199 0.702389040148075
0.3727097900410239 0.702389040148075
0.37675019408142796 0.702389040148075
0.380790598121832 0.702389040148075
0.38483100216223604 0.702389040148075
0.3888714062026401 0.702389040148075
0.3929118102430441 0.702389040148075
0.3969522142834482 0.702389040148075
0.4009926183238522 0.702389040148075
0.40503302236425626 0.702389040148075
0.40907342640466027 0.702389040148075
0.41311383044506433 0.702389040148075
0.4171542344854684 0.702389040148075
0.4211946385258724 0.702389040148075
0.4252350425662764 0.702389040148075
0.4292754466066805 0.702389040148075
0.43331585064708456 0.702389040148075
0.43735625468748857 0.702389040148075
0.4413966587278926 0.702389040148075
0.44543706276829664 0.702389040148075
0.4494774668087007 0.702389040148075
0.4535178708491047 0.702389040148075
0.45755827488950873 0.702389040148075
0.4615986789299128 0.702389040148075
0.46563908297031686 0.702389040148075
0.46967948701072093 0.702389040148075
0.47371989105112494 0.702389040148075
0.47776029509152895 0.702389040148075
0.481800699131933 0.702389040148075
0.4858411031723371 0.702389040148075
0.4898815072127411 0.702389040148075
0.4939219112531451 0.702389040148075
0.4979623152935492 0.702389040148075
0.5020027193339532 0.702389040148075
0.5060431233743572 0.702389040148075
0.5100835274147613 0.702389040148075
0.5141239314551653 0.702389040148075
0.5181643354955694 0.702389040148075
0.5222047395359735 0.702389040148075
0.5262451435763775 0.702389040148075
0.5302855476167815 0.702389040148075
0.5343259516571855 0.702389040148075
0.5383663556975896 0.702389040148075
0.5424067597379936 0.702389040148075
0.5464471637783976 0.702389040148075
0.5504875678188017 0.702389040148075
0.5545279718592058 0.702389040148075
0.5585683758996098 0.702389040148075
0.5626087799400139 0.702389040148075
0.5666491839804179 0.702389040148075
0.5706895880208219 0.702389040148075
0.5747299920612259 0.702389040148075
0.57877039610163 0.702389040148075
0.582810800142034 0.702389040148075
0.5868512041824381 0.702389040148075
0.5908916082228421 0.702389040148075
0.5949320122632462 0.702389040148075
0.5989724163036502 0.702389040148075
0.6030128203440542 0.702389040148075
0.6070532243844582 0.702389040148075
0.6110936284248623 0.702389040148075
0.6151340324652663 0.702389040148075
0.6191744365056704 0.702389040148075
0.6232148405460745 0.702389040148075
0.6272552445864785 0.702389040148075
0.6312956486268826 0.702389040148075
0.6353360526672865 0.702389040148075
0.6393764567076906 0.702389040148075
0.6434168607480946 0.702389040148075
0.6474572647884986 0.702389040148075
0.6514976688289027 0.702389040148075
0.6555380728693068 0.702389040148075
0.6595784769097108 0.702389040148075
0.6636188809501149 0.702389040148075
0.6676592849905189 0.702389040148075
0.6716996890309229 0.702389040148075
0.6757400930713269 0.702389040148075
0.6797804971117309 0.702389040148075
0.683820901152135 0.702389040148075
0.6878613051925391 0.702389040148075
0.6919017092329431 0.702389040148075
0.6959421132733472 0.702389040148075
0.6999825173137513 0.702389040148075
0.2999825173137512 0.706429444188479
0.3040229213541552 0.706429444188479
0.3080633253945593 0.706429444188479
0.31210372943496334 0.706429444188479
0.31614413347536735 0.706429444188479
0.32018453751577136 0.706429444188479
0.32422494155617543 0.706429444188479
0.3282653455965795 0.706429444188479
0.3323057496369835 0.706429444188479
0.33634615367738757 0.706429444188479
0.3403865577177916 0.706429444188479
0.34442696175819565 0.706429444188479
0.3484673657985997 0.706429444188479
0.3525077698390037 0.706429444188479
0.35654817387940774 0.706429444188479
0.3605885779198118 0.706429444188479
0.36462898196021587 0.706429444188479
0.3686693860006199 0.706429444188479
0.3727097900410239 0.706429444188479
0.37675019408142796 0.706429444188479
0.380790598121832 0.706429444188479
0.38483100216223604 0.706429444188479
0.3888714062026401 0.706429444188479
0.3929118102430441 0.706429444188479
0.3969522142834482 0.706429444188479
0.4009926183238522 0.706429444188479
0.40503302236425626 0.706429444188479
0.40907342640466027 0.706429444188479
0.41311383044506433 0.706429444188479
0.4171542344854684 0.706429444188479
0.4211946385258724 0.706429444188479
0.4252350425662764 0.706429444188479
0.4292754466066805 0.706429444188479
0.43331585064708456 0.706429444188479
0.43735625468748857 0.706429444188479
0.4413966587278926 0.706429444188479
0.44543706276829664 0.706429444188479
0.4494774668087007 0.706429444188479
0.4535178708491047 0.706429444188479
0.45755827488950873 0.706429444188479
0.4615986789299128 0.706429444188479
0.46563908297031686 0.706429444188479
0.46967948701072093 0.706429444188479
0.47371989105112494 0.706429444188479
0.47776029509152895 0.706429444188479
0.481800699131933 0.706429444188479
0.4858411031723371 0.706429444188479
0.4898815072127411 0.706429444188479
0.4939219112531451 0.706429444188479
0.4979623152935492 0.706429444188479
0.5020027193339532 0.706429444188479
0.5060431233743572 0.706429444188479
0.5100835274147613 0.706429444188479
0.5141239314551653 0.706429444188479
0.5181643354955694 0.706429444188479
0.5222047395359735 0.706429444188479
0.5262451435763775 0.706429444188479
0.5302855476167815 0.706429444188479
0.5343259516571855 0.706429444188479
0.5383663556975896 0.706429444188479
0.5424067597379936 0.706429444188479
0.5464471637783976 0.706429444188479
0.5504875678188017 0.706429444188479
0.5545279718592058 0.706429444188479
0.5585683758996098 0.706429444188479
0.5626087799400139 0.706429444188479
0.5666491839804179 0.706429444188479
0.5706895880208219 0.706429444188479
0.5747299920612259 0.706429444188479
0.57877039610163 0.706429444188479
0.582810800142034 0.706429444188479
0.5868512041824381 0.706429444188479
0.5908916082228421 0.706429444188479
0.5949320122632462 0.706429444188479
0.5989724163036502 0.706429444188479
0.6030128203440542 0.706429444188479
0.6070532243844582 0.706429444188479
0.6110936284248623 0.706429444188479
0.6151340324652663 0.706429444188479
0.6191744365056704 0.706429444188479
0.6232148405460745 0.706429444188479
0.6272552445864785 0.706429444188479
0.6312956486268826 0.706429444188479
0.6353360526672865 0.706429444188479
0.6393764567076906 0.706429444188479
0.6434168607480946 0.706429444188479
0.6474572647884986 0.706429444188479
0.6514976688289027 0.706429444188479
0.6555380728693068 0.706429444188479
0.6595784769097108 0.706429444188479
0.6636188809501149 0.706429444188479
0.6676592849905189 0.706429444188479
0.6716996890309229 0.706429444188479
0.6757400930713269 0.706429444188479
0.6797804971117309 0.706429444188479
0.683820901152135 0.706429444188479
0.6878613051925391 0.706429444188479
0.6919017092329431 0.706429444188479
0.6959421132733472 0.706429444188479
0.6999825173137513 0.706429444188479
0.2999825173137512 0.710469848228883
0.3040229213541552 0.710469848228883
0.3080633253945593 0.710469848228883
0.31210372943496334 0.710469848228883
0.31614413347536735 0.710469848228883
0.32018453751577136 0.710469848228883
0.32422494155617543 0.710469848228883
0.3282653455965795 0.710469848228883
0.3323057496369835 0.710469848228883
0.33634615367738757 0.710469848228883
0.3403865577177916 0.710469848228883
0.34442696175819565 0.710469848228883
0.3484673657985997 0.710469848228883
0.3525077698390037 0.710469848228883
0.35654817387940774 0.710469848228883
0.3605885779198118 0.710469848228883
0.36462898196021587 0.710469848228883
0.3686693860006199 0.710469848228883
0.3727097900410239 0.710469848228883
0.37675019408142796 0.710469848228883
0.380790598121832 0.710469848228883
0.38483100216223604 0.710469848228883
0.3888714062026401 0.710469848228883
0.3929118102430441 0.710469848228883
0.3969522142834482 0.710469848228883
0.4009926183238522 0.710469848228883
0.40503302236425626 0.710469848228883
0.40907342640466027 0.710469848228883
0.41311383044506433 0.710469848228883
0.4171542344854684 0.710469848228883
0.4211946385258724 0.710469848228883
0.4252350425662764 0.710469848228883
0.4292754466066805 0.710469848228883
0.43331585064708456 0.710469848228883
0.43735625468748857 0.710469848228883
0.4413966587278926 0.710469848228883
0.44543706276829664 0.710469848228883
0.4494774668087007 0.710469848228883
0.4535178708491047 0.710469848228883
0.45755827488950873 0.710469848228883
0.4615986789299128 0.710469848228883
0.46563908297031686 0.710469848228883
0.46967948701072093 0.710469848228883
0.47371989105112494 0.710469848228883
0.47776029509152895 0.710469848228883
0.481800699131933 0.710469848228883
0.4858411031723371 0.710469848228883
0.4898815072127411 0.710469848228883
0.4939219112531451 0.710469848228883
0.4979623152935492 0.710469848228883
0.5020027193339532 0.710469848228883
0.5060431233743572 0.710469848228883
0.5100835274147613 0.710469848228883
0.5141239314551653 0.710469848228883
0.5181643354955694 0.710469848228883
0.5222047395359735 0.710469848228883
0.5262451435763775 0.710469848228883
0.5302855476167815 0.710469848228883
0.5343259516571855 0.710469848228883
0.5383663556975896 0.710469848228883
0.5424067597379936 0.710469848228883
0.5464471637783976 0.710469848228883
0.5504875678188017 0.710469848228883
0.5545279718592058 0.710469848228883
0.5585683758996098 0.710469848228883
0.5626087799400139 0.710469848228883
0.5666491839804179 0.710469848228883
0.5706895880208219 0.710469848228883
0.5747299920612259 0.710469848228883
0.57877039610163 0.710469848228883
0.582810800142034 0.710469848228883
0.5868512041824381 0.710469848228883
0.5908916082228421 0.710469848228883
0.5949320122632462 0.710469848228883
0.5989724163036502 0.710469848228883
0.6030128203440542 0.710469848228883
0.6070532243844582 0.710469848228883
0.6110936284248623 0.710469848228883
0.6151340324652663 0.710469848228883
0.6191744365056704 0.710469848228883
0.6232148405460745 0.710469848228883
0.6272552445864785 0.710469848228883
0.6312956486268826 0.710469848228883
0.6353360526672865 0.710469848228883
0.6393764567076906 0.710469848228883
0.6434168607480946 0.710469848228883
0.6474572647884986 0.710469848228883
0.6514976688289027 0.710469848228883
0.6555380728693068 0.710469848228883
0.6595784769097108 0.710469848228883
0.6636188809501149 0.710469848228883
0.6676592849905189 0.710469848228883
0.6716996890309229 0.710469848228883
0.6757400930713269 0.710469848228883
0.6797804971117309 0.710469848228883
0.683820901152135 0.710469848228883
0.6878613051925391 0.710469848228883
0.6919017092329431 0.710469848228883
0.6959421132733472 0.710469848228883
0.6999825173137513 0.710469848228883
0.2999825173137512 0.7145102522692871
0.3040229213541552 0.7145102522692871
0.3080633253945593 0.7145102522692871
0.31210372943496334 0.7145102522692871
0.31614413347536735 0.7145102522692871
0.32018453751577136 0.7145102522692871
0.32422494155617543 0.7145102522692871
0.3282653455965795 0.7145102522692871
0.3323057496369835 0.7145102522692871
0.33634615367738757 0.7145102522692871
0.3403865577177916 0.7145102522692871
0.34442696175819565 0.7145102522692871
0.3484673657985997 0.7145102522692871
0.3525077698390037 0.7145102522692871
0.35654817387940774 0.7145102522692871
0.3605885779198118 0.7145102522692871
0.36462898196021587 0.7145102522692871
0.3686693860006199 0.7145102522692871
0.3727097900410239 0.7145102522692871
0.37675019408142796 0.7145102522692871
0.380790598121832 0.7145102522692871
0.38483100216223604 0.7145102522692871
0.3888714062026401 0.7145102522692871
0.3929118102430441 0.7145102522692871
0.3969522142834482 0.7145102522692871
0.4009926183238522 0.7145102522692871
0.40503302236425626 0.7145102522692871
0.40907342640466027 0.7145102522692871
0.41311383044506433 0.7145102522692871
0.4171542344854684 0.7145102522692871
0.4211946385258724 0.7145102522692871
0.4252350425662764 0.7145102522692871
0.4292754466066805 0.7145102522692871
0.43331585064708456 0.7145102522692871
0.43735625468748857 0.7145102522692871
0.4413966587278926 0.7145102522692871
0.44543706276829664 0.7145102522692871
0.4494774668087007 0.7145102522692871
0.4535178708491047 0.7145102522692871
0.45755827488950873 0.7145102522692871
0.4615986789299128 0.7145102522692871
0.46563908297031686 0.7145102522692871
0.46967948701072093 0.7145102522692871
0.47371989105112494 0.7145102522692871
0.47776029509152895 0.7145102522692871
0.481800699131933 0.7145102522692871
0.4858411031723371 0.7145102522692871
0.4898815072127411 0.7145102522692871
0.4939219112531451 0.7145102522692871
0.4979623152935492 0.7145102522692871
0.5020027193339532 0.7145102522692871
0.5060431233743572 0.7145102522692871
0.5100835274147613 0.7145102522692871
0.5141239314551653 0.7145102522692871
0.5181643354955694 0.7145102522692871
0.5222047395359735 0.7145102522692871
0.5262451435763775 0.7145102522692871
0.5302855476167815 0.7145102522692871
0.5343259516571855 0.7145102522692871
0.5383663556975896 0.7145102522692871
0.5424067597379936 0.7145102522692871
0.5464471637783976 0.7145102522692871
0.5504875678188017 0.7145102522692871
0.5545279718592058 0.7145102522692871
0.5585683758996098 0.7145102522692871
0.5626087799400139 0.7145102522692871
0.5666491839804179 0.7145102522692871
0.5706895880208219 0.7145102522692871
0.5747299920612259 0.7145102522692871
0.57877039610163 0.7145102522692871
0.582810800142034 0.7145102522692871
0.5868512041824381 0.7145102522692871
0.5908916082228421 0.7145102522692871
0.5949320122632462 0.7145102522692871
0.5989724163036502 0.7145102522692871
0.6030128203440542 0.7145102522692871
0.6070532243844582 0.7145102522692871
0.6110936284248623 0.7145102522692871
0.6151340324652663 0.7145102522692871
0.6191744365056704 0.7145102522692871
0.6232148405460745 0.7145102522692871
0.6272552445864785 0.7145102522692871
0.6312956486268826 0.7145102522692871
0.6353360526672865 0.7145102522692871
0.6393764567076906 0.7145102522692871
0.6434168607480946 0.7145102522692871
0.6474572647884986 0.7145102522692871
0.6514976688289027 0.7145102522692871
0.6555380728693068 0.7145102522692871
0.6595784769097108 0.7145102522692871
0.6636188809501149 0.7145102522692871
0.6676592849905189 0.7145102522692871
0.6716996890309229 0.7145102522692871
0.6757400930713269 0.7145102522692871
0.6797804971117309 0.7145102522692871
0.683820901152135 0.7145102522692871
0.6878613051925391 0.7145102522692871
0.6919017092329431 0.7145102522692871
0.6959421132733472 0.7145102522692871
0.2999825173137512 0.7185506563096911
0.3040229213541552 0.7185506563096911
0.3080633253945593 0.7185506563096911
0.31210372943496334 0.7185506563096911
0.31614413347536735 0.7185506563096911
0.32018453751577136 0.7185506563096911
0.32422494155617543 0.7185506563096911
0.3282653455965795 0.7185506563096911
0.3323057496369835 0.7185506563096911
0.33634615367738757 0.7185506563096911
0.3403865577177916 0.7185506563096911
0.34442696175819565 0.7185506563096911
0.3484673657985997 0.7185506563096911
0.3525077698390037 0.7185506563096911
0.35654817387940774 0.7185506563096911
0.3605885779198118 0.7185506563096911
0.36462898196021587 0.7185506563096911
0.3686693860006199 0.7185506563096911
0.3727097900410239 0.7185506563096911
0.37675019408142796 0.7185506563096911
0.380790598121832 0.7185506563096911
0.38483100216223604 0.7185506563096911
0.3888714062026401 0.7185506563096911
0.3929118102430441 0.7185506563096911
0.3969522142834482 0.7185506563096911
0.4009926183238522 0.7185506563096911
0.40503302236425626 0.7185506563096911
0.40907342640466027 0.7185506563096911
0.41311383044506433 0.7185506563096911
0.4171542344854684 0.7185506563096911
0.4211946385258724 0.7185506563096911
0.4252350425662764 0.7185506563096911
0.4292754466066805 0.7185506563096911
0.43331585064708456 0.7185506563096911
0.43735625468748857 0.7185506563096911
0.4413966587278926 0.7185506563096911
0.44543706276829664 0.7185506563096911
0.4494774668087007 0.7185506563096911
0.4535178708491047 0.7185506563096911
0.45755827488950873 0.7185506563096911
0.4615986789299128 0.7185506563096911
0.46563908297031686 0.7185506563096911
0.46967948701072093 0.7185506563096911
0.47371989105112494 0.7185506563096911
0.47776029509152895 0.7185506563096911
0.481800699131933 0.7185506563096911
0.4858411031723371 0.7185506563096911
0.4898815072127411 0.7185506563096911
0.4939219112531451 0.7185506563096911
0.4979623152935492 0.7185506563096911
0.5020027193339532 0.7185506563096911
0.5060431233743572 0.7185506563096911
0.5100835274147613 0.7185506563096911
0.5141239314551653 0.7185506563096911
0.5181643354955694 0.7185506563096911
0.5222047395359735 0.7185506563096911
0.5262451435763775 0.7185506563096911
0.5302855476167815 0.7185506563096911
0.5343259516571855 0.7185506563096911
0.5383663556975896 0.7185506563096911
0.5424067597379936 0.7185506563096911
0.5464471637783976 0.7185506563096911
0.5504875678188017 0.7185506563096911
0.5545279718592058 0.7185506563096911
0.5585683758996098 0.7185506563096911
0.5626087799400139 0.7185506563096911
0.5666491839804179 0.7185506563096911
0.5706895880208219 0.7185506563096911
0.5747299920612259 0.7185506563096911
0.57877039610163 0.7185506563096911
0.582810800142034 0.7185506563096911
0.5868512041824381 0.7185506563096911
0.5908916082228421 0.7185506563096911
0.5949320122632462 0.7185506563096911
0.5989724163036502 0.7185506563096911
0.6030128203440542 0.7185506563096911
0.6070532243844582 0.7185506563096911
0.6110936284248623 0.7185506563096911
0.6151340324652663 0.7185506563096911
0.6191744365056704 0.7185506563096911
0.6232148405460745 0.7185506563096911
0.6272552445864785 0.7185506563096911
0.6312956486268826 0.7185506563096911
0.6353360526672865 0.7185506563096911
0.6393764567076906 0.7185506563096911
0.6434168607480946 0.7185506563096911
0.6474572647884986 0.7185506563096911
0.6514976688289027 0.7185506563096911
0.6555380728693068 0.7185506563096911
0.6595784769097108 0.7185506563096911
0.6636188809501149 0.7185506563096911
0.6676592849905189 0.7185506563096911
0.6716996890309229 0.7185506563096911
0.6757400930713269 0.7185506563096911
0.6797804971117309 0.7185506563096911
0.683820901152135 0.7185506563096911
0.6878613051925391 0.7185506563096911
0.6919017092329431 0.7185506563096911
0.6999825173137513 0.7185506563096911
0.2999825173137512 0.7225910603500951
0.3040229213541552 0.7225910603500951
0.3080633253945593 0.7225910603500951
0.31210372943496334 0.7225910603500951
0.31614413347536735 0.7225910603500951
0.32018453751577136 0.7225910603500951
0.32422494155617543 0.7225910603500951
0.3282653455965795 0.7225910603500951
0.3323057496369835 0.7225910603500951
0.33634615367738757 0.7225910603500951
0.3403865577177916 0.7225910603500951
0.34442696175819565 0.7225910603500951
0.3484673657985997 0.7225910603500951
0.3525077698390037 0.7225910603500951
0.35654817387940774 0.7225910603500951
0.3605885779198118 0.7225910603500951
0.36462898196021587 0.7225910603500951
0.3686693860006199 0.7225910603500951
0.3727097900410239 0.7225910603500951
0.37675019408142796 0.7225910603500951
0.380790598121832 0.7225910603500951
0.38483100216223604 0.7225910603500951
0.3888714062026401 0.7225910603500951
0.3929118102430441 0.7225910603500951
0.3969522142834482 0.7225910603500951
0.4009926183238522 0.7225910603500951
0.40503302236425626 0.7225910603500951
0.40907342640466027 0.7225910603500951
0.41311383044506433 0.7225910603500951
0.4171542344854684 0.7225910603500951
0.4211946385258724 0.7225910603500951
0.4252350425662764 0.7225910603500951
0.4292754466066805 0.7225910603500951
0.43331585064708456 0.7225910603500951
0.43735625468748857 0.7225910603500951
0.4413966587278926 0.7225910603500951
0.44543706276829664 0.7225910603500951
0.4494774668087007 0.7225910603500951
0.4535178708491047 0.7225910603500951
0.45755827488950873 0.7225910603500951
0.4615986789299128 0.7225910603500951
0.46563908297031686 0.7225910603500951
0.46967948701072093 0.7225910603500951
0.47371989105112494 0.7225910603500951
0.47776029509152895 0.7225910603500951
0.481800699131933 0.7225910603500951
0.4858411031723371 0.7225910603500951
0.4898815072127411 0.7225910603500951
0.4939219112531451 0.7225910603500951
0.4979623152935492 0.7225910603500951
0.5020027193339532 0.7225910603500951
0.5060431233743572 0.7225910603500951
0.5100835274147613 0.7225910603500951
0.5141239314551653 0.7225910603500951
0.5181643354955694 0.7225910603500951
0.5222047395359735 0.7225910603500951
0.5262451435763775 0.7225910603500951
0.5302855476167815 0.7225910603500951
0.5343259516571855 0.7225910603500951
0.5383663556975896 0.7225910603500951
0.5424067597379936 0.7225910603500951
0.5464471637783976 0.7225910603500951
0.5504875678188017 0.7225910603500951
0.5545279718592058 0.7225910603500951
0.5585683758996098 0.7225910603500951
0.5626087799400139 0.7225910603500951
0.5666491839804179 0.7225910603500951
0.5706895880208219 0.7225910603500951
0.5747299920612259 0.7225910603500951
0.57877039610163 0.7225910603500951
0.582810800142034 0.7225910603500951
0.5868512041824381 0.7225910603500951
0.5908916082228421 0.7225910603500951
0.5949320122632462 0.7225910603500951
0.5989724163036502 0.7225910603500951
0.6030128203440542 0.7225910603500951
0.6070532243844582 0.7225910603500951
0.6110936284248623 0.7225910603500951
0.6151340324652663 0.7225910603500951
0.6191744365056704 0.7225910603500951
0.6232148405460745 0.7225910603500951
0.6272552445864785 0.7225910603500951
0.6312956486268826 0.7225910603500951
0.6353360526672865 0.7225910603500951
0.6393764567076906 0.7225910603500951
0.6434168607480946 0.7225910603500951
0.6474572647884986 0.7225910603500951
0.6514976688289027 0.7225910603500951
0.6555380728693068 0.7225910603500951
0.6595784769097108 0.7225910603500951
0.6636188809501149 0.7225910603500951
0.6676592849905189 0.7225910603500951
0.6716996890309229 0.7225910603500951
0.6757400930713269 0.7225910603500951
0.6797804971117309 0.7225910603500951
0.683820901152135 0.7225910603500951
0.6878613051925391 0.7225910603500951
0.6959421132733472 0.7225910603500951
0.6999825173137513 0.7225910603500951
0.2999825173137512 0.7266314643904992
0.3040229213541552 0.7266314643904992
0.3080633253945593 0.7266314643904992
0.31210372943496334 0.7266314643904992
0.31614413347536735 0.7266314643904992
0.32018453751577136 0.7266314643904992
0.32422494155617543 0.7266314643904992
0.3282653455965795 0.7266314643904992
0.3323057496369835 0.7266314643904992
0.33634615367738757 0.7266314643904992
0.3403865577177916 0.7266314643904992
0.34442696175819565 0.7266314643904992
0.3484673657985997 0.7266314643904992
0.3525077698390037 0.7266314643904992
0.35654817387940774 0.7266314643904992
0.3605885779198118 0.7266314643904992
0.36462898196021587 0.7266314643904992
0.3686693860006199 0.7266314643904992
0.3727097900410239 0.7266314643904992
0.37675019408142796 0.7266314643904992
0.380790598121832 0.7266314643904992
0.38483100216223604 0.7266314643904992
0.3888714062026401 0.7266314643904992
0.3929118102430441 0.7266314643904992
0.3969522142834482 0.7266314643904992
0.4009926183238522 0.7266314643904992
0.40503302236425626 0.7266314643904992
0.40907342640466027 0.7266314643904992
0.41311383044506433 0.7266314643904992
0.4171542344854684 0.7266314643904992
0.4211946385258724 0.7266314643904992
0.4252350425662764 0.7266314643904992
0.4292754466066805 0.7266314643904992
0.43331585064708456 0.7266314643904992
0.43735625468748857 0.7266314643904992
0.4413966587278926 0.7266314643904992
0.44543706276829664 0.7266314643904992
0.4494774668087007 0.7266314643904992
0.4535178708491047 0.7266314643904992
0.45755827488950873 0.7266314643904992
0.4615986789299128 0.7266314643904992
0.46563908297031686 0.7266314643904992
0.46967948701072093 0.7266314643904992
0.47371989105112494 0.7266314643904992
0.47776029509152895 0.7266314643904992
0.481800699131933 0.7266314643904992
0.4858411031723371 0.7266314643904992
0.4898815072127411 0.7266314643904992
0.4939219112531451 0.7266314643904992
0.4979623152935492 0.7266314643904992
0.5020027193339532 0.7266314643904992
0.5060431233743572 0.7266314643904992
0.5100835274147613 0.7266314643904992
0.5141239314551653 0.7266314643904992
0.5181643354955694 0.7266314643904992
0.5222047395359735 0.7266314643904992
0.5262451435763775 0.7266314643904992
0.5302855476167815 0.7266314643904992
0.5343259516571855 0.7266314643904992
0.5383663556975896 0.7266314643904992
0.5424067597379936 0.7266314643904992
0.5464471637783976 0.7266314643904992
0.5504875678188017 0.7266314643904992
0.5545279718592058 0.7266314643904992
0.5585683758996098 0.7266314643904992
0.5626087799400139 0.7266314643904992
0.5666491839804179 0.7266314643904992
0.5706895880208219 0.7266314643904992
0.5747299920612259 0.7266314643904992
0.57877039610163 0.7266314643904992
0.582810800142034 0.7266314643904992
0.5868512041824381 0.7266314643904992
0.5908916082228421 0.7266314643904992
0.5949320122632462 0.7266314643904992
0.5989724163036502 0.7266314643904992
0.6030128203440542 0.7266314643904992
0.6070532243844582 0.7266314643904992
0.6110936284248623 0.7266314643904992
0.6151340324652663 0.7266314643904992
0.6191744365056704 0.7266314643904992
0.6232148405460745 0.7266314643904992
0.6272552445864785 0.7266314643904992
0.6312956486268826 0.7266314643904992
0.6353360526672865 0.7266314643904992
0.6393764567076906 0.7266314643904992
0.6434168607480946 0.7266314643904992
0.6474572647884986 0.7266314643904992
0.6514976688289027 0.7266314643904992
0.6555380728693068 0.7266314643904992
0.6595784769097108 0.7266314643904992
0.6636188809501149 0.7266314643904992
0.6676592849905189 0.7266314643904992
0.6716996890309229 0.7266314643904992
0.6757400930713269 0.7266314643904992
0.6797804971117309 0.7266314643904992
0.683820901152135 0.7266314643904992
0.6919017092329431 0.7266314643904992
0.6959421132733472 0.7266314643904992
0.6999825173137513 0.7266314643904992
0.2999825173137512 0.7306718684309033
0.3040229213541552 0.7306718684309033
0.3080633253945593 0.7306718684309033
0.31210372943496334 0.7306718684309033
0.31614413347536735 0.7306718684309033
0.32018453751577136 0.7306718684309033
0.32422494155617543 0.7306718684309033
0.3282653455965795 0.7306718684309033
0.3323057496369835 0.7306718684309033
0.33634615367738757 0.7306718684309033
0.3403865577177916 0.7306718684309033
0.34442696175819565 0.7306718684309033
0.3484673657985997 0.7306718684309033
0.3525077698390037 0.7306718684309033
0.35654817387940774 0.7306718684309033
0.3605885779198118 0.7306718684309033
0.36462898196021587 0.7306718684309033
0.3686693860006199 0.7306718684309033
0.3727097900410239 0.7306718684309033
0.37675019408142796 0.7306718684309033
0.380790598121832 0.7306718684309033
0.38483100216223604 0.7306718684309033
0.3888714062026401 0.7306718684309033
0.3929118102430441 0.7306718684309033
0.3969522142834482 0.7306718684309033
0.4009926183238522 0.7306718684309033
0.40503302236425626 0.7306718684309033
0.40907342640466027 0.7306718684309033
0.41311383044506433 0.7306718684309033
0.4171542344854684 0.7306718684309033
0.4211946385258724 0.7306718684309033
0.4252350425662764 0.7306718684309033
0.4292754466066805 0.7306718684309033
0.43331585064708456 0.7306718684309033
0.43735625468748857 0.7306718684309033
0.4413966587278926 0.7306718684309033
0.44543706276829664 0.7306718684309033
0.4494774668087007 0.7306718684309033
0.4535178708491047 0.7306718684309033
0.45755827488950873 0.7306718684309033
0.4615986789299128 0.7306718684309033
0.46563908297031686 0.7306718684309033
0.46967948701072093 0.7306718684309033
0.47371989105112494 0.7306718684309033
0.47776029509152895 0.7306718684309033
0.481800699131933 0.7306718684309033
0.4858411031723371 0.7306718684309033
0.4898815072127411 0.7306718684309033
0.4939219112531451 0.7306718684309033
0.4979623152935492 0.7306718684309033
0.5020027193339532 0.7306718684309033
0.5060431233743572 0.7306718684309033
0.5100835274147613 0.7306718684309033
0.5141239314551653 0.7306718684309033
0.5181643354955694 0.7306718684309033
0.5222047395359735 0.7306718684309033
0.5262451435763775 0.7306718684309033
0.5302855476167815 0.7306718684309033
0.5343259516571855 0.7306718684309033
0.5383663556975896 0.7306718684309033
0.5424067597379936 0.7306718684309033
0.5464471637783976 0.7306718684309033
0.5504875678188017 0.7306718684309033
0.5545279718592058 0.7306718684309033
0.5585683758996098 0.7306718684309033
0.5626087799400139 0.7306718684309033
0.5666491839804179 0.7306718684309033
0.5706895880208219 0.7306718684309033
0.5747299920612259 0.7306718684309033
0.57877039610163 0.7306718684309033
0.582810800142034 0.7306718684309033
0.5868512041824381 0.7306718684309033
0.5908916082228421 0.7306718684309033
0.5949320122632462 0.7306718684309033
0.5989724163036502 0.7306718684309033
0.6030128203440542 0.7306718684309033
0.6070532243844582 0.7306718684309033
0.6110936284248623 0.7306718684309033
0.6151340324652663 0.7306718684309033
0.6191744365056704 0.7306718684309033
0.6232148405460745 0.7306718684309033
0.6272552445864785 0.7306718684309033
0.6312956486268826 0.7306718684309033
0.6353360526672865 0.7306718684309033
0.6393764567076906 0.7306718684309033
0.6434168607480946 0.7306718684309033
0.6474572647884986 0.7306718684309033
0.6514976688289027 0.7306718684309033
0.6555380728693068 0.7306718684309033
0.6595784769097108 0.7306718684309033
0.6636188809501149 0.7306718684309033
0.6676592849905189 0.7306718684309033
0.6716996890309229 0.7306718684309033
0.6757400930713269 0.7306718684309033
0.6797804971117309 0.7306718684309033
0.6878613051925391 0.7306718684309033
0.6919017092329431 0.7306718684309033
0.6959421132733472 0.7306718684309033
0.6999825173137513 0.7306718684309033
0.2999825173137512 0.7347122724713073
0.3040229213541552 0.7347122724713073
0.3080633253945593 0.7347122724713073
0.31210372943496334 0.7347122724713073
0.31614413347536735 0.7347122724713073
0.32018453751577136 0.7347122724713073
0.32422494155617543 0.7347122724713073
0.3282653455965795 0.7347122724713073
0.3323057496369835 0.7347122724713073
0.33634615367738757 0.7347122724713073
0.3403865577177916 0.7347122724713073
0.34442696175819565 0.7347122724713073
0.3484673657985997 0.7347122724713073
0.3525077698390037 0.7347122724713073
0.35654817387940774 0.7347122724713073
0.3605885779198118 0.7347122724713073
0.36462898196021587 0.7347122724713073
0.3686693860006199 0.7347122724713073
0.3727097900410239 0.7347122724713073
0.37675019408142796 0.7347122724713073
0.380790598121832 0.7347122724713073
0.38483100216223604 0.7347122724713073
0.3888714062026401 0.7347122724713073
0.3929118102430441 0.7347122724713073
0.3969522142834482 0.7347122724713073
0.4009926183238522 0.7347122724713073
0.40503302236425626 0.7347122724713073
0.40907342640466027 0.7347122724713073
0.41311383044506433 0.7347122724713073
0.4171542344854684 0.7347122724713073
0.4211946385258724 0.7347122724713073
0.4252350425662764 0.7347122724713073
0.4292754466066805 0.7347122724713073
0.43331585064708456 0.7347122724713073
0.43735625468748857 0.7347122724713073
0.4413966587278926 0.7347122724713073
0.44543706276829664 0.7347122724713073
0.4494774668087007 0.7347122724713073
0.4535178708491047 0.7347122724713073
0.45755827488950873 0.7347122724713073
0.4615986789299128 0.7347122724713073
0.46563908297031686 0.7347122724713073
0.46967948701072093 0.7347122724713073
0.47371989105112494 0.7347122724713073
0.47776029509152895 0.7347122724713073
0.481800699131933 0.7347122724713073
0.4858411031723371 0.7347122724713073
0.4898815072127411 0.7347122724713073
0.4939219112531451 0.7347122724713073
0.4979623152935492 0.7347122724713073
0.5020027193339532 0.7347122724713073
0.5060431233743572 0.7347122724713073
0.5100835274147613 0.7347122724713073
0.5141239314551653 0.7347122724713073
0.5181643354955694 0.7347122724713073
0.5222047395359735 0.7347122724713073
0.5262451435763775 0.7347122724713073
0.5302855476167815 0.7347122724713073
0.5343259516571855 0.7347122724713073
0.5383663556975896 0.7347122724713073
0.5424067597379936 0.7347122724713073
0.5464471637783976 0.7347122724713073
0.5504875678188017 0.7347122724713073
0.5545279718592058 0.7347122724713073
0.5585683758996098 0.7347122724713073
0.5626087799400139 0.7347122724713073
0.5666491839804179 0.7347122724713073
0.5706895880208219 0.7347122724713073
0.5747299920612259 0.7347122724713073
0.57877039610163 0.7347122724713073
0.582810800142034 0.7347122724713073
0.5868512041824381 0.7347122724713073
0.5908916082228421 0.7347122724713073
0.5949320122632462 0.7347122724713073
0.5989724163036502 0.7347122724713073
0.6030128203440542 0.7347122724713073
0.6070532243844582 0.7347122724713073
0.6110936284248623 0.7347122724713073
0.6151340324652663 0.7347122724713073
0.6191744365056704 0.7347122724713073
0.6232148405460745 0.7347122724713073
0.6272552445864785 0.7347122724713073
0.6312956486268826 0.7347122724713073
0.6353360526672865 0.7347122724713073
0.6393764567076906 0.7347122724713073
0.6434168607480946 0.7347122724713073
0.6474572647884986 0.7347122724713073
0.6514976688289027 0.7347122724713073
0.6555380728693068 0.7347122724713073
0.6595784769097108 0.7347122724713073
0.6636188809501149 0.7347122724713073
0.6676592849905189 0.7347122724713073
0.6716996890309229 0.7347122724713073
0.6757400930713269 0.7347122724713073
0.683820901152135 0.7347122724713073
0.6878613051925391 0.7347122724713073
0.6919017092329431 0.7347122724713073
0.6959421132733472 0.7347122724713073
0.6999825173137513 0.7347122724713073
0.2999825173137512 0.7387526765117113
0.3040229213541552 0.7387526765117113
0.3080633253945593 0.7387526765117113
0.31210372943496334 0.7387526765117113
0.31614413347536735 0.7387526765117113
0.32018453751577136 0.7387526765117113
0.32422494155617543 0.7387526765117113
0.3282653455965795 0.7387526765117113
0.3323057496369835 0.7387526765117113
0.33634615367738757 0.7387526765117113
0.3403865577177916 0.7387526765117113
0.34442696175819565 0.7387526765117113
0.3484673657985997 0.7387526765117113
0.3525077698390037 0.7387526765117113
0.35654817387940774 0.7387526765117113
0.3605885779198118 0.7387526765117113
0.36462898196021587 0.7387526765117113
0.3686693860006199 0.7387526765117113
0.3727097900410239 0.7387526765117113
0.37675019408142796 0.7387526765117113
0.380790598121832 0.7387526765117113
0.38483100216223604 0.7387526765117113
0.3888714062026401 0.7387526765117113
0.3929118102430441 0.7387526765117113
0.3969522142834482 0.7387526765117113
0.4009926183238522 0.7387526765117113
0.40503302236425626 0.7387526765117113
0.40907342640466027 0.7387526765117113
0.41311383044506433 0.7387526765117113
0.4171542344854684 0.7387526765117113
0.4211946385258724 0.7387526765117113
0.4252350425662764 0.7387526765117113
0.4292754466066805 0.7387526765117113
0.43331585064708456 0.7387526765117113
0.43735625468748857 0.7387526765117113
0.4413966587278926 0.7387526765117113
0.44543706276829664 0.7387526765117113
0.4494774668087007 0.7387526765117113
0.4535178708491047 0.7387526765117113
0.45755827488950873 0.7387526765117113
0.4615986789299128 0.7387526765117113
0.46563908297031686 0.7387526765117113
0.46967948701072093 0.7387526765117113
0.47371989105112494 0.7387526765117113
0.47776029509152895 0.7387526765117113
0.481800699131933 0.7387526765117113
0.4858411031723371 0.7387526765117113
0.4898815072127411 0.7387526765117113
0.4939219112531451 0.7387526765117113
0.4979623152935492 0.7387526765117113
0.5020027193339532 0.7387526765117113
0.5060431233743572 0.7387526765117113
0.5100835274147613 0.7387526765117113
0.5141239314551653 0.7387526765117113
0.5181643354955694 0.7387526765117113
0.5222047395359735 0.7387526765117113
0.5262451435763775 0.7387526765117113
0.5302855476167815 0.7387526765117113
0.5343259516571855 0.7387526765117113
0.5383663556975896 0.7387526765117113
0.5424067597379936 0.7387526765117113
0.5464471637783976 0.7387526765117113
0.5504875678188017 0.7387526765117113
0.5545279718592058 0.7387526765117113
0.5585683758996098 0.7387526765117113
0.5626087799400139 0.7387526765117113
0.5666491839804179 0.7387526765117113
0.5706895880208219 0.7387526765117113
0.5747299920612259 0.7387526765117113
0.57877039610163 0.7387526765117113
0.582810800142034 0.7387526765117113
0.5868512041824381 0.7387526765117113
0.5908916082228421 0.7387526765117113
0.5949320122632462 0.7387526765117113
0.5989724163036502 0.7387526765117113
0.6030128203440542 0.7387526765117113
0.6070532243844582 0.7387526765117113
0.6110936284248623 0.7387526765117113
0.6151340324652663 0.7387526765117113
0.6191744365056704 0.7387526765117113
0.6232148405460745 0.7387526765117113
0.6272552445864785 0.7387526765117113
0.6312956486268826 0.7387526765117113
0.6353360526672865 0.7387526765117113
0.6393764567076906 0.7387526765117113
0.6434168607480946 0.7387526765117113
0.6474572647884986 0.7387526765117113
0.6514976688289027 0.7387526765117113
0.6555380728693068 0.7387526765117113
0.6595784769097108 0.7387526765117113
0.6636188809501149 0.7387526765117113
0.6676592849905189 0.7387526765117113
0.6797804971117309 0.7387526765117113
0.683820901152135 0.7387526765117113
0.6878613051925391 0.7387526765117113
0.6919017092329431 0.7387526765117113
0.6959421132733472 0.7387526765117113
0.6999825173137513 0.7387526765117113
0.2999825173137512 0.7427930805521153
0.3040229213541552 0.7427930805521153
0.3080633253945593 0.7427930805521153
0.31210372943496334 0.7427930805521153
0.31614413347536735 0.7427930805521153
0.32018453751577136 0.7427930805521153
0.32422494155617543 0.7427930805521153
0.3282653455965795 0.7427930805521153
0.3323057496369835 0.7427930805521153
0.33634615367738757 0.7427930805521153
0.3403865577177916 0.7427930805521153
0.34442696175819565 0.7427930805521153
0.3484673657985997 0.7427930805521153
0.3525077698390037 0.7427930805521153
0.35654817387940774 0.7427930805521153
0.3605885779198118 0.7427930805521153
0.36462898196021587 0.7427930805521153
0.3686693860006199 0.7427930805521153
0.3727097900410239 0.7427930805521153
0.37675019408142796 0.7427930805521153
0.380790598121832 0.7427930805521153
0.38483100216223604 0.7427930805521153
0.3888714062026401 0.7427930805521153
0.3929118102430441 0.7427930805521153
0.3969522142834482 0.7427930805521153
0.4009926183238522 0.7427930805521153
0.40503302236425626 0.7427930805521153
0.40907342640466027 0.7427930805521153
0.41311383044506433 0.7427930805521153
0.4171542344854684 0.7427930805521153
0.4211946385258724 0.7427930805521153
0.4252350425662764 0.7427930805521153
0.4292754466066805 0.7427930805521153
0.43331585064708456 0.7427930805521153
0.43735625468748857 0.7427930805521153
0.4413966587278926 0.7427930805521153
0.44543706276829664 0.7427930805521153
0.4494774668087007 0.7427930805521153
0.4535178708491047 0.7427930805521153
0.45755827488950873 0.7427930805521153
0.4615986789299128 0.7427930805521153
0.46563908297031686 0.7427930805521153
0.46967948701072093 0.7427930805521153
0.47371989105112494 0.7427930805521153
0.47776029509152895 0.7427930805521153
0.481800699131933 0.7427930805521153
0.4858411031723371 0.7427930805521153
0.4898815072127411 0.7427930805521153
0.4939219112531451 0.7427930805521153
0.4979623152935492 0.7427930805521153
0.5020027193339532 0.7427930805521153
0.5060431233743572 0.7427930805521153
0.5100835274147613 0.7427930805521153
0.5141239314551653 0.7427930805521153
0.5181643354955694 0.7427930805521153
0.5222047395359735 0.7427930805521153
0.5262451435763775 0.7427930805521153
0.5302855476167815 0.7427930805521153
0.5343259516571855 0.7427930805521153
0.5383663556975896 0.7427930805521153
0.5424067597379936 0.7427930805521153
0.5464471637783976 0.7427930805521153
0.5504875678188017 0.7427930805521153
0.5545279718592058 0.7427930805521153
0.5585683758996098 0.7427930805521153
0.5626087799400139 0.7427930805521153
0.5666491839804179 0.7427930805521153
0.5706895880208219 0.7427930805521153
0.5747299920612259 0.7427930805521153
0.57877039610163 0.7427930805521153
0.582810800142034 0.7427930805521153
0.5868512041824381 0.7427930805521153
0.5908916082228421 0.7427930805521153
0.5949320122632462 0.7427930805521153
0.5989724163036502 0.7427930805521153
0.6030128203440542 0.7427930805521153
0.6070532243844582 0.7427930805521153
0.6110936284248623 0.7427930805521153
0.6151340324652663 0.7427930805521153
0.6191744365056704 0.7427930805521153
0.6232148405460745 0.7427930805521153
0.6272552445864785 0.7427930805521153
0.6312956486268826 0.7427930805521153
0.6353360526672865 0.7427930805521153
0.6393764567076906 0.7427930805521153
0.6434168607480946 0.7427930805521153
0.6474572647884986 0.7427930805521153
0.6514976688289027 0.7427930805521153
0.6555380728693068 0.7427930805521153
0.6595784769097108 0.7427930805521153
0.6636188809501149 0.7427930805521153
0.6757400930713269 0.7427930805521153
0.6797804971117309 0.7427930805521153
0.683820901152135 0.7427930805521153
0.6878613051925391 0.7427930805521153
0.6919017092329431 0.7427930805521153
0.6959421132733472 0.7427930805521153
0.6999825173137513 0.7427930805521153
0.2999825173137512 0.7468334845925194
0.3040229213541552 0.7468334845925194
0.3080633253945593 0.7468334845925194
0.31210372943496334 0.7468334845925194
0.31614413347536735 0.7468334845925194
0.32018453751577136 0.7468334845925194
0.32422494155617543 0.7468334845925194
0.3282653455965795 0.7468334845925194
0.3323057496369835 0.7468334845925194
0.33634615367738757 0.7468334845925194
0.3403865577177916 0.7468334845925194
0.34442696175819565 0.7468334845925194
0.3484673657985997 0.7468334845925194
0.3525077698390037 0.7468334845925194
0.35654817387940774 0.7468334845925194
0.3605885779198118 0.7468334845925194
0.36462898196021587 0.7468334845925194
0.3686693860006199 0.7468334845925194
0.3727097900410239 0.7468334845925194
0.37675019408142796 0.7468334845925194
0.380790598121832 0.7468334845925194
0.38483100216223604 0.7468334845925194
0.3888714062026401 0.7468334845925194
0.3929118102430441 0.7468334845925194
0.3969522142834482 0.7468334845925194
0.4009926183238522 0.7468334845925194
0.40503302236425626 0.7468334845925194
0.40907342640466027 0.7468334845925194
0.41311383044506433 0.7468334845925194
0.4171542344854684 0.7468334845925194
0.4211946385258724 0.7468334845925194
0.4252350425662764 0.7468334845925194
0.4292754466066805 0.7468334845925194
0.43331585064708456 0.7468334845925194
0.43735625468748857 0.7468334845925194
0.4413966587278926 0.7468334845925194
0.44543706276829664 0.7468334845925194
0.4494774668087007 0.7468334845925194
0.4535178708491047 0.7468334845925194
0.45755827488950873 0.7468334845925194
0.4615986789299128 0.7468334845925194
0.46563908297031686 0.7468334845925194
0.46967948701072093 0.7468334845925194
0.47371989105112494 0.7468334845925194
0.47776029509152895 0.7468334845925194
0.481800699131933 0.7468334845925194
0.4858411031723371 0.7468334845925194
0.4898815072127411 0.7468334845925194
0.4939219112531451 0.7468334845925194
0.4979623152935492 0.7468334845925194
0.5020027193339532 0.7468334845925194
0.5060431233743572 0.7468334845925194
0.5100835274147613 0.7468334845925194
0.5141239314551653 0.7468334845925194
0.5181643354955694 0.7468334845925194
0.5222047395359735 0.7468334845925194
0.5262451435763775 0.7468334845925194
0.5302855476167815 0.7468334845925194
0.5343259516571855 0.7468334845925194
0.5383663556975896 0.7468334845925194
0.5424067597379936 0.7468334845925194
0.5464471637783976 0.7468334845925194
0.5504875678188017 0.7468334845925194
0.5545279718592058 0.7468334845925194
0.5585683758996098 0.7468334845925194
0.5626087799400139 0.7468334845925194
0.5666491839804179 0.7468334845925194
0.5706895880208219 0.7468334845925194
0.5747299920612259 0.7468334845925194
0.57877039610163 0.7468334845925194
0.582810800142034 0.7468334845925194
0.5868512041824381 0.7468334845925194
0.5908916082228421 0.7468334845925194
0.5949320122632462 0.7468334845925194
0.5989724163036502 0.7468334845925194
0.6030128203440542 0.7468334845925194
0.6070532243844582 0.7468334845925194
0.6110936284248623 0.7468334845925194
0.6151340324652663 0.7468334845925194
0.6191744365056704 0.7468334845925194
0.6232148405460745 0.7468334845925194
0.6272552445864785 0.7468334845925194
0.6312956486268826 0.7468334845925194
0.6353360526672865 0.7468334845925194
0.6393764567076906 0.7468334845925194
0.6434168607480946 0.7468334845925194
0.6474572647884986 0.7468334845925194
0.6514976688289027 0.7468334845925194
0.6555380728693068 0.7468334845925194
0.6595784769097108 0.7468334845925194
0.6676592849905189 0.7468334845925194
0.6716996890309229 0.7468334845925194
0.6757400930713269 0.7468334845925194
0.6797804971117309 0.7468334845925194
0.683820901152135 0.7468334845925194
0.6878613051925391 0.7468334845925194
0.6919017092329431 0.7468334845925194
0.6959421132733472 0.7468334845925194
0.6999825173137513 0.7468334845925194
0.2999825173137512 0.7508738886329235
0.3040229213541552 0.7508738886329235
0.3080633253945593 0.7508738886329235
0.31210372943496334 0.7508738886329235
0.31614413347536735 0.7508738886329235
0.32018453751577136 0.7508738886329235
0.32422494155617543 0.7508738886329235
0.3282653455965795 0.7508738886329235
0.3323057496369835 0.7508738886329235
0.33634615367738757 0.7508738886329235
0.3403865577177916 0.7508738886329235
0.34442696175819565 0.7508738886329235
0.3484673657985997 0.7508738886329235
0.3525077698390037 0.7508738886329235
0.35654817387940774 0.7508738886329235
0.3605885779198118 0.7508738886329235
0.36462898196021587 0.7508738886329235
0.3686693860006199 0.7508738886329235
0.3727097900410239 0.7508738886329235
0.37675019408142796 0.7508738886329235
0.380790598121832 0.7508738886329235
0.38483100216223604 0.7508738886329235
0.3888714062026401 0.7508738886329235
0.3929118102430441 0.7508738886329235
0.3969522142834482 0.7508738886329235
0.4009926183238522 0.7508738886329235
0.40503302236425626 0.7508738886329235
0.40907342640466027 0.7508738886329235
0.41311383044506433 0.7508738886329235
0.4171542344854684 0.7508738886329235
0.4211946385258724 0.7508738886329235
0.4252350425662764 0.7508738886329235
0.4292754466066805 0.7508738886329235
0.43331585064708456 0.7508738886329235
0.43735625468748857 0.7508738886329235
0.4413966587278926 0.7508738886329235
0.44543706276829664 0.7508738886329235
0.4494774668087007 0.7508738886329235
0.4535178708491047 0.7508738886329235
0.45755827488950873 0.7508738886329235
0.4615986789299128 0.7508738886329235
0.46563908297031686 0.7508738886329235
0.46967948701072093 0.7508738886329235
0.47371989105112494 0.7508738886329235
0.47776029509152895 0.7508738886329235
0.481800699131933 0.7508738886329235
0.4858411031723371 0.7508738886329235
0.4898815072127411 0.7508738886329235
0.4939219112531451 0.7508738886329235
0.4979623152935492 0.7508738886329235
0.5020027193339532 0.7508738886329235
0.5060431233743572 0.7508738886329235
0.5100835274147613 0.7508738886329235
0.5141239314551653 0.7508738886329235
0.5181643354955694 0.7508738886329235
0.5222047395359735 0.7508738886329235
0.5262451435763775 0.7508738886329235
0.5302855476167815 0.7508738886329235
0.5343259516571855 0.7508738886329235
0.5383663556975896 0.7508738886329235
0.5424067597379936 0.7508738886329235
0.5464471637783976 0.7508738886329235
0.5504875678188017 0.7508738886329235
0.5545279718592058 0.7508738886329235
0.5585683758996098 0.7508738886329235
0.5626087799400139 0.7508738886329235
0.5666491839804179 0.7508738886329235
0.5706895880208219 0.7508738886329235
0.5747299920612259 0.7508738886329235
0.57877039610163 0.7508738886329235
0.582810800142034 0.7508738886329235
0.5868512041824381 0.7508738886329235
0.5908916082228421 0.7508738886329235
0.5949320122632462 0.7508738886329235
0.5989724163036502 0.7508738886329235
0.6030128203440542 0.7508738886329235
0.6070532243844582 0.7508738886329235
0.6110936284248623 0.7508738886329235
0.6151340324652663 0.7508738886329235
0.6191744365056704 0.7508738886329235
0.6232148405460745 0.7508738886329235
0.6272552445864785 0.7508738886329235
0.6312956486268826 0.7508738886329235
0.6353360526672865 0.7508738886329235
0.6393764567076906 0.7508738886329235
0.6434168607480946 0.7508738886329235
0.6474572647884986 0.7508738886329235
0.6514976688289027 0.7508738886329235
0.6555380728693068 0.7508738886329235
0.6636188809501149 0.7508738886329235
0.6676592849905189 0.7508738886329235
0.6716996890309229 0.7508738886329235
0.6757400930713269 0.7508738886329235
0.6797804971117309 0.7508738886329235
0.683820901152135 0.7508738886329235
0.6878613051925391 0.7508738886329235
0.6919017092329431 0.7508738886329235
0.6959421132733472 0.7508738886329235
0.6999825173137513 0.7508738886329235
0.2999825173137512 0.7549142926733274
0.3040229213541552 0.7549142926733274
0.3080633253945593 0.7549142926733274
0.31210372943496334 0.7549142926733274
0.31614413347536735 0.7549142926733274
0.32018453751577136 0.7549142926733274
0.32422494155617543 0.7549142926733274
0.3282653455965795 0.7549142926733274
0.3323057496369835 0.7549142926733274
0.33634615367738757 0.7549142926733274
0.3403865577177916 0.7549142926733274
0.34442696175819565 0.7549142926733274
0.3484673657985997 0.7549142926733274
0.3525077698390037 0.7549142926733274
0.35654817387940774 0.7549142926733274
0.3605885779198118 0.7549142926733274
0.36462898196021587 0.7549142926733274
0.3686693860006199 0.7549142926733274
0.3727097900410239 0.7549142926733274
0.37675019408142796 0.7549142926733274
0.380790598121832 0.7549142926733274
0.38483100216223604 0.7549142926733274
0.3888714062026401 0.7549142926733274
0.3929118102430441 0.7549142926733274
0.3969522142834482 0.7549142926733274
0.4009926183238522 0.7549142926733274
0.40503302236425626 0.7549142926733274
0.40907342640466027 0.7549142926733274
0.41311383044506433 0.7549142926733274
0.4171542344854684 0.7549142926733274
0.4211946385258724 0.7549142926733274
0.4252350425662764 0.7549142926733274
0.4292754466066805 0.7549142926733274
0.43331585064708456 0.7549142926733274
0.43735625468748857 0.7549142926733274
0.4413966587278926 0.7549142926733274
0.44543706276829664 0.7549142926733274
0.4494774668087007 0.7549142926733274
0.4535178708491047 0.7549142926733274
0.45755827488950873 0.7549142926733274
0.4615986789299128 0.7549142926733274
0.46563908297031686 0.7549142926733274
0.46967948701072093 0.7549142926733274
0.47371989105112494 0.7549142926733274
0.47776029509152895 0.7549142926733274
0.481800699131933 0.7549142926733274
0.4858411031723371 0.7549142926733274
0.4898815072127411 0.7549142926733274
0.4939219112531451 0.7549142926733274
0.4979623152935492 0.7549142926733274
0.5020027193339532 0.7549142926733274
0.5060431233743572 0.7549142926733274
0.5100835274147613 0.7549142926733274
0.5141239314551653 0.7549142926733274
0.5181643354955694 0.7549142926733274
0.5222047395359735 0.7549142926733274
0.5262451435763775 0.7549142926733274
0.5302855476167815 0.7549142926733274
0.5343259516571855 0.7549142926733274
0.5383663556975896 0.7549142926733274
0.5424067597379936 0.7549142926733274
0.5464471637783976 0.7549142926733274
0.5504875678188017 0.7549142926733274
0.5545279718592058 0.7549142926733274
0.5585683758996098 0.7549142926733274
0.5626087799400139 0.7549142926733274
0.5666491839804179 0.7549142926733274
0.5706895880208219 0.7549142926733274
0.5747299920612259 0.7549142926733274
0.57877039610163 0.7549142926733274
0.582810800142034 0.7549142926733274
0.5868512041824381 0.7549142926733274
0.5908916082228421 0.7549142926733274
0.5949320122632462 0.7549142926733274
0.5989724163036502 0.7549142926733274
0.6030128203440542 0.7549142926733274
0.6070532243844582 0.7549142926733274
0.6110936284248623 0.7549142926733274
0.6151340324652663 0.7549142926733274
0.6191744365056704 0.7549142926733274
0.6232148405460745 0.7549142926733274
0.6272552445864785 0.7549142926733274
0.6312956486268826 0.7549142926733274
0.6353360526672865 0.7549142926733274
0.6393764567076906 0.7549142926733274
0.6434168607480946 0.7549142926733274
0.6474572647884986 0.7549142926733274
0.6514976688289027 0.7549142926733274
0.6595784769097108 0.7549142926733274
0.6636188809501149 0.7549142926733274
0.6716996890309229 0.7549142926733274
0.6757400930713269 0.7549142926733274
0.6797804971117309 0.7549142926733274
0.683820901152135 0.7549142926733274
0.6878613051925391 0.7549142926733274
0.6919017092329431 0.7549142926733274
0.6959421132733472 0.7549142926733274
0.6999825173137513 0.7549142926733274
0.2999825173137512 0.7589546967137315
0.3040229213541552 0.7589546967137315
0.3080633253945593 0.7589546967137315
0.31210372943496334 0.7589546967137315
0.31614413347536735 0.7589546967137315
0.32018453751577136 0.7589546967137315
0.32422494155617543 0.7589546967137315
0.3282653455965795 0.7589546967137315
0.3323057496369835 0.7589546967137315
0.33634615367738757 0.7589546967137315
0.3403865577177916 0.7589546967137315
0.34442696175819565 0.7589546967137315
0.3484673657985997 0.7589546967137315
0.3525077698390037 0.7589546967137315
0.35654817387940774 0.7589546967137315
0.3605885779198118 0.7589546967137315
0.36462898196021587 0.7589546967137315
0.3686693860006199 0.7589546967137315
0.3727097900410239 0.7589546967137315
0.37675019408142796 0.7589546967137315
0.380790598121832 0.7589546967137315
0.38483100216223604 0.7589546967137315
0.3888714062026401 0.7589546967137315
0.3929118102430441 0.7589546967137315
0.3969522142834482 0.7589546967137315
0.4009926183238522 0.7589546967137315
0.40503302236425626 0.7589546967137315
0.40907342640466027 0.7589546967137315
0.41311383044506433 0.7589546967137315
0.4171542344854684 0.7589546967137315
0.4211946385258724 0.7589546967137315
0.4252350425662764 0.7589546967137315
0.4292754466066805 0.7589546967137315
0.43331585064708456 0.7589546967137315
0.43735625468748857 0.7589546967137315
0.4413966587278926 0.7589546967137315
0.44543706276829664 0.7589546967137315
0.4494774668087007 0.7589546967137315
0.4535178708491047 0.7589546967137315
0.45755827488950873 0.7589546967137315
0.4615986789299128 0.7589546967137315
0.46563908297031686 0.7589546967137315
0.46967948701072093 0.7589546967137315
0.47371989105112494 0.7589546967137315
0.47776029509152895 0.7589546967137315
0.481800699131933 0.7589546967137315
0.4858411031723371 0.7589546967137315
0.4898815072127411 0.7589546967137315
0.4939219112531451 0.7589546967137315
0.4979623152935492 0.7589546967137315
0.5020027193339532 0.7589546967137315
0.5060431233743572 0.7589546967137315
0.5100835274147613 0.7589546967137315
0.5141239314551653 0.7589546967137315
0.5181643354955694 0.7589546967137315
0.5222047395359735 0.7589546967137315
0.5262451435763775 0.7589546967137315
0.5302855476167815 0.7589546967137315
0.5343259516571855 0.7589546967137315
0.5383663556975896 0.7589546967137315
0.5424067597379936 0.7589546967137315
0.5464471637783976 0.7589546967137315
0.5504875678188017 0.7589546967137315
0.5545279718592058 0.7589546967137315
0.5585683758996098 0.7589546967137315
0.5626087799400139 0.7589546967137315
0.5666491839804179 0.7589546967137315
0.5706895880208219 0.7589546967137315
0.5747299920612259 0.7589546967137315
0.57877039610163 0.7589546967137315
0.582810800142034 0.7589546967137315
0.5868512041824381 0.7589546967137315
0.5908916082228421 0.7589546967137315
0.5949320122632462 0.7589546967137315
0.5989724163036502 0.7589546967137315
0.6030128203440542 0.7589546967137315
0.6070532243844582 0.7589546967137315
0.6110936284248623 0.7589546967137315
0.6151340324652663 0.7589546967137315
0.6191744365056704 0.7589546967137315
0.6232148405460745 0.7589546967137315
0.6272552445864785 0.7589546967137315
0.6312956486268826 0.7589546967137315
0.6353360526672865 0.7589546967137315
0.6393764567076906 0.7589546967137315
0.6434168607480946 0.7589546967137315
0.6474572647884986 0.7589546967137315
0.6555380728693068 0.7589546967137315
0.6595784769097108 0.7589546967137315
0.6636188809501149 0.7589546967137315
0.6676592849905189 0.7589546967137315
0.6716996890309229 0.7589546967137315
0.6757400930713269 0.7589546967137315
0.6797804971117309 0.7589546967137315
0.683820901152135 0.7589546967137315
0.6878613051925391 0.7589546967137315
0.6919017092329431 0.7589546967137315
0.6959421132733472 0.7589546967137315
0.6999825173137513 0.7589546967137315
0.2999825173137512 0.7629951007541356
0.3040229213541552 0.7629951007541356
0.3080633253945593 0.7629951007541356
0.31210372943496334 0.7629951007541356
0.31614413347536735 0.7629951007541356
0.32018453751577136 0.7629951007541356
0.32422494155617543 0.7629951007541356
0.3282653455965795 0.7629951007541356
0.3323057496369835 0.7629951007541356
0.33634615367738757 0.7629951007541356
0.3403865577177916 0.7629951007541356
0.34442696175819565 0.7629951007541356
0.3484673657985997 0.7629951007541356
0.3525077698390037 0.7629951007541356
0.35654817387940774 0.7629951007541356
0.3605885779198118 0.7629951007541356
0.36462898196021587 0.7629951007541356
0.3686693860006199 0.7629951007541356
0.3727097900410239 0.7629951007541356
0.37675019408142796 0.7629951007541356
0.380790598121832 0.7629951007541356
0.38483100216223604 0.7629951007541356
0.3888714062026401 0.7629951007541356
0.3929118102430441 0.7629951007541356
0.3969522142834482 0.7629951007541356
0.4009926183238522 0.7629951007541356
0.40503302236425626 0.7629951007541356
0.40907342640466027 0.7629951007541356
0.41311383044506433 0.7629951007541356
0.4171542344854684 0.7629951007541356
0.4211946385258724 0.7629951007541356
0.4252350425662764 0.7629951007541356
0.4292754466066805 0.7629951007541356
0.43331585064708456 0.7629951007541356
0.43735625468748857 0.7629951007541356
0.4413966587278926 0.7629951007541356
0.44543706276829664 0.7629951007541356
0.4494774668087007 0.7629951007541356
0.4535178708491047 0.7629951007541356
0.45755827488950873 0.7629951007541356
0.4615986789299128 0.7629951007541356
0.46563908297031686 0.7629951007541356
0.46967948701072093 0.7629951007541356
0.47371989105112494 0.7629951007541356
0.47776029509152895 0.7629951007541356
0.481800699131933 0.7629951007541356
0.4858411031723371 0.7629951007541356
0.4898815072127411 0.7629951007541356
0.4939219112531451 0.7629951007541356
0.4979623152935492 0.7629951007541356
0.5020027193339532 0.7629951007541356
0.5060431233743572 0.7629951007541356
0.5100835274147613 0.7629951007541356
0.5141239314551653 0.7629951007541356
0.5181643354955694 0.7629951007541356
0.5222047395359735 0.7629951007541356
0.5262451435763775 0.7629951007541356
0.5302855476167815 0.7629951007541356
0.5343259516571855 0.7629951007541356
0.5383663556975896 0.7629951007541356
0.5424067597379936 0.7629951007541356
0.5464471637783976 0.7629951007541356
0.5504875678188017 0.7629951007541356
0.5545279718592058 0.7629951007541356
0.5585683758996098 0.7629951007541356
0.5626087799400139 0.7629951007541356
0.5666491839804179 0.7629951007541356
0.5706895880208219 0.7629951007541356
0.5747299920612259 0.7629951007541356
0.57877039610163 0.7629951007541356
0.582810800142034 0.7629951007541356
0.5868512041824381 0.7629951007541356
0.5908916082228421 0.7629951007541356
0.5949320122632462 0.7629951007541356
0.5989724163036502 0.7629951007541356
0.6030128203440542 0.7629951007541356
0.6070532243844582 0.7629951007541356
0.6110936284248623 0.7629951007541356
0.6151340324652663 0.7629951007541356
0.6191744365056704 0.7629951007541356
0.6232148405460745 0.7629951007541356
0.6272552445864785 0.7629951007541356
0.6312956486268826 0.7629951007541356
0.6353360526672865 0.7629951007541356
0.6393764567076906 0.7629951007541356
0.6434168607480946 0.7629951007541356
0.6514976688289027 0.7629951007541356
0.6555380728693068 0.7629951007541356
0.6595784769097108 0.7629951007541356
0.6636188809501149 0.7629951007541356
0.6676592849905189 0.7629951007541356
0.6716996890309229 0.7629951007541356
0.6757400930713269 0.7629951007541356
0.6797804971117309 0.7629951007541356
0.683820901152135 0.7629951007541356
0.6878613051925391 0.7629951007541356
0.6919017092329431 0.7629951007541356
0.6959421132733472 0.7629951007541356
0.6999825173137513 0.7629951007541356
0.2999825173137512 0.7670355047945396
0.3040229213541552 0.7670355047945396
0.3080633253945593 0.7670355047945396
0.31210372943496334 0.7670355047945396
0.31614413347536735 0.7670355047945396
0.32018453751577136 0.7670355047945396
0.32422494155617543 0.7670355047945396
0.3282653455965795 0.7670355047945396
0.3323057496369835 0.7670355047945396
0.33634615367738757 0.7670355047945396
0.3403865577177916 0.7670355047945396
0.34442696175819565 0.7670355047945396
0.3484673657985997 0.7670355047945396
0.3525077698390037 0.7670355047945396
0.35654817387940774 0.7670355047945396
0.3605885779198118 0.7670355047945396
0.36462898196021587 0.7670355047945396
0.3686693860006199 0.7670355047945396
0.3727097900410239 0.7670355047945396
0.37675019408142796 0.7670355047945396
0.380790598121832 0.7670355047945396
0.38483100216223604 0.7670355047945396
0.3888714062026401 0.7670355047945396
0.3929118102430441 0.7670355047945396
0.3969522142834482 0.7670355047945396
0.4009926183238522 0.7670355047945396
0.40503302236425626 0.7670355047945396
0.40907342640466027 0.7670355047945396
0.41311383044506433 0.7670355047945396
0.4171542344854684 0.7670355047945396
0.4211946385258724 0.7670355047945396
0.4252350425662764 0.7670355047945396
0.4292754466066805 0.7670355047945396
0.43331585064708456 0.7670355047945396
0.43735625468748857 0.7670355047945396
0.4413966587278926 0.7670355047945396
0.44543706276829664 0.7670355047945396
0.4494774668087007 0.7670355047945396
0.4535178708491047 0.7670355047945396
0.45755827488950873 0.7670355047945396
0.4615986789299128 0.7670355047945396
0.46563908297031686 0.7670355047945396
0.46967948701072093 0.7670355047945396
0.47371989105112494 0.7670355047945396
0.47776029509152895 0.7670355047945396
0.481800699131933 0.7670355047945396
0.4858411031723371 0.7670355047945396
0.4898815072127411 0.7670355047945396
0.4939219112531451 0.7670355047945396
0.4979623152935492 0.7670355047945396
0.5020027193339532 0.7670355047945396
0.5060431233743572 0.7670355047945396
0.5100835274147613 0.7670355047945396
0.5141239314551653 0.7670355047945396
0.5181643354955694 0.7670355047945396
0.5222047395359735 0.7670355047945396
0.5262451435763775 0.7670355047945396
0.5302855476167815 0.7670355047945396
0.5343259516571855 0.7670355047945396
0.5383663556975896 0.7670355047945396
0.5424067597379936 0.7670355047945396
0.5464471637783976 0.7670355047945396
0.5504875678188017 0.7670355047945396
0.5545279718592058 0.7670355047945396
0.5585683758996098 0.7670355047945396
0.5626087799400139 0.7670355047945396
0.5666491839804179 0.7670355047945396
0.5706895880208219 0.7670355047945396
0.5747299920612259 0.7670355047945396
0.57877039610163 0.7670355047945396
0.582810800142034 0.7670355047945396
0.5868512041824381 0.7670355047945396
0.5908916082228421 0.7670355047945396
0.5949320122632462 0.7670355047945396
0.5989724163036502 0.7670355047945396
0.6030128203440542 0.7670355047945396
0.6070532243844582 0.7670355047945396
0.6110936284248623 0.7670355047945396
0.6151340324652663 0.7670355047945396
0.6191744365056704 0.7670355047945396
0.6232148405460745 0.7670355047945396
0.6272552445864785 0.7670355047945396
0.6312956486268826 0.7670355047945396
0.6353360526672865 0.7670355047945396
0.6474572647884986 0.7670355047945396
0.6514976688289027 0.7670355047945396
0.6555380728693068 0.7670355047945396
0.6595784769097108 0.7670355047945396
0.6636188809501149 0.7670355047945396
0.6676592849905189 0.7670355047945396
0.6716996890309229 0.7670355047945396
0.6757400930713269 0.7670355047945396
0.6797804971117309 0.7670355047945396
0.683820901152135 0.7670355047945396
0.6878613051925391 0.7670355047945396
0.6919017092329431 0.7670355047945396
0.6959421132733472 0.7670355047945396
0.6999825173137513 0.7670355047945396
0.2999825173137512 0.7710759088349436
0.3040229213541552 0.7710759088349436
0.3080633253945593 0.7710759088349436
0.31210372943496334 0.7710759088349436
0.31614413347536735 0.7710759088349436
0.32018453751577136 0.7710759088349436
0.32422494155617543 0.7710759088349436
0.3282653455965795 0.7710759088349436
0.3323057496369835 0.7710759088349436
0.33634615367738757 0.7710759088349436
0.3403865577177916 0.7710759088349436
0.34442696175819565 0.7710759088349436
0.3484673657985997 0.7710759088349436
0.3525077698390037 0.7710759088349436
0.35654817387940774 0.7710759088349436
0.3605885779198118 0.7710759088349436
0.36462898196021587 0.7710759088349436
0.3686693860006199 0.7710759088349436
0.3727097900410239 0.7710759088349436
0.37675019408142796 0.7710759088349436
0.380790598121832 0.7710759088349436
0.38483100216223604 0.7710759088349436
0.3888714062026401 0.7710759088349436
0.3929118102430441 0.7710759088349436
0.3969522142834482 0.7710759088349436
0.4009926183238522 0.7710759088349436
0.40503302236425626 0.7710759088349436
0.40907342640466027 0.7710759088349436
0.41311383044506433 0.7710759088349436
0.4171542344854684 0.7710759088349436
0.4211946385258724 0.7710759088349436
0.4252350425662764 0.7710759088349436
0.4292754466066805 0.7710759088349436
0.43331585064708456 0.7710759088349436
0.43735625468748857 0.7710759088349436
0.4413966587278926 0.7710759088349436
0.44543706276829664 0.7710759088349436
0.4494774668087007 0.7710759088349436
0.4535178708491047 0.7710759088349436
0.45755827488950873 0.7710759088349436
0.4615986789299128 0.7710759088349436
0.46563908297031686 0.7710759088349436
0.46967948701072093 0.7710759088349436
0.47371989105112494 0.7710759088349436
0.47776029509152895 0.7710759088349436
0.481800699131933 0.7710759088349436
0.4858411031723371 0.7710759088349436
0.4898815072127411 0.7710759088349436
0.4939219112531451 0.7710759088349436
0.4979623152935492 0.7710759088349436
0.5020027193339532 0.7710759088349436
0.5060431233743572 0.7710759088349436
0.5100835274147613 0.7710759088349436
0.5141239314551653 0.7710759088349436
0.5181643354955694 0.7710759088349436
0.5222047395359735 0.7710759088349436
0.5262451435763775 0.7710759088349436
0.5302855476167815 0.7710759088349436
0.5343259516571855 0.7710759088349436
0.5383663556975896 0.7710759088349436
0.5424067597379936 0.7710759088349436
0.5464471637783976 0.7710759088349436
0.5504875678188017 0.7710759088349436
0.5545279718592058 0.7710759088349436
0.5585683758996098 0.7710759088349436
0.5626087799400139 0.7710759088349436
0.5666491839804179 0.7710759088349436
0.5706895880208219 0.7710759088349436
0.5747299920612259 0.7710759088349436
0.57877039610163 0.7710759088349436
0.582810800142034 0.7710759088349436
0.5868512041824381 0.7710759088349436
0.5908916082228421 0.7710759088349436
0.5949320122632462 0.7710759088349436
0.5989724163036502 0.7710759088349436
0.6030128203440542 0.7710759088349436
0.6070532243844582 0.7710759088349436
0.6110936284248623 0.7710759088349436
0.6151340324652663 0.7710759088349436
0.6191744365056704 0.7710759088349436
0.6232148405460745 0.7710759088349436
0.6272552445864785 0.7710759088349436
0.6312956486268826 0.7710759088349436
0.6434168607480946 0.7710759088349436
0.6474572647884986 0.7710759088349436
0.6514976688289027 0.7710759088349436
0.6555380728693068 0.7710759088349436
0.6595784769097108 0.7710759088349436
0.6636188809501149 0.7710759088349436
0.6676592849905189 0.7710759088349436
0.6716996890309229 0.7710759088349436
0.6757400930713269 0.7710759088349436
0.6797804971117309 0.7710759088349436
0.683820901152135 0.7710759088349436
0.6878613051925391 0.7710759088349436
0.6919017092329431 0.7710759088349436
0.6959421132733472 0.7710759088349436
0.6999825173137513 0.7710759088349436
0.2999825173137512 0.7751163128753477
0.3040229213541552 0.7751163128753477
0.3080633253945593 0.7751163128753477
0.31210372943496334 0.7751163128753477
0.31614413347536735 0.7751163128753477
0.32018453751577136 0.7751163128753477
0.32422494155617543 0.7751163128753477
0.3282653455965795 0.7751163128753477
0.3323057496369835 0.7751163128753477
0.33634615367738757 0.7751163128753477
0.3403865577177916 0.7751163128753477
0.34442696175819565 0.7751163128753477
0.3484673657985997 0.7751163128753477
0.3525077698390037 0.7751163128753477
0.35654817387940774 0.7751163128753477
0.3605885779198118 0.7751163128753477
0.36462898196021587 0.7751163128753477
0.3686693860006199 0.7751163128753477
0.3727097900410239 0.7751163128753477
0.37675019408142796 0.7751163128753477
0.380790598121832 0.7751163128753477
0.38483100216223604 0.7751163128753477
0.3888714062026401 0.7751163128753477
0.3929118102430441 0.7751163128753477
0.3969522142834482 0.7751163128753477
0.4009926183238522 0.7751163128753477
0.40503302236425626 0.7751163128753477
0.40907342640466027 0.7751163128753477
0.41311383044506433 0.7751163128753477
0.4171542344854684 0.7751163128753477
0.4211946385258724 0.7751163128753477
0.4252350425662764 0.7751163128753477
0.4292754466066805 0.7751163128753477
0.43331585064708456 0.7751163128753477
0.43735625468748857 0.7751163128753477
0.4413966587278926 0.7751163128753477
0.44543706276829664 0.7751163128753477
0.4494774668087007 0.7751163128753477
0.4535178708491047 0.7751163128753477
0.45755827488950873 0.7751163128753477
0.4615986789299128 0.7751163128753477
0.46563908297031686 0.7751163128753477
0.46967948701072093 0.7751163128753477
0.47371989105112494 0.7751163128753477
0.47776029509152895 0.7751163128753477
0.481800699131933 0.7751163128753477
0.4858411031723371 0.7751163128753477
0.4898815072127411 0.7751163128753477
0.4939219112531451 0.7751163128753477
0.4979623152935492 0.7751163128753477
0.5020027193339532 0.7751163128753477
0.5060431233743572 0.7751163128753477
0.5100835274147613 0.7751163128753477
0.5141239314551653 0.7751163128753477
0.5181643354955694 0.7751163128753477
0.5222047395359735 0.7751163128753477
0.5262451435763775 0.7751163128753477
0.5302855476167815 0.7751163128753477
0.5343259516571855 0.7751163128753477
0.5383663556975896 0.7751163128753477
0.5424067597379936 0.7751163128753477
0.5464471637783976 0.7751163128753477
0.5504875678188017 0.7751163128753477
0.5545279718592058 0.7751163128753477
0.5585683758996098 0.7751163128753477
0.5626087799400139 0.7751163128753477
0.5666491839804179 0.7751163128753477
0.5706895880208219 0.7751163128753477
0.5747299920612259 0.7751163128753477
0.57877039610163 0.7751163128753477
0.582810800142034 0.7751163128753477
0.5868512041824381 0.7751163128753477
0.5908916082228421 0.7751163128753477
0.5949320122632462 0.7751163128753477
0.5989724163036502 0.7751163128753477
0.6030128203440542 0.7751163128753477
0.6070532243844582 0.7751163128753477
0.6110936284248623 0.7751163128753477
0.6151340324652663 0.7751163128753477
0.6191744365056704 0.7751163128753477
0.6232148405460745 0.7751163128753477
0.6272552445864785 0.7751163128753477
0.6353360526672865 0.7751163128753477
0.6393764567076906 0.7751163128753477
0.6434168607480946 0.7751163128753477
0.6474572647884986 0.7751163128753477
0.6514976688289027 0.7751163128753477
0.6555380728693068 0.7751163128753477
0.6595784769097108 0.7751163128753477
0.6636188809501149 0.7751163128753477
0.6676592849905189 0.7751163128753477
0.6716996890309229 0.7751163128753477
0.6757400930713269 0.7751163128753477
0.6797804971117309 0.7751163128753477
0.683820901152135 0.7751163128753477
0.6878613051925391 0.7751163128753477
0.6919017092329431 0.7751163128753477
0.6959421132733472 0.7751163128753477
0.6999825173137513 0.7751163128753477
0.2999825173137512 0.7791567169157517
0.3040229213541552 0.7791567169157517
0.3080633253945593 0.7791567169157517
0.31210372943496334 0.7791567169157517
0.31614413347536735 0.7791567169157517
0.32018453751577136 0.7791567169157517
0.32422494155617543 0.7791567169157517
0.3282653455965795 0.7791567169157517
0.3323057496369835 0.7791567169157517
0.33634615367738757 0.7791567169157517
0.3403865577177916 0.7791567169157517
0.34442696175819565 0.7791567169157517
0.3484673657985997 0.7791567169157517
0.3525077698390037 0.7791567169157517
0.35654817387940774 0.7791567169157517
0.3605885779198118 0.7791567169157517
0.36462898196021587 0.7791567169157517
0.3686693860006199 0.7791567169157517
0.3727097900410239 0.7791567169157517
0.37675019408142796 0.7791567169157517
0.380790598121832 0.7791567169157517
0.38483100216223604 0.7791567169157517
0.3888714062026401 0.7791567169157517
0.3929118102430441 0.7791567169157517
0.3969522142834482 0.7791567169157517
0.4009926183238522 0.7791567169157517
0.40503302236425626 0.7791567169157517
0.40907342640466027 0.7791567169157517
0.41311383044506433 0.7791567169157517
0.4171542344854684 0.7791567169157517
0.4211946385258724 0.7791567169157517
0.4252350425662764 0.7791567169157517
0.4292754466066805 0.7791567169157517
0.43331585064708456 0.7791567169157517
0.43735625468748857 0.7791567169157517
0.4413966587278926 0.7791567169157517
0.44543706276829664 0.7791567169157517
0.4494774668087007 0.7791567169157517
0.4535178708491047 0.7791567169157517
0.45755827488950873 0.7791567169157517
0.4615986789299128 0.7791567169157517
0.46563908297031686 0.7791567169157517
0.46967948701072093 0.7791567169157517
0.47371989105112494 0.7791567169157517
0.47776029509152895 0.7791567169157517
0.481800699131933 0.7791567169157517
0.4858411031723371 0.7791567169157517
0.4898815072127411 0.7791567169157517
0.4939219112531451 0.7791567169157517
0.4979623152935492 0.7791567169157517
0.5020027193339532 0.7791567169157517
0.5060431233743572 0.7791567169157517
0.5100835274147613 0.7791567169157517
0.5141239314551653 0.7791567169157517
0.5181643354955694 0.7791567169157517
0.5222047395359735 0.7791567169157517
0.5262451435763775 0.7791567169157517
0.5302855476167815 0.7791567169157517
0.5343259516571855 0.7791567169157517
0.5383663556975896 0.7791567169157517
0.5424067597379936 0.7791567169157517
0.5464471637783976 0.7791567169157517
0.5504875678188017 0.7791567169157517
0.5545279718592058 0.7791567169157517
0.5585683758996098 0.7791567169157517
0.5626087799400139 0.7791567169157517
0.5666491839804179 0.7791567169157517
0.5706895880208219 0.7791567169157517
0.5747299920612259 0.7791567169157517
0.57877039610163 0.7791567169157517
0.582810800142034 0.7791567169157517
0.5868512041824381 0.7791567169157517
0.5908916082228421 0.7791567169157517
0.5949320122632462 0.7791567169157517
0.5989724163036502 0.7791567169157517
0.6030128203440542 0.7791567169157517
0.6070532243844582 0.7791567169157517
0.6110936284248623 0.7791567169157517
0.6151340324652663 0.7791567169157517
0.6191744365056704 0.7791567169157517
0.6232148405460745 0.7791567169157517
0.6312956486268826 0.7791567169157517
0.6353360526672865 0.7791567169157517
0.6434168607480946 0.7791567169157517
0.6474572647884986 0.7791567169157517
0.6514976688289027 0.7791567169157517
0.6555380728693068 0.7791567169157517
0.6636188809501149 0.7791567169157517
0.6676592849905189 0.7791567169157517
0.6716996890309229 0.7791567169157517
0.6757400930713269 0.7791567169157517
0.6797804971117309 0.7791567169157517
0.683820901152135 0.7791567169157517
0.6878613051925391 0.7791567169157517
0.6919017092329431 0.7791567169157517
0.6959421132733472 0.7791567169157517
0.6999825173137513 0.7791567169157517
0.2999825173137512 0.7831971209561558
0.3040229213541552 0.7831971209561558
0.3080633253945593 0.7831971209561558
0.31210372943496334 0.7831971209561558
0.31614413347536735 0.7831971209561558
0.32018453751577136 0.7831971209561558
0.32422494155617543 0.7831971209561558
0.3282653455965795 0.7831971209561558
0.3323057496369835 0.7831971209561558
0.33634615367738757 0.7831971209561558
0.3403865577177916 0.7831971209561558
0.34442696175819565 0.7831971209561558
0.3484673657985997 0.7831971209561558
0.3525077698390037 0.7831971209561558
0.35654817387940774 0.7831971209561558
0.3605885779198118 0.7831971209561558
0.36462898196021587 0.7831971209561558
0.3686693860006199 0.7831971209561558
0.3727097900410239 0.7831971209561558
0.37675019408142796 0.7831971209561558
0.380790598121832 0.7831971209561558
0.38483100216223604 0.7831971209561558
0.3888714062026401 0.7831971209561558
0.3929118102430441 0.7831971209561558
0.3969522142834482 0.7831971209561558
0.4009926183238522 0.7831971209561558
0.40503302236425626 0.7831971209561558
0.40907342640466027 0.7831971209561558
0.41311383044506433 0.7831971209561558
0.4171542344854684 0.7831971209561558
0.4211946385258724 0.7831971209561558
0.4252350425662764 0.7831971209561558
0.4292754466066805 0.7831971209561558
0.43331585064708456 0.7831971209561558
0.43735625468748857 0.7831971209561558
0.4413966587278926 0.7831971209561558
0.44543706276829664 0.7831971209561558
0.4494774668087007 0.7831971209561558
0.4535178708491047 0.7831971209561558
0.45755827488950873 0.7831971209561558
0.4615986789299128 0.7831971209561558
0.46563908297031686 0.7831971209561558
0.46967948701072093 0.7831971209561558
0.47371989105112494 0.7831971209561558
0.47776029509152895 0.7831971209561558
0.481800699131933 0.7831971209561558
0.4858411031723371 0.7831971209561558
0.4898815072127411 0.7831971209561558
0.4939219112531451 0.7831971209561558
0.4979623152935492 0.7831971209561558
0.5020027193339532 0.7831971209561558
0.5060431233743572 0.7831971209561558
0.5100835274147613 0.7831971209561558
0.5141239314551653 0.7831971209561558
0.5181643354955694 0.7831971209561558
0.5222047395359735 0.7831971209561558
0.5262451435763775 0.7831971209561558
0.5302855476167815 0.7831971209561558
0.5343259516571855 0.7831971209561558
0.5383663556975896 0.7831971209561558
0.5424067597379936 0.7831971209561558
0.5464471637783976 0.7831971209561558
0.5504875678188017 0.7831971209561558
0.5545279718592058 0.7831971209561558
0.5585683758996098 0.7831971209561558
0.5626087799400139 0.7831971209561558
0.5666491839804179 0.7831971209561558
0.5706895880208219 0.7831971209561558
0.5747299920612259 0.7831971209561558
0.57877039610163 0.7831971209561558
0.582810800142034 0.7831971209561558
0.5868512041824381 0.7831971209561558
0.5908916082228421 0.7831971209561558
0.5949320122632462 0.7831971209561558
0.5989724163036502 0.7831971209561558
0.6030128203440542 0.7831971209561558
0.6070532243844582 0.7831971209561558
0.6110936284248623 0.7831971209561558
0.6151340324652663 0.7831971209561558
0.6272552445864785 0.7831971209561558
0.6312956486268826 0.7831971209561558
0.6353360526672865 0.7831971209561558
0.6393764567076906 0.7831971209561558
0.6434168607480946 0.7831971209561558
0.6474572647884986 0.7831971209561558
0.6514976688289027 0.7831971209561558
0.6555380728693068 0.7831971209561558
0.6595784769097108 0.7831971209561558
0.6636188809501149 0.7831971209561558
0.6676592849905189 0.7831971209561558
0.6716996890309229 0.7831971209561558
0.6757400930713269 0.7831971209561558
0.6797804971117309 0.7831971209561558
0.683820901152135 0.7831971209561558
0.6878613051925391 0.7831971209561558
0.6919017092329431 0.7831971209561558
0.6959421132733472 0.7831971209561558
0.6999825173137513 0.7831971209561558
0.2999825173137512 0.7872375249965597
0.3040229213541552 0.7872375249965597
0.3080633253945593 0.7872375249965597
0.31210372943496334 0.7872375249965597
0.31614413347536735 0.7872375249965597
0.32018453751577136 0.7872375249965597
0.32422494155617543 0.7872375249965597
0.3282653455965795 0.7872375249965597
0.3323057496369835 0.7872375249965597
0.33634615367738757 0.7872375249965597
0.3403865577177916 0.7872375249965597
0.34442696175819565 0.7872375249965597
0.3484673657985997 0.7872375249965597
0.3525077698390037 0.7872375249965597
0.35654817387940774 0.7872375249965597
0.3605885779198118 0.7872375249965597
0.36462898196021587 0.7872375249965597
0.3686693860006199 0.7872375249965597
0.3727097900410239 0.7872375249965597
0.37675019408142796 0.7872375249965597
0.380790598121832 0.7872375249965597
0.38483100216223604 0.7872375249965597
0.3888714062026401 0.7872375249965597
0.3929118102430441 0.7872375249965597
0.3969522142834482 0.7872375249965597
0.4009926183238522 0.7872375249965597
0.40503302236425626 0.7872375249965597
0.40907342640466027 0.7872375249965597
0.41311383044506433 0.7872375249965597
0.4171542344854684 0.7872375249965597
0.4211946385258724 0.7872375249965597
0.4252350425662764 0.7872375249965597
0.4292754466066805 0.7872375249965597
0.43331585064708456 0.7872375249965597
0.43735625468748857 0.7872375249965597
0.4413966587278926 0.7872375249965597
0.44543706276829664 0.7872375249965597
0.4494774668087007 0.7872375249965597
0.4535178708491047 0.7872375249965597
0.45755827488950873 0.7872375249965597
0.4615986789299128 0.7872375249965597
0.46563908297031686 0.7872375249965597
0.46967948701072093 0.7872375249965597
0.47371989105112494 0.7872375249965597
0.47776029509152895 0.7872375249965597
0.481800699131933 0.7872375249965597
0.4858411031723371 0.7872375249965597
0.4898815072127411 0.7872375249965597
0.4939219112531451 0.7872375249965597
0.4979623152935492 0.7872375249965597
0.5020027193339532 0.7872375249965597
0.5060431233743572 0.7872375249965597
0.5100835274147613 0.7872375249965597
0.5141239314551653 0.7872375249965597
0.5181643354955694 0.7872375249965597
0.5222047395359735 0.7872375249965597
0.5262451435763775 0.7872375249965597
0.5302855476167815 0.7872375249965597
0.5343259516571855 0.7872375249965597
0.5383663556975896 0.7872375249965597
0.5424067597379936 0.7872375249965597
0.5464471637783976 0.7872375249965597
0.5504875678188017 0.7872375249965597
0.5545279718592058 0.7872375249965597
0.5585683758996098 0.7872375249965597
0.5626087799400139 0.7872375249965597
0.5666491839804179 0.7872375249965597
0.5706895880208219 0.7872375249965597
0.5747299920612259 0.7872375249965597
0.57877039610163 0.7872375249965597
0.582810800142034 0.7872375249965597
0.5868512041824381 0.7872375249965597
0.5908916082228421 0.7872375249965597
0.5949320122632462 0.7872375249965597
0.5989724163036502 0.7872375249965597
0.6030128203440542 0.7872375249965597
0.6070532243844582 0.7872375249965597
0.6110936284248623 0.7872375249965597
0.6232148405460745 0.7872375249965597
0.6272552445864785 0.7872375249965597
0.6312956486268826 0.7872375249965597
0.6353360526672865 0.7872375249965597
0.6393764567076906 0.7872375249965597
0.6434168607480946 0.7872375249965597
0.6474572647884986 0.7872375249965597
0.6514976688289027 0.7872375249965597
0.6555380728693068 0.7872375249965597
0.6595784769097108 0.7872375249965597
0.6636188809501149 0.7872375249965597
0.6676592849905189 0.7872375249965597
0.6716996890309229 0.7872375249965597
0.6757400930713269 0.7872375249965597
0.6797804971117309 0.7872375249965597
0.683820901152135 0.7872375249965597
0.6878613051925391 0.7872375249965597
0.6919017092329431 0.7872375249965597
0.6959421132733472 0.7872375249965597
0.6999825173137513 0.7872375249965597
0.2999825173137512 0.7912779290369638
0.3040229213541552 0.7912779290369638
0.3080633253945593 0.7912779290369638
0.31210372943496334 0.7912779290369638
0.31614413347536735 0.7912779290369638
0.32018453751577136 0.7912779290369638
0.32422494155617543 0.7912779290369638
0.3282653455965795 0.7912779290369638
0.3323057496369835 0.7912779290369638
0.33634615367738757 0.7912779290369638
0.3403865577177916 0.7912779290369638
0.34442696175819565 0.7912779290369638
0.3484673657985997 0.7912779290369638
0.3525077698390037 0.7912779290369638
0.35654817387940774 0.7912779290369638
0.3605885779198118 0.7912779290369638
0.36462898196021587 0.7912779290369638
0.3686693860006199 0.7912779290369638
0.3727097900410239 0.7912779290369638
0.37675019408142796 0.7912779290369638
0.380790598121832 0.7912779290369638
0.38483100216223604 0.7912779290369638
0.3888714062026401 0.7912779290369638
0.3929118102430441 0.7912779290369638
0.3969522142834482 0.7912779290369638
0.4009926183238522 0.7912779290369638
0.40503302236425626 0.7912779290369638
0.40907342640466027 0.7912779290369638
0.41311383044506433 0.7912779290369638
0.4171542344854684 0.7912779290369638
0.4211946385258724 0.7912779290369638
0.4252350425662764 0.7912779290369638
0.4292754466066805 0.7912779290369638
0.43331585064708456 0.7912779290369638
0.43735625468748857 0.7912779290369638
0.4413966587278926 0.7912779290369638
0.44543706276829664 0.7912779290369638
0.4494774668087007 0.7912779290369638
0.4535178708491047 0.7912779290369638
0.45755827488950873 0.7912779290369638
0.4615986789299128 0.7912779290369638
0.46563908297031686 0.7912779290369638
0.46967948701072093 0.7912779290369638
0.47371989105112494 0.7912779290369638
0.47776029509152895 0.7912779290369638
0.481800699131933 0.7912779290369638
0.4858411031723371 0.7912779290369638
0.4898815072127411 0.7912779290369638
0.4939219112531451 0.7912779290369638
0.4979623152935492 0.7912779290369638
0.5020027193339532 0.7912779290369638
0.5060431233743572 0.7912779290369638
0.5100835274147613 0.7912779290369638
0.5141239314551653 0.7912779290369638
0.5181643354955694 0.7912779290369638
0.5222047395359735 0.7912779290369638
0.5262451435763775 0.7912779290369638
0.5302855476167815 0.7912779290369638
0.5343259516571855 0.7912779290369638
0.5383663556975896 0.7912779290369638
0.5424067597379936 0.7912779290369638
0.5464471637783976 0.7912779290369638
0.5504875678188017 0.7912779290369638
0.5545279718592058 0.7912779290369638
0.5585683758996098 0.7912779290369638
0.5626087799400139 0.7912779290369638
0.5666491839804179 0.7912779290369638
0.5706895880208219 0.7912779290369638
0.5747299920612259 0.7912779290369638
0.57877039610163 0.7912779290369638
0.582810800142034 0.7912779290369638
0.5868512041824381 0.7912779290369638
0.5908916082228421 0.7912779290369638
0.5949320122632462 0.7912779290369638
0.5989724163036502 0.7912779290369638
0.6030128203440542 0.7912779290369638
0.6070532243844582 0.7912779290369638
0.6151340324652663 0.7912779290369638
0.6191744365056704 0.7912779290369638
0.6232148405460745 0.7912779290369638
0.6272552445864785 0.7912779290369638
0.6312956486268826 0.7912779290369638
0.6353360526672865 0.7912779290369638
0.6393764567076906 0.7912779290369638
0.6434168607480946 0.7912779290369638
0.6474572647884986 0.7912779290369638
0.6514976688289027 0.7912779290369638
0.6555380728693068 0.7912779290369638
0.6595784769097108 0.7912779290369638
0.6636188809501149 0.7912779290369638
0.6676592849905189 0.7912779290369638
0.6716996890309229 0.7912779290369638
0.6757400930713269 0.7912779290369638
0.6797804971117309 0.7912779290369638
0.683820901152135 0.7912779290369638
0.6878613051925391 0.7912779290369638
0.6919017092329431 0.7912779290369638
0.6959421132733472 0.7912779290369638
0.6999825173137513 0.7912779290369638
0.2999825173137512 0.7953183330773679
0.3040229213541552 0.7953183330773679
0.3080633253945593 0.7953183330773679
0.31210372943496334 0.7953183330773679
0.31614413347536735 0.7953183330773679
0.32018453751577136 0.7953183330773679
0.32422494155617543 0.7953183330773679
0.3282653455965795 0.7953183330773679
0.3323057496369835 0.7953183330773679
0.33634615367738757 0.7953183330773679
0.3403865577177916 0.7953183330773679
0.34442696175819565 0.7953183330773679
0.3484673657985997 0.7953183330773679
0.3525077698390037 0.7953183330773679
0.35654817387940774 0.7953183330773679
0.3605885779198118 0.7953183330773679
0.36462898196021587 0.7953183330773679
0.3686693860006199 0.7953183330773679
0.3727097900410239 0.7953183330773679
0.37675019408142796 0.7953183330773679
0.380790598121832 0.7953183330773679
0.38483100216223604 0.7953183330773679
0.3888714062026401 0.7953183330773679
0.3929118102430441 0.7953183330773679
0.3969522142834482 0.7953183330773679
0.4009926183238522 0.7953183330773679
0.40503302236425626 0.7953183330773679
0.40907342640466027 0.7953183330773679
0.41311383044506433 0.7953183330773679
0.4171542344854684 0.7953183330773679
0.4211946385258724 0.7953183330773679
0.4252350425662764 0.7953183330773679
0.4292754466066805 0.7953183330773679
0.43331585064708456 0.7953183330773679
0.43735625468748857 0.7953183330773679
0.4413966587278926 0.7953183330773679
0.44543706276829664 0.7953183330773679
0.4494774668087007 0.7953183330773679
0.4535178708491047 0.7953183330773679
0.45755827488950873 0.7953183330773679
0.4615986789299128 0.7953183330773679
0.46563908297031686 0.7953183330773679
0.46967948701072093 0.7953183330773679
0.47371989105112494 0.7953183330773679
0.47776029509152895 0.7953183330773679
0.481800699131933 0.7953183330773679
0.4858411031723371 0.7953183330773679
0.4898815072127411 0.7953183330773679
0.4939219112531451 0.7953183330773679
0.4979623152935492 0.7953183330773679
0.5020027193339532 0.7953183330773679
0.5060431233743572 0.7953183330773679
0.5100835274147613 0.7953183330773679
0.5141239314551653 0.7953183330773679
0.5181643354955694 0.7953183330773679
0.5222047395359735 0.7953183330773679
0.5262451435763775 0.7953183330773679
0.5302855476167815 0.7953183330773679
0.5343259516571855 0.7953183330773679
0.5383663556975896 0.7953183330773679
0.5424067597379936 0.7953183330773679
0.5464471637783976 0.7953183330773679
0.5504875678188017 0.7953183330773679
0.5545279718592058 0.7953183330773679
0.5585683758996098 0.7953183330773679
0.5626087799400139 0.7953183330773679
0.5666491839804179 0.7953183330773679
0.5706895880208219 0.7953183330773679
0.5747299920612259 0.7953183330773679
0.57877039610163 0.7953183330773679
0.582810800142034 0.7953183330773679
0.5868512041824381 0.7953183330773679
0.5908916082228421 0.7953183330773679
0.5949320122632462 0.7953183330773679
0.5989724163036502 0.7953183330773679
0.6030128203440542 0.7953183330773679
0.6110936284248623 0.7953183330773679
0.6151340324652663 0.7953183330773679
0.6191744365056704 0.7953183330773679
0.6232148405460745 0.7953183330773679
0.6272552445864785 0.7953183330773679
0.6312956486268826 0.7953183330773679
0.6353360526672865 0.7953183330773679
0.6393764567076906 0.7953183330773679
0.6434168607480946 0.7953183330773679
0.6474572647884986 0.7953183330773679
0.6514976688289027 0.7953183330773679
0.6555380728693068 0.7953183330773679
0.6595784769097108 0.7953183330773679
0.6636188809501149 0.7953183330773679
0.6676592849905189 0.7953183330773679
0.6716996890309229 0.7953183330773679
0.6757400930713269 0.7953183330773679
0.6797804971117309 0.7953183330773679
0.683820901152135 0.7953183330773679
0.6878613051925391 0.7953183330773679
0.6919017092329431 0.7953183330773679
0.6959421132733472 0.7953183330773679
0.6999825173137513 0.7953183330773679
0.2999825173137512 0.799358737117772
0.3040229213541552 0.799358737117772
0.3080633253945593 0.799358737117772
0.31210372943496334 0.799358737117772
0.31614413347536735 0.799358737117772
0.32018453751577136 0.799358737117772
0.32422494155617543 0.799358737117772
0.3282653455965795 0.799358737117772
0.3323057496369835 0.799358737117772
0.33634615367738757 0.799358737117772
0.3403865577177916 0.799358737117772
0.34442696175819565 0.799358737117772
0.3484673657985997 0.799358737117772
0.3525077698390037 0.799358737117772
0.35654817387940774 0.799358737117772
0.3605885779198118 0.799358737117772
0.36462898196021587 0.799358737117772
0.3686693860006199 0.799358737117772
0.3727097900410239 0.799358737117772
0.37675019408142796 0.799358737117772
0.380790598121832 0.799358737117772
0.38483100216223604 0.799358737117772
0.3888714062026401 0.799358737117772
0.3929118102430441 0.799358737117772
0.3969522142834482 0.799358737117772
0.4009926183238522 0.799358737117772
0.40503302236425626 0.799358737117772
0.40907342640466027 0.799358737117772
0.41311383044506433 0.799358737117772
0.4171542344854684 0.799358737117772
0.4211946385258724 0.799358737117772
0.4252350425662764 0.799358737117772
0.4292754466066805 0.799358737117772
0.43331585064708456 0.799358737117772
0.43735625468748857 0.799358737117772
0.4413966587278926 0.799358737117772
0.44543706276829664 0.799358737117772
0.4494774668087007 0.799358737117772
0.4535178708491047 0.799358737117772
0.45755827488950873 0.799358737117772
0.4615986789299128 0.799358737117772
0.46563908297031686 0.799358737117772
0.46967948701072093 0.799358737117772
0.47371989105112494 0.799358737117772
0.47776029509152895 0.799358737117772
0.481800699131933 0.799358737117772
0.4858411031723371 0.799358737117772
0.4898815072127411 0.799358737117772
0.4939219112531451 0.799358737117772
0.4979623152935492 0.799358737117772
0.5020027193339532 0.799358737117772
0.5060431233743572 0.799358737117772
0.5100835274147613 0.799358737117772
0.5141239314551653 0.799358737117772
0.5181643354955694 0.799358737117772
0.5222047395359735 0.799358737117772
0.5262451435763775 0.799358737117772
0.5302855476167815 0.799358737117772
0.5343259516571855 0.799358737117772
0.5383663556975896 0.799358737117772
0.5424067597379936 0.799358737117772
0.5464471637783976 0.799358737117772
0.5504875678188017 0.799358737117772
0.5545279718592058 0.799358737117772
0.5585683758996098 0.799358737117772
0.5626087799400139 0.799358737117772
0.5666491839804179 0.799358737117772
0.5706895880208219 0.799358737117772
0.5747299920612259 0.799358737117772
0.57877039610163 0.799358737117772
0.582810800142034 0.799358737117772
0.5868512041824381 0.799358737117772
0.5908916082228421 0.799358737117772
0.5949320122632462 0.799358737117772
0.6070532243844582 0.799358737117772
0.6110936284248623 0.799358737117772
0.6151340324652663 0.799358737117772
0.6191744365056704 0.799358737117772
0.6232148405460745 0.799358737117772
0.6272552445864785 0.799358737117772
0.6312956486268826 0.799358737117772
0.6353360526672865 0.799358737117772
0.6393764567076906 0.799358737117772
0.6434168607480946 0.799358737117772
0.6474572647884986 0.799358737117772
0.6514976688289027 0.799358737117772
0.6555380728693068 0.799358737117772
0.6595784769097108 0.799358737117772
0.6636188809501149 0.799358737117772
0.6676592849905189 0.799358737117772
0.6716996890309229 0.799358737117772
0.6757400930713269 0.799358737117772
0.6797804971117309 0.799358737117772
0.683820901152135 0.799358737117772
0.6878613051925391 0.799358737117772
0.6919017092329431 0.799358737117772
0.6959421132733472 0.799358737117772
0.6999825173137513 0.799358737117772
0.2999825173137512 0.803399141158176
0.3040229213541552 0.803399141158176
0.3080633253945593 0.803399141158176
0.31210372943496334 0.803399141158176
0.31614413347536735 0.803399141158176
0.32018453751577136 0.803399141158176
0.32422494155617543 0.803399141158176
0.3282653455965795 0.803399141158176
0.3323057496369835 0.803399141158176
0.33634615367738757 0.803399141158176
0.3403865577177916 0.803399141158176
0.34442696175819565 0.803399141158176
0.3484673657985997 0.803399141158176
0.3525077698390037 0.803399141158176
0.35654817387940774 0.803399141158176
0.3605885779198118 0.803399141158176
0.36462898196021587 0.803399141158176
0.3686693860006199 0.803399141158176
0.3727097900410239 0.803399141158176
0.37675019408142796 0.803399141158176
0.380790598121832 0.803399141158176
0.38483100216223604 0.803399141158176
0.3888714062026401 0.803399141158176
0.3929118102430441 0.803399141158176
0.3969522142834482 0.803399141158176
0.4009926183238522 0.803399141158176
0.40503302236425626 0.803399141158176
0.40907342640466027 0.803399141158176
0.41311383044506433 0.803399141158176
0.4171542344854684 0.803399141158176
0.4211946385258724 0.803399141158176
0.4252350425662764 0.803399141158176
0.4292754466066805 0.803399141158176
0.43331585064708456 0.803399141158176
0.43735625468748857 0.803399141158176
0.4413966587278926 0.803399141158176
0.44543706276829664 0.803399141158176
0.4494774668087007 0.803399141158176
0.4535178708491047 0.803399141158176
0.45755827488950873 0.803399141158176
0.4615986789299128 0.803399141158176
0.46563908297031686 0.803399141158176
0.46967948701072093 0.803399141158176
0.47371989105112494 0.803399141158176
0.47776029509152895 0.803399141158176
0.481800699131933 0.803399141158176
0.4858411031723371 0.803399141158176
0.4898815072127411 0.803399141158176
0.4939219112531451 0.803399141158176
0.4979623152935492 0.803399141158176
0.5020027193339532 0.803399141158176
0.5060431233743572 0.803399141158176
0.5100835274147613 0.803399141158176
0.5141239314551653 0.803399141158176
0.5181643354955694 0.803399141158176
0.5222047395359735 0.803399141158176
0.5262451435763775 0.803399141158176
0.5302855476167815 0.803399141158176
0.5343259516571855 0.803399141158176
0.5383663556975896 0.803399141158176
0.5424067597379936 0.803399141158176
0.5464471637783976 0.803399141158176
0.5504875678188017 0.803399141158176
0.5545279718592058 0.803399141158176
0.5585683758996098 0.803399141158176
0.5626087799400139 0.803399141158176
0.5666491839804179 0.803399141158176
0.5706895880208219 0.803399141158176
0.5747299920612259 0.803399141158176
0.57877039610163 0.803399141158176
0.582810800142034 0.803399141158176
0.5868512041824381 0.803399141158176
0.5908916082228421 0.803399141158176
0.5989724163036502 0.803399141158176
0.6030128203440542 0.803399141158176
0.6070532243844582 0.803399141158176
0.6110936284248623 0.803399141158176
0.6151340324652663 0.803399141158176
0.6191744365056704 0.803399141158176
0.6232148405460745 0.803399141158176
0.6272552445864785 0.803399141158176
0.6312956486268826 0.803399141158176
0.6353360526672865 0.803399141158176
0.6393764567076906 0.803399141158176
0.6434168607480946 0.803399141158176
0.6474572647884986 0.803399141158176
0.6514976688289027 0.803399141158176
0.6555380728693068 0.803399141158176
0.6595784769097108 0.803399141158176
0.6636188809501149 0.803399141158176
0.6676592849905189 0.803399141158176
0.6716996890309229 0.803399141158176
0.6757400930713269 0.803399141158176
0.6797804971117309 0.803399141158176
0.683820901152135 0.803399141158176
0.6878613051925391 0.803399141158176
0.6919017092329431 0.803399141158176
0.6959421132733472 0.803399141158176
0.6999825173137513 0.803399141158176
0.2999825173137512 0.80743954519858
0.3040229213541552 0.80743954519858
0.3080633253945593 0.80743954519858
0.31210372943496334 0.80743954519858
0.31614413347536735 0.80743954519858
0.32018453751577136 0.80743954519858
0.32422494155617543 0.80743954519858
0.3282653455965795 0.80743954519858
0.3323057496369835 0.80743954519858
0.33634615367738757 0.80743954519858
0.3403865577177916 0.80743954519858
0.34442696175819565 0.80743954519858
0.3484673657985997 0.80743954519858
0.3525077698390037 0.80743954519858
0.35654817387940774 0.80743954519858
0.3605885779198118 0.80743954519858
0.36462898196021587 0.80743954519858
0.3686693860006199 0.80743954519858
0.3727097900410239 0.80743954519858
0.37675019408142796 0.80743954519858
0.380790598121832 0.80743954519858
0.38483100216223604 0.80743954519858
0.3888714062026401 0.80743954519858
0.3929118102430441 0.80743954519858
0.3969522142834482 0.80743954519858
0.4009926183238522 0.80743954519858
0.40503302236425626 0.80743954519858
0.40907342640466027 0.80743954519858
0.41311383044506433 0.80743954519858
0.4171542344854684 0.80743954519858
0.4211946385258724 0.80743954519858
0.4252350425662764 0.80743954519858
0.4292754466066805 0.80743954519858
0.43331585064708456 0.80743954519858
0.43735625468748857 0.80743954519858
0.4413966587278926 0.80743954519858
0.44543706276829664 0.80743954519858
0.4494774668087007 0.80743954519858
0.4535178708491047 0.80743954519858
0.45755827488950873 0.80743954519858
0.4615986789299128 0.80743954519858
0.46563908297031686 0.80743954519858
0.46967948701072093 0.80743954519858
0.47371989105112494 0.80743954519858
0.47776029509152895 0.80743954519858
0.481800699131933 0.80743954519858
0.4858411031723371 0.80743954519858
0.4898815072127411 0.80743954519858
0.4939219112531451 0.80743954519858
0.4979623152935492 0.80743954519858
0.5020027193339532 0.80743954519858
0.5060431233743572 0.80743954519858
0.5100835274147613 0.80743954519858
0.5141239314551653 0.80743954519858
0.5181643354955694 0.80743954519858
0.5222047395359735 0.80743954519858
0.5262451435763775 0.80743954519858
0.5302855476167815 0.80743954519858
0.5343259516571855 0.80743954519858
0.5383663556975896 0.80743954519858
0.5424067597379936 0.80743954519858
0.5464471637783976 0.80743954519858
0.5504875678188017 0.80743954519858
0.5545279718592058 0.80743954519858
0.5585683758996098 0.80743954519858
0.5626087799400139 0.80743954519858
0.5666491839804179 0.80743954519858
0.5706895880208219 0.80743954519858
0.5747299920612259 0.80743954519858
0.57877039610163 0.80743954519858
0.582810800142034 0.80743954519858
0.5868512041824381 0.80743954519858
0.5949320122632462 0.80743954519858
0.5989724163036502 0.80743954519858
0.6030128203440542 0.80743954519858
0.6070532243844582 0.80743954519858
0.6110936284248623 0.80743954519858
0.6151340324652663 0.80743954519858
0.6191744365056704 0.80743954519858
0.6232148405460745 0.80743954519858
0.6272552445864785 0.80743954519858
0.6312956486268826 0.80743954519858
0.6353360526672865 0.80743954519858
0.6393764567076906 0.80743954519858
0.6434168607480946 0.80743954519858
0.6474572647884986 0.80743954519858
0.6514976688289027 0.80743954519858
0.6555380728693068 0.80743954519858
0.6595784769097108 0.80743954519858
0.6636188809501149 0.80743954519858
0.6676592849905189 0.80743954519858
0.6716996890309229 0.80743954519858
0.6757400930713269 0.80743954519858
0.6797804971117309 0.80743954519858
0.683820901152135 0.80743954519858
0.6878613051925391 0.80743954519858
0.6919017092329431 0.80743954519858
0.6959421132733472 0.80743954519858
0.6999825173137513 0.80743954519858
0.2999825173137512 0.811479949238984
0.3040229213541552 0.811479949238984
0.3080633253945593 0.811479949238984
0.31210372943496334 0.811479949238984
0.31614413347536735 0.811479949238984
0.32018453751577136 0.811479949238984
0.32422494155617543 0.811479949238984
0.3282653455965795 0.811479949238984
0.3323057496369835 0.811479949238984
0.33634615367738757 0.811479949238984
0.3403865577177916 0.811479949238984
0.34442696175819565 0.811479949238984
0.3484673657985997 0.811479949238984
0.3525077698390037 0.811479949238984
0.35654817387940774 0.811479949238984
0.3605885779198118 0.811479949238984
0.36462898196021587 0.811479949238984
0.3686693860006199 0.811479949238984
0.3727097900410239 0.811479949238984
0.37675019408142796 0.811479949238984
0.380790598121832 0.811479949238984
0.38483100216223604 0.811479949238984
0.3888714062026401 0.811479949238984
0.3929118102430441 0.811479949238984
0.3969522142834482 0.811479949238984
0.4009926183238522 0.811479949238984
0.40503302236425626 0.811479949238984
0.40907342640466027 0.811479949238984
0.41311383044506433 0.811479949238984
0.4171542344854684 0.811479949238984
0.4211946385258724 0.811479949238984
0.4252350425662764 0.811479949238984
0.4292754466066805 0.811479949238984
0.43331585064708456 0.811479949238984
0.43735625468748857 0.811479949238984
0.4413966587278926 0.811479949238984
0.44543706276829664 0.811479949238984
0.4494774668087007 0.811479949238984
0.4535178708491047 0.811479949238984
0.45755827488950873 0.811479949238984
0.4615986789299128 0.811479949238984
0.46563908297031686 0.811479949238984
0.46967948701072093 0.811479949238984
0.47371989105112494 0.811479949238984
0.47776029509152895 0.811479949238984
0.481800699131933 0.811479949238984
0.4858411031723371 0.811479949238984
0.4898815072127411 0.811479949238984
0.4939219112531451 0.811479949238984
0.4979623152935492 0.811479949238984
0.5020027193339532 0.811479949238984
0.5060431233743572 0.811479949238984
0.5100835274147613 0.811479949238984
0.5141239314551653 0.811479949238984
0.5181643354955694 0.811479949238984
0.5222047395359735 0.811479949238984
0.5262451435763775 0.811479949238984
0.5302855476167815 0.811479949238984
0.5343259516571855 0.811479949238984
0.5383663556975896 0.811479949238984
0.5424067597379936 0.811479949238984
0.5464471637783976 0.811479949238984
0.5504875678188017 0.811479949238984
0.5545279718592058 0.811479949238984
0.5585683758996098 0.811479949238984
0.5626087799400139 0.811479949238984
0.5666491839804179 0.811479949238984
0.5706895880208219 0.811479949238984
0.5747299920612259 0.811479949238984
0.57877039610163 0.811479949238984
0.5908916082228421 0.811479949238984
0.5949320122632462 0.811479949238984
0.5989724163036502 0.811479949238984
0.6030128203440542 0.811479949238984
0.6070532243844582 0.811479949238984
0.6110936284248623 0.811479949238984
0.6151340324652663 0.811479949238984
0.6191744365056704 0.811479949238984
0.6232148405460745 0.811479949238984
0.6272552445864785 0.811479949238984
0.6312956486268826 0.811479949238984
0.6353360526672865 0.811479949238984
0.6393764567076906 0.811479949238984
0.6434168607480946 0.811479949238984
0.6474572647884986 0.811479949238984
0.6514976688289027 0.811479949238984
0.6555380728693068 0.811479949238984
0.6595784769097108 0.811479949238984
0.6636188809501149 0.811479949238984
0.6676592849905189 0.811479949238984
0.6716996890309229 0.811479949238984
0.6757400930713269 0.811479949238984
0.6797804971117309 0.811479949238984
0.683820901152135 0.811479949238984
0.6878613051925391 0.811479949238984
0.6919017092329431 0.811479949238984
0.6959421132733472 0.811479949238984
0.6999825173137513 0.811479949238984
0.2999825173137512 0.8155203532793881
0.3040229213541552 0.8155203532793881
0.3080633253945593 0.8155203532793881
0.31210372943496334 0.8155203532793881
0.31614413347536735 0.8155203532793881
0.32018453751577136 0.8155203532793881
0.32422494155617543 0.8155203532793881
0.3282653455965795 0.8155203532793881
0.3323057496369835 0.8155203532793881
0.33634615367738757 0.8155203532793881
0.3403865577177916 0.8155203532793881
0.34442696175819565 0.8155203532793881
0.3484673657985997 0.8155203532793881
0.3525077698390037 0.8155203532793881
0.35654817387940774 0.8155203532793881
0.3605885779198118 0.8155203532793881
0.36462898196021587 0.8155203532793881
0.3686693860006199 0.8155203532793881
0.3727097900410239 0.8155203532793881
0.37675019408142796 0.8155203532793881
0.380790598121832 0.8155203532793881
0.38483100216223604 0.8155203532793881
0.3888714062026401 0.8155203532793881
0.3929118102430441 0.8155203532793881
0.3969522142834482 0.8155203532793881
0.4009926183238522 0.8155203532793881
0.40503302236425626 0.8155203532793881
0.40907342640466027 0.8155203532793881
0.41311383044506433 0.8155203532793881
0.4171542344854684 0.8155203532793881
0.4211946385258724 0.8155203532793881
0.4252350425662764 0.8155203532793881
0.4292754466066805 0.8155203532793881
0.43331585064708456 0.8155203532793881
0.43735625468748857 0.8155203532793881
0.4413966587278926 0.8155203532793881
0.44543706276829664 0.8155203532793881
0.4494774668087007 0.8155203532793881
0.4535178708491047 0.8155203532793881
0.45755827488950873 0.8155203532793881
0.4615986789299128 0.8155203532793881
0.46563908297031686 0.8155203532793881
0.46967948701072093 0.8155203532793881
0.47371989105112494 0.8155203532793881
0.47776029509152895 0.8155203532793881
0.481800699131933 0.8155203532793881
0.4858411031723371 0.8155203532793881
0.4898815072127411 0.8155203532793881
0.4939219112531451 0.8155203532793881
0.4979623152935492 0.8155203532793881
0.5020027193339532 0.8155203532793881
0.5060431233743572 0.8155203532793881
0.5100835274147613 0.8155203532793881
0.5141239314551653 0.8155203532793881
0.5181643354955694 0.8155203532793881
0.5222047395359735 0.8155203532793881
0.5262451435763775 0.8155203532793881
0.5302855476167815 0.8155203532793881
0.5343259516571855 0.8155203532793881
0.5383663556975896 0.8155203532793881
0.5424067597379936 0.8155203532793881
0.5464471637783976 0.8155203532793881
0.5504875678188017 0.8155203532793881
0.5545279718592058 0.8155203532793881
0.5585683758996098 0.8155203532793881
0.5626087799400139 0.8155203532793881
0.5666491839804179 0.8155203532793881
0.5706895880208219 0.8155203532793881
0.5747299920612259 0.8155203532793881
0.582810800142034 0.8155203532793881
0.5868512041824381 0.8155203532793881
0.5908916082228421 0.8155203532793881
0.5949320122632462 0.8155203532793881
0.6030128203440542 0.8155203532793881
0.6070532243844582 0.8155203532793881
0.6110936284248623 0.8155203532793881
0.6191744365056704 0.8155203532793881
0.6232148405460745 0.8155203532793881
0.6272552445864785 0.8155203532793881
0.6312956486268826 0.8155203532793881
0.6353360526672865 0.8155203532793881
0.6393764567076906 0.8155203532793881
0.6434168607480946 0.8155203532793881
0.6474572647884986 0.8155203532793881
0.6514976688289027 0.8155203532793881
0.6555380728693068 0.8155203532793881
0.6595784769097108 0.8155203532793881
0.6636188809501149 0.8155203532793881
0.6676592849905189 0.8155203532793881
0.6716996890309229 0.8155203532793881
0.6757400930713269 0.8155203532793881
0.6797804971117309 0.8155203532793881
0.683820901152135 0.8155203532793881
0.6878613051925391 0.8155203532793881
0.6919017092329431 0.8155203532793881
0.6959421132733472 0.8155203532793881
0.6999825173137513 0.8155203532793881
0.2999825173137512 0.819560757319792
0.3040229213541552 0.819560757319792
0.3080633253945593 0.819560757319792
0.31210372943496334 0.819560757319792
0.31614413347536735 0.819560757319792
0.32018453751577136 0.819560757319792
0.32422494155617543 0.819560757319792
0.3282653455965795 0.819560757319792
0.3323057496369835 0.819560757319792
0.33634615367738757 0.819560757319792
0.3403865577177916 0.819560757319792
0.34442696175819565 0.819560757319792
0.3484673657985997 0.819560757319792
0.3525077698390037 0.819560757319792
0.35654817387940774 0.819560757319792
0.3605885779198118 0.819560757319792
0.36462898196021587 0.819560757319792
0.3686693860006199 0.819560757319792
0.3727097900410239 0.819560757319792
0.37675019408142796 0.819560757319792
0.380790598121832 0.819560757319792
0.38483100216223604 0.819560757319792
0.3888714062026401 0.819560757319792
0.3929118102430441 0.819560757319792
0.3969522142834482 0.819560757319792
0.4009926183238522 0.819560757319792
0.40503302236425626 0.819560757319792
0.40907342640466027 0.819560757319792
0.41311383044506433 0.819560757319792
0.4171542344854684 0.819560757319792
0.4211946385258724 0.819560757319792
0.4252350425662764 0.819560757319792
0.4292754466066805 0.819560757319792
0.43331585064708456 0.819560757319792
0.43735625468748857 0.819560757319792
0.4413966587278926 0.819560757319792
0.44543706276829664 0.819560757319792
0.4494774668087007 0.819560757319792
0.4535178708491047 0.819560757319792
0.45755827488950873 0.819560757319792
0.4615986789299128 0.819560757319792
0.46563908297031686 0.819560757319792
0.46967948701072093 0.819560757319792
0.47371989105112494 0.819560757319792
0.47776029509152895 0.819560757319792
0.481800699131933 0.819560757319792
0.4858411031723371 0.819560757319792
0.4898815072127411 0.819560757319792
0.4939219112531451 0.819560757319792
0.4979623152935492 0.819560757319792
0.5020027193339532 0.819560757319792
0.5060431233743572 0.819560757319792
0.5100835274147613 0.819560757319792
0.5141239314551653 0.819560757319792
0.5181643354955694 0.819560757319792
0.5222047395359735 0.819560757319792
0.5262451435763775 0.819560757319792
0.5302855476167815 0.819560757319792
0.5343259516571855 0.819560757319792
0.5383663556975896 0.819560757319792
0.5424067597379936 0.819560757319792
0.5464471637783976 0.819560757319792
0.5504875678188017 0.819560757319792
0.5545279718592058 0.819560757319792
0.5585683758996098 0.819560757319792
0.5626087799400139 0.819560757319792
0.5666491839804179 0.819560757319792
0.57877039610163 0.819560757319792
0.582810800142034 0.819560757319792
0.5868512041824381 0.819560757319792
0.5908916082228421 0.819560757319792
0.5949320122632462 0.819560757319792
0.5989724163036502 0.819560757319792
0.6030128203440542 0.819560757319792
0.6070532243844582 0.819560757319792
0.6110936284248623 0.819560757319792
0.6151340324652663 0.819560757319792
0.6191744365056704 0.819560757319792
0.6232148405460745 0.819560757319792
0.6272552445864785 0.819560757319792
0.6312956486268826 0.819560757319792
0.6353360526672865 0.819560757319792
0.6393764567076906 0.819560757319792
0.6434168607480946 0.819560757319792
0.6474572647884986 0.819560757319792
0.6514976688289027 0.819560757319792
0.6555380728693068 0.819560757319792
0.6595784769097108 0.819560757319792
0.6636188809501149 0.819560757319792
0.6676592849905189 0.819560757319792
0.6716996890309229 0.819560757319792
0.6757400930713269 0.819560757319792
0.6797804971117309 0.819560757319792
0.683820901152135 0.819560757319792
0.6878613051925391 0.819560757319792
0.6919017092329431 0.819560757319792
0.6959421132733472 0.819560757319792
0.6999825173137513 0.819560757319792
0.2999825173137512 0.8236011613601961
0.3040229213541552 0.8236011613601961
0.3080633253945593 0.8236011613601961
0.31210372943496334 0.8236011613601961
0.31614413347536735 0.8236011613601961
0.32018453751577136 0.8236011613601961
0.32422494155617543 0.8236011613601961
0.3282653455965795 0.8236011613601961
0.3323057496369835 0.8236011613601961
0.33634615367738757 0.8236011613601961
0.3403865577177916 0.8236011613601961
0.34442696175819565 0.8236011613601961
0.3484673657985997 0.8236011613601961
0.3525077698390037 0.8236011613601961
0.35654817387940774 0.8236011613601961
0.3605885779198118 0.8236011613601961
0.36462898196021587 0.8236011613601961
0.3686693860006199 0.8236011613601961
0.3727097900410239 0.8236011613601961
0.37675019408142796 0.8236011613601961
0.380790598121832 0.8236011613601961
0.38483100216223604 0.8236011613601961
0.3888714062026401 0.8236011613601961
0.3929118102430441 0.8236011613601961
0.3969522142834482 0.8236011613601961
0.4009926183238522 0.8236011613601961
0.40503302236425626 0.8236011613601961
0.40907342640466027 0.8236011613601961
0.41311383044506433 0.8236011613601961
0.4171542344854684 0.8236011613601961
0.4211946385258724 0.8236011613601961
0.4252350425662764 0.8236011613601961
0.4292754466066805 0.8236011613601961
0.43331585064708456 0.8236011613601961
0.43735625468748857 0.8236011613601961
0.4413966587278926 0.8236011613601961
0.44543706276829664 0.8236011613601961
0.4494774668087007 0.8236011613601961
0.4535178708491047 0.8236011613601961
0.45755827488950873 0.8236011613601961
0.4615986789299128 0.8236011613601961
0.46563908297031686 0.8236011613601961
0.46967948701072093 0.8236011613601961
0.47371989105112494 0.8236011613601961
0.47776029509152895 0.8236011613601961
0.481800699131933 0.8236011613601961
0.4858411031723371 0.8236011613601961
0.4898815072127411 0.8236011613601961
0.4939219112531451 0.8236011613601961
0.4979623152935492 0.8236011613601961
0.5020027193339532 0.8236011613601961
0.5060431233743572 0.8236011613601961
0.5100835274147613 0.8236011613601961
0.5141239314551653 0.8236011613601961
0.5181643354955694 0.8236011613601961
0.5222047395359735 0.8236011613601961
0.5262451435763775 0.8236011613601961
0.5302855476167815 0.8236011613601961
0.5343259516571855 0.8236011613601961
0.5383663556975896 0.8236011613601961
0.5424067597379936 0.8236011613601961
0.5464471637783976 0.8236011613601961
0.5504875678188017 0.8236011613601961
0.5545279718592058 0.8236011613601961
0.5585683758996098 0.8236011613601961
0.5626087799400139 0.8236011613601961
0.5706895880208219 0.8236011613601961
0.5747299920612259 0.8236011613601961
0.57877039610163 0.8236011613601961
0.582810800142034 0.8236011613601961
0.5868512041824381 0.8236011613601961
0.5908916082228421 0.8236011613601961
0.5949320122632462 0.8236011613601961
0.5989724163036502 0.8236011613601961
0.6030128203440542 0.8236011613601961
0.6070532243844582 0.8236011613601961
0.6110936284248623 0.8236011613601961
0.6151340324652663 0.8236011613601961
0.6191744365056704 0.8236011613601961
0.6232148405460745 0.8236011613601961
0.6272552445864785 0.8236011613601961
0.6312956486268826 0.8236011613601961
0.6353360526672865 0.8236011613601961
0.6393764567076906 0.8236011613601961
0.6434168607480946 0.8236011613601961
0.6474572647884986 0.8236011613601961
0.6514976688289027 0.8236011613601961
0.6555380728693068 0.8236011613601961
0.6595784769097108 0.8236011613601961
0.6636188809501149 0.8236011613601961
0.6676592849905189 0.8236011613601961
0.6716996890309229 0.8236011613601961
0.6757400930713269 0.8236011613601961
0.6797804971117309 0.8236011613601961
0.683820901152135 0.8236011613601961
0.6878613051925391 0.8236011613601961
0.6919017092329431 0.8236011613601961
0.6959421132733472 0.8236011613601961
0.6999825173137513 0.8236011613601961
0.2999825173137512 0.8276415654006002
0.3040229213541552 0.8276415654006002
0.3080633253945593 0.8276415654006002
0.31210372943496334 0.8276415654006002
0.31614413347536735 0.8276415654006002
0.32018453751577136 0.8276415654006002
0.32422494155617543 0.8276415654006002
0.3282653455965795 0.8276415654006002
0.3323057496369835 0.8276415654006002
0.33634615367738757 0.8276415654006002
0.3403865577177916 0.8276415654006002
0.34442696175819565 0.8276415654006002
0.3484673657985997 0.8276415654006002
0.3525077698390037 0.8276415654006002
0.35654817387940774 0.8276415654006002
0.3605885779198118 0.8276415654006002
0.36462898196021587 0.8276415654006002
0.3686693860006199 0.8276415654006002
0.3727097900410239 0.8276415654006002
0.37675019408142796 0.8276415654006002
0.380790598121832 0.8276415654006002
0.38483100216223604 0.8276415654006002
0.3888714062026401 0.8276415654006002
0.3929118102430441 0.8276415654006002
0.3969522142834482 0.8276415654006002
0.4009926183238522 0.8276415654006002
0.40503302236425626 0.8276415654006002
0.40907342640466027 0.8276415654006002
0.41311383044506433 0.8276415654006002
0.4171542344854684 0.8276415654006002
0.4211946385258724 0.8276415654006002
0.4252350425662764 0.8276415654006002
0.4292754466066805 0.8276415654006002
0.43331585064708456 0.8276415654006002
0.43735625468748857 0.8276415654006002
0.4413966587278926 0.8276415654006002
0.44543706276829664 0.8276415654006002
0.4494774668087007 0.8276415654006002
0.4535178708491047 0.8276415654006002
0.45755827488950873 0.8276415654006002
0.4615986789299128 0.8276415654006002
0.46563908297031686 0.8276415654006002
0.46967948701072093 0.8276415654006002
0.47371989105112494 0.8276415654006002
0.47776029509152895 0.8276415654006002
0.481800699131933 0.8276415654006002
0.4858411031723371 0.8276415654006002
0.4898815072127411 0.8276415654006002
0.4939219112531451 0.8276415654006002
0.4979623152935492 0.8276415654006002
0.5020027193339532 0.8276415654006002
0.5060431233743572 0.8276415654006002
0.5100835274147613 0.8276415654006002
0.5141239314551653 0.8276415654006002
0.5181643354955694 0.8276415654006002
0.5222047395359735 0.8276415654006002
0.5262451435763775 0.8276415654006002
0.5302855476167815 0.8276415654006002
0.5343259516571855 0.8276415654006002
0.5383663556975896 0.8276415654006002
0.5424067597379936 0.8276415654006002
0.5464471637783976 0.8276415654006002
0.5504875678188017 0.8276415654006002
0.5545279718592058 0.8276415654006002
0.5666491839804179 0.8276415654006002
0.5706895880208219 0.8276415654006002
0.5747299920612259 0.8276415654006002
0.57877039610163 0.8276415654006002
0.582810800142034 0.8276415654006002
0.5868512041824381 0.8276415654006002
0.5908916082228421 0.8276415654006002
0.5949320122632462 0.8276415654006002
0.5989724163036502 0.8276415654006002
0.6030128203440542 0.8276415654006002
0.6070532243844582 0.8276415654006002
0.6110936284248623 0.8276415654006002
0.6151340324652663 0.8276415654006002
0.6191744365056704 0.8276415654006002
0.6232148405460745 0.8276415654006002
0.6272552445864785 0.8276415654006002
0.6312956486268826 0.8276415654006002
0.6353360526672865 0.8276415654006002
0.6393764567076906 0.8276415654006002
0.6434168607480946 0.8276415654006002
0.6474572647884986 0.8276415654006002
0.6514976688289027 0.8276415654006002
0.6555380728693068 0.8276415654006002
0.6595784769097108 0.8276415654006002
0.6636188809501149 0.8276415654006002
0.6676592849905189 0.8276415654006002
0.6716996890309229 0.8276415654006002
0.6757400930713269 0.8276415654006002
0.6797804971117309 0.8276415654006002
0.683820901152135 0.8276415654006002
0.6878613051925391 0.8276415654006002
0.6919017092329431 0.8276415654006002
0.6959421132733472 0.8276415654006002
0.6999825173137513 0.8276415654006002
0.2999825173137512 0.8316819694410043
0.3040229213541552 0.8316819694410043
0.3080633253945593 0.8316819694410043
0.31210372943496334 0.8316819694410043
0.31614413347536735 0.8316819694410043
0.32018453751577136 0.8316819694410043
0.32422494155617543 0.8316819694410043
0.3282653455965795 0.8316819694410043
0.3323057496369835 0.8316819694410043
0.33634615367738757 0.8316819694410043
0.3403865577177916 0.8316819694410043
0.34442696175819565 0.8316819694410043
0.3484673657985997 0.8316819694410043
0.3525077698390037 0.8316819694410043
0.35654817387940774 0.8316819694410043
0.3605885779198118 0.8316819694410043
0.36462898196021587 0.8316819694410043
0.3686693860006199 0.8316819694410043
0.3727097900410239 0.8316819694410043
0.37675019408142796 0.8316819694410043
0.380790598121832 0.8316819694410043
0.38483100216223604 0.8316819694410043
0.3888714062026401 0.8316819694410043
0.3929118102430441 0.8316819694410043
0.3969522142834482 0.8316819694410043
0.4009926183238522 0.8316819694410043
0.40503302236425626 0.8316819694410043
0.40907342640466027 0.8316819694410043
0.41311383044506433 0.8316819694410043
0.4171542344854684 0.8316819694410043
0.4211946385258724 0.8316819694410043
0.4252350425662764 0.8316819694410043
0.4292754466066805 0.8316819694410043
0.43331585064708456 0.8316819694410043
0.43735625468748857 0.8316819694410043
0.4413966587278926 0.8316819694410043
0.44543706276829664 0.8316819694410043
0.4494774668087007 0.8316819694410043
0.4535178708491047 0.8316819694410043
0.45755827488950873 0.8316819694410043
0.4615986789299128 0.8316819694410043
0.46563908297031686 0.8316819694410043
0.46967948701072093 0.8316819694410043
0.47371989105112494 0.8316819694410043
0.47776029509152895 0.8316819694410043
0.481800699131933 0.8316819694410043
0.4858411031723371 0.8316819694410043
0.4898815072127411 0.8316819694410043
0.4939219112531451 0.8316819694410043
0.4979623152935492 0.8316819694410043
0.5020027193339532 0.8316819694410043
0.5060431233743572 0.8316819694410043
0.5100835274147613 0.8316819694410043
0.5141239314551653 0.8316819694410043
0.5181643354955694 0.8316819694410043
0.5222047395359735 0.8316819694410043
0.5262451435763775 0.8316819694410043
0.5302855476167815 0.8316819694410043
0.5343259516571855 0.8316819694410043
0.5383663556975896 0.8316819694410043
0.5424067597379936 0.8316819694410043
0.5464471637783976 0.8316819694410043
0.5504875678188017 0.8316819694410043
0.5585683758996098 0.8316819694410043
0.5626087799400139 0.8316819694410043
0.5666491839804179 0.8316819694410043
0.5706895880208219 0.8316819694410043
0.5747299920612259 0.8316819694410043
0.57877039610163 0.8316819694410043
0.582810800142034 0.8316819694410043
0.5868512041824381 0.8316819694410043
0.5908916082228421 0.8316819694410043
0.5989724163036502 0.8316819694410043
0.6030128203440542 0.8316819694410043
0.6070532243844582 0.8316819694410043
0.6110936284248623 0.8316819694410043
0.6151340324652663 0.8316819694410043
0.6191744365056704 0.8316819694410043
0.6232148405460745 0.8316819694410043
0.6272552445864785 0.8316819694410043
0.6312956486268826 0.8316819694410043
0.6353360526672865 0.8316819694410043
0.6393764567076906 0.8316819694410043
0.6434168607480946 0.8316819694410043
0.6474572647884986 0.8316819694410043
0.6514976688289027 0.8316819694410043
0.6555380728693068 0.8316819694410043
0.6595784769097108 0.8316819694410043
0.6636188809501149 0.8316819694410043
0.6676592849905189 0.8316819694410043
0.6716996890309229 0.8316819694410043
0.6757400930713269 0.8316819694410043
0.6797804971117309 0.8316819694410043
0.683820901152135 0.8316819694410043
0.6878613051925391 0.8316819694410043
0.6919017092329431 0.8316819694410043
0.6959421132733472 0.8316819694410043
0.6999825173137513 0.8316819694410043
0.2999825173137512 0.8357223734814083
0.3040229213541552 0.8357223734814083
0.3080633253945593 0.8357223734814083
0.31210372943496334 0.8357223734814083
0.31614413347536735 0.8357223734814083
0.32018453751577136 0.8357223734814083
0.32422494155617543 0.8357223734814083
0.3282653455965795 0.8357223734814083
0.3323057496369835 0.8357223734814083
0.33634615367738757 0.8357223734814083
0.3403865577177916 0.8357223734814083
0.34442696175819565 0.8357223734814083
0.3484673657985997 0.8357223734814083
0.3525077698390037 0.8357223734814083
0.35654817387940774 0.8357223734814083
0.3605885779198118 0.8357223734814083
0.36462898196021587 0.8357223734814083
0.3686693860006199 0.8357223734814083
0.3727097900410239 0.8357223734814083
0.37675019408142796 0.8357223734814083
0.380790598121832 0.8357223734814083
0.38483100216223604 0.8357223734814083
0.3888714062026401 0.8357223734814083
0.3929118102430441 0.8357223734814083
0.3969522142834482 0.8357223734814083
0.4009926183238522 0.8357223734814083
0.40503302236425626 0.8357223734814083
0.40907342640466027 0.8357223734814083
0.41311383044506433 0.8357223734814083
0.4171542344854684 0.8357223734814083
0.4211946385258724 0.8357223734814083
0.4252350425662764 0.8357223734814083
0.4292754466066805 0.8357223734814083
0.43331585064708456 0.8357223734814083
0.43735625468748857 0.8357223734814083
0.4413966587278926 0.8357223734814083
0.44543706276829664 0.8357223734814083
0.4494774668087007 0.8357223734814083
0.4535178708491047 0.8357223734814083
0.45755827488950873 0.8357223734814083
0.4615986789299128 0.8357223734814083
0.46563908297031686 0.8357223734814083
0.46967948701072093 0.8357223734814083
0.47371989105112494 0.8357223734814083
0.47776029509152895 0.8357223734814083
0.481800699131933 0.8357223734814083
0.4858411031723371 0.8357223734814083
0.4898815072127411 0.8357223734814083
0.4939219112531451 0.8357223734814083
0.4979623152935492 0.8357223734814083
0.5020027193339532 0.8357223734814083
0.5060431233743572 0.8357223734814083
0.5100835274147613 0.8357223734814083
0.5141239314551653 0.8357223734814083
0.5181643354955694 0.8357223734814083
0.5222047395359735 0.8357223734814083
0.5262451435763775 0.8357223734814083
0.5302855476167815 0.8357223734814083
0.5343259516571855 0.8357223734814083
0.5383663556975896 0.8357223734814083
0.5424067597379936 0.8357223734814083
0.5545279718592058 0.8357223734814083
0.5585683758996098 0.8357223734814083
0.5626087799400139 0.8357223734814083
0.5666491839804179 0.8357223734814083
0.5706895880208219 0.8357223734814083
0.5747299920612259 0.8357223734814083
0.57877039610163 0.8357223734814083
0.582810800142034 0.8357223734814083
0.5868512041824381 0.8357223734814083
0.5908916082228421 0.8357223734814083
0.5949320122632462 0.8357223734814083
0.5989724163036502 0.8357223734814083
0.6030128203440542 0.8357223734814083
0.6070532243844582 0.8357223734814083
0.6110936284248623 0.8357223734814083
0.6151340324652663 0.8357223734814083
0.6191744365056704 0.8357223734814083
0.6232148405460745 0.8357223734814083
0.6272552445864785 0.8357223734814083
0.6312956486268826 0.8357223734814083
0.6353360526672865 0.8357223734814083
0.6393764567076906 0.8357223734814083
0.6434168607480946 0.8357223734814083
0.6474572647884986 0.8357223734814083
0.6514976688289027 0.8357223734814083
0.6555380728693068 0.8357223734814083
0.6595784769097108 0.8357223734814083
0.6636188809501149 0.8357223734814083
0.6676592849905189 0.8357223734814083
0.6716996890309229 0.8357223734814083
0.6757400930713269 0.8357223734814083
0.6797804971117309 0.8357223734814083
0.683820901152135 0.8357223734814083
0.6878613051925391 0.8357223734814083
0.6919017092329431 0.8357223734814083
0.6959421132733472 0.8357223734814083
0.6999825173137513 0.8357223734814083
0.2999825173137512 0.8397627775218124
0.3040229213541552 0.8397627775218124
0.3080633253945593 0.8397627775218124
0.31210372943496334 0.8397627775218124
0.31614413347536735 0.8397627775218124
0.32018453751577136 0.8397627775218124
0.32422494155617543 0.8397627775218124
0.3282653455965795 0.8397627775218124
0.3323057496369835 0.8397627775218124
0.33634615367738757 0.8397627775218124
0.3403865577177916 0.8397627775218124
0.34442696175819565 0.8397627775218124
0.3484673657985997 0.8397627775218124
0.3525077698390037 0.8397627775218124
0.35654817387940774 0.8397627775218124
0.3605885779198118 0.8397627775218124
0.36462898196021587 0.8397627775218124
0.3686693860006199 0.8397627775218124
0.3727097900410239 0.8397627775218124
0.37675019408142796 0.8397627775218124
0.380790598121832 0.8397627775218124
0.38483100216223604 0.8397627775218124
0.3888714062026401 0.8397627775218124
0.3929118102430441 0.8397627775218124
0.3969522142834482 0.8397627775218124
0.4009926183238522 0.8397627775218124
0.40503302236425626 0.8397627775218124
0.40907342640466027 0.8397627775218124
0.41311383044506433 0.8397627775218124
0.4171542344854684 0.8397627775218124
0.4211946385258724 0.8397627775218124
0.4252350425662764 0.8397627775218124
0.4292754466066805 0.8397627775218124
0.43331585064708456 0.8397627775218124
0.43735625468748857 0.8397627775218124
0.4413966587278926 0.8397627775218124
0.44543706276829664 0.8397627775218124
0.4494774668087007 0.8397627775218124
0.4535178708491047 0.8397627775218124
0.45755827488950873 0.8397627775218124
0.4615986789299128 0.8397627775218124
0.46563908297031686 0.8397627775218124
0.46967948701072093 0.8397627775218124
0.47371989105112494 0.8397627775218124
0.47776029509152895 0.8397627775218124
0.481800699131933 0.8397627775218124
0.4858411031723371 0.8397627775218124
0.4898815072127411 0.8397627775218124
0.4939219112531451 0.8397627775218124
0.4979623152935492 0.8397627775218124
0.5020027193339532 0.8397627775218124
0.5060431233743572 0.8397627775218124
0.5100835274147613 0.8397627775218124
0.5141239314551653 0.8397627775218124
0.5181643354955694 0.8397627775218124
0.5222047395359735 0.8397627775218124
0.5262451435763775 0.8397627775218124
0.5302855476167815 0.8397627775218124
0.5343259516571855 0.8397627775218124
0.5383663556975896 0.8397627775218124
0.5464471637783976 0.8397627775218124
0.5504875678188017 0.8397627775218124
0.5545279718592058 0.8397627775218124
0.5626087799400139 0.8397627775218124
0.5666491839804179 0.8397627775218124
0.5706895880208219 0.8397627775218124
0.5747299920612259 0.8397627775218124
0.57877039610163 0.8397627775218124
0.582810800142034 0.8397627775218124
0.5868512041824381 0.8397627775218124
0.5908916082228421 0.8397627775218124
0.5949320122632462 0.8397627775218124
0.5989724163036502 0.8397627775218124
0.6030128203440542 0.8397627775218124
0.6070532243844582 0.8397627775218124
0.6110936284248623 0.8397627775218124
0.6151340324652663 0.8397627775218124
0.6191744365056704 0.8397627775218124
0.6232148405460745 0.8397627775218124
0.6272552445864785 0.8397627775218124
0.6312956486268826 0.8397627775218124
0.6353360526672865 0.8397627775218124
0.6393764567076906 0.8397627775218124
0.6434168607480946 0.8397627775218124
0.6474572647884986 0.8397627775218124
0.6514976688289027 0.8397627775218124
0.6555380728693068 0.8397627775218124
0.6595784769097108 0.8397627775218124
0.6636188809501149 0.8397627775218124
0.6676592849905189 0.8397627775218124
0.6716996890309229 0.8397627775218124
0.6757400930713269 0.8397627775218124
0.6797804971117309 0.8397627775218124
0.683820901152135 0.8397627775218124
0.6878613051925391 0.8397627775218124
0.6919017092329431 0.8397627775218124
0.6959421132733472 0.8397627775218124
0.6999825173137513 0.8397627775218124
0.2999825173137512 0.8438031815622163
0.3040229213541552 0.8438031815622163
0.3080633253945593 0.8438031815622163
0.31210372943496334 0.8438031815622163
0.31614413347536735 0.8438031815622163
0.32018453751577136 0.8438031815622163
0.32422494155617543 0.8438031815622163
0.3282653455965795 0.8438031815622163
0.3323057496369835 0.8438031815622163
0.33634615367738757 0.8438031815622163
0.3403865577177916 0.8438031815622163
0.34442696175819565 0.8438031815622163
0.3484673657985997 0.8438031815622163
0.3525077698390037 0.8438031815622163
0.35654817387940774 0.8438031815622163
0.3605885779198118 0.8438031815622163
0.36462898196021587 0.8438031815622163
0.3686693860006199 0.8438031815622163
0.3727097900410239 0.8438031815622163
0.37675019408142796 0.8438031815622163
0.380790598121832 0.8438031815622163
0.38483100216223604 0.8438031815622163
0.3888714062026401 0.8438031815622163
0.3929118102430441 0.8438031815622163
0.3969522142834482 0.8438031815622163
0.4009926183238522 0.8438031815622163
0.40503302236425626 0.8438031815622163
0.40907342640466027 0.8438031815622163
0.41311383044506433 0.8438031815622163
0.4171542344854684 0.8438031815622163
0.4211946385258724 0.8438031815622163
0.4252350425662764 0.8438031815622163
0.4292754466066805 0.8438031815622163
0.43331585064708456 0.8438031815622163
0.43735625468748857 0.8438031815622163
0.4413966587278926 0.8438031815622163
0.44543706276829664 0.8438031815622163
0.4494774668087007 0.8438031815622163
0.4535178708491047 0.8438031815622163
0.45755827488950873 0.8438031815622163
0.4615986789299128 0.8438031815622163
0.46563908297031686 0.8438031815622163
0.46967948701072093 0.8438031815622163
0.47371989105112494 0.8438031815622163
0.47776029509152895 0.8438031815622163
0.481800699131933 0.8438031815622163
0.4858411031723371 0.8438031815622163
0.4898815072127411 0.8438031815622163
0.4939219112531451 0.8438031815622163
0.4979623152935492 0.8438031815622163
0.5020027193339532 0.8438031815622163
0.5060431233743572 0.8438031815622163
0.5100835274147613 0.8438031815622163
0.5141239314551653 0.8438031815622163
0.5181643354955694 0.8438031815622163
0.5222047395359735 0.8438031815622163
0.5262451435763775 0.8438031815622163
0.5302855476167815 0.8438031815622163
0.5424067597379936 0.8438031815622163
0.5464471637783976 0.8438031815622163
0.5504875678188017 0.8438031815622163
0.5545279718592058 0.8438031815622163
0.5585683758996098 0.8438031815622163
0.5626087799400139 0.8438031815622163
0.5666491839804179 0.8438031815622163
0.5706895880208219 0.8438031815622163
0.5747299920612259 0.8438031815622163
0.57877039610163 0.8438031815622163
0.582810800142034 0.8438031815622163
0.5868512041824381 0.8438031815622163
0.5908916082228421 0.8438031815622163
0.5949320122632462 0.8438031815622163
0.5989724163036502 0.8438031815622163
0.6030128203440542 0.8438031815622163
0.6070532243844582 0.8438031815622163
0.6110936284248623 0.8438031815622163
0.6151340324652663 0.8438031815622163
0.6191744365056704 0.8438031815622163
0.6232148405460745 0.8438031815622163
0.6272552445864785 0.8438031815622163
0.6312956486268826 0.8438031815622163
0.6353360526672865 0.8438031815622163
0.6393764567076906 0.8438031815622163
0.6434168607480946 0.8438031815622163
0.6474572647884986 0.8438031815622163
0.6514976688289027 0.8438031815622163
0.6555380728693068 0.8438031815622163
0.6595784769097108 0.8438031815622163
0.6636188809501149 0.8438031815622163
0.6676592849905189 0.8438031815622163
0.6716996890309229 0.8438031815622163
0.6757400930713269 0.8438031815622163
0.6797804971117309 0.8438031815622163
0.683820901152135 0.8438031815622163
0.6878613051925391 0.8438031815622163
0.6919017092329431 0.8438031815622163
0.6959421132733472 0.8438031815622163
0.6999825173137513 0.8438031815622163
0.2999825173137512 0.8478435856026204
0.3040229213541552 0.8478435856026204
0.3080633253945593 0.8478435856026204
0.31210372943496334 0.8478435856026204
0.31614413347536735 0.8478435856026204
0.32018453751577136 0.8478435856026204
0.32422494155617543 0.8478435856026204
0.3282653455965795 0.8478435856026204
0.3323057496369835 0.8478435856026204
0.33634615367738757 0.8478435856026204
0.3403865577177916 0.8478435856026204
0.34442696175819565 0.8478435856026204
0.3484673657985997 0.8478435856026204
0.3525077698390037 0.8478435856026204
0.35654817387940774 0.8478435856026204
0.3605885779198118 0.8478435856026204
0.36462898196021587 0.8478435856026204
0.3686693860006199 0.8478435856026204
0.3727097900410239 0.8478435856026204
0.37675019408142796 0.8478435856026204
0.380790598121832 0.8478435856026204
0.38483100216223604 0.8478435856026204
0.3888714062026401 0.8478435856026204
0.3929118102430441 0.8478435856026204
0.3969522142834482 0.8478435856026204
0.4009926183238522 0.8478435856026204
0.40503302236425626 0.8478435856026204
0.40907342640466027 0.8478435856026204
0.41311383044506433 0.8478435856026204
0.4171542344854684 0.8478435856026204
0.4211946385258724 0.8478435856026204
0.4252350425662764 0.8478435856026204
0.4292754466066805 0.8478435856026204
0.43331585064708456 0.8478435856026204
0.43735625468748857 0.8478435856026204
0.4413966587278926 0.8478435856026204
0.44543706276829664 0.8478435856026204
0.4494774668087007 0.8478435856026204
0.4535178708491047 0.8478435856026204
0.45755827488950873 0.8478435856026204
0.4615986789299128 0.8478435856026204
0.46563908297031686 0.8478435856026204
0.46967948701072093 0.8478435856026204
0.47371989105112494 0.8478435856026204
0.47776029509152895 0.8478435856026204
0.481800699131933 0.8478435856026204
0.4858411031723371 0.8478435856026204
0.4898815072127411 0.8478435856026204
0.4939219112531451 0.8478435856026204
0.4979623152935492 0.8478435856026204
0.5020027193339532 0.8478435856026204
0.5060431233743572 0.8478435856026204
0.5100835274147613 0.8478435856026204
0.5141239314551653 0.8478435856026204
0.5181643354955694 0.8478435856026204
0.5222047395359735 0.8478435856026204
0.5262451435763775 0.8478435856026204
0.5343259516571855 0.8478435856026204
0.5383663556975896 0.8478435856026204
0.5424067597379936 0.8478435856026204
0.5504875678188017 0.8478435856026204
0.5545279718592058 0.8478435856026204
0.5585683758996098 0.8478435856026204
0.5626087799400139 0.8478435856026204
0.5666491839804179 0.8478435856026204
0.5706895880208219 0.8478435856026204
0.5747299920612259 0.8478435856026204
0.57877039610163 0.8478435856026204
0.582810800142034 0.8478435856026204
0.5868512041824381 0.8478435856026204
0.5908916082228421 0.8478435856026204
0.5949320122632462 0.8478435856026204
0.5989724163036502 0.8478435856026204
0.6030128203440542 0.8478435856026204
0.6070532243844582 0.8478435856026204
0.6110936284248623 0.8478435856026204
0.6151340324652663 0.8478435856026204
0.6191744365056704 0.8478435856026204
0.6232148405460745 0.8478435856026204
0.6272552445864785 0.8478435856026204
0.6312956486268826 0.8478435856026204
0.6353360526672865 0.8478435856026204
0.6393764567076906 0.8478435856026204
0.6434168607480946 0.8478435856026204
0.6474572647884986 0.8478435856026204
0.6514976688289027 0.8478435856026204
0.6555380728693068 0.8478435856026204
0.6595784769097108 0.8478435856026204
0.6636188809501149 0.8478435856026204
0.6676592849905189 0.8478435856026204
0.6716996890309229 0.8478435856026204
0.6757400930713269 0.8478435856026204
0.6797804971117309 0.8478435856026204
0.683820901152135 0.8478435856026204
0.6878613051925391 0.8478435856026204
0.6919017092329431 0.8478435856026204
0.6959421132733472 0.8478435856026204
0.6999825173137513 0.8478435856026204
0.2999825173137512 0.8518839896430245
0.3040229213541552 0.8518839896430245
0.3080633253945593 0.8518839896430245
0.31210372943496334 0.8518839896430245
0.31614413347536735 0.8518839896430245
0.32018453751577136 0.8518839896430245
0.32422494155617543 0.8518839896430245
0.3282653455965795 0.8518839896430245
0.3323057496369835 0.8518839896430245
0.33634615367738757 0.8518839896430245
0.3403865577177916 0.8518839896430245
0.34442696175819565 0.8518839896430245
0.3484673657985997 0.8518839896430245
0.3525077698390037 0.8518839896430245
0.35654817387940774 0.8518839896430245
0.3605885779198118 0.8518839896430245
0.36462898196021587 0.8518839896430245
0.3686693860006199 0.8518839896430245
0.3727097900410239 0.8518839896430245
0.37675019408142796 0.8518839896430245
0.380790598121832 0.8518839896430245
0.38483100216223604 0.8518839896430245
0.3888714062026401 0.8518839896430245
0.3929118102430441 0.8518839896430245
0.3969522142834482 0.8518839896430245
0.4009926183238522 0.8518839896430245
0.40503302236425626 0.8518839896430245
0.40907342640466027 0.8518839896430245
0.41311383044506433 0.8518839896430245
0.4171542344854684 0.8518839896430245
0.4211946385258724 0.8518839896430245
0.4252350425662764 0.8518839896430245
0.4292754466066805 0.8518839896430245
0.43331585064708456 0.8518839896430245
0.43735625468748857 0.8518839896430245
0.4413966587278926 0.8518839896430245
0.44543706276829664 0.8518839896430245
0.4494774668087007 0.8518839896430245
0.4535178708491047 0.8518839896430245
0.45755827488950873 0.8518839896430245
0.4615986789299128 0.8518839896430245
0.46563908297031686 0.8518839896430245
0.46967948701072093 0.8518839896430245
0.47371989105112494 0.8518839896430245
0.47776029509152895 0.8518839896430245
0.481800699131933 0.8518839896430245
0.4858411031723371 0.8518839896430245
0.4898815072127411 0.8518839896430245
0.4939219112531451 0.8518839896430245
0.4979623152935492 0.8518839896430245
0.5020027193339532 0.8518839896430245
0.5060431233743572 0.8518839896430245
0.5100835274147613 0.8518839896430245
0.5141239314551653 0.8518839896430245
0.5181643354955694 0.8518839896430245
0.5302855476167815 0.8518839896430245
0.5343259516571855 0.8518839896430245
0.5383663556975896 0.8518839896430245
0.5424067597379936 0.8518839896430245
0.5464471637783976 0.8518839896430245
0.5504875678188017 0.8518839896430245
0.5545279718592058 0.8518839896430245
0.5585683758996098 0.8518839896430245
0.5626087799400139 0.8518839896430245
0.5666491839804179 0.8518839896430245
0.5706895880208219 0.8518839896430245
0.5747299920612259 0.8518839896430245
0.57877039610163 0.8518839896430245
0.582810800142034 0.8518839896430245
0.5868512041824381 0.8518839896430245
0.5908916082228421 0.8518839896430245
0.5949320122632462 0.8518839896430245
0.5989724163036502 0.8518839896430245
0.6030128203440542 0.8518839896430245
0.6070532243844582 0.8518839896430245
0.6110936284248623 0.8518839896430245
0.6151340324652663 0.8518839896430245
0.6191744365056704 0.8518839896430245
0.6232148405460745 0.8518839896430245
0.6272552445864785 0.8518839896430245
0.6312956486268826 0.8518839896430245
0.6353360526672865 0.8518839896430245
0.6393764567076906 0.8518839896430245
0.6434168607480946 0.8518839896430245
0.6474572647884986 0.8518839896430245
0.6514976688289027 0.8518839896430245
0.6555380728693068 0.8518839896430245
0.6595784769097108 0.8518839896430245
0.6636188809501149 0.8518839896430245
0.6676592849905189 0.8518839896430245
0.6716996890309229 0.8518839896430245
0.6757400930713269 0.8518839896430245
0.6797804971117309 0.8518839896430245
0.683820901152135 0.8518839896430245
0.6878613051925391 0.8518839896430245
0.6919017092329431 0.8518839896430245
0.6959421132733472 0.8518839896430245
0.6999825173137513 0.8518839896430245
0.2999825173137512 0.8559243936834284
0.3040229213541552 0.8559243936834284
0.3080633253945593 0.8559243936834284
0.31210372943496334 0.8559243936834284
0.31614413347536735 0.8559243936834284
0.32018453751577136 0.8559243936834284
0.32422494155617543 0.8559243936834284
0.3282653455965795 0.8559243936834284
0.3323057496369835 0.8559243936834284
0.33634615367738757 0.8559243936834284
0.3403865577177916 0.8559243936834284
0.34442696175819565 0.8559243936834284
0.3484673657985997 0.8559243936834284
0.3525077698390037 0.8559243936834284
0.35654817387940774 0.8559243936834284
0.3605885779198118 0.8559243936834284
0.36462898196021587 0.8559243936834284
0.3686693860006199 0.8559243936834284
0.3727097900410239 0.8559243936834284
0.37675019408142796 0.8559243936834284
0.380790598121832 0.8559243936834284
0.38483100216223604 0.8559243936834284
0.3888714062026401 0.8559243936834284
0.3929118102430441 0.8559243936834284
0.3969522142834482 0.8559243936834284
0.4009926183238522 0.8559243936834284
0.40503302236425626 0.8559243936834284
0.40907342640466027 0.8559243936834284
0.41311383044506433 0.8559243936834284
0.4171542344854684 0.8559243936834284
0.4211946385258724 0.8559243936834284
0.4252350425662764 0.8559243936834284
0.4292754466066805 0.8559243936834284
0.43331585064708456 0.8559243936834284
0.43735625468748857 0.8559243936834284
0.4413966587278926 0.8559243936834284
0.44543706276829664 0.8559243936834284
0.4494774668087007 0.8559243936834284
0.4535178708491047 0.8559243936834284
0.45755827488950873 0.8559243936834284
0.4615986789299128 0.8559243936834284
0.46563908297031686 0.8559243936834284
0.46967948701072093 0.8559243936834284
0.47371989105112494 0.8559243936834284
0.47776029509152895 0.8559243936834284
0.481800699131933 0.8559243936834284
0.4858411031723371 0.8559243936834284
0.4898815072127411 0.8559243936834284
0.4939219112531451 0.8559243936834284
0.4979623152935492 0.8559243936834284
0.5020027193339532 0.8559243936834284
0.5060431233743572 0.8559243936834284
0.5100835274147613 0.8559243936834284
0.5222047395359735 0.8559243936834284
0.5262451435763775 0.8559243936834284
0.5343259516571855 0.8559243936834284
0.5383663556975896 0.8559243936834284
0.5424067597379936 0.8559243936834284
0.5464471637783976 0.8559243936834284
0.5504875678188017 0.8559243936834284
0.5545279718592058 0.8559243936834284
0.5585683758996098 0.8559243936834284
0.5626087799400139 0.8559243936834284
0.5666491839804179 0.8559243936834284
0.5706895880208219 0.8559243936834284
0.5747299920612259 0.8559243936834284
0.57877039610163 0.8559243936834284
0.582810800142034 0.8559243936834284
0.5868512041824381 0.8559243936834284
0.5908916082228421 0.8559243936834284
0.5949320122632462 0.8559243936834284
0.5989724163036502 0.8559243936834284
0.6030128203440542 0.8559243936834284
0.6070532243844582 0.8559243936834284
0.6110936284248623 0.8559243936834284
0.6151340324652663 0.8559243936834284
0.6191744365056704 0.8559243936834284
0.6232148405460745 0.8559243936834284
0.6272552445864785 0.8559243936834284
0.6312956486268826 0.8559243936834284
0.6353360526672865 0.8559243936834284
0.6393764567076906 0.8559243936834284
0.6434168607480946 0.8559243936834284
0.6474572647884986 0.8559243936834284
0.6514976688289027 0.8559243936834284
0.6555380728693068 0.8559243936834284
0.6595784769097108 0.8559243936834284
0.6636188809501149 0.8559243936834284
0.6676592849905189 0.8559243936834284
0.6716996890309229 0.8559243936834284
0.6757400930713269 0.8559243936834284
0.6797804971117309 0.8559243936834284
0.683820901152135 0.8559243936834284
0.6878613051925391 0.8559243936834284
0.6919017092329431 0.8559243936834284
0.6959421132733472 0.8559243936834284
0.6999825173137513 0.8559243936834284
0.2999825173137512 0.8599647977238325
0.3040229213541552 0.8599647977238325
0.3080633253945593 0.8599647977238325
0.31210372943496334 0.8599647977238325
0.31614413347536735 0.8599647977238325
0.32018453751577136 0.8599647977238325
0.32422494155617543 0.8599647977238325
0.3282653455965795 0.8599647977238325
0.3323057496369835 0.8599647977238325
0.33634615367738757 0.8599647977238325
0.3403865577177916 0.8599647977238325
0.34442696175819565 0.8599647977238325
0.3484673657985997 0.8599647977238325
0.3525077698390037 0.8599647977238325
0.35654817387940774 0.8599647977238325
0.3605885779198118 0.8599647977238325
0.36462898196021587 0.8599647977238325
0.3686693860006199 0.8599647977238325
0.3727097900410239 0.8599647977238325
0.37675019408142796 0.8599647977238325
0.380790598121832 0.8599647977238325
0.38483100216223604 0.8599647977238325
0.3888714062026401 0.8599647977238325
0.3929118102430441 0.8599647977238325
0.3969522142834482 0.8599647977238325
0.4009926183238522 0.8599647977238325
0.40503302236425626 0.8599647977238325
0.40907342640466027 0.8599647977238325
0.41311383044506433 0.8599647977238325
0.4171542344854684 0.8599647977238325
0.4211946385258724 0.8599647977238325
0.4252350425662764 0.8599647977238325
0.4292754466066805 0.8599647977238325
0.43331585064708456 0.8599647977238325
0.43735625468748857 0.8599647977238325
0.4413966587278926 0.8599647977238325
0.44543706276829664 0.8599647977238325
0.4494774668087007 0.8599647977238325
0.4535178708491047 0.8599647977238325
0.45755827488950873 0.8599647977238325
0.4615986789299128 0.8599647977238325
0.46563908297031686 0.8599647977238325
0.46967948701072093 0.8599647977238325
0.47371989105112494 0.8599647977238325
0.47776029509152895 0.8599647977238325
0.481800699131933 0.8599647977238325
0.4858411031723371 0.8599647977238325
0.4898815072127411 0.8599647977238325
0.4939219112531451 0.8599647977238325
0.4979623152935492 0.8599647977238325
0.5020027193339532 0.8599647977238325
0.5060431233743572 0.8599647977238325
0.5141239314551653 0.8599647977238325
0.5181643354955694 0.8599647977238325
0.5222047395359735 0.8599647977238325
0.5262451435763775 0.8599647977238325
0.5302855476167815 0.8599647977238325
0.5343259516571855 0.8599647977238325
0.5383663556975896 0.8599647977238325
0.5424067597379936 0.8599647977238325
0.5464471637783976 0.8599647977238325
0.5504875678188017 0.8599647977238325
0.5585683758996098 0.8599647977238325
0.5626087799400139 0.8599647977238325
0.5666491839804179 0.8599647977238325
0.5706895880208219 0.8599647977238325
0.5747299920612259 0.8599647977238325
0.57877039610163 0.8599647977238325
0.582810800142034 0.8599647977238325
0.5868512041824381 0.8599647977238325
0.5908916082228421 0.8599647977238325
0.5949320122632462 0.8599647977238325
0.5989724163036502 0.8599647977238325
0.6030128203440542 0.8599647977238325
0.6070532243844582 0.8599647977238325
0.6110936284248623 0.8599647977238325
0.6151340324652663 0.8599647977238325
0.6191744365056704 0.8599647977238325
0.6232148405460745 0.8599647977238325
0.6272552445864785 0.8599647977238325
0.6312956486268826 0.8599647977238325
0.6353360526672865 0.8599647977238325
0.6393764567076906 0.8599647977238325
0.6434168607480946 0.8599647977238325
0.6474572647884986 0.8599647977238325
0.6514976688289027 0.8599647977238325
0.6555380728693068 0.8599647977238325
0.6595784769097108 0.8599647977238325
0.6636188809501149 0.8599647977238325
0.6676592849905189 0.8599647977238325
0.6716996890309229 0.8599647977238325
0.6757400930713269 0.8599647977238325
0.6797804971117309 0.8599647977238325
0.683820901152135 0.8599647977238325
0.6878613051925391 0.8599647977238325
0.6919017092329431 0.8599647977238325
0.6959421132733472 0.8599647977238325
0.6999825173137513 0.8599647977238325
0.2999825173137512 0.8640052017642366
0.3040229213541552 0.8640052017642366
0.3080633253945593 0.8640052017642366
0.31210372943496334 0.8640052017642366
0.31614413347536735 0.8640052017642366
0.32018453751577136 0.8640052017642366
0.32422494155617543 0.8640052017642366
0.3282653455965795 0.8640052017642366
0.3323057496369835 0.8640052017642366
0.33634615367738757 0.8640052017642366
0.3403865577177916 0.8640052017642366
0.34442696175819565 0.8640052017642366
0.3484673657985997 0.8640052017642366
0.3525077698390037 0.8640052017642366
0.35654817387940774 0.8640052017642366
0.3605885779198118 0.8640052017642366
0.36462898196021587 0.8640052017642366
0.3686693860006199 0.8640052017642366
0.3727097900410239 0.8640052017642366
0.37675019408142796 0.8640052017642366
0.380790598121832 0.8640052017642366
0.38483100216223604 0.8640052017642366
0.3888714062026401 0.8640052017642366
0.3929118102430441 0.8640052017642366
0.3969522142834482 0.8640052017642366
0.4009926183238522 0.8640052017642366
0.40503302236425626 0.8640052017642366
0.40907342640466027 0.8640052017642366
0.41311383044506433 0.8640052017642366
0.4171542344854684 0.8640052017642366
0.4211946385258724 0.8640052017642366
0.4252350425662764 0.8640052017642366
0.4292754466066805 0.8640052017642366
0.43331585064708456 0.8640052017642366
0.43735625468748857 0.8640052017642366
0.4413966587278926 0.8640052017642366
0.44543706276829664 0.8640052017642366
0.4494774668087007 0.8640052017642366
0.4535178708491047 0.8640052017642366
0.45755827488950873 0.8640052017642366
0.4615986789299128 0.8640052017642366
0.46563908297031686 0.8640052017642366
0.46967948701072093 0.8640052017642366
0.47371989105112494 0.8640052017642366
0.47776029509152895 0.8640052017642366
0.481800699131933 0.8640052017642366
0.4858411031723371 0.8640052017642366
0.4898815072127411 0.8640052017642366
0.4939219112531451 0.8640052017642366
0.4979623152935492 0.8640052017642366
0.5100835274147613 0.8640052017642366
0.5141239314551653 0.8640052017642366
0.5181643354955694 0.8640052017642366
0.5222047395359735 0.8640052017642366
0.5262451435763775 0.8640052017642366
0.5302855476167815 0.8640052017642366
0.5343259516571855 0.8640052017642366
0.5383663556975896 0.8640052017642366
0.5424067597379936 0.8640052017642366
0.5464471637783976 0.8640052017642366
0.5504875678188017 0.8640052017642366
0.5545279718592058 0.8640052017642366
0.5585683758996098 0.8640052017642366
0.5626087799400139 0.8640052017642366
0.5666491839804179 0.8640052017642366
0.5706895880208219 0.8640052017642366
0.5747299920612259 0.8640052017642366
0.57877039610163 0.8640052017642366
0.582810800142034 0.8640052017642366
0.5868512041824381 0.8640052017642366
0.5908916082228421 0.8640052017642366
0.5949320122632462 0.8640052017642366
0.5989724163036502 0.8640052017642366
0.6030128203440542 0.8640052017642366
0.6070532243844582 0.8640052017642366
0.6110936284248623 0.8640052017642366
0.6151340324652663 0.8640052017642366
0.6191744365056704 0.8640052017642366
0.6232148405460745 0.8640052017642366
0.6272552445864785 0.8640052017642366
0.6312956486268826 0.8640052017642366
0.6353360526672865 0.8640052017642366
0.6393764567076906 0.8640052017642366
0.6434168607480946 0.8640052017642366
0.6474572647884986 0.8640052017642366
0.6514976688289027 0.8640052017642366
0.6555380728693068 0.8640052017642366
0.6595784769097108 0.8640052017642366
0.6636188809501149 0.8640052017642366
0.6676592849905189 0.8640052017642366
0.6716996890309229 0.8640052017642366
0.6757400930713269 0.8640052017642366
0.6797804971117309 0.8640052017642366
0.683820901152135 0.8640052017642366
0.6878613051925391 0.8640052017642366
0.6919017092329431 0.8640052017642366
0.6959421132733472 0.8640052017642366
0.6999825173137513 0.8640052017642366
0.2999825173137512 0.8680456058046406
0.3040229213541552 0.8680456058046406
0.3080633253945593 0.8680456058046406
0.31210372943496334 0.8680456058046406
0.31614413347536735 0.8680456058046406
0.32018453751577136 0.8680456058046406
0.32422494155617543 0.8680456058046406
0.3282653455965795 0.8680456058046406
0.3323057496369835 0.8680456058046406
0.33634615367738757 0.8680456058046406
0.3403865577177916 0.8680456058046406
0.34442696175819565 0.8680456058046406
0.3484673657985997 0.8680456058046406
0.3525077698390037 0.8680456058046406
0.35654817387940774 0.8680456058046406
0.3605885779198118 0.8680456058046406
0.36462898196021587 0.8680456058046406
0.3686693860006199 0.8680456058046406
0.3727097900410239 0.8680456058046406
0.37675019408142796 0.8680456058046406
0.380790598121832 0.8680456058046406
0.38483100216223604 0.8680456058046406
0.3888714062026401 0.8680456058046406
0.3929118102430441 0.8680456058046406
0.3969522142834482 0.8680456058046406
0.4009926183238522 0.8680456058046406
0.40503302236425626 0.8680456058046406
0.40907342640466027 0.8680456058046406
0.41311383044506433 0.8680456058046406
0.4171542344854684 0.8680456058046406
0.4211946385258724 0.8680456058046406
0.4252350425662764 0.8680456058046406
0.4292754466066805 0.8680456058046406
0.43331585064708456 0.8680456058046406
0.43735625468748857 0.8680456058046406
0.4413966587278926 0.8680456058046406
0.44543706276829664 0.8680456058046406
0.4494774668087007 0.8680456058046406
0.4535178708491047 0.8680456058046406
0.45755827488950873 0.8680456058046406
0.4615986789299128 0.8680456058046406
0.46563908297031686 0.8680456058046406
0.46967948701072093 0.8680456058046406
0.47371989105112494 0.8680456058046406
0.47776029509152895 0.8680456058046406
0.481800699131933 0.8680456058046406
0.4858411031723371 0.8680456058046406
0.4898815072127411 0.8680456058046406
0.5020027193339532 0.8680456058046406
0.5060431233743572 0.8680456058046406
0.5100835274147613 0.8680456058046406
0.5141239314551653 0.8680456058046406
0.5181643354955694 0.8680456058046406
0.5222047395359735 0.8680456058046406
0.5262451435763775 0.8680456058046406
0.5302855476167815 0.8680456058046406
0.5343259516571855 0.8680456058046406
0.5383663556975896 0.8680456058046406
0.5424067597379936 0.8680456058046406
0.5464471637783976 0.8680456058046406
0.5504875678188017 0.8680456058046406
0.5545279718592058 0.8680456058046406
0.5585683758996098 0.8680456058046406
0.5626087799400139 0.8680456058046406
0.5666491839804179 0.8680456058046406
0.5706895880208219 0.8680456058046406
0.5747299920612259 0.8680456058046406
0.57877039610163 0.8680456058046406
0.582810800142034 0.8680456058046406
0.5868512041824381 0.8680456058046406
0.5908916082228421 0.8680456058046406
0.5949320122632462 0.8680456058046406
0.5989724163036502 0.8680456058046406
0.6030128203440542 0.8680456058046406
0.6070532243844582 0.8680456058046406
0.6110936284248623 0.8680456058046406
0.6151340324652663 0.8680456058046406
0.6191744365056704 0.8680456058046406
0.6232148405460745 0.8680456058046406
0.6272552445864785 0.8680456058046406
0.6312956486268826 0.8680456058046406
0.6353360526672865 0.8680456058046406
0.6393764567076906 0.8680456058046406
0.6434168607480946 0.8680456058046406
0.6474572647884986 0.8680456058046406
0.6514976688289027 0.8680456058046406
0.6555380728693068 0.8680456058046406
0.6595784769097108 0.8680456058046406
0.6636188809501149 0.8680456058046406
0.6676592849905189 0.8680456058046406
0.6716996890309229 0.8680456058046406
0.6757400930713269 0.8680456058046406
0.6797804971117309 0.8680456058046406
0.683820901152135 0.8680456058046406
0.6878613051925391 0.8680456058046406
0.6919017092329431 0.8680456058046406
0.6959421132733472 0.8680456058046406
0.6999825173137513 0.8680456058046406
0.2999825173137512 0.8720860098450447
0.3040229213541552 0.8720860098450447
0.3080633253945593 0.8720860098450447
0.31210372943496334 0.8720860098450447
0.31614413347536735 0.8720860098450447
0.32018453751577136 0.8720860098450447
0.32422494155617543 0.8720860098450447
0.3282653455965795 0.8720860098450447
0.3323057496369835 0.8720860098450447
0.33634615367738757 0.8720860098450447
0.3403865577177916 0.8720860098450447
0.34442696175819565 0.8720860098450447
0.3484673657985997 0.8720860098450447
0.3525077698390037 0.8720860098450447
0.35654817387940774 0.8720860098450447
0.3605885779198118 0.8720860098450447
0.36462898196021587 0.8720860098450447
0.3686693860006199 0.8720860098450447
0.3727097900410239 0.8720860098450447
0.37675019408142796 0.8720860098450447
0.380790598121832 0.8720860098450447
0.38483100216223604 0.8720860098450447
0.3888714062026401 0.8720860098450447
0.3929118102430441 0.8720860098450447
0.3969522142834482 0.8720860098450447
0.4009926183238522 0.8720860098450447
0.40503302236425626 0.8720860098450447
0.40907342640466027 0.8720860098450447
0.41311383044506433 0.8720860098450447
0.4171542344854684 0.8720860098450447
0.4211946385258724 0.8720860098450447
0.4252350425662764 0.8720860098450447
0.4292754466066805 0.8720860098450447
0.43331585064708456 0.8720860098450447
0.43735625468748857 0.8720860098450447
0.4413966587278926 0.8720860098450447
0.44543706276829664 0.8720860098450447
0.4494774668087007 0.8720860098450447
0.4535178708491047 0.8720860098450447
0.45755827488950873 0.8720860098450447
0.4615986789299128 0.8720860098450447
0.46563908297031686 0.8720860098450447
0.46967948701072093 0.8720860098450447
0.47371989105112494 0.8720860098450447
0.47776029509152895 0.8720860098450447
0.481800699131933 0.8720860098450447
0.4939219112531451 0.8720860098450447
0.4979623152935492 0.8720860098450447
0.5020027193339532 0.8720860098450447
0.5060431233743572 0.8720860098450447
0.5100835274147613 0.8720860098450447
0.5141239314551653 0.8720860098450447
0.5181643354955694 0.8720860098450447
0.5222047395359735 0.8720860098450447
0.5262451435763775 0.8720860098450447
0.5302855476167815 0.8720860098450447
0.5343259516571855 0.8720860098450447
0.5383663556975896 0.8720860098450447
0.5424067597379936 0.8720860098450447
0.5464471637783976 0.8720860098450447
0.5504875678188017 0.8720860098450447
0.5545279718592058 0.8720860098450447
0.5585683758996098 0.8720860098450447
0.5626087799400139 0.8720860098450447
0.5666491839804179 0.8720860098450447
0.5706895880208219 0.8720860098450447
0.5747299920612259 0.8720860098450447
0.57877039610163 0.8720860098450447
0.582810800142034 0.8720860098450447
0.5868512041824381 0.8720860098450447
0.5908916082228421 0.8720860098450447
0.5949320122632462 0.8720860098450447
0.5989724163036502 0.8720860098450447
0.6030128203440542 0.8720860098450447
0.6070532243844582 0.8720860098450447
0.6110936284248623 0.8720860098450447
0.6151340324652663 0.8720860098450447
0.6191744365056704 0.8720860098450447
0.6232148405460745 0.8720860098450447
0.6272552445864785 0.8720860098450447
0.6312956486268826 0.8720860098450447
0.6353360526672865 0.8720860098450447
0.6393764567076906 0.8720860098450447
0.6434168607480946 0.8720860098450447
0.6474572647884986 0.8720860098450447
0.6514976688289027 0.8720860098450447
0.6555380728693068 0.8720860098450447
0.6595784769097108 0.8720860098450447
0.6636188809501149 0.8720860098450447
0.6676592849905189 0.8720860098450447
0.6716996890309229 0.8720860098450447
0.6757400930713269 0.8720860098450447
0.6797804971117309 0.8720860098450447
0.683820901152135 0.8720860098450447
0.6878613051925391 0.8720860098450447
0.6919017092329431 0.8720860098450447
0.6959421132733472 0.8720860098450447
0.6999825173137513 0.8720860098450447
0.2999825173137512 0.8761264138854487
0.3040229213541552 0.8761264138854487
0.3080633253945593 0.8761264138854487
0.31210372943496334 0.8761264138854487
0.31614413347536735 0.8761264138854487
0.32018453751577136 0.8761264138854487
0.32422494155617543 0.8761264138854487
0.3282653455965795 0.8761264138854487
0.3323057496369835 0.8761264138854487
0.33634615367738757 0.8761264138854487
0.3403865577177916 0.8761264138854487
0.34442696175819565 0.8761264138854487
0.3484673657985997 0.8761264138854487
0.3525077698390037 0.8761264138854487
0.35654817387940774 0.8761264138854487
0.3605885779198118 0.8761264138854487
0.36462898196021587 0.8761264138854487
0.3686693860006199 0.8761264138854487
0.3727097900410239 0.8761264138854487
0.37675019408142796 0.8761264138854487
0.380790598121832 0.8761264138854487
0.38483100216223604 0.8761264138854487
0.3888714062026401 0.8761264138854487
0.3929118102430441 0.8761264138854487
0.3969522142834482 0.8761264138854487
0.4009926183238522 0.8761264138854487
0.40503302236425626 0.8761264138854487
0.40907342640466027 0.8761264138854487
0.41311383044506433 0.8761264138854487
0.4171542344854684 0.8761264138854487
0.4211946385258724 0.8761264138854487
0.4252350425662764 0.8761264138854487
0.4292754466066805 0.8761264138854487
0.43331585064708456 0.8761264138854487
0.43735625468748857 0.8761264138854487
0.4413966587278926 0.8761264138854487
0.44543706276829664 0.8761264138854487
0.4494774668087007 0.8761264138854487
0.4535178708491047 0.8761264138854487
0.45755827488950873 0.8761264138854487
0.4615986789299128 0.8761264138854487
0.46563908297031686 0.8761264138854487
0.46967948701072093 0.8761264138854487
0.47371989105112494 0.8761264138854487
0.47776029509152895 0.8761264138854487
0.4858411031723371 0.8761264138854487
0.4898815072127411 0.8761264138854487
0.4939219112531451 0.8761264138854487
0.4979623152935492 0.8761264138854487
0.5020027193339532 0.8761264138854487
0.5060431233743572 0.8761264138854487
0.5100835274147613 0.8761264138854487
0.5141239314551653 0.8761264138854487
0.5181643354955694 0.8761264138854487
0.5222047395359735 0.8761264138854487
0.5262451435763775 0.8761264138854487
0.5343259516571855 0.8761264138854487
0.5383663556975896 0.8761264138854487
0.5424067597379936 0.8761264138854487
0.5464471637783976 0.8761264138854487
0.5504875678188017 0.8761264138854487
0.5545279718592058 0.8761264138854487
0.5585683758996098 0.8761264138854487
0.5626087799400139 0.8761264138854487
0.5666491839804179 0.8761264138854487
0.5706895880208219 0.8761264138854487
0.5747299920612259 0.8761264138854487
0.57877039610163 0.8761264138854487
0.582810800142034 0.8761264138854487
0.5868512041824381 0.8761264138854487
0.5908916082228421 0.8761264138854487
0.5949320122632462 0.8761264138854487
0.5989724163036502 0.8761264138854487
0.6030128203440542 0.8761264138854487
0.6070532243844582 0.8761264138854487
0.6110936284248623 0.8761264138854487
0.6151340324652663 0.8761264138854487
0.6191744365056704 0.8761264138854487
0.6232148405460745 0.8761264138854487
0.6272552445864785 0.8761264138854487
0.6312956486268826 0.8761264138854487
0.6353360526672865 0.8761264138854487
0.6393764567076906 0.8761264138854487
0.6434168607480946 0.8761264138854487
0.6474572647884986 0.8761264138854487
0.6514976688289027 0.8761264138854487
0.6555380728693068 0.8761264138854487
0.6595784769097108 0.8761264138854487
0.6636188809501149 0.8761264138854487
0.6676592849905189 0.8761264138854487
0.6716996890309229 0.8761264138854487
0.6757400930713269 0.8761264138854487
0.6797804971117309 0.8761264138854487
0.683820901152135 0.8761264138854487
0.6878613051925391 0.8761264138854487
0.6919017092329431 0.8761264138854487
0.6959421132733472 0.8761264138854487
0.6999825173137513 0.8761264138854487
0.2999825173137512 0.8801668179258527
0.3040229213541552 0.8801668179258527
0.3080633253945593 0.8801668179258527
0.31210372943496334 0.8801668179258527
0.31614413347536735 0.8801668179258527
0.32018453751577136 0.8801668179258527
0.32422494155617543 0.8801668179258527
0.3282653455965795 0.8801668179258527
0.3323057496369835 0.8801668179258527
0.33634615367738757 0.8801668179258527
0.3403865577177916 0.8801668179258527
0.34442696175819565 0.8801668179258527
0.3484673657985997 0.8801668179258527
0.3525077698390037 0.8801668179258527
0.35654817387940774 0.8801668179258527
0.3605885779198118 0.8801668179258527
0.36462898196021587 0.8801668179258527
0.3686693860006199 0.8801668179258527
0.3727097900410239 0.8801668179258527
0.37675019408142796 0.8801668179258527
0.380790598121832 0.8801668179258527
0.38483100216223604 0.8801668179258527
0.3888714062026401 0.8801668179258527
0.3929118102430441 0.8801668179258527
0.3969522142834482 0.8801668179258527
0.4009926183238522 0.8801668179258527
0.40503302236425626 0.8801668179258527
0.40907342640466027 0.8801668179258527
0.41311383044506433 0.8801668179258527
0.4171542344854684 0.8801668179258527
0.4211946385258724 0.8801668179258527
0.4252350425662764 0.8801668179258527
0.4292754466066805 0.8801668179258527
0.43331585064708456 0.8801668179258527
0.43735625468748857 0.8801668179258527
0.4413966587278926 0.8801668179258527
0.44543706276829664 0.8801668179258527
0.4494774668087007 0.8801668179258527
0.4535178708491047 0.8801668179258527
0.45755827488950873 0.8801668179258527
0.4615986789299128 0.8801668179258527
0.46563908297031686 0.8801668179258527
0.46967948701072093 0.8801668179258527
0.481800699131933 0.8801668179258527
0.4858411031723371 0.8801668179258527
0.4898815072127411 0.8801668179258527
0.4979623152935492 0.8801668179258527
0.5060431233743572 0.8801668179258527
0.5100835274147613 0.8801668179258527
0.5141239314551653 0.8801668179258527
0.5181643354955694 0.8801668179258527
0.5222047395359735 0.8801668179258527
0.5262451435763775 0.8801668179258527
0.5302855476167815 0.8801668179258527
0.5343259516571855 0.8801668179258527
0.5383663556975896 0.8801668179258527
0.5424067597379936 0.8801668179258527
0.5464471637783976 0.8801668179258527
0.5504875678188017 0.8801668179258527
0.5545279718592058 0.8801668179258527
0.5585683758996098 0.8801668179258527
0.5626087799400139 0.8801668179258527
0.5666491839804179 0.8801668179258527
0.5706895880208219 0.8801668179258527
0.5747299920612259 0.8801668179258527
0.57877039610163 0.8801668179258527
0.582810800142034 0.8801668179258527
0.5868512041824381 0.8801668179258527
0.5908916082228421 0.8801668179258527
0.5949320122632462 0.8801668179258527
0.5989724163036502 0.8801668179258527
0.6030128203440542 0.8801668179258527
0.6070532243844582 0.8801668179258527
0.6110936284248623 0.8801668179258527
0.6151340324652663 0.8801668179258527
0.6191744365056704 0.8801668179258527
0.6232148405460745 0.8801668179258527
0.6272552445864785 0.8801668179258527
0.6312956486268826 0.8801668179258527
0.6353360526672865 0.8801668179258527
0.6393764567076906 0.8801668179258527
0.6434168607480946 0.8801668179258527
0.6474572647884986 0.8801668179258527
0.6514976688289027 0.8801668179258527
0.6555380728693068 0.8801668179258527
0.6595784769097108 0.8801668179258527
0.6636188809501149 0.8801668179258527
0.6676592849905189 0.8801668179258527
0.6716996890309229 0.8801668179258527
0.6757400930713269 0.8801668179258527
0.6797804971117309 0.8801668179258527
0.683820901152135 0.8801668179258527
0.6878613051925391 0.8801668179258527
0.6919017092329431 0.8801668179258527
0.6959421132733472 0.8801668179258527
0.6999825173137513 0.8801668179258527
0.2999825173137512 0.8842072219662568
0.3040229213541552 0.8842072219662568
0.3080633253945593 0.8842072219662568
0.31210372943496334 0.8842072219662568
0.31614413347536735 0.8842072219662568
0.32018453751577136 0.8842072219662568
0.32422494155617543 0.8842072219662568
0.3282653455965795 0.8842072219662568
0.3323057496369835 0.8842072219662568
0.33634615367738757 0.8842072219662568
0.3403865577177916 0.8842072219662568
0.34442696175819565 0.8842072219662568
0.3484673657985997 0.8842072219662568
0.3525077698390037 0.8842072219662568
0.35654817387940774 0.8842072219662568
0.3605885779198118 0.8842072219662568
0.36462898196021587 0.8842072219662568
0.3686693860006199 0.8842072219662568
0.3727097900410239 0.8842072219662568
0.37675019408142796 0.8842072219662568
0.380790598121832 0.8842072219662568
0.38483100216223604 0.8842072219662568
0.3888714062026401 0.8842072219662568
0.3929118102430441 0.8842072219662568
0.3969522142834482 0.8842072219662568
0.4009926183238522 0.8842072219662568
0.40503302236425626 0.8842072219662568
0.40907342640466027 0.8842072219662568
0.41311383044506433 0.8842072219662568
0.4171542344854684 0.8842072219662568
0.4211946385258724 0.8842072219662568
0.4252350425662764 0.8842072219662568
0.4292754466066805 0.8842072219662568
0.43331585064708456 0.8842072219662568
0.43735625468748857 0.8842072219662568
0.4413966587278926 0.8842072219662568
0.44543706276829664 0.8842072219662568
0.4494774668087007 0.8842072219662568
0.4535178708491047 0.8842072219662568
0.45755827488950873 0.8842072219662568
0.4615986789299128 0.8842072219662568
0.47371989105112494 0.8842072219662568
0.47776029509152895 0.8842072219662568
0.481800699131933 0.8842072219662568
0.4858411031723371 0.8842072219662568
0.4898815072127411 0.8842072219662568
0.4939219112531451 0.8842072219662568
0.4979623152935492 0.8842072219662568
0.5020027193339532 0.8842072219662568
0.5060431233743572 0.8842072219662568
0.5100835274147613 0.8842072219662568
0.5141239314551653 0.8842072219662568
0.5181643354955694 0.8842072219662568
0.5222047395359735 0.8842072219662568
0.5262451435763775 0.8842072219662568
0.5302855476167815 0.8842072219662568
0.5343259516571855 0.8842072219662568
0.5383663556975896 0.8842072219662568
0.5424067597379936 0.8842072219662568
0.5464471637783976 0.8842072219662568
0.5504875678188017 0.8842072219662568
0.5545279718592058 0.8842072219662568
0.5585683758996098 0.8842072219662568
0.5626087799400139 0.8842072219662568
0.5666491839804179 0.8842072219662568
0.5706895880208219 0.8842072219662568
0.5747299920612259 0.8842072219662568
0.57877039610163 0.8842072219662568
0.582810800142034 0.8842072219662568
0.5868512041824381 0.8842072219662568
0.5908916082228421 0.8842072219662568
0.5949320122632462 0.8842072219662568
0.5989724163036502 0.8842072219662568
0.6030128203440542 0.8842072219662568
0.6070532243844582 0.8842072219662568
0.6110936284248623 0.8842072219662568
0.6151340324652663 0.8842072219662568
0.6191744365056704 0.8842072219662568
0.6232148405460745 0.8842072219662568
0.6272552445864785 0.8842072219662568
0.6312956486268826 0.8842072219662568
0.6353360526672865 0.8842072219662568
0.6393764567076906 0.8842072219662568
0.6434168607480946 0.8842072219662568
0.6474572647884986 0.8842072219662568
0.6514976688289027 0.8842072219662568
0.6555380728693068 0.8842072219662568
0.6595784769097108 0.8842072219662568
0.6636188809501149 0.8842072219662568
0.6676592849905189 0.8842072219662568
0.6716996890309229 0.8842072219662568
0.6757400930713269 0.8842072219662568
0.6797804971117309 0.8842072219662568
0.683820901152135 0.8842072219662568
0.6878613051925391 0.8842072219662568
0.6919017092329431 0.8842072219662568
0.6959421132733472 0.8842072219662568
0.6999825173137513 0.8842072219662568
0.2999825173137512 0.8882476260066607
0.3040229213541552 0.8882476260066607
0.3080633253945593 0.8882476260066607
0.31210372943496334 0.8882476260066607
0.31614413347536735 0.8882476260066607
0.32018453751577136 0.8882476260066607
0.32422494155617543 0.8882476260066607
0.3282653455965795 0.8882476260066607
0.3323057496369835 0.8882476260066607
0.33634615367738757 0.8882476260066607
0.3403865577177916 0.8882476260066607
0.34442696175819565 0.8882476260066607
0.3484673657985997 0.8882476260066607
0.3525077698390037 0.8882476260066607
0.35654817387940774 0.8882476260066607
0.3605885779198118 0.8882476260066607
0.36462898196021587 0.8882476260066607
0.3686693860006199 0.8882476260066607
0.3727097900410239 0.8882476260066607
0.37675019408142796 0.8882476260066607
0.380790598121832 0.8882476260066607
0.38483100216223604 0.8882476260066607
0.3888714062026401 0.8882476260066607
0.3929118102430441 0.8882476260066607
0.3969522142834482 0.8882476260066607
0.4009926183238522 0.8882476260066607
0.40503302236425626 0.8882476260066607
0.40907342640466027 0.8882476260066607
0.41311383044506433 0.8882476260066607
0.4171542344854684 0.8882476260066607
0.4211946385258724 0.8882476260066607
0.4252350425662764 0.8882476260066607
0.4292754466066805 0.8882476260066607
0.43331585064708456 0.8882476260066607
0.43735625468748857 0.8882476260066607
0.4413966587278926 0.8882476260066607
0.44543706276829664 0.8882476260066607
0.4494774668087007 0.8882476260066607
0.4535178708491047 0.8882476260066607
0.46563908297031686 0.8882476260066607
0.46967948701072093 0.8882476260066607
0.47371989105112494 0.8882476260066607
0.47776029509152895 0.8882476260066607
0.481800699131933 0.8882476260066607
0.4858411031723371 0.8882476260066607
0.4898815072127411 0.8882476260066607
0.4939219112531451 0.8882476260066607
0.4979623152935492 0.8882476260066607
0.5020027193339532 0.8882476260066607
0.5060431233743572 0.8882476260066607
0.5141239314551653 0.8882476260066607
0.5181643354955694 0.8882476260066607
0.5222047395359735 0.8882476260066607
0.5262451435763775 0.8882476260066607
0.5302855476167815 0.8882476260066607
0.5343259516571855 0.8882476260066607
0.5383663556975896 0.8882476260066607
0.5424067597379936 0.8882476260066607
0.5464471637783976 0.8882476260066607
0.5504875678188017 0.8882476260066607
0.5545279718592058 0.8882476260066607
0.5585683758996098 0.8882476260066607
0.5626087799400139 0.8882476260066607
0.5666491839804179 0.8882476260066607
0.5706895880208219 0.8882476260066607
0.5747299920612259 0.8882476260066607
0.57877039610163 0.8882476260066607
0.582810800142034 0.8882476260066607
0.5868512041824381 0.8882476260066607
0.5908916082228421 0.8882476260066607
0.5949320122632462 0.8882476260066607
0.5989724163036502 0.8882476260066607
0.6030128203440542 0.8882476260066607
0.6070532243844582 0.8882476260066607
0.6110936284248623 0.8882476260066607
0.6151340324652663 0.8882476260066607
0.6191744365056704 0.8882476260066607
0.6232148405460745 0.8882476260066607
0.6272552445864785 0.8882476260066607
0.6312956486268826 0.8882476260066607
0.6353360526672865 0.8882476260066607
0.6393764567076906 0.8882476260066607
0.6434168607480946 0.8882476260066607
0.6474572647884986 0.8882476260066607
0.6514976688289027 0.8882476260066607
0.6555380728693068 0.8882476260066607
0.6595784769097108 0.8882476260066607
0.6636188809501149 0.8882476260066607
0.6676592849905189 0.8882476260066607
0.6716996890309229 0.8882476260066607
0.6757400930713269 0.8882476260066607
0.6797804971117309 0.8882476260066607
0.683820901152135 0.8882476260066607
0.6878613051925391 0.8882476260066607
0.6919017092329431 0.8882476260066607
0.6959421132733472 0.8882476260066607
0.6999825173137513 0.8882476260066607
0.2999825173137512 0.8922880300470648
0.3040229213541552 0.8922880300470648
0.3080633253945593 0.8922880300470648
0.31210372943496334 0.8922880300470648
0.31614413347536735 0.8922880300470648
0.32018453751577136 0.8922880300470648
0.32422494155617543 0.8922880300470648
0.3282653455965795 0.8922880300470648
0.3323057496369835 0.8922880300470648
0.33634615367738757 0.8922880300470648
0.3403865577177916 0.8922880300470648
0.34442696175819565 0.8922880300470648
0.3484673657985997 0.8922880300470648
0.3525077698390037 0.8922880300470648
0.35654817387940774 0.8922880300470648
0.3605885779198118 0.8922880300470648
0.36462898196021587 0.8922880300470648
0.3686693860006199 0.8922880300470648
0.3727097900410239 0.8922880300470648
0.37675019408142796 0.8922880300470648
0.380790598121832 0.8922880300470648
0.38483100216223604 0.8922880300470648
0.3888714062026401 0.8922880300470648
0.3929118102430441 0.8922880300470648
0.3969522142834482 0.8922880300470648
0.4009926183238522 0.8922880300470648
0.40503302236425626 0.8922880300470648
0.40907342640466027 0.8922880300470648
0.41311383044506433 0.8922880300470648
0.4171542344854684 0.8922880300470648
0.4211946385258724 0.8922880300470648
0.4252350425662764 0.8922880300470648
0.4292754466066805 0.8922880300470648
0.43331585064708456 0.8922880300470648
0.43735625468748857 0.8922880300470648
0.4413966587278926 0.8922880300470648
0.44543706276829664 0.8922880300470648
0.45755827488950873 0.8922880300470648
0.4615986789299128 0.8922880300470648
0.46967948701072093 0.8922880300470648
0.47371989105112494 0.8922880300470648
0.47776029509152895 0.8922880300470648
0.481800699131933 0.8922880300470648
0.4858411031723371 0.8922880300470648
0.4898815072127411 0.8922880300470648
0.4939219112531451 0.8922880300470648
0.4979623152935492 0.8922880300470648
0.5020027193339532 0.8922880300470648
0.5060431233743572 0.8922880300470648
0.5100835274147613 0.8922880300470648
0.5141239314551653 0.8922880300470648
0.5181643354955694 0.8922880300470648
0.5222047395359735 0.8922880300470648
0.5262451435763775 0.8922880300470648
0.5302855476167815 0.8922880300470648
0.5343259516571855 0.8922880300470648
0.5383663556975896 0.8922880300470648
0.5424067597379936 0.8922880300470648
0.5464471637783976 0.8922880300470648
0.5504875678188017 0.8922880300470648
0.5545279718592058 0.8922880300470648
0.5585683758996098 0.8922880300470648
0.5626087799400139 0.8922880300470648
0.5666491839804179 0.8922880300470648
0.5706895880208219 0.8922880300470648
0.5747299920612259 0.8922880300470648
0.57877039610163 0.8922880300470648
0.582810800142034 0.8922880300470648
0.5868512041824381 0.8922880300470648
0.5908916082228421 0.8922880300470648
0.5949320122632462 0.8922880300470648
0.5989724163036502 0.8922880300470648
0.6030128203440542 0.8922880300470648
0.6070532243844582 0.8922880300470648
0.6110936284248623 0.8922880300470648
0.6151340324652663 0.8922880300470648
0.6191744365056704 0.8922880300470648
0.6232148405460745 0.8922880300470648
0.6272552445864785 0.8922880300470648
0.6312956486268826 0.8922880300470648
0.6353360526672865 0.8922880300470648
0.6393764567076906 0.8922880300470648
0.6434168607480946 0.8922880300470648
0.6474572647884986 0.8922880300470648
0.6514976688289027 0.8922880300470648
0.6555380728693068 0.8922880300470648
0.6595784769097108 0.8922880300470648
0.6636188809501149 0.8922880300470648
0.6676592849905189 0.8922880300470648
0.6716996890309229 0.8922880300470648
0.6757400930713269 0.8922880300470648
0.6797804971117309 0.8922880300470648
0.683820901152135 0.8922880300470648
0.6878613051925391 0.8922880300470648
0.6919017092329431 0.8922880300470648
0.6959421132733472 0.8922880300470648
0.6999825173137513 0.8922880300470648
0.2999825173137512 0.8963284340874689
0.3040229213541552 0.8963284340874689
0.3080633253945593 0.8963284340874689
0.31210372943496334 0.8963284340874689
0.31614413347536735 0.8963284340874689
0.32018453751577136 0.8963284340874689
0.32422494155617543 0.8963284340874689
0.3282653455965795 0.8963284340874689
0.3323057496369835 0.8963284340874689
0.33634615367738757 0.8963284340874689
0.3403865577177916 0.8963284340874689
0.34442696175819565 0.8963284340874689
0.3484673657985997 0.8963284340874689
0.3525077698390037 0.8963284340874689
0.35654817387940774 0.8963284340874689
0.3605885779198118 0.8963284340874689
0.36462898196021587 0.8963284340874689
0.3686693860006199 0.8963284340874689
0.3727097900410239 0.8963284340874689
0.37675019408142796 0.8963284340874689
0.380790598121832 0.8963284340874689
0.38483100216223604 0.8963284340874689
0.3888714062026401 0.8963284340874689
0.3929118102430441 0.8963284340874689
0.3969522142834482 0.8963284340874689
0.4009926183238522 0.8963284340874689
0.40503302236425626 0.8963284340874689
0.40907342640466027 0.8963284340874689
0.41311383044506433 0.8963284340874689
0.4171542344854684 0.8963284340874689
0.4211946385258724 0.8963284340874689
0.4252350425662764 0.8963284340874689
0.4292754466066805 0.8963284340874689
0.43331585064708456 0.8963284340874689
0.43735625468748857 0.8963284340874689
0.4494774668087007 0.8963284340874689
0.4535178708491047 0.8963284340874689
0.45755827488950873 0.8963284340874689
0.4615986789299128 0.8963284340874689
0.46563908297031686 0.8963284340874689
0.46967948701072093 0.8963284340874689
0.47371989105112494 0.8963284340874689
0.47776029509152895 0.8963284340874689
0.481800699131933 0.8963284340874689
0.4858411031723371 0.8963284340874689
0.4898815072127411 0.8963284340874689
0.4939219112531451 0.8963284340874689
0.4979623152935492 0.8963284340874689
0.5020027193339532 0.8963284340874689
0.5060431233743572 0.8963284340874689
0.5100835274147613 0.8963284340874689
0.5141239314551653 0.8963284340874689
0.5181643354955694 0.8963284340874689
0.5222047395359735 0.8963284340874689
0.5262451435763775 0.8963284340874689
0.5302855476167815 0.8963284340874689
0.5343259516571855 0.8963284340874689
0.5383663556975896 0.8963284340874689
0.5424067597379936 0.8963284340874689
0.5464471637783976 0.8963284340874689
0.5504875678188017 0.8963284340874689
0.5545279718592058 0.8963284340874689
0.5585683758996098 0.8963284340874689
0.5626087799400139 0.8963284340874689
0.5666491839804179 0.8963284340874689
0.5706895880208219 0.8963284340874689
0.5747299920612259 0.8963284340874689
0.57877039610163 0.8963284340874689
0.582810800142034 0.8963284340874689
0.5868512041824381 0.8963284340874689
0.5908916082228421 0.8963284340874689
0.5949320122632462 0.8963284340874689
0.5989724163036502 0.8963284340874689
0.6030128203440542 0.8963284340874689
0.6070532243844582 0.8963284340874689
0.6110936284248623 0.8963284340874689
0.6151340324652663 0.8963284340874689
0.6191744365056704 0.8963284340874689
0.6232148405460745 0.8963284340874689
0.6272552445864785 0.8963284340874689
0.6312956486268826 0.8963284340874689
0.6353360526672865 0.8963284340874689
0.6393764567076906 0.8963284340874689
0.6434168607480946 0.8963284340874689
0.6474572647884986 0.8963284340874689
0.6514976688289027 0.8963284340874689
0.6555380728693068 0.8963284340874689
0.6595784769097108 0.8963284340874689
0.6636188809501149 0.8963284340874689
0.6676592849905189 0.8963284340874689
0.6716996890309229 0.8963284340874689
0.6757400930713269 0.8963284340874689
0.6797804971117309 0.8963284340874689
0.683820901152135 0.8963284340874689
0.6878613051925391 0.8963284340874689
0.6919017092329431 0.8963284340874689
0.6959421132733472 0.8963284340874689
0.6999825173137513 0.8963284340874689
0.2999825173137512 0.9003688381278729
0.3040229213541552 0.9003688381278729
0.3080633253945593 0.9003688381278729
0.31210372943496334 0.9003688381278729
0.31614413347536735 0.9003688381278729
0.32018453751577136 0.9003688381278729
0.32422494155617543 0.9003688381278729
0.3282653455965795 0.9003688381278729
0.3323057496369835 0.9003688381278729
0.33634615367738757 0.9003688381278729
0.3403865577177916 0.9003688381278729
0.34442696175819565 0.9003688381278729
0.3484673657985997 0.9003688381278729
0.3525077698390037 0.9003688381278729
0.35654817387940774 0.9003688381278729
0.3605885779198118 0.9003688381278729
0.36462898196021587 0.9003688381278729
0.3686693860006199 0.9003688381278729
0.3727097900410239 0.9003688381278729
0.37675019408142796 0.9003688381278729
0.380790598121832 0.9003688381278729
0.38483100216223604 0.9003688381278729
0.3888714062026401 0.9003688381278729
0.3929118102430441 0.9003688381278729
0.3969522142834482 0.9003688381278729
0.4009926183238522 0.9003688381278729
0.40503302236425626 0.9003688381278729
0.40907342640466027 0.9003688381278729
0.41311383044506433 0.9003688381278729
0.4171542344854684 0.9003688381278729
0.4211946385258724 0.9003688381278729
0.4252350425662764 0.9003688381278729
0.4292754466066805 0.9003688381278729
0.4413966587278926 0.9003688381278729
0.44543706276829664 0.9003688381278729
0.4494774668087007 0.9003688381278729
0.4535178708491047 0.9003688381278729
0.45755827488950873 0.9003688381278729
0.4615986789299128 0.9003688381278729
0.46563908297031686 0.9003688381278729
0.46967948701072093 0.9003688381278729
0.47371989105112494 0.9003688381278729
0.47776029509152895 0.9003688381278729
0.481800699131933 0.9003688381278729
0.4858411031723371 0.9003688381278729
0.4898815072127411 0.9003688381278729
0.4939219112531451 0.9003688381278729
0.4979623152935492 0.9003688381278729
0.5020027193339532 0.9003688381278729
0.5060431233743572 0.9003688381278729
0.5100835274147613 0.9003688381278729
0.5141239314551653 0.9003688381278729
0.5181643354955694 0.9003688381278729
0.5222047395359735 0.9003688381278729
0.5262451435763775 0.9003688381278729
0.5302855476167815 0.9003688381278729
0.5343259516571855 0.9003688381278729
0.5383663556975896 0.9003688381278729
0.5424067597379936 0.9003688381278729
0.5464471637783976 0.9003688381278729
0.5504875678188017 0.9003688381278729
0.5545279718592058 0.9003688381278729
0.5585683758996098 0.9003688381278729
0.5626087799400139 0.9003688381278729
0.5666491839804179 0.9003688381278729
0.5706895880208219 0.9003688381278729
0.5747299920612259 0.9003688381278729
0.57877039610163 0.9003688381278729
0.582810800142034 0.9003688381278729
0.5868512041824381 0.9003688381278729
0.5908916082228421 0.9003688381278729
0.5949320122632462 0.9003688381278729
0.5989724163036502 0.9003688381278729
0.6030128203440542 0.9003688381278729
0.6070532243844582 0.9003688381278729
0.6110936284248623 0.9003688381278729
0.6151340324652663 0.9003688381278729
0.6191744365056704 0.9003688381278729
0.6232148405460745 0.9003688381278729
0.6272552445864785 0.9003688381278729
0.6312956486268826 0.9003688381278729
0.6353360526672865 0.9003688381278729
0.6393764567076906 0.9003688381278729
0.6434168607480946 0.9003688381278729
0.6474572647884986 0.9003688381278729
0.6514976688289027 0.9003688381278729
0.6555380728693068 0.9003688381278729
0.6595784769097108 0.9003688381278729
0.6636188809501149 0.9003688381278729
0.6676592849905189 0.9003688381278729
0.6716996890309229 0.9003688381278729
0.6757400930713269 0.9003688381278729
0.6797804971117309 0.9003688381278729
0.683820901152135 0.9003688381278729
0.6878613051925391 0.9003688381278729
0.6919017092329431 0.9003688381278729
0.6959421132733472 0.9003688381278729
0.6999825173137513 0.9003688381278729
0.2999825173137512 0.904409242168277
0.3040229213541552 0.904409242168277
0.3080633253945593 0.904409242168277
0.31210372943496334 0.904409242168277
0.31614413347536735 0.904409242168277
0.32018453751577136 0.904409242168277
0.32422494155617543 0.904409242168277
0.3282653455965795 0.904409242168277
0.3323057496369835 0.904409242168277
0.33634615367738757 0.904409242168277
0.3403865577177916 0.904409242168277
0.34442696175819565 0.904409242168277
0.3484673657985997 0.904409242168277
0.3525077698390037 0.904409242168277
0.35654817387940774 0.904409242168277
0.3605885779198118 0.904409242168277
0.36462898196021587 0.904409242168277
0.3686693860006199 0.904409242168277
0.3727097900410239 0.904409242168277
0.37675019408142796 0.904409242168277
0.380790598121832 0.904409242168277
0.38483100216223604 0.904409242168277
0.3888714062026401 0.904409242168277
0.3929118102430441 0.904409242168277
0.3969522142834482 0.904409242168277
0.4009926183238522 0.904409242168277
0.40503302236425626 0.904409242168277
0.40907342640466027 0.904409242168277
0.41311383044506433 0.904409242168277
0.4171542344854684 0.904409242168277
0.4211946385258724 0.904409242168277
0.43331585064708456 0.904409242168277
0.43735625468748857 0.904409242168277
0.4413966587278926 0.904409242168277
0.44543706276829664 0.904409242168277
0.4494774668087007 0.904409242168277
0.4535178708491047 0.904409242168277
0.45755827488950873 0.904409242168277
0.4615986789299128 0.904409242168277
0.46563908297031686 0.904409242168277
0.46967948701072093 0.904409242168277
0.47371989105112494 0.904409242168277
0.47776029509152895 0.904409242168277
0.481800699131933 0.904409242168277
0.4858411031723371 0.904409242168277
0.4898815072127411 0.904409242168277
0.4939219112531451 0.904409242168277
0.4979623152935492 0.904409242168277
0.5020027193339532 0.904409242168277
0.5060431233743572 0.904409242168277
0.5100835274147613 0.904409242168277
0.5141239314551653 0.904409242168277
0.5181643354955694 0.904409242168277
0.5222047395359735 0.904409242168277
0.5262451435763775 0.904409242168277
0.5302855476167815 0.904409242168277
0.5343259516571855 0.904409242168277
0.5383663556975896 0.904409242168277
0.5424067597379936 0.904409242168277
0.5464471637783976 0.904409242168277
0.5504875678188017 0.904409242168277
0.5545279718592058 0.904409242168277
0.5585683758996098 0.904409242168277
0.5626087799400139 0.904409242168277
0.5666491839804179 0.904409242168277
0.5706895880208219 0.904409242168277
0.5747299920612259 0.904409242168277
0.57877039610163 0.904409242168277
0.582810800142034 0.904409242168277
0.5868512041824381 0.904409242168277
0.5908916082228421 0.904409242168277
0.5949320122632462 0.904409242168277
0.5989724163036502 0.904409242168277
0.6030128203440542 0.904409242168277
0.6070532243844582 0.904409242168277
0.6110936284248623 0.904409242168277
0.6151340324652663 0.904409242168277
0.6191744365056704 0.904409242168277
0.6232148405460745 0.904409242168277
0.6272552445864785 0.904409242168277
0.6312956486268826 0.904409242168277
0.6353360526672865 0.904409242168277
0.6393764567076906 0.904409242168277
0.6434168607480946 0.904409242168277
0.6474572647884986 0.904409242168277
0.6514976688289027 0.904409242168277
0.6555380728693068 0.904409242168277
0.6595784769097108 0.904409242168277
0.6636188809501149 0.904409242168277
0.6676592849905189 0.904409242168277
0.6716996890309229 0.904409242168277
0.6757400930713269 0.904409242168277
0.6797804971117309 0.904409242168277
0.683820901152135 0.904409242168277
0.6878613051925391 0.904409242168277
0.6919017092329431 0.904409242168277
0.6959421132733472 0.904409242168277
0.6999825173137513 0.904409242168277
0.2999825173137512 0.9084496462086811
0.3040229213541552 0.9084496462086811
0.3080633253945593 0.9084496462086811
0.31210372943496334 0.9084496462086811
0.31614413347536735 0.9084496462086811
0.32018453751577136 0.9084496462086811
0.32422494155617543 0.9084496462086811
0.3282653455965795 0.9084496462086811
0.3323057496369835 0.9084496462086811
0.33634615367738757 0.9084496462086811
0.3403865577177916 0.9084496462086811
0.34442696175819565 0.9084496462086811
0.3484673657985997 0.9084496462086811
0.3525077698390037 0.9084496462086811
0.35654817387940774 0.9084496462086811
0.3605885779198118 0.9084496462086811
0.36462898196021587 0.9084496462086811
0.3686693860006199 0.9084496462086811
0.3727097900410239 0.9084496462086811
0.37675019408142796 0.9084496462086811
0.380790598121832 0.9084496462086811
0.38483100216223604 0.9084496462086811
0.3888714062026401 0.9084496462086811
0.3929118102430441 0.9084496462086811
0.3969522142834482 0.9084496462086811
0.4009926183238522 0.9084496462086811
0.40503302236425626 0.9084496462086811
0.40907342640466027 0.9084496462086811
0.41311383044506433 0.9084496462086811
0.4252350425662764 0.9084496462086811
0.4292754466066805 0.9084496462086811
0.43331585064708456 0.9084496462086811
0.43735625468748857 0.9084496462086811
0.4413966587278926 0.9084496462086811
0.44543706276829664 0.9084496462086811
0.4494774668087007 0.9084496462086811
0.4535178708491047 0.9084496462086811
0.45755827488950873 0.9084496462086811
0.4615986789299128 0.9084496462086811
0.46563908297031686 0.9084496462086811
0.46967948701072093 0.9084496462086811
0.47371989105112494 0.9084496462086811
0.47776029509152895 0.9084496462086811
0.481800699131933 0.9084496462086811
0.4858411031723371 0.9084496462086811
0.4898815072127411 0.9084496462086811
0.4939219112531451 0.9084496462086811
0.4979623152935492 0.9084496462086811
0.5020027193339532 0.9084496462086811
0.5060431233743572 0.9084496462086811
0.5100835274147613 0.9084496462086811
0.5141239314551653 0.9084496462086811
0.5181643354955694 0.9084496462086811
0.5222047395359735 0.9084496462086811
0.5262451435763775 0.9084496462086811
0.5302855476167815 0.9084496462086811
0.5343259516571855 0.9084496462086811
0.5383663556975896 0.9084496462086811
0.5424067597379936 0.9084496462086811
0.5464471637783976 0.9084496462086811
0.5504875678188017 0.9084496462086811
0.5545279718592058 0.9084496462086811
0.5585683758996098 0.9084496462086811
0.5626087799400139 0.9084496462086811
0.5666491839804179 0.9084496462086811
0.5706895880208219 0.9084496462086811
0.5747299920612259 0.9084496462086811
0.57877039610163 0.9084496462086811
0.582810800142034 0.9084496462086811
0.5868512041824381 0.9084496462086811
0.5908916082228421 0.9084496462086811
0.5949320122632462 0.9084496462086811
0.5989724163036502 0.9084496462086811
0.6030128203440542 0.9084496462086811
0.6070532243844582 0.9084496462086811
0.6110936284248623 0.9084496462086811
0.6151340324652663 0.9084496462086811
0.6191744365056704 0.9084496462086811
0.6232148405460745 0.9084496462086811
0.6272552445864785 0.9084496462086811
0.6312956486268826 0.9084496462086811
0.6353360526672865 0.9084496462086811
0.6393764567076906 0.9084496462086811
0.6434168607480946 0.9084496462086811
0.6474572647884986 0.9084496462086811
0.6514976688289027 0.9084496462086811
0.6555380728693068 0.9084496462086811
0.6595784769097108 0.9084496462086811
0.6636188809501149 0.9084496462086811
0.6676592849905189 0.9084496462086811
0.6716996890309229 0.9084496462086811
0.6757400930713269 0.9084496462086811
0.6797804971117309 0.9084496462086811
0.683820901152135 0.9084496462086811
0.6878613051925391 0.9084496462086811
0.6919017092329431 0.9084496462086811
0.6959421132733472 0.9084496462086811
0.6999825173137513 0.9084496462086811
0.2999825173137512 0.912490050249085
0.3040229213541552 0.912490050249085
0.3080633253945593 0.912490050249085
0.31210372943496334 0.912490050249085
0.31614413347536735 0.912490050249085
0.32018453751577136 0.912490050249085
0.32422494155617543 0.912490050249085
0.3282653455965795 0.912490050249085
0.3323057496369835 0.912490050249085
0.33634615367738757 0.912490050249085
0.3403865577177916 0.912490050249085
0.34442696175819565 0.912490050249085
0.3484673657985997 0.912490050249085
0.3525077698390037 0.912490050249085
0.35654817387940774 0.912490050249085
0.3605885779198118 0.912490050249085
0.36462898196021587 0.912490050249085
0.3686693860006199 0.912490050249085
0.3727097900410239 0.912490050249085
0.37675019408142796 0.912490050249085
0.380790598121832 0.912490050249085
0.38483100216223604 0.912490050249085
0.3888714062026401 0.912490050249085
0.3929118102430441 0.912490050249085
0.3969522142834482 0.912490050249085
0.4009926183238522 0.912490050249085
0.4171542344854684 0.912490050249085
0.4211946385258724 0.912490050249085
0.4292754466066805 0.912490050249085
0.43331585064708456 0.912490050249085
0.43735625468748857 0.912490050249085
0.4413966587278926 0.912490050249085
0.44543706276829664 0.912490050249085
0.4494774668087007 0.912490050249085
0.4535178708491047 0.912490050249085
0.45755827488950873 0.912490050249085
0.4615986789299128 0.912490050249085
0.46563908297031686 0.912490050249085
0.46967948701072093 0.912490050249085
0.47371989105112494 0.912490050249085
0.47776029509152895 0.912490050249085
0.481800699131933 0.912490050249085
0.4858411031723371 0.912490050249085
0.4898815072127411 0.912490050249085
0.4939219112531451 0.912490050249085
0.4979623152935492 0.912490050249085
0.5020027193339532 0.912490050249085
0.5060431233743572 0.912490050249085
0.5100835274147613 0.912490050249085
0.5141239314551653 0.912490050249085
0.5181643354955694 0.912490050249085
0.5222047395359735 0.912490050249085
0.5262451435763775 0.912490050249085
0.5302855476167815 0.912490050249085
0.5343259516571855 0.912490050249085
0.5383663556975896 0.912490050249085
0.5424067597379936 0.912490050249085
0.5464471637783976 0.912490050249085
0.5504875678188017 0.912490050249085
0.5545279718592058 0.912490050249085
0.5585683758996098 0.912490050249085
0.5626087799400139 0.912490050249085
0.5666491839804179 0.912490050249085
0.5706895880208219 0.912490050249085
0.5747299920612259 0.912490050249085
0.57877039610163 0.912490050249085
0.582810800142034 0.912490050249085
0.5868512041824381 0.912490050249085
0.5908916082228421 0.912490050249085
0.5949320122632462 0.912490050249085
0.5989724163036502 0.912490050249085
0.6030128203440542 0.912490050249085
0.6070532243844582 0.912490050249085
0.6110936284248623 0.912490050249085
0.6151340324652663 0.912490050249085
0.6191744365056704 0.912490050249085
0.6232148405460745 0.912490050249085
0.6272552445864785 0.912490050249085
0.6312956486268826 0.912490050249085
0.6353360526672865 0.912490050249085
0.6393764567076906 0.912490050249085
0.6434168607480946 0.912490050249085
0.6474572647884986 0.912490050249085
0.6514976688289027 0.912490050249085
0.6555380728693068 0.912490050249085
0.6595784769097108 0.912490050249085
0.6636188809501149 0.912490050249085
0.6676592849905189 0.912490050249085
0.6716996890309229 0.912490050249085
0.6757400930713269 0.912490050249085
0.6797804971117309 0.912490050249085
0.683820901152135 0.912490050249085
0.6878613051925391 0.912490050249085
0.6919017092329431 0.912490050249085
0.6959421132733472 0.912490050249085
0.6999825173137513 0.912490050249085
0.2999825173137512 0.9165304542894891
0.3040229213541552 0.9165304542894891
0.3080633253945593 0.9165304542894891
0.31210372943496334 0.9165304542894891
0.31614413347536735 0.9165304542894891
0.32018453751577136 0.9165304542894891
0.32422494155617543 0.9165304542894891
0.3282653455965795 0.9165304542894891
0.3323057496369835 0.9165304542894891
0.33634615367738757 0.9165304542894891
0.3403865577177916 0.9165304542894891
0.34442696175819565 0.9165304542894891
0.3484673657985997 0.9165304542894891
0.3525077698390037 0.9165304542894891
0.35654817387940774 0.9165304542894891
0.3605885779198118 0.9165304542894891
0.36462898196021587 0.9165304542894891
0.3686693860006199 0.9165304542894891
0.3727097900410239 0.9165304542894891
0.37675019408142796 0.9165304542894891
0.380790598121832 0.9165304542894891
0.38483100216223604 0.9165304542894891
0.3888714062026401 0.9165304542894891
0.3929118102430441 0.9165304542894891
0.40503302236425626 0.9165304542894891
0.40907342640466027 0.9165304542894891
0.41311383044506433 0.9165304542894891
0.4171542344854684 0.9165304542894891
0.4211946385258724 0.9165304542894891
0.4252350425662764 0.9165304542894891
0.4292754466066805 0.9165304542894891
0.43331585064708456 0.9165304542894891
0.43735625468748857 0.9165304542894891
0.4413966587278926 0.9165304542894891
0.44543706276829664 0.9165304542894891
0.4494774668087007 0.9165304542894891
0.4535178708491047 0.9165304542894891
0.45755827488950873 0.9165304542894891
0.4615986789299128 0.9165304542894891
0.46563908297031686 0.9165304542894891
0.46967948701072093 0.9165304542894891
0.47371989105112494 0.9165304542894891
0.47776029509152895 0.9165304542894891
0.481800699131933 0.9165304542894891
0.4858411031723371 0.9165304542894891
0.4898815072127411 0.9165304542894891
0.4939219112531451 0.9165304542894891
0.4979623152935492 0.9165304542894891
0.5020027193339532 0.9165304542894891
0.5060431233743572 0.9165304542894891
0.5100835274147613 0.9165304542894891
0.5141239314551653 0.9165304542894891
0.5181643354955694 0.9165304542894891
0.5222047395359735 0.9165304542894891
0.5262451435763775 0.9165304542894891
0.5302855476167815 0.9165304542894891
0.5343259516571855 0.9165304542894891
0.5383663556975896 0.9165304542894891
0.5424067597379936 0.9165304542894891
0.5464471637783976 0.9165304542894891
0.5504875678188017 0.9165304542894891
0.5545279718592058 0.9165304542894891
0.5585683758996098 0.9165304542894891
0.5626087799400139 0.9165304542894891
0.5666491839804179 0.9165304542894891
0.5706895880208219 0.9165304542894891
0.5747299920612259 0.9165304542894891
0.57877039610163 0.9165304542894891
0.582810800142034 0.9165304542894891
0.5868512041824381 0.9165304542894891
0.5908916082228421 0.9165304542894891
0.5949320122632462 0.9165304542894891
0.5989724163036502 0.9165304542894891
0.6030128203440542 0.9165304542894891
0.6070532243844582 0.9165304542894891
0.6110936284248623 0.9165304542894891
0.6151340324652663 0.9165304542894891
0.6191744365056704 0.9165304542894891
0.6232148405460745 0.9165304542894891
0.6272552445864785 0.9165304542894891
0.6312956486268826 0.9165304542894891
0.6353360526672865 0.9165304542894891
0.6393764567076906 0.9165304542894891
0.6434168607480946 0.9165304542894891
0.6474572647884986 0.9165304542894891
0.6514976688289027 0.9165304542894891
0.6555380728693068 0.9165304542894891
0.6595784769097108 0.9165304542894891
0.6636188809501149 0.9165304542894891
0.6676592849905189 0.9165304542894891
0.6716996890309229 0.9165304542894891
0.6757400930713269 0.9165304542894891
0.6797804971117309 0.9165304542894891
0.683820901152135 0.9165304542894891
0.6878613051925391 0.9165304542894891
0.6919017092329431 0.9165304542894891
0.6959421132733472 0.9165304542894891
0.6999825173137513 0.9165304542894891
0.2999825173137512 0.920570858329893
0.3040229213541552 0.920570858329893
0.3080633253945593 0.920570858329893
0.31210372943496334 0.920570858329893
0.31614413347536735 0.920570858329893
0.32018453751577136 0.920570858329893
0.32422494155617543 0.920570858329893
0.3282653455965795 0.920570858329893
0.3323057496369835 0.920570858329893
0.33634615367738757 0.920570858329893
0.3403865577177916 0.920570858329893
0.34442696175819565 0.920570858329893
0.3484673657985997 0.920570858329893
0.3525077698390037 0.920570858329893
0.35654817387940774 0.920570858329893
0.3605885779198118 0.920570858329893
0.36462898196021587 0.920570858329893
0.3686693860006199 0.920570858329893
0.3727097900410239 0.920570858329893
0.37675019408142796 0.920570858329893
0.380790598121832 0.920570858329893
0.38483100216223604 0.920570858329893
0.3969522142834482 0.920570858329893
0.4009926183238522 0.920570858329893
0.40503302236425626 0.920570858329893
0.40907342640466027 0.920570858329893
0.41311383044506433 0.920570858329893
0.4171542344854684 0.920570858329893
0.4211946385258724 0.920570858329893
0.4252350425662764 0.920570858329893
0.4292754466066805 0.920570858329893
0.43331585064708456 0.920570858329893
0.43735625468748857 0.920570858329893
0.4413966587278926 0.920570858329893
0.44543706276829664 0.920570858329893
0.4494774668087007 0.920570858329893
0.4535178708491047 0.920570858329893
0.45755827488950873 0.920570858329893
0.4615986789299128 0.920570858329893
0.46563908297031686 0.920570858329893
0.46967948701072093 0.920570858329893
0.47371989105112494 0.920570858329893
0.47776029509152895 0.920570858329893
0.481800699131933 0.920570858329893
0.4858411031723371 0.920570858329893
0.4898815072127411 0.920570858329893
0.4939219112531451 0.920570858329893
0.4979623152935492 0.920570858329893
0.5020027193339532 0.920570858329893
0.5060431233743572 0.920570858329893
0.5100835274147613 0.920570858329893
0.5141239314551653 0.920570858329893
0.5181643354955694 0.920570858329893
0.5222047395359735 0.920570858329893
0.5262451435763775 0.920570858329893
0.5302855476167815 0.920570858329893
0.5343259516571855 0.920570858329893
0.5383663556975896 0.920570858329893
0.5424067597379936 0.920570858329893
0.5464471637783976 0.920570858329893
0.5504875678188017 0.920570858329893
0.5545279718592058 0.920570858329893
0.5585683758996098 0.920570858329893
0.5626087799400139 0.920570858329893
0.5666491839804179 0.920570858329893
0.5706895880208219 0.920570858329893
0.5747299920612259 0.920570858329893
0.57877039610163 0.920570858329893
0.582810800142034 0.920570858329893
0.5868512041824381 0.920570858329893
0.5908916082228421 0.920570858329893
0.5949320122632462 0.920570858329893
0.5989724163036502 0.920570858329893
0.6030128203440542 0.920570858329893
0.6070532243844582 0.920570858329893
0.6110936284248623 0.920570858329893
0.6151340324652663 0.920570858329893
0.6191744365056704 0.920570858329893
0.6232148405460745 0.920570858329893
0.6272552445864785 0.920570858329893
0.6312956486268826 0.920570858329893
0.6353360526672865 0.920570858329893
0.6393764567076906 0.920570858329893
0.6434168607480946 0.920570858329893
0.6474572647884986 0.920570858329893
0.6514976688289027 0.920570858329893
0.6555380728693068 0.920570858329893
0.6595784769097108 0.920570858329893
0.6636188809501149 0.920570858329893
0.6676592849905189 0.920570858329893
0.6716996890309229 0.920570858329893
0.6757400930713269 0.920570858329893
0.6797804971117309 0.920570858329893
0.683820901152135 0.920570858329893
0.6878613051925391 0.920570858329893
0.6919017092329431 0.920570858329893
0.6959421132733472 0.920570858329893
0.6999825173137513 0.920570858329893
0.2999825173137512 0.9246112623702971
0.3040229213541552 0.9246112623702971
0.3080633253945593 0.9246112623702971
0.31210372943496334 0.9246112623702971
0.31614413347536735 0.9246112623702971
0.32018453751577136 0.9246112623702971
0.32422494155617543 0.9246112623702971
0.3282653455965795 0.9246112623702971
0.3323057496369835 0.9246112623702971
0.33634615367738757 0.9246112623702971
0.3403865577177916 0.9246112623702971
0.34442696175819565 0.9246112623702971
0.3484673657985997 0.9246112623702971
0.3525077698390037 0.9246112623702971
0.35654817387940774 0.9246112623702971
0.3605885779198118 0.9246112623702971
0.36462898196021587 0.9246112623702971
0.3686693860006199 0.9246112623702971
0.3727097900410239 0.9246112623702971
0.3888714062026401 0.9246112623702971
0.3929118102430441 0.9246112623702971
0.3969522142834482 0.9246112623702971
0.4009926183238522 0.9246112623702971
0.40503302236425626 0.9246112623702971
0.40907342640466027 0.9246112623702971
0.41311383044506433 0.9246112623702971
0.4171542344854684 0.9246112623702971
0.4211946385258724 0.9246112623702971
0.4252350425662764 0.9246112623702971
0.4292754466066805 0.9246112623702971
0.43331585064708456 0.9246112623702971
0.43735625468748857 0.9246112623702971
0.4413966587278926 0.9246112623702971
0.44543706276829664 0.9246112623702971
0.4494774668087007 0.9246112623702971
0.4535178708491047 0.9246112623702971
0.45755827488950873 0.9246112623702971
0.4615986789299128 0.9246112623702971
0.46563908297031686 0.9246112623702971
0.46967948701072093 0.9246112623702971
0.47371989105112494 0.9246112623702971
0.47776029509152895 0.9246112623702971
0.481800699131933 0.9246112623702971
0.4858411031723371 0.9246112623702971
0.4898815072127411 0.9246112623702971
0.4939219112531451 0.9246112623702971
0.4979623152935492 0.9246112623702971
0.5020027193339532 0.9246112623702971
0.5060431233743572 0.9246112623702971
0.5100835274147613 0.9246112623702971
0.5141239314551653 0.9246112623702971
0.5181643354955694 0.9246112623702971
0.5222047395359735 0.9246112623702971
0.5262451435763775 0.9246112623702971
0.5302855476167815 0.9246112623702971
0.5343259516571855 0.9246112623702971
0.5383663556975896 0.9246112623702971
0.5424067597379936 0.9246112623702971
0.5464471637783976 0.9246112623702971
0.5504875678188017 0.9246112623702971
0.5545279718592058 0.9246112623702971
0.5585683758996098 0.9246112623702971
0.5626087799400139 0.9246112623702971
0.5666491839804179 0.9246112623702971
0.5706895880208219 0.9246112623702971
0.5747299920612259 0.9246112623702971
0.57877039610163 0.9246112623702971
0.582810800142034 0.9246112623702971
0.5868512041824381 0.9246112623702971
0.5908916082228421 0.9246112623702971
0.5949320122632462 0.9246112623702971
0.5989724163036502 0.9246112623702971
0.6030128203440542 0.9246112623702971
0.6070532243844582 0.9246112623702971
0.6110936284248623 0.9246112623702971
0.6151340324652663 0.9246112623702971
0.6191744365056704 0.9246112623702971
0.6232148405460745 0.9246112623702971
0.6272552445864785 0.9246112623702971
0.6312956486268826 0.9246112623702971
0.6353360526672865 0.9246112623702971
0.6393764567076906 0.9246112623702971
0.6434168607480946 0.9246112623702971
0.6474572647884986 0.9246112623702971
0.6514976688289027 0.9246112623702971
0.6555380728693068 0.9246112623702971
0.6595784769097108 0.9246112623702971
0.6636188809501149 0.9246112623702971
0.6676592849905189 0.9246112623702971
0.6716996890309229 0.9246112623702971
0.6757400930713269 0.9246112623702971
0.6797804971117309 0.9246112623702971
0.683820901152135 0.9246112623702971
0.6878613051925391 0.9246112623702971
0.6919017092329431 0.9246112623702971
0.6959421132733472 0.9246112623702971
0.6999825173137513 0.9246112623702971
0.2999825173137512 0.9286516664107012
0.3040229213541552 0.9286516664107012
0.3080633253945593 0.9286516664107012
0.31210372943496334 0.9286516664107012
0.31614413347536735 0.9286516664107012
0.32018453751577136 0.9286516664107012
0.32422494155617543 0.9286516664107012
0.3282653455965795 0.9286516664107012
0.3323057496369835 0.9286516664107012
0.33634615367738757 0.9286516664107012
0.3403865577177916 0.9286516664107012
0.34442696175819565 0.9286516664107012
0.3484673657985997 0.9286516664107012
0.3525077698390037 0.9286516664107012
0.35654817387940774 0.9286516664107012
0.3605885779198118 0.9286516664107012
0.36462898196021587 0.9286516664107012
0.37675019408142796 0.9286516664107012
0.380790598121832 0.9286516664107012
0.38483100216223604 0.9286516664107012
0.3888714062026401 0.9286516664107012
0.3929118102430441 0.9286516664107012
0.4009926183238522 0.9286516664107012
0.40503302236425626 0.9286516664107012
0.40907342640466027 0.9286516664107012
0.41311383044506433 0.9286516664107012
0.4171542344854684 0.9286516664107012
0.4211946385258724 0.9286516664107012
0.4252350425662764 0.9286516664107012
0.4292754466066805 0.9286516664107012
0.43331585064708456 0.9286516664107012
0.43735625468748857 0.9286516664107012
0.4413966587278926 0.9286516664107012
0.44543706276829664 0.9286516664107012
0.4494774668087007 0.9286516664107012
0.4535178708491047 0.9286516664107012
0.45755827488950873 0.9286516664107012
0.4615986789299128 0.9286516664107012
0.46563908297031686 0.9286516664107012
0.46967948701072093 0.9286516664107012
0.47371989105112494 0.9286516664107012
0.47776029509152895 0.9286516664107012
0.481800699131933 0.9286516664107012
0.4858411031723371 0.9286516664107012
0.4898815072127411 0.9286516664107012
0.4939219112531451 0.9286516664107012
0.4979623152935492 0.9286516664107012
0.5020027193339532 0.9286516664107012
0.5060431233743572 0.9286516664107012
0.5100835274147613 0.9286516664107012
0.5141239314551653 0.9286516664107012
0.5181643354955694 0.9286516664107012
0.5222047395359735 0.9286516664107012
0.5262451435763775 0.9286516664107012
0.5302855476167815 0.9286516664107012
0.5343259516571855 0.9286516664107012
0.5383663556975896 0.9286516664107012
0.5424067597379936 0.9286516664107012
0.5464471637783976 0.9286516664107012
0.5504875678188017 0.9286516664107012
0.5545279718592058 0.9286516664107012
0.5585683758996098 0.9286516664107012
0.5626087799400139 0.9286516664107012
0.5666491839804179 0.9286516664107012
0.5706895880208219 0.9286516664107012
0.5747299920612259 0.9286516664107012
0.57877039610163 0.9286516664107012
0.582810800142034 0.9286516664107012
0.5868512041824381 0.9286516664107012
0.5908916082228421 0.9286516664107012
0.5949320122632462 0.9286516664107012
0.5989724163036502 0.9286516664107012
0.6030128203440542 0.9286516664107012
0.6070532243844582 0.9286516664107012
0.6110936284248623 0.9286516664107012
0.6151340324652663 0.9286516664107012
0.6191744365056704 0.9286516664107012
0.6232148405460745 0.9286516664107012
0.6272552445864785 0.9286516664107012
0.6312956486268826 0.9286516664107012
0.6353360526672865 0.9286516664107012
0.6393764567076906 0.9286516664107012
0.6434168607480946 0.9286516664107012
0.6474572647884986 0.9286516664107012
0.6514976688289027 0.9286516664107012
0.6555380728693068 0.9286516664107012
0.6595784769097108 0.9286516664107012
0.6636188809501149 0.9286516664107012
0.6676592849905189 0.9286516664107012
0.6716996890309229 0.9286516664107012
0.6757400930713269 0.9286516664107012
0.6797804971117309 0.9286516664107012
0.683820901152135 0.9286516664107012
0.6878613051925391 0.9286516664107012
0.6919017092329431 0.9286516664107012
0.6959421132733472 0.9286516664107012
0.6999825173137513 0.9286516664107012
0.2999825173137512 0.9326920704511052
0.3040229213541552 0.9326920704511052
0.3080633253945593 0.9326920704511052
0.31210372943496334 0.9326920704511052
0.31614413347536735 0.9326920704511052
0.32018453751577136 0.9326920704511052
0.32422494155617543 0.9326920704511052
0.3282653455965795 0.9326920704511052
0.3323057496369835 0.9326920704511052
0.33634615367738757 0.9326920704511052
0.3403865577177916 0.9326920704511052
0.34442696175819565 0.9326920704511052
0.3484673657985997 0.9326920704511052
0.3525077698390037 0.9326920704511052
0.3686693860006199 0.9326920704511052
0.3727097900410239 0.9326920704511052
0.37675019408142796 0.9326920704511052
0.380790598121832 0.9326920704511052
0.38483100216223604 0.9326920704511052
0.3888714062026401 0.9326920704511052
0.3929118102430441 0.9326920704511052
0.3969522142834482 0.9326920704511052
0.4009926183238522 0.9326920704511052
0.40503302236425626 0.9326920704511052
0.40907342640466027 0.9326920704511052
0.41311383044506433 0.9326920704511052
0.4171542344854684 0.9326920704511052
0.4211946385258724 0.9326920704511052
0.4252350425662764 0.9326920704511052
0.4292754466066805 0.9326920704511052
0.43331585064708456 0.9326920704511052
0.43735625468748857 0.9326920704511052
0.4413966587278926 0.9326920704511052
0.44543706276829664 0.9326920704511052
0.4494774668087007 0.9326920704511052
0.4535178708491047 0.9326920704511052
0.45755827488950873 0.9326920704511052
0.4615986789299128 0.9326920704511052
0.46563908297031686 0.9326920704511052
0.46967948701072093 0.9326920704511052
0.47371989105112494 0.9326920704511052
0.47776029509152895 0.9326920704511052
0.481800699131933 0.9326920704511052
0.4858411031723371 0.9326920704511052
0.4898815072127411 0.9326920704511052
0.4939219112531451 0.9326920704511052
0.4979623152935492 0.9326920704511052
0.5020027193339532 0.9326920704511052
0.5060431233743572 0.9326920704511052
0.5100835274147613 0.9326920704511052
0.5141239314551653 0.9326920704511052
0.5181643354955694 0.9326920704511052
0.5222047395359735 0.9326920704511052
0.5262451435763775 0.9326920704511052
0.5302855476167815 0.9326920704511052
0.5343259516571855 0.9326920704511052
0.5383663556975896 0.9326920704511052
0.5424067597379936 0.9326920704511052
0.5464471637783976 0.9326920704511052
0.5504875678188017 0.9326920704511052
0.5545279718592058 0.9326920704511052
0.5585683758996098 0.9326920704511052
0.5626087799400139 0.9326920704511052
0.5666491839804179 0.9326920704511052
0.5706895880208219 0.9326920704511052
0.5747299920612259 0.9326920704511052
0.57877039610163 0.9326920704511052
0.582810800142034 0.9326920704511052
0.5868512041824381 0.9326920704511052
0.5908916082228421 0.9326920704511052
0.5949320122632462 0.9326920704511052
0.5989724163036502 0.9326920704511052
0.6030128203440542 0.9326920704511052
0.6070532243844582 0.9326920704511052
0.6110936284248623 0.9326920704511052
0.6151340324652663 0.9326920704511052
0.6191744365056704 0.9326920704511052
0.6232148405460745 0.9326920704511052
0.6272552445864785 0.9326920704511052
0.6312956486268826 0.9326920704511052
0.6353360526672865 0.9326920704511052
0.6393764567076906 0.9326920704511052
0.6434168607480946 0.9326920704511052
0.6474572647884986 0.9326920704511052
0.6514976688289027 0.9326920704511052
0.6555380728693068 0.9326920704511052
0.6595784769097108 0.9326920704511052
0.6636188809501149 0.9326920704511052
0.6676592849905189 0.9326920704511052
0.6716996890309229 0.9326920704511052
0.6757400930713269 0.9326920704511052
0.6797804971117309 0.9326920704511052
0.683820901152135 0.9326920704511052
0.6878613051925391 0.9326920704511052
0.6919017092329431 0.9326920704511052
0.6959421132733472 0.9326920704511052
0.6999825173137513 0.9326920704511052
0.2999825173137512 0.9367324744915093
0.3040229213541552 0.9367324744915093
0.3080633253945593 0.9367324744915093
0.31210372943496334 0.9367324744915093
0.31614413347536735 0.9367324744915093
0.32018453751577136 0.9367324744915093
0.32422494155617543 0.9367324744915093
0.3282653455965795 0.9367324744915093
0.3323057496369835 0.9367324744915093
0.33634615367738757 0.9367324744915093
0.3403865577177916 0.9367324744915093
0.34442696175819565 0.9367324744915093
0.35654817387940774 0.9367324744915093
0.3605885779198118 0.9367324744915093
0.36462898196021587 0.9367324744915093
0.3727097900410239 0.9367324744915093
0.37675019408142796 0.9367324744915093
0.380790598121832 0.9367324744915093
0.38483100216223604 0.9367324744915093
0.3888714062026401 0.9367324744915093
0.3929118102430441 0.9367324744915093
0.3969522142834482 0.9367324744915093
0.4009926183238522 0.9367324744915093
0.40503302236425626 0.9367324744915093
0.40907342640466027 0.9367324744915093
0.41311383044506433 0.9367324744915093
0.4171542344854684 0.9367324744915093
0.4211946385258724 0.9367324744915093
0.4252350425662764 0.9367324744915093
0.4292754466066805 0.9367324744915093
0.43331585064708456 0.9367324744915093
0.43735625468748857 0.9367324744915093
0.4413966587278926 0.9367324744915093
0.44543706276829664 0.9367324744915093
0.4494774668087007 0.9367324744915093
0.4535178708491047 0.9367324744915093
0.45755827488950873 0.9367324744915093
0.4615986789299128 0.9367324744915093
0.46563908297031686 0.9367324744915093
0.46967948701072093 0.9367324744915093
0.47371989105112494 0.9367324744915093
0.47776029509152895 0.9367324744915093
0.481800699131933 0.9367324744915093
0.4858411031723371 0.9367324744915093
0.4898815072127411 0.9367324744915093
0.4939219112531451 0.9367324744915093
0.4979623152935492 0.9367324744915093
0.5020027193339532 0.9367324744915093
0.5060431233743572 0.9367324744915093
0.5100835274147613 0.9367324744915093
0.5141239314551653 0.9367324744915093
0.5181643354955694 0.9367324744915093
0.5222047395359735 0.9367324744915093
0.5262451435763775 0.9367324744915093
0.5302855476167815 0.9367324744915093
0.5343259516571855 0.9367324744915093
0.5383663556975896 0.9367324744915093
0.5424067597379936 0.9367324744915093
0.5464471637783976 0.9367324744915093
0.5504875678188017 0.9367324744915093
0.5545279718592058 0.9367324744915093
0.5585683758996098 0.9367324744915093
0.5626087799400139 0.9367324744915093
0.5666491839804179 0.9367324744915093
0.5706895880208219 0.9367324744915093
0.5747299920612259 0.9367324744915093
0.57877039610163 0.9367324744915093
0.582810800142034 0.9367324744915093
0.5868512041824381 0.9367324744915093
0.5908916082228421 0.9367324744915093
0.5949320122632462 0.9367324744915093
0.5989724163036502 0.9367324744915093
0.6030128203440542 0.9367324744915093
0.6070532243844582 0.9367324744915093
0.6110936284248623 0.9367324744915093
0.6151340324652663 0.9367324744915093
0.6191744365056704 0.9367324744915093
0.6232148405460745 0.9367324744915093
0.6272552445864785 0.9367324744915093
0.6312956486268826 0.9367324744915093
0.6353360526672865 0.9367324744915093
0.6393764567076906 0.9367324744915093
0.6434168607480946 0.9367324744915093
0.6474572647884986 0.9367324744915093
0.6514976688289027 0.9367324744915093
0.6555380728693068 0.9367324744915093
0.6595784769097108 0.9367324744915093
0.6636188809501149 0.9367324744915093
0.6676592849905189 0.9367324744915093
0.6716996890309229 0.9367324744915093
0.6757400930713269 0.9367324744915093
0.6797804971117309 0.9367324744915093
0.683820901152135 0.9367324744915093
0.6878613051925391 0.9367324744915093
0.6919017092329431 0.9367324744915093
0.6959421132733472 0.9367324744915093
0.6999825173137513 0.9367324744915093
0.2999825173137512 0.9407728785319134
0.3040229213541552 0.9407728785319134
0.3080633253945593 0.9407728785319134
0.31210372943496334 0.9407728785319134
0.31614413347536735 0.9407728785319134
0.32018453751577136 0.9407728785319134
0.32422494155617543 0.9407728785319134
0.3282653455965795 0.9407728785319134
0.3323057496369835 0.9407728785319134
0.34442696175819565 0.9407728785319134
0.3484673657985997 0.9407728785319134
0.3525077698390037 0.9407728785319134
0.35654817387940774 0.9407728785319134
0.3605885779198118 0.9407728785319134
0.36462898196021587 0.9407728785319134
0.3686693860006199 0.9407728785319134
0.3727097900410239 0.9407728785319134
0.37675019408142796 0.9407728785319134
0.380790598121832 0.9407728785319134
0.38483100216223604 0.9407728785319134
0.3888714062026401 0.9407728785319134
0.3929118102430441 0.9407728785319134
0.3969522142834482 0.9407728785319134
0.4009926183238522 0.9407728785319134
0.40503302236425626 0.9407728785319134
0.40907342640466027 0.9407728785319134
0.41311383044506433 0.9407728785319134
0.4171542344854684 0.9407728785319134
0.4211946385258724 0.9407728785319134
0.4252350425662764 0.9407728785319134
0.4292754466066805 0.9407728785319134
0.43331585064708456 0.9407728785319134
0.43735625468748857 0.9407728785319134
0.4413966587278926 0.9407728785319134
0.44543706276829664 0.9407728785319134
0.4494774668087007 0.9407728785319134
0.4535178708491047 0.9407728785319134
0.45755827488950873 0.9407728785319134
0.4615986789299128 0.9407728785319134
0.46563908297031686 0.9407728785319134
0.46967948701072093 0.9407728785319134
0.47371989105112494 0.9407728785319134
0.47776029509152895 0.9407728785319134
0.481800699131933 0.9407728785319134
0.4858411031723371 0.9407728785319134
0.4898815072127411 0.9407728785319134
0.4939219112531451 0.9407728785319134
0.4979623152935492 0.9407728785319134
0.5020027193339532 0.9407728785319134
0.5060431233743572 0.9407728785319134
0.5100835274147613 0.9407728785319134
0.5141239314551653 0.9407728785319134
0.5181643354955694 0.9407728785319134
0.5222047395359735 0.9407728785319134
0.5262451435763775 0.9407728785319134
0.5302855476167815 0.9407728785319134
0.5343259516571855 0.9407728785319134
0.5383663556975896 0.9407728785319134
0.5424067597379936 0.9407728785319134
0.5464471637783976 0.9407728785319134
0.5504875678188017 0.9407728785319134
0.5545279718592058 0.9407728785319134
0.5585683758996098 0.9407728785319134
0.5626087799400139 0.9407728785319134
0.5666491839804179 0.9407728785319134
0.5706895880208219 0.9407728785319134
0.5747299920612259 0.9407728785319134
0.57877039610163 0.9407728785319134
0.582810800142034 0.9407728785319134
0.5868512041824381 0.9407728785319134
0.5908916082228421 0.9407728785319134
0.5949320122632462 0.9407728785319134
0.5989724163036502 0.9407728785319134
0.6030128203440542 0.9407728785319134
0.6070532243844582 0.9407728785319134
0.6110936284248623 0.9407728785319134
0.6151340324652663 0.9407728785319134
0.6191744365056704 0.9407728785319134
0.6232148405460745 0.9407728785319134
0.6272552445864785 0.9407728785319134
0.6312956486268826 0.9407728785319134
0.6353360526672865 0.9407728785319134
0.6393764567076906 0.9407728785319134
0.6434168607480946 0.9407728785319134
0.6474572647884986 0.9407728785319134
0.6514976688289027 0.9407728785319134
0.6555380728693068 0.9407728785319134
0.6595784769097108 0.9407728785319134
0.6636188809501149 0.9407728785319134
0.6676592849905189 0.9407728785319134
0.6716996890309229 0.9407728785319134
0.6757400930713269 0.9407728785319134
0.6797804971117309 0.9407728785319134
0.683820901152135 0.9407728785319134
0.6878613051925391 0.9407728785319134
0.6919017092329431 0.9407728785319134
0.6959421132733472 0.9407728785319134
0.6999825173137513 0.9407728785319134
0.2999825173137512 0.9448132825723174
0.3040229213541552 0.9448132825723174
0.3080633253945593 0.9448132825723174
0.31210372943496334 0.9448132825723174
0.31614413347536735 0.9448132825723174
0.32018453751577136 0.9448132825723174
0.33634615367738757 0.9448132825723174
0.3403865577177916 0.9448132825723174
0.34442696175819565 0.9448132825723174
0.3484673657985997 0.9448132825723174
0.3525077698390037 0.9448132825723174
0.35654817387940774 0.9448132825723174
0.3605885779198118 0.9448132825723174
0.36462898196021587 0.9448132825723174
0.3686693860006199 0.9448132825723174
0.3727097900410239 0.9448132825723174
0.37675019408142796 0.9448132825723174
0.380790598121832 0.9448132825723174
0.38483100216223604 0.9448132825723174
0.3888714062026401 0.9448132825723174
0.3929118102430441 0.9448132825723174
0.3969522142834482 0.9448132825723174
0.4009926183238522 0.9448132825723174
0.40503302236425626 0.9448132825723174
0.40907342640466027 0.9448132825723174
0.41311383044506433 0.9448132825723174
0.4171542344854684 0.9448132825723174
0.4211946385258724 0.9448132825723174
0.4252350425662764 0.9448132825723174
0.4292754466066805 0.9448132825723174
0.43331585064708456 0.9448132825723174
0.43735625468748857 0.9448132825723174
0.4413966587278926 0.9448132825723174
0.44543706276829664 0.9448132825723174
0.4494774668087007 0.9448132825723174
0.4535178708491047 0.9448132825723174
0.45755827488950873 0.9448132825723174
0.4615986789299128 0.9448132825723174
0.46563908297031686 0.9448132825723174
0.46967948701072093 0.9448132825723174
0.47371989105112494 0.9448132825723174
0.47776029509152895 0.9448132825723174
0.481800699131933 0.9448132825723174
0.4858411031723371 0.9448132825723174
0.4898815072127411 0.9448132825723174
0.4939219112531451 0.9448132825723174
0.4979623152935492 0.9448132825723174
0.5020027193339532 0.9448132825723174
0.5060431233743572 0.9448132825723174
0.5100835274147613 0.9448132825723174
0.5141239314551653 0.9448132825723174
0.5181643354955694 0.9448132825723174
0.5222047395359735 0.9448132825723174
0.5262451435763775 0.9448132825723174
0.5302855476167815 0.9448132825723174
0.5343259516571855 0.9448132825723174
0.5383663556975896 0.9448132825723174
0.5424067597379936 0.9448132825723174
0.5464471637783976 0.9448132825723174
0.5504875678188017 0.9448132825723174
0.5545279718592058 0.9448132825723174
0.5585683758996098 0.9448132825723174
0.5626087799400139 0.9448132825723174
0.5666491839804179 0.9448132825723174
0.5706895880208219 0.9448132825723174
0.5747299920612259 0.9448132825723174
0.57877039610163 0.9448132825723174
0.582810800142034 0.9448132825723174
0.5868512041824381 0.9448132825723174
0.5908916082228421 0.9448132825723174
0.5949320122632462 0.9448132825723174
0.5989724163036502 0.9448132825723174
0.6030128203440542 0.9448132825723174
0.6070532243844582 0.9448132825723174
0.6110936284248623 0.9448132825723174
0.6151340324652663 0.9448132825723174
0.6191744365056704 0.9448132825723174
0.6232148405460745 0.9448132825723174
0.6272552445864785 0.9448132825723174
0.6312956486268826 0.9448132825723174
0.6353360526672865 0.9448132825723174
0.6393764567076906 0.9448132825723174
0.6434168607480946 0.9448132825723174
0.6474572647884986 0.9448132825723174
0.6514976688289027 0.9448132825723174
0.6555380728693068 0.9448132825723174
0.6595784769097108 0.9448132825723174
0.6636188809501149 0.9448132825723174
0.6676592849905189 0.9448132825723174
0.6716996890309229 0.9448132825723174
0.6757400930713269 0.9448132825723174
0.6797804971117309 0.9448132825723174
0.683820901152135 0.9448132825723174
0.6878613051925391 0.9448132825723174
0.6919017092329431 0.9448132825723174
0.6959421132733472 0.9448132825723174
0.6999825173137513 0.9448132825723174
0.2999825173137512 0.9488536866127214
0.3040229213541552 0.9488536866127214
0.3080633253945593 0.9488536866127214
0.32422494155617543 0.9488536866127214
0.3282653455965795 0.9488536866127214
0.3323057496369835 0.9488536866127214
0.33634615367738757 0.9488536866127214
0.3403865577177916 0.9488536866127214
0.34442696175819565 0.9488536866127214
0.3484673657985997 0.9488536866127214
0.3525077698390037 0.9488536866127214
0.35654817387940774 0.9488536866127214
0.3605885779198118 0.9488536866127214
0.36462898196021587 0.9488536866127214
0.3686693860006199 0.9488536866127214
0.3727097900410239 0.9488536866127214
0.37675019408142796 0.9488536866127214
0.380790598121832 0.9488536866127214
0.38483100216223604 0.9488536866127214
0.3888714062026401 0.9488536866127214
0.3929118102430441 0.9488536866127214
0.3969522142834482 0.9488536866127214
0.4009926183238522 0.9488536866127214
0.40503302236425626 0.9488536866127214
0.40907342640466027 0.9488536866127214
0.41311383044506433 0.9488536866127214
0.4171542344854684 0.9488536866127214
0.4211946385258724 0.9488536866127214
0.4252350425662764 0.9488536866127214
0.4292754466066805 0.9488536866127214
0.43331585064708456 0.9488536866127214
0.43735625468748857 0.9488536866127214
0.4413966587278926 0.9488536866127214
0.44543706276829664 0.9488536866127214
0.4494774668087007 0.9488536866127214
0.4535178708491047 0.9488536866127214
0.45755827488950873 0.9488536866127214
0.4615986789299128 0.9488536866127214
0.46563908297031686 0.9488536866127214
0.46967948701072093 0.9488536866127214
0.47371989105112494 0.9488536866127214
0.47776029509152895 0.9488536866127214
0.481800699131933 0.9488536866127214
0.4858411031723371 0.9488536866127214
0.4898815072127411 0.9488536866127214
0.4939219112531451 0.9488536866127214
0.4979623152935492 0.9488536866127214
0.5020027193339532 0.9488536866127214
0.5060431233743572 0.9488536866127214
0.5100835274147613 0.9488536866127214
0.5141239314551653 0.9488536866127214
0.5181643354955694 0.9488536866127214
0.5222047395359735 0.9488536866127214
0.5262451435763775 0.9488536866127214
0.5302855476167815 0.9488536866127214
0.5343259516571855 0.9488536866127214
0.5383663556975896 0.9488536866127214
0.5424067597379936 0.9488536866127214
0.5464471637783976 0.9488536866127214
0.5504875678188017 0.9488536866127214
0.5545279718592058 0.9488536866127214
0.5585683758996098 0.9488536866127214
0.5626087799400139 0.9488536866127214
0.5666491839804179 0.9488536866127214
0.5706895880208219 0.9488536866127214
0.5747299920612259 0.9488536866127214
0.57877039610163 0.9488536866127214
0.582810800142034 0.9488536866127214
0.5868512041824381 0.9488536866127214
0.5908916082228421 0.9488536866127214
0.5949320122632462 0.9488536866127214
0.5989724163036502 0.9488536866127214
0.6030128203440542 0.9488536866127214
0.6070532243844582 0.9488536866127214
0.6110936284248623 0.9488536866127214
0.6151340324652663 0.9488536866127214
0.6191744365056704 0.9488536866127214
0.6232148405460745 0.9488536866127214
0.6272552445864785 0.9488536866127214
0.6312956486268826 0.9488536866127214
0.6353360526672865 0.9488536866127214
0.6393764567076906 0.9488536866127214
0.6434168607480946 0.9488536866127214
0.6474572647884986 0.9488536866127214
0.6514976688289027 0.9488536866127214
0.6555380728693068 0.9488536866127214
0.6595784769097108 0.9488536866127214
0.6636188809501149 0.9488536866127214
0.6676592849905189 0.9488536866127214
0.6716996890309229 0.9488536866127214
0.6757400930713269 0.9488536866127214
0.6797804971117309 0.9488536866127214
0.683820901152135 0.9488536866127214
0.6878613051925391 0.9488536866127214
0.6919017092329431 0.9488536866127214
0.6959421132733472 0.9488536866127214
0.6999825173137513 0.9488536866127214
0.31210372943496334 0.9528940906531255
0.31614413347536735 0.9528940906531255
0.32018453751577136 0.9528940906531255
0.32422494155617543 0.9528940906531255
0.3282653455965795 0.9528940906531255
0.3323057496369835 0.9528940906531255
0.33634615367738757 0.9528940906531255
0.3403865577177916 0.9528940906531255
0.34442696175819565 0.9528940906531255
0.3484673657985997 0.9528940906531255
0.3525077698390037 0.9528940906531255
0.35654817387940774 0.9528940906531255
0.3605885779198118 0.9528940906531255
0.36462898196021587 0.9528940906531255
0.3686693860006199 0.9528940906531255
0.3727097900410239 0.9528940906531255
0.37675019408142796 0.9528940906531255
0.380790598121832 0.9528940906531255
0.38483100216223604 0.9528940906531255
0.3888714062026401 0.9528940906531255
0.3929118102430441 0.9528940906531255
0.3969522142834482 0.9528940906531255
0.4009926183238522 0.9528940906531255
0.40503302236425626 0.9528940906531255
0.40907342640466027 0.9528940906531255
0.41311383044506433 0.9528940906531255
0.4171542344854684 0.9528940906531255
0.4211946385258724 0.9528940906531255
0.4252350425662764 0.9528940906531255
0.4292754466066805 0.9528940906531255
0.43331585064708456 0.9528940906531255
0.43735625468748857 0.9528940906531255
0.4413966587278926 0.9528940906531255
0.44543706276829664 0.9528940906531255
0.4494774668087007 0.9528940906531255
0.4535178708491047 0.9528940906531255
0.45755827488950873 0.9528940906531255
0.4615986789299128 0.9528940906531255
0.46563908297031686 0.9528940906531255
0.46967948701072093 0.9528940906531255
0.47371989105112494 0.9528940906531255
0.47776029509152895 0.9528940906531255
0.481800699131933 0.9528940906531255
0.4858411031723371 0.9528940906531255
0.4898815072127411 0.9528940906531255
0.4939219112531451 0.9528940906531255
0.4979623152935492 0.9528940906531255
0.5020027193339532 0.9528940906531255
0.5060431233743572 0.9528940906531255
0.5100835274147613 0.9528940906531255
0.5141239314551653 0.9528940906531255
0.5181643354955694 0.9528940906531255
0.5222047395359735 0.9528940906531255
0.5262451435763775 0.9528940906531255
0.5302855476167815 0.9528940906531255
0.5343259516571855 0.9528940906531255
0.5383663556975896 0.9528940906531255
0.5424067597379936 0.9528940906531255
0.5464471637783976 0.9528940906531255
0.5504875678188017 0.9528940906531255
0.5545279718592058 0.9528940906531255
0.5585683758996098 0.9528940906531255
0.5626087799400139 0.9528940906531255
0.5666491839804179 0.9528940906531255
0.5706895880208219 0.9528940906531255
0.5747299920612259 0.9528940906531255
0.57877039610163 0.9528940906531255
0.582810800142034 0.9528940906531255
0.5868512041824381 0.9528940906531255
0.5908916082228421 0.9528940906531255
0.5949320122632462 0.9528940906531255
0.5989724163036502 0.9528940906531255
0.6030128203440542 0.9528940906531255
0.6070532243844582 0.9528940906531255
0.6110936284248623 0.9528940906531255
0.6151340324652663 0.9528940906531255
0.6191744365056704 0.9528940906531255
0.6232148405460745 0.9528940906531255
0.6272552445864785 0.9528940906531255
0.6312956486268826 0.9528940906531255
0.6353360526672865 0.9528940906531255
0.6393764567076906 0.9528940906531255
0.6434168607480946 0.9528940906531255
0.6474572647884986 0.9528940906531255
0.6514976688289027 0.9528940906531255
0.6555380728693068 0.9528940906531255
0.6595784769097108 0.9528940906531255
0.6636188809501149 0.9528940906531255
0.6676592849905189 0.9528940906531255
0.6716996890309229 0.9528940906531255
0.6757400930713269 0.9528940906531255
0.6797804971117309 0.9528940906531255
0.683820901152135 0.9528940906531255
0.6878613051925391 0.9528940906531255
0.6919017092329431 0.9528940906531255
0.6959421132733472 0.9528940906531255
0.6999825173137513 0.9528940906531255
0.2999825173137512 0.9569344946935294
0.3040229213541552 0.9569344946935294
0.3080633253945593 0.9569344946935294
0.31210372943496334 0.9569344946935294
0.31614413347536735 0.9569344946935294
0.32018453751577136 0.9569344946935294
0.32422494155617543 0.9569344946935294
0.3282653455965795 0.9569344946935294
0.3323057496369835 0.9569344946935294
0.33634615367738757 0.9569344946935294
0.3403865577177916 0.9569344946935294
0.34442696175819565 0.9569344946935294
0.3484673657985997 0.9569344946935294
0.3525077698390037 0.9569344946935294
0.35654817387940774 0.9569344946935294
0.3605885779198118 0.9569344946935294
0.36462898196021587 0.9569344946935294
0.3686693860006199 0.9569344946935294
0.3727097900410239 0.9569344946935294
0.37675019408142796 0.9569344946935294
0.380790598121832 0.9569344946935294
0.38483100216223604 0.9569344946935294
0.3888714062026401 0.9569344946935294
0.3929118102430441 0.9569344946935294
0.3969522142834482 0.9569344946935294
0.4009926183238522 0.9569344946935294
0.40503302236425626 0.9569344946935294
0.40907342640466027 0.9569344946935294
0.41311383044506433 0.9569344946935294
0.4171542344854684 0.9569344946935294
0.4211946385258724 0.9569344946935294
0.4252350425662764 0.9569344946935294
0.4292754466066805 0.9569344946935294
0.43331585064708456 0.9569344946935294
0.43735625468748857 0.9569344946935294
0.4413966587278926 0.9569344946935294
0.44543706276829664 0.9569344946935294
0.4494774668087007 0.9569344946935294
0.4535178708491047 0.9569344946935294
0.45755827488950873 0.9569344946935294
0.4615986789299128 0.9569344946935294
0.46563908297031686 0.9569344946935294
0.46967948701072093 0.9569344946935294
0.47371989105112494 0.9569344946935294
0.47776029509152895 0.9569344946935294
0.481800699131933 0.9569344946935294
0.4858411031723371 0.9569344946935294
0.4898815072127411 0.9569344946935294
0.4939219112531451 0.9569344946935294
0.4979623152935492 0.9569344946935294
0.5020027193339532 0.9569344946935294
0.5060431233743572 0.9569344946935294
0.5100835274147613 0.9569344946935294
0.5141239314551653 0.9569344946935294
0.5181643354955694 0.9569344946935294
0.5222047395359735 0.9569344946935294
0.5262451435763775 0.9569344946935294
0.5302855476167815 0.9569344946935294
0.5343259516571855 0.9569344946935294
0.5383663556975896 0.9569344946935294
0.5424067597379936 0.9569344946935294
0.5464471637783976 0.9569344946935294
0.5504875678188017 0.9569344946935294
0.5545279718592058 0.9569344946935294
0.5585683758996098 0.9569344946935294
0.5626087799400139 0.9569344946935294
0.5666491839804179 0.9569344946935294
0.5706895880208219 0.9569344946935294
0.5747299920612259 0.9569344946935294
0.57877039610163 0.9569344946935294
0.582810800142034 0.9569344946935294
0.5868512041824381 0.9569344946935294
0.5908916082228421 0.9569344946935294
0.5949320122632462 0.9569344946935294
0.5989724163036502 0.9569344946935294
0.6030128203440542 0.9569344946935294
0.6070532243844582 0.9569344946935294
0.6110936284248623 0.9569344946935294
0.6151340324652663 0.9569344946935294
0.6191744365056704 0.9569344946935294
0.6232148405460745 0.9569344946935294
0.6272552445864785 0.9569344946935294
0.6312956486268826 0.9569344946935294
0.6353360526672865 0.9569344946935294
0.6393764567076906 0.9569344946935294
0.6434168607480946 0.9569344946935294
0.6474572647884986 0.9569344946935294
0.6514976688289027 0.9569344946935294
0.6555380728693068 0.9569344946935294
0.6595784769097108 0.9569344946935294
0.6636188809501149 0.9569344946935294
0.6676592849905189 0.9569344946935294
0.6716996890309229 0.9569344946935294
0.6757400930713269 0.9569344946935294
0.6797804971117309 0.9569344946935294
0.683820901152135 0.9569344946935294
0.6878613051925391 0.9569344946935294
0.6919017092329431 0.9569344946935294
0.6959421132733472 0.9569344946935294
0.6999825173137513 0.9569344946935294
0.2999825173137512 0.9609748987339335
0.3040229213541552 0.9609748987339335
0.3080633253945593 0.9609748987339335
0.31210372943496334 0.9609748987339335
0.31614413347536735 0.9609748987339335
0.32018453751577136 0.9609748987339335
0.32422494155617543 0.9609748987339335
0.3282653455965795 0.9609748987339335
0.3323057496369835 0.9609748987339335
0.33634615367738757 0.9609748987339335
0.3403865577177916 0.9609748987339335
0.34442696175819565 0.9609748987339335
0.3484673657985997 0.9609748987339335
0.3525077698390037 0.9609748987339335
0.35654817387940774 0.9609748987339335
0.3605885779198118 0.9609748987339335
0.36462898196021587 0.9609748987339335
0.3686693860006199 0.9609748987339335
0.3727097900410239 0.9609748987339335
0.37675019408142796 0.9609748987339335
0.380790598121832 0.9609748987339335
0.38483100216223604 0.9609748987339335
0.3888714062026401 0.9609748987339335
0.3929118102430441 0.9609748987339335
0.3969522142834482 0.9609748987339335
0.4009926183238522 0.9609748987339335
0.40503302236425626 0.9609748987339335
0.40907342640466027 0.9609748987339335
0.41311383044506433 0.9609748987339335
0.4171542344854684 0.9609748987339335
0.4211946385258724 0.9609748987339335
0.4252350425662764 0.9609748987339335
0.4292754466066805 0.9609748987339335
0.43331585064708456 0.9609748987339335
0.43735625468748857 0.9609748987339335
0.4413966587278926 0.9609748987339335
0.44543706276829664 0.9609748987339335
0.4494774668087007 0.9609748987339335
0.4535178708491047 0.9609748987339335
0.45755827488950873 0.9609748987339335
0.4615986789299128 0.9609748987339335
0.46563908297031686 0.9609748987339335
0.46967948701072093 0.9609748987339335
0.47371989105112494 0.9609748987339335
0.47776029509152895 0.9609748987339335
0.481800699131933 0.9609748987339335
0.4858411031723371 0.9609748987339335
0.4898815072127411 0.9609748987339335
0.4939219112531451 0.9609748987339335
0.4979623152935492 0.9609748987339335
0.5020027193339532 0.9609748987339335
0.5060431233743572 0.9609748987339335
0.5100835274147613 0.9609748987339335
0.5141239314551653 0.9609748987339335
0.5181643354955694 0.9609748987339335
0.5222047395359735 0.9609748987339335
0.5262451435763775 0.9609748987339335
0.5302855476167815 0.9609748987339335
0.5343259516571855 0.9609748987339335
0.5383663556975896 0.9609748987339335
0.5424067597379936 0.9609748987339335
0.5464471637783976 0.9609748987339335
0.5504875678188017 0.9609748987339335
0.5545279718592058 0.9609748987339335
0.5585683758996098 0.9609748987339335
0.5626087799400139 0.9609748987339335
0.5666491839804179 0.9609748987339335
0.5706895880208219 0.9609748987339335
0.5747299920612259 0.9609748987339335
0.57877039610163 0.9609748987339335
0.582810800142034 0.9609748987339335
0.5868512041824381 0.9609748987339335
0.5908916082228421 0.9609748987339335
0.5949320122632462 0.9609748987339335
0.5989724163036502 0.9609748987339335
0.6030128203440542 0.9609748987339335
0.6070532243844582 0.9609748987339335
0.6110936284248623 0.9609748987339335
0.6151340324652663 0.9609748987339335
0.6191744365056704 0.9609748987339335
0.6232148405460745 0.9609748987339335
0.6272552445864785 0.9609748987339335
0.6312956486268826 0.9609748987339335
0.6353360526672865 0.9609748987339335
0.6393764567076906 0.9609748987339335
0.6434168607480946 0.9609748987339335
0.6474572647884986 0.9609748987339335
0.6514976688289027 0.9609748987339335
0.6555380728693068 0.9609748987339335
0.6595784769097108 0.9609748987339335
0.6636188809501149 0.9609748987339335
0.6676592849905189 0.9609748987339335
0.6716996890309229 0.9609748987339335
0.6757400930713269 0.9609748987339335
0.6797804971117309 0.9609748987339335
0.683820901152135 0.9609748987339335
0.6878613051925391 0.9609748987339335
0.6919017092329431 0.9609748987339335
0.6959421132733472 0.9609748987339335
0.6999825173137513 0.9609748987339335
0.2999825173137512 0.9650153027743376
0.3040229213541552 0.9650153027743376
0.3080633253945593 0.9650153027743376
0.31210372943496334 0.9650153027743376
0.32018453751577136 0.9650153027743376
0.32422494155617543 0.9650153027743376
0.3282653455965795 0.9650153027743376
0.3323057496369835 0.9650153027743376
0.33634615367738757 0.9650153027743376
0.3403865577177916 0.9650153027743376
0.34442696175819565 0.9650153027743376
0.3484673657985997 0.9650153027743376
0.3525077698390037 0.9650153027743376
0.35654817387940774 0.9650153027743376
0.3605885779198118 0.9650153027743376
0.36462898196021587 0.9650153027743376
0.3686693860006199 0.9650153027743376
0.3727097900410239 0.9650153027743376
0.37675019408142796 0.9650153027743376
0.380790598121832 0.9650153027743376
0.38483100216223604 0.9650153027743376
0.3888714062026401 0.9650153027743376
0.3929118102430441 0.9650153027743376
0.3969522142834482 0.9650153027743376
0.4009926183238522 0.9650153027743376
0.40503302236425626 0.9650153027743376
0.40907342640466027 0.9650153027743376
0.41311383044506433 0.9650153027743376
0.4171542344854684 0.9650153027743376
0.4211946385258724 0.9650153027743376
0.4252350425662764 0.9650153027743376
0.4292754466066805 0.9650153027743376
0.43331585064708456 0.9650153027743376
0.43735625468748857 0.9650153027743376
0.4413966587278926 0.9650153027743376
0.44543706276829664 0.9650153027743376
0.4494774668087007 0.9650153027743376
0.4535178708491047 0.9650153027743376
0.45755827488950873 0.9650153027743376
0.4615986789299128 0.9650153027743376
0.46563908297031686 0.9650153027743376
0.46967948701072093 0.9650153027743376
0.47371989105112494 0.9650153027743376
0.47776029509152895 0.9650153027743376
0.481800699131933 0.9650153027743376
0.4858411031723371 0.9650153027743376
0.4898815072127411 0.9650153027743376
0.4939219112531451 0.9650153027743376
0.4979623152935492 0.9650153027743376
0.5020027193339532 0.9650153027743376
0.5060431233743572 0.9650153027743376
0.5100835274147613 0.9650153027743376
0.5141239314551653 0.9650153027743376
0.5181643354955694 0.9650153027743376
0.5222047395359735 0.9650153027743376
0.5262451435763775 0.9650153027743376
0.5302855476167815 0.9650153027743376
0.5343259516571855 0.9650153027743376
0.5383663556975896 0.9650153027743376
0.5424067597379936 0.9650153027743376
0.5464471637783976 0.9650153027743376
0.5504875678188017 0.9650153027743376
0.5545279718592058 0.9650153027743376
0.5585683758996098 0.9650153027743376
0.5626087799400139 0.9650153027743376
0.5666491839804179 0.9650153027743376
0.5706895880208219 0.9650153027743376
0.5747299920612259 0.9650153027743376
0.57877039610163 0.9650153027743376
0.582810800142034 0.9650153027743376
0.5868512041824381 0.9650153027743376
0.5908916082228421 0.9650153027743376
0.5949320122632462 0.9650153027743376
0.5989724163036502 0.9650153027743376
0.6030128203440542 0.9650153027743376
0.6070532243844582 0.9650153027743376
0.6110936284248623 0.9650153027743376
0.6151340324652663 0.9650153027743376
0.6191744365056704 0.9650153027743376
0.6232148405460745 0.9650153027743376
0.6272552445864785 0.9650153027743376
0.6312956486268826 0.9650153027743376
0.6353360526672865 0.9650153027743376
0.6393764567076906 0.9650153027743376
0.6434168607480946 0.9650153027743376
0.6474572647884986 0.9650153027743376
0.6514976688289027 0.9650153027743376
0.6555380728693068 0.9650153027743376
0.6595784769097108 0.9650153027743376
0.6636188809501149 0.9650153027743376
0.6676592849905189 0.9650153027743376
0.6716996890309229 0.9650153027743376
0.6757400930713269 0.9650153027743376
0.6797804971117309 0.9650153027743376
0.683820901152135 0.9650153027743376
0.6878613051925391 0.9650153027743376
0.6919017092329431 0.9650153027743376
0.6959421132733472 0.9650153027743376
0.6999825173137513 0.9650153027743376
0.2999825173137512 0.9690557068147416
0.3080633253945593 0.9690557068147416
0.31210372943496334 0.9690557068147416
0.31614413347536735 0.9690557068147416
0.32018453751577136 0.9690557068147416
0.32422494155617543 0.9690557068147416
0.3282653455965795 0.9690557068147416
0.3323057496369835 0.9690557068147416
0.33634615367738757 0.9690557068147416
0.3403865577177916 0.9690557068147416
0.34442696175819565 0.9690557068147416
0.3484673657985997 0.9690557068147416
0.3525077698390037 0.9690557068147416
0.35654817387940774 0.9690557068147416
0.3605885779198118 0.9690557068147416
0.36462898196021587 0.9690557068147416
0.3686693860006199 0.9690557068147416
0.3727097900410239 0.9690557068147416
0.37675019408142796 0.9690557068147416
0.380790598121832 0.9690557068147416
0.38483100216223604 0.9690557068147416
0.3888714062026401 0.9690557068147416
0.3929118102430441 0.9690557068147416
0.3969522142834482 0.9690557068147416
0.4009926183238522 0.9690557068147416
0.40503302236425626 0.9690557068147416
0.40907342640466027 0.9690557068147416
0.41311383044506433 0.9690557068147416
0.4171542344854684 0.9690557068147416
0.4211946385258724 0.9690557068147416
0.4252350425662764 0.9690557068147416
0.4292754466066805 0.9690557068147416
0.43331585064708456 0.9690557068147416
0.43735625468748857 0.9690557068147416
0.4413966587278926 0.9690557068147416
0.44543706276829664 0.9690557068147416
0.4494774668087007 0.9690557068147416
0.4535178708491047 0.9690557068147416
0.45755827488950873 0.9690557068147416
0.4615986789299128 0.9690557068147416
0.46563908297031686 0.9690557068147416
0.46967948701072093 0.9690557068147416
0.47371989105112494 0.9690557068147416
0.47776029509152895 0.9690557068147416
0.481800699131933 0.9690557068147416
0.4858411031723371 0.9690557068147416
0.4898815072127411 0.9690557068147416
0.4939219112531451 0.9690557068147416
0.4979623152935492 0.9690557068147416
0.5020027193339532 0.9690557068147416
0.5060431233743572 0.9690557068147416
0.5100835274147613 0.9690557068147416
0.5141239314551653 0.9690557068147416
0.5181643354955694 0.9690557068147416
0.5222047395359735 0.9690557068147416
0.5262451435763775 0.9690557068147416
0.5302855476167815 0.9690557068147416
0.5343259516571855 0.9690557068147416
0.5383663556975896 0.9690557068147416
0.5424067597379936 0.9690557068147416
0.5464471637783976 0.9690557068147416
0.5504875678188017 0.9690557068147416
0.5545279718592058 0.9690557068147416
0.5585683758996098 0.9690557068147416
0.5626087799400139 0.9690557068147416
0.5666491839804179 0.9690557068147416
0.5706895880208219 0.9690557068147416
0.5747299920612259 0.9690557068147416
0.57877039610163 0.9690557068147416
0.582810800142034 0.9690557068147416
0.5868512041824381 0.9690557068147416
0.5908916082228421 0.9690557068147416
0.5949320122632462 0.9690557068147416
0.5989724163036502 0.9690557068147416
0.6030128203440542 0.9690557068147416
0.6070532243844582 0.9690557068147416
0.6110936284248623 0.9690557068147416
0.6151340324652663 0.9690557068147416
0.6191744365056704 0.9690557068147416
0.6232148405460745 0.9690557068147416
0.6272552445864785 0.9690557068147416
0.6312956486268826 0.9690557068147416
0.6353360526672865 0.9690557068147416
0.6393764567076906 0.9690557068147416
0.6434168607480946 0.9690557068147416
0.6474572647884986 0.9690557068147416
0.6514976688289027 0.9690557068147416
0.6555380728693068 0.9690557068147416
0.6595784769097108 0.9690557068147416
0.6636188809501149 0.9690557068147416
0.6676592849905189 0.9690557068147416
0.6716996890309229 0.9690557068147416
0.6757400930713269 0.9690557068147416
0.6797804971117309 0.9690557068147416
0.683820901152135 0.9690557068147416
0.6878613051925391 0.9690557068147416
0.6919017092329431 0.9690557068147416
0.6959421132733472 0.9690557068147416
0.6999825173137513 0.9690557068147416
0.2999825173137512 0.9730961108551457
0.3040229213541552 0.9730961108551457
0.3080633253945593 0.9730961108551457
0.31210372943496334 0.9730961108551457
0.31614413347536735 0.9730961108551457
0.32018453751577136 0.9730961108551457
0.32422494155617543 0.9730961108551457
0.3282653455965795 0.9730961108551457
0.3323057496369835 0.9730961108551457
0.33634615367738757 0.9730961108551457
0.3403865577177916 0.9730961108551457
0.34442696175819565 0.9730961108551457
0.3484673657985997 0.9730961108551457
0.3525077698390037 0.9730961108551457
0.35654817387940774 0.9730961108551457
0.3605885779198118 0.9730961108551457
0.36462898196021587 0.9730961108551457
0.3686693860006199 0.9730961108551457
0.3727097900410239 0.9730961108551457
0.37675019408142796 0.9730961108551457
0.380790598121832 0.9730961108551457
0.38483100216223604 0.9730961108551457
0.3888714062026401 0.9730961108551457
0.3929118102430441 0.9730961108551457
0.3969522142834482 0.9730961108551457
0.4009926183238522 0.9730961108551457
0.40503302236425626 0.9730961108551457
0.40907342640466027 0.9730961108551457
0.41311383044506433 0.9730961108551457
0.4171542344854684 0.9730961108551457
0.4211946385258724 0.9730961108551457
0.4252350425662764 0.9730961108551457
0.4292754466066805 0.9730961108551457
0.43331585064708456 0.9730961108551457
0.43735625468748857 0.9730961108551457
0.4413966587278926 0.9730961108551457
0.44543706276829664 0.9730961108551457
0.4494774668087007 0.9730961108551457
0.4535178708491047 0.9730961108551457
0.45755827488950873 0.9730961108551457
0.4615986789299128 0.9730961108551457
0.46563908297031686 0.9730961108551457
0.46967948701072093 0.9730961108551457
0.47371989105112494 0.9730961108551457
0.47776029509152895 0.9730961108551457
0.481800699131933 0.9730961108551457
0.4858411031723371 0.9730961108551457
0.4898815072127411 0.9730961108551457
0.4939219112531451 0.9730961108551457
0.4979623152935492 0.9730961108551457
0.5020027193339532 0.9730961108551457
0.5060431233743572 0.9730961108551457
0.5100835274147613 0.9730961108551457
0.5141239314551653 0.9730961108551457
0.5181643354955694 0.9730961108551457
0.5222047395359735 0.9730961108551457
0.5262451435763775 0.9730961108551457
0.5302855476167815 0.9730961108551457
0.5343259516571855 0.9730961108551457
0.5383663556975896 0.9730961108551457
0.5424067597379936 0.9730961108551457
0.5464471637783976 0.9730961108551457
0.5504875678188017 0.9730961108551457
0.5545279718592058 0.9730961108551457
0.5585683758996098 0.9730961108551457
0.5626087799400139 0.9730961108551457
0.5666491839804179 0.9730961108551457
0.5706895880208219 0.9730961108551457
0.5747299920612259 0.9730961108551457
0.57877039610163 0.9730961108551457
0.582810800142034 0.9730961108551457
0.5868512041824381 0.9730961108551457
0.5908916082228421 0.9730961108551457
0.5949320122632462 0.9730961108551457
0.5989724163036502 0.9730961108551457
0.6030128203440542 0.9730961108551457
0.6070532243844582 0.9730961108551457
0.6110936284248623 0.9730961108551457
0.6151340324652663 0.9730961108551457
0.6191744365056704 0.9730961108551457
0.6232148405460745 0.9730961108551457
0.6272552445864785 0.9730961108551457
0.6312956486268826 0.9730961108551457
0.6353360526672865 0.9730961108551457
0.6393764567076906 0.9730961108551457
0.6434168607480946 0.9730961108551457
0.6474572647884986 0.9730961108551457
0.6514976688289027 0.9730961108551457
0.6555380728693068 0.9730961108551457
0.6595784769097108 0.9730961108551457
0.6636188809501149 0.9730961108551457
0.6676592849905189 0.9730961108551457
0.6716996890309229 0.9730961108551457
0.6757400930713269 0.9730961108551457
0.6797804971117309 0.9730961108551457
0.683820901152135 0.9730961108551457
0.6878613051925391 0.9730961108551457
0.6919017092329431 0.9730961108551457
0.6959421132733472 0.9730961108551457
0.6999825173137513 0.9730961108551457
0.2999825173137512 0.9771365148955498
0.3040229213541552 0.9771365148955498
0.3080633253945593 0.9771365148955498
0.31210372943496334 0.9771365148955498
0.31614413347536735 0.9771365148955498
0.32018453751577136 0.9771365148955498
0.32422494155617543 0.9771365148955498
0.3282653455965795 0.9771365148955498
0.3323057496369835 0.9771365148955498
0.33634615367738757 0.9771365148955498
0.3403865577177916 0.9771365148955498
0.34442696175819565 0.9771365148955498
0.3484673657985997 0.9771365148955498
0.3525077698390037 0.9771365148955498
0.35654817387940774 0.9771365148955498
0.3605885779198118 0.9771365148955498
0.36462898196021587 0.9771365148955498
0.3686693860006199 0.9771365148955498
0.3727097900410239 0.9771365148955498
0.37675019408142796 0.9771365148955498
0.380790598121832 0.9771365148955498
0.38483100216223604 0.9771365148955498
0.3888714062026401 0.9771365148955498
0.3929118102430441 0.9771365148955498
0.3969522142834482 0.9771365148955498
0.4009926183238522 0.9771365148955498
0.40503302236425626 0.9771365148955498
0.40907342640466027 0.9771365148955498
0.41311383044506433 0.9771365148955498
0.4171542344854684 0.9771365148955498
0.4211946385258724 0.9771365148955498
0.4252350425662764 0.9771365148955498
0.4292754466066805 0.9771365148955498
0.43331585064708456 0.9771365148955498
0.43735625468748857 0.9771365148955498
0.4413966587278926 0.9771365148955498
0.44543706276829664 0.9771365148955498
0.4494774668087007 0.9771365148955498
0.4535178708491047 0.9771365148955498
0.45755827488950873 0.9771365148955498
0.4615986789299128 0.9771365148955498
0.46563908297031686 0.9771365148955498
0.46967948701072093 0.9771365148955498
0.47371989105112494 0.9771365148955498
0.47776029509152895 0.9771365148955498
0.481800699131933 0.9771365148955498
0.4858411031723371 0.9771365148955498
0.4898815072127411 0.9771365148955498
0.4939219112531451 0.9771365148955498
0.4979623152935492 0.9771365148955498
0.5020027193339532 0.9771365148955498
0.5060431233743572 0.9771365148955498
0.5100835274147613 0.9771365148955498
0.5141239314551653 0.9771365148955498
0.5181643354955694 0.9771365148955498
0.5222047395359735 0.9771365148955498
0.5262451435763775 0.9771365148955498
0.5302855476167815 0.9771365148955498
0.5343259516571855 0.9771365148955498
0.5383663556975896 0.9771365148955498
0.5424067597379936 0.9771365148955498
0.5464471637783976 0.9771365148955498
0.5504875678188017 0.9771365148955498
0.5545279718592058 0.9771365148955498
0.5585683758996098 0.9771365148955498
0.5626087799400139 0.9771365148955498
0.5666491839804179 0.9771365148955498
0.5706895880208219 0.9771365148955498
0.5747299920612259 0.9771365148955498
0.57877039610163 0.9771365148955498
0.582810800142034 0.9771365148955498
0.5868512041824381 0.9771365148955498
0.5908916082228421 0.9771365148955498
0.5949320122632462 0.9771365148955498
0.5989724163036502 0.9771365148955498
0.6030128203440542 0.9771365148955498
0.6070532243844582 0.9771365148955498
0.6110936284248623 0.9771365148955498
0.6151340324652663 0.9771365148955498
0.6191744365056704 0.9771365148955498
0.6232148405460745 0.9771365148955498
0.6272552445864785 0.9771365148955498
0.6312956486268826 0.9771365148955498
0.6353360526672865 0.9771365148955498
0.6393764567076906 0.9771365148955498
0.6434168607480946 0.9771365148955498
0.6474572647884986 0.9771365148955498
0.6514976688289027 0.9771365148955498
0.6555380728693068 0.9771365148955498
0.6595784769097108 0.9771365148955498
0.6636188809501149 0.9771365148955498
0.6676592849905189 0.9771365148955498
0.6716996890309229 0.9771365148955498
0.6757400930713269 0.9771365148955498
0.6797804971117309 0.9771365148955498
0.683820901152135 0.9771365148955498
0.6878613051925391 0.9771365148955498
0.6919017092329431 0.9771365148955498
0.6959421132733472 0.9771365148955498
0.6999825173137513 0.9771365148955498
0.2999825173137512 0.9811769189359537
0.3040229213541552 0.9811769189359537
0.3080633253945593 0.9811769189359537
0.31210372943496334 0.9811769189359537
0.31614413347536735 0.9811769189359537
0.32018453751577136 0.9811769189359537
0.32422494155617543 0.9811769189359537
0.3282653455965795 0.9811769189359537
0.3323057496369835 0.9811769189359537
0.33634615367738757 0.9811769189359537
0.3403865577177916 0.9811769189359537
0.34442696175819565 0.9811769189359537
0.3484673657985997 0.9811769189359537
0.3525077698390037 0.9811769189359537
0.35654817387940774 0.9811769189359537
0.3605885779198118 0.9811769189359537
0.36462898196021587 0.9811769189359537
0.3686693860006199 0.9811769189359537
0.3727097900410239 0.9811769189359537
0.37675019408142796 0.9811769189359537
0.380790598121832 0.9811769189359537
0.38483100216223604 0.9811769189359537
0.3888714062026401 0.9811769189359537
0.3929118102430441 0.9811769189359537
0.3969522142834482 0.9811769189359537
0.4009926183238522 0.9811769189359537
0.40503302236425626 0.9811769189359537
0.40907342640466027 0.9811769189359537
0.41311383044506433 0.9811769189359537
0.4171542344854684 0.9811769189359537
0.4211946385258724 0.9811769189359537
0.4252350425662764 0.9811769189359537
0.4292754466066805 0.9811769189359537
0.43331585064708456 0.9811769189359537
0.43735625468748857 0.9811769189359537
0.4413966587278926 0.9811769189359537
0.44543706276829664 0.9811769189359537
0.4494774668087007 0.9811769189359537
0.4535178708491047 0.9811769189359537
0.45755827488950873 0.9811769189359537
0.4615986789299128 0.9811769189359537
0.46563908297031686 0.9811769189359537
0.46967948701072093 0.9811769189359537
0.47371989105112494 0.9811769189359537
0.47776029509152895 0.9811769189359537
0.481800699131933 0.9811769189359537
0.4858411031723371 0.9811769189359537
0.4898815072127411 0.9811769189359537
0.4939219112531451 0.9811769189359537
0.4979623152935492 0.9811769189359537
0.5020027193339532 0.9811769189359537
0.5060431233743572 0.9811769189359537
0.5100835274147613 0.9811769189359537
0.5141239314551653 0.9811769189359537
0.5181643354955694 0.9811769189359537
0.5222047395359735 0.9811769189359537
0.5262451435763775 0.9811769189359537
0.5302855476167815 0.9811769189359537
0.5343259516571855 0.9811769189359537
0.5383663556975896 0.9811769189359537
0.5424067597379936 0.9811769189359537
0.5464471637783976 0.9811769189359537
0.5504875678188017 0.9811769189359537
0.5545279718592058 0.9811769189359537
0.5585683758996098 0.9811769189359537
0.5626087799400139 0.9811769189359537
0.5666491839804179 0.9811769189359537
0.5706895880208219 0.9811769189359537
0.5747299920612259 0.9811769189359537
0.57877039610163 0.9811769189359537
0.582810800142034 0.9811769189359537
0.5868512041824381 0.9811769189359537
0.5908916082228421 0.9811769189359537
0.5949320122632462 0.9811769189359537
0.5989724163036502 0.9811769189359537
0.6030128203440542 0.9811769189359537
0.6070532243844582 0.9811769189359537
0.6110936284248623 0.9811769189359537
0.6151340324652663 0.9811769189359537
0.6191744365056704 0.9811769189359537
0.6232148405460745 0.9811769189359537
0.6272552445864785 0.9811769189359537
0.6312956486268826 0.9811769189359537
0.6353360526672865 0.9811769189359537
0.6393764567076906 0.9811769189359537
0.6434168607480946 0.9811769189359537
0.6474572647884986 0.9811769189359537
0.6514976688289027 0.9811769189359537
0.6555380728693068 0.9811769189359537
0.6595784769097108 0.9811769189359537
0.6636188809501149 0.9811769189359537
0.6676592849905189 0.9811769189359537
0.6716996890309229 0.9811769189359537
0.6757400930713269 0.9811769189359537
0.6797804971117309 0.9811769189359537
0.683820901152135 0.9811769189359537
0.6878613051925391 0.9811769189359537
0.6919017092329431 0.9811769189359537
0.6959421132733472 0.9811769189359537
0.6999825173137513 0.9811769189359537
0.2999825173137512 0.9852173229763578
0.3040229213541552 0.9852173229763578
0.3080633253945593 0.9852173229763578
0.31210372943496334 0.9852173229763578
0.31614413347536735 0.9852173229763578
0.32018453751577136 0.9852173229763578
0.32422494155617543 0.9852173229763578
0.3282653455965795 0.9852173229763578
0.3323057496369835 0.9852173229763578
0.33634615367738757 0.9852173229763578
0.3403865577177916 0.9852173229763578
0.34442696175819565 0.9852173229763578
0.3484673657985997 0.9852173229763578
0.3525077698390037 0.9852173229763578
0.35654817387940774 0.9852173229763578
0.3605885779198118 0.9852173229763578
0.36462898196021587 0.9852173229763578
0.3686693860006199 0.9852173229763578
0.3727097900410239 0.9852173229763578
0.37675019408142796 0.9852173229763578
0.380790598121832 0.9852173229763578
0.38483100216223604 0.9852173229763578
0.3888714062026401 0.9852173229763578
0.3929118102430441 0.9852173229763578
0.3969522142834482 0.9852173229763578
0.4009926183238522 0.9852173229763578
0.40503302236425626 0.9852173229763578
0.40907342640466027 0.9852173229763578
0.41311383044506433 0.9852173229763578
0.4171542344854684 0.9852173229763578
0.4211946385258724 0.9852173229763578
0.4252350425662764 0.9852173229763578
0.4292754466066805 0.9852173229763578
0.43331585064708456 0.9852173229763578
0.43735625468748857 0.9852173229763578
0.4413966587278926 0.9852173229763578
0.44543706276829664 0.9852173229763578
0.4494774668087007 0.9852173229763578
0.4535178708491047 0.9852173229763578
0.45755827488950873 0.9852173229763578
0.4615986789299128 0.9852173229763578
0.46563908297031686 0.9852173229763578
0.46967948701072093 0.9852173229763578
0.47371989105112494 0.9852173229763578
0.47776029509152895 0.9852173229763578
0.481800699131933 0.9852173229763578
0.4858411031723371 0.9852173229763578
0.4898815072127411 0.9852173229763578
0.4939219112531451 0.9852173229763578
0.4979623152935492 0.9852173229763578
0.5020027193339532 0.9852173229763578
0.5060431233743572 0.9852173229763578
0.5100835274147613 0.9852173229763578
0.5141239314551653 0.9852173229763578
0.5181643354955694 0.9852173229763578
0.5222047395359735 0.9852173229763578
0.5262451435763775 0.9852173229763578
0.5302855476167815 0.9852173229763578
0.5343259516571855 0.9852173229763578
0.5383663556975896 0.9852173229763578
0.5424067597379936 0.9852173229763578
0.5464471637783976 0.9852173229763578
0.5504875678188017 0.9852173229763578
0.5545279718592058 0.9852173229763578
0.5585683758996098 0.9852173229763578
0.5626087799400139 0.9852173229763578
0.5666491839804179 0.9852173229763578
0.5706895880208219 0.9852173229763578
0.5747299920612259 0.9852173229763578
0.57877039610163 0.9852173229763578
0.582810800142034 0.9852173229763578
0.5868512041824381 0.9852173229763578
0.5908916082228421 0.9852173229763578
0.5949320122632462 0.9852173229763578
0.5989724163036502 0.9852173229763578
0.6030128203440542 0.9852173229763578
0.6070532243844582 0.9852173229763578
0.6110936284248623 0.9852173229763578
0.6151340324652663 0.9852173229763578
0.6191744365056704 0.9852173229763578
0.6232148405460745 0.9852173229763578
0.6272552445864785 0.9852173229763578
0.6312956486268826 0.9852173229763578
0.6353360526672865 0.9852173229763578
0.6393764567076906 0.9852173229763578
0.6434168607480946 0.9852173229763578
0.6474572647884986 0.9852173229763578
0.6514976688289027 0.9852173229763578
0.6555380728693068 0.9852173229763578
0.6595784769097108 0.9852173229763578
0.6636188809501149 0.9852173229763578
0.6676592849905189 0.9852173229763578
0.6716996890309229 0.9852173229763578
0.6757400930713269 0.9852173229763578
0.6797804971117309 0.9852173229763578
0.683820901152135 0.9852173229763578
0.6878613051925391 0.9852173229763578
0.6919017092329431 0.9852173229763578
0.6959421132733472 0.9852173229763578
0.6999825173137513 0.9852173229763578
0.2999825173137512 0.9892577270167617
0.3040229213541552 0.9892577270167617
0.3080633253945593 0.9892577270167617
0.31210372943496334 0.9892577270167617
0.31614413347536735 0.9892577270167617
0.32018453751577136 0.9892577270167617
0.32422494155617543 0.9892577270167617
0.3282653455965795 0.9892577270167617
0.3323057496369835 0.9892577270167617
0.33634615367738757 0.9892577270167617
0.3403865577177916 0.9892577270167617
0.34442696175819565 0.9892577270167617
0.3484673657985997 0.9892577270167617
0.3525077698390037 0.9892577270167617
0.35654817387940774 0.9892577270167617
0.3605885779198118 0.9892577270167617
0.36462898196021587 0.9892577270167617
0.3686693860006199 0.9892577270167617
0.3727097900410239 0.9892577270167617
0.37675019408142796 0.9892577270167617
0.380790598121832 0.9892577270167617
0.38483100216223604 0.9892577270167617
0.3888714062026401 0.9892577270167617
0.3929118102430441 0.9892577270167617
0.3969522142834482 0.9892577270167617
0.4009926183238522 0.9892577270167617
0.40503302236425626 0.9892577270167617
0.40907342640466027 0.9892577270167617
0.41311383044506433 0.9892577270167617
0.4171542344854684 0.9892577270167617
0.4211946385258724 0.9892577270167617
0.4252350425662764 0.9892577270167617
0.4292754466066805 0.9892577270167617
0.43331585064708456 0.9892577270167617
0.43735625468748857 0.9892577270167617
0.4413966587278926 0.9892577270167617
0.44543706276829664 0.9892577270167617
0.4494774668087007 0.9892577270167617
0.4535178708491047 0.9892577270167617
0.45755827488950873 0.9892577270167617
0.4615986789299128 0.9892577270167617
0.46563908297031686 0.9892577270167617
0.46967948701072093 0.9892577270167617
0.47371989105112494 0.9892577270167617
0.47776029509152895 0.9892577270167617
0.481800699131933 0.9892577270167617
0.4858411031723371 0.9892577270167617
0.4898815072127411 0.9892577270167617
0.4939219112531451 0.9892577270167617
0.4979623152935492 0.9892577270167617
0.5020027193339532 0.9892577270167617
0.5060431233743572 0.9892577270167617
0.5100835274147613 0.9892577270167617
0.5141239314551653 0.9892577270167617
0.5181643354955694 0.9892577270167617
0.5222047395359735 0.9892577270167617
0.5262451435763775 0.9892577270167617
0.5302855476167815 0.9892577270167617
0.5343259516571855 0.9892577270167617
0.5383663556975896 0.9892577270167617
0.5424067597379936 0.9892577270167617
0.5464471637783976 0.9892577270167617
0.5504875678188017 0.9892577270167617
0.5545279718592058 0.9892577270167617
0.5585683758996098 0.9892577270167617
0.5626087799400139 0.9892577270167617
0.5666491839804179 0.9892577270167617
0.5706895880208219 0.9892577270167617
0.5747299920612259 0.9892577270167617
0.57877039610163 0.9892577270167617
0.582810800142034 0.9892577270167617
0.5868512041824381 0.9892577270167617
0.5908916082228421 0.9892577270167617
0.5949320122632462 0.9892577270167617
0.5989724163036502 0.9892577270167617
0.6030128203440542 0.9892577270167617
0.6070532243844582 0.9892577270167617
0.6110936284248623 0.9892577270167617
0.6151340324652663 0.9892577270167617
0.6191744365056704 0.9892577270167617
0.6232148405460745 0.9892577270167617
0.6272552445864785 0.9892577270167617
0.6312956486268826 0.9892577270167617
0.6353360526672865 0.9892577270167617
0.6393764567076906 0.9892577270167617
0.6434168607480946 0.9892577270167617
0.6474572647884986 0.9892577270167617
0.6514976688289027 0.9892577270167617
0.6555380728693068 0.9892577270167617
0.6595784769097108 0.9892577270167617
0.6636188809501149 0.9892577270167617
0.6676592849905189 0.9892577270167617
0.6716996890309229 0.9892577270167617
0.6757400930713269 0.9892577270167617
0.6797804971117309 0.9892577270167617
0.683820901152135 0.9892577270167617
0.6878613051925391 0.9892577270167617
0.6919017092329431 0.9892577270167617
0.6959421132733472 0.9892577270167617
0.6999825173137513 0.9892577270167617
0.2999825173137512 0.9932981310571658
0.3040229213541552 0.9932981310571658
0.3080633253945593 0.9932981310571658
0.31210372943496334 0.9932981310571658
0.31614413347536735 0.9932981310571658
0.32018453751577136 0.9932981310571658
0.32422494155617543 0.9932981310571658
0.3282653455965795 0.9932981310571658
0.3323057496369835 0.9932981310571658
0.33634615367738757 0.9932981310571658
0.3403865577177916 0.9932981310571658
0.34442696175819565 0.9932981310571658
0.3484673657985997 0.9932981310571658
0.3525077698390037 0.9932981310571658
0.35654817387940774 0.9932981310571658
0.3605885779198118 0.9932981310571658
0.36462898196021587 0.9932981310571658
0.3686693860006199 0.9932981310571658
0.3727097900410239 0.9932981310571658
0.37675019408142796 0.9932981310571658
0.380790598121832 0.9932981310571658
0.38483100216223604 0.9932981310571658
0.3888714062026401 0.9932981310571658
0.3929118102430441 0.9932981310571658
0.3969522142834482 0.9932981310571658
0.4009926183238522 0.9932981310571658
0.40503302236425626 0.9932981310571658
0.40907342640466027 0.9932981310571658
0.41311383044506433 0.9932981310571658
0.4171542344854684 0.9932981310571658
0.4211946385258724 0.9932981310571658
0.4252350425662764 0.9932981310571658
0.4292754466066805 0.9932981310571658
0.43331585064708456 0.9932981310571658
0.43735625468748857 0.9932981310571658
0.4413966587278926 0.9932981310571658
0.44543706276829664 0.9932981310571658
0.4494774668087007 0.9932981310571658
0.4535178708491047 0.9932981310571658
0.45755827488950873 0.9932981310571658
0.4615986789299128 0.9932981310571658
0.46563908297031686 0.9932981310571658
0.46967948701072093 0.9932981310571658
0.47371989105112494 0.9932981310571658
0.47776029509152895 0.9932981310571658
0.481800699131933 0.9932981310571658
0.4858411031723371 0.9932981310571658
0.4898815072127411 0.9932981310571658
0.4939219112531451 0.9932981310571658
0.4979623152935492 0.9932981310571658
0.5020027193339532 0.9932981310571658
0.5060431233743572 0.9932981310571658
0.5100835274147613 0.9932981310571658
0.5141239314551653 0.9932981310571658
0.5181643354955694 0.9932981310571658
0.5222047395359735 0.9932981310571658
0.5262451435763775 0.9932981310571658
0.5302855476167815 0.9932981310571658
0.5343259516571855 0.9932981310571658
0.5383663556975896 0.9932981310571658
0.5424067597379936 0.9932981310571658
0.5464471637783976 0.9932981310571658
0.5504875678188017 0.9932981310571658
0.5545279718592058 0.9932981310571658
0.5585683758996098 0.9932981310571658
0.5626087799400139 0.9932981310571658
0.5666491839804179 0.9932981310571658
0.5706895880208219 0.9932981310571658
0.5747299920612259 0.9932981310571658
0.57877039610163 0.9932981310571658
0.582810800142034 0.9932981310571658
0.5868512041824381 0.9932981310571658
0.5908916082228421 0.9932981310571658
0.5949320122632462 0.9932981310571658
0.5989724163036502 0.9932981310571658
0.6030128203440542 0.9932981310571658
0.6070532243844582 0.9932981310571658
0.6110936284248623 0.9932981310571658
0.6151340324652663 0.9932981310571658
0.6191744365056704 0.9932981310571658
0.6232148405460745 0.9932981310571658
0.6272552445864785 0.9932981310571658
0.6312956486268826 0.9932981310571658
0.6353360526672865 0.9932981310571658
0.6393764567076906 0.9932981310571658
0.6434168607480946 0.9932981310571658
0.6474572647884986 0.9932981310571658
0.6514976688289027 0.9932981310571658
0.6555380728693068 0.9932981310571658
0.6595784769097108 0.9932981310571658
0.6636188809501149 0.9932981310571658
0.6676592849905189 0.9932981310571658
0.6716996890309229 0.9932981310571658
0.6757400930713269 0.9932981310571658
0.6797804971117309 0.9932981310571658
0.683820901152135 0.9932981310571658
0.6878613051925391 0.9932981310571658
0.6919017092329431 0.9932981310571658
0.6959421132733472 0.9932981310571658
0.6999825173137513 0.9932981310571658
0.2999825173137512 0.9973385350975699
0.3040229213541552 0.9973385350975699
0.3080633253945593 0.9973385350975699
0.31210372943496334 0.9973385350975699
0.31614413347536735 0.9973385350975699
0.32018453751577136 0.9973385350975699
0.32422494155617543 0.9973385350975699
0.3282653455965795 0.9973385350975699
0.3323057496369835 0.9973385350975699
0.33634615367738757 0.9973385350975699
0.3403865577177916 0.9973385350975699
0.34442696175819565 0.9973385350975699
0.3484673657985997 0.9973385350975699
0.3525077698390037 0.9973385350975699
0.35654817387940774 0.9973385350975699
0.3605885779198118 0.9973385350975699
0.36462898196021587 0.9973385350975699
0.3686693860006199 0.9973385350975699
0.3727097900410239 0.9973385350975699
0.37675019408142796 0.9973385350975699
0.380790598121832 0.9973385350975699
0.38483100216223604 0.9973385350975699
0.3888714062026401 0.9973385350975699
0.3929118102430441 0.9973385350975699
0.3969522142834482 0.9973385350975699
0.4009926183238522 0.9973385350975699
0.40503302236425626 0.9973385350975699
0.40907342640466027 0.9973385350975699
0.41311383044506433 0.9973385350975699
0.4171542344854684 0.9973385350975699
0.4211946385258724 0.9973385350975699
0.4252350425662764 0.9973385350975699
0.4292754466066805 0.9973385350975699
0.43331585064708456 0.9973385350975699
0.43735625468748857 0.9973385350975699
0.4413966587278926 0.9973385350975699
0.44543706276829664 0.9973385350975699
0.4494774668087007 0.9973385350975699
0.4535178708491047 0.9973385350975699
0.45755827488950873 0.9973385350975699
0.4615986789299128 0.9973385350975699
0.46563908297031686 0.9973385350975699
0.46967948701072093 0.9973385350975699
0.47371989105112494 0.9973385350975699
0.47776029509152895 0.9973385350975699
0.481800699131933 0.9973385350975699
0.4858411031723371 0.9973385350975699
0.4898815072127411 0.9973385350975699
0.4939219112531451 0.9973385350975699
0.4979623152935492 0.9973385350975699
0.5020027193339532 0.9973385350975699
0.5060431233743572 0.9973385350975699
0.5100835274147613 0.9973385350975699
0.5141239314551653 0.9973385350975699
0.5181643354955694 0.9973385350975699
0.5222047395359735 0.9973385350975699
0.5262451435763775 0.9973385350975699
0.5302855476167815 0.9973385350975699
0.5343259516571855 0.9973385350975699
0.5383663556975896 0.9973385350975699
0.5424067597379936 0.9973385350975699
0.5464471637783976 0.9973385350975699
0.5504875678188017 0.9973385350975699
0.5545279718592058 0.9973385350975699
0.5585683758996098 0.9973385350975699
0.5626087799400139 0.9973385350975699
0.5666491839804179 0.9973385350975699
0.5706895880208219 0.9973385350975699
0.5747299920612259 0.9973385350975699
0.57877039610163 0.9973385350975699
0.582810800142034 0.9973385350975699
0.5868512041824381 0.9973385350975699
0.5908916082228421 0.9973385350975699
0.5949320122632462 0.9973385350975699
0.5989724163036502 0.9973385350975699
0.6030128203440542 0.9973385350975699
0.6070532243844582 0.9973385350975699
0.6110936284248623 0.9973385350975699
0.6151340324652663 0.9973385350975699
0.6191744365056704 0.9973385350975699
0.6232148405460745 0.9973385350975699
0.6272552445864785 0.9973385350975699
0.6312956486268826 0.9973385350975699
0.6353360526672865 0.9973385350975699
0.6393764567076906 0.9973385350975699
0.6434168607480946 0.9973385350975699
0.6474572647884986 0.9973385350975699
0.6514976688289027 0.9973385350975699
0.6555380728693068 0.9973385350975699
0.6595784769097108 0.9973385350975699
0.6636188809501149 0.9973385350975699
0.6676592849905189 0.9973385350975699
0.6716996890309229 0.9973385350975699
0.6757400930713269 0.9973385350975699
0.6797804971117309 0.9973385350975699
0.683820901152135 0.9973385350975699
0.6878613051925391 0.9973385350975699
0.6919017092329431 0.9973385350975699
0.6959421132733472 0.9973385350975699
0.6999825173137513 0.9973385350975699
0.2999825173137512 1.001378939137974
0.3040229213541552 1.001378939137974
0.3080633253945593 1.001378939137974
0.31210372943496334 1.001378939137974
0.31614413347536735 1.001378939137974
0.32018453751577136 1.001378939137974
0.32422494155617543 1.001378939137974
0.3282653455965795 1.001378939137974
0.3323057496369835 1.001378939137974
0.33634615367738757 1.001378939137974
0.3403865577177916 1.001378939137974
0.34442696175819565 1.001378939137974
0.3484673657985997 1.001378939137974
0.3525077698390037 1.001378939137974
0.35654817387940774 1.001378939137974
0.3605885779198118 1.001378939137974
0.36462898196021587 1.001378939137974
0.3686693860006199 1.001378939137974
0.3727097900410239 1.001378939137974
0.37675019408142796 1.001378939137974
0.380790598121832 1.001378939137974
0.38483100216223604 1.001378939137974
0.3888714062026401 1.001378939137974
0.3929118102430441 1.001378939137974
0.3969522142834482 1.001378939137974
0.4009926183238522 1.001378939137974
0.40503302236425626 1.001378939137974
0.40907342640466027 1.001378939137974
0.41311383044506433 1.001378939137974
0.4171542344854684 1.001378939137974
0.4211946385258724 1.001378939137974
0.4252350425662764 1.001378939137974
0.4292754466066805 1.001378939137974
0.43331585064708456 1.001378939137974
0.43735625468748857 1.001378939137974
0.4413966587278926 1.001378939137974
0.44543706276829664 1.001378939137974
0.4494774668087007 1.001378939137974
0.4535178708491047 1.001378939137974
0.45755827488950873 1.001378939137974
0.4615986789299128 1.001378939137974
0.46563908297031686 1.001378939137974
0.46967948701072093 1.001378939137974
0.47371989105112494 1.001378939137974
0.47776029509152895 1.001378939137974
0.481800699131933 1.001378939137974
0.4858411031723371 1.001378939137974
0.4898815072127411 1.001378939137974
0.4939219112531451 1.001378939137974
0.4979623152935492 1.001378939137974
0.5020027193339532 1.001378939137974
0.5060431233743572 1.001378939137974
0.5100835274147613 1.001378939137974
0.5141239314551653 1.001378939137974
0.5181643354955694 1.001378939137974
0.5222047395359735 1.001378939137974
0.5262451435763775 1.001378939137974
0.5302855476167815 1.001378939137974
0.5343259516571855 1.001378939137974
0.5383663556975896 1.001378939137974
0.5424067597379936 1.001378939137974
0.5464471637783976 1.001378939137974
0.5504875678188017 1.001378939137974
0.5545279718592058 1.001378939137974
0.5585683758996098 1.001378939137974
0.5626087799400139 1.001378939137974
0.5666491839804179 1.001378939137974
0.5706895880208219 1.001378939137974
0.5747299920612259 1.001378939137974
0.57877039610163 1.001378939137974
0.582810800142034 1.001378939137974
0.5868512041824381 1.001378939137974
0.5908916082228421 1.001378939137974
0.5949320122632462 1.001378939137974
0.5989724163036502 1.001378939137974
0.6030128203440542 1.001378939137974
0.6070532243844582 1.001378939137974
0.6110936284248623 1.001378939137974
0.6151340324652663 1.001378939137974
0.6191744365056704 1.001378939137974
0.6232148405460745 1.001378939137974
0.6272552445864785 1.001378939137974
0.6312956486268826 1.001378939137974
0.6353360526672865 1.001378939137974
0.6393764567076906 1.001378939137974
0.6434168607480946 1.001378939137974
0.6474572647884986 1.001378939137974
0.6514976688289027 1.001378939137974
0.6555380728693068 1.001378939137974
0.6595784769097108 1.001378939137974
0.6636188809501149 1.001378939137974
0.6676592849905189 1.001378939137974
0.6716996890309229 1.001378939137974
0.6757400930713269 1.001378939137974
0.6797804971117309 1.001378939137974
0.683820901152135 1.001378939137974
0.6878613051925391 1.001378939137974
0.6919017092329431 1.001378939137974
0.6959421132733472 1.001378939137974
0.6999825173137513 1.001378939137974
0.2999825173137512 1.005419343178378
0.3040229213541552 1.005419343178378
0.3080633253945593 1.005419343178378
0.31210372943496334 1.005419343178378
0.31614413347536735 1.005419343178378
0.32018453751577136 1.005419343178378
0.32422494155617543 1.005419343178378
0.3282653455965795 1.005419343178378
0.3323057496369835 1.005419343178378
0.33634615367738757 1.005419343178378
0.3403865577177916 1.005419343178378
0.34442696175819565 1.005419343178378
0.3484673657985997 1.005419343178378
0.3525077698390037 1.005419343178378
0.35654817387940774 1.005419343178378
0.3605885779198118 1.005419343178378
0.36462898196021587 1.005419343178378
0.3686693860006199 1.005419343178378
0.3727097900410239 1.005419343178378
0.37675019408142796 1.005419343178378
0.380790598121832 1.005419343178378
0.38483100216223604 1.005419343178378
0.3888714062026401 1.005419343178378
0.3929118102430441 1.005419343178378
0.3969522142834482 1.005419343178378
0.4009926183238522 1.005419343178378
0.40503302236425626 1.005419343178378
0.40907342640466027 1.005419343178378
0.41311383044506433 1.005419343178378
0.4171542344854684 1.005419343178378
0.4211946385258724 1.005419343178378
0.4252350425662764 1.005419343178378
0.4292754466066805 1.005419343178378
0.43331585064708456 1.005419343178378
0.43735625468748857 1.005419343178378
0.4413966587278926 1.005419343178378
0.44543706276829664 1.005419343178378
0.4494774668087007 1.005419343178378
0.4535178708491047 1.005419343178378
0.45755827488950873 1.005419343178378
0.4615986789299128 1.005419343178378
0.46563908297031686 1.005419343178378
0.46967948701072093 1.005419343178378
0.47371989105112494 1.005419343178378
0.47776029509152895 1.005419343178378
0.481800699131933 1.005419343178378
0.4858411031723371 1.005419343178378
0.4898815072127411 1.005419343178378
0.4939219112531451 1.005419343178378
0.4979623152935492 1.005419343178378
0.5020027193339532 1.005419343178378
0.5060431233743572 1.005419343178378
0.5100835274147613 1.005419343178378
0.5141239314551653 1.005419343178378
0.5181643354955694 1.005419343178378
0.5222047395359735 1.005419343178378
0.5262451435763775 1.005419343178378
0.5302855476167815 1.005419343178378
0.5343259516571855 1.005419343178378
0.5383663556975896 1.005419343178378
0.5424067597379936 1.005419343178378
0.5464471637783976 1.005419343178378
0.5504875678188017 1.005419343178378
0.5545279718592058 1.005419343178378
0.5585683758996098 1.005419343178378
0.5626087799400139 1.005419343178378
0.5666491839804179 1.005419343178378
0.5706895880208219 1.005419343178378
0.5747299920612259 1.005419343178378
0.57877039610163 1.005419343178378
0.582810800142034 1.005419343178378
0.5868512041824381 1.005419343178378
0.5908916082228421 1.005419343178378
0.5949320122632462 1.005419343178378
0.5989724163036502 1.005419343178378
0.6030128203440542 1.005419343178378
0.6070532243844582 1.005419343178378
0.6110936284248623 1.005419343178378
0.6151340324652663 1.005419343178378
0.6191744365056704 1.005419343178378
0.6232148405460745 1.005419343178378
0.6272552445864785 1.005419343178378
0.6312956486268826 1.005419343178378
0.6353360526672865 1.005419343178378
0.6393764567076906 1.005419343178378
0.6434168607480946 1.005419343178378
0.6474572647884986 1.005419343178378
0.6514976688289027 1.005419343178378
0.6555380728693068 1.005419343178378
0.6595784769097108 1.005419343178378
0.6636188809501149 1.005419343178378
0.6676592849905189 1.005419343178378
0.6716996890309229 1.005419343178378
0.6757400930713269 1.005419343178378
0.6797804971117309 1.005419343178378
0.683820901152135 1.005419343178378
0.6878613051925391 1.005419343178378
0.6919017092329431 1.005419343178378
0.6959421132733472 1.005419343178378
0.6999825173137513 1.005419343178378
0.2999825173137512 1.009459747218782
0.3040229213541552 1.009459747218782
0.3080633253945593 1.009459747218782
0.31210372943496334 1.009459747218782
0.31614413347536735 1.009459747218782
0.32018453751577136 1.009459747218782
0.32422494155617543 1.009459747218782
0.3282653455965795 1.009459747218782
0.3323057496369835 1.009459747218782
0.33634615367738757 1.009459747218782
0.3403865577177916 1.009459747218782
0.34442696175819565 1.009459747218782
0.3484673657985997 1.009459747218782
0.3525077698390037 1.009459747218782
0.35654817387940774 1.009459747218782
0.3605885779198118 1.009459747218782
0.36462898196021587 1.009459747218782
0.3686693860006199 1.009459747218782
0.3727097900410239 1.009459747218782
0.37675019408142796 1.009459747218782
0.380790598121832 1.009459747218782
0.38483100216223604 1.009459747218782
0.3888714062026401 1.009459747218782
0.3929118102430441 1.009459747218782
0.3969522142834482 1.009459747218782
0.4009926183238522 1.009459747218782
0.40503302236425626 1.009459747218782
0.40907342640466027 1.009459747218782
0.41311383044506433 1.009459747218782
0.4171542344854684 1.009459747218782
0.4211946385258724 1.009459747218782
0.4252350425662764 1.009459747218782
0.4292754466066805 1.009459747218782
0.43331585064708456 1.009459747218782
0.43735625468748857 1.009459747218782
0.4413966587278926 1.009459747218782
0.44543706276829664 1.009459747218782
0.4494774668087007 1.009459747218782
0.4535178708491047 1.009459747218782
0.45755827488950873 1.009459747218782
0.4615986789299128 1.009459747218782
0.46563908297031686 1.009459747218782
0.46967948701072093 1.009459747218782
0.47371989105112494 1.009459747218782
0.47776029509152895 1.009459747218782
0.481800699131933 1.009459747218782
0.4858411031723371 1.009459747218782
0.4898815072127411 1.009459747218782
0.4939219112531451 1.009459747218782
0.4979623152935492 1.009459747218782
0.5020027193339532 1.009459747218782
0.5060431233743572 1.009459747218782
0.5100835274147613 1.009459747218782
0.5141239314551653 1.009459747218782
0.5181643354955694 1.009459747218782
0.5222047395359735 1.009459747218782
0.5262451435763775 1.009459747218782
0.5302855476167815 1.009459747218782
0.5343259516571855 1.009459747218782
0.5383663556975896 1.009459747218782
0.5424067597379936 1.009459747218782
0.5464471637783976 1.009459747218782
0.5504875678188017 1.009459747218782
0.5545279718592058 1.009459747218782
0.5585683758996098 1.009459747218782
0.5626087799400139 1.009459747218782
0.5666491839804179 1.009459747218782
0.5706895880208219 1.009459747218782
0.5747299920612259 1.009459747218782
0.57877039610163 1.009459747218782
0.582810800142034 1.009459747218782
0.5868512041824381 1.009459747218782
0.5908916082228421 1.009459747218782
0.5949320122632462 1.009459747218782
0.5989724163036502 1.009459747218782
0.6030128203440542 1.009459747218782
0.6070532243844582 1.009459747218782
0.6110936284248623 1.009459747218782
0.6151340324652663 1.009459747218782
0.6191744365056704 1.009459747218782
0.6232148405460745 1.009459747218782
0.6272552445864785 1.009459747218782
0.6312956486268826 1.009459747218782
0.6353360526672865 1.009459747218782
0.6393764567076906 1.009459747218782
0.6434168607480946 1.009459747218782
0.6474572647884986 1.009459747218782
0.6514976688289027 1.009459747218782
0.6555380728693068 1.009459747218782
0.6595784769097108 1.009459747218782
0.6636188809501149 1.009459747218782
0.6676592849905189 1.009459747218782
0.6716996890309229 1.009459747218782
0.6757400930713269 1.009459747218782
0.6797804971117309 1.009459747218782
0.683820901152135 1.009459747218782
0.6878613051925391 1.009459747218782
0.6919017092329431 1.009459747218782
0.6959421132733472 1.009459747218782
0.6999825173137513 1.009459747218782
0.2999825173137512 1.0135001512591861
0.3040229213541552 1.0135001512591861
0.3080633253945593 1.0135001512591861
0.31210372943496334 1.0135001512591861
0.31614413347536735 1.0135001512591861
0.32018453751577136 1.0135001512591861
0.32422494155617543 1.0135001512591861
0.3282653455965795 1.0135001512591861
0.3323057496369835 1.0135001512591861
0.33634615367738757 1.0135001512591861
0.3403865577177916 1.0135001512591861
0.34442696175819565 1.0135001512591861
0.3484673657985997 1.0135001512591861
0.3525077698390037 1.0135001512591861
0.35654817387940774 1.0135001512591861
0.3605885779198118 1.0135001512591861
0.36462898196021587 1.0135001512591861
0.3686693860006199 1.0135001512591861
0.3727097900410239 1.0135001512591861
0.37675019408142796 1.0135001512591861
0.380790598121832 1.0135001512591861
0.38483100216223604 1.0135001512591861
0.3888714062026401 1.0135001512591861
0.3929118102430441 1.0135001512591861
0.3969522142834482 1.0135001512591861
0.4009926183238522 1.0135001512591861
0.40503302236425626 1.0135001512591861
0.40907342640466027 1.0135001512591861
0.41311383044506433 1.0135001512591861
0.4171542344854684 1.0135001512591861
0.4211946385258724 1.0135001512591861
0.4252350425662764 1.0135001512591861
0.4292754466066805 1.0135001512591861
0.43331585064708456 1.0135001512591861
0.43735625468748857 1.0135001512591861
0.4413966587278926 1.0135001512591861
0.44543706276829664 1.0135001512591861
0.4494774668087007 1.0135001512591861
0.4535178708491047 1.0135001512591861
0.45755827488950873 1.0135001512591861
0.4615986789299128 1.0135001512591861
0.46563908297031686 1.0135001512591861
0.46967948701072093 1.0135001512591861
0.47371989105112494 1.0135001512591861
0.47776029509152895 1.0135001512591861
0.481800699131933 1.0135001512591861
0.4858411031723371 1.0135001512591861
0.4898815072127411 1.0135001512591861
0.4939219112531451 1.0135001512591861
0.4979623152935492 1.0135001512591861
0.5020027193339532 1.0135001512591861
0.5060431233743572 1.0135001512591861
0.5100835274147613 1.0135001512591861
0.5141239314551653 1.0135001512591861
0.5181643354955694 1.0135001512591861
0.5222047395359735 1.0135001512591861
0.5262451435763775 1.0135001512591861
0.5302855476167815 1.0135001512591861
0.5343259516571855 1.0135001512591861
0.5383663556975896 1.0135001512591861
0.5424067597379936 1.0135001512591861
0.5464471637783976 1.0135001512591861
0.5504875678188017 1.0135001512591861
0.5545279718592058 1.0135001512591861
0.5585683758996098 1.0135001512591861
0.5626087799400139 1.0135001512591861
0.5666491839804179 1.0135001512591861
0.5706895880208219 1.0135001512591861
0.5747299920612259 1.0135001512591861
0.57877039610163 1.0135001512591861
0.582810800142034 1.0135001512591861
0.5868512041824381 1.0135001512591861
0.5908916082228421 1.0135001512591861
0.5949320122632462 1.0135001512591861
0.5989724163036502 1.0135001512591861
0.6030128203440542 1.0135001512591861
0.6070532243844582 1.0135001512591861
0.6110936284248623 1.0135001512591861
0.6151340324652663 1.0135001512591861
0.6191744365056704 1.0135001512591861
0.6232148405460745 1.0135001512591861
0.6272552445864785 1.0135001512591861
0.6312956486268826 1.0135001512591861
0.6353360526672865 1.0135001512591861
0.6393764567076906 1.0135001512591861
0.6434168607480946 1.0135001512591861
0.6474572647884986 1.0135001512591861
0.6514976688289027 1.0135001512591861
0.6555380728693068 1.0135001512591861
0.6595784769097108 1.0135001512591861
0.6636188809501149 1.0135001512591861
0.6676592849905189 1.0135001512591861
0.6716996890309229 1.0135001512591861
0.6757400930713269 1.0135001512591861
0.6797804971117309 1.0135001512591861
0.683820901152135 1.0135001512591861
0.6878613051925391 1.0135001512591861
0.6919017092329431 1.0135001512591861
0.6959421132733472 1.0135001512591861
0.6999825173137513 1.0135001512591861
0.2999825173137512 1.0175405552995902
0.3040229213541552 1.0175405552995902
0.3080633253945593 1.0175405552995902
0.31210372943496334 1.0175405552995902
0.31614413347536735 1.0175405552995902
0.32018453751577136 1.0175405552995902
0.32422494155617543 1.0175405552995902
0.3282653455965795 1.0175405552995902
0.3323057496369835 1.0175405552995902
0.33634615367738757 1.0175405552995902
0.3403865577177916 1.0175405552995902
0.34442696175819565 1.0175405552995902
0.3484673657985997 1.0175405552995902
0.3525077698390037 1.0175405552995902
0.35654817387940774 1.0175405552995902
0.3605885779198118 1.0175405552995902
0.36462898196021587 1.0175405552995902
0.3686693860006199 1.0175405552995902
0.3727097900410239 1.0175405552995902
0.37675019408142796 1.0175405552995902
0.380790598121832 1.0175405552995902
0.38483100216223604 1.0175405552995902
0.3888714062026401 1.0175405552995902
0.3929118102430441 1.0175405552995902
0.3969522142834482 1.0175405552995902
0.4009926183238522 1.0175405552995902
0.40503302236425626 1.0175405552995902
0.40907342640466027 1.0175405552995902
0.41311383044506433 1.0175405552995902
0.4171542344854684 1.0175405552995902
0.4211946385258724 1.0175405552995902
0.4252350425662764 1.0175405552995902
0.4292754466066805 1.0175405552995902
0.43331585064708456 1.0175405552995902
0.43735625468748857 1.0175405552995902
0.4413966587278926 1.0175405552995902
0.44543706276829664 1.0175405552995902
0.4494774668087007 1.0175405552995902
0.4535178708491047 1.0175405552995902
0.45755827488950873 1.0175405552995902
0.4615986789299128 1.0175405552995902
0.46563908297031686 1.0175405552995902
0.46967948701072093 1.0175405552995902
0.47371989105112494 1.0175405552995902
0.47776029509152895 1.0175405552995902
0.481800699131933 1.0175405552995902
0.4858411031723371 1.0175405552995902
0.4898815072127411 1.0175405552995902
0.4939219112531451 1.0175405552995902
0.4979623152935492 1.0175405552995902
0.5020027193339532 1.0175405552995902
0.5060431233743572 1.0175405552995902
0.5100835274147613 1.0175405552995902
0.5141239314551653 1.0175405552995902
0.5181643354955694 1.0175405552995902
0.5222047395359735 1.0175405552995902
0.5262451435763775 1.0175405552995902
0.5302855476167815 1.0175405552995902
0.5343259516571855 1.0175405552995902
0.5383663556975896 1.0175405552995902
0.5424067597379936 1.0175405552995902
0.5464471637783976 1.0175405552995902
0.5504875678188017 1.0175405552995902
0.5545279718592058 1.0175405552995902
0.5585683758996098 1.0175405552995902
0.5626087799400139 1.0175405552995902
0.5666491839804179 1.0175405552995902
0.5706895880208219 1.0175405552995902
0.5747299920612259 1.0175405552995902
0.57877039610163 1.0175405552995902
0.582810800142034 1.0175405552995902
0.5868512041824381 1.0175405552995902
0.5908916082228421 1.0175405552995902
0.5949320122632462 1.0175405552995902
0.5989724163036502 1.0175405552995902
0.6030128203440542 1.0175405552995902
0.6070532243844582 1.0175405552995902
0.6110936284248623 1.0175405552995902
0.6151340324652663 1.0175405552995902
0.6191744365056704 1.0175405552995902
0.6232148405460745 1.0175405552995902
0.6272552445864785 1.0175405552995902
0.6312956486268826 1.0175405552995902
0.6353360526672865 1.0175405552995902
0.6393764567076906 1.0175405552995902
0.6434168607480946 1.0175405552995902
0.6474572647884986 1.0175405552995902
0.6514976688289027 1.0175405552995902
0.6555380728693068 1.0175405552995902
0.6595784769097108 1.0175405552995902
0.6636188809501149 1.0175405552995902
0.6676592849905189 1.0175405552995902
0.6716996890309229 1.0175405552995902
0.6757400930713269 1.0175405552995902
0.6797804971117309 1.0175405552995902
0.683820901152135 1.0175405552995902
0.6878613051925391 1.0175405552995902
0.6919017092329431 1.0175405552995902
0.6959421132733472 1.0175405552995902
0.6999825173137513 1.0175405552995902
0.2999825173137512 1.0215809593399943
0.3040229213541552 1.0215809593399943
0.3080633253945593 1.0215809593399943
0.31210372943496334 1.0215809593399943
0.31614413347536735 1.0215809593399943
0.32018453751577136 1.0215809593399943
0.32422494155617543 1.0215809593399943
0.3282653455965795 1.0215809593399943
0.3323057496369835 1.0215809593399943
0.33634615367738757 1.0215809593399943
0.3403865577177916 1.0215809593399943
0.34442696175819565 1.0215809593399943
0.3484673657985997 1.0215809593399943
0.3525077698390037 1.0215809593399943
0.35654817387940774 1.0215809593399943
0.3605885779198118 1.0215809593399943
0.36462898196021587 1.0215809593399943
0.3686693860006199 1.0215809593399943
0.3727097900410239 1.0215809593399943
0.37675019408142796 1.0215809593399943
0.380790598121832 1.0215809593399943
0.38483100216223604 1.0215809593399943
0.3888714062026401 1.0215809593399943
0.3929118102430441 1.0215809593399943
0.3969522142834482 1.0215809593399943
0.4009926183238522 1.0215809593399943
0.40503302236425626 1.0215809593399943
0.40907342640466027 1.0215809593399943
0.41311383044506433 1.0215809593399943
0.4171542344854684 1.0215809593399943
0.4211946385258724 1.0215809593399943
0.4252350425662764 1.0215809593399943
0.4292754466066805 1.0215809593399943
0.43331585064708456 1.0215809593399943
0.43735625468748857 1.0215809593399943
0.4413966587278926 1.0215809593399943
0.44543706276829664 1.0215809593399943
0.4494774668087007 1.0215809593399943
0.4535178708491047 1.0215809593399943
0.45755827488950873 1.0215809593399943
0.4615986789299128 1.0215809593399943
0.46563908297031686 1.0215809593399943
0.46967948701072093 1.0215809593399943
0.47371989105112494 1.0215809593399943
0.47776029509152895 1.0215809593399943
0.481800699131933 1.0215809593399943
0.4858411031723371 1.0215809593399943
0.4898815072127411 1.0215809593399943
0.4939219112531451 1.0215809593399943
0.4979623152935492 1.0215809593399943
0.5020027193339532 1.0215809593399943
0.5060431233743572 1.0215809593399943
0.5100835274147613 1.0215809593399943
0.5141239314551653 1.0215809593399943
0.5181643354955694 1.0215809593399943
0.5222047395359735 1.0215809593399943
0.5262451435763775 1.0215809593399943
0.5302855476167815 1.0215809593399943
0.5343259516571855 1.0215809593399943
0.5383663556975896 1.0215809593399943
0.5424067597379936 1.0215809593399943
0.5464471637783976 1.0215809593399943
0.5504875678188017 1.0215809593399943
0.5545279718592058 1.0215809593399943
0.5585683758996098 1.0215809593399943
0.5626087799400139 1.0215809593399943
0.5666491839804179 1.0215809593399943
0.5706895880208219 1.0215809593399943
0.5747299920612259 1.0215809593399943
0.57877039610163 1.0215809593399943
0.582810800142034 1.0215809593399943
0.5868512041824381 1.0215809593399943
0.5908916082228421 1.0215809593399943
0.5949320122632462 1.0215809593399943
0.5989724163036502 1.0215809593399943
0.6030128203440542 1.0215809593399943
0.6070532243844582 1.0215809593399943
0.6110936284248623 1.0215809593399943
0.6151340324652663 1.0215809593399943
0.6191744365056704 1.0215809593399943
0.6232148405460745 1.0215809593399943
0.6272552445864785 1.0215809593399943
0.6312956486268826 1.0215809593399943
0.6353360526672865 1.0215809593399943
0.6393764567076906 1.0215809593399943
0.6434168607480946 1.0215809593399943
0.6474572647884986 1.0215809593399943
0.6514976688289027 1.0215809593399943
0.6555380728693068 1.0215809593399943
0.6595784769097108 1.0215809593399943
0.6636188809501149 1.0215809593399943
0.6676592849905189 1.0215809593399943
0.6716996890309229 1.0215809593399943
0.6757400930713269 1.0215809593399943
0.6797804971117309 1.0215809593399943
0.683820901152135 1.0215809593399943
0.6878613051925391 1.0215809593399943
0.6919017092329431 1.0215809593399943
0.6959421132733472 1.0215809593399943
0.6999825173137513 1.0215809593399943
0.2999825173137512 1.025621363380398
0.3040229213541552 1.025621363380398
0.3080633253945593 1.025621363380398
0.31210372943496334 1.025621363380398
0.31614413347536735 1.025621363380398
0.32018453751577136 1.025621363380398
0.32422494155617543 1.025621363380398
0.3282653455965795 1.025621363380398
0.3323057496369835 1.025621363380398
0.33634615367738757 1.025621363380398
0.3403865577177916 1.025621363380398
0.34442696175819565 1.025621363380398
0.3484673657985997 1.025621363380398
0.3525077698390037 1.025621363380398
0.35654817387940774 1.025621363380398
0.3605885779198118 1.025621363380398
0.36462898196021587 1.025621363380398
0.3686693860006199 1.025621363380398
0.3727097900410239 1.025621363380398
0.37675019408142796 1.025621363380398
0.380790598121832 1.025621363380398
0.38483100216223604 1.025621363380398
0.3888714062026401 1.025621363380398
0.3929118102430441 1.025621363380398
0.3969522142834482 1.025621363380398
0.4009926183238522 1.025621363380398
0.40503302236425626 1.025621363380398
0.40907342640466027 1.025621363380398
0.41311383044506433 1.025621363380398
0.4171542344854684 1.025621363380398
0.4211946385258724 1.025621363380398
0.4252350425662764 1.025621363380398
0.4292754466066805 1.025621363380398
0.43331585064708456 1.025621363380398
0.43735625468748857 1.025621363380398
0.4413966587278926 1.025621363380398
0.44543706276829664 1.025621363380398
0.4494774668087007 1.025621363380398
0.4535178708491047 1.025621363380398
0.45755827488950873 1.025621363380398
0.4615986789299128 1.025621363380398
0.46563908297031686 1.025621363380398
0.46967948701072093 1.025621363380398
0.47371989105112494 1.025621363380398
0.47776029509152895 1.025621363380398
0.481800699131933 1.025621363380398
0.4858411031723371 1.025621363380398
0.4898815072127411 1.025621363380398
0.4939219112531451 1.025621363380398
0.4979623152935492 1.025621363380398
0.5020027193339532 1.025621363380398
0.5060431233743572 1.025621363380398
0.5100835274147613 1.025621363380398
0.5141239314551653 1.025621363380398
0.5181643354955694 1.025621363380398
0.5222047395359735 1.025621363380398
0.5262451435763775 1.025621363380398
0.5302855476167815 1.025621363380398
0.5343259516571855 1.025621363380398
0.5383663556975896 1.025621363380398
0.5424067597379936 1.025621363380398
0.5464471637783976 1.025621363380398
0.5504875678188017 1.025621363380398
0.5545279718592058 1.025621363380398
0.5585683758996098 1.025621363380398
0.5626087799400139 1.025621363380398
0.5666491839804179 1.025621363380398
0.5706895880208219 1.025621363380398
0.5747299920612259 1.025621363380398
0.57877039610163 1.025621363380398
0.582810800142034 1.025621363380398
0.5868512041824381 1.025621363380398
0.5908916082228421 1.025621363380398
0.5949320122632462 1.025621363380398
0.5989724163036502 1.025621363380398
0.6030128203440542 1.025621363380398
0.6070532243844582 1.025621363380398
0.6110936284248623 1.025621363380398
0.6151340324652663 1.025621363380398
0.6191744365056704 1.025621363380398
0.6232148405460745 1.025621363380398
0.6272552445864785 1.025621363380398
0.6312956486268826 1.025621363380398
0.6353360526672865 1.025621363380398
0.6393764567076906 1.025621363380398
0.6434168607480946 1.025621363380398
0.6474572647884986 1.025621363380398
0.6514976688289027 1.025621363380398
0.6555380728693068 1.025621363380398
0.6595784769097108 1.025621363380398
0.6636188809501149 1.025621363380398
0.6676592849905189 1.025621363380398
0.6716996890309229 1.025621363380398
0.6757400930713269 1.025621363380398
0.6797804971117309 1.025621363380398
0.683820901152135 1.025621363380398
0.6878613051925391 1.025621363380398
0.6919017092329431 1.025621363380398
0.6959421132733472 1.025621363380398
0.6999825173137513 1.025621363380398
0.2999825173137512 1.0296617674208022
0.3040229213541552 1.0296617674208022
0.3080633253945593 1.0296617674208022
0.31210372943496334 1.0296617674208022
0.31614413347536735 1.0296617674208022
0.32018453751577136 1.0296617674208022
0.32422494155617543 1.0296617674208022
0.3282653455965795 1.0296617674208022
0.3323057496369835 1.0296617674208022
0.33634615367738757 1.0296617674208022
0.3403865577177916 1.0296617674208022
0.34442696175819565 1.0296617674208022
0.3484673657985997 1.0296617674208022
0.3525077698390037 1.0296617674208022
0.35654817387940774 1.0296617674208022
0.3605885779198118 1.0296617674208022
0.36462898196021587 1.0296617674208022
0.3686693860006199 1.0296617674208022
0.3727097900410239 1.0296617674208022
0.37675019408142796 1.0296617674208022
0.380790598121832 1.0296617674208022
0.38483100216223604 1.0296617674208022
0.3888714062026401 1.0296617674208022
0.3929118102430441 1.0296617674208022
0.3969522142834482 1.0296617674208022
0.4009926183238522 1.0296617674208022
0.40503302236425626 1.0296617674208022
0.40907342640466027 1.0296617674208022
0.41311383044506433 1.0296617674208022
0.4171542344854684 1.0296617674208022
0.4211946385258724 1.0296617674208022
0.4252350425662764 1.0296617674208022
0.4292754466066805 1.0296617674208022
0.43331585064708456 1.0296617674208022
0.43735625468748857 1.0296617674208022
0.4413966587278926 1.0296617674208022
0.44543706276829664 1.0296617674208022
0.4494774668087007 1.0296617674208022
0.4535178708491047 1.0296617674208022
0.45755827488950873 1.0296617674208022
0.4615986789299128 1.0296617674208022
0.46563908297031686 1.0296617674208022
0.46967948701072093 1.0296617674208022
0.47371989105112494 1.0296617674208022
0.47776029509152895 1.0296617674208022
0.481800699131933 1.0296617674208022
0.4858411031723371 1.0296617674208022
0.4898815072127411 1.0296617674208022
0.4939219112531451 1.0296617674208022
0.4979623152935492 1.0296617674208022
0.5020027193339532 1.0296617674208022
0.5060431233743572 1.0296617674208022
0.5100835274147613 1.0296617674208022
0.5141239314551653 1.0296617674208022
0.5181643354955694 1.0296617674208022
0.5222047395359735 1.0296617674208022
0.5262451435763775 1.0296617674208022
0.5302855476167815 1.0296617674208022
0.5343259516571855 1.0296617674208022
0.5383663556975896 1.0296617674208022
0.5424067597379936 1.0296617674208022
0.5464471637783976 1.0296617674208022
0.5504875678188017 1.0296617674208022
0.5545279718592058 1.0296617674208022
0.5585683758996098 1.0296617674208022
0.5626087799400139 1.0296617674208022
0.5666491839804179 1.0296617674208022
0.5706895880208219 1.0296617674208022
0.5747299920612259 1.0296617674208022
0.57877039610163 1.0296617674208022
0.582810800142034 1.0296617674208022
0.5868512041824381 1.0296617674208022
0.5908916082228421 1.0296617674208022
0.5949320122632462 1.0296617674208022
0.5989724163036502 1.0296617674208022
0.6030128203440542 1.0296617674208022
0.6070532243844582 1.0296617674208022
0.6110936284248623 1.0296617674208022
0.6151340324652663 1.0296617674208022
0.6191744365056704 1.0296617674208022
0.6232148405460745 1.0296617674208022
0.6272552445864785 1.0296617674208022
0.6312956486268826 1.0296617674208022
0.6353360526672865 1.0296617674208022
0.6393764567076906 1.0296617674208022
0.6434168607480946 1.0296617674208022
0.6474572647884986 1.0296617674208022
0.6514976688289027 1.0296617674208022
0.6555380728693068 1.0296617674208022
0.6595784769097108 1.0296617674208022
0.6636188809501149 1.0296617674208022
0.6676592849905189 1.0296617674208022
0.6716996890309229 1.0296617674208022
0.6757400930713269 1.0296617674208022
0.6797804971117309 1.0296617674208022
0.683820901152135 1.0296617674208022
0.6878613051925391 1.0296617674208022
0.6919017092329431 1.0296617674208022
0.6959421132733472 1.0296617674208022
0.6999825173137513 1.0296617674208022
0.2999825173137512 1.0337021714612062
0.3040229213541552 1.0337021714612062
0.3080633253945593 1.0337021714612062
0.31210372943496334 1.0337021714612062
0.31614413347536735 1.0337021714612062
0.32018453751577136 1.0337021714612062
0.32422494155617543 1.0337021714612062
0.3282653455965795 1.0337021714612062
0.3323057496369835 1.0337021714612062
0.33634615367738757 1.0337021714612062
0.3403865577177916 1.0337021714612062
0.34442696175819565 1.0337021714612062
0.3484673657985997 1.0337021714612062
0.3525077698390037 1.0337021714612062
0.35654817387940774 1.0337021714612062
0.3605885779198118 1.0337021714612062
0.36462898196021587 1.0337021714612062
0.3686693860006199 1.0337021714612062
0.3727097900410239 1.0337021714612062
0.37675019408142796 1.0337021714612062
0.380790598121832 1.0337021714612062
0.38483100216223604 1.0337021714612062
0.3888714062026401 1.0337021714612062
0.3929118102430441 1.0337021714612062
0.3969522142834482 1.0337021714612062
0.4009926183238522 1.0337021714612062
0.40503302236425626 1.0337021714612062
0.40907342640466027 1.0337021714612062
0.41311383044506433 1.0337021714612062
0.4171542344854684 1.0337021714612062
0.4211946385258724 1.0337021714612062
0.4252350425662764 1.0337021714612062
0.4292754466066805 1.0337021714612062
0.43331585064708456 1.0337021714612062
0.43735625468748857 1.0337021714612062
0.4413966587278926 1.0337021714612062
0.44543706276829664 1.0337021714612062
0.4494774668087007 1.0337021714612062
0.4535178708491047 1.0337021714612062
0.45755827488950873 1.0337021714612062
0.4615986789299128 1.0337021714612062
0.46563908297031686 1.0337021714612062
0.46967948701072093 1.0337021714612062
0.47371989105112494 1.0337021714612062
0.47776029509152895 1.0337021714612062
0.481800699131933 1.0337021714612062
0.4858411031723371 1.0337021714612062
0.4898815072127411 1.0337021714612062
0.4939219112531451 1.0337021714612062
0.4979623152935492 1.0337021714612062
0.5020027193339532 1.0337021714612062
0.5060431233743572 1.0337021714612062
0.5100835274147613 1.0337021714612062
0.5141239314551653 1.0337021714612062
0.5181643354955694 1.0337021714612062
0.5222047395359735 1.0337021714612062
0.5262451435763775 1.0337021714612062
0.5302855476167815 1.0337021714612062
0.5343259516571855 1.0337021714612062
0.5383663556975896 1.0337021714612062
0.5424067597379936 1.0337021714612062
0.5464471637783976 1.0337021714612062
0.5504875678188017 1.0337021714612062
0.5545279718592058 1.0337021714612062
0.5585683758996098 1.0337021714612062
0.5626087799400139 1.0337021714612062
0.5666491839804179 1.0337021714612062
0.5706895880208219 1.0337021714612062
0.5747299920612259 1.0337021714612062
0.57877039610163 1.0337021714612062
0.582810800142034 1.0337021714612062
0.5868512041824381 1.0337021714612062
0.5908916082228421 1.0337021714612062
0.5949320122632462 1.0337021714612062
0.5989724163036502 1.0337021714612062
0.6030128203440542 1.0337021714612062
0.6070532243844582 1.0337021714612062
0.6110936284248623 1.0337021714612062
0.6151340324652663 1.0337021714612062
0.6191744365056704 1.0337021714612062
0.6232148405460745 1.0337021714612062
0.6272552445864785 1.0337021714612062
0.6312956486268826 1.0337021714612062
0.6353360526672865 1.0337021714612062
0.6393764567076906 1.0337021714612062
0.6434168607480946 1.0337021714612062
0.6474572647884986 1.0337021714612062
0.6514976688289027 1.0337021714612062
0.6555380728693068 1.0337021714612062
0.6595784769097108 1.0337021714612062
0.6636188809501149 1.0337021714612062
0.6676592849905189 1.0337021714612062
0.6716996890309229 1.0337021714612062
0.6757400930713269 1.0337021714612062
0.6797804971117309 1.0337021714612062
0.683820901152135 1.0337021714612062
0.6878613051925391 1.0337021714612062
0.6919017092329431 1.0337021714612062
0.6959421132733472 1.0337021714612062
0.6999825173137513 1.0337021714612062
0.2999825173137512 1.0377425755016103
0.3040229213541552 1.0377425755016103
0.3080633253945593 1.0377425755016103
0.31210372943496334 1.0377425755016103
0.31614413347536735 1.0377425755016103
0.32018453751577136 1.0377425755016103
0.32422494155617543 1.0377425755016103
0.3282653455965795 1.0377425755016103
0.3323057496369835 1.0377425755016103
0.33634615367738757 1.0377425755016103
0.3403865577177916 1.0377425755016103
0.34442696175819565 1.0377425755016103
0.3484673657985997 1.0377425755016103
0.3525077698390037 1.0377425755016103
0.35654817387940774 1.0377425755016103
0.3605885779198118 1.0377425755016103
0.36462898196021587 1.0377425755016103
0.3686693860006199 1.0377425755016103
0.3727097900410239 1.0377425755016103
0.37675019408142796 1.0377425755016103
0.380790598121832 1.0377425755016103
0.38483100216223604 1.0377425755016103
0.3888714062026401 1.0377425755016103
0.3929118102430441 1.0377425755016103
0.3969522142834482 1.0377425755016103
0.4009926183238522 1.0377425755016103
0.40503302236425626 1.0377425755016103
0.40907342640466027 1.0377425755016103
0.41311383044506433 1.0377425755016103
0.4171542344854684 1.0377425755016103
0.4211946385258724 1.0377425755016103
0.4252350425662764 1.0377425755016103
0.4292754466066805 1.0377425755016103
0.43331585064708456 1.0377425755016103
0.43735625468748857 1.0377425755016103
0.4413966587278926 1.0377425755016103
0.44543706276829664 1.0377425755016103
0.4494774668087007 1.0377425755016103
0.4535178708491047 1.0377425755016103
0.45755827488950873 1.0377425755016103
0.4615986789299128 1.0377425755016103
0.46563908297031686 1.0377425755016103
0.46967948701072093 1.0377425755016103
0.47371989105112494 1.0377425755016103
0.47776029509152895 1.0377425755016103
0.481800699131933 1.0377425755016103
0.4858411031723371 1.0377425755016103
0.4898815072127411 1.0377425755016103
0.4939219112531451 1.0377425755016103
0.4979623152935492 1.0377425755016103
0.5020027193339532 1.0377425755016103
0.5060431233743572 1.0377425755016103
0.5100835274147613 1.0377425755016103
0.5141239314551653 1.0377425755016103
0.5181643354955694 1.0377425755016103
0.5222047395359735 1.0377425755016103
0.5262451435763775 1.0377425755016103
0.5302855476167815 1.0377425755016103
0.5343259516571855 1.0377425755016103
0.5383663556975896 1.0377425755016103
0.5424067597379936 1.0377425755016103
0.5464471637783976 1.0377425755016103
0.5504875678188017 1.0377425755016103
0.5545279718592058 1.0377425755016103
0.5585683758996098 1.0377425755016103
0.5626087799400139 1.0377425755016103
0.5666491839804179 1.0377425755016103
0.5706895880208219 1.0377425755016103
0.5747299920612259 1.0377425755016103
0.57877039610163 1.0377425755016103
0.582810800142034 1.0377425755016103
0.5868512041824381 1.0377425755016103
0.5908916082228421 1.0377425755016103
0.5949320122632462 1.0377425755016103
0.5989724163036502 1.0377425755016103
0.6030128203440542 1.0377425755016103
0.6070532243844582 1.0377425755016103
0.6110936284248623 1.0377425755016103
0.6151340324652663 1.0377425755016103
0.6191744365056704 1.0377425755016103
0.6232148405460745 1.0377425755016103
0.6272552445864785 1.0377425755016103
0.6312956486268826 1.0377425755016103
0.6353360526672865 1.0377425755016103
0.6393764567076906 1.0377425755016103
0.6434168607480946 1.0377425755016103
0.6474572647884986 1.0377425755016103
0.6514976688289027 1.0377425755016103
0.6555380728693068 1.0377425755016103
0.6595784769097108 1.0377425755016103
0.6636188809501149 1.0377425755016103
0.6676592849905189 1.0377425755016103
0.6716996890309229 1.0377425755016103
0.6757400930713269 1.0377425755016103
0.6797804971117309 1.0377425755016103
0.683820901152135 1.0377425755016103
0.6878613051925391 1.0377425755016103
0.6919017092329431 1.0377425755016103
0.6959421132733472 1.0377425755016103
0.6999825173137513 1.0377425755016103
0.2999825173137512 1.0417829795420144
0.3040229213541552 1.0417829795420144
0.3080633253945593 1.0417829795420144
0.31210372943496334 1.0417829795420144
0.31614413347536735 1.0417829795420144
0.32018453751577136 1.0417829795420144
0.32422494155617543 1.0417829795420144
0.3282653455965795 1.0417829795420144
0.3323057496369835 1.0417829795420144
0.33634615367738757 1.0417829795420144
0.3403865577177916 1.0417829795420144
0.34442696175819565 1.0417829795420144
0.3484673657985997 1.0417829795420144
0.3525077698390037 1.0417829795420144
0.35654817387940774 1.0417829795420144
0.3605885779198118 1.0417829795420144
0.36462898196021587 1.0417829795420144
0.3686693860006199 1.0417829795420144
0.3727097900410239 1.0417829795420144
0.37675019408142796 1.0417829795420144
0.380790598121832 1.0417829795420144
0.38483100216223604 1.0417829795420144
0.3888714062026401 1.0417829795420144
0.3929118102430441 1.0417829795420144
0.3969522142834482 1.0417829795420144
0.4009926183238522 1.0417829795420144
0.40503302236425626 1.0417829795420144
0.40907342640466027 1.0417829795420144
0.41311383044506433 1.0417829795420144
0.4171542344854684 1.0417829795420144
0.4211946385258724 1.0417829795420144
0.4252350425662764 1.0417829795420144
0.4292754466066805 1.0417829795420144
0.43331585064708456 1.0417829795420144
0.43735625468748857 1.0417829795420144
0.4413966587278926 1.0417829795420144
0.44543706276829664 1.0417829795420144
0.4494774668087007 1.0417829795420144
0.4535178708491047 1.0417829795420144
0.45755827488950873 1.0417829795420144
0.4615986789299128 1.0417829795420144
0.46563908297031686 1.0417829795420144
0.46967948701072093 1.0417829795420144
0.47371989105112494 1.0417829795420144
0.47776029509152895 1.0417829795420144
0.481800699131933 1.0417829795420144
0.4858411031723371 1.0417829795420144
0.4898815072127411 1.0417829795420144
0.4939219112531451 1.0417829795420144
0.4979623152935492 1.0417829795420144
0.5020027193339532 1.0417829795420144
0.5060431233743572 1.0417829795420144
0.5100835274147613 1.0417829795420144
0.5141239314551653 1.0417829795420144
0.5181643354955694 1.0417829795420144
0.5222047395359735 1.0417829795420144
0.5262451435763775 1.0417829795420144
0.5302855476167815 1.0417829795420144
0.5343259516571855 1.0417829795420144
0.5383663556975896 1.0417829795420144
0.5424067597379936 1.0417829795420144
0.5464471637783976 1.0417829795420144
0.5504875678188017 1.0417829795420144
0.5545279718592058 1.0417829795420144
0.5585683758996098 1.0417829795420144
0.5626087799400139 1.0417829795420144
0.5666491839804179 1.0417829795420144
0.5706895880208219 1.0417829795420144
0.5747299920612259 1.0417829795420144
0.57877039610163 1.0417829795420144
0.582810800142034 1.0417829795420144
0.5868512041824381 1.0417829795420144
0.5908916082228421 1.0417829795420144
0.5949320122632462 1.0417829795420144
0.5989724163036502 1.0417829795420144
0.6030128203440542 1.0417829795420144
0.6070532243844582 1.0417829795420144
0.6110936284248623 1.0417829795420144
0.6151340324652663 1.0417829795420144
0.6191744365056704 1.0417829795420144
0.6232148405460745 1.0417829795420144
0.6272552445864785 1.0417829795420144
0.6312956486268826 1.0417829795420144
0.6353360526672865 1.0417829795420144
0.6393764567076906 1.0417829795420144
0.6434168607480946 1.0417829795420144
0.6474572647884986 1.0417829795420144
0.6514976688289027 1.0417829795420144
0.6555380728693068 1.0417829795420144
0.6595784769097108 1.0417829795420144
0.6636188809501149 1.0417829795420144
0.6676592849905189 1.0417829795420144
0.6716996890309229 1.0417829795420144
0.6757400930713269 1.0417829795420144
0.6797804971117309 1.0417829795420144
0.683820901152135 1.0417829795420144
0.6878613051925391 1.0417829795420144
0.6919017092329431 1.0417829795420144
0.6959421132733472 1.0417829795420144
0.6999825173137513 1.0417829795420144
0.2999825173137512 1.0458233835824184
0.3040229213541552 1.0458233835824184
0.3080633253945593 1.0458233835824184
0.31210372943496334 1.0458233835824184
0.31614413347536735 1.0458233835824184
0.32018453751577136 1.0458233835824184
0.32422494155617543 1.0458233835824184
0.3282653455965795 1.0458233835824184
0.3323057496369835 1.0458233835824184
0.33634615367738757 1.0458233835824184
0.3403865577177916 1.0458233835824184
0.34442696175819565 1.0458233835824184
0.3484673657985997 1.0458233835824184
0.3525077698390037 1.0458233835824184
0.35654817387940774 1.0458233835824184
0.3605885779198118 1.0458233835824184
0.36462898196021587 1.0458233835824184
0.3686693860006199 1.0458233835824184
0.3727097900410239 1.0458233835824184
0.37675019408142796 1.0458233835824184
0.380790598121832 1.0458233835824184
0.38483100216223604 1.0458233835824184
0.3888714062026401 1.0458233835824184
0.3929118102430441 1.0458233835824184
0.3969522142834482 1.0458233835824184
0.4009926183238522 1.0458233835824184
0.40503302236425626 1.0458233835824184
0.40907342640466027 1.0458233835824184
0.41311383044506433 1.0458233835824184
0.4171542344854684 1.0458233835824184
0.4211946385258724 1.0458233835824184
0.4252350425662764 1.0458233835824184
0.4292754466066805 1.0458233835824184
0.43331585064708456 1.0458233835824184
0.43735625468748857 1.0458233835824184
0.4413966587278926 1.0458233835824184
0.44543706276829664 1.0458233835824184
0.4494774668087007 1.0458233835824184
0.4535178708491047 1.0458233835824184
0.45755827488950873 1.0458233835824184
0.4615986789299128 1.0458233835824184
0.46563908297031686 1.0458233835824184
0.46967948701072093 1.0458233835824184
0.47371989105112494 1.0458233835824184
0.47776029509152895 1.0458233835824184
0.481800699131933 1.0458233835824184
0.4858411031723371 1.0458233835824184
0.4898815072127411 1.0458233835824184
0.4939219112531451 1.0458233835824184
0.4979623152935492 1.0458233835824184
0.5020027193339532 1.0458233835824184
0.5060431233743572 1.0458233835824184
0.5100835274147613 1.0458233835824184
0.5141239314551653 1.0458233835824184
0.5181643354955694 1.0458233835824184
0.5222047395359735 1.0458233835824184
0.5262451435763775 1.0458233835824184
0.5302855476167815 1.0458233835824184
0.5343259516571855 1.0458233835824184
0.5383663556975896 1.0458233835824184
0.5424067597379936 1.0458233835824184
0.5464471637783976 1.0458233835824184
0.5504875678188017 1.0458233835824184
0.5545279718592058 1.0458233835824184
0.5585683758996098 1.0458233835824184
0.5626087799400139 1.0458233835824184
0.5666491839804179 1.0458233835824184
0.5706895880208219 1.0458233835824184
0.5747299920612259 1.0458233835824184
0.57877039610163 1.0458233835824184
0.582810800142034 1.0458233835824184
0.5868512041824381 1.0458233835824184
0.5908916082228421 1.0458233835824184
0.5949320122632462 1.0458233835824184
0.5989724163036502 1.0458233835824184
0.6030128203440542 1.0458233835824184
0.6070532243844582 1.0458233835824184
0.6110936284248623 1.0458233835824184
0.6151340324652663 1.0458233835824184
0.6191744365056704 1.0458233835824184
0.6232148405460745 1.0458233835824184
0.6272552445864785 1.0458233835824184
0.6312956486268826 1.0458233835824184
0.6353360526672865 1.0458233835824184
0.6393764567076906 1.0458233835824184
0.6434168607480946 1.0458233835824184
0.6474572647884986 1.0458233835824184
0.6514976688289027 1.0458233835824184
0.6555380728693068 1.0458233835824184
0.6595784769097108 1.0458233835824184
0.6636188809501149 1.0458233835824184
0.6676592849905189 1.0458233835824184
0.6716996890309229 1.0458233835824184
0.6757400930713269 1.0458233835824184
0.6797804971117309 1.0458233835824184
0.683820901152135 1.0458233835824184
0.6878613051925391 1.0458233835824184
0.6919017092329431 1.0458233835824184
0.6959421132733472 1.0458233835824184
0.6999825173137513 1.0458233835824184
0.2999825173137512 1.0498637876228223
0.3040229213541552 1.0498637876228223
0.3080633253945593 1.0498637876228223
0.31210372943496334 1.0498637876228223
0.31614413347536735 1.0498637876228223
0.32018453751577136 1.0498637876228223
0.32422494155617543 1.0498637876228223
0.3282653455965795 1.0498637876228223
0.3323057496369835 1.0498637876228223
0.33634615367738757 1.0498637876228223
0.3403865577177916 1.0498637876228223
0.34442696175819565 1.0498637876228223
0.3484673657985997 1.0498637876228223
0.3525077698390037 1.0498637876228223
0.35654817387940774 1.0498637876228223
0.3605885779198118 1.0498637876228223
0.36462898196021587 1.0498637876228223
0.3686693860006199 1.0498637876228223
0.3727097900410239 1.0498637876228223
0.37675019408142796 1.0498637876228223
0.380790598121832 1.0498637876228223
0.38483100216223604 1.0498637876228223
0.3888714062026401 1.0498637876228223
0.3929118102430441 1.0498637876228223
0.3969522142834482 1.0498637876228223
0.4009926183238522 1.0498637876228223
0.40503302236425626 1.0498637876228223
0.40907342640466027 1.0498637876228223
0.41311383044506433 1.0498637876228223
0.4171542344854684 1.0498637876228223
0.4211946385258724 1.0498637876228223
0.4252350425662764 1.0498637876228223
0.4292754466066805 1.0498637876228223
0.43331585064708456 1.0498637876228223
0.43735625468748857 1.0498637876228223
0.4413966587278926 1.0498637876228223
0.44543706276829664 1.0498637876228223
0.4494774668087007 1.0498637876228223
0.4535178708491047 1.0498637876228223
0.45755827488950873 1.0498637876228223
0.4615986789299128 1.0498637876228223
0.46563908297031686 1.0498637876228223
0.46967948701072093 1.0498637876228223
0.47371989105112494 1.0498637876228223
0.47776029509152895 1.0498637876228223
0.481800699131933 1.0498637876228223
0.4858411031723371 1.0498637876228223
0.4898815072127411 1.0498637876228223
0.4939219112531451 1.0498637876228223
0.4979623152935492 1.0498637876228223
0.5020027193339532 1.0498637876228223
0.5060431233743572 1.0498637876228223
0.5100835274147613 1.0498637876228223
0.5141239314551653 1.0498637876228223
0.5181643354955694 1.0498637876228223
0.5222047395359735 1.0498637876228223
0.5262451435763775 1.0498637876228223
0.5302855476167815 1.0498637876228223
0.5343259516571855 1.0498637876228223
0.5383663556975896 1.0498637876228223
0.5424067597379936 1.0498637876228223
0.5464471637783976 1.0498637876228223
0.5504875678188017 1.0498637876228223
0.5545279718592058 1.0498637876228223
0.5585683758996098 1.0498637876228223
0.5626087799400139 1.0498637876228223
0.5666491839804179 1.0498637876228223
0.5706895880208219 1.0498637876228223
0.5747299920612259 1.0498637876228223
0.57877039610163 1.0498637876228223
0.582810800142034 1.0498637876228223
0.5868512041824381 1.0498637876228223
0.5908916082228421 1.0498637876228223
0.5949320122632462 1.0498637876228223
0.5989724163036502 1.0498637876228223
0.6030128203440542 1.0498637876228223
0.6070532243844582 1.0498637876228223
0.6110936284248623 1.0498637876228223
0.6151340324652663 1.0498637876228223
0.6191744365056704 1.0498637876228223
0.6232148405460745 1.0498637876228223
0.6272552445864785 1.0498637876228223
0.6312956486268826 1.0498637876228223
0.6353360526672865 1.0498637876228223
0.6393764567076906 1.0498637876228223
0.6434168607480946 1.0498637876228223
0.6474572647884986 1.0498637876228223
0.6514976688289027 1.0498637876228223
0.6555380728693068 1.0498637876228223
0.6595784769097108 1.0498637876228223
0.6636188809501149 1.0498637876228223
0.6676592849905189 1.0498637876228223
0.6716996890309229 1.0498637876228223
0.6757400930713269 1.0498637876228223
0.6797804971117309 1.0498637876228223
0.683820901152135 1.0498637876228223
0.6878613051925391 1.0498637876228223
0.6919017092329431 1.0498637876228223
0.6959421132733472 1.0498637876228223
0.6999825173137513 1.0498637876228223
0.2999825173137512 1.0539041916632264
0.3040229213541552 1.0539041916632264
0.3080633253945593 1.0539041916632264
0.31210372943496334 1.0539041916632264
0.31614413347536735 1.0539041916632264
0.32018453751577136 1.0539041916632264
0.32422494155617543 1.0539041916632264
0.3282653455965795 1.0539041916632264
0.3323057496369835 1.0539041916632264
0.33634615367738757 1.0539041916632264
0.3403865577177916 1.0539041916632264
0.34442696175819565 1.0539041916632264
0.3484673657985997 1.0539041916632264
0.3525077698390037 1.0539041916632264
0.35654817387940774 1.0539041916632264
0.3605885779198118 1.0539041916632264
0.36462898196021587 1.0539041916632264
0.3686693860006199 1.0539041916632264
0.3727097900410239 1.0539041916632264
0.37675019408142796 1.0539041916632264
0.380790598121832 1.0539041916632264
0.38483100216223604 1.0539041916632264
0.3888714062026401 1.0539041916632264
0.3929118102430441 1.0539041916632264
0.3969522142834482 1.0539041916632264
0.4009926183238522 1.0539041916632264
0.40503302236425626 1.0539041916632264
0.40907342640466027 1.0539041916632264
0.41311383044506433 1.0539041916632264
0.4171542344854684 1.0539041916632264
0.4211946385258724 1.0539041916632264
0.4252350425662764 1.0539041916632264
0.4292754466066805 1.0539041916632264
0.43331585064708456 1.0539041916632264
0.43735625468748857 1.0539041916632264
0.4413966587278926 1.0539041916632264
0.44543706276829664 1.0539041916632264
0.4494774668087007 1.0539041916632264
0.4535178708491047 1.0539041916632264
0.45755827488950873 1.0539041916632264
0.4615986789299128 1.0539041916632264
0.46563908297031686 1.0539041916632264
0.46967948701072093 1.0539041916632264
0.47371989105112494 1.0539041916632264
0.47776029509152895 1.0539041916632264
0.481800699131933 1.0539041916632264
0.4858411031723371 1.0539041916632264
0.4898815072127411 1.0539041916632264
0.4939219112531451 1.0539041916632264
0.4979623152935492 1.0539041916632264
0.5020027193339532 1.0539041916632264
0.5060431233743572 1.0539041916632264
0.5100835274147613 1.0539041916632264
0.5141239314551653 1.0539041916632264
0.5181643354955694 1.0539041916632264
0.5222047395359735 1.0539041916632264
0.5262451435763775 1.0539041916632264
0.5302855476167815 1.0539041916632264
0.5343259516571855 1.0539041916632264
0.5383663556975896 1.0539041916632264
0.5424067597379936 1.0539041916632264
0.5464471637783976 1.0539041916632264
0.5504875678188017 1.0539041916632264
0.5545279718592058 1.0539041916632264
0.5585683758996098 1.0539041916632264
0.5626087799400139 1.0539041916632264
0.5666491839804179 1.0539041916632264
0.5706895880208219 1.0539041916632264
0.5747299920612259 1.0539041916632264
0.57877039610163 1.0539041916632264
0.582810800142034 1.0539041916632264
0.5868512041824381 1.0539041916632264
0.5908916082228421 1.0539041916632264
0.5949320122632462 1.0539041916632264
0.5989724163036502 1.0539041916632264
0.6030128203440542 1.0539041916632264
0.6070532243844582 1.0539041916632264
0.6110936284248623 1.0539041916632264
0.6151340324652663 1.0539041916632264
0.6191744365056704 1.0539041916632264
0.6232148405460745 1.0539041916632264
0.6272552445864785 1.0539041916632264
0.6312956486268826 1.0539041916632264
0.6353360526672865 1.0539041916632264
0.6393764567076906 1.0539041916632264
0.6434168607480946 1.0539041916632264
0.6474572647884986 1.0539041916632264
0.6514976688289027 1.0539041916632264
0.6555380728693068 1.0539041916632264
0.6595784769097108 1.0539041916632264
0.6636188809501149 1.0539041916632264
0.6676592849905189 1.0539041916632264
0.6716996890309229 1.0539041916632264
0.6757400930713269 1.0539041916632264
0.6797804971117309 1.0539041916632264
0.683820901152135 1.0539041916632264
0.6878613051925391 1.0539041916632264
0.6919017092329431 1.0539041916632264
0.6959421132733472 1.0539041916632264
0.6999825173137513 1.0539041916632264
0.2999825173137512 1.0579445957036304
0.3040229213541552 1.0579445957036304
0.3080633253945593 1.0579445957036304
0.31210372943496334 1.0579445957036304
0.31614413347536735 1.0579445957036304
0.32018453751577136 1.0579445957036304
0.32422494155617543 1.0579445957036304
0.3282653455965795 1.0579445957036304
0.3323057496369835 1.0579445957036304
0.33634615367738757 1.0579445957036304
0.3403865577177916 1.0579445957036304
0.34442696175819565 1.0579445957036304
0.3484673657985997 1.0579445957036304
0.3525077698390037 1.0579445957036304
0.35654817387940774 1.0579445957036304
0.3605885779198118 1.0579445957036304
0.36462898196021587 1.0579445957036304
0.3686693860006199 1.0579445957036304
0.3727097900410239 1.0579445957036304
0.37675019408142796 1.0579445957036304
0.380790598121832 1.0579445957036304
0.38483100216223604 1.0579445957036304
0.3888714062026401 1.0579445957036304
0.3929118102430441 1.0579445957036304
0.3969522142834482 1.0579445957036304
0.4009926183238522 1.0579445957036304
0.40503302236425626 1.0579445957036304
0.40907342640466027 1.0579445957036304
0.41311383044506433 1.0579445957036304
0.4171542344854684 1.0579445957036304
0.4211946385258724 1.0579445957036304
0.4252350425662764 1.0579445957036304
0.4292754466066805 1.0579445957036304
0.43331585064708456 1.0579445957036304
0.43735625468748857 1.0579445957036304
0.4413966587278926 1.0579445957036304
0.44543706276829664 1.0579445957036304
0.4494774668087007 1.0579445957036304
0.4535178708491047 1.0579445957036304
0.45755827488950873 1.0579445957036304
0.4615986789299128 1.0579445957036304
0.46563908297031686 1.0579445957036304
0.46967948701072093 1.0579445957036304
0.47371989105112494 1.0579445957036304
0.47776029509152895 1.0579445957036304
0.481800699131933 1.0579445957036304
0.4858411031723371 1.0579445957036304
0.4898815072127411 1.0579445957036304
0.4939219112531451 1.0579445957036304
0.4979623152935492 1.0579445957036304
0.5020027193339532 1.0579445957036304
0.5060431233743572 1.0579445957036304
0.5100835274147613 1.0579445957036304
0.5141239314551653 1.0579445957036304
0.5181643354955694 1.0579445957036304
0.5222047395359735 1.0579445957036304
0.5262451435763775 1.0579445957036304
0.5302855476167815 1.0579445957036304
0.5343259516571855 1.0579445957036304
0.5383663556975896 1.0579445957036304
0.5424067597379936 1.0579445957036304
0.5464471637783976 1.0579445957036304
0.5504875678188017 1.0579445957036304
0.5545279718592058 1.0579445957036304
0.5585683758996098 1.0579445957036304
0.5626087799400139 1.0579445957036304
0.5666491839804179 1.0579445957036304
0.5706895880208219 1.0579445957036304
0.5747299920612259 1.0579445957036304
0.57877039610163 1.0579445957036304
0.582810800142034 1.0579445957036304
0.5868512041824381 1.0579445957036304
0.5908916082228421 1.0579445957036304
0.5949320122632462 1.0579445957036304
0.5989724163036502 1.0579445957036304
0.6030128203440542 1.0579445957036304
0.6070532243844582 1.0579445957036304
0.6110936284248623 1.0579445957036304
0.6151340324652663 1.0579445957036304
0.6191744365056704 1.0579445957036304
0.6232148405460745 1.0579445957036304
0.6272552445864785 1.0579445957036304
0.6312956486268826 1.0579445957036304
0.6353360526672865 1.0579445957036304
0.6393764567076906 1.0579445957036304
0.6434168607480946 1.0579445957036304
0.6474572647884986 1.0579445957036304
0.6514976688289027 1.0579445957036304
0.6555380728693068 1.0579445957036304
0.6595784769097108 1.0579445957036304
0.6636188809501149 1.0579445957036304
0.6676592849905189 1.0579445957036304
0.6716996890309229 1.0579445957036304
0.6757400930713269 1.0579445957036304
0.6797804971117309 1.0579445957036304
0.683820901152135 1.0579445957036304
0.6878613051925391 1.0579445957036304
0.6919017092329431 1.0579445957036304
0.6959421132733472 1.0579445957036304
0.6999825173137513 1.0579445957036304
0.2999825173137512 1.0619849997440345
0.3040229213541552 1.0619849997440345
0.3080633253945593 1.0619849997440345
0.31210372943496334 1.0619849997440345
0.31614413347536735 1.0619849997440345
0.32018453751577136 1.0619849997440345
0.32422494155617543 1.0619849997440345
0.3282653455965795 1.0619849997440345
0.3323057496369835 1.0619849997440345
0.33634615367738757 1.0619849997440345
0.3403865577177916 1.0619849997440345
0.34442696175819565 1.0619849997440345
0.3484673657985997 1.0619849997440345
0.3525077698390037 1.0619849997440345
0.35654817387940774 1.0619849997440345
0.3605885779198118 1.0619849997440345
0.36462898196021587 1.0619849997440345
0.3686693860006199 1.0619849997440345
0.3727097900410239 1.0619849997440345
0.37675019408142796 1.0619849997440345
0.380790598121832 1.0619849997440345
0.38483100216223604 1.0619849997440345
0.3888714062026401 1.0619849997440345
0.3929118102430441 1.0619849997440345
0.3969522142834482 1.0619849997440345
0.4009926183238522 1.0619849997440345
0.40503302236425626 1.0619849997440345
0.40907342640466027 1.0619849997440345
0.41311383044506433 1.0619849997440345
0.4171542344854684 1.0619849997440345
0.4211946385258724 1.0619849997440345
0.4252350425662764 1.0619849997440345
0.4292754466066805 1.0619849997440345
0.43331585064708456 1.0619849997440345
0.43735625468748857 1.0619849997440345
0.4413966587278926 1.0619849997440345
0.44543706276829664 1.0619849997440345
0.4494774668087007 1.0619849997440345
0.4535178708491047 1.0619849997440345
0.45755827488950873 1.0619849997440345
0.4615986789299128 1.0619849997440345
0.46563908297031686 1.0619849997440345
0.46967948701072093 1.0619849997440345
0.47371989105112494 1.0619849997440345
0.47776029509152895 1.0619849997440345
0.481800699131933 1.0619849997440345
0.4858411031723371 1.0619849997440345
0.4898815072127411 1.0619849997440345
0.4939219112531451 1.0619849997440345
0.4979623152935492 1.0619849997440345
0.5020027193339532 1.0619849997440345
0.5060431233743572 1.0619849997440345
0.5100835274147613 1.0619849997440345
0.5141239314551653 1.0619849997440345
0.5181643354955694 1.0619849997440345
0.5222047395359735 1.0619849997440345
0.5262451435763775 1.0619849997440345
0.5302855476167815 1.0619849997440345
0.5343259516571855 1.0619849997440345
0.5383663556975896 1.0619849997440345
0.5424067597379936 1.0619849997440345
0.5464471637783976 1.0619849997440345
0.5504875678188017 1.0619849997440345
0.5545279718592058 1.0619849997440345
0.5585683758996098 1.0619849997440345
0.5626087799400139 1.0619849997440345
0.5666491839804179 1.0619849997440345
0.5706895880208219 1.0619849997440345
0.5747299920612259 1.0619849997440345
0.57877039610163 1.0619849997440345
0.582810800142034 1.0619849997440345
0.5868512041824381 1.0619849997440345
0.5908916082228421 1.0619849997440345
0.5949320122632462 1.0619849997440345
0.5989724163036502 1.0619849997440345
0.6030128203440542 1.0619849997440345
0.6070532243844582 1.0619849997440345
0.6110936284248623 1.0619849997440345
0.6151340324652663 1.0619849997440345
0.6191744365056704 1.0619849997440345
0.6232148405460745 1.0619849997440345
0.6272552445864785 1.0619849997440345
0.6312956486268826 1.0619849997440345
0.6353360526672865 1.0619849997440345
0.6393764567076906 1.0619849997440345
0.6434168607480946 1.0619849997440345
0.6474572647884986 1.0619849997440345
0.6514976688289027 1.0619849997440345
0.6555380728693068 1.0619849997440345
0.6595784769097108 1.0619849997440345
0.6636188809501149 1.0619849997440345
0.6676592849905189 1.0619849997440345
0.6716996890309229 1.0619849997440345
0.6757400930713269 1.0619849997440345
0.6797804971117309 1.0619849997440345
0.683820901152135 1.0619849997440345
0.6878613051925391 1.0619849997440345
0.6919017092329431 1.0619849997440345
0.6959421132733472 1.0619849997440345
0.6999825173137513 1.0619849997440345
0.2999825173137512 1.0660254037844386
0.3040229213541552 1.0660254037844386
0.3080633253945593 1.0660254037844386
0.31210372943496334 1.0660254037844386
0.31614413347536735 1.0660254037844386
0.32018453751577136 1.0660254037844386
0.32422494155617543 1.0660254037844386
0.3282653455965795 1.0660254037844386
0.3323057496369835 1.0660254037844386
0.33634615367738757 1.0660254037844386
0.3403865577177916 1.0660254037844386
0.34442696175819565 1.0660254037844386
0.3484673657985997 1.0660254037844386
0.3525077698390037 1.0660254037844386
0.35654817387940774 1.0660254037844386
0.3605885779198118 1.0660254037844386
0.36462898196021587 1.0660254037844386
0.3686693860006199 1.0660254037844386
0.3727097900410239 1.0660254037844386
0.37675019408142796 1.0660254037844386
0.380790598121832 1.0660254037844386
0.38483100216223604 1.0660254037844386
0.3888714062026401 1.0660254037844386
0.3929118102430441 1.0660254037844386
0.3969522142834482 1.0660254037844386
0.4009926183238522 1.0660254037844386
0.40503302236425626 1.0660254037844386
0.40907342640466027 1.0660254037844386
0.41311383044506433 1.0660254037844386
0.4171542344854684 1.0660254037844386
0.4211946385258724 1.0660254037844386
0.4252350425662764 1.0660254037844386
0.4292754466066805 1.0660254037844386
0.43331585064708456 1.0660254037844386
0.43735625468748857 1.0660254037844386
0.4413966587278926 1.0660254037844386
0.44543706276829664 1.0660254037844386
0.4494774668087007 1.0660254037844386
0.4535178708491047 1.0660254037844386
0.45755827488950873 1.0660254037844386
0.4615986789299128 1.0660254037844386
0.46563908297031686 1.0660254037844386
0.46967948701072093 1.0660254037844386
0.47371989105112494 1.0660254037844386
0.47776029509152895 1.0660254037844386
0.481800699131933 1.0660254037844386
0.4858411031723371 1.0660254037844386
0.4898815072127411 1.0660254037844386
0.4939219112531451 1.0660254037844386
0.4979623152935492 1.0660254037844386
0.5020027193339532 1.0660254037844386
0.5060431233743572 1.0660254037844386
0.5100835274147613 1.0660254037844386
0.5141239314551653 1.0660254037844386
0.5181643354955694 1.0660254037844386
0.5222047395359735 1.0660254037844386
0.5262451435763775 1.0660254037844386
0.5302855476167815 1.0660254037844386
0.5343259516571855 1.0660254037844386
0.5383663556975896 1.0660254037844386
0.5424067597379936 1.0660254037844386
0.5464471637783976 1.0660254037844386
0.5504875678188017 1.0660254037844386
0.5545279718592058 1.0660254037844386
0.5585683758996098 1.0660254037844386
0.5626087799400139 1.0660254037844386
0.5666491839804179 1.0660254037844386
0.5706895880208219 1.0660254037844386
0.5747299920612259 1.0660254037844386
0.57877039610163 1.0660254037844386
0.582810800142034 1.0660254037844386
0.5868512041824381 1.0660254037844386
0.5908916082228421 1.0660254037844386
0.5949320122632462 1.0660254037844386
0.5989724163036502 1.0660254037844386
0.6030128203440542 1.0660254037844386
0.6070532243844582 1.0660254037844386
0.6110936284248623 1.0660254037844386
0.6151340324652663 1.0660254037844386
0.6191744365056704 1.0660254037844386
0.6232148405460745 1.0660254037844386
0.6272552445864785 1.0660254037844386
0.6312956486268826 1.0660254037844386
0.6353360526672865 1.0660254037844386
0.6393764567076906 1.0660254037844386
0.6434168607480946 1.0660254037844386
0.6474572647884986 1.0660254037844386
0.6514976688289027 1.0660254037844386
0.6555380728693068 1.0660254037844386
0.6595784769097108 1.0660254037844386
0.6636188809501149 1.0660254037844386
0.6676592849905189 1.0660254037844386
0.6716996890309229 1.0660254037844386
0.6757400930713269 1.0660254037844386
0.6797804971117309 1.0660254037844386
0.683820901152135 1.0660254037844386
0.6878613051925391 1.0660254037844386
0.6919017092329431 1.0660254037844386
0.6959421132733472 1.0660254037844386
0.6999825173137513 1.0660254037844386
