# x y
0.2972765466796084 0.6660254037844386
0.3013169507200124 0.6660254037844386
0.3053573547604165 0.6660254037844386
0.30939775880082054 0.6660254037844386
0.31343816284122455 0.6660254037844386
0.31747856688162857 0.6660254037844386
0.32151897092203263 0.6660254037844386
0.3255593749624367 0.6660254037844386
0.3295997790028407 0.6660254037844386
0.3336401830432448 0.6660254037844386
0.3376805870836488 0.6660254037844386
0.34172099112405285 0.6660254037844386
0.3457613951644569 0.6660254037844386
0.34980179920486093 0.6660254037844386
0.35384220324526494 0.6660254037844386
0.357882607285669 0.6660254037844386
0.3619230113260731 0.6660254037844386
0.3659634153664771 0.6660254037844386
0.3700038194068811 0.6660254037844386
0.37404422344728516 0.6660254037844386
0.37808462748768923 0.6660254037844386
0.38212503152809324 0.6660254037844386
0.3861654355684973 0.6660254037844386
0.3902058396089013 0.6660254037844386
0.3942462436493054 0.6660254037844386
0.3982866476897094 0.6660254037844386
0.40232705173011346 0.6660254037844386
0.40636745577051747 0.6660254037844386
0.41040785981092154 0.6660254037844386
0.4144482638513256 0.6660254037844386
0.4184886678917296 0.6660254037844386
0.4225290719321336 0.6660254037844386
0.4265694759725377 0.6660254037844386
0.43060988001294176 0.6660254037844386
0.43465028405334577 0.6660254037844386
0.4386906880937498 0.6660254037844386
0.44273109213415385 0.6660254037844386
0.4467714961745579 0.6660254037844386
0.4508119002149619 0.6660254037844386
0.45485230425536594 0.6660254037844386
0.45889270829577 0.6660254037844386
0.46293311233617407 0.6660254037844386
0.46697351637657813 0.6660254037844386
0.47101392041698215 0.6660254037844386
0.47505432445738616 0.6660254037844386
0.4790947284977902 0.6660254037844386
0.4831351325381943 0.6660254037844386
0.4871755365785983 0.6660254037844386
0.4912159406190023 0.6660254037844386
0.4952563446594064 0.6660254037844386
0.49929674869981044 0.6660254037844386
0.5033371527402144 0.6660254037844386
0.5073775567806185 0.6660254037844386
0.5114179608210225 0.6660254037844386
0.5154583648614266 0.6660254037844386
0.5194987689018307 0.6660254037844386
0.5235391729422347 0.6660254037844386
0.5275795769826387 0.6660254037844386
0.5316199810230428 0.6660254037844386
0.5356603850634468 0.6660254037844386
0.5397007891038508 0.6660254037844386
0.5437411931442548 0.6660254037844386
0.5477815971846589 0.6660254037844386
0.551822001225063 0.6660254037844386
0.555862405265467 0.6660254037844386
0.5599028093058711 0.6660254037844386
0.5639432133462751 0.6660254037844386
0.5679836173866791 0.6660254037844386
0.5720240214270831 0.6660254037844386
0.5760644254674872 0.6660254037844386
0.5801048295078912 0.6660254037844386
0.5841452335482953 0.6660254037844386
0.5881856375886994 0.6660254037844386
0.5922260416291034 0.6660254037844386
0.5962664456695074 0.6660254037844386
0.6003068497099114 0.6660254037844386
0.6043472537503154 0.6660254037844386
0.6083876577907195 0.6660254037844386
0.6124280618311235 0.6660254037844386
0.6164684658715276 0.6660254037844386
0.6205088699119317 0.6660254037844386
0.6245492739523357 0.6660254037844386
0.6285896779927398 0.6660254037844386
0.6326300820331437 0.6660254037844386
0.6366704860735478 0.6660254037844386
0.6407108901139518 0.6660254037844386
0.6447512941543558 0.6660254037844386
0.6487916981947599 0.6660254037844386
0.652832102235164 0.6660254037844386
0.656872506275568 0.6660254037844386
0.6609129103159721 0.6660254037844386
0.6649533143563761 0.6660254037844386
0.6689937183967801 0.6660254037844386
0.6730341224371841 0.6660254037844386
0.6770745264775881 0.6660254037844386
0.6811149305179922 0.6660254037844386
0.6851553345583963 0.6660254037844386
0.6891957385988003 0.6660254037844386
0.6932361426392044 0.6660254037844386
0.6972765466796085 0.6660254037844386
0.2972765466796084 0.6700658078248426
0.3013169507200124 0.6700658078248426
0.3053573547604165 0.6700658078248426
0.30939775880082054 0.6700658078248426
0.31343816284122455 0.6700658078248426
0.31747856688162857 0.6700658078248426
0.32151897092203263 0.6700658078248426
0.3255593749624367 0.6700658078248426
0.3295997790028407 0.6700658078248426
0.3336401830432448 0.6700658078248426
0.3376805870836488 0.6700658078248426
0.34172099112405285 0.6700658078248426
0.3457613951644569 0.6700658078248426
0.34980179920486093 0.6700658078248426
0.35384220324526494 0.6700658078248426
0.357882607285669 0.6700658078248426
0.3619230113260731 0.6700658078248426
0.3659634153664771 0.6700658078248426
0.3700038194068811 0.6700658078248426
0.37404422344728516 0.6700658078248426
0.37808462748768923 0.6700658078248426
0.38212503152809324 0.6700658078248426
0.3861654355684973 0.6700658078248426
0.3902058396089013 0.6700658078248426
0.3942462436493054 0.6700658078248426
0.3982866476897094 0.6700658078248426
0.40232705173011346 0.6700658078248426
0.40636745577051747 0.6700658078248426
0.41040785981092154 0.6700658078248426
0.4144482638513256 0.6700658078248426
0.4184886678917296 0.6700658078248426
0.4225290719321336 0.6700658078248426
0.4265694759725377 0.6700658078248426
0.43060988001294176 0.6700658078248426
0.43465028405334577 0.6700658078248426
0.4386906880937498 0.6700658078248426
0.44273109213415385 0.6700658078248426
0.4467714961745579 0.6700658078248426
0.4508119002149619 0.6700658078248426
0.45485230425536594 0.6700658078248426
0.45889270829577 0.6700658078248426
0.46293311233617407 0.6700658078248426
0.46697351637657813 0.6700658078248426
0.47101392041698215 0.6700658078248426
0.47505432445738616 0.6700658078248426
0.4790947284977902 0.6700658078248426
0.4831351325381943 0.6700658078248426
0.4871755365785983 0.6700658078248426
0.4912159406190023 0.6700658078248426
0.4952563446594064 0.6700658078248426
0.49929674869981044 0.6700658078248426
0.5033371527402144 0.6700658078248426
0.5073775567806185 0.6700658078248426
0.5114179608210225 0.6700658078248426
0.5154583648614266 0.6700658078248426
0.5194987689018307 0.6700658078248426
0.5235391729422347 0.6700658078248426
0.5275795769826387 0.6700658078248426
0.5316199810230428 0.6700658078248426
0.5356603850634468 0.6700658078248426
0.5397007891038508 0.6700658078248426
0.5437411931442548 0.6700658078248426
0.5477815971846589 0.6700658078248426
0.551822001225063 0.6700658078248426
0.555862405265467 0.6700658078248426
0.5599028093058711 0.6700658078248426
0.5639432133462751 0.6700658078248426
0.5679836173866791 0.6700658078248426
0.5720240214270831 0.6700658078248426
0.5760644254674872 0.6700658078248426
0.5801048295078912 0.6700658078248426
0.5841452335482953 0.6700658078248426
0.5881856375886994 0.6700658078248426
0.5922260416291034 0.6700658078248426
0.5962664456695074 0.6700658078248426
0.6003068497099114 0.6700658078248426
0.6043472537503154 0.6700658078248426
0.6083876577907195 0.6700658078248426
0.6124280618311235 0.6700658078248426
0.6164684658715276 0.6700658078248426
0.6205088699119317 0.6700658078248426
0.6245492739523357 0.6700658078248426
0.6285896779927398 0.6700658078248426
0.6326300820331437 0.6700658078248426
0.6366704860735478 0.6700658078248426
0.6407108901139518 0.6700658078248426
0.6447512941543558 0.6700658078248426
0.6487916981947599 0.6700658078248426
0.652832102235164 0.6700658078248426
0.656872506275568 0.6700658078248426
0.6609129103159721 0.6700658078248426
0.6649533143563761 0.6700658078248426
0.6689937183967801 0.6700658078248426
0.6730341224371841 0.6700658078248426
0.6770745264775881 0.6700658078248426
0.6811149305179922 0.6700658078248426
0.6851553345583963 0.6700658078248426
0.6891957385988003 0.6700658078248426
0.6932361426392044 0.6700658078248426
0.6972765466796085 0.6700658078248426
0.2972765466796084 0.6741062118652467
0.3013169507200124 0.6741062118652467
0.3053573547604165 0.6741062118652467
0.30939775880082054 0.6741062118652467
0.31343816284122455 0.6741062118652467
0.31747856688162857 0.6741062118652467
0.32151897092203263 0.6741062118652467
0.3255593749624367 0.6741062118652467
0.3295997790028407 0.6741062118652467
0.3336401830432448 0.6741062118652467
0.3376805870836488 0.6741062118652467
0.34172099112405285 0.6741062118652467
0.3457613951644569 0.6741062118652467
0.34980179920486093 0.6741062118652467
0.35384220324526494 0.6741062118652467
0.357882607285669 0.6741062118652467
0.3619230113260731 0.6741062118652467
0.3659634153664771 0.6741062118652467
0.3700038194068811 0.6741062118652467
0.37404422344728516 0.6741062118652467
0.37808462748768923 0.6741062118652467
0.38212503152809324 0.6741062118652467
0.3861654355684973 0.6741062118652467
0.3902058396089013 0.6741062118652467
0.3942462436493054 0.6741062118652467
0.3982866476897094 0.6741062118652467
0.40232705173011346 0.6741062118652467
0.40636745577051747 0.6741062118652467
0.41040785981092154 0.6741062118652467
0.4144482638513256 0.6741062118652467
0.4184886678917296 0.6741062118652467
0.4225290719321336 0.6741062118652467
0.4265694759725377 0.6741062118652467
0.43060988001294176 0.6741062118652467
0.43465028405334577 0.6741062118652467
0.4386906880937498 0.6741062118652467
0.44273109213415385 0.6741062118652467
0.4467714961745579 0.6741062118652467
0.4508119002149619 0.6741062118652467
0.45485230425536594 0.6741062118652467
0.45889270829577 0.6741062118652467
0.46293311233617407 0.6741062118652467
0.46697351637657813 0.6741062118652467
0.47101392041698215 0.6741062118652467
0.47505432445738616 0.6741062118652467
0.4790947284977902 0.6741062118652467
0.4831351325381943 0.6741062118652467
0.4871755365785983 0.6741062118652467
0.4912159406190023 0.6741062118652467
0.4952563446594064 0.6741062118652467
0.49929674869981044 0.6741062118652467
0.5033371527402144 0.6741062118652467
0.5073775567806185 0.6741062118652467
0.5114179608210225 0.6741062118652467
0.5154583648614266 0.6741062118652467
0.5194987689018307 0.6741062118652467
0.5235391729422347 0.6741062118652467
0.5275795769826387 0.6741062118652467
0.5316199810230428 0.6741062118652467
0.5356603850634468 0.6741062118652467
0.5397007891038508 0.6741062118652467
0.5437411931442548 0.6741062118652467
0.5477815971846589 0.6741062118652467
0.551822001225063 0.6741062118652467
0.555862405265467 0.6741062118652467
0.5599028093058711 0.6741062118652467
0.5639432133462751 0.6741062118652467
0.5679836173866791 0.6741062118652467
0.5720240214270831 0.6741062118652467
0.5760644254674872 0.6741062118652467
0.5801048295078912 0.6741062118652467
0.5841452335482953 0.6741062118652467
0.5881856375886994 0.6741062118652467
0.5922260416291034 0.6741062118652467
0.5962664456695074 0.6741062118652467
0.6003068497099114 0.6741062118652467
0.6043472537503154 0.6741062118652467
0.6083876577907195 0.6741062118652467
0.6124280618311235 0.6741062118652467
0.6164684658715276 0.6741062118652467
0.6205088699119317 0.6741062118652467
0.6245492739523357 0.6741062118652467
0.6285896779927398 0.6741062118652467
0.6326300820331437 0.6741062118652467
0.6366704860735478 0.6741062118652467
0.6407108901139518 0.6741062118652467
0.6447512941543558 0.6741062118652467
0.6487916981947599 0.6741062118652467
0.652832102235164 0.6741062118652467
0.656872506275568 0.6741062118652467
0.6609129103159721 0.6741062118652467
0.6649533143563761 0.6741062118652467
0.6689937183967801 0.6741062118652467
0.6730341224371841 0.6741062118652467
0.6770745264775881 0.6741062118652467
0.6811149305179922 0.6741062118652467
0.6851553345583963 0.6741062118652467
0.6891957385988003 0.6741062118652467
0.6932361426392044 0.6741062118652467
0.6972765466796085 0.6741062118652467
0.2972765466796084 0.6781466159056507
0.3013169507200124 0.6781466159056507
0.3053573547604165 0.6781466159056507
0.30939775880082054 0.6781466159056507
0.31343816284122455 0.6781466159056507
0.31747856688162857 0.6781466159056507
0.32151897092203263 0.6781466159056507
0.3255593749624367 0.6781466159056507
0.3295997790028407 0.6781466159056507
0.3336401830432448 0.6781466159056507
0.3376805870836488 0.6781466159056507
0.34172099112405285 0.6781466159056507
0.3457613951644569 0.6781466159056507
0.34980179920486093 0.6781466159056507
0.35384220324526494 0.6781466159056507
0.357882607285669 0.6781466159056507
0.3619230113260731 0.6781466159056507
0.3659634153664771 0.6781466159056507
0.3700038194068811 0.6781466159056507
0.37404422344728516 0.6781466159056507
0.37808462748768923 0.6781466159056507
0.38212503152809324 0.6781466159056507
0.3861654355684973 0.6781466159056507
0.3902058396089013 0.6781466159056507
0.3942462436493054 0.6781466159056507
0.3982866476897094 0.6781466159056507
0.40232705173011346 0.6781466159056507
0.40636745577051747 0.6781466159056507
0.41040785981092154 0.6781466159056507
0.4144482638513256 0.6781466159056507
0.4184886678917296 0.6781466159056507
0.4225290719321336 0.6781466159056507
0.4265694759725377 0.6781466159056507
0.43060988001294176 0.6781466159056507
0.43465028405334577 0.6781466159056507
0.4386906880937498 0.6781466159056507
0.44273109213415385 0.6781466159056507
0.4467714961745579 0.6781466159056507
0.4508119002149619 0.6781466159056507
0.45485230425536594 0.6781466159056507
0.45889270829577 0.6781466159056507
0.46293311233617407 0.6781466159056507
0.46697351637657813 0.6781466159056507
0.47101392041698215 0.6781466159056507
0.47505432445738616 0.6781466159056507
0.4790947284977902 0.6781466159056507
0.4831351325381943 0.6781466159056507
0.4871755365785983 0.6781466159056507
0.4912159406190023 0.6781466159056507
0.4952563446594064 0.6781466159056507
0.49929674869981044 0.6781466159056507
0.5033371527402144 0.6781466159056507
0.5073775567806185 0.6781466159056507
0.5114179608210225 0.6781466159056507
0.5154583648614266 0.6781466159056507
0.5194987689018307 0.6781466159056507
0.5235391729422347 0.6781466159056507
0.5275795769826387 0.6781466159056507
0.5316199810230428 0.6781466159056507
0.5356603850634468 0.6781466159056507
0.5397007891038508 0.6781466159056507
0.5437411931442548 0.6781466159056507
0.5477815971846589 0.6781466159056507
0.551822001225063 0.6781466159056507
0.555862405265467 0.6781466159056507
0.5599028093058711 0.6781466159056507
0.5639432133462751 0.6781466159056507
0.5679836173866791 0.6781466159056507
0.5720240214270831 0.6781466159056507
0.5760644254674872 0.6781466159056507
0.5801048295078912 0.6781466159056507
0.5841452335482953 0.6781466159056507
0.5881856375886994 0.6781466159056507
0.5922260416291034 0.6781466159056507
0.5962664456695074 0.6781466159056507
0.6003068497099114 0.6781466159056507
0.6043472537503154 0.6781466159056507
0.6083876577907195 0.6781466159056507
0.6124280618311235 0.6781466159056507
0.6164684658715276 0.6781466159056507
0.6205088699119317 0.6781466159056507
0.6245492739523357 0.6781466159056507
0.6285896779927398 0.6781466159056507
0.6326300820331437 0.6781466159056507
0.6366704860735478 0.6781466159056507
0.6407108901139518 0.6781466159056507
0.6447512941543558 0.6781466159056507
0.6487916981947599 0.6781466159056507
0.652832102235164 0.6781466159056507
0.656872506275568 0.6781466159056507
0.6609129103159721 0.6781466159056507
0.6649533143563761 0.6781466159056507
0.6689937183967801 0.6781466159056507
0.6730341224371841 0.6781466159056507
0.6770745264775881 0.6781466159056507
0.6811149305179922 0.6781466159056507
0.6851553345583963 0.6781466159056507
0.6891957385988003 0.6781466159056507
0.6932361426392044 0.6781466159056507
0.6972765466796085 0.6781466159056507
0.2972765466796084 0.6821870199460547
0.3013169507200124 0.6821870199460547
0.3053573547604165 0.6821870199460547
0.30939775880082054 0.6821870199460547
0.31343816284122455 0.6821870199460547
0.31747856688162857 0.6821870199460547
0.32151897092203263 0.6821870199460547
0.3255593749624367 0.6821870199460547
0.3295997790028407 0.6821870199460547
0.3336401830432448 0.6821870199460547
0.3376805870836488 0.6821870199460547
0.34172099112405285 0.6821870199460547
0.3457613951644569 0.6821870199460547
0.34980179920486093 0.6821870199460547
0.35384220324526494 0.6821870199460547
0.357882607285669 0.6821870199460547
0.3619230113260731 0.6821870199460547
0.3659634153664771 0.6821870199460547
0.3700038194068811 0.6821870199460547
0.37404422344728516 0.6821870199460547
0.37808462748768923 0.6821870199460547
0.38212503152809324 0.6821870199460547
0.3861654355684973 0.6821870199460547
0.3902058396089013 0.6821870199460547
0.3942462436493054 0.6821870199460547
0.3982866476897094 0.6821870199460547
0.40232705173011346 0.6821870199460547
0.40636745577051747 0.6821870199460547
0.41040785981092154 0.6821870199460547
0.4144482638513256 0.6821870199460547
0.4184886678917296 0.6821870199460547
0.4225290719321336 0.6821870199460547
0.4265694759725377 0.6821870199460547
0.43060988001294176 0.6821870199460547
0.43465028405334577 0.6821870199460547
0.4386906880937498 0.6821870199460547
0.44273109213415385 0.6821870199460547
0.4467714961745579 0.6821870199460547
0.4508119002149619 0.6821870199460547
0.45485230425536594 0.6821870199460547
0.45889270829577 0.6821870199460547
0.46293311233617407 0.6821870199460547
0.46697351637657813 0.6821870199460547
0.47101392041698215 0.6821870199460547
0.47505432445738616 0.6821870199460547
0.4790947284977902 0.6821870199460547
0.4831351325381943 0.6821870199460547
0.4871755365785983 0.6821870199460547
0.4912159406190023 0.6821870199460547
0.4952563446594064 0.6821870199460547
0.49929674869981044 0.6821870199460547
0.5033371527402144 0.6821870199460547
0.5073775567806185 0.6821870199460547
0.5114179608210225 0.6821870199460547
0.5154583648614266 0.6821870199460547
0.5194987689018307 0.6821870199460547
0.5235391729422347 0.6821870199460547
0.5275795769826387 0.6821870199460547
0.5316199810230428 0.6821870199460547
0.5356603850634468 0.6821870199460547
0.5397007891038508 0.6821870199460547
0.5437411931442548 0.6821870199460547
0.5477815971846589 0.6821870199460547
0.551822001225063 0.6821870199460547
0.555862405265467 0.6821870199460547
0.5599028093058711 0.6821870199460547
0.5639432133462751 0.6821870199460547
0.5679836173866791 0.6821870199460547
0.5720240214270831 0.6821870199460547
0.5760644254674872 0.6821870199460547
0.5801048295078912 0.6821870199460547
0.5841452335482953 0.6821870199460547
0.5881856375886994 0.6821870199460547
0.5922260416291034 0.6821870199460547
0.5962664456695074 0.6821870199460547
0.6003068497099114 0.6821870199460547
0.6043472537503154 0.6821870199460547
0.6083876577907195 0.6821870199460547
0.6124280618311235 0.6821870199460547
0.6164684658715276 0.6821870199460547
0.6205088699119317 0.6821870199460547
0.6245492739523357 0.6821870199460547
0.6285896779927398 0.6821870199460547
0.6326300820331437 0.6821870199460547
0.6366704860735478 0.6821870199460547
0.6407108901139518 0.6821870199460547
0.6447512941543558 0.6821870199460547
0.6487916981947599 0.6821870199460547
0.652832102235164 0.6821870199460547
0.656872506275568 0.6821870199460547
0.6609129103159721 0.6821870199460547
0.6649533143563761 0.6821870199460547
0.6689937183967801 0.6821870199460547
0.6730341224371841 0.6821870199460547
0.6770745264775881 0.6821870199460547
0.6811149305179922 0.6821870199460547
0.6851553345583963 0.6821870199460547
0.6891957385988003 0.6821870199460547
0.6932361426392044 0.6821870199460547
0.6972765466796085 0.6821870199460547
0.2972765466796084 0.6862274239864588
0.3013169507200124 0.6862274239864588
0.3053573547604165 0.6862274239864588
0.30939775880082054 0.6862274239864588
0.31343816284122455 0.6862274239864588
0.31747856688162857 0.6862274239864588
0.32151897092203263 0.6862274239864588
0.3255593749624367 0.6862274239864588
0.3295997790028407 0.6862274239864588
0.3336401830432448 0.6862274239864588
0.3376805870836488 0.6862274239864588
0.34172099112405285 0.6862274239864588
0.3457613951644569 0.6862274239864588
0.34980179920486093 0.6862274239864588
0.35384220324526494 0.6862274239864588
0.357882607285669 0.6862274239864588
0.3619230113260731 0.6862274239864588
0.3659634153664771 0.6862274239864588
0.3700038194068811 0.6862274239864588
0.37404422344728516 0.6862274239864588
0.37808462748768923 0.6862274239864588
0.38212503152809324 0.6862274239864588
0.3861654355684973 0.6862274239864588
0.3902058396089013 0.6862274239864588
0.3942462436493054 0.6862274239864588
0.3982866476897094 0.6862274239864588
0.40232705173011346 0.6862274239864588
0.40636745577051747 0.6862274239864588
0.41040785981092154 0.6862274239864588
0.4144482638513256 0.6862274239864588
0.4184886678917296 0.6862274239864588
0.4225290719321336 0.6862274239864588
0.4265694759725377 0.6862274239864588
0.43060988001294176 0.6862274239864588
0.43465028405334577 0.6862274239864588
0.4386906880937498 0.6862274239864588
0.44273109213415385 0.6862274239864588
0.4467714961745579 0.6862274239864588
0.4508119002149619 0.6862274239864588
0.45485230425536594 0.6862274239864588
0.45889270829577 0.6862274239864588
0.46293311233617407 0.6862274239864588
0.46697351637657813 0.6862274239864588
0.47101392041698215 0.6862274239864588
0.47505432445738616 0.6862274239864588
0.4790947284977902 0.6862274239864588
0.4831351325381943 0.6862274239864588
0.4871755365785983 0.6862274239864588
0.4912159406190023 0.6862274239864588
0.4952563446594064 0.6862274239864588
0.49929674869981044 0.6862274239864588
0.5033371527402144 0.6862274239864588
0.5073775567806185 0.6862274239864588
0.5114179608210225 0.6862274239864588
0.5154583648614266 0.6862274239864588
0.5194987689018307 0.6862274239864588
0.5235391729422347 0.6862274239864588
0.5275795769826387 0.6862274239864588
0.5316199810230428 0.6862274239864588
0.5356603850634468 0.6862274239864588
0.5397007891038508 0.6862274239864588
0.5437411931442548 0.6862274239864588
0.5477815971846589 0.6862274239864588
0.551822001225063 0.6862274239864588
0.555862405265467 0.6862274239864588
0.5599028093058711 0.6862274239864588
0.5639432133462751 0.6862274239864588
0.5679836173866791 0.6862274239864588
0.5720240214270831 0.6862274239864588
0.5760644254674872 0.6862274239864588
0.5801048295078912 0.6862274239864588
0.5841452335482953 0.6862274239864588
0.5881856375886994 0.6862274239864588
0.5922260416291034 0.6862274239864588
0.5962664456695074 0.6862274239864588
0.6003068497099114 0.6862274239864588
0.6043472537503154 0.6862274239864588
0.6083876577907195 0.6862274239864588
0.6124280618311235 0.6862274239864588
0.6164684658715276 0.6862274239864588
0.6205088699119317 0.6862274239864588
0.6245492739523357 0.6862274239864588
0.6285896779927398 0.6862274239864588
0.6326300820331437 0.6862274239864588
0.6366704860735478 0.6862274239864588
0.6407108901139518 0.6862274239864588
0.6447512941543558 0.6862274239864588
0.6487916981947599 0.6862274239864588
0.652832102235164 0.6862274239864588
0.656872506275568 0.6862274239864588
0.6609129103159721 0.6862274239864588
0.6649533143563761 0.6862274239864588
0.6689937183967801 0.6862274239864588
0.6730341224371841 0.6862274239864588
0.6770745264775881 0.6862274239864588
0.6811149305179922 0.6862274239864588
0.6851553345583963 0.6862274239864588
0.6891957385988003 0.6862274239864588
0.6932361426392044 0.6862274239864588
0.6972765466796085 0.6862274239864588
0.2972765466796084 0.6902678280268628
0.3013169507200124 0.6902678280268628
0.3053573547604165 0.6902678280268628
0.30939775880082054 0.6902678280268628
0.31343816284122455 0.6902678280268628
0.31747856688162857 0.6902678280268628
0.32151897092203263 0.6902678280268628
0.3255593749624367 0.6902678280268628
0.3295997790028407 0.6902678280268628
0.3336401830432448 0.6902678280268628
0.3376805870836488 0.6902678280268628
0.34172099112405285 0.6902678280268628
0.3457613951644569 0.6902678280268628
0.34980179920486093 0.6902678280268628
0.35384220324526494 0.6902678280268628
0.357882607285669 0.6902678280268628
0.3619230113260731 0.6902678280268628
0.3659634153664771 0.6902678280268628
0.3700038194068811 0.6902678280268628
0.37404422344728516 0.6902678280268628
0.37808462748768923 0.6902678280268628
0.38212503152809324 0.6902678280268628
0.3861654355684973 0.6902678280268628
0.3902058396089013 0.6902678280268628
0.3942462436493054 0.6902678280268628
0.3982866476897094 0.6902678280268628
0.40232705173011346 0.6902678280268628
0.40636745577051747 0.6902678280268628
0.41040785981092154 0.6902678280268628
0.4144482638513256 0.6902678280268628
0.4184886678917296 0.6902678280268628
0.4225290719321336 0.6902678280268628
0.4265694759725377 0.6902678280268628
0.43060988001294176 0.6902678280268628
0.43465028405334577 0.6902678280268628
0.4386906880937498 0.6902678280268628
0.44273109213415385 0.6902678280268628
0.4467714961745579 0.6902678280268628
0.4508119002149619 0.6902678280268628
0.45485230425536594 0.6902678280268628
0.45889270829577 0.6902678280268628
0.46293311233617407 0.6902678280268628
0.46697351637657813 0.6902678280268628
0.47101392041698215 0.6902678280268628
0.47505432445738616 0.6902678280268628
0.4790947284977902 0.6902678280268628
0.4831351325381943 0.6902678280268628
0.4871755365785983 0.6902678280268628
0.4912159406190023 0.6902678280268628
0.4952563446594064 0.6902678280268628
0.49929674869981044 0.6902678280268628
0.5033371527402144 0.6902678280268628
0.5073775567806185 0.6902678280268628
0.5114179608210225 0.6902678280268628
0.5154583648614266 0.6902678280268628
0.5194987689018307 0.6902678280268628
0.5235391729422347 0.6902678280268628
0.5275795769826387 0.6902678280268628
0.5316199810230428 0.6902678280268628
0.5356603850634468 0.6902678280268628
0.5397007891038508 0.6902678280268628
0.5437411931442548 0.6902678280268628
0.5477815971846589 0.6902678280268628
0.551822001225063 0.6902678280268628
0.555862405265467 0.6902678280268628
0.5599028093058711 0.6902678280268628
0.5639432133462751 0.6902678280268628
0.5679836173866791 0.6902678280268628
0.5720240214270831 0.6902678280268628
0.5760644254674872 0.6902678280268628
0.5801048295078912 0.6902678280268628
0.5841452335482953 0.6902678280268628
0.5881856375886994 0.6902678280268628
0.5922260416291034 0.6902678280268628
0.5962664456695074 0.6902678280268628
0.6003068497099114 0.6902678280268628
0.6043472537503154 0.6902678280268628
0.6083876577907195 0.6902678280268628
0.6124280618311235 0.6902678280268628
0.6164684658715276 0.6902678280268628
0.6205088699119317 0.6902678280268628
0.6245492739523357 0.6902678280268628
0.6285896779927398 0.6902678280268628
0.6326300820331437 0.6902678280268628
0.6366704860735478 0.6902678280268628
0.6407108901139518 0.6902678280268628
0.6447512941543558 0.6902678280268628
0.6487916981947599 0.6902678280268628
0.652832102235164 0.6902678280268628
0.656872506275568 0.6902678280268628
0.6609129103159721 0.6902678280268628
0.6649533143563761 0.6902678280268628
0.6689937183967801 0.6902678280268628
0.6730341224371841 0.6902678280268628
0.6770745264775881 0.6902678280268628
0.6811149305179922 0.6902678280268628
0.6851553345583963 0.6902678280268628
0.6891957385988003 0.6902678280268628
0.6932361426392044 0.6902678280268628
0.6972765466796085 0.6902678280268628
0.2972765466796084 0.6943082320672669
0.3013169507200124 0.6943082320672669
0.3053573547604165 0.6943082320672669
0.30939775880082054 0.6943082320672669
0.31343816284122455 0.6943082320672669
0.31747856688162857 0.6943082320672669
0.32151897092203263 0.6943082320672669
0.3255593749624367 0.6943082320672669
0.3295997790028407 0.6943082320672669
0.3336401830432448 0.6943082320672669
0.3376805870836488 0.6943082320672669
0.34172099112405285 0.6943082320672669
0.3457613951644569 0.6943082320672669
0.34980179920486093 0.6943082320672669
0.35384220324526494 0.6943082320672669
0.357882607285669 0.6943082320672669
0.3619230113260731 0.6943082320672669
0.3659634153664771 0.6943082320672669
0.3700038194068811 0.6943082320672669
0.37404422344728516 0.6943082320672669
0.37808462748768923 0.6943082320672669
0.38212503152809324 0.6943082320672669
0.3861654355684973 0.6943082320672669
0.3902058396089013 0.6943082320672669
0.3942462436493054 0.6943082320672669
0.3982866476897094 0.6943082320672669
0.40232705173011346 0.6943082320672669
0.40636745577051747 0.6943082320672669
0.41040785981092154 0.6943082320672669
0.4144482638513256 0.6943082320672669
0.4184886678917296 0.6943082320672669
0.4225290719321336 0.6943082320672669
0.4265694759725377 0.6943082320672669
0.43060988001294176 0.6943082320672669
0.43465028405334577 0.6943082320672669
0.4386906880937498 0.6943082320672669
0.44273109213415385 0.6943082320672669
0.4467714961745579 0.6943082320672669
0.4508119002149619 0.6943082320672669
0.45485230425536594 0.6943082320672669
0.45889270829577 0.6943082320672669
0.46293311233617407 0.6943082320672669
0.46697351637657813 0.6943082320672669
0.47101392041698215 0.6943082320672669
0.47505432445738616 0.6943082320672669
0.4790947284977902 0.6943082320672669
0.4831351325381943 0.6943082320672669
0.4871755365785983 0.6943082320672669
0.4912159406190023 0.6943082320672669
0.4952563446594064 0.6943082320672669
0.49929674869981044 0.6943082320672669
0.5033371527402144 0.6943082320672669
0.5073775567806185 0.6943082320672669
0.5114179608210225 0.6943082320672669
0.5154583648614266 0.6943082320672669
0.5194987689018307 0.6943082320672669
0.5235391729422347 0.6943082320672669
0.5275795769826387 0.6943082320672669
0.5316199810230428 0.6943082320672669
0.5356603850634468 0.6943082320672669
0.5397007891038508 0.6943082320672669
0.5437411931442548 0.6943082320672669
0.5477815971846589 0.6943082320672669
0.551822001225063 0.6943082320672669
0.555862405265467 0.6943082320672669
0.5599028093058711 0.6943082320672669
0.5639432133462751 0.6943082320672669
0.5679836173866791 0.6943082320672669
0.5720240214270831 0.6943082320672669
0.5760644254674872 0.6943082320672669
0.5801048295078912 0.6943082320672669
0.5841452335482953 0.6943082320672669
0.5881856375886994 0.6943082320672669
0.5922260416291034 0.6943082320672669
0.5962664456695074 0.6943082320672669
0.6003068497099114 0.6943082320672669
0.6043472537503154 0.6943082320672669
0.6083876577907195 0.6943082320672669
0.6124280618311235 0.6943082320672669
0.6164684658715276 0.6943082320672669
0.6205088699119317 0.6943082320672669
0.6245492739523357 0.6943082320672669
0.6285896779927398 0.6943082320672669
0.6326300820331437 0.6943082320672669
0.6366704860735478 0.6943082320672669
0.6407108901139518 0.6943082320672669
0.6447512941543558 0.6943082320672669
0.6487916981947599 0.6943082320672669
0.652832102235164 0.6943082320672669
0.656872506275568 0.6943082320672669
0.6609129103159721 0.6943082320672669
0.6649533143563761 0.6943082320672669
0.6689937183967801 0.6943082320672669
0.6730341224371841 0.6943082320672669
0.6770745264775881 0.6943082320672669
0.6811149305179922 0.6943082320672669
0.6851553345583963 0.6943082320672669
0.6891957385988003 0.6943082320672669
0.6932361426392044 0.6943082320672669
0.2972765466796084 0.698348636107671
0.3013169507200124 0.698348636107671
0.3053573547604165 0.698348636107671
0.30939775880082054 0.698348636107671
0.31343816284122455 0.698348636107671
0.31747856688162857 0.698348636107671
0.32151897092203263 0.698348636107671
0.3255593749624367 0.698348636107671
0.3295997790028407 0.698348636107671
0.3336401830432448 0.698348636107671
0.3376805870836488 0.698348636107671
0.34172099112405285 0.698348636107671
0.3457613951644569 0.698348636107671
0.34980179920486093 0.698348636107671
0.35384220324526494 0.698348636107671
0.357882607285669 0.698348636107671
0.3619230113260731 0.698348636107671
0.3659634153664771 0.698348636107671
0.3700038194068811 0.698348636107671
0.37404422344728516 0.698348636107671
0.37808462748768923 0.698348636107671
0.38212503152809324 0.698348636107671
0.3861654355684973 0.698348636107671
0.3902058396089013 0.698348636107671
0.3942462436493054 0.698348636107671
0.3982866476897094 0.698348636107671
0.40232705173011346 0.698348636107671
0.40636745577051747 0.698348636107671
0.41040785981092154 0.698348636107671
0.4144482638513256 0.698348636107671
0.4184886678917296 0.698348636107671
0.4225290719321336 0.698348636107671
0.4265694759725377 0.698348636107671
0.43060988001294176 0.698348636107671
0.43465028405334577 0.698348636107671
0.4386906880937498 0.698348636107671
0.44273109213415385 0.698348636107671
0.4467714961745579 0.698348636107671
0.4508119002149619 0.698348636107671
0.45485230425536594 0.698348636107671
0.45889270829577 0.698348636107671
0.46293311233617407 0.698348636107671
0.46697351637657813 0.698348636107671
0.47101392041698215 0.698348636107671
0.47505432445738616 0.698348636107671
0.4790947284977902 0.698348636107671
0.4831351325381943 0.698348636107671
0.4871755365785983 0.698348636107671
0.4912159406190023 0.698348636107671
0.4952563446594064 0.698348636107671
0.49929674869981044 0.698348636107671
0.5033371527402144 0.698348636107671
0.5073775567806185 0.698348636107671
0.5114179608210225 0.698348636107671
0.5154583648614266 0.698348636107671
0.5194987689018307 0.698348636107671
0.5235391729422347 0.698348636107671
0.5275795769826387 0.698348636107671
0.5316199810230428 0.698348636107671
0.5356603850634468 0.698348636107671
0.5397007891038508 0.698348636107671
0.5437411931442548 0.698348636107671
0.5477815971846589 0.698348636107671
0.551822001225063 0.698348636107671
0.555862405265467 0.698348636107671
0.5599028093058711 0.698348636107671
0.5639432133462751 0.698348636107671
0.5679836173866791 0.698348636107671
0.5720240214270831 0.698348636107671
0.5760644254674872 0.698348636107671
0.5801048295078912 0.698348636107671
0.5841452335482953 0.698348636107671
0.5881856375886994 0.698348636107671
0.5922260416291034 0.698348636107671
0.5962664456695074 0.698348636107671
0.6003068497099114 0.698348636107671
0.6043472537503154 0.698348636107671
0.6083876577907195 0.698348636107671
0.6124280618311235 0.698348636107671
0.6164684658715276 0.698348636107671
0.6205088699119317 0.698348636107671
0.6245492739523357 0.698348636107671
0.6285896779927398 0.698348636107671
0.6326300820331437 0.698348636107671
0.6366704860735478 0.698348636107671
0.6407108901139518 0.698348636107671
0.6447512941543558 0.698348636107671
0.6487916981947599 0.698348636107671
0.652832102235164 0.698348636107671
0.656872506275568 0.698348636107671
0.6609129103159721 0.698348636107671
0.6649533143563761 0.698348636107671
0.6689937183967801 0.698348636107671
0.6730341224371841 0.698348636107671
0.6770745264775881 0.698348636107671
0.6811149305179922 0.698348636107671
0.6851553345583963 0.698348636107671
0.6891957385988003 0.698348636107671
0.6932361426392044 0.698348636107671
0.2972765466796084 0.702389040148075
0.3013169507200124 0.702389040148075
0.3053573547604165 0.702389040148075
0.30939775880082054 0.702389040148075
0.31343816284122455 0.702389040148075
0.31747856688162857 0.702389040148075
0.32151897092203263 0.702389040148075
0.3255593749624367 0.702389040148075
0.3295997790028407 0.702389040148075
0.3336401830432448 0.702389040148075
0.3376805870836488 0.702389040148075
0.34172099112405285 0.702389040148075
0.3457613951644569 0.702389040148075
0.34980179920486093 0.702389040148075
0.35384220324526494 0.702389040148075
0.357882607285669 0.702389040148075
0.3619230113260731 0.702389040148075
0.3659634153664771 0.702389040148075
0.3700038194068811 0.702389040148075
0.37404422344728516 0.702389040148075
0.37808462748768923 0.702389040148075
0.38212503152809324 0.702389040148075
0.3861654355684973 0.702389040148075
0.3902058396089013 0.702389040148075
0.3942462436493054 0.702389040148075
0.3982866476897094 0.702389040148075
0.40232705173011346 0.702389040148075
0.40636745577051747 0.702389040148075
0.41040785981092154 0.702389040148075
0.4144482638513256 0.702389040148075
0.4184886678917296 0.702389040148075
0.4225290719321336 0.702389040148075
0.4265694759725377 0.702389040148075
0.43060988001294176 0.702389040148075
0.43465028405334577 0.702389040148075
0.4386906880937498 0.702389040148075
0.44273109213415385 0.702389040148075
0.4467714961745579 0.702389040148075
0.4508119002149619 0.702389040148075
0.45485230425536594 0.702389040148075
0.45889270829577 0.702389040148075
0.46293311233617407 0.702389040148075
0.46697351637657813 0.702389040148075
0.47101392041698215 0.702389040148075
0.47505432445738616 0.702389040148075
0.4790947284977902 0.702389040148075
0.4831351325381943 0.702389040148075
0.4871755365785983 0.702389040148075
0.4912159406190023 0.702389040148075
0.4952563446594064 0.702389040148075
0.49929674869981044 0.702389040148075
0.5033371527402144 0.702389040148075
0.5073775567806185 0.702389040148075
0.5114179608210225 0.702389040148075
0.5154583648614266 0.702389040148075
0.5194987689018307 0.702389040148075
0.5235391729422347 0.702389040148075
0.5275795769826387 0.702389040148075
0.5316199810230428 0.702389040148075
0.5356603850634468 0.702389040148075
0.5397007891038508 0.702389040148075
0.5437411931442548 0.702389040148075
0.5477815971846589 0.702389040148075
0.551822001225063 0.702389040148075
0.555862405265467 0.702389040148075
0.5599028093058711 0.702389040148075
0.5639432133462751 0.702389040148075
0.5679836173866791 0.702389040148075
0.5720240214270831 0.702389040148075
0.5760644254674872 0.702389040148075
0.5801048295078912 0.702389040148075
0.5841452335482953 0.702389040148075
0.5881856375886994 0.702389040148075
0.5922260416291034 0.702389040148075
0.5962664456695074 0.702389040148075
0.6003068497099114 0.702389040148075
0.6043472537503154 0.702389040148075
0.6083876577907195 0.702389040148075
0.6124280618311235 0.702389040148075
0.6164684658715276 0.702389040148075
0.6205088699119317 0.702389040148075
0.6245492739523357 0.702389040148075
0.6285896779927398 0.702389040148075
0.6326300820331437 0.702389040148075
0.6366704860735478 0.702389040148075
0.6407108901139518 0.702389040148075
0.6447512941543558 0.702389040148075
0.6487916981947599 0.702389040148075
0.652832102235164 0.702389040148075
0.656872506275568 0.702389040148075
0.6609129103159721 0.702389040148075
0.6649533143563761 0.702389040148075
0.6689937183967801 0.702389040148075
0.6730341224371841 0.702389040148075
0.6770745264775881 0.702389040148075
0.6811149305179922 0.702389040148075
0.6851553345583963 0.702389040148075
0.2972765466796084 0.706429444188479
0.3013169507200124 0.706429444188479
0.3053573547604165 0.706429444188479
0.30939775880082054 0.706429444188479
0.31343816284122455 0.706429444188479
0.31747856688162857 0.706429444188479
0.32151897092203263 0.706429444188479
0.3255593749624367 0.706429444188479
0.3295997790028407 0.706429444188479
0.3336401830432448 0.706429444188479
0.3376805870836488 0.706429444188479
0.34172099112405285 0.706429444188479
0.3457613951644569 0.706429444188479
0.34980179920486093 0.706429444188479
0.35384220324526494 0.706429444188479
0.357882607285669 0.706429444188479
0.3619230113260731 0.706429444188479
0.3659634153664771 0.706429444188479
0.3700038194068811 0.706429444188479
0.37404422344728516 0.706429444188479
0.37808462748768923 0.706429444188479
0.38212503152809324 0.706429444188479
0.3861654355684973 0.706429444188479
0.3902058396089013 0.706429444188479
0.3942462436493054 0.706429444188479
0.3982866476897094 0.706429444188479
0.40232705173011346 0.706429444188479
0.40636745577051747 0.706429444188479
0.41040785981092154 0.706429444188479
0.4144482638513256 0.706429444188479
0.4184886678917296 0.706429444188479
0.4225290719321336 0.706429444188479
0.4265694759725377 0.706429444188479
0.43060988001294176 0.706429444188479
0.43465028405334577 0.706429444188479
0.4386906880937498 0.706429444188479
0.44273109213415385 0.706429444188479
0.4467714961745579 0.706429444188479
0.4508119002149619 0.706429444188479
0.45485230425536594 0.706429444188479
0.45889270829577 0.706429444188479
0.46293311233617407 0.706429444188479
0.46697351637657813 0.706429444188479
0.47101392041698215 0.706429444188479
0.47505432445738616 0.706429444188479
0.4790947284977902 0.706429444188479
0.4831351325381943 0.706429444188479
0.4871755365785983 0.706429444188479
0.4912159406190023 0.706429444188479
0.4952563446594064 0.706429444188479
0.49929674869981044 0.706429444188479
0.5033371527402144 0.706429444188479
0.5073775567806185 0.706429444188479
0.5114179608210225 0.706429444188479
0.5154583648614266 0.706429444188479
0.5194987689018307 0.706429444188479
0.5235391729422347 0.706429444188479
0.5275795769826387 0.706429444188479
0.5316199810230428 0.706429444188479
0.5356603850634468 0.706429444188479
0.5397007891038508 0.706429444188479
0.5437411931442548 0.706429444188479
0.5477815971846589 0.706429444188479
0.551822001225063 0.706429444188479
0.555862405265467 0.706429444188479
0.5599028093058711 0.706429444188479
0.5639432133462751 0.706429444188479
0.5679836173866791 0.706429444188479
0.5720240214270831 0.706429444188479
0.5760644254674872 0.706429444188479
0.5801048295078912 0.706429444188479
0.5841452335482953 0.706429444188479
0.5881856375886994 0.706429444188479
0.5922260416291034 0.706429444188479
0.5962664456695074 0.706429444188479
0.6003068497099114 0.706429444188479
0.6043472537503154 0.706429444188479
0.6083876577907195 0.706429444188479
0.6124280618311235 0.706429444188479
0.6164684658715276 0.706429444188479
0.6205088699119317 0.706429444188479
0.6245492739523357 0.706429444188479
0.6285896779927398 0.706429444188479
0.6326300820331437 0.706429444188479
0.6366704860735478 0.706429444188479
0.6407108901139518 0.706429444188479
0.6447512941543558 0.706429444188479
0.6487916981947599 0.706429444188479
0.652832102235164 0.706429444188479
0.656872506275568 0.706429444188479
0.6609129103159721 0.706429444188479
0.6649533143563761 0.706429444188479
0.6689937183967801 0.706429444188479
0.6730341224371841 0.706429444188479
0.6770745264775881 0.706429444188479
0.2972765466796084 0.710469848228883
0.3013169507200124 0.710469848228883
0.3053573547604165 0.710469848228883
0.30939775880082054 0.710469848228883
0.31343816284122455 0.710469848228883
0.31747856688162857 0.710469848228883
0.32151897092203263 0.710469848228883
0.3255593749624367 0.710469848228883
0.3295997790028407 0.710469848228883
0.3336401830432448 0.710469848228883
0.3376805870836488 0.710469848228883
0.34172099112405285 0.710469848228883
0.3457613951644569 0.710469848228883
0.34980179920486093 0.710469848228883
0.35384220324526494 0.710469848228883
0.357882607285669 0.710469848228883
0.3619230113260731 0.710469848228883
0.3659634153664771 0.710469848228883
0.3700038194068811 0.710469848228883
0.37404422344728516 0.710469848228883
0.37808462748768923 0.710469848228883
0.38212503152809324 0.710469848228883
0.3861654355684973 0.710469848228883
0.3902058396089013 0.710469848228883
0.3942462436493054 0.710469848228883
0.3982866476897094 0.710469848228883
0.40232705173011346 0.710469848228883
0.40636745577051747 0.710469848228883
0.41040785981092154 0.710469848228883
0.4144482638513256 0.710469848228883
0.4184886678917296 0.710469848228883
0.4225290719321336 0.710469848228883
0.4265694759725377 0.710469848228883
0.43060988001294176 0.710469848228883
0.43465028405334577 0.710469848228883
0.4386906880937498 0.710469848228883
0.44273109213415385 0.710469848228883
0.4467714961745579 0.710469848228883
0.4508119002149619 0.710469848228883
0.45485230425536594 0.710469848228883
0.45889270829577 0.710469848228883
0.46293311233617407 0.710469848228883
0.46697351637657813 0.710469848228883
0.47101392041698215 0.710469848228883
0.47505432445738616 0.710469848228883
0.4790947284977902 0.710469848228883
0.4831351325381943 0.710469848228883
0.4871755365785983 0.710469848228883
0.4912159406190023 0.710469848228883
0.4952563446594064 0.710469848228883
0.49929674869981044 0.710469848228883
0.5033371527402144 0.710469848228883
0.5073775567806185 0.710469848228883
0.5114179608210225 0.710469848228883
0.5154583648614266 0.710469848228883
0.5194987689018307 0.710469848228883
0.5235391729422347 0.710469848228883
0.5275795769826387 0.710469848228883
0.5316199810230428 0.710469848228883
0.5356603850634468 0.710469848228883
0.5397007891038508 0.710469848228883
0.5437411931442548 0.710469848228883
0.5477815971846589 0.710469848228883
0.551822001225063 0.710469848228883
0.555862405265467 0.710469848228883
0.5599028093058711 0.710469848228883
0.5639432133462751 0.710469848228883
0.5679836173866791 0.710469848228883
0.5720240214270831 0.710469848228883
0.5760644254674872 0.710469848228883
0.5801048295078912 0.710469848228883
0.5841452335482953 0.710469848228883
0.5881856375886994 0.710469848228883
0.5922260416291034 0.710469848228883
0.5962664456695074 0.710469848228883
0.6003068497099114 0.710469848228883
0.6043472537503154 0.710469848228883
0.6083876577907195 0.710469848228883
0.6124280618311235 0.710469848228883
0.6164684658715276 0.710469848228883
0.6205088699119317 0.710469848228883
0.6245492739523357 0.710469848228883
0.6285896779927398 0.710469848228883
0.6326300820331437 0.710469848228883
0.6366704860735478 0.710469848228883
0.6407108901139518 0.710469848228883
0.6447512941543558 0.710469848228883
0.6487916981947599 0.710469848228883
0.652832102235164 0.710469848228883
0.656872506275568 0.710469848228883
0.6609129103159721 0.710469848228883
0.6649533143563761 0.710469848228883
0.6689937183967801 0.710469848228883
0.6730341224371841 0.710469848228883
0.6770745264775881 0.710469848228883
0.2972765466796084 0.7145102522692871
0.3013169507200124 0.7145102522692871
0.3053573547604165 0.7145102522692871
0.30939775880082054 0.7145102522692871
0.31343816284122455 0.7145102522692871
0.31747856688162857 0.7145102522692871
0.32151897092203263 0.7145102522692871
0.3255593749624367 0.7145102522692871
0.3295997790028407 0.7145102522692871
0.3336401830432448 0.7145102522692871
0.3376805870836488 0.7145102522692871
0.34172099112405285 0.7145102522692871
0.3457613951644569 0.7145102522692871
0.34980179920486093 0.7145102522692871
0.35384220324526494 0.7145102522692871
0.357882607285669 0.7145102522692871
0.3619230113260731 0.7145102522692871
0.3659634153664771 0.7145102522692871
0.3700038194068811 0.7145102522692871
0.37404422344728516 0.7145102522692871
0.37808462748768923 0.7145102522692871
0.38212503152809324 0.7145102522692871
0.3861654355684973 0.7145102522692871
0.3902058396089013 0.7145102522692871
0.3942462436493054 0.7145102522692871
0.3982866476897094 0.7145102522692871
0.40232705173011346 0.7145102522692871
0.40636745577051747 0.7145102522692871
0.41040785981092154 0.7145102522692871
0.4144482638513256 0.7145102522692871
0.4184886678917296 0.7145102522692871
0.4225290719321336 0.7145102522692871
0.4265694759725377 0.7145102522692871
0.43060988001294176 0.7145102522692871
0.43465028405334577 0.7145102522692871
0.4386906880937498 0.7145102522692871
0.44273109213415385 0.7145102522692871
0.4467714961745579 0.7145102522692871
0.4508119002149619 0.7145102522692871
0.45485230425536594 0.7145102522692871
0.45889270829577 0.7145102522692871
0.46293311233617407 0.7145102522692871
0.46697351637657813 0.7145102522692871
0.47101392041698215 0.7145102522692871
0.47505432445738616 0.7145102522692871
0.4790947284977902 0.7145102522692871
0.4831351325381943 0.7145102522692871
0.4871755365785983 0.7145102522692871
0.4912159406190023 0.7145102522692871
0.4952563446594064 0.7145102522692871
0.49929674869981044 0.7145102522692871
0.5033371527402144 0.7145102522692871
0.5073775567806185 0.7145102522692871
0.5114179608210225 0.7145102522692871
0.5154583648614266 0.7145102522692871
0.5194987689018307 0.7145102522692871
0.5235391729422347 0.7145102522692871
0.5275795769826387 0.7145102522692871
0.5316199810230428 0.7145102522692871
0.5356603850634468 0.7145102522692871
0.5397007891038508 0.7145102522692871
0.5437411931442548 0.7145102522692871
0.5477815971846589 0.7145102522692871
0.551822001225063 0.7145102522692871
0.555862405265467 0.7145102522692871
0.5599028093058711 0.7145102522692871
0.5639432133462751 0.7145102522692871
0.5679836173866791 0.7145102522692871
0.5720240214270831 0.7145102522692871
0.5760644254674872 0.7145102522692871
0.5801048295078912 0.7145102522692871
0.5841452335482953 0.7145102522692871
0.5881856375886994 0.7145102522692871
0.5922260416291034 0.7145102522692871
0.5962664456695074 0.7145102522692871
0.6003068497099114 0.7145102522692871
0.6043472537503154 0.7145102522692871
0.6083876577907195 0.7145102522692871
0.6124280618311235 0.7145102522692871
0.6164684658715276 0.7145102522692871
0.6205088699119317 0.7145102522692871
0.6245492739523357 0.7145102522692871
0.6285896779927398 0.7145102522692871
0.6326300820331437 0.7145102522692871
0.6366704860735478 0.7145102522692871
0.6407108901139518 0.7145102522692871
0.6447512941543558 0.7145102522692871
0.6487916981947599 0.7145102522692871
0.652832102235164 0.7145102522692871
0.656872506275568 0.7145102522692871
0.6609129103159721 0.7145102522692871
0.6649533143563761 0.7145102522692871
0.6689937183967801 0.7145102522692871
0.6730341224371841 0.7145102522692871
0.2972765466796084 0.7185506563096911
0.3013169507200124 0.7185506563096911
0.3053573547604165 0.7185506563096911
0.30939775880082054 0.7185506563096911
0.31343816284122455 0.7185506563096911
0.31747856688162857 0.7185506563096911
0.32151897092203263 0.7185506563096911
0.3255593749624367 0.7185506563096911
0.3295997790028407 0.7185506563096911
0.3336401830432448 0.7185506563096911
0.3376805870836488 0.7185506563096911
0.34172099112405285 0.7185506563096911
0.3457613951644569 0.7185506563096911
0.34980179920486093 0.7185506563096911
0.35384220324526494 0.7185506563096911
0.357882607285669 0.7185506563096911
0.3619230113260731 0.7185506563096911
0.3659634153664771 0.7185506563096911
0.3700038194068811 0.7185506563096911
0.37404422344728516 0.7185506563096911
0.37808462748768923 0.7185506563096911
0.38212503152809324 0.7185506563096911
0.3861654355684973 0.7185506563096911
0.3902058396089013 0.7185506563096911
0.3942462436493054 0.7185506563096911
0.3982866476897094 0.7185506563096911
0.40232705173011346 0.7185506563096911
0.40636745577051747 0.7185506563096911
0.41040785981092154 0.7185506563096911
0.4144482638513256 0.7185506563096911
0.4184886678917296 0.7185506563096911
0.4225290719321336 0.7185506563096911
0.4265694759725377 0.7185506563096911
0.43060988001294176 0.7185506563096911
0.43465028405334577 0.7185506563096911
0.4386906880937498 0.7185506563096911
0.44273109213415385 0.7185506563096911
0.4467714961745579 0.7185506563096911
0.4508119002149619 0.7185506563096911
0.45485230425536594 0.7185506563096911
0.45889270829577 0.7185506563096911
0.46293311233617407 0.7185506563096911
0.46697351637657813 0.7185506563096911
0.47101392041698215 0.7185506563096911
0.47505432445738616 0.7185506563096911
0.4790947284977902 0.7185506563096911
0.4831351325381943 0.7185506563096911
0.4871755365785983 0.7185506563096911
0.4912159406190023 0.7185506563096911
0.4952563446594064 0.7185506563096911
0.49929674869981044 0.7185506563096911
0.5033371527402144 0.7185506563096911
0.5073775567806185 0.7185506563096911
0.5114179608210225 0.7185506563096911
0.5154583648614266 0.7185506563096911
0.5194987689018307 0.7185506563096911
0.5235391729422347 0.7185506563096911
0.5275795769826387 0.7185506563096911
0.5316199810230428 0.7185506563096911
0.5356603850634468 0.7185506563096911
0.5397007891038508 0.7185506563096911
0.5437411931442548 0.7185506563096911
0.5477815971846589 0.7185506563096911
0.551822001225063 0.7185506563096911
0.555862405265467 0.7185506563096911
0.5599028093058711 0.7185506563096911
0.5639432133462751 0.7185506563096911
0.5679836173866791 0.7185506563096911
0.5720240214270831 0.7185506563096911
0.5760644254674872 0.7185506563096911
0.5801048295078912 0.7185506563096911
0.5841452335482953 0.7185506563096911
0.5881856375886994 0.7185506563096911
0.5922260416291034 0.7185506563096911
0.5962664456695074 0.7185506563096911
0.6003068497099114 0.7185506563096911
0.6043472537503154 0.7185506563096911
0.6083876577907195 0.7185506563096911
0.6124280618311235 0.7185506563096911
0.6164684658715276 0.7185506563096911
0.6205088699119317 0.7185506563096911
0.6245492739523357 0.7185506563096911
0.6285896779927398 0.7185506563096911
0.6326300820331437 0.7185506563096911
0.6366704860735478 0.7185506563096911
0.6407108901139518 0.7185506563096911
0.6447512941543558 0.7185506563096911
0.6487916981947599 0.7185506563096911
0.652832102235164 0.7185506563096911
0.656872506275568 0.7185506563096911
0.6609129103159721 0.7185506563096911
0.6649533143563761 0.7185506563096911
0.6689937183967801 0.7185506563096911
0.2972765466796084 0.7225910603500951
0.3013169507200124 0.7225910603500951
0.3053573547604165 0.7225910603500951
0.30939775880082054 0.7225910603500951
0.31343816284122455 0.7225910603500951
0.31747856688162857 0.7225910603500951
0.32151897092203263 0.7225910603500951
0.3255593749624367 0.7225910603500951
0.3295997790028407 0.7225910603500951
0.3336401830432448 0.7225910603500951
0.3376805870836488 0.7225910603500951
0.34172099112405285 0.7225910603500951
0.3457613951644569 0.7225910603500951
0.34980179920486093 0.7225910603500951
0.35384220324526494 0.7225910603500951
0.357882607285669 0.7225910603500951
0.3619230113260731 0.7225910603500951
0.3659634153664771 0.7225910603500951
0.3700038194068811 0.7225910603500951
0.37404422344728516 0.7225910603500951
0.37808462748768923 0.7225910603500951
0.38212503152809324 0.7225910603500951
0.3861654355684973 0.7225910603500951
0.3902058396089013 0.7225910603500951
0.3942462436493054 0.7225910603500951
0.3982866476897094 0.7225910603500951
0.40232705173011346 0.7225910603500951
0.40636745577051747 0.7225910603500951
0.41040785981092154 0.7225910603500951
0.4144482638513256 0.7225910603500951
0.4184886678917296 0.7225910603500951
0.4225290719321336 0.7225910603500951
0.4265694759725377 0.7225910603500951
0.43060988001294176 0.7225910603500951
0.43465028405334577 0.7225910603500951
0.4386906880937498 0.7225910603500951
0.44273109213415385 0.7225910603500951
0.4467714961745579 0.7225910603500951
0.4508119002149619 0.7225910603500951
0.45485230425536594 0.7225910603500951
0.45889270829577 0.7225910603500951
0.46293311233617407 0.7225910603500951
0.46697351637657813 0.7225910603500951
0.47101392041698215 0.7225910603500951
0.47505432445738616 0.7225910603500951
0.4790947284977902 0.7225910603500951
0.4831351325381943 0.7225910603500951
0.4871755365785983 0.7225910603500951
0.4912159406190023 0.7225910603500951
0.4952563446594064 0.7225910603500951
0.49929674869981044 0.7225910603500951
0.5033371527402144 0.7225910603500951
0.5073775567806185 0.7225910603500951
0.5114179608210225 0.7225910603500951
0.5154583648614266 0.7225910603500951
0.5194987689018307 0.7225910603500951
0.5235391729422347 0.7225910603500951
0.5275795769826387 0.7225910603500951
0.5316199810230428 0.7225910603500951
0.5356603850634468 0.7225910603500951
0.5397007891038508 0.7225910603500951
0.5437411931442548 0.7225910603500951
0.5477815971846589 0.7225910603500951
0.551822001225063 0.7225910603500951
0.555862405265467 0.7225910603500951
0.5599028093058711 0.7225910603500951
0.5639432133462751 0.7225910603500951
0.5679836173866791 0.7225910603500951
0.5720240214270831 0.7225910603500951
0.5760644254674872 0.7225910603500951
0.5801048295078912 0.7225910603500951
0.5841452335482953 0.7225910603500951
0.5881856375886994 0.7225910603500951
0.5922260416291034 0.7225910603500951
0.5962664456695074 0.7225910603500951
0.6003068497099114 0.7225910603500951
0.6043472537503154 0.7225910603500951
0.6083876577907195 0.7225910603500951
0.6124280618311235 0.7225910603500951
0.6164684658715276 0.7225910603500951
0.6205088699119317 0.7225910603500951
0.6245492739523357 0.7225910603500951
0.6285896779927398 0.7225910603500951
0.6326300820331437 0.7225910603500951
0.6366704860735478 0.7225910603500951
0.6407108901139518 0.7225910603500951
0.6447512941543558 0.7225910603500951
0.6487916981947599 0.7225910603500951
0.652832102235164 0.7225910603500951
0.656872506275568 0.7225910603500951
0.6609129103159721 0.7225910603500951
0.6649533143563761 0.7225910603500951
0.2972765466796084 0.7266314643904992
0.3013169507200124 0.7266314643904992
0.3053573547604165 0.7266314643904992
0.30939775880082054 0.7266314643904992
0.31343816284122455 0.7266314643904992
0.31747856688162857 0.7266314643904992
0.32151897092203263 0.7266314643904992
0.3255593749624367 0.7266314643904992
0.3295997790028407 0.7266314643904992
0.3336401830432448 0.7266314643904992
0.3376805870836488 0.7266314643904992
0.34172099112405285 0.7266314643904992
0.3457613951644569 0.7266314643904992
0.34980179920486093 0.7266314643904992
0.35384220324526494 0.7266314643904992
0.357882607285669 0.7266314643904992
0.3619230113260731 0.7266314643904992
0.3659634153664771 0.7266314643904992
0.3700038194068811 0.7266314643904992
0.37404422344728516 0.7266314643904992
0.37808462748768923 0.7266314643904992
0.38212503152809324 0.7266314643904992
0.3861654355684973 0.7266314643904992
0.3902058396089013 0.7266314643904992
0.3942462436493054 0.7266314643904992
0.3982866476897094 0.7266314643904992
0.40232705173011346 0.7266314643904992
0.40636745577051747 0.7266314643904992
0.41040785981092154 0.7266314643904992
0.4144482638513256 0.7266314643904992
0.4184886678917296 0.7266314643904992
0.4225290719321336 0.7266314643904992
0.4265694759725377 0.7266314643904992
0.43060988001294176 0.7266314643904992
0.43465028405334577 0.7266314643904992
0.4386906880937498 0.7266314643904992
0.44273109213415385 0.7266314643904992
0.4467714961745579 0.7266314643904992
0.4508119002149619 0.7266314643904992
0.45485230425536594 0.7266314643904992
0.45889270829577 0.7266314643904992
0.46293311233617407 0.7266314643904992
0.46697351637657813 0.7266314643904992
0.47101392041698215 0.7266314643904992
0.47505432445738616 0.7266314643904992
0.4790947284977902 0.7266314643904992
0.4831351325381943 0.7266314643904992
0.4871755365785983 0.7266314643904992
0.4912159406190023 0.7266314643904992
0.4952563446594064 0.7266314643904992
0.49929674869981044 0.7266314643904992
0.5033371527402144 0.7266314643904992
0.5073775567806185 0.7266314643904992
0.5114179608210225 0.7266314643904992
0.5154583648614266 0.7266314643904992
0.5194987689018307 0.7266314643904992
0.5235391729422347 0.7266314643904992
0.5275795769826387 0.7266314643904992
0.5316199810230428 0.7266314643904992
0.5356603850634468 0.7266314643904992
0.5397007891038508 0.7266314643904992
0.5437411931442548 0.7266314643904992
0.5477815971846589 0.7266314643904992
0.551822001225063 0.7266314643904992
0.555862405265467 0.7266314643904992
0.5599028093058711 0.7266314643904992
0.5639432133462751 0.7266314643904992
0.5679836173866791 0.7266314643904992
0.5720240214270831 0.7266314643904992
0.5760644254674872 0.7266314643904992
0.5801048295078912 0.7266314643904992
0.5841452335482953 0.7266314643904992
0.5881856375886994 0.7266314643904992
0.5922260416291034 0.7266314643904992
0.5962664456695074 0.7266314643904992
0.6003068497099114 0.7266314643904992
0.6043472537503154 0.7266314643904992
0.6083876577907195 0.7266314643904992
0.6124280618311235 0.7266314643904992
0.6164684658715276 0.7266314643904992
0.6205088699119317 0.7266314643904992
0.6245492739523357 0.7266314643904992
0.6285896779927398 0.7266314643904992
0.6326300820331437 0.7266314643904992
0.6366704860735478 0.7266314643904992
0.6407108901139518 0.7266314643904992
0.6447512941543558 0.7266314643904992
0.6487916981947599 0.7266314643904992
0.652832102235164 0.7266314643904992
0.656872506275568 0.7266314643904992
0.6609129103159721 0.7266314643904992
0.2972765466796084 0.7306718684309033
0.3013169507200124 0.7306718684309033
0.3053573547604165 0.7306718684309033
0.30939775880082054 0.7306718684309033
0.31343816284122455 0.7306718684309033
0.31747856688162857 0.7306718684309033
0.32151897092203263 0.7306718684309033
0.3255593749624367 0.7306718684309033
0.3295997790028407 0.7306718684309033
0.3336401830432448 0.7306718684309033
0.3376805870836488 0.7306718684309033
0.34172099112405285 0.7306718684309033
0.3457613951644569 0.7306718684309033
0.34980179920486093 0.7306718684309033
0.35384220324526494 0.7306718684309033
0.357882607285669 0.7306718684309033
0.3619230113260731 0.7306718684309033
0.3659634153664771 0.7306718684309033
0.3700038194068811 0.7306718684309033
0.37404422344728516 0.7306718684309033
0.37808462748768923 0.7306718684309033
0.38212503152809324 0.7306718684309033
0.3861654355684973 0.7306718684309033
0.3902058396089013 0.7306718684309033
0.3942462436493054 0.7306718684309033
0.3982866476897094 0.7306718684309033
0.40232705173011346 0.7306718684309033
0.40636745577051747 0.7306718684309033
0.41040785981092154 0.7306718684309033
0.4144482638513256 0.7306718684309033
0.4184886678917296 0.7306718684309033
0.4225290719321336 0.7306718684309033
0.4265694759725377 0.7306718684309033
0.43060988001294176 0.7306718684309033
0.43465028405334577 0.7306718684309033
0.4386906880937498 0.7306718684309033
0.44273109213415385 0.7306718684309033
0.4467714961745579 0.7306718684309033
0.4508119002149619 0.7306718684309033
0.45485230425536594 0.7306718684309033
0.45889270829577 0.7306718684309033
0.46293311233617407 0.7306718684309033
0.46697351637657813 0.7306718684309033
0.47101392041698215 0.7306718684309033
0.47505432445738616 0.7306718684309033
0.4790947284977902 0.7306718684309033
0.4831351325381943 0.7306718684309033
0.4871755365785983 0.7306718684309033
0.4912159406190023 0.7306718684309033
0.4952563446594064 0.7306718684309033
0.49929674869981044 0.7306718684309033
0.5033371527402144 0.7306718684309033
0.5073775567806185 0.7306718684309033
0.5114179608210225 0.7306718684309033
0.5154583648614266 0.7306718684309033
0.5194987689018307 0.7306718684309033
0.5235391729422347 0.7306718684309033
0.5275795769826387 0.7306718684309033
0.5316199810230428 0.7306718684309033
0.5356603850634468 0.7306718684309033
0.5397007891038508 0.7306718684309033
0.5437411931442548 0.7306718684309033
0.5477815971846589 0.7306718684309033
0.551822001225063 0.7306718684309033
0.555862405265467 0.7306718684309033
0.5599028093058711 0.7306718684309033
0.5639432133462751 0.7306718684309033
0.5679836173866791 0.7306718684309033
0.5720240214270831 0.7306718684309033
0.5760644254674872 0.7306718684309033
0.5801048295078912 0.7306718684309033
0.5841452335482953 0.7306718684309033
0.5881856375886994 0.7306718684309033
0.5922260416291034 0.7306718684309033
0.5962664456695074 0.7306718684309033
0.6003068497099114 0.7306718684309033
0.6043472537503154 0.7306718684309033
0.6083876577907195 0.7306718684309033
0.6124280618311235 0.7306718684309033
0.6164684658715276 0.7306718684309033
0.6205088699119317 0.7306718684309033
0.6245492739523357 0.7306718684309033
0.6285896779927398 0.7306718684309033
0.6326300820331437 0.7306718684309033
0.6366704860735478 0.7306718684309033
0.6407108901139518 0.7306718684309033
0.6447512941543558 0.7306718684309033
0.6487916981947599 0.7306718684309033
0.652832102235164 0.7306718684309033
0.656872506275568 0.7306718684309033
0.2972765466796084 0.7347122724713073
0.3013169507200124 0.7347122724713073
0.3053573547604165 0.7347122724713073
0.30939775880082054 0.7347122724713073
0.31343816284122455 0.7347122724713073
0.31747856688162857 0.7347122724713073
0.32151897092203263 0.7347122724713073
0.3255593749624367 0.7347122724713073
0.3295997790028407 0.7347122724713073
0.3336401830432448 0.7347122724713073
0.3376805870836488 0.7347122724713073
0.34172099112405285 0.7347122724713073
0.3457613951644569 0.7347122724713073
0.34980179920486093 0.7347122724713073
0.35384220324526494 0.7347122724713073
0.357882607285669 0.7347122724713073
0.3619230113260731 0.7347122724713073
0.3659634153664771 0.7347122724713073
0.3700038194068811 0.7347122724713073
0.37404422344728516 0.7347122724713073
0.37808462748768923 0.7347122724713073
0.38212503152809324 0.7347122724713073
0.3861654355684973 0.7347122724713073
0.3902058396089013 0.7347122724713073
0.3942462436493054 0.7347122724713073
0.3982866476897094 0.7347122724713073
0.40232705173011346 0.7347122724713073
0.40636745577051747 0.7347122724713073
0.41040785981092154 0.7347122724713073
0.4144482638513256 0.7347122724713073
0.4184886678917296 0.7347122724713073
0.4225290719321336 0.7347122724713073
0.4265694759725377 0.7347122724713073
0.43060988001294176 0.7347122724713073
0.43465028405334577 0.7347122724713073
0.4386906880937498 0.7347122724713073
0.44273109213415385 0.7347122724713073
0.4467714961745579 0.7347122724713073
0.4508119002149619 0.7347122724713073
0.45485230425536594 0.7347122724713073
0.45889270829577 0.7347122724713073
0.46293311233617407 0.7347122724713073
0.46697351637657813 0.7347122724713073
0.47101392041698215 0.7347122724713073
0.47505432445738616 0.7347122724713073
0.4790947284977902 0.7347122724713073
0.4831351325381943 0.7347122724713073
0.4871755365785983 0.7347122724713073
0.4912159406190023 0.7347122724713073
0.4952563446594064 0.7347122724713073
0.49929674869981044 0.7347122724713073
0.5033371527402144 0.7347122724713073
0.5073775567806185 0.7347122724713073
0.5114179608210225 0.7347122724713073
0.5154583648614266 0.7347122724713073
0.5194987689018307 0.7347122724713073
0.5235391729422347 0.7347122724713073
0.5275795769826387 0.7347122724713073
0.5316199810230428 0.7347122724713073
0.5356603850634468 0.7347122724713073
0.5397007891038508 0.7347122724713073
0.5437411931442548 0.7347122724713073
0.5477815971846589 0.7347122724713073
0.551822001225063 0.7347122724713073
0.555862405265467 0.7347122724713073
0.5599028093058711 0.7347122724713073
0.5639432133462751 0.7347122724713073
0.5679836173866791 0.7347122724713073
0.5720240214270831 0.7347122724713073
0.5760644254674872 0.7347122724713073
0.5801048295078912 0.7347122724713073
0.5841452335482953 0.7347122724713073
0.5881856375886994 0.7347122724713073
0.5922260416291034 0.7347122724713073
0.5962664456695074 0.7347122724713073
0.6003068497099114 0.7347122724713073
0.6043472537503154 0.7347122724713073
0.6083876577907195 0.7347122724713073
0.6124280618311235 0.7347122724713073
0.6164684658715276 0.7347122724713073
0.6205088699119317 0.7347122724713073
0.6245492739523357 0.7347122724713073
0.6285896779927398 0.7347122724713073
0.6326300820331437 0.7347122724713073
0.6366704860735478 0.7347122724713073
0.6407108901139518 0.7347122724713073
0.6447512941543558 0.7347122724713073
0.6487916981947599 0.7347122724713073
0.652832102235164 0.7347122724713073
0.6972765466796085 0.7347122724713073
0.2972765466796084 0.7387526765117113
0.3013169507200124 0.7387526765117113
0.3053573547604165 0.7387526765117113
0.30939775880082054 0.7387526765117113
0.31343816284122455 0.7387526765117113
0.31747856688162857 0.7387526765117113
0.32151897092203263 0.7387526765117113
0.3255593749624367 0.7387526765117113
0.3295997790028407 0.7387526765117113
0.3336401830432448 0.7387526765117113
0.3376805870836488 0.7387526765117113
0.34172099112405285 0.7387526765117113
0.3457613951644569 0.7387526765117113
0.34980179920486093 0.7387526765117113
0.35384220324526494 0.7387526765117113
0.357882607285669 0.7387526765117113
0.3619230113260731 0.7387526765117113
0.3659634153664771 0.7387526765117113
0.3700038194068811 0.7387526765117113
0.37404422344728516 0.7387526765117113
0.37808462748768923 0.7387526765117113
0.38212503152809324 0.7387526765117113
0.3861654355684973 0.7387526765117113
0.3902058396089013 0.7387526765117113
0.3942462436493054 0.7387526765117113
0.3982866476897094 0.7387526765117113
0.40232705173011346 0.7387526765117113
0.40636745577051747 0.7387526765117113
0.41040785981092154 0.7387526765117113
0.4144482638513256 0.7387526765117113
0.4184886678917296 0.7387526765117113
0.4225290719321336 0.7387526765117113
0.4265694759725377 0.7387526765117113
0.43060988001294176 0.7387526765117113
0.43465028405334577 0.7387526765117113
0.4386906880937498 0.7387526765117113
0.44273109213415385 0.7387526765117113
0.4467714961745579 0.7387526765117113
0.4508119002149619 0.7387526765117113
0.45485230425536594 0.7387526765117113
0.45889270829577 0.7387526765117113
0.46293311233617407 0.7387526765117113
0.46697351637657813 0.7387526765117113
0.47101392041698215 0.7387526765117113
0.47505432445738616 0.7387526765117113
0.4790947284977902 0.7387526765117113
0.4831351325381943 0.7387526765117113
0.4871755365785983 0.7387526765117113
0.4912159406190023 0.7387526765117113
0.4952563446594064 0.7387526765117113
0.49929674869981044 0.7387526765117113
0.5033371527402144 0.7387526765117113
0.5073775567806185 0.7387526765117113
0.5114179608210225 0.7387526765117113
0.5154583648614266 0.7387526765117113
0.5194987689018307 0.7387526765117113
0.5235391729422347 0.7387526765117113
0.5275795769826387 0.7387526765117113
0.5316199810230428 0.7387526765117113
0.5356603850634468 0.7387526765117113
0.5397007891038508 0.7387526765117113
0.5437411931442548 0.7387526765117113
0.5477815971846589 0.7387526765117113
0.551822001225063 0.7387526765117113
0.555862405265467 0.7387526765117113
0.5599028093058711 0.7387526765117113
0.5639432133462751 0.7387526765117113
0.5679836173866791 0.7387526765117113
0.5720240214270831 0.7387526765117113
0.5760644254674872 0.7387526765117113
0.5801048295078912 0.7387526765117113
0.5841452335482953 0.7387526765117113
0.5881856375886994 0.7387526765117113
0.5922260416291034 0.7387526765117113
0.5962664456695074 0.7387526765117113
0.6003068497099114 0.7387526765117113
0.6043472537503154 0.7387526765117113
0.6083876577907195 0.7387526765117113
0.6124280618311235 0.7387526765117113
0.6164684658715276 0.7387526765117113
0.6205088699119317 0.7387526765117113
0.6245492739523357 0.7387526765117113
0.6285896779927398 0.7387526765117113
0.6326300820331437 0.7387526765117113
0.6366704860735478 0.7387526765117113
0.6407108901139518 0.7387526765117113
0.6447512941543558 0.7387526765117113
0.6932361426392044 0.7387526765117113
0.6972765466796085 0.7387526765117113
0.2972765466796084 0.7427930805521153
0.3013169507200124 0.7427930805521153
0.3053573547604165 0.7427930805521153
0.30939775880082054 0.7427930805521153
0.31343816284122455 0.7427930805521153
0.31747856688162857 0.7427930805521153
0.32151897092203263 0.7427930805521153
0.3255593749624367 0.7427930805521153
0.3295997790028407 0.7427930805521153
0.3336401830432448 0.7427930805521153
0.3376805870836488 0.7427930805521153
0.34172099112405285 0.7427930805521153
0.3457613951644569 0.7427930805521153
0.34980179920486093 0.7427930805521153
0.35384220324526494 0.7427930805521153
0.357882607285669 0.7427930805521153
0.3619230113260731 0.7427930805521153
0.3659634153664771 0.7427930805521153
0.3700038194068811 0.7427930805521153
0.37404422344728516 0.7427930805521153
0.37808462748768923 0.7427930805521153
0.38212503152809324 0.7427930805521153
0.3861654355684973 0.7427930805521153
0.3902058396089013 0.7427930805521153
0.3942462436493054 0.7427930805521153
0.3982866476897094 0.7427930805521153
0.40232705173011346 0.7427930805521153
0.40636745577051747 0.7427930805521153
0.41040785981092154 0.7427930805521153
0.4144482638513256 0.7427930805521153
0.4184886678917296 0.7427930805521153
0.4225290719321336 0.7427930805521153
0.4265694759725377 0.7427930805521153
0.43060988001294176 0.7427930805521153
0.43465028405334577 0.7427930805521153
0.4386906880937498 0.7427930805521153
0.44273109213415385 0.7427930805521153
0.4467714961745579 0.7427930805521153
0.4508119002149619 0.7427930805521153
0.45485230425536594 0.7427930805521153
0.45889270829577 0.7427930805521153
0.46293311233617407 0.7427930805521153
0.46697351637657813 0.7427930805521153
0.47101392041698215 0.7427930805521153
0.47505432445738616 0.7427930805521153
0.4790947284977902 0.7427930805521153
0.4831351325381943 0.7427930805521153
0.4871755365785983 0.7427930805521153
0.4912159406190023 0.7427930805521153
0.4952563446594064 0.7427930805521153
0.49929674869981044 0.7427930805521153
0.5033371527402144 0.7427930805521153
0.5073775567806185 0.7427930805521153
0.5114179608210225 0.7427930805521153
0.5154583648614266 0.7427930805521153
0.5194987689018307 0.7427930805521153
0.5235391729422347 0.7427930805521153
0.5275795769826387 0.7427930805521153
0.5316199810230428 0.7427930805521153
0.5356603850634468 0.7427930805521153
0.5397007891038508 0.7427930805521153
0.5437411931442548 0.7427930805521153
0.5477815971846589 0.7427930805521153
0.551822001225063 0.7427930805521153
0.555862405265467 0.7427930805521153
0.5599028093058711 0.7427930805521153
0.5639432133462751 0.7427930805521153
0.5679836173866791 0.7427930805521153
0.5720240214270831 0.7427930805521153
0.5760644254674872 0.7427930805521153
0.5801048295078912 0.7427930805521153
0.5841452335482953 0.7427930805521153
0.5881856375886994 0.7427930805521153
0.5922260416291034 0.7427930805521153
0.5962664456695074 0.7427930805521153
0.6003068497099114 0.7427930805521153
0.6043472537503154 0.7427930805521153
0.6083876577907195 0.7427930805521153
0.6124280618311235 0.7427930805521153
0.6164684658715276 0.7427930805521153
0.6205088699119317 0.7427930805521153
0.6245492739523357 0.7427930805521153
0.6285896779927398 0.7427930805521153
0.6326300820331437 0.7427930805521153
0.6366704860735478 0.7427930805521153
0.6407108901139518 0.7427930805521153
0.6891957385988003 0.7427930805521153
0.6932361426392044 0.7427930805521153
0.6972765466796085 0.7427930805521153
0.2972765466796084 0.7468334845925194
0.3013169507200124 0.7468334845925194
0.3053573547604165 0.7468334845925194
0.30939775880082054 0.7468334845925194
0.31343816284122455 0.7468334845925194
0.31747856688162857 0.7468334845925194
0.32151897092203263 0.7468334845925194
0.3255593749624367 0.7468334845925194
0.3295997790028407 0.7468334845925194
0.3336401830432448 0.7468334845925194
0.3376805870836488 0.7468334845925194
0.34172099112405285 0.7468334845925194
0.3457613951644569 0.7468334845925194
0.34980179920486093 0.7468334845925194
0.35384220324526494 0.7468334845925194
0.357882607285669 0.7468334845925194
0.3619230113260731 0.7468334845925194
0.3659634153664771 0.7468334845925194
0.3700038194068811 0.7468334845925194
0.37404422344728516 0.7468334845925194
0.37808462748768923 0.7468334845925194
0.38212503152809324 0.7468334845925194
0.3861654355684973 0.7468334845925194
0.3902058396089013 0.7468334845925194
0.3942462436493054 0.7468334845925194
0.3982866476897094 0.7468334845925194
0.40232705173011346 0.7468334845925194
0.40636745577051747 0.7468334845925194
0.41040785981092154 0.7468334845925194
0.4144482638513256 0.7468334845925194
0.4184886678917296 0.7468334845925194
0.4225290719321336 0.7468334845925194
0.4265694759725377 0.7468334845925194
0.43060988001294176 0.7468334845925194
0.43465028405334577 0.7468334845925194
0.4386906880937498 0.7468334845925194
0.44273109213415385 0.7468334845925194
0.4467714961745579 0.7468334845925194
0.4508119002149619 0.7468334845925194
0.45485230425536594 0.7468334845925194
0.45889270829577 0.7468334845925194
0.46293311233617407 0.7468334845925194
0.46697351637657813 0.7468334845925194
0.47101392041698215 0.7468334845925194
0.47505432445738616 0.7468334845925194
0.4790947284977902 0.7468334845925194
0.4831351325381943 0.7468334845925194
0.4871755365785983 0.7468334845925194
0.4912159406190023 0.7468334845925194
0.4952563446594064 0.7468334845925194
0.49929674869981044 0.7468334845925194
0.5033371527402144 0.7468334845925194
0.5073775567806185 0.7468334845925194
0.5114179608210225 0.7468334845925194
0.5154583648614266 0.7468334845925194
0.5194987689018307 0.7468334845925194
0.5235391729422347 0.7468334845925194
0.5275795769826387 0.7468334845925194
0.5316199810230428 0.7468334845925194
0.5356603850634468 0.7468334845925194
0.5397007891038508 0.7468334845925194
0.5437411931442548 0.7468334845925194
0.5477815971846589 0.7468334845925194
0.551822001225063 0.7468334845925194
0.555862405265467 0.7468334845925194
0.5599028093058711 0.7468334845925194
0.5639432133462751 0.7468334845925194
0.5679836173866791 0.7468334845925194
0.5720240214270831 0.7468334845925194
0.5760644254674872 0.7468334845925194
0.5801048295078912 0.7468334845925194
0.5841452335482953 0.7468334845925194
0.5881856375886994 0.7468334845925194
0.5922260416291034 0.7468334845925194
0.5962664456695074 0.7468334845925194
0.6003068497099114 0.7468334845925194
0.6043472537503154 0.7468334845925194
0.6083876577907195 0.7468334845925194
0.6124280618311235 0.7468334845925194
0.6164684658715276 0.7468334845925194
0.6205088699119317 0.7468334845925194
0.6245492739523357 0.7468334845925194
0.6285896779927398 0.7468334845925194
0.6326300820331437 0.7468334845925194
0.6366704860735478 0.7468334845925194
0.6851553345583963 0.7468334845925194
0.6891957385988003 0.7468334845925194
0.6932361426392044 0.7468334845925194
0.6972765466796085 0.7468334845925194
0.2972765466796084 0.7508738886329235
0.3013169507200124 0.7508738886329235
0.3053573547604165 0.7508738886329235
0.30939775880082054 0.7508738886329235
0.31343816284122455 0.7508738886329235
0.31747856688162857 0.7508738886329235
0.32151897092203263 0.7508738886329235
0.3255593749624367 0.7508738886329235
0.3295997790028407 0.7508738886329235
0.3336401830432448 0.7508738886329235
0.3376805870836488 0.7508738886329235
0.34172099112405285 0.7508738886329235
0.3457613951644569 0.7508738886329235
0.34980179920486093 0.7508738886329235
0.35384220324526494 0.7508738886329235
0.357882607285669 0.7508738886329235
0.3619230113260731 0.7508738886329235
0.3659634153664771 0.7508738886329235
0.3700038194068811 0.7508738886329235
0.37404422344728516 0.7508738886329235
0.37808462748768923 0.7508738886329235
0.38212503152809324 0.7508738886329235
0.3861654355684973 0.7508738886329235
0.3902058396089013 0.7508738886329235
0.3942462436493054 0.7508738886329235
0.3982866476897094 0.7508738886329235
0.40232705173011346 0.7508738886329235
0.40636745577051747 0.7508738886329235
0.41040785981092154 0.7508738886329235
0.4144482638513256 0.7508738886329235
0.4184886678917296 0.7508738886329235
0.4225290719321336 0.7508738886329235
0.4265694759725377 0.7508738886329235
0.43060988001294176 0.7508738886329235
0.43465028405334577 0.7508738886329235
0.4386906880937498 0.7508738886329235
0.44273109213415385 0.7508738886329235
0.4467714961745579 0.7508738886329235
0.4508119002149619 0.7508738886329235
0.45485230425536594 0.7508738886329235
0.45889270829577 0.7508738886329235
0.46293311233617407 0.7508738886329235
0.46697351637657813 0.7508738886329235
0.47101392041698215 0.7508738886329235
0.47505432445738616 0.7508738886329235
0.4790947284977902 0.7508738886329235
0.4831351325381943 0.7508738886329235
0.4871755365785983 0.7508738886329235
0.4912159406190023 0.7508738886329235
0.4952563446594064 0.7508738886329235
0.49929674869981044 0.7508738886329235
0.5033371527402144 0.7508738886329235
0.5073775567806185 0.7508738886329235
0.5114179608210225 0.7508738886329235
0.5154583648614266 0.7508738886329235
0.5194987689018307 0.7508738886329235
0.5235391729422347 0.7508738886329235
0.5275795769826387 0.7508738886329235
0.5316199810230428 0.7508738886329235
0.5356603850634468 0.7508738886329235
0.5397007891038508 0.7508738886329235
0.5437411931442548 0.7508738886329235
0.5477815971846589 0.7508738886329235
0.551822001225063 0.7508738886329235
0.555862405265467 0.7508738886329235
0.5599028093058711 0.7508738886329235
0.5639432133462751 0.7508738886329235
0.5679836173866791 0.7508738886329235
0.5720240214270831 0.7508738886329235
0.5760644254674872 0.7508738886329235
0.5801048295078912 0.7508738886329235
0.5841452335482953 0.7508738886329235
0.5881856375886994 0.7508738886329235
0.5922260416291034 0.7508738886329235
0.5962664456695074 0.7508738886329235
0.6003068497099114 0.7508738886329235
0.6043472537503154 0.7508738886329235
0.6083876577907195 0.7508738886329235
0.6124280618311235 0.7508738886329235
0.6164684658715276 0.7508738886329235
0.6205088699119317 0.7508738886329235
0.6245492739523357 0.7508738886329235
0.6285896779927398 0.7508738886329235
0.6326300820331437 0.7508738886329235
0.6811149305179922 0.7508738886329235
0.6851553345583963 0.7508738886329235
0.6891957385988003 0.7508738886329235
0.6932361426392044 0.7508738886329235
0.6972765466796085 0.7508738886329235
0.2972765466796084 0.7549142926733274
0.3013169507200124 0.7549142926733274
0.3053573547604165 0.7549142926733274
0.30939775880082054 0.7549142926733274
0.31343816284122455 0.7549142926733274
0.31747856688162857 0.7549142926733274
0.32151897092203263 0.7549142926733274
0.3255593749624367 0.7549142926733274
0.3295997790028407 0.7549142926733274
0.3336401830432448 0.7549142926733274
0.3376805870836488 0.7549142926733274
0.34172099112405285 0.7549142926733274
0.3457613951644569 0.7549142926733274
0.34980179920486093 0.7549142926733274
0.35384220324526494 0.7549142926733274
0.357882607285669 0.7549142926733274
0.3619230113260731 0.7549142926733274
0.3659634153664771 0.7549142926733274
0.3700038194068811 0.7549142926733274
0.37404422344728516 0.7549142926733274
0.37808462748768923 0.7549142926733274
0.38212503152809324 0.7549142926733274
0.3861654355684973 0.7549142926733274
0.3902058396089013 0.7549142926733274
0.3942462436493054 0.7549142926733274
0.3982866476897094 0.7549142926733274
0.40232705173011346 0.7549142926733274
0.40636745577051747 0.7549142926733274
0.41040785981092154 0.7549142926733274
0.4144482638513256 0.7549142926733274
0.4184886678917296 0.7549142926733274
0.4225290719321336 0.7549142926733274
0.4265694759725377 0.7549142926733274
0.43060988001294176 0.7549142926733274
0.43465028405334577 0.7549142926733274
0.4386906880937498 0.7549142926733274
0.44273109213415385 0.7549142926733274
0.4467714961745579 0.7549142926733274
0.4508119002149619 0.7549142926733274
0.45485230425536594 0.7549142926733274
0.45889270829577 0.7549142926733274
0.46293311233617407 0.7549142926733274
0.46697351637657813 0.7549142926733274
0.47101392041698215 0.7549142926733274
0.47505432445738616 0.7549142926733274
0.4790947284977902 0.7549142926733274
0.4831351325381943 0.7549142926733274
0.4871755365785983 0.7549142926733274
0.4912159406190023 0.7549142926733274
0.4952563446594064 0.7549142926733274
0.49929674869981044 0.7549142926733274
0.5033371527402144 0.7549142926733274
0.5073775567806185 0.7549142926733274
0.5114179608210225 0.7549142926733274
0.5154583648614266 0.7549142926733274
0.5194987689018307 0.7549142926733274
0.5235391729422347 0.7549142926733274
0.5275795769826387 0.7549142926733274
0.5316199810230428 0.7549142926733274
0.5356603850634468 0.7549142926733274
0.5397007891038508 0.7549142926733274
0.5437411931442548 0.7549142926733274
0.5477815971846589 0.7549142926733274
0.551822001225063 0.7549142926733274
0.555862405265467 0.7549142926733274
0.5599028093058711 0.7549142926733274
0.5639432133462751 0.7549142926733274
0.5679836173866791 0.7549142926733274
0.5720240214270831 0.7549142926733274
0.5760644254674872 0.7549142926733274
0.5801048295078912 0.7549142926733274
0.5841452335482953 0.7549142926733274
0.5881856375886994 0.7549142926733274
0.5922260416291034 0.7549142926733274
0.5962664456695074 0.7549142926733274
0.6003068497099114 0.7549142926733274
0.6043472537503154 0.7549142926733274
0.6083876577907195 0.7549142926733274
0.6124280618311235 0.7549142926733274
0.6164684658715276 0.7549142926733274
0.6205088699119317 0.7549142926733274
0.6245492739523357 0.7549142926733274
0.6285896779927398 0.7549142926733274
0.6770745264775881 0.7549142926733274
0.6811149305179922 0.7549142926733274
0.6851553345583963 0.7549142926733274
0.6891957385988003 0.7549142926733274
0.6932361426392044 0.7549142926733274
0.6972765466796085 0.7549142926733274
0.2972765466796084 0.7589546967137315
0.3013169507200124 0.7589546967137315
0.3053573547604165 0.7589546967137315
0.30939775880082054 0.7589546967137315
0.31343816284122455 0.7589546967137315
0.31747856688162857 0.7589546967137315
0.32151897092203263 0.7589546967137315
0.3255593749624367 0.7589546967137315
0.3295997790028407 0.7589546967137315
0.3336401830432448 0.7589546967137315
0.3376805870836488 0.7589546967137315
0.34172099112405285 0.7589546967137315
0.3457613951644569 0.7589546967137315
0.34980179920486093 0.7589546967137315
0.35384220324526494 0.7589546967137315
0.357882607285669 0.7589546967137315
0.3619230113260731 0.7589546967137315
0.3659634153664771 0.7589546967137315
0.3700038194068811 0.7589546967137315
0.37404422344728516 0.7589546967137315
0.37808462748768923 0.7589546967137315
0.38212503152809324 0.7589546967137315
0.3861654355684973 0.7589546967137315
0.3902058396089013 0.7589546967137315
0.3942462436493054 0.7589546967137315
0.3982866476897094 0.7589546967137315
0.40232705173011346 0.7589546967137315
0.40636745577051747 0.7589546967137315
0.41040785981092154 0.7589546967137315
0.4144482638513256 0.7589546967137315
0.4184886678917296 0.7589546967137315
0.4225290719321336 0.7589546967137315
0.4265694759725377 0.7589546967137315
0.43060988001294176 0.7589546967137315
0.43465028405334577 0.7589546967137315
0.4386906880937498 0.7589546967137315
0.44273109213415385 0.7589546967137315
0.4467714961745579 0.7589546967137315
0.4508119002149619 0.7589546967137315
0.45485230425536594 0.7589546967137315
0.45889270829577 0.7589546967137315
0.46293311233617407 0.7589546967137315
0.46697351637657813 0.7589546967137315
0.47101392041698215 0.7589546967137315
0.47505432445738616 0.7589546967137315
0.4790947284977902 0.7589546967137315
0.4831351325381943 0.7589546967137315
0.4871755365785983 0.7589546967137315
0.4912159406190023 0.7589546967137315
0.4952563446594064 0.7589546967137315
0.49929674869981044 0.7589546967137315
0.5033371527402144 0.7589546967137315
0.5073775567806185 0.7589546967137315
0.5114179608210225 0.7589546967137315
0.5154583648614266 0.7589546967137315
0.5194987689018307 0.7589546967137315
0.5235391729422347 0.7589546967137315
0.5275795769826387 0.7589546967137315
0.5316199810230428 0.7589546967137315
0.5356603850634468 0.7589546967137315
0.5397007891038508 0.7589546967137315
0.5437411931442548 0.7589546967137315
0.5477815971846589 0.7589546967137315
0.551822001225063 0.7589546967137315
0.555862405265467 0.7589546967137315
0.5599028093058711 0.7589546967137315
0.5639432133462751 0.7589546967137315
0.5679836173866791 0.7589546967137315
0.5720240214270831 0.7589546967137315
0.5760644254674872 0.7589546967137315
0.5801048295078912 0.7589546967137315
0.5841452335482953 0.7589546967137315
0.5881856375886994 0.7589546967137315
0.5922260416291034 0.7589546967137315
0.5962664456695074 0.7589546967137315
0.6003068497099114 0.7589546967137315
0.6043472537503154 0.7589546967137315
0.6083876577907195 0.7589546967137315
0.6124280618311235 0.7589546967137315
0.6164684658715276 0.7589546967137315
0.6205088699119317 0.7589546967137315
0.6730341224371841 0.7589546967137315
0.6770745264775881 0.7589546967137315
0.6811149305179922 0.7589546967137315
0.6851553345583963 0.7589546967137315
0.6891957385988003 0.7589546967137315
0.6932361426392044 0.7589546967137315
0.6972765466796085 0.7589546967137315
0.2972765466796084 0.7629951007541356
0.3013169507200124 0.7629951007541356
0.3053573547604165 0.7629951007541356
0.30939775880082054 0.7629951007541356
0.31343816284122455 0.7629951007541356
0.31747856688162857 0.7629951007541356
0.32151897092203263 0.7629951007541356
0.3255593749624367 0.7629951007541356
0.3295997790028407 0.7629951007541356
0.3336401830432448 0.7629951007541356
0.3376805870836488 0.7629951007541356
0.34172099112405285 0.7629951007541356
0.3457613951644569 0.7629951007541356
0.34980179920486093 0.7629951007541356
0.35384220324526494 0.7629951007541356
0.357882607285669 0.7629951007541356
0.3619230113260731 0.7629951007541356
0.3659634153664771 0.7629951007541356
0.3700038194068811 0.7629951007541356
0.37404422344728516 0.7629951007541356
0.37808462748768923 0.7629951007541356
0.38212503152809324 0.7629951007541356
0.3861654355684973 0.7629951007541356
0.3902058396089013 0.7629951007541356
0.3942462436493054 0.7629951007541356
0.3982866476897094 0.7629951007541356
0.40232705173011346 0.7629951007541356
0.40636745577051747 0.7629951007541356
0.41040785981092154 0.7629951007541356
0.4144482638513256 0.7629951007541356
0.4184886678917296 0.7629951007541356
0.4225290719321336 0.7629951007541356
0.4265694759725377 0.7629951007541356
0.43060988001294176 0.7629951007541356
0.43465028405334577 0.7629951007541356
0.4386906880937498 0.7629951007541356
0.44273109213415385 0.7629951007541356
0.4467714961745579 0.7629951007541356
0.4508119002149619 0.7629951007541356
0.45485230425536594 0.7629951007541356
0.45889270829577 0.7629951007541356
0.46293311233617407 0.7629951007541356
0.46697351637657813 0.7629951007541356
0.47101392041698215 0.7629951007541356
0.47505432445738616 0.7629951007541356
0.4790947284977902 0.7629951007541356
0.4831351325381943 0.7629951007541356
0.4871755365785983 0.7629951007541356
0.4912159406190023 0.7629951007541356
0.4952563446594064 0.7629951007541356
0.49929674869981044 0.7629951007541356
0.5033371527402144 0.7629951007541356
0.5073775567806185 0.7629951007541356
0.5114179608210225 0.7629951007541356
0.5154583648614266 0.7629951007541356
0.5194987689018307 0.7629951007541356
0.5235391729422347 0.7629951007541356
0.5275795769826387 0.7629951007541356
0.5316199810230428 0.7629951007541356
0.5356603850634468 0.7629951007541356
0.5397007891038508 0.7629951007541356
0.5437411931442548 0.7629951007541356
0.5477815971846589 0.7629951007541356
0.551822001225063 0.7629951007541356
0.555862405265467 0.7629951007541356
0.5599028093058711 0.7629951007541356
0.5639432133462751 0.7629951007541356
0.5679836173866791 0.7629951007541356
0.5720240214270831 0.7629951007541356
0.5760644254674872 0.7629951007541356
0.5801048295078912 0.7629951007541356
0.5841452335482953 0.7629951007541356
0.5881856375886994 0.7629951007541356
0.5922260416291034 0.7629951007541356
0.5962664456695074 0.7629951007541356
0.6003068497099114 0.7629951007541356
0.6043472537503154 0.7629951007541356
0.6083876577907195 0.7629951007541356
0.6124280618311235 0.7629951007541356
0.6164684658715276 0.7629951007541356
0.6689937183967801 0.7629951007541356
0.6730341224371841 0.7629951007541356
0.6770745264775881 0.7629951007541356
0.6811149305179922 0.7629951007541356
0.6851553345583963 0.7629951007541356
0.6891957385988003 0.7629951007541356
0.6932361426392044 0.7629951007541356
0.6972765466796085 0.7629951007541356
0.2972765466796084 0.7670355047945396
0.3013169507200124 0.7670355047945396
0.3053573547604165 0.7670355047945396
0.30939775880082054 0.7670355047945396
0.31343816284122455 0.7670355047945396
0.31747856688162857 0.7670355047945396
0.32151897092203263 0.7670355047945396
0.3255593749624367 0.7670355047945396
0.3295997790028407 0.7670355047945396
0.3336401830432448 0.7670355047945396
0.3376805870836488 0.7670355047945396
0.34172099112405285 0.7670355047945396
0.3457613951644569 0.7670355047945396
0.34980179920486093 0.7670355047945396
0.35384220324526494 0.7670355047945396
0.357882607285669 0.7670355047945396
0.3619230113260731 0.7670355047945396
0.3659634153664771 0.7670355047945396
0.3700038194068811 0.7670355047945396
0.37404422344728516 0.7670355047945396
0.37808462748768923 0.7670355047945396
0.38212503152809324 0.7670355047945396
0.3861654355684973 0.7670355047945396
0.3902058396089013 0.7670355047945396
0.3942462436493054 0.7670355047945396
0.3982866476897094 0.7670355047945396
0.40232705173011346 0.7670355047945396
0.40636745577051747 0.7670355047945396
0.41040785981092154 0.7670355047945396
0.4144482638513256 0.7670355047945396
0.4184886678917296 0.7670355047945396
0.4225290719321336 0.7670355047945396
0.4265694759725377 0.7670355047945396
0.43060988001294176 0.7670355047945396
0.43465028405334577 0.7670355047945396
0.4386906880937498 0.7670355047945396
0.44273109213415385 0.7670355047945396
0.4467714961745579 0.7670355047945396
0.4508119002149619 0.7670355047945396
0.45485230425536594 0.7670355047945396
0.45889270829577 0.7670355047945396
0.46293311233617407 0.7670355047945396
0.46697351637657813 0.7670355047945396
0.47101392041698215 0.7670355047945396
0.47505432445738616 0.7670355047945396
0.4790947284977902 0.7670355047945396
0.4831351325381943 0.7670355047945396
0.4871755365785983 0.7670355047945396
0.4912159406190023 0.7670355047945396
0.4952563446594064 0.7670355047945396
0.49929674869981044 0.7670355047945396
0.5033371527402144 0.7670355047945396
0.5073775567806185 0.7670355047945396
0.5114179608210225 0.7670355047945396
0.5154583648614266 0.7670355047945396
0.5194987689018307 0.7670355047945396
0.5235391729422347 0.7670355047945396
0.5275795769826387 0.7670355047945396
0.5316199810230428 0.7670355047945396
0.5356603850634468 0.7670355047945396
0.5397007891038508 0.7670355047945396
0.5437411931442548 0.7670355047945396
0.5477815971846589 0.7670355047945396
0.551822001225063 0.7670355047945396
0.555862405265467 0.7670355047945396
0.5599028093058711 0.7670355047945396
0.5639432133462751 0.7670355047945396
0.5679836173866791 0.7670355047945396
0.5720240214270831 0.7670355047945396
0.5760644254674872 0.7670355047945396
0.5801048295078912 0.7670355047945396
0.5841452335482953 0.7670355047945396
0.5881856375886994 0.7670355047945396
0.5922260416291034 0.7670355047945396
0.5962664456695074 0.7670355047945396
0.6003068497099114 0.7670355047945396
0.6043472537503154 0.7670355047945396
0.6083876577907195 0.7670355047945396
0.6124280618311235 0.7670355047945396
0.6649533143563761 0.7670355047945396
0.6689937183967801 0.7670355047945396
0.6730341224371841 0.7670355047945396
0.6770745264775881 0.7670355047945396
0.6811149305179922 0.7670355047945396
0.6851553345583963 0.7670355047945396
0.6891957385988003 0.7670355047945396
0.6932361426392044 0.7670355047945396
0.6972765466796085 0.7670355047945396
0.2972765466796084 0.7710759088349436
0.3013169507200124 0.7710759088349436
0.3053573547604165 0.7710759088349436
0.30939775880082054 0.7710759088349436
0.31343816284122455 0.7710759088349436
0.31747856688162857 0.7710759088349436
0.32151897092203263 0.7710759088349436
0.3255593749624367 0.7710759088349436
0.3295997790028407 0.7710759088349436
0.3336401830432448 0.7710759088349436
0.3376805870836488 0.7710759088349436
0.34172099112405285 0.7710759088349436
0.3457613951644569 0.7710759088349436
0.34980179920486093 0.7710759088349436
0.35384220324526494 0.7710759088349436
0.357882607285669 0.7710759088349436
0.3619230113260731 0.7710759088349436
0.3659634153664771 0.7710759088349436
0.3700038194068811 0.7710759088349436
0.37404422344728516 0.7710759088349436
0.37808462748768923 0.7710759088349436
0.38212503152809324 0.7710759088349436
0.3861654355684973 0.7710759088349436
0.3902058396089013 0.7710759088349436
0.3942462436493054 0.7710759088349436
0.3982866476897094 0.7710759088349436
0.40232705173011346 0.7710759088349436
0.40636745577051747 0.7710759088349436
0.41040785981092154 0.7710759088349436
0.4144482638513256 0.7710759088349436
0.4184886678917296 0.7710759088349436
0.4225290719321336 0.7710759088349436
0.4265694759725377 0.7710759088349436
0.43060988001294176 0.7710759088349436
0.43465028405334577 0.7710759088349436
0.4386906880937498 0.7710759088349436
0.44273109213415385 0.7710759088349436
0.4467714961745579 0.7710759088349436
0.4508119002149619 0.7710759088349436
0.45485230425536594 0.7710759088349436
0.45889270829577 0.7710759088349436
0.46293311233617407 0.7710759088349436
0.46697351637657813 0.7710759088349436
0.47101392041698215 0.7710759088349436
0.47505432445738616 0.7710759088349436
0.4790947284977902 0.7710759088349436
0.4831351325381943 0.7710759088349436
0.4871755365785983 0.7710759088349436
0.4912159406190023 0.7710759088349436
0.4952563446594064 0.7710759088349436
0.49929674869981044 0.7710759088349436
0.5033371527402144 0.7710759088349436
0.5073775567806185 0.7710759088349436
0.5114179608210225 0.7710759088349436
0.5154583648614266 0.7710759088349436
0.5194987689018307 0.7710759088349436
0.5235391729422347 0.7710759088349436
0.5275795769826387 0.7710759088349436
0.5316199810230428 0.7710759088349436
0.5356603850634468 0.7710759088349436
0.5397007891038508 0.7710759088349436
0.5437411931442548 0.7710759088349436
0.5477815971846589 0.7710759088349436
0.551822001225063 0.7710759088349436
0.555862405265467 0.7710759088349436
0.5599028093058711 0.7710759088349436
0.5639432133462751 0.7710759088349436
0.5679836173866791 0.7710759088349436
0.5720240214270831 0.7710759088349436
0.5760644254674872 0.7710759088349436
0.5801048295078912 0.7710759088349436
0.5841452335482953 0.7710759088349436
0.5881856375886994 0.7710759088349436
0.5922260416291034 0.7710759088349436
0.5962664456695074 0.7710759088349436
0.6003068497099114 0.7710759088349436
0.6043472537503154 0.7710759088349436
0.656872506275568 0.7710759088349436
0.6609129103159721 0.7710759088349436
0.6649533143563761 0.7710759088349436
0.6689937183967801 0.7710759088349436
0.6730341224371841 0.7710759088349436
0.6770745264775881 0.7710759088349436
0.6811149305179922 0.7710759088349436
0.6851553345583963 0.7710759088349436
0.6891957385988003 0.7710759088349436
0.6932361426392044 0.7710759088349436
0.6972765466796085 0.7710759088349436
0.2972765466796084 0.7751163128753477
0.3013169507200124 0.7751163128753477
0.3053573547604165 0.7751163128753477
0.30939775880082054 0.7751163128753477
0.31343816284122455 0.7751163128753477
0.31747856688162857 0.7751163128753477
0.32151897092203263 0.7751163128753477
0.3255593749624367 0.7751163128753477
0.3295997790028407 0.7751163128753477
0.3336401830432448 0.7751163128753477
0.3376805870836488 0.7751163128753477
0.34172099112405285 0.7751163128753477
0.3457613951644569 0.7751163128753477
0.34980179920486093 0.7751163128753477
0.35384220324526494 0.7751163128753477
0.357882607285669 0.7751163128753477
0.3619230113260731 0.7751163128753477
0.3659634153664771 0.7751163128753477
0.3700038194068811 0.7751163128753477
0.37404422344728516 0.7751163128753477
0.37808462748768923 0.7751163128753477
0.38212503152809324 0.7751163128753477
0.3861654355684973 0.7751163128753477
0.3902058396089013 0.7751163128753477
0.3942462436493054 0.7751163128753477
0.3982866476897094 0.7751163128753477
0.40232705173011346 0.7751163128753477
0.40636745577051747 0.7751163128753477
0.41040785981092154 0.7751163128753477
0.4144482638513256 0.7751163128753477
0.4184886678917296 0.7751163128753477
0.4225290719321336 0.7751163128753477
0.4265694759725377 0.7751163128753477
0.43060988001294176 0.7751163128753477
0.43465028405334577 0.7751163128753477
0.4386906880937498 0.7751163128753477
0.44273109213415385 0.7751163128753477
0.4467714961745579 0.7751163128753477
0.4508119002149619 0.7751163128753477
0.45485230425536594 0.7751163128753477
0.45889270829577 0.7751163128753477
0.46293311233617407 0.7751163128753477
0.46697351637657813 0.7751163128753477
0.47101392041698215 0.7751163128753477
0.47505432445738616 0.7751163128753477
0.4790947284977902 0.7751163128753477
0.4831351325381943 0.7751163128753477
0.4871755365785983 0.7751163128753477
0.4912159406190023 0.7751163128753477
0.4952563446594064 0.7751163128753477
0.49929674869981044 0.7751163128753477
0.5033371527402144 0.7751163128753477
0.5073775567806185 0.7751163128753477
0.5114179608210225 0.7751163128753477
0.5154583648614266 0.7751163128753477
0.5194987689018307 0.7751163128753477
0.5235391729422347 0.7751163128753477
0.5275795769826387 0.7751163128753477
0.5316199810230428 0.7751163128753477
0.5356603850634468 0.7751163128753477
0.5397007891038508 0.7751163128753477
0.5437411931442548 0.7751163128753477
0.5477815971846589 0.7751163128753477
0.551822001225063 0.7751163128753477
0.555862405265467 0.7751163128753477
0.5599028093058711 0.7751163128753477
0.5639432133462751 0.7751163128753477
0.5679836173866791 0.7751163128753477
0.5720240214270831 0.7751163128753477
0.5760644254674872 0.7751163128753477
0.5801048295078912 0.7751163128753477
0.5841452335482953 0.7751163128753477
0.5881856375886994 0.7751163128753477
0.5922260416291034 0.7751163128753477
0.5962664456695074 0.7751163128753477
0.6003068497099114 0.7751163128753477
0.652832102235164 0.7751163128753477
0.656872506275568 0.7751163128753477
0.6609129103159721 0.7751163128753477
0.6649533143563761 0.7751163128753477
0.6689937183967801 0.7751163128753477
0.6730341224371841 0.7751163128753477
0.6770745264775881 0.7751163128753477
0.6811149305179922 0.7751163128753477
0.6851553345583963 0.7751163128753477
0.6891957385988003 0.7751163128753477
0.6932361426392044 0.7751163128753477
0.6972765466796085 0.7751163128753477
0.2972765466796084 0.7791567169157517
0.3013169507200124 0.7791567169157517
0.3053573547604165 0.7791567169157517
0.30939775880082054 0.7791567169157517
0.31343816284122455 0.7791567169157517
0.31747856688162857 0.7791567169157517
0.32151897092203263 0.7791567169157517
0.3255593749624367 0.7791567169157517
0.3295997790028407 0.7791567169157517
0.3336401830432448 0.7791567169157517
0.3376805870836488 0.7791567169157517
0.34172099112405285 0.7791567169157517
0.3457613951644569 0.7791567169157517
0.34980179920486093 0.7791567169157517
0.35384220324526494 0.7791567169157517
0.357882607285669 0.7791567169157517
0.3619230113260731 0.7791567169157517
0.3659634153664771 0.7791567169157517
0.3700038194068811 0.7791567169157517
0.37404422344728516 0.7791567169157517
0.37808462748768923 0.7791567169157517
0.38212503152809324 0.7791567169157517
0.3861654355684973 0.7791567169157517
0.3902058396089013 0.7791567169157517
0.3942462436493054 0.7791567169157517
0.3982866476897094 0.7791567169157517
0.40232705173011346 0.7791567169157517
0.40636745577051747 0.7791567169157517
0.41040785981092154 0.7791567169157517
0.4144482638513256 0.7791567169157517
0.4184886678917296 0.7791567169157517
0.4225290719321336 0.7791567169157517
0.4265694759725377 0.7791567169157517
0.43060988001294176 0.7791567169157517
0.43465028405334577 0.7791567169157517
0.4386906880937498 0.7791567169157517
0.44273109213415385 0.7791567169157517
0.4467714961745579 0.7791567169157517
0.4508119002149619 0.7791567169157517
0.45485230425536594 0.7791567169157517
0.45889270829577 0.7791567169157517
0.46293311233617407 0.7791567169157517
0.46697351637657813 0.7791567169157517
0.47101392041698215 0.7791567169157517
0.47505432445738616 0.7791567169157517
0.4790947284977902 0.7791567169157517
0.4831351325381943 0.7791567169157517
0.4871755365785983 0.7791567169157517
0.4912159406190023 0.7791567169157517
0.4952563446594064 0.7791567169157517
0.49929674869981044 0.7791567169157517
0.5033371527402144 0.7791567169157517
0.5073775567806185 0.7791567169157517
0.5114179608210225 0.7791567169157517
0.5154583648614266 0.7791567169157517
0.5194987689018307 0.7791567169157517
0.5235391729422347 0.7791567169157517
0.5275795769826387 0.7791567169157517
0.5316199810230428 0.7791567169157517
0.5356603850634468 0.7791567169157517
0.5397007891038508 0.7791567169157517
0.5437411931442548 0.7791567169157517
0.5477815971846589 0.7791567169157517
0.551822001225063 0.7791567169157517
0.555862405265467 0.7791567169157517
0.5599028093058711 0.7791567169157517
0.5639432133462751 0.7791567169157517
0.5679836173866791 0.7791567169157517
0.5720240214270831 0.7791567169157517
0.5760644254674872 0.7791567169157517
0.5801048295078912 0.7791567169157517
0.5841452335482953 0.7791567169157517
0.5881856375886994 0.7791567169157517
0.5922260416291034 0.7791567169157517
0.5962664456695074 0.7791567169157517
0.6487916981947599 0.7791567169157517
0.652832102235164 0.7791567169157517
0.656872506275568 0.7791567169157517
0.6609129103159721 0.7791567169157517
0.6649533143563761 0.7791567169157517
0.6689937183967801 0.7791567169157517
0.6730341224371841 0.7791567169157517
0.6770745264775881 0.7791567169157517
0.6811149305179922 0.7791567169157517
0.6851553345583963 0.7791567169157517
0.6891957385988003 0.7791567169157517
0.6932361426392044 0.7791567169157517
0.6972765466796085 0.7791567169157517
0.2972765466796084 0.7831971209561558
0.3013169507200124 0.7831971209561558
0.3053573547604165 0.7831971209561558
0.30939775880082054 0.7831971209561558
0.31343816284122455 0.7831971209561558
0.31747856688162857 0.7831971209561558
0.32151897092203263 0.7831971209561558
0.3255593749624367 0.7831971209561558
0.3295997790028407 0.7831971209561558
0.3336401830432448 0.7831971209561558
0.3376805870836488 0.7831971209561558
0.34172099112405285 0.7831971209561558
0.3457613951644569 0.7831971209561558
0.34980179920486093 0.7831971209561558
0.35384220324526494 0.7831971209561558
0.357882607285669 0.7831971209561558
0.3619230113260731 0.7831971209561558
0.3659634153664771 0.7831971209561558
0.3700038194068811 0.7831971209561558
0.37404422344728516 0.7831971209561558
0.37808462748768923 0.7831971209561558
0.38212503152809324 0.7831971209561558
0.3861654355684973 0.7831971209561558
0.3902058396089013 0.7831971209561558
0.3942462436493054 0.7831971209561558
0.3982866476897094 0.7831971209561558
0.40232705173011346 0.7831971209561558
0.40636745577051747 0.7831971209561558
0.41040785981092154 0.7831971209561558
0.4144482638513256 0.7831971209561558
0.4184886678917296 0.7831971209561558
0.4225290719321336 0.7831971209561558
0.4265694759725377 0.7831971209561558
0.43060988001294176 0.7831971209561558
0.43465028405334577 0.7831971209561558
0.4386906880937498 0.7831971209561558
0.44273109213415385 0.7831971209561558
0.4467714961745579 0.7831971209561558
0.4508119002149619 0.7831971209561558
0.45485230425536594 0.7831971209561558
0.45889270829577 0.7831971209561558
0.46293311233617407 0.7831971209561558
0.46697351637657813 0.7831971209561558
0.47101392041698215 0.7831971209561558
0.47505432445738616 0.7831971209561558
0.4790947284977902 0.7831971209561558
0.4831351325381943 0.7831971209561558
0.4871755365785983 0.7831971209561558
0.4912159406190023 0.7831971209561558
0.4952563446594064 0.7831971209561558
0.49929674869981044 0.7831971209561558
0.5033371527402144 0.7831971209561558
0.5073775567806185 0.7831971209561558
0.5114179608210225 0.7831971209561558
0.5154583648614266 0.7831971209561558
0.5194987689018307 0.7831971209561558
0.5235391729422347 0.7831971209561558
0.5275795769826387 0.7831971209561558
0.5316199810230428 0.7831971209561558
0.5356603850634468 0.7831971209561558
0.5397007891038508 0.7831971209561558
0.5437411931442548 0.7831971209561558
0.5477815971846589 0.7831971209561558
0.551822001225063 0.7831971209561558
0.555862405265467 0.7831971209561558
0.5599028093058711 0.7831971209561558
0.5639432133462751 0.7831971209561558
0.5679836173866791 0.7831971209561558
0.5720240214270831 0.7831971209561558
0.5760644254674872 0.7831971209561558
0.5801048295078912 0.7831971209561558
0.5841452335482953 0.7831971209561558
0.5881856375886994 0.7831971209561558
0.5922260416291034 0.7831971209561558
0.6447512941543558 0.7831971209561558
0.6487916981947599 0.7831971209561558
0.652832102235164 0.7831971209561558
0.656872506275568 0.7831971209561558
0.6609129103159721 0.7831971209561558
0.6649533143563761 0.7831971209561558
0.6689937183967801 0.7831971209561558
0.6730341224371841 0.7831971209561558
0.6770745264775881 0.7831971209561558
0.6811149305179922 0.7831971209561558
0.6851553345583963 0.7831971209561558
0.6891957385988003 0.7831971209561558
0.6932361426392044 0.7831971209561558
0.6972765466796085 0.7831971209561558
0.2972765466796084 0.7872375249965597
0.3013169507200124 0.7872375249965597
0.3053573547604165 0.7872375249965597
0.30939775880082054 0.7872375249965597
0.31343816284122455 0.7872375249965597
0.31747856688162857 0.7872375249965597
0.32151897092203263 0.7872375249965597
0.3255593749624367 0.7872375249965597
0.3295997790028407 0.7872375249965597
0.3336401830432448 0.7872375249965597
0.3376805870836488 0.7872375249965597
0.34172099112405285 0.7872375249965597
0.3457613951644569 0.7872375249965597
0.34980179920486093 0.7872375249965597
0.35384220324526494 0.7872375249965597
0.357882607285669 0.7872375249965597
0.3619230113260731 0.7872375249965597
0.3659634153664771 0.7872375249965597
0.3700038194068811 0.7872375249965597
0.37404422344728516 0.7872375249965597
0.37808462748768923 0.7872375249965597
0.38212503152809324 0.7872375249965597
0.3861654355684973 0.7872375249965597
0.3902058396089013 0.7872375249965597
0.3942462436493054 0.7872375249965597
0.3982866476897094 0.7872375249965597
0.40232705173011346 0.7872375249965597
0.40636745577051747 0.7872375249965597
0.41040785981092154 0.7872375249965597
0.4144482638513256 0.7872375249965597
0.4184886678917296 0.7872375249965597
0.4225290719321336 0.7872375249965597
0.4265694759725377 0.7872375249965597
0.43060988001294176 0.7872375249965597
0.43465028405334577 0.7872375249965597
0.4386906880937498 0.7872375249965597
0.44273109213415385 0.7872375249965597
0.4467714961745579 0.7872375249965597
0.4508119002149619 0.7872375249965597
0.45485230425536594 0.7872375249965597
0.45889270829577 0.7872375249965597
0.46293311233617407 0.7872375249965597
0.46697351637657813 0.7872375249965597
0.47101392041698215 0.7872375249965597
0.47505432445738616 0.7872375249965597
0.4790947284977902 0.7872375249965597
0.4831351325381943 0.7872375249965597
0.4871755365785983 0.7872375249965597
0.4912159406190023 0.7872375249965597
0.4952563446594064 0.7872375249965597
0.49929674869981044 0.7872375249965597
0.5033371527402144 0.7872375249965597
0.5073775567806185 0.7872375249965597
0.5114179608210225 0.7872375249965597
0.5154583648614266 0.7872375249965597
0.5194987689018307 0.7872375249965597
0.5235391729422347 0.7872375249965597
0.5275795769826387 0.7872375249965597
0.5316199810230428 0.7872375249965597
0.5356603850634468 0.7872375249965597
0.5397007891038508 0.7872375249965597
0.5437411931442548 0.7872375249965597
0.5477815971846589 0.7872375249965597
0.551822001225063 0.7872375249965597
0.555862405265467 0.7872375249965597
0.5599028093058711 0.7872375249965597
0.5639432133462751 0.7872375249965597
0.5679836173866791 0.7872375249965597
0.5720240214270831 0.7872375249965597
0.5760644254674872 0.7872375249965597
0.5801048295078912 0.7872375249965597
0.5841452335482953 0.7872375249965597
0.6407108901139518 0.7872375249965597
0.6447512941543558 0.7872375249965597
0.6487916981947599 0.7872375249965597
0.652832102235164 0.7872375249965597
0.656872506275568 0.7872375249965597
0.6609129103159721 0.7872375249965597
0.6649533143563761 0.7872375249965597
0.6689937183967801 0.7872375249965597
0.6730341224371841 0.7872375249965597
0.6770745264775881 0.7872375249965597
0.6811149305179922 0.7872375249965597
0.6851553345583963 0.7872375249965597
0.6891957385988003 0.7872375249965597
0.6932361426392044 0.7872375249965597
0.6972765466796085 0.7872375249965597
0.2972765466796084 0.7912779290369638
0.3013169507200124 0.7912779290369638
0.3053573547604165 0.7912779290369638
0.30939775880082054 0.7912779290369638
0.31343816284122455 0.7912779290369638
0.31747856688162857 0.7912779290369638
0.32151897092203263 0.7912779290369638
0.3255593749624367 0.7912779290369638
0.3295997790028407 0.7912779290369638
0.3336401830432448 0.7912779290369638
0.3376805870836488 0.7912779290369638
0.34172099112405285 0.7912779290369638
0.3457613951644569 0.7912779290369638
0.34980179920486093 0.7912779290369638
0.35384220324526494 0.7912779290369638
0.357882607285669 0.7912779290369638
0.3619230113260731 0.7912779290369638
0.3659634153664771 0.7912779290369638
0.3700038194068811 0.7912779290369638
0.37404422344728516 0.7912779290369638
0.37808462748768923 0.7912779290369638
0.38212503152809324 0.7912779290369638
0.3861654355684973 0.7912779290369638
0.3902058396089013 0.7912779290369638
0.3942462436493054 0.7912779290369638
0.3982866476897094 0.7912779290369638
0.40232705173011346 0.7912779290369638
0.40636745577051747 0.7912779290369638
0.41040785981092154 0.7912779290369638
0.4144482638513256 0.7912779290369638
0.4184886678917296 0.7912779290369638
0.4225290719321336 0.7912779290369638
0.4265694759725377 0.7912779290369638
0.43060988001294176 0.7912779290369638
0.43465028405334577 0.7912779290369638
0.4386906880937498 0.7912779290369638
0.44273109213415385 0.7912779290369638
0.4467714961745579 0.7912779290369638
0.4508119002149619 0.7912779290369638
0.45485230425536594 0.7912779290369638
0.45889270829577 0.7912779290369638
0.46293311233617407 0.7912779290369638
0.46697351637657813 0.7912779290369638
0.47101392041698215 0.7912779290369638
0.47505432445738616 0.7912779290369638
0.4790947284977902 0.7912779290369638
0.4831351325381943 0.7912779290369638
0.4871755365785983 0.7912779290369638
0.4912159406190023 0.7912779290369638
0.4952563446594064 0.7912779290369638
0.49929674869981044 0.7912779290369638
0.5033371527402144 0.7912779290369638
0.5073775567806185 0.7912779290369638
0.5114179608210225 0.7912779290369638
0.5154583648614266 0.7912779290369638
0.5194987689018307 0.7912779290369638
0.5235391729422347 0.7912779290369638
0.5275795769826387 0.7912779290369638
0.5316199810230428 0.7912779290369638
0.5356603850634468 0.7912779290369638
0.5397007891038508 0.7912779290369638
0.5437411931442548 0.7912779290369638
0.5477815971846589 0.7912779290369638
0.551822001225063 0.7912779290369638
0.555862405265467 0.7912779290369638
0.5599028093058711 0.7912779290369638
0.5639432133462751 0.7912779290369638
0.5679836173866791 0.7912779290369638
0.5720240214270831 0.7912779290369638
0.5760644254674872 0.7912779290369638
0.5801048295078912 0.7912779290369638
0.6366704860735478 0.7912779290369638
0.6407108901139518 0.7912779290369638
0.6447512941543558 0.7912779290369638
0.6487916981947599 0.7912779290369638
0.652832102235164 0.7912779290369638
0.656872506275568 0.7912779290369638
0.6609129103159721 0.7912779290369638
0.6649533143563761 0.7912779290369638
0.6689937183967801 0.7912779290369638
0.6730341224371841 0.7912779290369638
0.6770745264775881 0.7912779290369638
0.6811149305179922 0.7912779290369638
0.6851553345583963 0.7912779290369638
0.6891957385988003 0.7912779290369638
0.6932361426392044 0.7912779290369638
0.6972765466796085 0.7912779290369638
0.2972765466796084 0.7953183330773679
0.3013169507200124 0.7953183330773679
0.3053573547604165 0.7953183330773679
0.30939775880082054 0.7953183330773679
0.31343816284122455 0.7953183330773679
0.31747856688162857 0.7953183330773679
0.32151897092203263 0.7953183330773679
0.3255593749624367 0.7953183330773679
0.3295997790028407 0.7953183330773679
0.3336401830432448 0.7953183330773679
0.3376805870836488 0.7953183330773679
0.34172099112405285 0.7953183330773679
0.3457613951644569 0.7953183330773679
0.34980179920486093 0.7953183330773679
0.35384220324526494 0.7953183330773679
0.357882607285669 0.7953183330773679
0.3619230113260731 0.7953183330773679
0.3659634153664771 0.7953183330773679
0.3700038194068811 0.7953183330773679
0.37404422344728516 0.7953183330773679
0.37808462748768923 0.7953183330773679
0.38212503152809324 0.7953183330773679
0.3861654355684973 0.7953183330773679
0.3902058396089013 0.7953183330773679
0.3942462436493054 0.7953183330773679
0.3982866476897094 0.7953183330773679
0.40232705173011346 0.7953183330773679
0.40636745577051747 0.7953183330773679
0.41040785981092154 0.7953183330773679
0.4144482638513256 0.7953183330773679
0.4184886678917296 0.7953183330773679
0.4225290719321336 0.7953183330773679
0.4265694759725377 0.7953183330773679
0.43060988001294176 0.7953183330773679
0.43465028405334577 0.7953183330773679
0.4386906880937498 0.7953183330773679
0.44273109213415385 0.7953183330773679
0.4467714961745579 0.7953183330773679
0.4508119002149619 0.7953183330773679
0.45485230425536594 0.7953183330773679
0.45889270829577 0.7953183330773679
0.46293311233617407 0.7953183330773679
0.46697351637657813 0.7953183330773679
0.47101392041698215 0.7953183330773679
0.47505432445738616 0.7953183330773679
0.4790947284977902 0.7953183330773679
0.4831351325381943 0.7953183330773679
0.4871755365785983 0.7953183330773679
0.4912159406190023 0.7953183330773679
0.4952563446594064 0.7953183330773679
0.49929674869981044 0.7953183330773679
0.5033371527402144 0.7953183330773679
0.5073775567806185 0.7953183330773679
0.5114179608210225 0.7953183330773679
0.5154583648614266 0.7953183330773679
0.5194987689018307 0.7953183330773679
0.5235391729422347 0.7953183330773679
0.5275795769826387 0.7953183330773679
0.5316199810230428 0.7953183330773679
0.5356603850634468 0.7953183330773679
0.5397007891038508 0.7953183330773679
0.5437411931442548 0.7953183330773679
0.5477815971846589 0.7953183330773679
0.551822001225063 0.7953183330773679
0.555862405265467 0.7953183330773679
0.5599028093058711 0.7953183330773679
0.5639432133462751 0.7953183330773679
0.5679836173866791 0.7953183330773679
0.6326300820331437 0.7953183330773679
0.6366704860735478 0.7953183330773679
0.6407108901139518 0.7953183330773679
0.6447512941543558 0.7953183330773679
0.6487916981947599 0.7953183330773679
0.652832102235164 0.7953183330773679
0.656872506275568 0.7953183330773679
0.6609129103159721 0.7953183330773679
0.6649533143563761 0.7953183330773679
0.6689937183967801 0.7953183330773679
0.6730341224371841 0.7953183330773679
0.6770745264775881 0.7953183330773679
0.6811149305179922 0.7953183330773679
0.6851553345583963 0.7953183330773679
0.6891957385988003 0.7953183330773679
0.6932361426392044 0.7953183330773679
0.6972765466796085 0.7953183330773679
0.2972765466796084 0.799358737117772
0.3013169507200124 0.799358737117772
0.3053573547604165 0.799358737117772
0.30939775880082054 0.799358737117772
0.31343816284122455 0.799358737117772
0.31747856688162857 0.799358737117772
0.32151897092203263 0.799358737117772
0.3255593749624367 0.799358737117772
0.3295997790028407 0.799358737117772
0.3336401830432448 0.799358737117772
0.3376805870836488 0.799358737117772
0.34172099112405285 0.799358737117772
0.3457613951644569 0.799358737117772
0.34980179920486093 0.799358737117772
0.35384220324526494 0.799358737117772
0.357882607285669 0.799358737117772
0.3619230113260731 0.799358737117772
0.3659634153664771 0.799358737117772
0.3700038194068811 0.799358737117772
0.37404422344728516 0.799358737117772
0.37808462748768923 0.799358737117772
0.38212503152809324 0.799358737117772
0.3861654355684973 0.799358737117772
0.3902058396089013 0.799358737117772
0.3942462436493054 0.799358737117772
0.3982866476897094 0.799358737117772
0.40232705173011346 0.799358737117772
0.40636745577051747 0.799358737117772
0.41040785981092154 0.799358737117772
0.4144482638513256 0.799358737117772
0.4184886678917296 0.799358737117772
0.4225290719321336 0.799358737117772
0.4265694759725377 0.799358737117772
0.43060988001294176 0.799358737117772
0.43465028405334577 0.799358737117772
0.4386906880937498 0.799358737117772
0.44273109213415385 0.799358737117772
0.4467714961745579 0.799358737117772
0.4508119002149619 0.799358737117772
0.45485230425536594 0.799358737117772
0.45889270829577 0.799358737117772
0.46293311233617407 0.799358737117772
0.46697351637657813 0.799358737117772
0.47101392041698215 0.799358737117772
0.47505432445738616 0.799358737117772
0.4790947284977902 0.799358737117772
0.4831351325381943 0.799358737117772
0.4871755365785983 0.799358737117772
0.4912159406190023 0.799358737117772
0.4952563446594064 0.799358737117772
0.49929674869981044 0.799358737117772
0.5033371527402144 0.799358737117772
0.5073775567806185 0.799358737117772
0.5114179608210225 0.799358737117772
0.5154583648614266 0.799358737117772
0.5194987689018307 0.799358737117772
0.5235391729422347 0.799358737117772
0.5275795769826387 0.799358737117772
0.5316199810230428 0.799358737117772
0.5356603850634468 0.799358737117772
0.5397007891038508 0.799358737117772
0.5437411931442548 0.799358737117772
0.5477815971846589 0.799358737117772
0.551822001225063 0.799358737117772
0.555862405265467 0.799358737117772
0.5599028093058711 0.799358737117772
0.5639432133462751 0.799358737117772
0.5679836173866791 0.799358737117772
0.5720240214270831 0.799358737117772
0.6245492739523357 0.799358737117772
0.6285896779927398 0.799358737117772
0.6326300820331437 0.799358737117772
0.6366704860735478 0.799358737117772
0.6407108901139518 0.799358737117772
0.6447512941543558 0.799358737117772
0.6487916981947599 0.799358737117772
0.652832102235164 0.799358737117772
0.656872506275568 0.799358737117772
0.6609129103159721 0.799358737117772
0.6649533143563761 0.799358737117772
0.6689937183967801 0.799358737117772
0.6730341224371841 0.799358737117772
0.6770745264775881 0.799358737117772
0.6811149305179922 0.799358737117772
0.6851553345583963 0.799358737117772
0.6891957385988003 0.799358737117772
0.6932361426392044 0.799358737117772
0.6972765466796085 0.799358737117772
0.2972765466796084 0.803399141158176
0.3013169507200124 0.803399141158176
0.3053573547604165 0.803399141158176
0.30939775880082054 0.803399141158176
0.31343816284122455 0.803399141158176
0.31747856688162857 0.803399141158176
0.32151897092203263 0.803399141158176
0.3255593749624367 0.803399141158176
0.3295997790028407 0.803399141158176
0.3336401830432448 0.803399141158176
0.3376805870836488 0.803399141158176
0.34172099112405285 0.803399141158176
0.3457613951644569 0.803399141158176
0.34980179920486093 0.803399141158176
0.35384220324526494 0.803399141158176
0.357882607285669 0.803399141158176
0.3619230113260731 0.803399141158176
0.3659634153664771 0.803399141158176
0.3700038194068811 0.803399141158176
0.37404422344728516 0.803399141158176
0.37808462748768923 0.803399141158176
0.38212503152809324 0.803399141158176
0.3861654355684973 0.803399141158176
0.3902058396089013 0.803399141158176
0.3942462436493054 0.803399141158176
0.3982866476897094 0.803399141158176
0.40232705173011346 0.803399141158176
0.40636745577051747 0.803399141158176
0.41040785981092154 0.803399141158176
0.4144482638513256 0.803399141158176
0.4184886678917296 0.803399141158176
0.4225290719321336 0.803399141158176
0.4265694759725377 0.803399141158176
0.43060988001294176 0.803399141158176
0.43465028405334577 0.803399141158176
0.4386906880937498 0.803399141158176
0.44273109213415385 0.803399141158176
0.4467714961745579 0.803399141158176
0.4508119002149619 0.803399141158176
0.45485230425536594 0.803399141158176
0.45889270829577 0.803399141158176
0.46293311233617407 0.803399141158176
0.46697351637657813 0.803399141158176
0.47101392041698215 0.803399141158176
0.47505432445738616 0.803399141158176
0.4790947284977902 0.803399141158176
0.4831351325381943 0.803399141158176
0.4871755365785983 0.803399141158176
0.4912159406190023 0.803399141158176
0.4952563446594064 0.803399141158176
0.49929674869981044 0.803399141158176
0.5033371527402144 0.803399141158176
0.5073775567806185 0.803399141158176
0.5114179608210225 0.803399141158176
0.5154583648614266 0.803399141158176
0.5194987689018307 0.803399141158176
0.5235391729422347 0.803399141158176
0.5275795769826387 0.803399141158176
0.5316199810230428 0.803399141158176
0.5356603850634468 0.803399141158176
0.5397007891038508 0.803399141158176
0.5437411931442548 0.803399141158176
0.5477815971846589 0.803399141158176
0.551822001225063 0.803399141158176
0.555862405265467 0.803399141158176
0.5599028093058711 0.803399141158176
0.6205088699119317 0.803399141158176
0.6245492739523357 0.803399141158176
0.6285896779927398 0.803399141158176
0.6326300820331437 0.803399141158176
0.6366704860735478 0.803399141158176
0.6407108901139518 0.803399141158176
0.6447512941543558 0.803399141158176
0.6487916981947599 0.803399141158176
0.652832102235164 0.803399141158176
0.656872506275568 0.803399141158176
0.6609129103159721 0.803399141158176
0.6649533143563761 0.803399141158176
0.6689937183967801 0.803399141158176
0.6730341224371841 0.803399141158176
0.6770745264775881 0.803399141158176
0.6811149305179922 0.803399141158176
0.6851553345583963 0.803399141158176
0.6891957385988003 0.803399141158176
0.6932361426392044 0.803399141158176
0.6972765466796085 0.803399141158176
0.2972765466796084 0.80743954519858
0.3013169507200124 0.80743954519858
0.3053573547604165 0.80743954519858
0.30939775880082054 0.80743954519858
0.31343816284122455 0.80743954519858
0.31747856688162857 0.80743954519858
0.32151897092203263 0.80743954519858
0.3255593749624367 0.80743954519858
0.3295997790028407 0.80743954519858
0.3336401830432448 0.80743954519858
0.3376805870836488 0.80743954519858
0.34172099112405285 0.80743954519858
0.3457613951644569 0.80743954519858
0.34980179920486093 0.80743954519858
0.35384220324526494 0.80743954519858
0.357882607285669 0.80743954519858
0.3619230113260731 0.80743954519858
0.3659634153664771 0.80743954519858
0.3700038194068811 0.80743954519858
0.37404422344728516 0.80743954519858
0.37808462748768923 0.80743954519858
0.38212503152809324 0.80743954519858
0.3861654355684973 0.80743954519858
0.3902058396089013 0.80743954519858
0.3942462436493054 0.80743954519858
0.3982866476897094 0.80743954519858
0.40232705173011346 0.80743954519858
0.40636745577051747 0.80743954519858
0.41040785981092154 0.80743954519858
0.4144482638513256 0.80743954519858
0.4184886678917296 0.80743954519858
0.4225290719321336 0.80743954519858
0.4265694759725377 0.80743954519858
0.43060988001294176 0.80743954519858
0.43465028405334577 0.80743954519858
0.4386906880937498 0.80743954519858
0.44273109213415385 0.80743954519858
0.4467714961745579 0.80743954519858
0.4508119002149619 0.80743954519858
0.45485230425536594 0.80743954519858
0.45889270829577 0.80743954519858
0.46293311233617407 0.80743954519858
0.46697351637657813 0.80743954519858
0.47101392041698215 0.80743954519858
0.47505432445738616 0.80743954519858
0.4790947284977902 0.80743954519858
0.4831351325381943 0.80743954519858
0.4871755365785983 0.80743954519858
0.4912159406190023 0.80743954519858
0.4952563446594064 0.80743954519858
0.49929674869981044 0.80743954519858
0.5033371527402144 0.80743954519858
0.5073775567806185 0.80743954519858
0.5114179608210225 0.80743954519858
0.5154583648614266 0.80743954519858
0.5194987689018307 0.80743954519858
0.5235391729422347 0.80743954519858
0.5275795769826387 0.80743954519858
0.5316199810230428 0.80743954519858
0.5356603850634468 0.80743954519858
0.5397007891038508 0.80743954519858
0.5437411931442548 0.80743954519858
0.5477815971846589 0.80743954519858
0.551822001225063 0.80743954519858
0.555862405265467 0.80743954519858
0.6164684658715276 0.80743954519858
0.6205088699119317 0.80743954519858
0.6245492739523357 0.80743954519858
0.6285896779927398 0.80743954519858
0.6326300820331437 0.80743954519858
0.6366704860735478 0.80743954519858
0.6407108901139518 0.80743954519858
0.6447512941543558 0.80743954519858
0.6487916981947599 0.80743954519858
0.652832102235164 0.80743954519858
0.656872506275568 0.80743954519858
0.6609129103159721 0.80743954519858
0.6649533143563761 0.80743954519858
0.6689937183967801 0.80743954519858
0.6730341224371841 0.80743954519858
0.6770745264775881 0.80743954519858
0.6811149305179922 0.80743954519858
0.6851553345583963 0.80743954519858
0.6891957385988003 0.80743954519858
0.6932361426392044 0.80743954519858
0.6972765466796085 0.80743954519858
0.2972765466796084 0.811479949238984
0.3013169507200124 0.811479949238984
0.3053573547604165 0.811479949238984
0.30939775880082054 0.811479949238984
0.31343816284122455 0.811479949238984
0.31747856688162857 0.811479949238984
0.32151897092203263 0.811479949238984
0.3255593749624367 0.811479949238984
0.3295997790028407 0.811479949238984
0.3336401830432448 0.811479949238984
0.3376805870836488 0.811479949238984
0.34172099112405285 0.811479949238984
0.3457613951644569 0.811479949238984
0.34980179920486093 0.811479949238984
0.35384220324526494 0.811479949238984
0.357882607285669 0.811479949238984
0.3619230113260731 0.811479949238984
0.3659634153664771 0.811479949238984
0.3700038194068811 0.811479949238984
0.37404422344728516 0.811479949238984
0.37808462748768923 0.811479949238984
0.38212503152809324 0.811479949238984
0.3861654355684973 0.811479949238984
0.3902058396089013 0.811479949238984
0.3942462436493054 0.811479949238984
0.3982866476897094 0.811479949238984
0.40232705173011346 0.811479949238984
0.40636745577051747 0.811479949238984
0.41040785981092154 0.811479949238984
0.4144482638513256 0.811479949238984
0.4184886678917296 0.811479949238984
0.4225290719321336 0.811479949238984
0.4265694759725377 0.811479949238984
0.43060988001294176 0.811479949238984
0.43465028405334577 0.811479949238984
0.4386906880937498 0.811479949238984
0.44273109213415385 0.811479949238984
0.4467714961745579 0.811479949238984
0.4508119002149619 0.811479949238984
0.45485230425536594 0.811479949238984
0.45889270829577 0.811479949238984
0.46293311233617407 0.811479949238984
0.46697351637657813 0.811479949238984
0.47101392041698215 0.811479949238984
0.47505432445738616 0.811479949238984
0.4790947284977902 0.811479949238984
0.4831351325381943 0.811479949238984
0.4871755365785983 0.811479949238984
0.4912159406190023 0.811479949238984
0.4952563446594064 0.811479949238984
0.49929674869981044 0.811479949238984
0.5033371527402144 0.811479949238984
0.5073775567806185 0.811479949238984
0.5114179608210225 0.811479949238984
0.5154583648614266 0.811479949238984
0.5194987689018307 0.811479949238984
0.5235391729422347 0.811479949238984
0.5275795769826387 0.811479949238984
0.5316199810230428 0.811479949238984
0.5356603850634468 0.811479949238984
0.5397007891038508 0.811479949238984
0.5437411931442548 0.811479949238984
0.5477815971846589 0.811479949238984
0.551822001225063 0.811479949238984
0.6083876577907195 0.811479949238984
0.6124280618311235 0.811479949238984
0.6164684658715276 0.811479949238984
0.6205088699119317 0.811479949238984
0.6245492739523357 0.811479949238984
0.6285896779927398 0.811479949238984
0.6326300820331437 0.811479949238984
0.6366704860735478 0.811479949238984
0.6407108901139518 0.811479949238984
0.6447512941543558 0.811479949238984
0.6487916981947599 0.811479949238984
0.652832102235164 0.811479949238984
0.656872506275568 0.811479949238984
0.6609129103159721 0.811479949238984
0.6649533143563761 0.811479949238984
0.6689937183967801 0.811479949238984
0.6730341224371841 0.811479949238984
0.6770745264775881 0.811479949238984
0.6811149305179922 0.811479949238984
0.6851553345583963 0.811479949238984
0.6891957385988003 0.811479949238984
0.6932361426392044 0.811479949238984
0.6972765466796085 0.811479949238984
0.2972765466796084 0.8155203532793881
0.3013169507200124 0.8155203532793881
0.3053573547604165 0.8155203532793881
0.30939775880082054 0.8155203532793881
0.31343816284122455 0.8155203532793881
0.31747856688162857 0.8155203532793881
0.32151897092203263 0.8155203532793881
0.3255593749624367 0.8155203532793881
0.3295997790028407 0.8155203532793881
0.3336401830432448 0.8155203532793881
0.3376805870836488 0.8155203532793881
0.34172099112405285 0.8155203532793881
0.3457613951644569 0.8155203532793881
0.34980179920486093 0.8155203532793881
0.35384220324526494 0.8155203532793881
0.357882607285669 0.8155203532793881
0.3619230113260731 0.8155203532793881
0.3659634153664771 0.8155203532793881
0.3700038194068811 0.8155203532793881
0.37404422344728516 0.8155203532793881
0.37808462748768923 0.8155203532793881
0.38212503152809324 0.8155203532793881
0.3861654355684973 0.8155203532793881
0.3902058396089013 0.8155203532793881
0.3942462436493054 0.8155203532793881
0.3982866476897094 0.8155203532793881
0.40232705173011346 0.8155203532793881
0.40636745577051747 0.8155203532793881
0.41040785981092154 0.8155203532793881
0.4144482638513256 0.8155203532793881
0.4184886678917296 0.8155203532793881
0.4225290719321336 0.8155203532793881
0.4265694759725377 0.8155203532793881
0.43060988001294176 0.8155203532793881
0.43465028405334577 0.8155203532793881
0.4386906880937498 0.8155203532793881
0.44273109213415385 0.8155203532793881
0.4467714961745579 0.8155203532793881
0.4508119002149619 0.8155203532793881
0.45485230425536594 0.8155203532793881
0.45889270829577 0.8155203532793881
0.46293311233617407 0.8155203532793881
0.46697351637657813 0.8155203532793881
0.47101392041698215 0.8155203532793881
0.47505432445738616 0.8155203532793881
0.4790947284977902 0.8155203532793881
0.4831351325381943 0.8155203532793881
0.4871755365785983 0.8155203532793881
0.4912159406190023 0.8155203532793881
0.4952563446594064 0.8155203532793881
0.49929674869981044 0.8155203532793881
0.5033371527402144 0.8155203532793881
0.5073775567806185 0.8155203532793881
0.5114179608210225 0.8155203532793881
0.5154583648614266 0.8155203532793881
0.5194987689018307 0.8155203532793881
0.5235391729422347 0.8155203532793881
0.5275795769826387 0.8155203532793881
0.5316199810230428 0.8155203532793881
0.5356603850634468 0.8155203532793881
0.5397007891038508 0.8155203532793881
0.5437411931442548 0.8155203532793881
0.551822001225063 0.8155203532793881
0.6043472537503154 0.8155203532793881
0.6083876577907195 0.8155203532793881
0.6124280618311235 0.8155203532793881
0.6164684658715276 0.8155203532793881
0.6205088699119317 0.8155203532793881
0.6245492739523357 0.8155203532793881
0.6285896779927398 0.8155203532793881
0.6326300820331437 0.8155203532793881
0.6366704860735478 0.8155203532793881
0.6407108901139518 0.8155203532793881
0.6447512941543558 0.8155203532793881
0.6487916981947599 0.8155203532793881
0.652832102235164 0.8155203532793881
0.656872506275568 0.8155203532793881
0.6609129103159721 0.8155203532793881
0.6649533143563761 0.8155203532793881
0.6689937183967801 0.8155203532793881
0.6730341224371841 0.8155203532793881
0.6770745264775881 0.8155203532793881
0.6811149305179922 0.8155203532793881
0.6851553345583963 0.8155203532793881
0.6891957385988003 0.8155203532793881
0.6932361426392044 0.8155203532793881
0.6972765466796085 0.8155203532793881
0.2972765466796084 0.819560757319792
0.3013169507200124 0.819560757319792
0.3053573547604165 0.819560757319792
0.30939775880082054 0.819560757319792
0.31343816284122455 0.819560757319792
0.31747856688162857 0.819560757319792
0.32151897092203263 0.819560757319792
0.3255593749624367 0.819560757319792
0.3295997790028407 0.819560757319792
0.3336401830432448 0.819560757319792
0.3376805870836488 0.819560757319792
0.34172099112405285 0.819560757319792
0.3457613951644569 0.819560757319792
0.34980179920486093 0.819560757319792
0.35384220324526494 0.819560757319792
0.357882607285669 0.819560757319792
0.3619230113260731 0.819560757319792
0.3659634153664771 0.819560757319792
0.3700038194068811 0.819560757319792
0.37404422344728516 0.819560757319792
0.37808462748768923 0.819560757319792
0.38212503152809324 0.819560757319792
0.3861654355684973 0.819560757319792
0.3902058396089013 0.819560757319792
0.3942462436493054 0.819560757319792
0.3982866476897094 0.819560757319792
0.40232705173011346 0.819560757319792
0.40636745577051747 0.819560757319792
0.41040785981092154 0.819560757319792
0.4144482638513256 0.819560757319792
0.4184886678917296 0.819560757319792
0.4225290719321336 0.819560757319792
0.4265694759725377 0.819560757319792
0.43060988001294176 0.819560757319792
0.43465028405334577 0.819560757319792
0.4386906880937498 0.819560757319792
0.44273109213415385 0.819560757319792
0.4467714961745579 0.819560757319792
0.4508119002149619 0.819560757319792
0.45485230425536594 0.819560757319792
0.45889270829577 0.819560757319792
0.46293311233617407 0.819560757319792
0.46697351637657813 0.819560757319792
0.47101392041698215 0.819560757319792
0.47505432445738616 0.819560757319792
0.4790947284977902 0.819560757319792
0.4831351325381943 0.819560757319792
0.4871755365785983 0.819560757319792
0.4912159406190023 0.819560757319792
0.4952563446594064 0.819560757319792
0.49929674869981044 0.819560757319792
0.5033371527402144 0.819560757319792
0.5073775567806185 0.819560757319792
0.5114179608210225 0.819560757319792
0.5154583648614266 0.819560757319792
0.5194987689018307 0.819560757319792
0.5235391729422347 0.819560757319792
0.5275795769826387 0.819560757319792
0.5316199810230428 0.819560757319792
0.5356603850634468 0.819560757319792
0.5397007891038508 0.819560757319792
0.6003068497099114 0.819560757319792
0.6043472537503154 0.819560757319792
0.6083876577907195 0.819560757319792
0.6124280618311235 0.819560757319792
0.6164684658715276 0.819560757319792
0.6205088699119317 0.819560757319792
0.6245492739523357 0.819560757319792
0.6285896779927398 0.819560757319792
0.6326300820331437 0.819560757319792
0.6366704860735478 0.819560757319792
0.6407108901139518 0.819560757319792
0.6447512941543558 0.819560757319792
0.6487916981947599 0.819560757319792
0.652832102235164 0.819560757319792
0.656872506275568 0.819560757319792
0.6609129103159721 0.819560757319792
0.6649533143563761 0.819560757319792
0.6689937183967801 0.819560757319792
0.6730341224371841 0.819560757319792
0.6770745264775881 0.819560757319792
0.6811149305179922 0.819560757319792
0.6851553345583963 0.819560757319792
0.6891957385988003 0.819560757319792
0.6932361426392044 0.819560757319792
0.6972765466796085 0.819560757319792
0.2972765466796084 0.8236011613601961
0.3013169507200124 0.8236011613601961
0.3053573547604165 0.8236011613601961
0.30939775880082054 0.8236011613601961
0.31343816284122455 0.8236011613601961
0.31747856688162857 0.8236011613601961
0.32151897092203263 0.8236011613601961
0.3255593749624367 0.8236011613601961
0.3295997790028407 0.8236011613601961
0.3336401830432448 0.8236011613601961
0.3376805870836488 0.8236011613601961
0.34172099112405285 0.8236011613601961
0.3457613951644569 0.8236011613601961
0.34980179920486093 0.8236011613601961
0.35384220324526494 0.8236011613601961
0.357882607285669 0.8236011613601961
0.3619230113260731 0.8236011613601961
0.3659634153664771 0.8236011613601961
0.3700038194068811 0.8236011613601961
0.37404422344728516 0.8236011613601961
0.37808462748768923 0.8236011613601961
0.38212503152809324 0.8236011613601961
0.3861654355684973 0.8236011613601961
0.3902058396089013 0.8236011613601961
0.3942462436493054 0.8236011613601961
0.3982866476897094 0.8236011613601961
0.40232705173011346 0.8236011613601961
0.40636745577051747 0.8236011613601961
0.41040785981092154 0.8236011613601961
0.4144482638513256 0.8236011613601961
0.4184886678917296 0.8236011613601961
0.4225290719321336 0.8236011613601961
0.4265694759725377 0.8236011613601961
0.43060988001294176 0.8236011613601961
0.43465028405334577 0.8236011613601961
0.4386906880937498 0.8236011613601961
0.44273109213415385 0.8236011613601961
0.4467714961745579 0.8236011613601961
0.4508119002149619 0.8236011613601961
0.45485230425536594 0.8236011613601961
0.45889270829577 0.8236011613601961
0.46293311233617407 0.8236011613601961
0.46697351637657813 0.8236011613601961
0.47101392041698215 0.8236011613601961
0.47505432445738616 0.8236011613601961
0.4790947284977902 0.8236011613601961
0.4831351325381943 0.8236011613601961
0.4871755365785983 0.8236011613601961
0.4912159406190023 0.8236011613601961
0.4952563446594064 0.8236011613601961
0.49929674869981044 0.8236011613601961
0.5033371527402144 0.8236011613601961
0.5073775567806185 0.8236011613601961
0.5114179608210225 0.8236011613601961
0.5154583648614266 0.8236011613601961
0.5194987689018307 0.8236011613601961
0.5235391729422347 0.8236011613601961
0.5275795769826387 0.8236011613601961
0.5316199810230428 0.8236011613601961
0.5356603850634468 0.8236011613601961
0.5962664456695074 0.8236011613601961
0.6003068497099114 0.8236011613601961
0.6043472537503154 0.8236011613601961
0.6083876577907195 0.8236011613601961
0.6124280618311235 0.8236011613601961
0.6164684658715276 0.8236011613601961
0.6205088699119317 0.8236011613601961
0.6245492739523357 0.8236011613601961
0.6285896779927398 0.8236011613601961
0.6326300820331437 0.8236011613601961
0.6366704860735478 0.8236011613601961
0.6407108901139518 0.8236011613601961
0.6447512941543558 0.8236011613601961
0.6487916981947599 0.8236011613601961
0.652832102235164 0.8236011613601961
0.656872506275568 0.8236011613601961
0.6609129103159721 0.8236011613601961
0.6649533143563761 0.8236011613601961
0.6689937183967801 0.8236011613601961
0.6730341224371841 0.8236011613601961
0.6770745264775881 0.8236011613601961
0.6811149305179922 0.8236011613601961
0.6851553345583963 0.8236011613601961
0.6891957385988003 0.8236011613601961
0.6932361426392044 0.8236011613601961
0.6972765466796085 0.8236011613601961
0.2972765466796084 0.8276415654006002
0.3013169507200124 0.8276415654006002
0.3053573547604165 0.8276415654006002
0.30939775880082054 0.8276415654006002
0.31343816284122455 0.8276415654006002
0.31747856688162857 0.8276415654006002
0.32151897092203263 0.8276415654006002
0.3255593749624367 0.8276415654006002
0.3295997790028407 0.8276415654006002
0.3336401830432448 0.8276415654006002
0.3376805870836488 0.8276415654006002
0.34172099112405285 0.8276415654006002
0.3457613951644569 0.8276415654006002
0.34980179920486093 0.8276415654006002
0.35384220324526494 0.8276415654006002
0.357882607285669 0.8276415654006002
0.3619230113260731 0.8276415654006002
0.3659634153664771 0.8276415654006002
0.3700038194068811 0.8276415654006002
0.37404422344728516 0.8276415654006002
0.37808462748768923 0.8276415654006002
0.38212503152809324 0.8276415654006002
0.3861654355684973 0.8276415654006002
0.3902058396089013 0.8276415654006002
0.3942462436493054 0.8276415654006002
0.3982866476897094 0.8276415654006002
0.40232705173011346 0.8276415654006002
0.40636745577051747 0.8276415654006002
0.41040785981092154 0.8276415654006002
0.4144482638513256 0.8276415654006002
0.4184886678917296 0.8276415654006002
0.4225290719321336 0.8276415654006002
0.4265694759725377 0.8276415654006002
0.43060988001294176 0.8276415654006002
0.43465028405334577 0.8276415654006002
0.4386906880937498 0.8276415654006002
0.44273109213415385 0.8276415654006002
0.4467714961745579 0.8276415654006002
0.4508119002149619 0.8276415654006002
0.45485230425536594 0.8276415654006002
0.45889270829577 0.8276415654006002
0.46293311233617407 0.8276415654006002
0.46697351637657813 0.8276415654006002
0.47101392041698215 0.8276415654006002
0.47505432445738616 0.8276415654006002
0.4790947284977902 0.8276415654006002
0.4831351325381943 0.8276415654006002
0.4871755365785983 0.8276415654006002
0.4912159406190023 0.8276415654006002
0.4952563446594064 0.8276415654006002
0.49929674869981044 0.8276415654006002
0.5033371527402144 0.8276415654006002
0.5073775567806185 0.8276415654006002
0.5114179608210225 0.8276415654006002
0.5154583648614266 0.8276415654006002
0.5194987689018307 0.8276415654006002
0.5235391729422347 0.8276415654006002
0.5275795769826387 0.8276415654006002
0.5881856375886994 0.8276415654006002
0.5922260416291034 0.8276415654006002
0.5962664456695074 0.8276415654006002
0.6003068497099114 0.8276415654006002
0.6043472537503154 0.8276415654006002
0.6083876577907195 0.8276415654006002
0.6124280618311235 0.8276415654006002
0.6164684658715276 0.8276415654006002
0.6205088699119317 0.8276415654006002
0.6245492739523357 0.8276415654006002
0.6285896779927398 0.8276415654006002
0.6326300820331437 0.8276415654006002
0.6366704860735478 0.8276415654006002
0.6407108901139518 0.8276415654006002
0.6447512941543558 0.8276415654006002
0.6487916981947599 0.8276415654006002
0.652832102235164 0.8276415654006002
0.656872506275568 0.8276415654006002
0.6609129103159721 0.8276415654006002
0.6649533143563761 0.8276415654006002
0.6689937183967801 0.8276415654006002
0.6730341224371841 0.8276415654006002
0.6770745264775881 0.8276415654006002
0.6811149305179922 0.8276415654006002
0.6851553345583963 0.8276415654006002
0.6891957385988003 0.8276415654006002
0.6932361426392044 0.8276415654006002
0.6972765466796085 0.8276415654006002
0.2972765466796084 0.8316819694410043
0.3013169507200124 0.8316819694410043
0.3053573547604165 0.8316819694410043
0.30939775880082054 0.8316819694410043
0.31343816284122455 0.8316819694410043
0.31747856688162857 0.8316819694410043
0.32151897092203263 0.8316819694410043
0.3255593749624367 0.8316819694410043
0.3295997790028407 0.8316819694410043
0.3336401830432448 0.8316819694410043
0.3376805870836488 0.8316819694410043
0.34172099112405285 0.8316819694410043
0.3457613951644569 0.8316819694410043
0.34980179920486093 0.8316819694410043
0.35384220324526494 0.8316819694410043
0.357882607285669 0.8316819694410043
0.3619230113260731 0.8316819694410043
0.3659634153664771 0.8316819694410043
0.3700038194068811 0.8316819694410043
0.37404422344728516 0.8316819694410043
0.37808462748768923 0.8316819694410043
0.38212503152809324 0.8316819694410043
0.3861654355684973 0.8316819694410043
0.3902058396089013 0.8316819694410043
0.3942462436493054 0.8316819694410043
0.3982866476897094 0.8316819694410043
0.40232705173011346 0.8316819694410043
0.40636745577051747 0.8316819694410043
0.41040785981092154 0.8316819694410043
0.4144482638513256 0.8316819694410043
0.4184886678917296 0.8316819694410043
0.4225290719321336 0.8316819694410043
0.4265694759725377 0.8316819694410043
0.43060988001294176 0.8316819694410043
0.43465028405334577 0.8316819694410043
0.4386906880937498 0.8316819694410043
0.44273109213415385 0.8316819694410043
0.4467714961745579 0.8316819694410043
0.4508119002149619 0.8316819694410043
0.45485230425536594 0.8316819694410043
0.45889270829577 0.8316819694410043
0.46293311233617407 0.8316819694410043
0.46697351637657813 0.8316819694410043
0.47101392041698215 0.8316819694410043
0.47505432445738616 0.8316819694410043
0.4790947284977902 0.8316819694410043
0.4831351325381943 0.8316819694410043
0.4871755365785983 0.8316819694410043
0.4912159406190023 0.8316819694410043
0.4952563446594064 0.8316819694410043
0.49929674869981044 0.8316819694410043
0.5033371527402144 0.8316819694410043
0.5073775567806185 0.8316819694410043
0.5114179608210225 0.8316819694410043
0.5154583648614266 0.8316819694410043
0.5194987689018307 0.8316819694410043
0.5235391729422347 0.8316819694410043
0.5841452335482953 0.8316819694410043
0.5881856375886994 0.8316819694410043
0.5922260416291034 0.8316819694410043
0.5962664456695074 0.8316819694410043
0.6003068497099114 0.8316819694410043
0.6043472537503154 0.8316819694410043
0.6083876577907195 0.8316819694410043
0.6124280618311235 0.8316819694410043
0.6164684658715276 0.8316819694410043
0.6205088699119317 0.8316819694410043
0.6245492739523357 0.8316819694410043
0.6285896779927398 0.8316819694410043
0.6326300820331437 0.8316819694410043
0.6366704860735478 0.8316819694410043
0.6407108901139518 0.8316819694410043
0.6447512941543558 0.8316819694410043
0.6487916981947599 0.8316819694410043
0.652832102235164 0.8316819694410043
0.656872506275568 0.8316819694410043
0.6609129103159721 0.8316819694410043
0.6649533143563761 0.8316819694410043
0.6689937183967801 0.8316819694410043
0.6730341224371841 0.8316819694410043
0.6770745264775881 0.8316819694410043
0.6811149305179922 0.8316819694410043
0.6851553345583963 0.8316819694410043
0.6891957385988003 0.8316819694410043
0.6932361426392044 0.8316819694410043
0.6972765466796085 0.8316819694410043
0.2972765466796084 0.8357223734814083
0.3013169507200124 0.8357223734814083
0.3053573547604165 0.8357223734814083
0.30939775880082054 0.8357223734814083
0.31343816284122455 0.8357223734814083
0.31747856688162857 0.8357223734814083
0.32151897092203263 0.8357223734814083
0.3255593749624367 0.8357223734814083
0.3295997790028407 0.8357223734814083
0.3336401830432448 0.8357223734814083
0.3376805870836488 0.8357223734814083
0.34172099112405285 0.8357223734814083
0.3457613951644569 0.8357223734814083
0.34980179920486093 0.8357223734814083
0.35384220324526494 0.8357223734814083
0.357882607285669 0.8357223734814083
0.3619230113260731 0.8357223734814083
0.3659634153664771 0.8357223734814083
0.3700038194068811 0.8357223734814083
0.37404422344728516 0.8357223734814083
0.37808462748768923 0.8357223734814083
0.38212503152809324 0.8357223734814083
0.3861654355684973 0.8357223734814083
0.3902058396089013 0.8357223734814083
0.3942462436493054 0.8357223734814083
0.3982866476897094 0.8357223734814083
0.40232705173011346 0.8357223734814083
0.40636745577051747 0.8357223734814083
0.41040785981092154 0.8357223734814083
0.4144482638513256 0.8357223734814083
0.4184886678917296 0.8357223734814083
0.4225290719321336 0.8357223734814083
0.4265694759725377 0.8357223734814083
0.43060988001294176 0.8357223734814083
0.43465028405334577 0.8357223734814083
0.4386906880937498 0.8357223734814083
0.44273109213415385 0.8357223734814083
0.4467714961745579 0.8357223734814083
0.4508119002149619 0.8357223734814083
0.45485230425536594 0.8357223734814083
0.45889270829577 0.8357223734814083
0.46293311233617407 0.8357223734814083
0.46697351637657813 0.8357223734814083
0.47101392041698215 0.8357223734814083
0.47505432445738616 0.8357223734814083
0.4790947284977902 0.8357223734814083
0.4831351325381943 0.8357223734814083
0.4871755365785983 0.8357223734814083
0.4912159406190023 0.8357223734814083
0.4952563446594064 0.8357223734814083
0.49929674869981044 0.8357223734814083
0.5033371527402144 0.8357223734814083
0.5073775567806185 0.8357223734814083
0.5114179608210225 0.8357223734814083
0.5154583648614266 0.8357223734814083
0.5801048295078912 0.8357223734814083
0.5841452335482953 0.8357223734814083
0.5881856375886994 0.8357223734814083
0.5922260416291034 0.8357223734814083
0.5962664456695074 0.8357223734814083
0.6003068497099114 0.8357223734814083
0.6043472537503154 0.8357223734814083
0.6083876577907195 0.8357223734814083
0.6124280618311235 0.8357223734814083
0.6164684658715276 0.8357223734814083
0.6205088699119317 0.8357223734814083
0.6245492739523357 0.8357223734814083
0.6285896779927398 0.8357223734814083
0.6326300820331437 0.8357223734814083
0.6366704860735478 0.8357223734814083
0.6407108901139518 0.8357223734814083
0.6447512941543558 0.8357223734814083
0.6487916981947599 0.8357223734814083
0.652832102235164 0.8357223734814083
0.656872506275568 0.8357223734814083
0.6609129103159721 0.8357223734814083
0.6649533143563761 0.8357223734814083
0.6689937183967801 0.8357223734814083
0.6730341224371841 0.8357223734814083
0.6770745264775881 0.8357223734814083
0.6811149305179922 0.8357223734814083
0.6851553345583963 0.8357223734814083
0.6891957385988003 0.8357223734814083
0.6932361426392044 0.8357223734814083
0.6972765466796085 0.8357223734814083
0.2972765466796084 0.8397627775218124
0.3013169507200124 0.8397627775218124
0.3053573547604165 0.8397627775218124
0.30939775880082054 0.8397627775218124
0.31343816284122455 0.8397627775218124
0.31747856688162857 0.8397627775218124
0.32151897092203263 0.8397627775218124
0.3255593749624367 0.8397627775218124
0.3295997790028407 0.8397627775218124
0.3336401830432448 0.8397627775218124
0.3376805870836488 0.8397627775218124
0.34172099112405285 0.8397627775218124
0.3457613951644569 0.8397627775218124
0.34980179920486093 0.8397627775218124
0.35384220324526494 0.8397627775218124
0.357882607285669 0.8397627775218124
0.3619230113260731 0.8397627775218124
0.3659634153664771 0.8397627775218124
0.3700038194068811 0.8397627775218124
0.37404422344728516 0.8397627775218124
0.37808462748768923 0.8397627775218124
0.38212503152809324 0.8397627775218124
0.3861654355684973 0.8397627775218124
0.3902058396089013 0.8397627775218124
0.3942462436493054 0.8397627775218124
0.3982866476897094 0.8397627775218124
0.40232705173011346 0.8397627775218124
0.40636745577051747 0.8397627775218124
0.41040785981092154 0.8397627775218124
0.4144482638513256 0.8397627775218124
0.4184886678917296 0.8397627775218124
0.4225290719321336 0.8397627775218124
0.4265694759725377 0.8397627775218124
0.43060988001294176 0.8397627775218124
0.43465028405334577 0.8397627775218124
0.4386906880937498 0.8397627775218124
0.44273109213415385 0.8397627775218124
0.4467714961745579 0.8397627775218124
0.4508119002149619 0.8397627775218124
0.45485230425536594 0.8397627775218124
0.45889270829577 0.8397627775218124
0.46293311233617407 0.8397627775218124
0.46697351637657813 0.8397627775218124
0.47101392041698215 0.8397627775218124
0.47505432445738616 0.8397627775218124
0.4790947284977902 0.8397627775218124
0.4831351325381943 0.8397627775218124
0.4871755365785983 0.8397627775218124
0.4912159406190023 0.8397627775218124
0.4952563446594064 0.8397627775218124
0.49929674869981044 0.8397627775218124
0.5033371527402144 0.8397627775218124
0.5073775567806185 0.8397627775218124
0.5720240214270831 0.8397627775218124
0.5760644254674872 0.8397627775218124
0.5801048295078912 0.8397627775218124
0.5841452335482953 0.8397627775218124
0.5881856375886994 0.8397627775218124
0.5922260416291034 0.8397627775218124
0.5962664456695074 0.8397627775218124
0.6003068497099114 0.8397627775218124
0.6043472537503154 0.8397627775218124
0.6083876577907195 0.8397627775218124
0.6124280618311235 0.8397627775218124
0.6164684658715276 0.8397627775218124
0.6205088699119317 0.8397627775218124
0.6245492739523357 0.8397627775218124
0.6285896779927398 0.8397627775218124
0.6326300820331437 0.8397627775218124
0.6366704860735478 0.8397627775218124
0.6407108901139518 0.8397627775218124
0.6447512941543558 0.8397627775218124
0.6487916981947599 0.8397627775218124
0.652832102235164 0.8397627775218124
0.656872506275568 0.8397627775218124
0.6609129103159721 0.8397627775218124
0.6649533143563761 0.8397627775218124
0.6689937183967801 0.8397627775218124
0.6730341224371841 0.8397627775218124
0.6770745264775881 0.8397627775218124
0.6811149305179922 0.8397627775218124
0.6851553345583963 0.8397627775218124
0.6891957385988003 0.8397627775218124
0.6932361426392044 0.8397627775218124
0.6972765466796085 0.8397627775218124
0.2972765466796084 0.8438031815622163
0.3013169507200124 0.8438031815622163
0.3053573547604165 0.8438031815622163
0.30939775880082054 0.8438031815622163
0.31343816284122455 0.8438031815622163
0.31747856688162857 0.8438031815622163
0.32151897092203263 0.8438031815622163
0.3255593749624367 0.8438031815622163
0.3295997790028407 0.8438031815622163
0.3336401830432448 0.8438031815622163
0.3376805870836488 0.8438031815622163
0.34172099112405285 0.8438031815622163
0.3457613951644569 0.8438031815622163
0.34980179920486093 0.8438031815622163
0.35384220324526494 0.8438031815622163
0.357882607285669 0.8438031815622163
0.3619230113260731 0.8438031815622163
0.3659634153664771 0.8438031815622163
0.3700038194068811 0.8438031815622163
0.37404422344728516 0.8438031815622163
0.37808462748768923 0.8438031815622163
0.38212503152809324 0.8438031815622163
0.3861654355684973 0.8438031815622163
0.3902058396089013 0.8438031815622163
0.3942462436493054 0.8438031815622163
0.3982866476897094 0.8438031815622163
0.40232705173011346 0.8438031815622163
0.40636745577051747 0.8438031815622163
0.41040785981092154 0.8438031815622163
0.4144482638513256 0.8438031815622163
0.4184886678917296 0.8438031815622163
0.4225290719321336 0.8438031815622163
0.4265694759725377 0.8438031815622163
0.43060988001294176 0.8438031815622163
0.43465028405334577 0.8438031815622163
0.4386906880937498 0.8438031815622163
0.44273109213415385 0.8438031815622163
0.4467714961745579 0.8438031815622163
0.4508119002149619 0.8438031815622163
0.45485230425536594 0.8438031815622163
0.45889270829577 0.8438031815622163
0.46293311233617407 0.8438031815622163
0.46697351637657813 0.8438031815622163
0.47101392041698215 0.8438031815622163
0.47505432445738616 0.8438031815622163
0.4790947284977902 0.8438031815622163
0.4831351325381943 0.8438031815622163
0.4871755365785983 0.8438031815622163
0.4912159406190023 0.8438031815622163
0.49929674869981044 0.8438031815622163
0.5033371527402144 0.8438031815622163
0.5639432133462751 0.8438031815622163
0.5679836173866791 0.8438031815622163
0.5720240214270831 0.8438031815622163
0.5760644254674872 0.8438031815622163
0.5801048295078912 0.8438031815622163
0.5841452335482953 0.8438031815622163
0.5881856375886994 0.8438031815622163
0.5922260416291034 0.8438031815622163
0.5962664456695074 0.8438031815622163
0.6003068497099114 0.8438031815622163
0.6043472537503154 0.8438031815622163
0.6083876577907195 0.8438031815622163
0.6124280618311235 0.8438031815622163
0.6164684658715276 0.8438031815622163
0.6205088699119317 0.8438031815622163
0.6245492739523357 0.8438031815622163
0.6285896779927398 0.8438031815622163
0.6326300820331437 0.8438031815622163
0.6366704860735478 0.8438031815622163
0.6407108901139518 0.8438031815622163
0.6447512941543558 0.8438031815622163
0.6487916981947599 0.8438031815622163
0.652832102235164 0.8438031815622163
0.656872506275568 0.8438031815622163
0.6609129103159721 0.8438031815622163
0.6649533143563761 0.8438031815622163
0.6689937183967801 0.8438031815622163
0.6730341224371841 0.8438031815622163
0.6770745264775881 0.8438031815622163
0.6811149305179922 0.8438031815622163
0.6851553345583963 0.8438031815622163
0.6891957385988003 0.8438031815622163
0.6932361426392044 0.8438031815622163
0.6972765466796085 0.8438031815622163
0.2972765466796084 0.8478435856026204
0.3013169507200124 0.8478435856026204
0.3053573547604165 0.8478435856026204
0.30939775880082054 0.8478435856026204
0.31343816284122455 0.8478435856026204
0.31747856688162857 0.8478435856026204
0.32151897092203263 0.8478435856026204
0.3255593749624367 0.8478435856026204
0.3295997790028407 0.8478435856026204
0.3336401830432448 0.8478435856026204
0.3376805870836488 0.8478435856026204
0.34172099112405285 0.8478435856026204
0.3457613951644569 0.8478435856026204
0.34980179920486093 0.8478435856026204
0.35384220324526494 0.8478435856026204
0.357882607285669 0.8478435856026204
0.3619230113260731 0.8478435856026204
0.3659634153664771 0.8478435856026204
0.3700038194068811 0.8478435856026204
0.37404422344728516 0.8478435856026204
0.37808462748768923 0.8478435856026204
0.38212503152809324 0.8478435856026204
0.3861654355684973 0.8478435856026204
0.3902058396089013 0.8478435856026204
0.3942462436493054 0.8478435856026204
0.3982866476897094 0.8478435856026204
0.40232705173011346 0.8478435856026204
0.40636745577051747 0.8478435856026204
0.41040785981092154 0.8478435856026204
0.4144482638513256 0.8478435856026204
0.4184886678917296 0.8478435856026204
0.4225290719321336 0.8478435856026204
0.4265694759725377 0.8478435856026204
0.43060988001294176 0.8478435856026204
0.43465028405334577 0.8478435856026204
0.4386906880937498 0.8478435856026204
0.44273109213415385 0.8478435856026204
0.4467714961745579 0.8478435856026204
0.4508119002149619 0.8478435856026204
0.45485230425536594 0.8478435856026204
0.45889270829577 0.8478435856026204
0.46293311233617407 0.8478435856026204
0.46697351637657813 0.8478435856026204
0.47101392041698215 0.8478435856026204
0.47505432445738616 0.8478435856026204
0.4790947284977902 0.8478435856026204
0.4831351325381943 0.8478435856026204
0.4871755365785983 0.8478435856026204
0.4912159406190023 0.8478435856026204
0.4952563446594064 0.8478435856026204
0.5599028093058711 0.8478435856026204
0.5639432133462751 0.8478435856026204
0.5679836173866791 0.8478435856026204
0.5720240214270831 0.8478435856026204
0.5760644254674872 0.8478435856026204
0.5801048295078912 0.8478435856026204
0.5841452335482953 0.8478435856026204
0.5881856375886994 0.8478435856026204
0.5922260416291034 0.8478435856026204
0.5962664456695074 0.8478435856026204
0.6003068497099114 0.8478435856026204
0.6043472537503154 0.8478435856026204
0.6083876577907195 0.8478435856026204
0.6124280618311235 0.8478435856026204
0.6164684658715276 0.8478435856026204
0.6205088699119317 0.8478435856026204
0.6245492739523357 0.8478435856026204
0.6285896779927398 0.8478435856026204
0.6326300820331437 0.8478435856026204
0.6366704860735478 0.8478435856026204
0.6407108901139518 0.8478435856026204
0.6447512941543558 0.8478435856026204
0.6487916981947599 0.8478435856026204
0.652832102235164 0.8478435856026204
0.656872506275568 0.8478435856026204
0.6609129103159721 0.8478435856026204
0.6649533143563761 0.8478435856026204
0.6689937183967801 0.8478435856026204
0.6730341224371841 0.8478435856026204
0.6770745264775881 0.8478435856026204
0.6811149305179922 0.8478435856026204
0.6851553345583963 0.8478435856026204
0.6891957385988003 0.8478435856026204
0.6932361426392044 0.8478435856026204
0.6972765466796085 0.8478435856026204
0.2972765466796084 0.8518839896430245
0.3013169507200124 0.8518839896430245
0.3053573547604165 0.8518839896430245
0.30939775880082054 0.8518839896430245
0.31343816284122455 0.8518839896430245
0.31747856688162857 0.8518839896430245
0.32151897092203263 0.8518839896430245
0.3255593749624367 0.8518839896430245
0.3295997790028407 0.8518839896430245
0.3336401830432448 0.8518839896430245
0.3376805870836488 0.8518839896430245
0.34172099112405285 0.8518839896430245
0.3457613951644569 0.8518839896430245
0.34980179920486093 0.8518839896430245
0.35384220324526494 0.8518839896430245
0.357882607285669 0.8518839896430245
0.3619230113260731 0.8518839896430245
0.3659634153664771 0.8518839896430245
0.3700038194068811 0.8518839896430245
0.37404422344728516 0.8518839896430245
0.37808462748768923 0.8518839896430245
0.38212503152809324 0.8518839896430245
0.3861654355684973 0.8518839896430245
0.3902058396089013 0.8518839896430245
0.3942462436493054 0.8518839896430245
0.3982866476897094 0.8518839896430245
0.40232705173011346 0.8518839896430245
0.40636745577051747 0.8518839896430245
0.41040785981092154 0.8518839896430245
0.4144482638513256 0.8518839896430245
0.4184886678917296 0.8518839896430245
0.4225290719321336 0.8518839896430245
0.4265694759725377 0.8518839896430245
0.43060988001294176 0.8518839896430245
0.43465028405334577 0.8518839896430245
0.4386906880937498 0.8518839896430245
0.44273109213415385 0.8518839896430245
0.4467714961745579 0.8518839896430245
0.4508119002149619 0.8518839896430245
0.45485230425536594 0.8518839896430245
0.45889270829577 0.8518839896430245
0.46293311233617407 0.8518839896430245
0.46697351637657813 0.8518839896430245
0.47101392041698215 0.8518839896430245
0.47505432445738616 0.8518839896430245
0.4790947284977902 0.8518839896430245
0.555862405265467 0.8518839896430245
0.5599028093058711 0.8518839896430245
0.5639432133462751 0.8518839896430245
0.5679836173866791 0.8518839896430245
0.5720240214270831 0.8518839896430245
0.5760644254674872 0.8518839896430245
0.5801048295078912 0.8518839896430245
0.5841452335482953 0.8518839896430245
0.5881856375886994 0.8518839896430245
0.5922260416291034 0.8518839896430245
0.5962664456695074 0.8518839896430245
0.6003068497099114 0.8518839896430245
0.6043472537503154 0.8518839896430245
0.6083876577907195 0.8518839896430245
0.6124280618311235 0.8518839896430245
0.6164684658715276 0.8518839896430245
0.6205088699119317 0.8518839896430245
0.6245492739523357 0.8518839896430245
0.6285896779927398 0.8518839896430245
0.6326300820331437 0.8518839896430245
0.6366704860735478 0.8518839896430245
0.6407108901139518 0.8518839896430245
0.6447512941543558 0.8518839896430245
0.6487916981947599 0.8518839896430245
0.652832102235164 0.8518839896430245
0.656872506275568 0.8518839896430245
0.6609129103159721 0.8518839896430245
0.6649533143563761 0.8518839896430245
0.6689937183967801 0.8518839896430245
0.6730341224371841 0.8518839896430245
0.6770745264775881 0.8518839896430245
0.6811149305179922 0.8518839896430245
0.6851553345583963 0.8518839896430245
0.6891957385988003 0.8518839896430245
0.6932361426392044 0.8518839896430245
0.6972765466796085 0.8518839896430245
0.2972765466796084 0.8559243936834284
0.3013169507200124 0.8559243936834284
0.3053573547604165 0.8559243936834284
0.30939775880082054 0.8559243936834284
0.31343816284122455 0.8559243936834284
0.31747856688162857 0.8559243936834284
0.32151897092203263 0.8559243936834284
0.3255593749624367 0.8559243936834284
0.3295997790028407 0.8559243936834284
0.3336401830432448 0.8559243936834284
0.3376805870836488 0.8559243936834284
0.34172099112405285 0.8559243936834284
0.3457613951644569 0.8559243936834284
0.34980179920486093 0.8559243936834284
0.35384220324526494 0.8559243936834284
0.357882607285669 0.8559243936834284
0.3619230113260731 0.8559243936834284
0.3659634153664771 0.8559243936834284
0.3700038194068811 0.8559243936834284
0.37404422344728516 0.8559243936834284
0.37808462748768923 0.8559243936834284
0.38212503152809324 0.8559243936834284
0.3861654355684973 0.8559243936834284
0.3902058396089013 0.8559243936834284
0.3942462436493054 0.8559243936834284
0.3982866476897094 0.8559243936834284
0.40232705173011346 0.8559243936834284
0.40636745577051747 0.8559243936834284
0.41040785981092154 0.8559243936834284
0.4144482638513256 0.8559243936834284
0.4184886678917296 0.8559243936834284
0.4225290719321336 0.8559243936834284
0.4265694759725377 0.8559243936834284
0.43060988001294176 0.8559243936834284
0.43465028405334577 0.8559243936834284
0.4386906880937498 0.8559243936834284
0.44273109213415385 0.8559243936834284
0.4467714961745579 0.8559243936834284
0.4508119002149619 0.8559243936834284
0.45485230425536594 0.8559243936834284
0.45889270829577 0.8559243936834284
0.46293311233617407 0.8559243936834284
0.46697351637657813 0.8559243936834284
0.47101392041698215 0.8559243936834284
0.47505432445738616 0.8559243936834284
0.4790947284977902 0.8559243936834284
0.4831351325381943 0.8559243936834284
0.5477815971846589 0.8559243936834284
0.551822001225063 0.8559243936834284
0.555862405265467 0.8559243936834284
0.5599028093058711 0.8559243936834284
0.5639432133462751 0.8559243936834284
0.5679836173866791 0.8559243936834284
0.5720240214270831 0.8559243936834284
0.5760644254674872 0.8559243936834284
0.5801048295078912 0.8559243936834284
0.5841452335482953 0.8559243936834284
0.5881856375886994 0.8559243936834284
0.5922260416291034 0.8559243936834284
0.5962664456695074 0.8559243936834284
0.6003068497099114 0.8559243936834284
0.6043472537503154 0.8559243936834284
0.6083876577907195 0.8559243936834284
0.6124280618311235 0.8559243936834284
0.6164684658715276 0.8559243936834284
0.6205088699119317 0.8559243936834284
0.6245492739523357 0.8559243936834284
0.6285896779927398 0.8559243936834284
0.6326300820331437 0.8559243936834284
0.6366704860735478 0.8559243936834284
0.6407108901139518 0.8559243936834284
0.6447512941543558 0.8559243936834284
0.6487916981947599 0.8559243936834284
0.652832102235164 0.8559243936834284
0.656872506275568 0.8559243936834284
0.6609129103159721 0.8559243936834284
0.6649533143563761 0.8559243936834284
0.6689937183967801 0.8559243936834284
0.6730341224371841 0.8559243936834284
0.6770745264775881 0.8559243936834284
0.6811149305179922 0.8559243936834284
0.6851553345583963 0.8559243936834284
0.6891957385988003 0.8559243936834284
0.6932361426392044 0.8559243936834284
0.6972765466796085 0.8559243936834284
0.2972765466796084 0.8599647977238325
0.3013169507200124 0.8599647977238325
0.3053573547604165 0.8599647977238325
0.30939775880082054 0.8599647977238325
0.31343816284122455 0.8599647977238325
0.31747856688162857 0.8599647977238325
0.32151897092203263 0.8599647977238325
0.3255593749624367 0.8599647977238325
0.3295997790028407 0.8599647977238325
0.3336401830432448 0.8599647977238325
0.3376805870836488 0.8599647977238325
0.34172099112405285 0.8599647977238325
0.3457613951644569 0.8599647977238325
0.34980179920486093 0.8599647977238325
0.35384220324526494 0.8599647977238325
0.357882607285669 0.8599647977238325
0.3619230113260731 0.8599647977238325
0.3659634153664771 0.8599647977238325
0.3700038194068811 0.8599647977238325
0.37404422344728516 0.8599647977238325
0.37808462748768923 0.8599647977238325
0.38212503152809324 0.8599647977238325
0.3861654355684973 0.8599647977238325
0.3902058396089013 0.8599647977238325
0.3942462436493054 0.8599647977238325
0.3982866476897094 0.8599647977238325
0.40232705173011346 0.8599647977238325
0.40636745577051747 0.8599647977238325
0.41040785981092154 0.8599647977238325
0.4144482638513256 0.8599647977238325
0.4184886678917296 0.8599647977238325
0.4225290719321336 0.8599647977238325
0.4265694759725377 0.8599647977238325
0.43060988001294176 0.8599647977238325
0.43465028405334577 0.8599647977238325
0.4386906880937498 0.8599647977238325
0.44273109213415385 0.8599647977238325
0.4467714961745579 0.8599647977238325
0.4508119002149619 0.8599647977238325
0.45485230425536594 0.8599647977238325
0.45889270829577 0.8599647977238325
0.46293311233617407 0.8599647977238325
0.46697351637657813 0.8599647977238325
0.47505432445738616 0.8599647977238325
0.5397007891038508 0.8599647977238325
0.5437411931442548 0.8599647977238325
0.5477815971846589 0.8599647977238325
0.551822001225063 0.8599647977238325
0.555862405265467 0.8599647977238325
0.5599028093058711 0.8599647977238325
0.5639432133462751 0.8599647977238325
0.5679836173866791 0.8599647977238325
0.5720240214270831 0.8599647977238325
0.5760644254674872 0.8599647977238325
0.5801048295078912 0.8599647977238325
0.5841452335482953 0.8599647977238325
0.5881856375886994 0.8599647977238325
0.5922260416291034 0.8599647977238325
0.5962664456695074 0.8599647977238325
0.6003068497099114 0.8599647977238325
0.6043472537503154 0.8599647977238325
0.6083876577907195 0.8599647977238325
0.6124280618311235 0.8599647977238325
0.6164684658715276 0.8599647977238325
0.6205088699119317 0.8599647977238325
0.6245492739523357 0.8599647977238325
0.6285896779927398 0.8599647977238325
0.6326300820331437 0.8599647977238325
0.6366704860735478 0.8599647977238325
0.6407108901139518 0.8599647977238325
0.6447512941543558 0.8599647977238325
0.6487916981947599 0.8599647977238325
0.652832102235164 0.8599647977238325
0.656872506275568 0.8599647977238325
0.6609129103159721 0.8599647977238325
0.6649533143563761 0.8599647977238325
0.6689937183967801 0.8599647977238325
0.6730341224371841 0.8599647977238325
0.6770745264775881 0.8599647977238325
0.6811149305179922 0.8599647977238325
0.6851553345583963 0.8599647977238325
0.6891957385988003 0.8599647977238325
0.6932361426392044 0.8599647977238325
0.6972765466796085 0.8599647977238325
0.2972765466796084 0.8640052017642366
0.3013169507200124 0.8640052017642366
0.3053573547604165 0.8640052017642366
0.30939775880082054 0.8640052017642366
0.31343816284122455 0.8640052017642366
0.31747856688162857 0.8640052017642366
0.32151897092203263 0.8640052017642366
0.3255593749624367 0.8640052017642366
0.3295997790028407 0.8640052017642366
0.3336401830432448 0.8640052017642366
0.3376805870836488 0.8640052017642366
0.34172099112405285 0.8640052017642366
0.3457613951644569 0.8640052017642366
0.34980179920486093 0.8640052017642366
0.35384220324526494 0.8640052017642366
0.357882607285669 0.8640052017642366
0.3619230113260731 0.8640052017642366
0.3659634153664771 0.8640052017642366
0.3700038194068811 0.8640052017642366
0.37404422344728516 0.8640052017642366
0.37808462748768923 0.8640052017642366
0.38212503152809324 0.8640052017642366
0.3861654355684973 0.8640052017642366
0.3902058396089013 0.8640052017642366
0.3942462436493054 0.8640052017642366
0.3982866476897094 0.8640052017642366
0.40232705173011346 0.8640052017642366
0.40636745577051747 0.8640052017642366
0.41040785981092154 0.8640052017642366
0.4144482638513256 0.8640052017642366
0.4184886678917296 0.8640052017642366
0.4225290719321336 0.8640052017642366
0.4265694759725377 0.8640052017642366
0.43060988001294176 0.8640052017642366
0.43465028405334577 0.8640052017642366
0.4386906880937498 0.8640052017642366
0.44273109213415385 0.8640052017642366
0.4467714961745579 0.8640052017642366
0.4508119002149619 0.8640052017642366
0.45485230425536594 0.8640052017642366
0.45889270829577 0.8640052017642366
0.46293311233617407 0.8640052017642366
0.46697351637657813 0.8640052017642366
0.5356603850634468 0.8640052017642366
0.5397007891038508 0.8640052017642366
0.5437411931442548 0.8640052017642366
0.5477815971846589 0.8640052017642366
0.551822001225063 0.8640052017642366
0.555862405265467 0.8640052017642366
0.5599028093058711 0.8640052017642366
0.5639432133462751 0.8640052017642366
0.5679836173866791 0.8640052017642366
0.5720240214270831 0.8640052017642366
0.5760644254674872 0.8640052017642366
0.5801048295078912 0.8640052017642366
0.5841452335482953 0.8640052017642366
0.5881856375886994 0.8640052017642366
0.5922260416291034 0.8640052017642366
0.5962664456695074 0.8640052017642366
0.6003068497099114 0.8640052017642366
0.6043472537503154 0.8640052017642366
0.6083876577907195 0.8640052017642366
0.6124280618311235 0.8640052017642366
0.6164684658715276 0.8640052017642366
0.6205088699119317 0.8640052017642366
0.6245492739523357 0.8640052017642366
0.6285896779927398 0.8640052017642366
0.6326300820331437 0.8640052017642366
0.6366704860735478 0.8640052017642366
0.6407108901139518 0.8640052017642366
0.6447512941543558 0.8640052017642366
0.6487916981947599 0.8640052017642366
0.652832102235164 0.8640052017642366
0.656872506275568 0.8640052017642366
0.6609129103159721 0.8640052017642366
0.6649533143563761 0.8640052017642366
0.6689937183967801 0.8640052017642366
0.6730341224371841 0.8640052017642366
0.6770745264775881 0.8640052017642366
0.6811149305179922 0.8640052017642366
0.6851553345583963 0.8640052017642366
0.6891957385988003 0.8640052017642366
0.6932361426392044 0.8640052017642366
0.6972765466796085 0.8640052017642366
0.2972765466796084 0.8680456058046406
0.3013169507200124 0.8680456058046406
0.3053573547604165 0.8680456058046406
0.30939775880082054 0.8680456058046406
0.31343816284122455 0.8680456058046406
0.31747856688162857 0.8680456058046406
0.32151897092203263 0.8680456058046406
0.3255593749624367 0.8680456058046406
0.3295997790028407 0.8680456058046406
0.3336401830432448 0.8680456058046406
0.3376805870836488 0.8680456058046406
0.34172099112405285 0.8680456058046406
0.3457613951644569 0.8680456058046406
0.34980179920486093 0.8680456058046406
0.35384220324526494 0.8680456058046406
0.357882607285669 0.8680456058046406
0.3619230113260731 0.8680456058046406
0.3659634153664771 0.8680456058046406
0.3700038194068811 0.8680456058046406
0.37404422344728516 0.8680456058046406
0.37808462748768923 0.8680456058046406
0.38212503152809324 0.8680456058046406
0.3861654355684973 0.8680456058046406
0.3902058396089013 0.8680456058046406
0.3942462436493054 0.8680456058046406
0.3982866476897094 0.8680456058046406
0.40232705173011346 0.8680456058046406
0.40636745577051747 0.8680456058046406
0.41040785981092154 0.8680456058046406
0.4144482638513256 0.8680456058046406
0.4184886678917296 0.8680456058046406
0.4225290719321336 0.8680456058046406
0.4265694759725377 0.8680456058046406
0.43060988001294176 0.8680456058046406
0.43465028405334577 0.8680456058046406
0.4386906880937498 0.8680456058046406
0.44273109213415385 0.8680456058046406
0.4467714961745579 0.8680456058046406
0.4508119002149619 0.8680456058046406
0.45485230425536594 0.8680456058046406
0.45889270829577 0.8680456058046406
0.5316199810230428 0.8680456058046406
0.5356603850634468 0.8680456058046406
0.5397007891038508 0.8680456058046406
0.5437411931442548 0.8680456058046406
0.5477815971846589 0.8680456058046406
0.551822001225063 0.8680456058046406
0.555862405265467 0.8680456058046406
0.5599028093058711 0.8680456058046406
0.5639432133462751 0.8680456058046406
0.5679836173866791 0.8680456058046406
0.5720240214270831 0.8680456058046406
0.5760644254674872 0.8680456058046406
0.5801048295078912 0.8680456058046406
0.5841452335482953 0.8680456058046406
0.5881856375886994 0.8680456058046406
0.5922260416291034 0.8680456058046406
0.5962664456695074 0.8680456058046406
0.6003068497099114 0.8680456058046406
0.6043472537503154 0.8680456058046406
0.6083876577907195 0.8680456058046406
0.6124280618311235 0.8680456058046406
0.6164684658715276 0.8680456058046406
0.6205088699119317 0.8680456058046406
0.6245492739523357 0.8680456058046406
0.6285896779927398 0.8680456058046406
0.6326300820331437 0.8680456058046406
0.6366704860735478 0.8680456058046406
0.6407108901139518 0.8680456058046406
0.6447512941543558 0.8680456058046406
0.6487916981947599 0.8680456058046406
0.652832102235164 0.8680456058046406
0.656872506275568 0.8680456058046406
0.6609129103159721 0.8680456058046406
0.6649533143563761 0.8680456058046406
0.6689937183967801 0.8680456058046406
0.6730341224371841 0.8680456058046406
0.6770745264775881 0.8680456058046406
0.6811149305179922 0.8680456058046406
0.6851553345583963 0.8680456058046406
0.6891957385988003 0.8680456058046406
0.6932361426392044 0.8680456058046406
0.6972765466796085 0.8680456058046406
0.2972765466796084 0.8720860098450447
0.3013169507200124 0.8720860098450447
0.3053573547604165 0.8720860098450447
0.30939775880082054 0.8720860098450447
0.31343816284122455 0.8720860098450447
0.31747856688162857 0.8720860098450447
0.32151897092203263 0.8720860098450447
0.3255593749624367 0.8720860098450447
0.3295997790028407 0.8720860098450447
0.3336401830432448 0.8720860098450447
0.3376805870836488 0.8720860098450447
0.34172099112405285 0.8720860098450447
0.3457613951644569 0.8720860098450447
0.34980179920486093 0.8720860098450447
0.35384220324526494 0.8720860098450447
0.357882607285669 0.8720860098450447
0.3619230113260731 0.8720860098450447
0.3659634153664771 0.8720860098450447
0.3700038194068811 0.8720860098450447
0.37404422344728516 0.8720860098450447
0.37808462748768923 0.8720860098450447
0.38212503152809324 0.8720860098450447
0.3861654355684973 0.8720860098450447
0.3902058396089013 0.8720860098450447
0.3942462436493054 0.8720860098450447
0.3982866476897094 0.8720860098450447
0.40232705173011346 0.8720860098450447
0.40636745577051747 0.8720860098450447
0.41040785981092154 0.8720860098450447
0.4144482638513256 0.8720860098450447
0.4184886678917296 0.8720860098450447
0.4225290719321336 0.8720860098450447
0.4265694759725377 0.8720860098450447
0.43060988001294176 0.8720860098450447
0.43465028405334577 0.8720860098450447
0.4386906880937498 0.8720860098450447
0.44273109213415385 0.8720860098450447
0.4467714961745579 0.8720860098450447
0.4508119002149619 0.8720860098450447
0.45485230425536594 0.8720860098450447
0.5235391729422347 0.8720860098450447
0.5275795769826387 0.8720860098450447
0.5316199810230428 0.8720860098450447
0.5356603850634468 0.8720860098450447
0.5397007891038508 0.8720860098450447
0.5437411931442548 0.8720860098450447
0.5477815971846589 0.8720860098450447
0.551822001225063 0.8720860098450447
0.555862405265467 0.8720860098450447
0.5599028093058711 0.8720860098450447
0.5639432133462751 0.8720860098450447
0.5679836173866791 0.8720860098450447
0.5720240214270831 0.8720860098450447
0.5760644254674872 0.8720860098450447
0.5801048295078912 0.8720860098450447
0.5841452335482953 0.8720860098450447
0.5881856375886994 0.8720860098450447
0.5922260416291034 0.8720860098450447
0.5962664456695074 0.8720860098450447
0.6003068497099114 0.8720860098450447
0.6043472537503154 0.8720860098450447
0.6083876577907195 0.8720860098450447
0.6124280618311235 0.8720860098450447
0.6164684658715276 0.8720860098450447
0.6205088699119317 0.8720860098450447
0.6245492739523357 0.8720860098450447
0.6285896779927398 0.8720860098450447
0.6326300820331437 0.8720860098450447
0.6366704860735478 0.8720860098450447
0.6407108901139518 0.8720860098450447
0.6447512941543558 0.8720860098450447
0.6487916981947599 0.8720860098450447
0.652832102235164 0.8720860098450447
0.656872506275568 0.8720860098450447
0.6609129103159721 0.8720860098450447
0.6649533143563761 0.8720860098450447
0.6689937183967801 0.8720860098450447
0.6730341224371841 0.8720860098450447
0.6770745264775881 0.8720860098450447
0.6811149305179922 0.8720860098450447
0.6851553345583963 0.8720860098450447
0.6891957385988003 0.8720860098450447
0.6932361426392044 0.8720860098450447
0.6972765466796085 0.8720860098450447
0.2972765466796084 0.8761264138854487
0.3013169507200124 0.8761264138854487
0.3053573547604165 0.8761264138854487
0.30939775880082054 0.8761264138854487
0.31343816284122455 0.8761264138854487
0.31747856688162857 0.8761264138854487
0.32151897092203263 0.8761264138854487
0.3255593749624367 0.8761264138854487
0.3295997790028407 0.8761264138854487
0.3336401830432448 0.8761264138854487
0.3376805870836488 0.8761264138854487
0.34172099112405285 0.8761264138854487
0.3457613951644569 0.8761264138854487
0.34980179920486093 0.8761264138854487
0.35384220324526494 0.8761264138854487
0.357882607285669 0.8761264138854487
0.3619230113260731 0.8761264138854487
0.3659634153664771 0.8761264138854487
0.3700038194068811 0.8761264138854487
0.37404422344728516 0.8761264138854487
0.37808462748768923 0.8761264138854487
0.38212503152809324 0.8761264138854487
0.3861654355684973 0.8761264138854487
0.3902058396089013 0.8761264138854487
0.3942462436493054 0.8761264138854487
0.3982866476897094 0.8761264138854487
0.40232705173011346 0.8761264138854487
0.40636745577051747 0.8761264138854487
0.41040785981092154 0.8761264138854487
0.4144482638513256 0.8761264138854487
0.4184886678917296 0.8761264138854487
0.4225290719321336 0.8761264138854487
0.4265694759725377 0.8761264138854487
0.43060988001294176 0.8761264138854487
0.43465028405334577 0.8761264138854487
0.4386906880937498 0.8761264138854487
0.44273109213415385 0.8761264138854487
0.4467714961745579 0.8761264138854487
0.5114179608210225 0.8761264138854487
0.5154583648614266 0.8761264138854487
0.5194987689018307 0.8761264138854487
0.5235391729422347 0.8761264138854487
0.5275795769826387 0.8761264138854487
0.5316199810230428 0.8761264138854487
0.5356603850634468 0.8761264138854487
0.5397007891038508 0.8761264138854487
0.5437411931442548 0.8761264138854487
0.5477815971846589 0.8761264138854487
0.551822001225063 0.8761264138854487
0.555862405265467 0.8761264138854487
0.5599028093058711 0.8761264138854487
0.5639432133462751 0.8761264138854487
0.5679836173866791 0.8761264138854487
0.5720240214270831 0.8761264138854487
0.5760644254674872 0.8761264138854487
0.5801048295078912 0.8761264138854487
0.5841452335482953 0.8761264138854487
0.5881856375886994 0.8761264138854487
0.5922260416291034 0.8761264138854487
0.5962664456695074 0.8761264138854487
0.6003068497099114 0.8761264138854487
0.6043472537503154 0.8761264138854487
0.6083876577907195 0.8761264138854487
0.6124280618311235 0.8761264138854487
0.6164684658715276 0.8761264138854487
0.6205088699119317 0.8761264138854487
0.6245492739523357 0.8761264138854487
0.6285896779927398 0.8761264138854487
0.6326300820331437 0.8761264138854487
0.6366704860735478 0.8761264138854487
0.6407108901139518 0.8761264138854487
0.6447512941543558 0.8761264138854487
0.6487916981947599 0.8761264138854487
0.652832102235164 0.8761264138854487
0.656872506275568 0.8761264138854487
0.6609129103159721 0.8761264138854487
0.6649533143563761 0.8761264138854487
0.6689937183967801 0.8761264138854487
0.6730341224371841 0.8761264138854487
0.6770745264775881 0.8761264138854487
0.6811149305179922 0.8761264138854487
0.6851553345583963 0.8761264138854487
0.6891957385988003 0.8761264138854487
0.6932361426392044 0.8761264138854487
0.6972765466796085 0.8761264138854487
0.2972765466796084 0.8801668179258527
0.3013169507200124 0.8801668179258527
0.3053573547604165 0.8801668179258527
0.30939775880082054 0.8801668179258527
0.31343816284122455 0.8801668179258527
0.31747856688162857 0.8801668179258527
0.32151897092203263 0.8801668179258527
0.3255593749624367 0.8801668179258527
0.3295997790028407 0.8801668179258527
0.3336401830432448 0.8801668179258527
0.3376805870836488 0.8801668179258527
0.34172099112405285 0.8801668179258527
0.3457613951644569 0.8801668179258527
0.34980179920486093 0.8801668179258527
0.35384220324526494 0.8801668179258527
0.357882607285669 0.8801668179258527
0.3619230113260731 0.8801668179258527
0.3659634153664771 0.8801668179258527
0.3700038194068811 0.8801668179258527
0.37404422344728516 0.8801668179258527
0.37808462748768923 0.8801668179258527
0.38212503152809324 0.8801668179258527
0.3861654355684973 0.8801668179258527
0.3902058396089013 0.8801668179258527
0.3942462436493054 0.8801668179258527
0.3982866476897094 0.8801668179258527
0.40232705173011346 0.8801668179258527
0.40636745577051747 0.8801668179258527
0.41040785981092154 0.8801668179258527
0.4144482638513256 0.8801668179258527
0.4184886678917296 0.8801668179258527
0.4225290719321336 0.8801668179258527
0.4265694759725377 0.8801668179258527
0.43060988001294176 0.8801668179258527
0.43465028405334577 0.8801668179258527
0.4386906880937498 0.8801668179258527
0.5114179608210225 0.8801668179258527
0.5154583648614266 0.8801668179258527
0.5194987689018307 0.8801668179258527
0.5235391729422347 0.8801668179258527
0.5275795769826387 0.8801668179258527
0.5316199810230428 0.8801668179258527
0.5356603850634468 0.8801668179258527
0.5397007891038508 0.8801668179258527
0.5437411931442548 0.8801668179258527
0.5477815971846589 0.8801668179258527
0.551822001225063 0.8801668179258527
0.555862405265467 0.8801668179258527
0.5599028093058711 0.8801668179258527
0.5639432133462751 0.8801668179258527
0.5679836173866791 0.8801668179258527
0.5720240214270831 0.8801668179258527
0.5760644254674872 0.8801668179258527
0.5801048295078912 0.8801668179258527
0.5841452335482953 0.8801668179258527
0.5881856375886994 0.8801668179258527
0.5922260416291034 0.8801668179258527
0.5962664456695074 0.8801668179258527
0.6003068497099114 0.8801668179258527
0.6043472537503154 0.8801668179258527
0.6083876577907195 0.8801668179258527
0.6124280618311235 0.8801668179258527
0.6164684658715276 0.8801668179258527
0.6205088699119317 0.8801668179258527
0.6245492739523357 0.8801668179258527
0.6285896779927398 0.8801668179258527
0.6326300820331437 0.8801668179258527
0.6366704860735478 0.8801668179258527
0.6407108901139518 0.8801668179258527
0.6447512941543558 0.8801668179258527
0.6487916981947599 0.8801668179258527
0.652832102235164 0.8801668179258527
0.656872506275568 0.8801668179258527
0.6609129103159721 0.8801668179258527
0.6649533143563761 0.8801668179258527
0.6689937183967801 0.8801668179258527
0.6730341224371841 0.8801668179258527
0.6770745264775881 0.8801668179258527
0.6811149305179922 0.8801668179258527
0.6851553345583963 0.8801668179258527
0.6891957385988003 0.8801668179258527
0.6932361426392044 0.8801668179258527
0.6972765466796085 0.8801668179258527
0.2972765466796084 0.8842072219662568
0.3013169507200124 0.8842072219662568
0.3053573547604165 0.8842072219662568
0.30939775880082054 0.8842072219662568
0.31343816284122455 0.8842072219662568
0.31747856688162857 0.8842072219662568
0.32151897092203263 0.8842072219662568
0.3255593749624367 0.8842072219662568
0.3295997790028407 0.8842072219662568
0.3336401830432448 0.8842072219662568
0.3376805870836488 0.8842072219662568
0.34172099112405285 0.8842072219662568
0.3457613951644569 0.8842072219662568
0.34980179920486093 0.8842072219662568
0.35384220324526494 0.8842072219662568
0.357882607285669 0.8842072219662568
0.3619230113260731 0.8842072219662568
0.3659634153664771 0.8842072219662568
0.3700038194068811 0.8842072219662568
0.37404422344728516 0.8842072219662568
0.37808462748768923 0.8842072219662568
0.38212503152809324 0.8842072219662568
0.3861654355684973 0.8842072219662568
0.3902058396089013 0.8842072219662568
0.3942462436493054 0.8842072219662568
0.3982866476897094 0.8842072219662568
0.40232705173011346 0.8842072219662568
0.40636745577051747 0.8842072219662568
0.41040785981092154 0.8842072219662568
0.4144482638513256 0.8842072219662568
0.4184886678917296 0.8842072219662568
0.4225290719321336 0.8842072219662568
0.4265694759725377 0.8842072219662568
0.49929674869981044 0.8842072219662568
0.5033371527402144 0.8842072219662568
0.5073775567806185 0.8842072219662568
0.5114179608210225 0.8842072219662568
0.5154583648614266 0.8842072219662568
0.5194987689018307 0.8842072219662568
0.5235391729422347 0.8842072219662568
0.5275795769826387 0.8842072219662568
0.5316199810230428 0.8842072219662568
0.5356603850634468 0.8842072219662568
0.5397007891038508 0.8842072219662568
0.5437411931442548 0.8842072219662568
0.5477815971846589 0.8842072219662568
0.551822001225063 0.8842072219662568
0.555862405265467 0.8842072219662568
0.5599028093058711 0.8842072219662568
0.5639432133462751 0.8842072219662568
0.5679836173866791 0.8842072219662568
0.5720240214270831 0.8842072219662568
0.5760644254674872 0.8842072219662568
0.5801048295078912 0.8842072219662568
0.5841452335482953 0.8842072219662568
0.5881856375886994 0.8842072219662568
0.5922260416291034 0.8842072219662568
0.5962664456695074 0.8842072219662568
0.6003068497099114 0.8842072219662568
0.6043472537503154 0.8842072219662568
0.6083876577907195 0.8842072219662568
0.6124280618311235 0.8842072219662568
0.6164684658715276 0.8842072219662568
0.6205088699119317 0.8842072219662568
0.6245492739523357 0.8842072219662568
0.6285896779927398 0.8842072219662568
0.6326300820331437 0.8842072219662568
0.6366704860735478 0.8842072219662568
0.6407108901139518 0.8842072219662568
0.6447512941543558 0.8842072219662568
0.6487916981947599 0.8842072219662568
0.652832102235164 0.8842072219662568
0.656872506275568 0.8842072219662568
0.6609129103159721 0.8842072219662568
0.6649533143563761 0.8842072219662568
0.6689937183967801 0.8842072219662568
0.6730341224371841 0.8842072219662568
0.6770745264775881 0.8842072219662568
0.6811149305179922 0.8842072219662568
0.6851553345583963 0.8842072219662568
0.6891957385988003 0.8842072219662568
0.6932361426392044 0.8842072219662568
0.6972765466796085 0.8842072219662568
0.2972765466796084 0.8882476260066607
0.3013169507200124 0.8882476260066607
0.3053573547604165 0.8882476260066607
0.30939775880082054 0.8882476260066607
0.31343816284122455 0.8882476260066607
0.31747856688162857 0.8882476260066607
0.32151897092203263 0.8882476260066607
0.3255593749624367 0.8882476260066607
0.3295997790028407 0.8882476260066607
0.3336401830432448 0.8882476260066607
0.3376805870836488 0.8882476260066607
0.34172099112405285 0.8882476260066607
0.3457613951644569 0.8882476260066607
0.34980179920486093 0.8882476260066607
0.35384220324526494 0.8882476260066607
0.357882607285669 0.8882476260066607
0.3619230113260731 0.8882476260066607
0.3659634153664771 0.8882476260066607
0.3700038194068811 0.8882476260066607
0.37404422344728516 0.8882476260066607
0.37808462748768923 0.8882476260066607
0.38212503152809324 0.8882476260066607
0.3861654355684973 0.8882476260066607
0.3902058396089013 0.8882476260066607
0.3942462436493054 0.8882476260066607
0.3982866476897094 0.8882476260066607
0.40232705173011346 0.8882476260066607
0.40636745577051747 0.8882476260066607
0.41040785981092154 0.8882476260066607
0.4144482638513256 0.8882476260066607
0.4184886678917296 0.8882476260066607
0.4912159406190023 0.8882476260066607
0.4952563446594064 0.8882476260066607
0.49929674869981044 0.8882476260066607
0.5033371527402144 0.8882476260066607
0.5073775567806185 0.8882476260066607
0.5114179608210225 0.8882476260066607
0.5154583648614266 0.8882476260066607
0.5194987689018307 0.8882476260066607
0.5235391729422347 0.8882476260066607
0.5275795769826387 0.8882476260066607
0.5316199810230428 0.8882476260066607
0.5356603850634468 0.8882476260066607
0.5397007891038508 0.8882476260066607
0.5437411931442548 0.8882476260066607
0.5477815971846589 0.8882476260066607
0.551822001225063 0.8882476260066607
0.555862405265467 0.8882476260066607
0.5599028093058711 0.8882476260066607
0.5639432133462751 0.8882476260066607
0.5679836173866791 0.8882476260066607
0.5720240214270831 0.8882476260066607
0.5760644254674872 0.8882476260066607
0.5801048295078912 0.8882476260066607
0.5841452335482953 0.8882476260066607
0.5881856375886994 0.8882476260066607
0.5922260416291034 0.8882476260066607
0.5962664456695074 0.8882476260066607
0.6003068497099114 0.8882476260066607
0.6043472537503154 0.8882476260066607
0.6083876577907195 0.8882476260066607
0.6124280618311235 0.8882476260066607
0.6164684658715276 0.8882476260066607
0.6205088699119317 0.8882476260066607
0.6245492739523357 0.8882476260066607
0.6285896779927398 0.8882476260066607
0.6326300820331437 0.8882476260066607
0.6366704860735478 0.8882476260066607
0.6407108901139518 0.8882476260066607
0.6447512941543558 0.8882476260066607
0.6487916981947599 0.8882476260066607
0.652832102235164 0.8882476260066607
0.656872506275568 0.8882476260066607
0.6609129103159721 0.8882476260066607
0.6649533143563761 0.8882476260066607
0.6689937183967801 0.8882476260066607
0.6730341224371841 0.8882476260066607
0.6770745264775881 0.8882476260066607
0.6811149305179922 0.8882476260066607
0.6851553345583963 0.8882476260066607
0.6891957385988003 0.8882476260066607
0.6932361426392044 0.8882476260066607
0.6972765466796085 0.8882476260066607
0.2972765466796084 0.8922880300470648
0.3013169507200124 0.8922880300470648
0.3053573547604165 0.8922880300470648
0.30939775880082054 0.8922880300470648
0.31343816284122455 0.8922880300470648
0.31747856688162857 0.8922880300470648
0.32151897092203263 0.8922880300470648
0.3255593749624367 0.8922880300470648
0.3295997790028407 0.8922880300470648
0.3336401830432448 0.8922880300470648
0.3376805870836488 0.8922880300470648
0.34172099112405285 0.8922880300470648
0.3457613951644569 0.8922880300470648
0.34980179920486093 0.8922880300470648
0.35384220324526494 0.8922880300470648
0.357882607285669 0.8922880300470648
0.3619230113260731 0.8922880300470648
0.3659634153664771 0.8922880300470648
0.3700038194068811 0.8922880300470648
0.37404422344728516 0.8922880300470648
0.37808462748768923 0.8922880300470648
0.38212503152809324 0.8922880300470648
0.3861654355684973 0.8922880300470648
0.3902058396089013 0.8922880300470648
0.3942462436493054 0.8922880300470648
0.3982866476897094 0.8922880300470648
0.40232705173011346 0.8922880300470648
0.40636745577051747 0.8922880300470648
0.41040785981092154 0.8922880300470648
0.4831351325381943 0.8922880300470648
0.4871755365785983 0.8922880300470648
0.4912159406190023 0.8922880300470648
0.4952563446594064 0.8922880300470648
0.49929674869981044 0.8922880300470648
0.5033371527402144 0.8922880300470648
0.5073775567806185 0.8922880300470648
0.5114179608210225 0.8922880300470648
0.5154583648614266 0.8922880300470648
0.5194987689018307 0.8922880300470648
0.5235391729422347 0.8922880300470648
0.5275795769826387 0.8922880300470648
0.5316199810230428 0.8922880300470648
0.5356603850634468 0.8922880300470648
0.5397007891038508 0.8922880300470648
0.5437411931442548 0.8922880300470648
0.5477815971846589 0.8922880300470648
0.551822001225063 0.8922880300470648
0.555862405265467 0.8922880300470648
0.5599028093058711 0.8922880300470648
0.5639432133462751 0.8922880300470648
0.5679836173866791 0.8922880300470648
0.5720240214270831 0.8922880300470648
0.5760644254674872 0.8922880300470648
0.5801048295078912 0.8922880300470648
0.5841452335482953 0.8922880300470648
0.5881856375886994 0.8922880300470648
0.5922260416291034 0.8922880300470648
0.5962664456695074 0.8922880300470648
0.6003068497099114 0.8922880300470648
0.6043472537503154 0.8922880300470648
0.6083876577907195 0.8922880300470648
0.6124280618311235 0.8922880300470648
0.6164684658715276 0.8922880300470648
0.6205088699119317 0.8922880300470648
0.6245492739523357 0.8922880300470648
0.6285896779927398 0.8922880300470648
0.6326300820331437 0.8922880300470648
0.6366704860735478 0.8922880300470648
0.6407108901139518 0.8922880300470648
0.6447512941543558 0.8922880300470648
0.6487916981947599 0.8922880300470648
0.652832102235164 0.8922880300470648
0.656872506275568 0.8922880300470648
0.6609129103159721 0.8922880300470648
0.6649533143563761 0.8922880300470648
0.6689937183967801 0.8922880300470648
0.6730341224371841 0.8922880300470648
0.6770745264775881 0.8922880300470648
0.6811149305179922 0.8922880300470648
0.6851553345583963 0.8922880300470648
0.6891957385988003 0.8922880300470648
0.6932361426392044 0.8922880300470648
0.6972765466796085 0.8922880300470648
0.2972765466796084 0.8963284340874689
0.3013169507200124 0.8963284340874689
0.3053573547604165 0.8963284340874689
0.30939775880082054 0.8963284340874689
0.31343816284122455 0.8963284340874689
0.31747856688162857 0.8963284340874689
0.32151897092203263 0.8963284340874689
0.3255593749624367 0.8963284340874689
0.3295997790028407 0.8963284340874689
0.3336401830432448 0.8963284340874689
0.3376805870836488 0.8963284340874689
0.34172099112405285 0.8963284340874689
0.3457613951644569 0.8963284340874689
0.34980179920486093 0.8963284340874689
0.35384220324526494 0.8963284340874689
0.357882607285669 0.8963284340874689
0.3619230113260731 0.8963284340874689
0.3659634153664771 0.8963284340874689
0.3700038194068811 0.8963284340874689
0.37404422344728516 0.8963284340874689
0.37808462748768923 0.8963284340874689
0.38212503152809324 0.8963284340874689
0.3861654355684973 0.8963284340874689
0.3902058396089013 0.8963284340874689
0.3942462436493054 0.8963284340874689
0.3982866476897094 0.8963284340874689
0.40232705173011346 0.8963284340874689
0.4790947284977902 0.8963284340874689
0.4831351325381943 0.8963284340874689
0.4871755365785983 0.8963284340874689
0.4912159406190023 0.8963284340874689
0.4952563446594064 0.8963284340874689
0.49929674869981044 0.8963284340874689
0.5033371527402144 0.8963284340874689
0.5073775567806185 0.8963284340874689
0.5114179608210225 0.8963284340874689
0.5154583648614266 0.8963284340874689
0.5194987689018307 0.8963284340874689
0.5235391729422347 0.8963284340874689
0.5275795769826387 0.8963284340874689
0.5316199810230428 0.8963284340874689
0.5356603850634468 0.8963284340874689
0.5397007891038508 0.8963284340874689
0.5437411931442548 0.8963284340874689
0.5477815971846589 0.8963284340874689
0.551822001225063 0.8963284340874689
0.555862405265467 0.8963284340874689
0.5599028093058711 0.8963284340874689
0.5639432133462751 0.8963284340874689
0.5679836173866791 0.8963284340874689
0.5720240214270831 0.8963284340874689
0.5760644254674872 0.8963284340874689
0.5801048295078912 0.8963284340874689
0.5841452335482953 0.8963284340874689
0.5881856375886994 0.8963284340874689
0.5922260416291034 0.8963284340874689
0.5962664456695074 0.8963284340874689
0.6003068497099114 0.8963284340874689
0.6043472537503154 0.8963284340874689
0.6083876577907195 0.8963284340874689
0.6124280618311235 0.8963284340874689
0.6164684658715276 0.8963284340874689
0.6205088699119317 0.8963284340874689
0.6245492739523357 0.8963284340874689
0.6285896779927398 0.8963284340874689
0.6326300820331437 0.8963284340874689
0.6366704860735478 0.8963284340874689
0.6407108901139518 0.8963284340874689
0.6447512941543558 0.8963284340874689
0.6487916981947599 0.8963284340874689
0.652832102235164 0.8963284340874689
0.656872506275568 0.8963284340874689
0.6609129103159721 0.8963284340874689
0.6649533143563761 0.8963284340874689
0.6689937183967801 0.8963284340874689
0.6730341224371841 0.8963284340874689
0.6770745264775881 0.8963284340874689
0.6811149305179922 0.8963284340874689
0.6851553345583963 0.8963284340874689
0.6891957385988003 0.8963284340874689
0.6932361426392044 0.8963284340874689
0.6972765466796085 0.8963284340874689
0.2972765466796084 0.9003688381278729
0.3013169507200124 0.9003688381278729
0.3053573547604165 0.9003688381278729
0.30939775880082054 0.9003688381278729
0.31343816284122455 0.9003688381278729
0.31747856688162857 0.9003688381278729
0.32151897092203263 0.9003688381278729
0.3255593749624367 0.9003688381278729
0.3295997790028407 0.9003688381278729
0.3336401830432448 0.9003688381278729
0.3376805870836488 0.9003688381278729
0.34172099112405285 0.9003688381278729
0.3457613951644569 0.9003688381278729
0.34980179920486093 0.9003688381278729
0.35384220324526494 0.9003688381278729
0.357882607285669 0.9003688381278729
0.3619230113260731 0.9003688381278729
0.3659634153664771 0.9003688381278729
0.3700038194068811 0.9003688381278729
0.37404422344728516 0.9003688381278729
0.37808462748768923 0.9003688381278729
0.38212503152809324 0.9003688381278729
0.3861654355684973 0.9003688381278729
0.3902058396089013 0.9003688381278729
0.46697351637657813 0.9003688381278729
0.47101392041698215 0.9003688381278729
0.47505432445738616 0.9003688381278729
0.4790947284977902 0.9003688381278729
0.4831351325381943 0.9003688381278729
0.4871755365785983 0.9003688381278729
0.4912159406190023 0.9003688381278729
0.4952563446594064 0.9003688381278729
0.49929674869981044 0.9003688381278729
0.5033371527402144 0.9003688381278729
0.5073775567806185 0.9003688381278729
0.5114179608210225 0.9003688381278729
0.5154583648614266 0.9003688381278729
0.5194987689018307 0.9003688381278729
0.5235391729422347 0.9003688381278729
0.5275795769826387 0.9003688381278729
0.5316199810230428 0.9003688381278729
0.5356603850634468 0.9003688381278729
0.5397007891038508 0.9003688381278729
0.5437411931442548 0.9003688381278729
0.5477815971846589 0.9003688381278729
0.551822001225063 0.9003688381278729
0.555862405265467 0.9003688381278729
0.5599028093058711 0.9003688381278729
0.5639432133462751 0.9003688381278729
0.5679836173866791 0.9003688381278729
0.5720240214270831 0.9003688381278729
0.5760644254674872 0.9003688381278729
0.5801048295078912 0.9003688381278729
0.5841452335482953 0.9003688381278729
0.5881856375886994 0.9003688381278729
0.5922260416291034 0.9003688381278729
0.5962664456695074 0.9003688381278729
0.6003068497099114 0.9003688381278729
0.6043472537503154 0.9003688381278729
0.6083876577907195 0.9003688381278729
0.6124280618311235 0.9003688381278729
0.6164684658715276 0.9003688381278729
0.6205088699119317 0.9003688381278729
0.6245492739523357 0.9003688381278729
0.6285896779927398 0.9003688381278729
0.6326300820331437 0.9003688381278729
0.6366704860735478 0.9003688381278729
0.6407108901139518 0.9003688381278729
0.6447512941543558 0.9003688381278729
0.6487916981947599 0.9003688381278729
0.652832102235164 0.9003688381278729
0.656872506275568 0.9003688381278729
0.6609129103159721 0.9003688381278729
0.6649533143563761 0.9003688381278729
0.6689937183967801 0.9003688381278729
0.6730341224371841 0.9003688381278729
0.6770745264775881 0.9003688381278729
0.6811149305179922 0.9003688381278729
0.6851553345583963 0.9003688381278729
0.6891957385988003 0.9003688381278729
0.6932361426392044 0.9003688381278729
0.6972765466796085 0.9003688381278729
0.2972765466796084 0.904409242168277
0.3013169507200124 0.904409242168277
0.3053573547604165 0.904409242168277
0.30939775880082054 0.904409242168277
0.31343816284122455 0.904409242168277
0.31747856688162857 0.904409242168277
0.32151897092203263 0.904409242168277
0.3255593749624367 0.904409242168277
0.3295997790028407 0.904409242168277
0.3336401830432448 0.904409242168277
0.3376805870836488 0.904409242168277
0.34172099112405285 0.904409242168277
0.3457613951644569 0.904409242168277
0.34980179920486093 0.904409242168277
0.35384220324526494 0.904409242168277
0.357882607285669 0.904409242168277
0.3619230113260731 0.904409242168277
0.3659634153664771 0.904409242168277
0.3700038194068811 0.904409242168277
0.37404422344728516 0.904409242168277
0.37808462748768923 0.904409242168277
0.38212503152809324 0.904409242168277
0.3861654355684973 0.904409242168277
0.46293311233617407 0.904409242168277
0.46697351637657813 0.904409242168277
0.47101392041698215 0.904409242168277
0.47505432445738616 0.904409242168277
0.4790947284977902 0.904409242168277
0.4831351325381943 0.904409242168277
0.4871755365785983 0.904409242168277
0.4912159406190023 0.904409242168277
0.4952563446594064 0.904409242168277
0.49929674869981044 0.904409242168277
0.5033371527402144 0.904409242168277
0.5073775567806185 0.904409242168277
0.5114179608210225 0.904409242168277
0.5154583648614266 0.904409242168277
0.5194987689018307 0.904409242168277
0.5235391729422347 0.904409242168277
0.5275795769826387 0.904409242168277
0.5316199810230428 0.904409242168277
0.5356603850634468 0.904409242168277
0.5397007891038508 0.904409242168277
0.5437411931442548 0.904409242168277
0.5477815971846589 0.904409242168277
0.551822001225063 0.904409242168277
0.555862405265467 0.904409242168277
0.5599028093058711 0.904409242168277
0.5639432133462751 0.904409242168277
0.5679836173866791 0.904409242168277
0.5720240214270831 0.904409242168277
0.5760644254674872 0.904409242168277
0.5801048295078912 0.904409242168277
0.5841452335482953 0.904409242168277
0.5881856375886994 0.904409242168277
0.5922260416291034 0.904409242168277
0.5962664456695074 0.904409242168277
0.6003068497099114 0.904409242168277
0.6043472537503154 0.904409242168277
0.6083876577907195 0.904409242168277
0.6124280618311235 0.904409242168277
0.6164684658715276 0.904409242168277
0.6205088699119317 0.904409242168277
0.6245492739523357 0.904409242168277
0.6285896779927398 0.904409242168277
0.6326300820331437 0.904409242168277
0.6366704860735478 0.904409242168277
0.6407108901139518 0.904409242168277
0.6447512941543558 0.904409242168277
0.6487916981947599 0.904409242168277
0.652832102235164 0.904409242168277
0.656872506275568 0.904409242168277
0.6609129103159721 0.904409242168277
0.6649533143563761 0.904409242168277
0.6689937183967801 0.904409242168277
0.6730341224371841 0.904409242168277
0.6770745264775881 0.904409242168277
0.6811149305179922 0.904409242168277
0.6851553345583963 0.904409242168277
0.6891957385988003 0.904409242168277
0.6932361426392044 0.904409242168277
0.6972765466796085 0.904409242168277
0.2972765466796084 0.9084496462086811
0.3013169507200124 0.9084496462086811
0.3053573547604165 0.9084496462086811
0.30939775880082054 0.9084496462086811
0.31343816284122455 0.9084496462086811
0.31747856688162857 0.9084496462086811
0.32151897092203263 0.9084496462086811
0.3255593749624367 0.9084496462086811
0.3295997790028407 0.9084496462086811
0.3336401830432448 0.9084496462086811
0.3376805870836488 0.9084496462086811
0.34172099112405285 0.9084496462086811
0.3457613951644569 0.9084496462086811
0.34980179920486093 0.9084496462086811
0.35384220324526494 0.9084496462086811
0.357882607285669 0.9084496462086811
0.3619230113260731 0.9084496462086811
0.3659634153664771 0.9084496462086811
0.3700038194068811 0.9084496462086811
0.37404422344728516 0.9084496462086811
0.45485230425536594 0.9084496462086811
0.45889270829577 0.9084496462086811
0.46293311233617407 0.9084496462086811
0.46697351637657813 0.9084496462086811
0.47101392041698215 0.9084496462086811
0.47505432445738616 0.9084496462086811
0.4790947284977902 0.9084496462086811
0.4831351325381943 0.9084496462086811
0.4871755365785983 0.9084496462086811
0.4912159406190023 0.9084496462086811
0.4952563446594064 0.9084496462086811
0.49929674869981044 0.9084496462086811
0.5033371527402144 0.9084496462086811
0.5073775567806185 0.9084496462086811
0.5114179608210225 0.9084496462086811
0.5154583648614266 0.9084496462086811
0.5194987689018307 0.9084496462086811
0.5235391729422347 0.9084496462086811
0.5275795769826387 0.9084496462086811
0.5316199810230428 0.9084496462086811
0.5356603850634468 0.9084496462086811
0.5397007891038508 0.9084496462086811
0.5437411931442548 0.9084496462086811
0.5477815971846589 0.9084496462086811
0.551822001225063 0.9084496462086811
0.555862405265467 0.9084496462086811
0.5599028093058711 0.9084496462086811
0.5639432133462751 0.9084496462086811
0.5679836173866791 0.9084496462086811
0.5720240214270831 0.9084496462086811
0.5760644254674872 0.9084496462086811
0.5801048295078912 0.9084496462086811
0.5841452335482953 0.9084496462086811
0.5881856375886994 0.9084496462086811
0.5922260416291034 0.9084496462086811
0.5962664456695074 0.9084496462086811
0.6003068497099114 0.9084496462086811
0.6043472537503154 0.9084496462086811
0.6083876577907195 0.9084496462086811
0.6124280618311235 0.9084496462086811
0.6164684658715276 0.9084496462086811
0.6205088699119317 0.9084496462086811
0.6245492739523357 0.9084496462086811
0.6285896779927398 0.9084496462086811
0.6326300820331437 0.9084496462086811
0.6366704860735478 0.9084496462086811
0.6407108901139518 0.9084496462086811
0.6447512941543558 0.9084496462086811
0.6487916981947599 0.9084496462086811
0.652832102235164 0.9084496462086811
0.656872506275568 0.9084496462086811
0.6609129103159721 0.9084496462086811
0.6649533143563761 0.9084496462086811
0.6689937183967801 0.9084496462086811
0.6730341224371841 0.9084496462086811
0.6770745264775881 0.9084496462086811
0.6811149305179922 0.9084496462086811
0.6851553345583963 0.9084496462086811
0.6891957385988003 0.9084496462086811
0.6932361426392044 0.9084496462086811
0.6972765466796085 0.9084496462086811
0.2972765466796084 0.912490050249085
0.3013169507200124 0.912490050249085
0.3053573547604165 0.912490050249085
0.30939775880082054 0.912490050249085
0.31343816284122455 0.912490050249085
0.31747856688162857 0.912490050249085
0.32151897092203263 0.912490050249085
0.3255593749624367 0.912490050249085
0.3295997790028407 0.912490050249085
0.3336401830432448 0.912490050249085
0.3376805870836488 0.912490050249085
0.34172099112405285 0.912490050249085
0.3457613951644569 0.912490050249085
0.34980179920486093 0.912490050249085
0.35384220324526494 0.912490050249085
0.357882607285669 0.912490050249085
0.3619230113260731 0.912490050249085
0.44273109213415385 0.912490050249085
0.4467714961745579 0.912490050249085
0.4508119002149619 0.912490050249085
0.45485230425536594 0.912490050249085
0.45889270829577 0.912490050249085
0.46293311233617407 0.912490050249085
0.46697351637657813 0.912490050249085
0.47101392041698215 0.912490050249085
0.47505432445738616 0.912490050249085
0.4790947284977902 0.912490050249085
0.4831351325381943 0.912490050249085
0.4871755365785983 0.912490050249085
0.4912159406190023 0.912490050249085
0.4952563446594064 0.912490050249085
0.49929674869981044 0.912490050249085
0.5033371527402144 0.912490050249085
0.5073775567806185 0.912490050249085
0.5114179608210225 0.912490050249085
0.5154583648614266 0.912490050249085
0.5194987689018307 0.912490050249085
0.5235391729422347 0.912490050249085
0.5275795769826387 0.912490050249085
0.5316199810230428 0.912490050249085
0.5356603850634468 0.912490050249085
0.5397007891038508 0.912490050249085
0.5437411931442548 0.912490050249085
0.5477815971846589 0.912490050249085
0.551822001225063 0.912490050249085
0.555862405265467 0.912490050249085
0.5599028093058711 0.912490050249085
0.5639432133462751 0.912490050249085
0.5679836173866791 0.912490050249085
0.5720240214270831 0.912490050249085
0.5760644254674872 0.912490050249085
0.5801048295078912 0.912490050249085
0.5841452335482953 0.912490050249085
0.5881856375886994 0.912490050249085
0.5922260416291034 0.912490050249085
0.5962664456695074 0.912490050249085
0.6003068497099114 0.912490050249085
0.6043472537503154 0.912490050249085
0.6083876577907195 0.912490050249085
0.6124280618311235 0.912490050249085
0.6164684658715276 0.912490050249085
0.6205088699119317 0.912490050249085
0.6245492739523357 0.912490050249085
0.6285896779927398 0.912490050249085
0.6326300820331437 0.912490050249085
0.6366704860735478 0.912490050249085
0.6407108901139518 0.912490050249085
0.6447512941543558 0.912490050249085
0.6487916981947599 0.912490050249085
0.652832102235164 0.912490050249085
0.656872506275568 0.912490050249085
0.6609129103159721 0.912490050249085
0.6649533143563761 0.912490050249085
0.6689937183967801 0.912490050249085
0.6730341224371841 0.912490050249085
0.6770745264775881 0.912490050249085
0.6811149305179922 0.912490050249085
0.6851553345583963 0.912490050249085
0.6891957385988003 0.912490050249085
0.6932361426392044 0.912490050249085
0.6972765466796085 0.912490050249085
0.2972765466796084 0.9165304542894891
0.3013169507200124 0.9165304542894891
0.3053573547604165 0.9165304542894891
0.30939775880082054 0.9165304542894891
0.31343816284122455 0.9165304542894891
0.31747856688162857 0.9165304542894891
0.32151897092203263 0.9165304542894891
0.3255593749624367 0.9165304542894891
0.3295997790028407 0.9165304542894891
0.3336401830432448 0.9165304542894891
0.3376805870836488 0.9165304542894891
0.34172099112405285 0.9165304542894891
0.3457613951644569 0.9165304542894891
0.34980179920486093 0.9165304542894891
0.35384220324526494 0.9165304542894891
0.43060988001294176 0.9165304542894891
0.4386906880937498 0.9165304542894891
0.44273109213415385 0.9165304542894891
0.4467714961745579 0.9165304542894891
0.4508119002149619 0.9165304542894891
0.45485230425536594 0.9165304542894891
0.45889270829577 0.9165304542894891
0.46293311233617407 0.9165304542894891
0.46697351637657813 0.9165304542894891
0.47101392041698215 0.9165304542894891
0.47505432445738616 0.9165304542894891
0.4790947284977902 0.9165304542894891
0.4831351325381943 0.9165304542894891
0.4871755365785983 0.9165304542894891
0.4912159406190023 0.9165304542894891
0.4952563446594064 0.9165304542894891
0.49929674869981044 0.9165304542894891
0.5033371527402144 0.9165304542894891
0.5073775567806185 0.9165304542894891
0.5114179608210225 0.9165304542894891
0.5154583648614266 0.9165304542894891
0.5194987689018307 0.9165304542894891
0.5235391729422347 0.9165304542894891
0.5275795769826387 0.9165304542894891
0.5316199810230428 0.9165304542894891
0.5356603850634468 0.9165304542894891
0.5397007891038508 0.9165304542894891
0.5437411931442548 0.9165304542894891
0.5477815971846589 0.9165304542894891
0.551822001225063 0.9165304542894891
0.555862405265467 0.9165304542894891
0.5599028093058711 0.9165304542894891
0.5639432133462751 0.9165304542894891
0.5679836173866791 0.9165304542894891
0.5720240214270831 0.9165304542894891
0.5760644254674872 0.9165304542894891
0.5801048295078912 0.9165304542894891
0.5841452335482953 0.9165304542894891
0.5881856375886994 0.9165304542894891
0.5922260416291034 0.9165304542894891
0.5962664456695074 0.9165304542894891
0.6003068497099114 0.9165304542894891
0.6043472537503154 0.9165304542894891
0.6083876577907195 0.9165304542894891
0.6124280618311235 0.9165304542894891
0.6164684658715276 0.9165304542894891
0.6205088699119317 0.9165304542894891
0.6245492739523357 0.9165304542894891
0.6285896779927398 0.9165304542894891
0.6326300820331437 0.9165304542894891
0.6366704860735478 0.9165304542894891
0.6407108901139518 0.9165304542894891
0.6447512941543558 0.9165304542894891
0.6487916981947599 0.9165304542894891
0.652832102235164 0.9165304542894891
0.656872506275568 0.9165304542894891
0.6609129103159721 0.9165304542894891
0.6649533143563761 0.9165304542894891
0.6689937183967801 0.9165304542894891
0.6730341224371841 0.9165304542894891
0.6770745264775881 0.9165304542894891
0.6811149305179922 0.9165304542894891
0.6851553345583963 0.9165304542894891
0.6891957385988003 0.9165304542894891
0.6932361426392044 0.9165304542894891
0.6972765466796085 0.9165304542894891
0.2972765466796084 0.920570858329893
0.3013169507200124 0.920570858329893
0.3053573547604165 0.920570858329893
0.30939775880082054 0.920570858329893
0.31343816284122455 0.920570858329893
0.31747856688162857 0.920570858329893
0.32151897092203263 0.920570858329893
0.3255593749624367 0.920570858329893
0.3295997790028407 0.920570858329893
0.3336401830432448 0.920570858329893
0.3376805870836488 0.920570858329893
0.34172099112405285 0.920570858329893
0.3457613951644569 0.920570858329893
0.4265694759725377 0.920570858329893
0.43465028405334577 0.920570858329893
0.4386906880937498 0.920570858329893
0.44273109213415385 0.920570858329893
0.4467714961745579 0.920570858329893
0.4508119002149619 0.920570858329893
0.45485230425536594 0.920570858329893
0.45889270829577 0.920570858329893
0.46293311233617407 0.920570858329893
0.46697351637657813 0.920570858329893
0.47101392041698215 0.920570858329893
0.47505432445738616 0.920570858329893
0.4790947284977902 0.920570858329893
0.4831351325381943 0.920570858329893
0.4871755365785983 0.920570858329893
0.4912159406190023 0.920570858329893
0.4952563446594064 0.920570858329893
0.49929674869981044 0.920570858329893
0.5033371527402144 0.920570858329893
0.5073775567806185 0.920570858329893
0.5114179608210225 0.920570858329893
0.5154583648614266 0.920570858329893
0.5194987689018307 0.920570858329893
0.5235391729422347 0.920570858329893
0.5275795769826387 0.920570858329893
0.5316199810230428 0.920570858329893
0.5356603850634468 0.920570858329893
0.5397007891038508 0.920570858329893
0.5437411931442548 0.920570858329893
0.5477815971846589 0.920570858329893
0.551822001225063 0.920570858329893
0.555862405265467 0.920570858329893
0.5599028093058711 0.920570858329893
0.5639432133462751 0.920570858329893
0.5679836173866791 0.920570858329893
0.5720240214270831 0.920570858329893
0.5760644254674872 0.920570858329893
0.5801048295078912 0.920570858329893
0.5841452335482953 0.920570858329893
0.5881856375886994 0.920570858329893
0.5922260416291034 0.920570858329893
0.5962664456695074 0.920570858329893
0.6003068497099114 0.920570858329893
0.6043472537503154 0.920570858329893
0.6083876577907195 0.920570858329893
0.6124280618311235 0.920570858329893
0.6164684658715276 0.920570858329893
0.6205088699119317 0.920570858329893
0.6245492739523357 0.920570858329893
0.6285896779927398 0.920570858329893
0.6326300820331437 0.920570858329893
0.6366704860735478 0.920570858329893
0.6407108901139518 0.920570858329893
0.6447512941543558 0.920570858329893
0.6487916981947599 0.920570858329893
0.652832102235164 0.920570858329893
0.656872506275568 0.920570858329893
0.6609129103159721 0.920570858329893
0.6649533143563761 0.920570858329893
0.6689937183967801 0.920570858329893
0.6730341224371841 0.920570858329893
0.6770745264775881 0.920570858329893
0.6811149305179922 0.920570858329893
0.6851553345583963 0.920570858329893
0.6891957385988003 0.920570858329893
0.6932361426392044 0.920570858329893
0.6972765466796085 0.920570858329893
0.2972765466796084 0.9246112623702971
0.3013169507200124 0.9246112623702971
0.3053573547604165 0.9246112623702971
0.30939775880082054 0.9246112623702971
0.31343816284122455 0.9246112623702971
0.31747856688162857 0.9246112623702971
0.32151897092203263 0.9246112623702971
0.3255593749624367 0.9246112623702971
0.3295997790028407 0.9246112623702971
0.4144482638513256 0.9246112623702971
0.4184886678917296 0.9246112623702971
0.4225290719321336 0.9246112623702971
0.4265694759725377 0.9246112623702971
0.43060988001294176 0.9246112623702971
0.43465028405334577 0.9246112623702971
0.4386906880937498 0.9246112623702971
0.44273109213415385 0.9246112623702971
0.4467714961745579 0.9246112623702971
0.4508119002149619 0.9246112623702971
0.45485230425536594 0.9246112623702971
0.45889270829577 0.9246112623702971
0.46293311233617407 0.9246112623702971
0.46697351637657813 0.9246112623702971
0.47101392041698215 0.9246112623702971
0.47505432445738616 0.9246112623702971
0.4790947284977902 0.9246112623702971
0.4831351325381943 0.9246112623702971
0.4871755365785983 0.9246112623702971
0.4912159406190023 0.9246112623702971
0.4952563446594064 0.9246112623702971
0.49929674869981044 0.9246112623702971
0.5033371527402144 0.9246112623702971
0.5073775567806185 0.9246112623702971
0.5114179608210225 0.9246112623702971
0.5154583648614266 0.9246112623702971
0.5194987689018307 0.9246112623702971
0.5235391729422347 0.9246112623702971
0.5275795769826387 0.9246112623702971
0.5316199810230428 0.9246112623702971
0.5356603850634468 0.9246112623702971
0.5397007891038508 0.9246112623702971
0.5437411931442548 0.9246112623702971
0.5477815971846589 0.9246112623702971
0.551822001225063 0.9246112623702971
0.555862405265467 0.9246112623702971
0.5599028093058711 0.9246112623702971
0.5639432133462751 0.9246112623702971
0.5679836173866791 0.9246112623702971
0.5720240214270831 0.9246112623702971
0.5760644254674872 0.9246112623702971
0.5801048295078912 0.9246112623702971
0.5841452335482953 0.9246112623702971
0.5881856375886994 0.9246112623702971
0.5922260416291034 0.9246112623702971
0.5962664456695074 0.9246112623702971
0.6003068497099114 0.9246112623702971
0.6043472537503154 0.9246112623702971
0.6083876577907195 0.9246112623702971
0.6124280618311235 0.9246112623702971
0.6164684658715276 0.9246112623702971
0.6205088699119317 0.9246112623702971
0.6245492739523357 0.9246112623702971
0.6285896779927398 0.9246112623702971
0.6326300820331437 0.9246112623702971
0.6366704860735478 0.9246112623702971
0.6407108901139518 0.9246112623702971
0.6447512941543558 0.9246112623702971
0.6487916981947599 0.9246112623702971
0.652832102235164 0.9246112623702971
0.656872506275568 0.9246112623702971
0.6609129103159721 0.9246112623702971
0.6649533143563761 0.9246112623702971
0.6689937183967801 0.9246112623702971
0.6730341224371841 0.9246112623702971
0.6770745264775881 0.9246112623702971
0.6811149305179922 0.9246112623702971
0.6851553345583963 0.9246112623702971
0.6891957385988003 0.9246112623702971
0.6932361426392044 0.9246112623702971
0.6972765466796085 0.9246112623702971
0.2972765466796084 0.9286516664107012
0.3013169507200124 0.9286516664107012
0.3053573547604165 0.9286516664107012
0.30939775880082054 0.9286516664107012
0.31343816284122455 0.9286516664107012
0.32151897092203263 0.9286516664107012
0.40636745577051747 0.9286516664107012
0.41040785981092154 0.9286516664107012
0.4184886678917296 0.9286516664107012
0.4225290719321336 0.9286516664107012
0.4265694759725377 0.9286516664107012
0.43060988001294176 0.9286516664107012
0.43465028405334577 0.9286516664107012
0.4386906880937498 0.9286516664107012
0.44273109213415385 0.9286516664107012
0.4467714961745579 0.9286516664107012
0.4508119002149619 0.9286516664107012
0.45485230425536594 0.9286516664107012
0.45889270829577 0.9286516664107012
0.46293311233617407 0.9286516664107012
0.46697351637657813 0.9286516664107012
0.47101392041698215 0.9286516664107012
0.47505432445738616 0.9286516664107012
0.4790947284977902 0.9286516664107012
0.4831351325381943 0.9286516664107012
0.4871755365785983 0.9286516664107012
0.4912159406190023 0.9286516664107012
0.4952563446594064 0.9286516664107012
0.49929674869981044 0.9286516664107012
0.5033371527402144 0.9286516664107012
0.5073775567806185 0.9286516664107012
0.5114179608210225 0.9286516664107012
0.5154583648614266 0.9286516664107012
0.5194987689018307 0.9286516664107012
0.5235391729422347 0.9286516664107012
0.5275795769826387 0.9286516664107012
0.5316199810230428 0.9286516664107012
0.5356603850634468 0.9286516664107012
0.5397007891038508 0.9286516664107012
0.5437411931442548 0.9286516664107012
0.5477815971846589 0.9286516664107012
0.551822001225063 0.9286516664107012
0.555862405265467 0.9286516664107012
0.5599028093058711 0.9286516664107012
0.5639432133462751 0.9286516664107012
0.5679836173866791 0.9286516664107012
0.5720240214270831 0.9286516664107012
0.5760644254674872 0.9286516664107012
0.5801048295078912 0.9286516664107012
0.5841452335482953 0.9286516664107012
0.5881856375886994 0.9286516664107012
0.5922260416291034 0.9286516664107012
0.5962664456695074 0.9286516664107012
0.6003068497099114 0.9286516664107012
0.6043472537503154 0.9286516664107012
0.6083876577907195 0.9286516664107012
0.6124280618311235 0.9286516664107012
0.6164684658715276 0.9286516664107012
0.6205088699119317 0.9286516664107012
0.6245492739523357 0.9286516664107012
0.6285896779927398 0.9286516664107012
0.6326300820331437 0.9286516664107012
0.6366704860735478 0.9286516664107012
0.6407108901139518 0.9286516664107012
0.6447512941543558 0.9286516664107012
0.6487916981947599 0.9286516664107012
0.652832102235164 0.9286516664107012
0.656872506275568 0.9286516664107012
0.6609129103159721 0.9286516664107012
0.6649533143563761 0.9286516664107012
0.6689937183967801 0.9286516664107012
0.6730341224371841 0.9286516664107012
0.6770745264775881 0.9286516664107012
0.6811149305179922 0.9286516664107012
0.6851553345583963 0.9286516664107012
0.6891957385988003 0.9286516664107012
0.6932361426392044 0.9286516664107012
0.6972765466796085 0.9286516664107012
0.2972765466796084 0.9326920704511052
0.3013169507200124 0.9326920704511052
0.30939775880082054 0.9326920704511052
0.3982866476897094 0.9326920704511052
0.40232705173011346 0.9326920704511052
0.40636745577051747 0.9326920704511052
0.4144482638513256 0.9326920704511052
0.4184886678917296 0.9326920704511052
0.4225290719321336 0.9326920704511052
0.4265694759725377 0.9326920704511052
0.43060988001294176 0.9326920704511052
0.43465028405334577 0.9326920704511052
0.4386906880937498 0.9326920704511052
0.44273109213415385 0.9326920704511052
0.4467714961745579 0.9326920704511052
0.4508119002149619 0.9326920704511052
0.45485230425536594 0.9326920704511052
0.45889270829577 0.9326920704511052
0.46293311233617407 0.9326920704511052
0.46697351637657813 0.9326920704511052
0.47101392041698215 0.9326920704511052
0.47505432445738616 0.9326920704511052
0.4790947284977902 0.9326920704511052
0.4831351325381943 0.9326920704511052
0.4871755365785983 0.9326920704511052
0.4912159406190023 0.9326920704511052
0.4952563446594064 0.9326920704511052
0.49929674869981044 0.9326920704511052
0.5033371527402144 0.9326920704511052
0.5073775567806185 0.9326920704511052
0.5114179608210225 0.9326920704511052
0.5154583648614266 0.9326920704511052
0.5194987689018307 0.9326920704511052
0.5235391729422347 0.9326920704511052
0.5275795769826387 0.9326920704511052
0.5316199810230428 0.9326920704511052
0.5356603850634468 0.9326920704511052
0.5397007891038508 0.9326920704511052
0.5437411931442548 0.9326920704511052
0.5477815971846589 0.9326920704511052
0.551822001225063 0.9326920704511052
0.555862405265467 0.9326920704511052
0.5599028093058711 0.9326920704511052
0.5639432133462751 0.9326920704511052
0.5679836173866791 0.9326920704511052
0.5720240214270831 0.9326920704511052
0.5760644254674872 0.9326920704511052
0.5801048295078912 0.9326920704511052
0.5841452335482953 0.9326920704511052
0.5881856375886994 0.9326920704511052
0.5922260416291034 0.9326920704511052
0.5962664456695074 0.9326920704511052
0.6003068497099114 0.9326920704511052
0.6043472537503154 0.9326920704511052
0.6083876577907195 0.9326920704511052
0.6124280618311235 0.9326920704511052
0.6164684658715276 0.9326920704511052
0.6205088699119317 0.9326920704511052
0.6245492739523357 0.9326920704511052
0.6285896779927398 0.9326920704511052
0.6326300820331437 0.9326920704511052
0.6366704860735478 0.9326920704511052
0.6407108901139518 0.9326920704511052
0.6447512941543558 0.9326920704511052
0.6487916981947599 0.9326920704511052
0.652832102235164 0.9326920704511052
0.656872506275568 0.9326920704511052
0.6609129103159721 0.9326920704511052
0.6649533143563761 0.9326920704511052
0.6689937183967801 0.9326920704511052
0.6730341224371841 0.9326920704511052
0.6770745264775881 0.9326920704511052
0.6811149305179922 0.9326920704511052
0.6851553345583963 0.9326920704511052
0.6891957385988003 0.9326920704511052
0.6932361426392044 0.9326920704511052
0.6972765466796085 0.9326920704511052
0.2972765466796084 0.9367324744915093
0.3861654355684973 0.9367324744915093
0.3902058396089013 0.9367324744915093
0.3942462436493054 0.9367324744915093
0.3982866476897094 0.9367324744915093
0.40232705173011346 0.9367324744915093
0.40636745577051747 0.9367324744915093
0.41040785981092154 0.9367324744915093
0.4144482638513256 0.9367324744915093
0.4184886678917296 0.9367324744915093
0.4225290719321336 0.9367324744915093
0.43060988001294176 0.9367324744915093
0.43465028405334577 0.9367324744915093
0.4386906880937498 0.9367324744915093
0.44273109213415385 0.9367324744915093
0.4467714961745579 0.9367324744915093
0.4508119002149619 0.9367324744915093
0.45485230425536594 0.9367324744915093
0.45889270829577 0.9367324744915093
0.46293311233617407 0.9367324744915093
0.46697351637657813 0.9367324744915093
0.47101392041698215 0.9367324744915093
0.47505432445738616 0.9367324744915093
0.4790947284977902 0.9367324744915093
0.4831351325381943 0.9367324744915093
0.4871755365785983 0.9367324744915093
0.4912159406190023 0.9367324744915093
0.4952563446594064 0.9367324744915093
0.49929674869981044 0.9367324744915093
0.5033371527402144 0.9367324744915093
0.5073775567806185 0.9367324744915093
0.5114179608210225 0.9367324744915093
0.5154583648614266 0.9367324744915093
0.5194987689018307 0.9367324744915093
0.5235391729422347 0.9367324744915093
0.5275795769826387 0.9367324744915093
0.5316199810230428 0.9367324744915093
0.5356603850634468 0.9367324744915093
0.5397007891038508 0.9367324744915093
0.5437411931442548 0.9367324744915093
0.5477815971846589 0.9367324744915093
0.551822001225063 0.9367324744915093
0.555862405265467 0.9367324744915093
0.5599028093058711 0.9367324744915093
0.5639432133462751 0.9367324744915093
0.5679836173866791 0.9367324744915093
0.5720240214270831 0.9367324744915093
0.5760644254674872 0.9367324744915093
0.5801048295078912 0.9367324744915093
0.5841452335482953 0.9367324744915093
0.5881856375886994 0.9367324744915093
0.5922260416291034 0.9367324744915093
0.5962664456695074 0.9367324744915093
0.6003068497099114 0.9367324744915093
0.6043472537503154 0.9367324744915093
0.6083876577907195 0.9367324744915093
0.6124280618311235 0.9367324744915093
0.6164684658715276 0.9367324744915093
0.6205088699119317 0.9367324744915093
0.6245492739523357 0.9367324744915093
0.6285896779927398 0.9367324744915093
0.6326300820331437 0.9367324744915093
0.6366704860735478 0.9367324744915093
0.6407108901139518 0.9367324744915093
0.6447512941543558 0.9367324744915093
0.6487916981947599 0.9367324744915093
0.652832102235164 0.9367324744915093
0.656872506275568 0.9367324744915093
0.6609129103159721 0.9367324744915093
0.6649533143563761 0.9367324744915093
0.6689937183967801 0.9367324744915093
0.6730341224371841 0.9367324744915093
0.6770745264775881 0.9367324744915093
0.6811149305179922 0.9367324744915093
0.6851553345583963 0.9367324744915093
0.6891957385988003 0.9367324744915093
0.6932361426392044 0.9367324744915093
0.6972765466796085 0.9367324744915093
0.37808462748768923 0.9407728785319134
0.3861654355684973 0.9407728785319134
0.3902058396089013 0.9407728785319134
0.3942462436493054 0.9407728785319134
0.3982866476897094 0.9407728785319134
0.40232705173011346 0.9407728785319134
0.40636745577051747 0.9407728785319134
0.41040785981092154 0.9407728785319134
0.4144482638513256 0.9407728785319134
0.4184886678917296 0.9407728785319134
0.4225290719321336 0.9407728785319134
0.4265694759725377 0.9407728785319134
0.43060988001294176 0.9407728785319134
0.43465028405334577 0.9407728785319134
0.4386906880937498 0.9407728785319134
0.44273109213415385 0.9407728785319134
0.4467714961745579 0.9407728785319134
0.4508119002149619 0.9407728785319134
0.45485230425536594 0.9407728785319134
0.45889270829577 0.9407728785319134
0.46293311233617407 0.9407728785319134
0.46697351637657813 0.9407728785319134
0.47101392041698215 0.9407728785319134
0.47505432445738616 0.9407728785319134
0.4790947284977902 0.9407728785319134
0.4831351325381943 0.9407728785319134
0.4871755365785983 0.9407728785319134
0.4912159406190023 0.9407728785319134
0.4952563446594064 0.9407728785319134
0.49929674869981044 0.9407728785319134
0.5033371527402144 0.9407728785319134
0.5073775567806185 0.9407728785319134
0.5114179608210225 0.9407728785319134
0.5154583648614266 0.9407728785319134
0.5194987689018307 0.9407728785319134
0.5235391729422347 0.9407728785319134
0.5275795769826387 0.9407728785319134
0.5316199810230428 0.9407728785319134
0.5356603850634468 0.9407728785319134
0.5397007891038508 0.9407728785319134
0.5437411931442548 0.9407728785319134
0.5477815971846589 0.9407728785319134
0.551822001225063 0.9407728785319134
0.555862405265467 0.9407728785319134
0.5599028093058711 0.9407728785319134
0.5639432133462751 0.9407728785319134
0.5679836173866791 0.9407728785319134
0.5720240214270831 0.9407728785319134
0.5760644254674872 0.9407728785319134
0.5801048295078912 0.9407728785319134
0.5841452335482953 0.9407728785319134
0.5881856375886994 0.9407728785319134
0.5922260416291034 0.9407728785319134
0.5962664456695074 0.9407728785319134
0.6003068497099114 0.9407728785319134
0.6043472537503154 0.9407728785319134
0.6083876577907195 0.9407728785319134
0.6124280618311235 0.9407728785319134
0.6164684658715276 0.9407728785319134
0.6205088699119317 0.9407728785319134
0.6245492739523357 0.9407728785319134
0.6285896779927398 0.9407728785319134
0.6326300820331437 0.9407728785319134
0.6366704860735478 0.9407728785319134
0.6407108901139518 0.9407728785319134
0.6447512941543558 0.9407728785319134
0.6487916981947599 0.9407728785319134
0.652832102235164 0.9407728785319134
0.656872506275568 0.9407728785319134
0.6609129103159721 0.9407728785319134
0.6649533143563761 0.9407728785319134
0.6689937183967801 0.9407728785319134
0.6730341224371841 0.9407728785319134
0.6770745264775881 0.9407728785319134
0.6811149305179922 0.9407728785319134
0.6851553345583963 0.9407728785319134
0.6891957385988003 0.9407728785319134
0.6932361426392044 0.9407728785319134
0.6972765466796085 0.9407728785319134
0.3700038194068811 0.9448132825723174
0.37404422344728516 0.9448132825723174
0.37808462748768923 0.9448132825723174
0.38212503152809324 0.9448132825723174
0.3861654355684973 0.9448132825723174
0.3902058396089013 0.9448132825723174
0.3942462436493054 0.9448132825723174
0.3982866476897094 0.9448132825723174
0.40232705173011346 0.9448132825723174
0.40636745577051747 0.9448132825723174
0.41040785981092154 0.9448132825723174
0.4144482638513256 0.9448132825723174
0.4184886678917296 0.9448132825723174
0.4225290719321336 0.9448132825723174
0.4265694759725377 0.9448132825723174
0.43060988001294176 0.9448132825723174
0.43465028405334577 0.9448132825723174
0.4386906880937498 0.9448132825723174
0.44273109213415385 0.9448132825723174
0.4467714961745579 0.9448132825723174
0.4508119002149619 0.9448132825723174
0.45485230425536594 0.9448132825723174
0.45889270829577 0.9448132825723174
0.46293311233617407 0.9448132825723174
0.46697351637657813 0.9448132825723174
0.47101392041698215 0.9448132825723174
0.47505432445738616 0.9448132825723174
0.4790947284977902 0.9448132825723174
0.4831351325381943 0.9448132825723174
0.4871755365785983 0.9448132825723174
0.4912159406190023 0.9448132825723174
0.4952563446594064 0.9448132825723174
0.49929674869981044 0.9448132825723174
0.5033371527402144 0.9448132825723174
0.5073775567806185 0.9448132825723174
0.5114179608210225 0.9448132825723174
0.5154583648614266 0.9448132825723174
0.5194987689018307 0.9448132825723174
0.5235391729422347 0.9448132825723174
0.5275795769826387 0.9448132825723174
0.5316199810230428 0.9448132825723174
0.5356603850634468 0.9448132825723174
0.5397007891038508 0.9448132825723174
0.5437411931442548 0.9448132825723174
0.5477815971846589 0.9448132825723174
0.551822001225063 0.9448132825723174
0.555862405265467 0.9448132825723174
0.5599028093058711 0.9448132825723174
0.5639432133462751 0.9448132825723174
0.5679836173866791 0.9448132825723174
0.5720240214270831 0.9448132825723174
0.5760644254674872 0.9448132825723174
0.5801048295078912 0.9448132825723174
0.5841452335482953 0.9448132825723174
0.5881856375886994 0.9448132825723174
0.5922260416291034 0.9448132825723174
0.5962664456695074 0.9448132825723174
0.6003068497099114 0.9448132825723174
0.6043472537503154 0.9448132825723174
0.6083876577907195 0.9448132825723174
0.6124280618311235 0.9448132825723174
0.6164684658715276 0.9448132825723174
0.6205088699119317 0.9448132825723174
0.6245492739523357 0.9448132825723174
0.6285896779927398 0.9448132825723174
0.6326300820331437 0.9448132825723174
0.6366704860735478 0.9448132825723174
0.6407108901139518 0.9448132825723174
0.6447512941543558 0.9448132825723174
0.6487916981947599 0.9448132825723174
0.652832102235164 0.9448132825723174
0.656872506275568 0.9448132825723174
0.6609129103159721 0.9448132825723174
0.6649533143563761 0.9448132825723174
0.6689937183967801 0.9448132825723174
0.6730341224371841 0.9448132825723174
0.6770745264775881 0.9448132825723174
0.6811149305179922 0.9448132825723174
0.6851553345583963 0.9448132825723174
0.6891957385988003 0.9448132825723174
0.6932361426392044 0.9448132825723174
0.6972765466796085 0.9448132825723174
0.357882607285669 0.9488536866127214
0.3619230113260731 0.9488536866127214
0.3659634153664771 0.9488536866127214
0.3700038194068811 0.9488536866127214
0.37404422344728516 0.9488536866127214
0.37808462748768923 0.9488536866127214
0.38212503152809324 0.9488536866127214
0.3861654355684973 0.9488536866127214
0.3902058396089013 0.9488536866127214
0.3942462436493054 0.9488536866127214
0.3982866476897094 0.9488536866127214
0.40232705173011346 0.9488536866127214
0.40636745577051747 0.9488536866127214
0.41040785981092154 0.9488536866127214
0.4144482638513256 0.9488536866127214
0.4184886678917296 0.9488536866127214
0.4225290719321336 0.9488536866127214
0.4265694759725377 0.9488536866127214
0.43060988001294176 0.9488536866127214
0.43465028405334577 0.9488536866127214
0.4386906880937498 0.9488536866127214
0.44273109213415385 0.9488536866127214
0.4467714961745579 0.9488536866127214
0.4508119002149619 0.9488536866127214
0.45485230425536594 0.9488536866127214
0.45889270829577 0.9488536866127214
0.46293311233617407 0.9488536866127214
0.46697351637657813 0.9488536866127214
0.47101392041698215 0.9488536866127214
0.47505432445738616 0.9488536866127214
0.4790947284977902 0.9488536866127214
0.4831351325381943 0.9488536866127214
0.4871755365785983 0.9488536866127214
0.4912159406190023 0.9488536866127214
0.4952563446594064 0.9488536866127214
0.49929674869981044 0.9488536866127214
0.5033371527402144 0.9488536866127214
0.5073775567806185 0.9488536866127214
0.5114179608210225 0.9488536866127214
0.5154583648614266 0.9488536866127214
0.5194987689018307 0.9488536866127214
0.5235391729422347 0.9488536866127214
0.5275795769826387 0.9488536866127214
0.5316199810230428 0.9488536866127214
0.5356603850634468 0.9488536866127214
0.5397007891038508 0.9488536866127214
0.5437411931442548 0.9488536866127214
0.5477815971846589 0.9488536866127214
0.551822001225063 0.9488536866127214
0.555862405265467 0.9488536866127214
0.5599028093058711 0.9488536866127214
0.5639432133462751 0.9488536866127214
0.5679836173866791 0.9488536866127214
0.5720240214270831 0.9488536866127214
0.5760644254674872 0.9488536866127214
0.5801048295078912 0.9488536866127214
0.5841452335482953 0.9488536866127214
0.5881856375886994 0.9488536866127214
0.5922260416291034 0.9488536866127214
0.5962664456695074 0.9488536866127214
0.6003068497099114 0.9488536866127214
0.6043472537503154 0.9488536866127214
0.6083876577907195 0.9488536866127214
0.6124280618311235 0.9488536866127214
0.6164684658715276 0.9488536866127214
0.6205088699119317 0.9488536866127214
0.6245492739523357 0.9488536866127214
0.6285896779927398 0.9488536866127214
0.6326300820331437 0.9488536866127214
0.6366704860735478 0.9488536866127214
0.6407108901139518 0.9488536866127214
0.6447512941543558 0.9488536866127214
0.6487916981947599 0.9488536866127214
0.652832102235164 0.9488536866127214
0.656872506275568 0.9488536866127214
0.6609129103159721 0.9488536866127214
0.6649533143563761 0.9488536866127214
0.6689937183967801 0.9488536866127214
0.6730341224371841 0.9488536866127214
0.6770745264775881 0.9488536866127214
0.6811149305179922 0.9488536866127214
0.6851553345583963 0.9488536866127214
0.6891957385988003 0.9488536866127214
0.6932361426392044 0.9488536866127214
0.6972765466796085 0.9488536866127214
0.34980179920486093 0.9528940906531255
0.35384220324526494 0.9528940906531255
0.357882607285669 0.9528940906531255
0.3619230113260731 0.9528940906531255
0.3659634153664771 0.9528940906531255
0.3700038194068811 0.9528940906531255
0.37404422344728516 0.9528940906531255
0.37808462748768923 0.9528940906531255
0.38212503152809324 0.9528940906531255
0.3902058396089013 0.9528940906531255
0.3942462436493054 0.9528940906531255
0.3982866476897094 0.9528940906531255
0.40232705173011346 0.9528940906531255
0.40636745577051747 0.9528940906531255
0.41040785981092154 0.9528940906531255
0.4144482638513256 0.9528940906531255
0.4184886678917296 0.9528940906531255
0.4225290719321336 0.9528940906531255
0.4265694759725377 0.9528940906531255
0.43060988001294176 0.9528940906531255
0.43465028405334577 0.9528940906531255
0.4386906880937498 0.9528940906531255
0.44273109213415385 0.9528940906531255
0.4467714961745579 0.9528940906531255
0.4508119002149619 0.9528940906531255
0.45485230425536594 0.9528940906531255
0.45889270829577 0.9528940906531255
0.46293311233617407 0.9528940906531255
0.46697351637657813 0.9528940906531255
0.47101392041698215 0.9528940906531255
0.47505432445738616 0.9528940906531255
0.4790947284977902 0.9528940906531255
0.4831351325381943 0.9528940906531255
0.4871755365785983 0.9528940906531255
0.4912159406190023 0.9528940906531255
0.4952563446594064 0.9528940906531255
0.49929674869981044 0.9528940906531255
0.5033371527402144 0.9528940906531255
0.5073775567806185 0.9528940906531255
0.5114179608210225 0.9528940906531255
0.5154583648614266 0.9528940906531255
0.5194987689018307 0.9528940906531255
0.5235391729422347 0.9528940906531255
0.5275795769826387 0.9528940906531255
0.5316199810230428 0.9528940906531255
0.5356603850634468 0.9528940906531255
0.5397007891038508 0.9528940906531255
0.5437411931442548 0.9528940906531255
0.5477815971846589 0.9528940906531255
0.551822001225063 0.9528940906531255
0.555862405265467 0.9528940906531255
0.5599028093058711 0.9528940906531255
0.5639432133462751 0.9528940906531255
0.5679836173866791 0.9528940906531255
0.5720240214270831 0.9528940906531255
0.5760644254674872 0.9528940906531255
0.5801048295078912 0.9528940906531255
0.5841452335482953 0.9528940906531255
0.5881856375886994 0.9528940906531255
0.5922260416291034 0.9528940906531255
0.5962664456695074 0.9528940906531255
0.6003068497099114 0.9528940906531255
0.6043472537503154 0.9528940906531255
0.6083876577907195 0.9528940906531255
0.6124280618311235 0.9528940906531255
0.6164684658715276 0.9528940906531255
0.6205088699119317 0.9528940906531255
0.6245492739523357 0.9528940906531255
0.6285896779927398 0.9528940906531255
0.6326300820331437 0.9528940906531255
0.6366704860735478 0.9528940906531255
0.6407108901139518 0.9528940906531255
0.6447512941543558 0.9528940906531255
0.6487916981947599 0.9528940906531255
0.652832102235164 0.9528940906531255
0.656872506275568 0.9528940906531255
0.6609129103159721 0.9528940906531255
0.6649533143563761 0.9528940906531255
0.6689937183967801 0.9528940906531255
0.6730341224371841 0.9528940906531255
0.6770745264775881 0.9528940906531255
0.6811149305179922 0.9528940906531255
0.6851553345583963 0.9528940906531255
0.6891957385988003 0.9528940906531255
0.6932361426392044 0.9528940906531255
0.6972765466796085 0.9528940906531255
0.3376805870836488 0.9569344946935294
0.34172099112405285 0.9569344946935294
0.3457613951644569 0.9569344946935294
0.34980179920486093 0.9569344946935294
0.35384220324526494 0.9569344946935294
0.357882607285669 0.9569344946935294
0.3619230113260731 0.9569344946935294
0.3659634153664771 0.9569344946935294
0.3700038194068811 0.9569344946935294
0.37404422344728516 0.9569344946935294
0.37808462748768923 0.9569344946935294
0.38212503152809324 0.9569344946935294
0.3861654355684973 0.9569344946935294
0.3902058396089013 0.9569344946935294
0.3942462436493054 0.9569344946935294
0.3982866476897094 0.9569344946935294
0.40232705173011346 0.9569344946935294
0.40636745577051747 0.9569344946935294
0.41040785981092154 0.9569344946935294
0.4144482638513256 0.9569344946935294
0.4184886678917296 0.9569344946935294
0.4225290719321336 0.9569344946935294
0.4265694759725377 0.9569344946935294
0.43060988001294176 0.9569344946935294
0.43465028405334577 0.9569344946935294
0.4386906880937498 0.9569344946935294
0.44273109213415385 0.9569344946935294
0.4467714961745579 0.9569344946935294
0.4508119002149619 0.9569344946935294
0.45485230425536594 0.9569344946935294
0.45889270829577 0.9569344946935294
0.46293311233617407 0.9569344946935294
0.46697351637657813 0.9569344946935294
0.47101392041698215 0.9569344946935294
0.47505432445738616 0.9569344946935294
0.4790947284977902 0.9569344946935294
0.4831351325381943 0.9569344946935294
0.4871755365785983 0.9569344946935294
0.4912159406190023 0.9569344946935294
0.4952563446594064 0.9569344946935294
0.49929674869981044 0.9569344946935294
0.5033371527402144 0.9569344946935294
0.5073775567806185 0.9569344946935294
0.5114179608210225 0.9569344946935294
0.5154583648614266 0.9569344946935294
0.5194987689018307 0.9569344946935294
0.5235391729422347 0.9569344946935294
0.5275795769826387 0.9569344946935294
0.5316199810230428 0.9569344946935294
0.5356603850634468 0.9569344946935294
0.5397007891038508 0.9569344946935294
0.5437411931442548 0.9569344946935294
0.5477815971846589 0.9569344946935294
0.551822001225063 0.9569344946935294
0.555862405265467 0.9569344946935294
0.5599028093058711 0.9569344946935294
0.5639432133462751 0.9569344946935294
0.5679836173866791 0.9569344946935294
0.5720240214270831 0.9569344946935294
0.5760644254674872 0.9569344946935294
0.5801048295078912 0.9569344946935294
0.5841452335482953 0.9569344946935294
0.5881856375886994 0.9569344946935294
0.5922260416291034 0.9569344946935294
0.5962664456695074 0.9569344946935294
0.6003068497099114 0.9569344946935294
0.6043472537503154 0.9569344946935294
0.6083876577907195 0.9569344946935294
0.6124280618311235 0.9569344946935294
0.6164684658715276 0.9569344946935294
0.6205088699119317 0.9569344946935294
0.6245492739523357 0.9569344946935294
0.6285896779927398 0.9569344946935294
0.6326300820331437 0.9569344946935294
0.6366704860735478 0.9569344946935294
0.6407108901139518 0.9569344946935294
0.6447512941543558 0.9569344946935294
0.6487916981947599 0.9569344946935294
0.652832102235164 0.9569344946935294
0.656872506275568 0.9569344946935294
0.6609129103159721 0.9569344946935294
0.6649533143563761 0.9569344946935294
0.6689937183967801 0.9569344946935294
0.6730341224371841 0.9569344946935294
0.6770745264775881 0.9569344946935294
0.6811149305179922 0.9569344946935294
0.6851553345583963 0.9569344946935294
0.6891957385988003 0.9569344946935294
0.6932361426392044 0.9569344946935294
0.6972765466796085 0.9569344946935294
0.3255593749624367 0.9609748987339335
0.3295997790028407 0.9609748987339335
0.3336401830432448 0.9609748987339335
0.3376805870836488 0.9609748987339335
0.34172099112405285 0.9609748987339335
0.3457613951644569 0.9609748987339335
0.34980179920486093 0.9609748987339335
0.35384220324526494 0.9609748987339335
0.357882607285669 0.9609748987339335
0.3619230113260731 0.9609748987339335
0.3659634153664771 0.9609748987339335
0.3700038194068811 0.9609748987339335
0.37404422344728516 0.9609748987339335
0.37808462748768923 0.9609748987339335
0.38212503152809324 0.9609748987339335
0.3861654355684973 0.9609748987339335
0.3902058396089013 0.9609748987339335
0.3942462436493054 0.9609748987339335
0.3982866476897094 0.9609748987339335
0.40232705173011346 0.9609748987339335
0.40636745577051747 0.9609748987339335
0.41040785981092154 0.9609748987339335
0.4144482638513256 0.9609748987339335
0.4184886678917296 0.9609748987339335
0.4225290719321336 0.9609748987339335
0.4265694759725377 0.9609748987339335
0.43060988001294176 0.9609748987339335
0.43465028405334577 0.9609748987339335
0.4386906880937498 0.9609748987339335
0.44273109213415385 0.9609748987339335
0.4467714961745579 0.9609748987339335
0.4508119002149619 0.9609748987339335
0.45485230425536594 0.9609748987339335
0.45889270829577 0.9609748987339335
0.46293311233617407 0.9609748987339335
0.46697351637657813 0.9609748987339335
0.47101392041698215 0.9609748987339335
0.47505432445738616 0.9609748987339335
0.4790947284977902 0.9609748987339335
0.4831351325381943 0.9609748987339335
0.4871755365785983 0.9609748987339335
0.4912159406190023 0.9609748987339335
0.4952563446594064 0.9609748987339335
0.49929674869981044 0.9609748987339335
0.5033371527402144 0.9609748987339335
0.5073775567806185 0.9609748987339335
0.5114179608210225 0.9609748987339335
0.5154583648614266 0.9609748987339335
0.5194987689018307 0.9609748987339335
0.5235391729422347 0.9609748987339335
0.5275795769826387 0.9609748987339335
0.5316199810230428 0.9609748987339335
0.5356603850634468 0.9609748987339335
0.5397007891038508 0.9609748987339335
0.5437411931442548 0.9609748987339335
0.5477815971846589 0.9609748987339335
0.551822001225063 0.9609748987339335
0.555862405265467 0.9609748987339335
0.5599028093058711 0.9609748987339335
0.5639432133462751 0.9609748987339335
0.5679836173866791 0.9609748987339335
0.5720240214270831 0.9609748987339335
0.5760644254674872 0.9609748987339335
0.5801048295078912 0.9609748987339335
0.5841452335482953 0.9609748987339335
0.5881856375886994 0.9609748987339335
0.5922260416291034 0.9609748987339335
0.5962664456695074 0.9609748987339335
0.6003068497099114 0.9609748987339335
0.6043472537503154 0.9609748987339335
0.6083876577907195 0.9609748987339335
0.6124280618311235 0.9609748987339335
0.6164684658715276 0.9609748987339335
0.6205088699119317 0.9609748987339335
0.6245492739523357 0.9609748987339335
0.6285896779927398 0.9609748987339335
0.6326300820331437 0.9609748987339335
0.6366704860735478 0.9609748987339335
0.6407108901139518 0.9609748987339335
0.6447512941543558 0.9609748987339335
0.6487916981947599 0.9609748987339335
0.652832102235164 0.9609748987339335
0.656872506275568 0.9609748987339335
0.6609129103159721 0.9609748987339335
0.6649533143563761 0.9609748987339335
0.6689937183967801 0.9609748987339335
0.6730341224371841 0.9609748987339335
0.6770745264775881 0.9609748987339335
0.6811149305179922 0.9609748987339335
0.6851553345583963 0.9609748987339335
0.6891957385988003 0.9609748987339335
0.6932361426392044 0.9609748987339335
0.6972765466796085 0.9609748987339335
0.31343816284122455 0.9650153027743376
0.31747856688162857 0.9650153027743376
0.32151897092203263 0.9650153027743376
0.3255593749624367 0.9650153027743376
0.3295997790028407 0.9650153027743376
0.3336401830432448 0.9650153027743376
0.3376805870836488 0.9650153027743376
0.34172099112405285 0.9650153027743376
0.3457613951644569 0.9650153027743376
0.34980179920486093 0.9650153027743376
0.35384220324526494 0.9650153027743376
0.357882607285669 0.9650153027743376
0.3619230113260731 0.9650153027743376
0.3659634153664771 0.9650153027743376
0.3700038194068811 0.9650153027743376
0.37404422344728516 0.9650153027743376
0.37808462748768923 0.9650153027743376
0.38212503152809324 0.9650153027743376
0.3861654355684973 0.9650153027743376
0.3902058396089013 0.9650153027743376
0.3942462436493054 0.9650153027743376
0.3982866476897094 0.9650153027743376
0.40232705173011346 0.9650153027743376
0.40636745577051747 0.9650153027743376
0.41040785981092154 0.9650153027743376
0.4144482638513256 0.9650153027743376
0.4184886678917296 0.9650153027743376
0.4225290719321336 0.9650153027743376
0.4265694759725377 0.9650153027743376
0.43060988001294176 0.9650153027743376
0.43465028405334577 0.9650153027743376
0.4386906880937498 0.9650153027743376
0.44273109213415385 0.9650153027743376
0.4467714961745579 0.9650153027743376
0.4508119002149619 0.9650153027743376
0.45485230425536594 0.9650153027743376
0.45889270829577 0.9650153027743376
0.46293311233617407 0.9650153027743376
0.46697351637657813 0.9650153027743376
0.47101392041698215 0.9650153027743376
0.47505432445738616 0.9650153027743376
0.4790947284977902 0.9650153027743376
0.4831351325381943 0.9650153027743376
0.4871755365785983 0.9650153027743376
0.4912159406190023 0.9650153027743376
0.4952563446594064 0.9650153027743376
0.49929674869981044 0.9650153027743376
0.5033371527402144 0.9650153027743376
0.5073775567806185 0.9650153027743376
0.5114179608210225 0.9650153027743376
0.5154583648614266 0.9650153027743376
0.5194987689018307 0.9650153027743376
0.5235391729422347 0.9650153027743376
0.5275795769826387 0.9650153027743376
0.5316199810230428 0.9650153027743376
0.5356603850634468 0.9650153027743376
0.5397007891038508 0.9650153027743376
0.5437411931442548 0.9650153027743376
0.5477815971846589 0.9650153027743376
0.551822001225063 0.9650153027743376
0.555862405265467 0.9650153027743376
0.5599028093058711 0.9650153027743376
0.5639432133462751 0.9650153027743376
0.5679836173866791 0.9650153027743376
0.5720240214270831 0.9650153027743376
0.5760644254674872 0.9650153027743376
0.5801048295078912 0.9650153027743376
0.5841452335482953 0.9650153027743376
0.5881856375886994 0.9650153027743376
0.5922260416291034 0.9650153027743376
0.5962664456695074 0.9650153027743376
0.6003068497099114 0.9650153027743376
0.6043472537503154 0.9650153027743376
0.6083876577907195 0.9650153027743376
0.6124280618311235 0.9650153027743376
0.6164684658715276 0.9650153027743376
0.6205088699119317 0.9650153027743376
0.6245492739523357 0.9650153027743376
0.6285896779927398 0.9650153027743376
0.6326300820331437 0.9650153027743376
0.6366704860735478 0.9650153027743376
0.6407108901139518 0.9650153027743376
0.6447512941543558 0.9650153027743376
0.6487916981947599 0.9650153027743376
0.652832102235164 0.9650153027743376
0.656872506275568 0.9650153027743376
0.6609129103159721 0.9650153027743376
0.6649533143563761 0.9650153027743376
0.6689937183967801 0.9650153027743376
0.6730341224371841 0.9650153027743376
0.6770745264775881 0.9650153027743376
0.6811149305179922 0.9650153027743376
0.6851553345583963 0.9650153027743376
0.6891957385988003 0.9650153027743376
0.6932361426392044 0.9650153027743376
0.6972765466796085 0.9650153027743376
0.3013169507200124 0.9690557068147416
0.3053573547604165 0.9690557068147416
0.30939775880082054 0.9690557068147416
0.31343816284122455 0.9690557068147416
0.31747856688162857 0.9690557068147416
0.32151897092203263 0.9690557068147416
0.3255593749624367 0.9690557068147416
0.3295997790028407 0.9690557068147416
0.3336401830432448 0.9690557068147416
0.3376805870836488 0.9690557068147416
0.34172099112405285 0.9690557068147416
0.3457613951644569 0.9690557068147416
0.34980179920486093 0.9690557068147416
0.35384220324526494 0.9690557068147416
0.357882607285669 0.9690557068147416
0.3619230113260731 0.9690557068147416
0.3659634153664771 0.9690557068147416
0.3700038194068811 0.9690557068147416
0.37404422344728516 0.9690557068147416
0.37808462748768923 0.9690557068147416
0.38212503152809324 0.9690557068147416
0.3861654355684973 0.9690557068147416
0.3902058396089013 0.9690557068147416
0.3942462436493054 0.9690557068147416
0.3982866476897094 0.9690557068147416
0.40232705173011346 0.9690557068147416
0.40636745577051747 0.9690557068147416
0.41040785981092154 0.9690557068147416
0.4144482638513256 0.9690557068147416
0.4184886678917296 0.9690557068147416
0.4225290719321336 0.9690557068147416
0.4265694759725377 0.9690557068147416
0.43060988001294176 0.9690557068147416
0.43465028405334577 0.9690557068147416
0.4386906880937498 0.9690557068147416
0.44273109213415385 0.9690557068147416
0.4467714961745579 0.9690557068147416
0.4508119002149619 0.9690557068147416
0.45485230425536594 0.9690557068147416
0.45889270829577 0.9690557068147416
0.46293311233617407 0.9690557068147416
0.46697351637657813 0.9690557068147416
0.47101392041698215 0.9690557068147416
0.47505432445738616 0.9690557068147416
0.4790947284977902 0.9690557068147416
0.4831351325381943 0.9690557068147416
0.4871755365785983 0.9690557068147416
0.4912159406190023 0.9690557068147416
0.4952563446594064 0.9690557068147416
0.49929674869981044 0.9690557068147416
0.5033371527402144 0.9690557068147416
0.5073775567806185 0.9690557068147416
0.5114179608210225 0.9690557068147416
0.5154583648614266 0.9690557068147416
0.5194987689018307 0.9690557068147416
0.5235391729422347 0.9690557068147416
0.5275795769826387 0.9690557068147416
0.5316199810230428 0.9690557068147416
0.5356603850634468 0.9690557068147416
0.5397007891038508 0.9690557068147416
0.5437411931442548 0.9690557068147416
0.5477815971846589 0.9690557068147416
0.551822001225063 0.9690557068147416
0.555862405265467 0.9690557068147416
0.5599028093058711 0.9690557068147416
0.5639432133462751 0.9690557068147416
0.5679836173866791 0.9690557068147416
0.5720240214270831 0.9690557068147416
0.5760644254674872 0.9690557068147416
0.5801048295078912 0.9690557068147416
0.5841452335482953 0.9690557068147416
0.5881856375886994 0.9690557068147416
0.5922260416291034 0.9690557068147416
0.5962664456695074 0.9690557068147416
0.6003068497099114 0.9690557068147416
0.6043472537503154 0.9690557068147416
0.6083876577907195 0.9690557068147416
0.6124280618311235 0.9690557068147416
0.6164684658715276 0.9690557068147416
0.6205088699119317 0.9690557068147416
0.6245492739523357 0.9690557068147416
0.6285896779927398 0.9690557068147416
0.6326300820331437 0.9690557068147416
0.6366704860735478 0.9690557068147416
0.6407108901139518 0.9690557068147416
0.6447512941543558 0.9690557068147416
0.6487916981947599 0.9690557068147416
0.652832102235164 0.9690557068147416
0.656872506275568 0.9690557068147416
0.6609129103159721 0.9690557068147416
0.6649533143563761 0.9690557068147416
0.6689937183967801 0.9690557068147416
0.6730341224371841 0.9690557068147416
0.6770745264775881 0.9690557068147416
0.6811149305179922 0.9690557068147416
0.6851553345583963 0.9690557068147416
0.6891957385988003 0.9690557068147416
0.6932361426392044 0.9690557068147416
0.6972765466796085 0.9690557068147416
0.2972765466796084 0.9730961108551457
0.3013169507200124 0.9730961108551457
0.3053573547604165 0.9730961108551457
0.30939775880082054 0.9730961108551457
0.31343816284122455 0.9730961108551457
0.31747856688162857 0.9730961108551457
0.32151897092203263 0.9730961108551457
0.3255593749624367 0.9730961108551457
0.3295997790028407 0.9730961108551457
0.3336401830432448 0.9730961108551457
0.3376805870836488 0.9730961108551457
0.34172099112405285 0.9730961108551457
0.3457613951644569 0.9730961108551457
0.34980179920486093 0.9730961108551457
0.35384220324526494 0.9730961108551457
0.357882607285669 0.9730961108551457
0.3619230113260731 0.9730961108551457
0.3659634153664771 0.9730961108551457
0.3700038194068811 0.9730961108551457
0.37404422344728516 0.9730961108551457
0.37808462748768923 0.9730961108551457
0.38212503152809324 0.9730961108551457
0.3861654355684973 0.9730961108551457
0.3902058396089013 0.9730961108551457
0.3942462436493054 0.9730961108551457
0.3982866476897094 0.9730961108551457
0.40232705173011346 0.9730961108551457
0.40636745577051747 0.9730961108551457
0.41040785981092154 0.9730961108551457
0.4144482638513256 0.9730961108551457
0.4184886678917296 0.9730961108551457
0.4225290719321336 0.9730961108551457
0.4265694759725377 0.9730961108551457
0.43060988001294176 0.9730961108551457
0.43465028405334577 0.9730961108551457
0.4386906880937498 0.9730961108551457
0.44273109213415385 0.9730961108551457
0.4467714961745579 0.9730961108551457
0.4508119002149619 0.9730961108551457
0.45485230425536594 0.9730961108551457
0.45889270829577 0.9730961108551457
0.46293311233617407 0.9730961108551457
0.46697351637657813 0.9730961108551457
0.47101392041698215 0.9730961108551457
0.47505432445738616 0.9730961108551457
0.4790947284977902 0.9730961108551457
0.4831351325381943 0.9730961108551457
0.4871755365785983 0.9730961108551457
0.4912159406190023 0.9730961108551457
0.4952563446594064 0.9730961108551457
0.49929674869981044 0.9730961108551457
0.5033371527402144 0.9730961108551457
0.5073775567806185 0.9730961108551457
0.5114179608210225 0.9730961108551457
0.5154583648614266 0.9730961108551457
0.5194987689018307 0.9730961108551457
0.5235391729422347 0.9730961108551457
0.5275795769826387 0.9730961108551457
0.5316199810230428 0.9730961108551457
0.5356603850634468 0.9730961108551457
0.5397007891038508 0.9730961108551457
0.5437411931442548 0.9730961108551457
0.5477815971846589 0.9730961108551457
0.551822001225063 0.9730961108551457
0.555862405265467 0.9730961108551457
0.5599028093058711 0.9730961108551457
0.5639432133462751 0.9730961108551457
0.5679836173866791 0.9730961108551457
0.5720240214270831 0.9730961108551457
0.5760644254674872 0.9730961108551457
0.5801048295078912 0.9730961108551457
0.5841452335482953 0.9730961108551457
0.5881856375886994 0.9730961108551457
0.5922260416291034 0.9730961108551457
0.5962664456695074 0.9730961108551457
0.6003068497099114 0.9730961108551457
0.6043472537503154 0.9730961108551457
0.6083876577907195 0.9730961108551457
0.6124280618311235 0.9730961108551457
0.6164684658715276 0.9730961108551457
0.6205088699119317 0.9730961108551457
0.6245492739523357 0.9730961108551457
0.6285896779927398 0.9730961108551457
0.6326300820331437 0.9730961108551457
0.6366704860735478 0.9730961108551457
0.6407108901139518 0.9730961108551457
0.6447512941543558 0.9730961108551457
0.6487916981947599 0.9730961108551457
0.652832102235164 0.9730961108551457
0.656872506275568 0.9730961108551457
0.6609129103159721 0.9730961108551457
0.6649533143563761 0.9730961108551457
0.6689937183967801 0.9730961108551457
0.6730341224371841 0.9730961108551457
0.6770745264775881 0.9730961108551457
0.6811149305179922 0.9730961108551457
0.6851553345583963 0.9730961108551457
0.6891957385988003 0.9730961108551457
0.6932361426392044 0.9730961108551457
0.6972765466796085 0.9730961108551457
0.2972765466796084 0.9771365148955498
0.3013169507200124 0.9771365148955498
0.3053573547604165 0.9771365148955498
0.30939775880082054 0.9771365148955498
0.31343816284122455 0.9771365148955498
0.31747856688162857 0.9771365148955498
0.32151897092203263 0.9771365148955498
0.3255593749624367 0.9771365148955498
0.3295997790028407 0.9771365148955498
0.3336401830432448 0.9771365148955498
0.3376805870836488 0.9771365148955498
0.34172099112405285 0.9771365148955498
0.3457613951644569 0.9771365148955498
0.34980179920486093 0.9771365148955498
0.35384220324526494 0.9771365148955498
0.357882607285669 0.9771365148955498
0.3619230113260731 0.9771365148955498
0.3659634153664771 0.9771365148955498
0.3700038194068811 0.9771365148955498
0.37404422344728516 0.9771365148955498
0.37808462748768923 0.9771365148955498
0.38212503152809324 0.9771365148955498
0.3861654355684973 0.9771365148955498
0.3902058396089013 0.9771365148955498
0.3942462436493054 0.9771365148955498
0.3982866476897094 0.9771365148955498
0.40232705173011346 0.9771365148955498
0.40636745577051747 0.9771365148955498
0.41040785981092154 0.9771365148955498
0.4144482638513256 0.9771365148955498
0.4184886678917296 0.9771365148955498
0.4225290719321336 0.9771365148955498
0.4265694759725377 0.9771365148955498
0.43060988001294176 0.9771365148955498
0.43465028405334577 0.9771365148955498
0.4386906880937498 0.9771365148955498
0.44273109213415385 0.9771365148955498
0.4467714961745579 0.9771365148955498
0.4508119002149619 0.9771365148955498
0.45485230425536594 0.9771365148955498
0.45889270829577 0.9771365148955498
0.46293311233617407 0.9771365148955498
0.46697351637657813 0.9771365148955498
0.47101392041698215 0.9771365148955498
0.47505432445738616 0.9771365148955498
0.4790947284977902 0.9771365148955498
0.4831351325381943 0.9771365148955498
0.4871755365785983 0.9771365148955498
0.4912159406190023 0.9771365148955498
0.4952563446594064 0.9771365148955498
0.49929674869981044 0.9771365148955498
0.5033371527402144 0.9771365148955498
0.5073775567806185 0.9771365148955498
0.5114179608210225 0.9771365148955498
0.5154583648614266 0.9771365148955498
0.5194987689018307 0.9771365148955498
0.5235391729422347 0.9771365148955498
0.5275795769826387 0.9771365148955498
0.5316199810230428 0.9771365148955498
0.5356603850634468 0.9771365148955498
0.5397007891038508 0.9771365148955498
0.5437411931442548 0.9771365148955498
0.5477815971846589 0.9771365148955498
0.551822001225063 0.9771365148955498
0.555862405265467 0.9771365148955498
0.5599028093058711 0.9771365148955498
0.5639432133462751 0.9771365148955498
0.5679836173866791 0.9771365148955498
0.5720240214270831 0.9771365148955498
0.5760644254674872 0.9771365148955498
0.5801048295078912 0.9771365148955498
0.5841452335482953 0.9771365148955498
0.5881856375886994 0.9771365148955498
0.5922260416291034 0.9771365148955498
0.5962664456695074 0.9771365148955498
0.6003068497099114 0.9771365148955498
0.6043472537503154 0.9771365148955498
0.6083876577907195 0.9771365148955498
0.6124280618311235 0.9771365148955498
0.6164684658715276 0.9771365148955498
0.6205088699119317 0.9771365148955498
0.6245492739523357 0.9771365148955498
0.6285896779927398 0.9771365148955498
0.6326300820331437 0.9771365148955498
0.6366704860735478 0.9771365148955498
0.6407108901139518 0.9771365148955498
0.6447512941543558 0.9771365148955498
0.6487916981947599 0.9771365148955498
0.652832102235164 0.9771365148955498
0.656872506275568 0.9771365148955498
0.6609129103159721 0.9771365148955498
0.6649533143563761 0.9771365148955498
0.6689937183967801 0.9771365148955498
0.6730341224371841 0.9771365148955498
0.6770745264775881 0.9771365148955498
0.6811149305179922 0.9771365148955498
0.6851553345583963 0.9771365148955498
0.6891957385988003 0.9771365148955498
0.6932361426392044 0.9771365148955498
0.6972765466796085 0.9771365148955498
0.2972765466796084 0.9811769189359537
0.3013169507200124 0.9811769189359537
0.3053573547604165 0.9811769189359537
0.30939775880082054 0.9811769189359537
0.31343816284122455 0.9811769189359537
0.31747856688162857 0.9811769189359537
0.32151897092203263 0.9811769189359537
0.3255593749624367 0.9811769189359537
0.3295997790028407 0.9811769189359537
0.3336401830432448 0.9811769189359537
0.3376805870836488 0.9811769189359537
0.34172099112405285 0.9811769189359537
0.3457613951644569 0.9811769189359537
0.34980179920486093 0.9811769189359537
0.35384220324526494 0.9811769189359537
0.357882607285669 0.9811769189359537
0.3619230113260731 0.9811769189359537
0.3659634153664771 0.9811769189359537
0.3700038194068811 0.9811769189359537
0.37404422344728516 0.9811769189359537
0.37808462748768923 0.9811769189359537
0.38212503152809324 0.9811769189359537
0.3861654355684973 0.9811769189359537
0.3902058396089013 0.9811769189359537
0.3942462436493054 0.9811769189359537
0.3982866476897094 0.9811769189359537
0.40232705173011346 0.9811769189359537
0.40636745577051747 0.9811769189359537
0.41040785981092154 0.9811769189359537
0.4144482638513256 0.9811769189359537
0.4184886678917296 0.9811769189359537
0.4225290719321336 0.9811769189359537
0.4265694759725377 0.9811769189359537
0.43060988001294176 0.9811769189359537
0.43465028405334577 0.9811769189359537
0.4386906880937498 0.9811769189359537
0.44273109213415385 0.9811769189359537
0.4467714961745579 0.9811769189359537
0.4508119002149619 0.9811769189359537
0.45485230425536594 0.9811769189359537
0.45889270829577 0.9811769189359537
0.46293311233617407 0.9811769189359537
0.46697351637657813 0.9811769189359537
0.47101392041698215 0.9811769189359537
0.47505432445738616 0.9811769189359537
0.4790947284977902 0.9811769189359537
0.4831351325381943 0.9811769189359537
0.4871755365785983 0.9811769189359537
0.4912159406190023 0.9811769189359537
0.4952563446594064 0.9811769189359537
0.49929674869981044 0.9811769189359537
0.5033371527402144 0.9811769189359537
0.5073775567806185 0.9811769189359537
0.5114179608210225 0.9811769189359537
0.5154583648614266 0.9811769189359537
0.5194987689018307 0.9811769189359537
0.5235391729422347 0.9811769189359537
0.5275795769826387 0.9811769189359537
0.5316199810230428 0.9811769189359537
0.5356603850634468 0.9811769189359537
0.5397007891038508 0.9811769189359537
0.5437411931442548 0.9811769189359537
0.5477815971846589 0.9811769189359537
0.551822001225063 0.9811769189359537
0.555862405265467 0.9811769189359537
0.5599028093058711 0.9811769189359537
0.5639432133462751 0.9811769189359537
0.5679836173866791 0.9811769189359537
0.5720240214270831 0.9811769189359537
0.5760644254674872 0.9811769189359537
0.5801048295078912 0.9811769189359537
0.5841452335482953 0.9811769189359537
0.5881856375886994 0.9811769189359537
0.5922260416291034 0.9811769189359537
0.5962664456695074 0.9811769189359537
0.6003068497099114 0.9811769189359537
0.6043472537503154 0.9811769189359537
0.6083876577907195 0.9811769189359537
0.6124280618311235 0.9811769189359537
0.6164684658715276 0.9811769189359537
0.6205088699119317 0.9811769189359537
0.6245492739523357 0.9811769189359537
0.6285896779927398 0.9811769189359537
0.6326300820331437 0.9811769189359537
0.6366704860735478 0.9811769189359537
0.6407108901139518 0.9811769189359537
0.6447512941543558 0.9811769189359537
0.6487916981947599 0.9811769189359537
0.652832102235164 0.9811769189359537
0.656872506275568 0.9811769189359537
0.6609129103159721 0.9811769189359537
0.6649533143563761 0.9811769189359537
0.6689937183967801 0.9811769189359537
0.6730341224371841 0.9811769189359537
0.6770745264775881 0.9811769189359537
0.6811149305179922 0.9811769189359537
0.6851553345583963 0.9811769189359537
0.6891957385988003 0.9811769189359537
0.6932361426392044 0.9811769189359537
0.6972765466796085 0.9811769189359537
0.2972765466796084 0.9852173229763578
0.3013169507200124 0.9852173229763578
0.3053573547604165 0.9852173229763578
0.30939775880082054 0.9852173229763578
0.31343816284122455 0.9852173229763578
0.31747856688162857 0.9852173229763578
0.32151897092203263 0.9852173229763578
0.3255593749624367 0.9852173229763578
0.3295997790028407 0.9852173229763578
0.3336401830432448 0.9852173229763578
0.3376805870836488 0.9852173229763578
0.34172099112405285 0.9852173229763578
0.3457613951644569 0.9852173229763578
0.34980179920486093 0.9852173229763578
0.35384220324526494 0.9852173229763578
0.357882607285669 0.9852173229763578
0.3619230113260731 0.9852173229763578
0.3659634153664771 0.9852173229763578
0.3700038194068811 0.9852173229763578
0.37404422344728516 0.9852173229763578
0.37808462748768923 0.9852173229763578
0.38212503152809324 0.9852173229763578
0.3861654355684973 0.9852173229763578
0.3902058396089013 0.9852173229763578
0.3942462436493054 0.9852173229763578
0.3982866476897094 0.9852173229763578
0.40232705173011346 0.9852173229763578
0.40636745577051747 0.9852173229763578
0.41040785981092154 0.9852173229763578
0.4144482638513256 0.9852173229763578
0.4184886678917296 0.9852173229763578
0.4225290719321336 0.9852173229763578
0.4265694759725377 0.9852173229763578
0.43060988001294176 0.9852173229763578
0.43465028405334577 0.9852173229763578
0.4386906880937498 0.9852173229763578
0.44273109213415385 0.9852173229763578
0.4467714961745579 0.9852173229763578
0.4508119002149619 0.9852173229763578
0.45485230425536594 0.9852173229763578
0.45889270829577 0.9852173229763578
0.46293311233617407 0.9852173229763578
0.46697351637657813 0.9852173229763578
0.47101392041698215 0.9852173229763578
0.47505432445738616 0.9852173229763578
0.4790947284977902 0.9852173229763578
0.4831351325381943 0.9852173229763578
0.4871755365785983 0.9852173229763578
0.4912159406190023 0.9852173229763578
0.4952563446594064 0.9852173229763578
0.49929674869981044 0.9852173229763578
0.5033371527402144 0.9852173229763578
0.5073775567806185 0.9852173229763578
0.5114179608210225 0.9852173229763578
0.5154583648614266 0.9852173229763578
0.5194987689018307 0.9852173229763578
0.5235391729422347 0.9852173229763578
0.5275795769826387 0.9852173229763578
0.5316199810230428 0.9852173229763578
0.5356603850634468 0.9852173229763578
0.5397007891038508 0.9852173229763578
0.5437411931442548 0.9852173229763578
0.5477815971846589 0.9852173229763578
0.551822001225063 0.9852173229763578
0.555862405265467 0.9852173229763578
0.5599028093058711 0.9852173229763578
0.5639432133462751 0.9852173229763578
0.5679836173866791 0.9852173229763578
0.5720240214270831 0.9852173229763578
0.5760644254674872 0.9852173229763578
0.5801048295078912 0.9852173229763578
0.5841452335482953 0.9852173229763578
0.5881856375886994 0.9852173229763578
0.5922260416291034 0.9852173229763578
0.5962664456695074 0.9852173229763578
0.6003068497099114 0.9852173229763578
0.6043472537503154 0.9852173229763578
0.6083876577907195 0.9852173229763578
0.6124280618311235 0.9852173229763578
0.6164684658715276 0.9852173229763578
0.6205088699119317 0.9852173229763578
0.6245492739523357 0.9852173229763578
0.6285896779927398 0.9852173229763578
0.6326300820331437 0.9852173229763578
0.6366704860735478 0.9852173229763578
0.6407108901139518 0.9852173229763578
0.6447512941543558 0.9852173229763578
0.6487916981947599 0.9852173229763578
0.652832102235164 0.9852173229763578
0.656872506275568 0.9852173229763578
0.6609129103159721 0.9852173229763578
0.6649533143563761 0.9852173229763578
0.6689937183967801 0.9852173229763578
0.6730341224371841 0.9852173229763578
0.6770745264775881 0.9852173229763578
0.6811149305179922 0.9852173229763578
0.6851553345583963 0.9852173229763578
0.6891957385988003 0.9852173229763578
0.6932361426392044 0.9852173229763578
0.6972765466796085 0.9852173229763578
0.2972765466796084 0.9892577270167617
0.3013169507200124 0.9892577270167617
0.3053573547604165 0.9892577270167617
0.30939775880082054 0.9892577270167617
0.31343816284122455 0.9892577270167617
0.31747856688162857 0.9892577270167617
0.32151897092203263 0.9892577270167617
0.3255593749624367 0.9892577270167617
0.3295997790028407 0.9892577270167617
0.3336401830432448 0.9892577270167617
0.3376805870836488 0.9892577270167617
0.34172099112405285 0.9892577270167617
0.3457613951644569 0.9892577270167617
0.34980179920486093 0.9892577270167617
0.35384220324526494 0.9892577270167617
0.357882607285669 0.9892577270167617
0.3619230113260731 0.9892577270167617
0.3659634153664771 0.9892577270167617
0.3700038194068811 0.9892577270167617
0.37404422344728516 0.9892577270167617
0.37808462748768923 0.9892577270167617
0.38212503152809324 0.9892577270167617
0.3861654355684973 0.9892577270167617
0.3902058396089013 0.9892577270167617
0.3942462436493054 0.9892577270167617
0.3982866476897094 0.9892577270167617
0.40232705173011346 0.9892577270167617
0.40636745577051747 0.9892577270167617
0.41040785981092154 0.9892577270167617
0.4144482638513256 0.9892577270167617
0.4184886678917296 0.9892577270167617
0.4225290719321336 0.9892577270167617
0.4265694759725377 0.9892577270167617
0.43060988001294176 0.9892577270167617
0.43465028405334577 0.9892577270167617
0.4386906880937498 0.9892577270167617
0.44273109213415385 0.9892577270167617
0.4467714961745579 0.9892577270167617
0.4508119002149619 0.9892577270167617
0.45485230425536594 0.9892577270167617
0.45889270829577 0.9892577270167617
0.46293311233617407 0.9892577270167617
0.46697351637657813 0.9892577270167617
0.47101392041698215 0.9892577270167617
0.47505432445738616 0.9892577270167617
0.4790947284977902 0.9892577270167617
0.4831351325381943 0.9892577270167617
0.4871755365785983 0.9892577270167617
0.4912159406190023 0.9892577270167617
0.4952563446594064 0.9892577270167617
0.49929674869981044 0.9892577270167617
0.5033371527402144 0.9892577270167617
0.5073775567806185 0.9892577270167617
0.5114179608210225 0.9892577270167617
0.5154583648614266 0.9892577270167617
0.5194987689018307 0.9892577270167617
0.5235391729422347 0.9892577270167617
0.5275795769826387 0.9892577270167617
0.5316199810230428 0.9892577270167617
0.5356603850634468 0.9892577270167617
0.5397007891038508 0.9892577270167617
0.5437411931442548 0.9892577270167617
0.5477815971846589 0.9892577270167617
0.551822001225063 0.9892577270167617
0.555862405265467 0.9892577270167617
0.5599028093058711 0.9892577270167617
0.5639432133462751 0.9892577270167617
0.5679836173866791 0.9892577270167617
0.5720240214270831 0.9892577270167617
0.5760644254674872 0.9892577270167617
0.5801048295078912 0.9892577270167617
0.5841452335482953 0.9892577270167617
0.5881856375886994 0.9892577270167617
0.5922260416291034 0.9892577270167617
0.5962664456695074 0.9892577270167617
0.6003068497099114 0.9892577270167617
0.6043472537503154 0.9892577270167617
0.6083876577907195 0.9892577270167617
0.6124280618311235 0.9892577270167617
0.6164684658715276 0.9892577270167617
0.6205088699119317 0.9892577270167617
0.6245492739523357 0.9892577270167617
0.6285896779927398 0.9892577270167617
0.6326300820331437 0.9892577270167617
0.6366704860735478 0.9892577270167617
0.6407108901139518 0.9892577270167617
0.6447512941543558 0.9892577270167617
0.6487916981947599 0.9892577270167617
0.652832102235164 0.9892577270167617
0.656872506275568 0.9892577270167617
0.6609129103159721 0.9892577270167617
0.6649533143563761 0.9892577270167617
0.6689937183967801 0.9892577270167617
0.6730341224371841 0.9892577270167617
0.6770745264775881 0.9892577270167617
0.6811149305179922 0.9892577270167617
0.6851553345583963 0.9892577270167617
0.6891957385988003 0.9892577270167617
0.6932361426392044 0.9892577270167617
0.6972765466796085 0.9892577270167617
0.2972765466796084 0.9932981310571658
0.3013169507200124 0.9932981310571658
0.3053573547604165 0.9932981310571658
0.30939775880082054 0.9932981310571658
0.31343816284122455 0.9932981310571658
0.31747856688162857 0.9932981310571658
0.32151897092203263 0.9932981310571658
0.3255593749624367 0.9932981310571658
0.3295997790028407 0.9932981310571658
0.3336401830432448 0.9932981310571658
0.3376805870836488 0.9932981310571658
0.34172099112405285 0.9932981310571658
0.3457613951644569 0.9932981310571658
0.34980179920486093 0.9932981310571658
0.35384220324526494 0.9932981310571658
0.357882607285669 0.9932981310571658
0.3619230113260731 0.9932981310571658
0.3659634153664771 0.9932981310571658
0.3700038194068811 0.9932981310571658
0.37404422344728516 0.9932981310571658
0.37808462748768923 0.9932981310571658
0.38212503152809324 0.9932981310571658
0.3861654355684973 0.9932981310571658
0.3902058396089013 0.9932981310571658
0.3942462436493054 0.9932981310571658
0.3982866476897094 0.9932981310571658
0.40232705173011346 0.9932981310571658
0.40636745577051747 0.9932981310571658
0.41040785981092154 0.9932981310571658
0.4144482638513256 0.9932981310571658
0.4184886678917296 0.9932981310571658
0.4225290719321336 0.9932981310571658
0.4265694759725377 0.9932981310571658
0.43060988001294176 0.9932981310571658
0.43465028405334577 0.9932981310571658
0.4386906880937498 0.9932981310571658
0.44273109213415385 0.9932981310571658
0.4467714961745579 0.9932981310571658
0.4508119002149619 0.9932981310571658
0.45485230425536594 0.9932981310571658
0.45889270829577 0.9932981310571658
0.46293311233617407 0.9932981310571658
0.46697351637657813 0.9932981310571658
0.47101392041698215 0.9932981310571658
0.47505432445738616 0.9932981310571658
0.4790947284977902 0.9932981310571658
0.4831351325381943 0.9932981310571658
0.4871755365785983 0.9932981310571658
0.4912159406190023 0.9932981310571658
0.4952563446594064 0.9932981310571658
0.49929674869981044 0.9932981310571658
0.5033371527402144 0.9932981310571658
0.5073775567806185 0.9932981310571658
0.5114179608210225 0.9932981310571658
0.5154583648614266 0.9932981310571658
0.5194987689018307 0.9932981310571658
0.5235391729422347 0.9932981310571658
0.5275795769826387 0.9932981310571658
0.5316199810230428 0.9932981310571658
0.5356603850634468 0.9932981310571658
0.5397007891038508 0.9932981310571658
0.5437411931442548 0.9932981310571658
0.5477815971846589 0.9932981310571658
0.551822001225063 0.9932981310571658
0.555862405265467 0.9932981310571658
0.5599028093058711 0.9932981310571658
0.5639432133462751 0.9932981310571658
0.5679836173866791 0.9932981310571658
0.5720240214270831 0.9932981310571658
0.5760644254674872 0.9932981310571658
0.5801048295078912 0.9932981310571658
0.5841452335482953 0.9932981310571658
0.5881856375886994 0.9932981310571658
0.5922260416291034 0.9932981310571658
0.5962664456695074 0.9932981310571658
0.6003068497099114 0.9932981310571658
0.6043472537503154 0.9932981310571658
0.6083876577907195 0.9932981310571658
0.6124280618311235 0.9932981310571658
0.6164684658715276 0.9932981310571658
0.6205088699119317 0.9932981310571658
0.6245492739523357 0.9932981310571658
0.6285896779927398 0.9932981310571658
0.6326300820331437 0.9932981310571658
0.6366704860735478 0.9932981310571658
0.6407108901139518 0.9932981310571658
0.6447512941543558 0.9932981310571658
0.6487916981947599 0.9932981310571658
0.652832102235164 0.9932981310571658
0.656872506275568 0.9932981310571658
0.6609129103159721 0.9932981310571658
0.6649533143563761 0.9932981310571658
0.6689937183967801 0.9932981310571658
0.6730341224371841 0.9932981310571658
0.6770745264775881 0.9932981310571658
0.6811149305179922 0.9932981310571658
0.6851553345583963 0.9932981310571658
0.6891957385988003 0.9932981310571658
0.6932361426392044 0.9932981310571658
0.6972765466796085 0.9932981310571658
0.2972765466796084 0.9973385350975699
0.3013169507200124 0.9973385350975699
0.3053573547604165 0.9973385350975699
0.30939775880082054 0.9973385350975699
0.31343816284122455 0.9973385350975699
0.31747856688162857 0.9973385350975699
0.32151897092203263 0.9973385350975699
0.3255593749624367 0.9973385350975699
0.3295997790028407 0.9973385350975699
0.3336401830432448 0.9973385350975699
0.3376805870836488 0.9973385350975699
0.34172099112405285 0.9973385350975699
0.3457613951644569 0.9973385350975699
0.34980179920486093 0.9973385350975699
0.35384220324526494 0.9973385350975699
0.357882607285669 0.9973385350975699
0.3619230113260731 0.9973385350975699
0.3659634153664771 0.9973385350975699
0.3700038194068811 0.9973385350975699
0.37404422344728516 0.9973385350975699
0.37808462748768923 0.9973385350975699
0.38212503152809324 0.9973385350975699
0.3861654355684973 0.9973385350975699
0.3902058396089013 0.9973385350975699
0.3942462436493054 0.9973385350975699
0.3982866476897094 0.9973385350975699
0.40232705173011346 0.9973385350975699
0.40636745577051747 0.9973385350975699
0.41040785981092154 0.9973385350975699
0.4144482638513256 0.9973385350975699
0.4184886678917296 0.9973385350975699
0.4225290719321336 0.9973385350975699
0.4265694759725377 0.9973385350975699
0.43060988001294176 0.9973385350975699
0.43465028405334577 0.9973385350975699
0.4386906880937498 0.9973385350975699
0.44273109213415385 0.9973385350975699
0.4467714961745579 0.9973385350975699
0.4508119002149619 0.9973385350975699
0.45485230425536594 0.9973385350975699
0.45889270829577 0.9973385350975699
0.46293311233617407 0.9973385350975699
0.46697351637657813 0.9973385350975699
0.47101392041698215 0.9973385350975699
0.47505432445738616 0.9973385350975699
0.4790947284977902 0.9973385350975699
0.4831351325381943 0.9973385350975699
0.4871755365785983 0.9973385350975699
0.4912159406190023 0.9973385350975699
0.4952563446594064 0.9973385350975699
0.49929674869981044 0.9973385350975699
0.5033371527402144 0.9973385350975699
0.5073775567806185 0.9973385350975699
0.5114179608210225 0.9973385350975699
0.5154583648614266 0.9973385350975699
0.5194987689018307 0.9973385350975699
0.5235391729422347 0.9973385350975699
0.5275795769826387 0.9973385350975699
0.5316199810230428 0.9973385350975699
0.5356603850634468 0.9973385350975699
0.5397007891038508 0.9973385350975699
0.5437411931442548 0.9973385350975699
0.5477815971846589 0.9973385350975699
0.551822001225063 0.9973385350975699
0.555862405265467 0.9973385350975699
0.5599028093058711 0.9973385350975699
0.5639432133462751 0.9973385350975699
0.5679836173866791 0.9973385350975699
0.5720240214270831 0.9973385350975699
0.5760644254674872 0.9973385350975699
0.5801048295078912 0.9973385350975699
0.5841452335482953 0.9973385350975699
0.5881856375886994 0.9973385350975699
0.5922260416291034 0.9973385350975699
0.5962664456695074 0.9973385350975699
0.6003068497099114 0.9973385350975699
0.6043472537503154 0.9973385350975699
0.6083876577907195 0.9973385350975699
0.6124280618311235 0.9973385350975699
0.6164684658715276 0.9973385350975699
0.6205088699119317 0.9973385350975699
0.6245492739523357 0.9973385350975699
0.6285896779927398 0.9973385350975699
0.6326300820331437 0.9973385350975699
0.6366704860735478 0.9973385350975699
0.6407108901139518 0.9973385350975699
0.6447512941543558 0.9973385350975699
0.6487916981947599 0.9973385350975699
0.652832102235164 0.9973385350975699
0.656872506275568 0.9973385350975699
0.6609129103159721 0.9973385350975699
0.6649533143563761 0.9973385350975699
0.6689937183967801 0.9973385350975699
0.6730341224371841 0.9973385350975699
0.6770745264775881 0.9973385350975699
0.6811149305179922 0.9973385350975699
0.6851553345583963 0.9973385350975699
0.6891957385988003 0.9973385350975699
0.6932361426392044 0.9973385350975699
0.6972765466796085 0.9973385350975699
0.2972765466796084 1.001378939137974
0.3013169507200124 1.001378939137974
0.3053573547604165 1.001378939137974
0.30939775880082054 1.001378939137974
0.31343816284122455 1.001378939137974
0.31747856688162857 1.001378939137974
0.32151897092203263 1.001378939137974
0.3255593749624367 1.001378939137974
0.3295997790028407 1.001378939137974
0.3336401830432448 1.001378939137974
0.3376805870836488 1.001378939137974
0.34172099112405285 1.001378939137974
0.3457613951644569 1.001378939137974
0.34980179920486093 1.001378939137974
0.35384220324526494 1.001378939137974
0.357882607285669 1.001378939137974
0.3619230113260731 1.001378939137974
0.3659634153664771 1.001378939137974
0.3700038194068811 1.001378939137974
0.37404422344728516 1.001378939137974
0.37808462748768923 1.001378939137974
0.38212503152809324 1.001378939137974
0.3861654355684973 1.001378939137974
0.3902058396089013 1.001378939137974
0.3942462436493054 1.001378939137974
0.3982866476897094 1.001378939137974
0.40232705173011346 1.001378939137974
0.40636745577051747 1.001378939137974
0.41040785981092154 1.001378939137974
0.4144482638513256 1.001378939137974
0.4184886678917296 1.001378939137974
0.4225290719321336 1.001378939137974
0.4265694759725377 1.001378939137974
0.43060988001294176 1.001378939137974
0.43465028405334577 1.001378939137974
0.4386906880937498 1.001378939137974
0.44273109213415385 1.001378939137974
0.4467714961745579 1.001378939137974
0.4508119002149619 1.001378939137974
0.45485230425536594 1.001378939137974
0.45889270829577 1.001378939137974
0.46293311233617407 1.001378939137974
0.46697351637657813 1.001378939137974
0.47101392041698215 1.001378939137974
0.47505432445738616 1.001378939137974
0.4790947284977902 1.001378939137974
0.4831351325381943 1.001378939137974
0.4871755365785983 1.001378939137974
0.4912159406190023 1.001378939137974
0.4952563446594064 1.001378939137974
0.49929674869981044 1.001378939137974
0.5033371527402144 1.001378939137974
0.5073775567806185 1.001378939137974
0.5114179608210225 1.001378939137974
0.5154583648614266 1.001378939137974
0.5194987689018307 1.001378939137974
0.5235391729422347 1.001378939137974
0.5275795769826387 1.001378939137974
0.5316199810230428 1.001378939137974
0.5356603850634468 1.001378939137974
0.5397007891038508 1.001378939137974
0.5437411931442548 1.001378939137974
0.5477815971846589 1.001378939137974
0.551822001225063 1.001378939137974
0.555862405265467 1.001378939137974
0.5599028093058711 1.001378939137974
0.5639432133462751 1.001378939137974
0.5679836173866791 1.001378939137974
0.5720240214270831 1.001378939137974
0.5760644254674872 1.001378939137974
0.5801048295078912 1.001378939137974
0.5841452335482953 1.001378939137974
0.5881856375886994 1.001378939137974
0.5922260416291034 1.001378939137974
0.5962664456695074 1.001378939137974
0.6003068497099114 1.001378939137974
0.6043472537503154 1.001378939137974
0.6083876577907195 1.001378939137974
0.6124280618311235 1.001378939137974
0.6164684658715276 1.001378939137974
0.6205088699119317 1.001378939137974
0.6245492739523357 1.001378939137974
0.6285896779927398 1.001378939137974
0.6326300820331437 1.001378939137974
0.6366704860735478 1.001378939137974
0.6407108901139518 1.001378939137974
0.6447512941543558 1.001378939137974
0.6487916981947599 1.001378939137974
0.652832102235164 1.001378939137974
0.656872506275568 1.001378939137974
0.6609129103159721 1.001378939137974
0.6649533143563761 1.001378939137974
0.6689937183967801 1.001378939137974
0.6730341224371841 1.001378939137974
0.6770745264775881 1.001378939137974
0.6811149305179922 1.001378939137974
0.6851553345583963 1.001378939137974
0.6891957385988003 1.001378939137974
0.6932361426392044 1.001378939137974
0.6972765466796085 1.001378939137974
0.2972765466796084 1.005419343178378
0.3013169507200124 1.005419343178378
0.3053573547604165 1.005419343178378
0.30939775880082054 1.005419343178378
0.31343816284122455 1.005419343178378
0.31747856688162857 1.005419343178378
0.32151897092203263 1.005419343178378
0.3255593749624367 1.005419343178378
0.3295997790028407 1.005419343178378
0.3336401830432448 1.005419343178378
0.3376805870836488 1.005419343178378
0.34172099112405285 1.005419343178378
0.3457613951644569 1.005419343178378
0.34980179920486093 1.005419343178378
0.35384220324526494 1.005419343178378
0.357882607285669 1.005419343178378
0.3619230113260731 1.005419343178378
0.3659634153664771 1.005419343178378
0.3700038194068811 1.005419343178378
0.37404422344728516 1.005419343178378
0.37808462748768923 1.005419343178378
0.38212503152809324 1.005419343178378
0.3861654355684973 1.005419343178378
0.3902058396089013 1.005419343178378
0.3942462436493054 1.005419343178378
0.3982866476897094 1.005419343178378
0.40232705173011346 1.005419343178378
0.40636745577051747 1.005419343178378
0.41040785981092154 1.005419343178378
0.4144482638513256 1.005419343178378
0.4184886678917296 1.005419343178378
0.4225290719321336 1.005419343178378
0.4265694759725377 1.005419343178378
0.43060988001294176 1.005419343178378
0.43465028405334577 1.005419343178378
0.4386906880937498 1.005419343178378
0.44273109213415385 1.005419343178378
0.4467714961745579 1.005419343178378
0.4508119002149619 1.005419343178378
0.45485230425536594 1.005419343178378
0.45889270829577 1.005419343178378
0.46293311233617407 1.005419343178378
0.46697351637657813 1.005419343178378
0.47101392041698215 1.005419343178378
0.47505432445738616 1.005419343178378
0.4790947284977902 1.005419343178378
0.4831351325381943 1.005419343178378
0.4871755365785983 1.005419343178378
0.4912159406190023 1.005419343178378
0.4952563446594064 1.005419343178378
0.49929674869981044 1.005419343178378
0.5033371527402144 1.005419343178378
0.5073775567806185 1.005419343178378
0.5114179608210225 1.005419343178378
0.5154583648614266 1.005419343178378
0.5194987689018307 1.005419343178378
0.5235391729422347 1.005419343178378
0.5275795769826387 1.005419343178378
0.5316199810230428 1.005419343178378
0.5356603850634468 1.005419343178378
0.5397007891038508 1.005419343178378
0.5437411931442548 1.005419343178378
0.5477815971846589 1.005419343178378
0.551822001225063 1.005419343178378
0.555862405265467 1.005419343178378
0.5599028093058711 1.005419343178378
0.5639432133462751 1.005419343178378
0.5679836173866791 1.005419343178378
0.5720240214270831 1.005419343178378
0.5760644254674872 1.005419343178378
0.5801048295078912 1.005419343178378
0.5841452335482953 1.005419343178378
0.5881856375886994 1.005419343178378
0.5922260416291034 1.005419343178378
0.5962664456695074 1.005419343178378
0.6003068497099114 1.005419343178378
0.6043472537503154 1.005419343178378
0.6083876577907195 1.005419343178378
0.6124280618311235 1.005419343178378
0.6164684658715276 1.005419343178378
0.6205088699119317 1.005419343178378
0.6245492739523357 1.005419343178378
0.6285896779927398 1.005419343178378
0.6326300820331437 1.005419343178378
0.6366704860735478 1.005419343178378
0.6407108901139518 1.005419343178378
0.6447512941543558 1.005419343178378
0.6487916981947599 1.005419343178378
0.652832102235164 1.005419343178378
0.656872506275568 1.005419343178378
0.6609129103159721 1.005419343178378
0.6649533143563761 1.005419343178378
0.6689937183967801 1.005419343178378
0.6730341224371841 1.005419343178378
0.6770745264775881 1.005419343178378
0.6811149305179922 1.005419343178378
0.6851553345583963 1.005419343178378
0.6891957385988003 1.005419343178378
0.6932361426392044 1.005419343178378
0.6972765466796085 1.005419343178378
0.2972765466796084 1.009459747218782
0.3013169507200124 1.009459747218782
0.3053573547604165 1.009459747218782
0.30939775880082054 1.009459747218782
0.31343816284122455 1.009459747218782
0.31747856688162857 1.009459747218782
0.32151897092203263 1.009459747218782
0.3255593749624367 1.009459747218782
0.3295997790028407 1.009459747218782
0.3336401830432448 1.009459747218782
0.3376805870836488 1.009459747218782
0.34172099112405285 1.009459747218782
0.3457613951644569 1.009459747218782
0.34980179920486093 1.009459747218782
0.35384220324526494 1.009459747218782
0.357882607285669 1.009459747218782
0.3619230113260731 1.009459747218782
0.3659634153664771 1.009459747218782
0.3700038194068811 1.009459747218782
0.37404422344728516 1.009459747218782
0.37808462748768923 1.009459747218782
0.38212503152809324 1.009459747218782
0.3861654355684973 1.009459747218782
0.3902058396089013 1.009459747218782
0.3942462436493054 1.009459747218782
0.3982866476897094 1.009459747218782
0.40232705173011346 1.009459747218782
0.40636745577051747 1.009459747218782
0.41040785981092154 1.009459747218782
0.4144482638513256 1.009459747218782
0.4184886678917296 1.009459747218782
0.4225290719321336 1.009459747218782
0.4265694759725377 1.009459747218782
0.43060988001294176 1.009459747218782
0.43465028405334577 1.009459747218782
0.4386906880937498 1.009459747218782
0.44273109213415385 1.009459747218782
0.4467714961745579 1.009459747218782
0.4508119002149619 1.009459747218782
0.45485230425536594 1.009459747218782
0.45889270829577 1.009459747218782
0.46293311233617407 1.009459747218782
0.46697351637657813 1.009459747218782
0.47101392041698215 1.009459747218782
0.47505432445738616 1.009459747218782
0.4790947284977902 1.009459747218782
0.4831351325381943 1.009459747218782
0.4871755365785983 1.009459747218782
0.4912159406190023 1.009459747218782
0.4952563446594064 1.009459747218782
0.49929674869981044 1.009459747218782
0.5033371527402144 1.009459747218782
0.5073775567806185 1.009459747218782
0.5114179608210225 1.009459747218782
0.5154583648614266 1.009459747218782
0.5194987689018307 1.009459747218782
0.5235391729422347 1.009459747218782
0.5275795769826387 1.009459747218782
0.5316199810230428 1.009459747218782
0.5356603850634468 1.009459747218782
0.5397007891038508 1.009459747218782
0.5437411931442548 1.009459747218782
0.5477815971846589 1.009459747218782
0.551822001225063 1.009459747218782
0.555862405265467 1.009459747218782
0.5599028093058711 1.009459747218782
0.5639432133462751 1.009459747218782
0.5679836173866791 1.009459747218782
0.5720240214270831 1.009459747218782
0.5760644254674872 1.009459747218782
0.5801048295078912 1.009459747218782
0.5841452335482953 1.009459747218782
0.5881856375886994 1.009459747218782
0.5922260416291034 1.009459747218782
0.5962664456695074 1.009459747218782
0.6003068497099114 1.009459747218782
0.6043472537503154 1.009459747218782
0.6083876577907195 1.009459747218782
0.6124280618311235 1.009459747218782
0.6164684658715276 1.009459747218782
0.6205088699119317 1.009459747218782
0.6245492739523357 1.009459747218782
0.6285896779927398 1.009459747218782
0.6326300820331437 1.009459747218782
0.6366704860735478 1.009459747218782
0.6407108901139518 1.009459747218782
0.6447512941543558 1.009459747218782
0.6487916981947599 1.009459747218782
0.652832102235164 1.009459747218782
0.656872506275568 1.009459747218782
0.6609129103159721 1.009459747218782
0.6649533143563761 1.009459747218782
0.6689937183967801 1.009459747218782
0.6730341224371841 1.009459747218782
0.6770745264775881 1.009459747218782
0.6811149305179922 1.009459747218782
0.6851553345583963 1.009459747218782
0.6891957385988003 1.009459747218782
0.6932361426392044 1.009459747218782
0.6972765466796085 1.009459747218782
0.2972765466796084 1.0135001512591861
0.3013169507200124 1.0135001512591861
0.3053573547604165 1.0135001512591861
0.30939775880082054 1.0135001512591861
0.31343816284122455 1.0135001512591861
0.31747856688162857 1.0135001512591861
0.32151897092203263 1.0135001512591861
0.3255593749624367 1.0135001512591861
0.3295997790028407 1.0135001512591861
0.3336401830432448 1.0135001512591861
0.3376805870836488 1.0135001512591861
0.34172099112405285 1.0135001512591861
0.3457613951644569 1.0135001512591861
0.34980179920486093 1.0135001512591861
0.35384220324526494 1.0135001512591861
0.357882607285669 1.0135001512591861
0.3619230113260731 1.0135001512591861
0.3659634153664771 1.0135001512591861
0.3700038194068811 1.0135001512591861
0.37404422344728516 1.0135001512591861
0.37808462748768923 1.0135001512591861
0.38212503152809324 1.0135001512591861
0.3861654355684973 1.0135001512591861
0.3902058396089013 1.0135001512591861
0.3942462436493054 1.0135001512591861
0.3982866476897094 1.0135001512591861
0.40232705173011346 1.0135001512591861
0.40636745577051747 1.0135001512591861
0.41040785981092154 1.0135001512591861
0.4144482638513256 1.0135001512591861
0.4184886678917296 1.0135001512591861
0.4225290719321336 1.0135001512591861
0.4265694759725377 1.0135001512591861
0.43060988001294176 1.0135001512591861
0.43465028405334577 1.0135001512591861
0.4386906880937498 1.0135001512591861
0.44273109213415385 1.0135001512591861
0.4467714961745579 1.0135001512591861
0.4508119002149619 1.0135001512591861
0.45485230425536594 1.0135001512591861
0.45889270829577 1.0135001512591861
0.46293311233617407 1.0135001512591861
0.46697351637657813 1.0135001512591861
0.47101392041698215 1.0135001512591861
0.47505432445738616 1.0135001512591861
0.4790947284977902 1.0135001512591861
0.4831351325381943 1.0135001512591861
0.4871755365785983 1.0135001512591861
0.4912159406190023 1.0135001512591861
0.4952563446594064 1.0135001512591861
0.49929674869981044 1.0135001512591861
0.5033371527402144 1.0135001512591861
0.5073775567806185 1.0135001512591861
0.5114179608210225 1.0135001512591861
0.5154583648614266 1.0135001512591861
0.5194987689018307 1.0135001512591861
0.5235391729422347 1.0135001512591861
0.5275795769826387 1.0135001512591861
0.5316199810230428 1.0135001512591861
0.5356603850634468 1.0135001512591861
0.5397007891038508 1.0135001512591861
0.5437411931442548 1.0135001512591861
0.5477815971846589 1.0135001512591861
0.551822001225063 1.0135001512591861
0.555862405265467 1.0135001512591861
0.5599028093058711 1.0135001512591861
0.5639432133462751 1.0135001512591861
0.5679836173866791 1.0135001512591861
0.5720240214270831 1.0135001512591861
0.5760644254674872 1.0135001512591861
0.5801048295078912 1.0135001512591861
0.5841452335482953 1.0135001512591861
0.5881856375886994 1.0135001512591861
0.5922260416291034 1.0135001512591861
0.5962664456695074 1.0135001512591861
0.6003068497099114 1.0135001512591861
0.6043472537503154 1.0135001512591861
0.6083876577907195 1.0135001512591861
0.6124280618311235 1.0135001512591861
0.6164684658715276 1.0135001512591861
0.6205088699119317 1.0135001512591861
0.6245492739523357 1.0135001512591861
0.6285896779927398 1.0135001512591861
0.6326300820331437 1.0135001512591861
0.6366704860735478 1.0135001512591861
0.6407108901139518 1.0135001512591861
0.6447512941543558 1.0135001512591861
0.6487916981947599 1.0135001512591861
0.652832102235164 1.0135001512591861
0.656872506275568 1.0135001512591861
0.6609129103159721 1.0135001512591861
0.6649533143563761 1.0135001512591861
0.6689937183967801 1.0135001512591861
0.6730341224371841 1.0135001512591861
0.6770745264775881 1.0135001512591861
0.6811149305179922 1.0135001512591861
0.6851553345583963 1.0135001512591861
0.6891957385988003 1.0135001512591861
0.6932361426392044 1.0135001512591861
0.6972765466796085 1.0135001512591861
0.2972765466796084 1.0175405552995902
0.3013169507200124 1.0175405552995902
0.3053573547604165 1.0175405552995902
0.30939775880082054 1.0175405552995902
0.31343816284122455 1.0175405552995902
0.31747856688162857 1.0175405552995902
0.32151897092203263 1.0175405552995902
0.3255593749624367 1.0175405552995902
0.3295997790028407 1.0175405552995902
0.3336401830432448 1.0175405552995902
0.3376805870836488 1.0175405552995902
0.34172099112405285 1.0175405552995902
0.3457613951644569 1.0175405552995902
0.34980179920486093 1.0175405552995902
0.35384220324526494 1.0175405552995902
0.357882607285669 1.0175405552995902
0.3619230113260731 1.0175405552995902
0.3659634153664771 1.0175405552995902
0.3700038194068811 1.0175405552995902
0.37404422344728516 1.0175405552995902
0.37808462748768923 1.0175405552995902
0.38212503152809324 1.0175405552995902
0.3861654355684973 1.0175405552995902
0.3902058396089013 1.0175405552995902
0.3942462436493054 1.0175405552995902
0.3982866476897094 1.0175405552995902
0.40232705173011346 1.0175405552995902
0.40636745577051747 1.0175405552995902
0.41040785981092154 1.0175405552995902
0.4144482638513256 1.0175405552995902
0.4184886678917296 1.0175405552995902
0.4225290719321336 1.0175405552995902
0.4265694759725377 1.0175405552995902
0.43060988001294176 1.0175405552995902
0.43465028405334577 1.0175405552995902
0.4386906880937498 1.0175405552995902
0.44273109213415385 1.0175405552995902
0.4467714961745579 1.0175405552995902
0.4508119002149619 1.0175405552995902
0.45485230425536594 1.0175405552995902
0.45889270829577 1.0175405552995902
0.46293311233617407 1.0175405552995902
0.46697351637657813 1.0175405552995902
0.47101392041698215 1.0175405552995902
0.47505432445738616 1.0175405552995902
0.4790947284977902 1.0175405552995902
0.4831351325381943 1.0175405552995902
0.4871755365785983 1.0175405552995902
0.4912159406190023 1.0175405552995902
0.4952563446594064 1.0175405552995902
0.49929674869981044 1.0175405552995902
0.5033371527402144 1.0175405552995902
0.5073775567806185 1.0175405552995902
0.5114179608210225 1.0175405552995902
0.5154583648614266 1.0175405552995902
0.5194987689018307 1.0175405552995902
0.5235391729422347 1.0175405552995902
0.5275795769826387 1.0175405552995902
0.5316199810230428 1.0175405552995902
0.5356603850634468 1.0175405552995902
0.5397007891038508 1.0175405552995902
0.5437411931442548 1.0175405552995902
0.5477815971846589 1.0175405552995902
0.551822001225063 1.0175405552995902
0.555862405265467 1.0175405552995902
0.5599028093058711 1.0175405552995902
0.5639432133462751 1.0175405552995902
0.5679836173866791 1.0175405552995902
0.5720240214270831 1.0175405552995902
0.5760644254674872 1.0175405552995902
0.5801048295078912 1.0175405552995902
0.5841452335482953 1.0175405552995902
0.5881856375886994 1.0175405552995902
0.5922260416291034 1.0175405552995902
0.5962664456695074 1.0175405552995902
0.6003068497099114 1.0175405552995902
0.6043472537503154 1.0175405552995902
0.6083876577907195 1.0175405552995902
0.6124280618311235 1.0175405552995902
0.6164684658715276 1.0175405552995902
0.6205088699119317 1.0175405552995902
0.6245492739523357 1.0175405552995902
0.6285896779927398 1.0175405552995902
0.6326300820331437 1.0175405552995902
0.6366704860735478 1.0175405552995902
0.6407108901139518 1.0175405552995902
0.6447512941543558 1.0175405552995902
0.6487916981947599 1.0175405552995902
0.652832102235164 1.0175405552995902
0.656872506275568 1.0175405552995902
0.6609129103159721 1.0175405552995902
0.6649533143563761 1.0175405552995902
0.6689937183967801 1.0175405552995902
0.6730341224371841 1.0175405552995902
0.6770745264775881 1.0175405552995902
0.6811149305179922 1.0175405552995902
0.6851553345583963 1.0175405552995902
0.6891957385988003 1.0175405552995902
0.6932361426392044 1.0175405552995902
0.6972765466796085 1.0175405552995902
0.2972765466796084 1.0215809593399943
0.3013169507200124 1.0215809593399943
0.3053573547604165 1.0215809593399943
0.30939775880082054 1.0215809593399943
0.31343816284122455 1.0215809593399943
0.31747856688162857 1.0215809593399943
0.32151897092203263 1.0215809593399943
0.3255593749624367 1.0215809593399943
0.3295997790028407 1.0215809593399943
0.3336401830432448 1.0215809593399943
0.3376805870836488 1.0215809593399943
0.34172099112405285 1.0215809593399943
0.3457613951644569 1.0215809593399943
0.34980179920486093 1.0215809593399943
0.35384220324526494 1.0215809593399943
0.357882607285669 1.0215809593399943
0.3619230113260731 1.0215809593399943
0.3659634153664771 1.0215809593399943
0.3700038194068811 1.0215809593399943
0.37404422344728516 1.0215809593399943
0.37808462748768923 1.0215809593399943
0.38212503152809324 1.0215809593399943
0.3861654355684973 1.0215809593399943
0.3902058396089013 1.0215809593399943
0.3942462436493054 1.0215809593399943
0.3982866476897094 1.0215809593399943
0.40232705173011346 1.0215809593399943
0.40636745577051747 1.0215809593399943
0.41040785981092154 1.0215809593399943
0.4144482638513256 1.0215809593399943
0.4184886678917296 1.0215809593399943
0.4225290719321336 1.0215809593399943
0.4265694759725377 1.0215809593399943
0.43060988001294176 1.0215809593399943
0.43465028405334577 1.0215809593399943
0.4386906880937498 1.0215809593399943
0.44273109213415385 1.0215809593399943
0.4467714961745579 1.0215809593399943
0.4508119002149619 1.0215809593399943
0.45485230425536594 1.0215809593399943
0.45889270829577 1.0215809593399943
0.46293311233617407 1.0215809593399943
0.46697351637657813 1.0215809593399943
0.47101392041698215 1.0215809593399943
0.47505432445738616 1.0215809593399943
0.4790947284977902 1.0215809593399943
0.4831351325381943 1.0215809593399943
0.4871755365785983 1.0215809593399943
0.4912159406190023 1.0215809593399943
0.4952563446594064 1.0215809593399943
0.49929674869981044 1.0215809593399943
0.5033371527402144 1.0215809593399943
0.5073775567806185 1.0215809593399943
0.5114179608210225 1.0215809593399943
0.5154583648614266 1.0215809593399943
0.5194987689018307 1.0215809593399943
0.5235391729422347 1.0215809593399943
0.5275795769826387 1.0215809593399943
0.5316199810230428 1.0215809593399943
0.5356603850634468 1.0215809593399943
0.5397007891038508 1.0215809593399943
0.5437411931442548 1.0215809593399943
0.5477815971846589 1.0215809593399943
0.551822001225063 1.0215809593399943
0.555862405265467 1.0215809593399943
0.5599028093058711 1.0215809593399943
0.5639432133462751 1.0215809593399943
0.5679836173866791 1.0215809593399943
0.5720240214270831 1.0215809593399943
0.5760644254674872 1.0215809593399943
0.5801048295078912 1.0215809593399943
0.5841452335482953 1.0215809593399943
0.5881856375886994 1.0215809593399943
0.5922260416291034 1.0215809593399943
0.5962664456695074 1.0215809593399943
0.6003068497099114 1.0215809593399943
0.6043472537503154 1.0215809593399943
0.6083876577907195 1.0215809593399943
0.6124280618311235 1.0215809593399943
0.6164684658715276 1.0215809593399943
0.6205088699119317 1.0215809593399943
0.6245492739523357 1.0215809593399943
0.6285896779927398 1.0215809593399943
0.6326300820331437 1.0215809593399943
0.6366704860735478 1.0215809593399943
0.6407108901139518 1.0215809593399943
0.6447512941543558 1.0215809593399943
0.6487916981947599 1.0215809593399943
0.652832102235164 1.0215809593399943
0.656872506275568 1.0215809593399943
0.6609129103159721 1.0215809593399943
0.6649533143563761 1.0215809593399943
0.6689937183967801 1.0215809593399943
0.6730341224371841 1.0215809593399943
0.6770745264775881 1.0215809593399943
0.6811149305179922 1.0215809593399943
0.6851553345583963 1.0215809593399943
0.6891957385988003 1.0215809593399943
0.6932361426392044 1.0215809593399943
0.6972765466796085 1.0215809593399943
0.2972765466796084 1.025621363380398
0.3013169507200124 1.025621363380398
0.3053573547604165 1.025621363380398
0.30939775880082054 1.025621363380398
0.31343816284122455 1.025621363380398
0.31747856688162857 1.025621363380398
0.32151897092203263 1.025621363380398
0.3255593749624367 1.025621363380398
0.3295997790028407 1.025621363380398
0.3336401830432448 1.025621363380398
0.3376805870836488 1.025621363380398
0.34172099112405285 1.025621363380398
0.3457613951644569 1.025621363380398
0.34980179920486093 1.025621363380398
0.35384220324526494 1.025621363380398
0.357882607285669 1.025621363380398
0.3619230113260731 1.025621363380398
0.3659634153664771 1.025621363380398
0.3700038194068811 1.025621363380398
0.37404422344728516 1.025621363380398
0.37808462748768923 1.025621363380398
0.38212503152809324 1.025621363380398
0.3861654355684973 1.025621363380398
0.3902058396089013 1.025621363380398
0.3942462436493054 1.025621363380398
0.3982866476897094 1.025621363380398
0.40232705173011346 1.025621363380398
0.40636745577051747 1.025621363380398
0.41040785981092154 1.025621363380398
0.4144482638513256 1.025621363380398
0.4184886678917296 1.025621363380398
0.4225290719321336 1.025621363380398
0.4265694759725377 1.025621363380398
0.43060988001294176 1.025621363380398
0.43465028405334577 1.025621363380398
0.4386906880937498 1.025621363380398
0.44273109213415385 1.025621363380398
0.4467714961745579 1.025621363380398
0.4508119002149619 1.025621363380398
0.45485230425536594 1.025621363380398
0.45889270829577 1.025621363380398
0.46293311233617407 1.025621363380398
0.46697351637657813 1.025621363380398
0.47101392041698215 1.025621363380398
0.47505432445738616 1.025621363380398
0.4790947284977902 1.025621363380398
0.4831351325381943 1.025621363380398
0.4871755365785983 1.025621363380398
0.4912159406190023 1.025621363380398
0.4952563446594064 1.025621363380398
0.49929674869981044 1.025621363380398
0.5033371527402144 1.025621363380398
0.5073775567806185 1.025621363380398
0.5114179608210225 1.025621363380398
0.5154583648614266 1.025621363380398
0.5194987689018307 1.025621363380398
0.5235391729422347 1.025621363380398
0.5275795769826387 1.025621363380398
0.5316199810230428 1.025621363380398
0.5356603850634468 1.025621363380398
0.5397007891038508 1.025621363380398
0.5437411931442548 1.025621363380398
0.5477815971846589 1.025621363380398
0.551822001225063 1.025621363380398
0.555862405265467 1.025621363380398
0.5599028093058711 1.025621363380398
0.5639432133462751 1.025621363380398
0.5679836173866791 1.025621363380398
0.5720240214270831 1.025621363380398
0.5760644254674872 1.025621363380398
0.5801048295078912 1.025621363380398
0.5841452335482953 1.025621363380398
0.5881856375886994 1.025621363380398
0.5922260416291034 1.025621363380398
0.5962664456695074 1.025621363380398
0.6003068497099114 1.025621363380398
0.6043472537503154 1.025621363380398
0.6083876577907195 1.025621363380398
0.6124280618311235 1.025621363380398
0.6164684658715276 1.025621363380398
0.6205088699119317 1.025621363380398
0.6245492739523357 1.025621363380398
0.6285896779927398 1.025621363380398
0.6326300820331437 1.025621363380398
0.6366704860735478 1.025621363380398
0.6407108901139518 1.025621363380398
0.6447512941543558 1.025621363380398
0.6487916981947599 1.025621363380398
0.652832102235164 1.025621363380398
0.656872506275568 1.025621363380398
0.6609129103159721 1.025621363380398
0.6649533143563761 1.025621363380398
0.6689937183967801 1.025621363380398
0.6730341224371841 1.025621363380398
0.6770745264775881 1.025621363380398
0.6811149305179922 1.025621363380398
0.6851553345583963 1.025621363380398
0.6891957385988003 1.025621363380398
0.6932361426392044 1.025621363380398
0.6972765466796085 1.025621363380398
0.2972765466796084 1.0296617674208022
0.3013169507200124 1.0296617674208022
0.3053573547604165 1.0296617674208022
0.30939775880082054 1.0296617674208022
0.31343816284122455 1.0296617674208022
0.31747856688162857 1.0296617674208022
0.32151897092203263 1.0296617674208022
0.3255593749624367 1.0296617674208022
0.3295997790028407 1.0296617674208022
0.3336401830432448 1.0296617674208022
0.3376805870836488 1.0296617674208022
0.34172099112405285 1.0296617674208022
0.3457613951644569 1.0296617674208022
0.34980179920486093 1.0296617674208022
0.35384220324526494 1.0296617674208022
0.357882607285669 1.0296617674208022
0.3619230113260731 1.0296617674208022
0.3659634153664771 1.0296617674208022
0.3700038194068811 1.0296617674208022
0.37404422344728516 1.0296617674208022
0.37808462748768923 1.0296617674208022
0.38212503152809324 1.0296617674208022
0.3861654355684973 1.0296617674208022
0.3902058396089013 1.0296617674208022
0.3942462436493054 1.0296617674208022
0.3982866476897094 1.0296617674208022
0.40232705173011346 1.0296617674208022
0.40636745577051747 1.0296617674208022
0.41040785981092154 1.0296617674208022
0.4144482638513256 1.0296617674208022
0.4184886678917296 1.0296617674208022
0.4225290719321336 1.0296617674208022
0.4265694759725377 1.0296617674208022
0.43060988001294176 1.0296617674208022
0.43465028405334577 1.0296617674208022
0.4386906880937498 1.0296617674208022
0.44273109213415385 1.0296617674208022
0.4467714961745579 1.0296617674208022
0.4508119002149619 1.0296617674208022
0.45485230425536594 1.0296617674208022
0.45889270829577 1.0296617674208022
0.46293311233617407 1.0296617674208022
0.46697351637657813 1.0296617674208022
0.47101392041698215 1.0296617674208022
0.47505432445738616 1.0296617674208022
0.4790947284977902 1.0296617674208022
0.4831351325381943 1.0296617674208022
0.4871755365785983 1.0296617674208022
0.4912159406190023 1.0296617674208022
0.4952563446594064 1.0296617674208022
0.49929674869981044 1.0296617674208022
0.5033371527402144 1.0296617674208022
0.5073775567806185 1.0296617674208022
0.5114179608210225 1.0296617674208022
0.5154583648614266 1.0296617674208022
0.5194987689018307 1.0296617674208022
0.5235391729422347 1.0296617674208022
0.5275795769826387 1.0296617674208022
0.5316199810230428 1.0296617674208022
0.5356603850634468 1.0296617674208022
0.5397007891038508 1.0296617674208022
0.5437411931442548 1.0296617674208022
0.5477815971846589 1.0296617674208022
0.551822001225063 1.0296617674208022
0.555862405265467 1.0296617674208022
0.5599028093058711 1.0296617674208022
0.5639432133462751 1.0296617674208022
0.5679836173866791 1.0296617674208022
0.5720240214270831 1.0296617674208022
0.5760644254674872 1.0296617674208022
0.5801048295078912 1.0296617674208022
0.5841452335482953 1.0296617674208022
0.5881856375886994 1.0296617674208022
0.5922260416291034 1.0296617674208022
0.5962664456695074 1.0296617674208022
0.6003068497099114 1.0296617674208022
0.6043472537503154 1.0296617674208022
0.6083876577907195 1.0296617674208022
0.6124280618311235 1.0296617674208022
0.6164684658715276 1.0296617674208022
0.6205088699119317 1.0296617674208022
0.6245492739523357 1.0296617674208022
0.6285896779927398 1.0296617674208022
0.6326300820331437 1.0296617674208022
0.6366704860735478 1.0296617674208022
0.6407108901139518 1.0296617674208022
0.6447512941543558 1.0296617674208022
0.6487916981947599 1.0296617674208022
0.652832102235164 1.0296617674208022
0.656872506275568 1.0296617674208022
0.6609129103159721 1.0296617674208022
0.6649533143563761 1.0296617674208022
0.6689937183967801 1.0296617674208022
0.6730341224371841 1.0296617674208022
0.6770745264775881 1.0296617674208022
0.6811149305179922 1.0296617674208022
0.6851553345583963 1.0296617674208022
0.6891957385988003 1.0296617674208022
0.6932361426392044 1.0296617674208022
0.6972765466796085 1.0296617674208022
0.2972765466796084 1.0337021714612062
0.3013169507200124 1.0337021714612062
0.3053573547604165 1.0337021714612062
0.30939775880082054 1.0337021714612062
0.31343816284122455 1.0337021714612062
0.31747856688162857 1.0337021714612062
0.32151897092203263 1.0337021714612062
0.3255593749624367 1.0337021714612062
0.3295997790028407 1.0337021714612062
0.3336401830432448 1.0337021714612062
0.3376805870836488 1.0337021714612062
0.34172099112405285 1.0337021714612062
0.3457613951644569 1.0337021714612062
0.34980179920486093 1.0337021714612062
0.35384220324526494 1.0337021714612062
0.357882607285669 1.0337021714612062
0.3619230113260731 1.0337021714612062
0.3659634153664771 1.0337021714612062
0.3700038194068811 1.0337021714612062
0.37404422344728516 1.0337021714612062
0.37808462748768923 1.0337021714612062
0.38212503152809324 1.0337021714612062
0.3861654355684973 1.0337021714612062
0.3902058396089013 1.0337021714612062
0.3942462436493054 1.0337021714612062
0.3982866476897094 1.0337021714612062
0.40232705173011346 1.0337021714612062
0.40636745577051747 1.0337021714612062
0.41040785981092154 1.0337021714612062
0.4144482638513256 1.0337021714612062
0.4184886678917296 1.0337021714612062
0.4225290719321336 1.0337021714612062
0.4265694759725377 1.0337021714612062
0.43060988001294176 1.0337021714612062
0.43465028405334577 1.0337021714612062
0.4386906880937498 1.0337021714612062
0.44273109213415385 1.0337021714612062
0.4467714961745579 1.0337021714612062
0.4508119002149619 1.0337021714612062
0.45485230425536594 1.0337021714612062
0.45889270829577 1.0337021714612062
0.46293311233617407 1.0337021714612062
0.46697351637657813 1.0337021714612062
0.47101392041698215 1.0337021714612062
0.47505432445738616 1.0337021714612062
0.4790947284977902 1.0337021714612062
0.4831351325381943 1.0337021714612062
0.4871755365785983 1.0337021714612062
0.4912159406190023 1.0337021714612062
0.4952563446594064 1.0337021714612062
0.49929674869981044 1.0337021714612062
0.5033371527402144 1.0337021714612062
0.5073775567806185 1.0337021714612062
0.5114179608210225 1.0337021714612062
0.5154583648614266 1.0337021714612062
0.5194987689018307 1.0337021714612062
0.5235391729422347 1.0337021714612062
0.5275795769826387 1.0337021714612062
0.5316199810230428 1.0337021714612062
0.5356603850634468 1.0337021714612062
0.5397007891038508 1.0337021714612062
0.5437411931442548 1.0337021714612062
0.5477815971846589 1.0337021714612062
0.551822001225063 1.0337021714612062
0.555862405265467 1.0337021714612062
0.5599028093058711 1.0337021714612062
0.5639432133462751 1.0337021714612062
0.5679836173866791 1.0337021714612062
0.5720240214270831 1.0337021714612062
0.5760644254674872 1.0337021714612062
0.5801048295078912 1.0337021714612062
0.5841452335482953 1.0337021714612062
0.5881856375886994 1.0337021714612062
0.5922260416291034 1.0337021714612062
0.5962664456695074 1.0337021714612062
0.6003068497099114 1.0337021714612062
0.6043472537503154 1.0337021714612062
0.6083876577907195 1.0337021714612062
0.6124280618311235 1.0337021714612062
0.6164684658715276 1.0337021714612062
0.6205088699119317 1.0337021714612062
0.6245492739523357 1.0337021714612062
0.6285896779927398 1.0337021714612062
0.6326300820331437 1.0337021714612062
0.6366704860735478 1.0337021714612062
0.6407108901139518 1.0337021714612062
0.6447512941543558 1.0337021714612062
0.6487916981947599 1.0337021714612062
0.652832102235164 1.0337021714612062
0.656872506275568 1.0337021714612062
0.6609129103159721 1.0337021714612062
0.6649533143563761 1.0337021714612062
0.6689937183967801 1.0337021714612062
0.6730341224371841 1.0337021714612062
0.6770745264775881 1.0337021714612062
0.6811149305179922 1.0337021714612062
0.6851553345583963 1.0337021714612062
0.6891957385988003 1.0337021714612062
0.6932361426392044 1.0337021714612062
0.6972765466796085 1.0337021714612062
0.2972765466796084 1.0377425755016103
0.3013169507200124 1.0377425755016103
0.3053573547604165 1.0377425755016103
0.30939775880082054 1.0377425755016103
0.31343816284122455 1.0377425755016103
0.31747856688162857 1.0377425755016103
0.32151897092203263 1.0377425755016103
0.3255593749624367 1.0377425755016103
0.3295997790028407 1.0377425755016103
0.3336401830432448 1.0377425755016103
0.3376805870836488 1.0377425755016103
0.34172099112405285 1.0377425755016103
0.3457613951644569 1.0377425755016103
0.34980179920486093 1.0377425755016103
0.35384220324526494 1.0377425755016103
0.357882607285669 1.0377425755016103
0.3619230113260731 1.0377425755016103
0.3659634153664771 1.0377425755016103
0.3700038194068811 1.0377425755016103
0.37404422344728516 1.0377425755016103
0.37808462748768923 1.0377425755016103
0.38212503152809324 1.0377425755016103
0.3861654355684973 1.0377425755016103
0.3902058396089013 1.0377425755016103
0.3942462436493054 1.0377425755016103
0.3982866476897094 1.0377425755016103
0.40232705173011346 1.0377425755016103
0.40636745577051747 1.0377425755016103
0.41040785981092154 1.0377425755016103
0.4144482638513256 1.0377425755016103
0.4184886678917296 1.0377425755016103
0.4225290719321336 1.0377425755016103
0.4265694759725377 1.0377425755016103
0.43060988001294176 1.0377425755016103
0.43465028405334577 1.0377425755016103
0.4386906880937498 1.0377425755016103
0.44273109213415385 1.0377425755016103
0.4467714961745579 1.0377425755016103
0.4508119002149619 1.0377425755016103
0.45485230425536594 1.0377425755016103
0.45889270829577 1.0377425755016103
0.46293311233617407 1.0377425755016103
0.46697351637657813 1.0377425755016103
0.47101392041698215 1.0377425755016103
0.47505432445738616 1.0377425755016103
0.4790947284977902 1.0377425755016103
0.4831351325381943 1.0377425755016103
0.4871755365785983 1.0377425755016103
0.4912159406190023 1.0377425755016103
0.4952563446594064 1.0377425755016103
0.49929674869981044 1.0377425755016103
0.5033371527402144 1.0377425755016103
0.5073775567806185 1.0377425755016103
0.5114179608210225 1.0377425755016103
0.5154583648614266 1.0377425755016103
0.5194987689018307 1.0377425755016103
0.5235391729422347 1.0377425755016103
0.5275795769826387 1.0377425755016103
0.5316199810230428 1.0377425755016103
0.5356603850634468 1.0377425755016103
0.5397007891038508 1.0377425755016103
0.5437411931442548 1.0377425755016103
0.5477815971846589 1.0377425755016103
0.551822001225063 1.0377425755016103
0.555862405265467 1.0377425755016103
0.5599028093058711 1.0377425755016103
0.5639432133462751 1.0377425755016103
0.5679836173866791 1.0377425755016103
0.5720240214270831 1.0377425755016103
0.5760644254674872 1.0377425755016103
0.5801048295078912 1.0377425755016103
0.5841452335482953 1.0377425755016103
0.5881856375886994 1.0377425755016103
0.5922260416291034 1.0377425755016103
0.5962664456695074 1.0377425755016103
0.6003068497099114 1.0377425755016103
0.6043472537503154 1.0377425755016103
0.6083876577907195 1.0377425755016103
0.6124280618311235 1.0377425755016103
0.6164684658715276 1.0377425755016103
0.6205088699119317 1.0377425755016103
0.6245492739523357 1.0377425755016103
0.6285896779927398 1.0377425755016103
0.6326300820331437 1.0377425755016103
0.6366704860735478 1.0377425755016103
0.6407108901139518 1.0377425755016103
0.6447512941543558 1.0377425755016103
0.6487916981947599 1.0377425755016103
0.652832102235164 1.0377425755016103
0.656872506275568 1.0377425755016103
0.6609129103159721 1.0377425755016103
0.6649533143563761 1.0377425755016103
0.6689937183967801 1.0377425755016103
0.6730341224371841 1.0377425755016103
0.6770745264775881 1.0377425755016103
0.6811149305179922 1.0377425755016103
0.6851553345583963 1.0377425755016103
0.6891957385988003 1.0377425755016103
0.6932361426392044 1.0377425755016103
0.6972765466796085 1.0377425755016103
0.2972765466796084 1.0417829795420144
0.3013169507200124 1.0417829795420144
0.3053573547604165 1.0417829795420144
0.30939775880082054 1.0417829795420144
0.31343816284122455 1.0417829795420144
0.31747856688162857 1.0417829795420144
0.32151897092203263 1.0417829795420144
0.3255593749624367 1.0417829795420144
0.3295997790028407 1.0417829795420144
0.3336401830432448 1.0417829795420144
0.3376805870836488 1.0417829795420144
0.34172099112405285 1.0417829795420144
0.3457613951644569 1.0417829795420144
0.34980179920486093 1.0417829795420144
0.35384220324526494 1.0417829795420144
0.357882607285669 1.0417829795420144
0.3619230113260731 1.0417829795420144
0.3659634153664771 1.0417829795420144
0.3700038194068811 1.0417829795420144
0.37404422344728516 1.0417829795420144
0.37808462748768923 1.0417829795420144
0.38212503152809324 1.0417829795420144
0.3861654355684973 1.0417829795420144
0.3902058396089013 1.0417829795420144
0.3942462436493054 1.0417829795420144
0.3982866476897094 1.0417829795420144
0.40232705173011346 1.0417829795420144
0.40636745577051747 1.0417829795420144
0.41040785981092154 1.0417829795420144
0.4144482638513256 1.0417829795420144
0.4184886678917296 1.0417829795420144
0.4225290719321336 1.0417829795420144
0.4265694759725377 1.0417829795420144
0.43060988001294176 1.0417829795420144
0.43465028405334577 1.0417829795420144
0.4386906880937498 1.0417829795420144
0.44273109213415385 1.0417829795420144
0.4467714961745579 1.0417829795420144
0.4508119002149619 1.0417829795420144
0.45485230425536594 1.0417829795420144
0.45889270829577 1.0417829795420144
0.46293311233617407 1.0417829795420144
0.46697351637657813 1.0417829795420144
0.47101392041698215 1.0417829795420144
0.47505432445738616 1.0417829795420144
0.4790947284977902 1.0417829795420144
0.4831351325381943 1.0417829795420144
0.4871755365785983 1.0417829795420144
0.4912159406190023 1.0417829795420144
0.4952563446594064 1.0417829795420144
0.49929674869981044 1.0417829795420144
0.5033371527402144 1.0417829795420144
0.5073775567806185 1.0417829795420144
0.5114179608210225 1.0417829795420144
0.5154583648614266 1.0417829795420144
0.5194987689018307 1.0417829795420144
0.5235391729422347 1.0417829795420144
0.5275795769826387 1.0417829795420144
0.5316199810230428 1.0417829795420144
0.5356603850634468 1.0417829795420144
0.5397007891038508 1.0417829795420144
0.5437411931442548 1.0417829795420144
0.5477815971846589 1.0417829795420144
0.551822001225063 1.0417829795420144
0.555862405265467 1.0417829795420144
0.5599028093058711 1.0417829795420144
0.5639432133462751 1.0417829795420144
0.5679836173866791 1.0417829795420144
0.5720240214270831 1.0417829795420144
0.5760644254674872 1.0417829795420144
0.5801048295078912 1.0417829795420144
0.5841452335482953 1.0417829795420144
0.5881856375886994 1.0417829795420144
0.5922260416291034 1.0417829795420144
0.5962664456695074 1.0417829795420144
0.6003068497099114 1.0417829795420144
0.6043472537503154 1.0417829795420144
0.6083876577907195 1.0417829795420144
0.6124280618311235 1.0417829795420144
0.6164684658715276 1.0417829795420144
0.6205088699119317 1.0417829795420144
0.6245492739523357 1.0417829795420144
0.6285896779927398 1.0417829795420144
0.6326300820331437 1.0417829795420144
0.6366704860735478 1.0417829795420144
0.6407108901139518 1.0417829795420144
0.6447512941543558 1.0417829795420144
0.6487916981947599 1.0417829795420144
0.652832102235164 1.0417829795420144
0.656872506275568 1.0417829795420144
0.6609129103159721 1.0417829795420144
0.6649533143563761 1.0417829795420144
0.6689937183967801 1.0417829795420144
0.6730341224371841 1.0417829795420144
0.6770745264775881 1.0417829795420144
0.6811149305179922 1.0417829795420144
0.6851553345583963 1.0417829795420144
0.6891957385988003 1.0417829795420144
0.6932361426392044 1.0417829795420144
0.6972765466796085 1.0417829795420144
0.2972765466796084 1.0458233835824184
0.3013169507200124 1.0458233835824184
0.3053573547604165 1.0458233835824184
0.30939775880082054 1.0458233835824184
0.31343816284122455 1.0458233835824184
0.31747856688162857 1.0458233835824184
0.32151897092203263 1.0458233835824184
0.3255593749624367 1.0458233835824184
0.3295997790028407 1.0458233835824184
0.3336401830432448 1.0458233835824184
0.3376805870836488 1.0458233835824184
0.34172099112405285 1.0458233835824184
0.3457613951644569 1.0458233835824184
0.34980179920486093 1.0458233835824184
0.35384220324526494 1.0458233835824184
0.357882607285669 1.0458233835824184
0.3619230113260731 1.0458233835824184
0.3659634153664771 1.0458233835824184
0.3700038194068811 1.0458233835824184
0.37404422344728516 1.0458233835824184
0.37808462748768923 1.0458233835824184
0.38212503152809324 1.0458233835824184
0.3861654355684973 1.0458233835824184
0.3902058396089013 1.0458233835824184
0.3942462436493054 1.0458233835824184
0.3982866476897094 1.0458233835824184
0.40232705173011346 1.0458233835824184
0.40636745577051747 1.0458233835824184
0.41040785981092154 1.0458233835824184
0.4144482638513256 1.0458233835824184
0.4184886678917296 1.0458233835824184
0.4225290719321336 1.0458233835824184
0.4265694759725377 1.0458233835824184
0.43060988001294176 1.0458233835824184
0.43465028405334577 1.0458233835824184
0.4386906880937498 1.0458233835824184
0.44273109213415385 1.0458233835824184
0.4467714961745579 1.0458233835824184
0.4508119002149619 1.0458233835824184
0.45485230425536594 1.0458233835824184
0.45889270829577 1.0458233835824184
0.46293311233617407 1.0458233835824184
0.46697351637657813 1.0458233835824184
0.47101392041698215 1.0458233835824184
0.47505432445738616 1.0458233835824184
0.4790947284977902 1.0458233835824184
0.4831351325381943 1.0458233835824184
0.4871755365785983 1.0458233835824184
0.4912159406190023 1.0458233835824184
0.4952563446594064 1.0458233835824184
0.49929674869981044 1.0458233835824184
0.5033371527402144 1.0458233835824184
0.5073775567806185 1.0458233835824184
0.5114179608210225 1.0458233835824184
0.5154583648614266 1.0458233835824184
0.5194987689018307 1.0458233835824184
0.5235391729422347 1.0458233835824184
0.5275795769826387 1.0458233835824184
0.5316199810230428 1.0458233835824184
0.5356603850634468 1.0458233835824184
0.5397007891038508 1.0458233835824184
0.5437411931442548 1.0458233835824184
0.5477815971846589 1.0458233835824184
0.551822001225063 1.0458233835824184
0.555862405265467 1.0458233835824184
0.5599028093058711 1.0458233835824184
0.5639432133462751 1.0458233835824184
0.5679836173866791 1.0458233835824184
0.5720240214270831 1.0458233835824184
0.5760644254674872 1.0458233835824184
0.5801048295078912 1.0458233835824184
0.5841452335482953 1.0458233835824184
0.5881856375886994 1.0458233835824184
0.5922260416291034 1.0458233835824184
0.5962664456695074 1.0458233835824184
0.6003068497099114 1.0458233835824184
0.6043472537503154 1.0458233835824184
0.6083876577907195 1.0458233835824184
0.6124280618311235 1.0458233835824184
0.6164684658715276 1.0458233835824184
0.6205088699119317 1.0458233835824184
0.6245492739523357 1.0458233835824184
0.6285896779927398 1.0458233835824184
0.6326300820331437 1.0458233835824184
0.6366704860735478 1.0458233835824184
0.6407108901139518 1.0458233835824184
0.6447512941543558 1.0458233835824184
0.6487916981947599 1.0458233835824184
0.652832102235164 1.0458233835824184
0.656872506275568 1.0458233835824184
0.6609129103159721 1.0458233835824184
0.6649533143563761 1.0458233835824184
0.6689937183967801 1.0458233835824184
0.6730341224371841 1.0458233835824184
0.6770745264775881 1.0458233835824184
0.6811149305179922 1.0458233835824184
0.6851553345583963 1.0458233835824184
0.6891957385988003 1.0458233835824184
0.6932361426392044 1.0458233835824184
0.6972765466796085 1.0458233835824184
0.2972765466796084 1.0498637876228223
0.3013169507200124 1.0498637876228223
0.3053573547604165 1.0498637876228223
0.30939775880082054 1.0498637876228223
0.31343816284122455 1.0498637876228223
0.31747856688162857 1.0498637876228223
0.32151897092203263 1.0498637876228223
0.3255593749624367 1.0498637876228223
0.3295997790028407 1.0498637876228223
0.3336401830432448 1.0498637876228223
0.3376805870836488 1.0498637876228223
0.34172099112405285 1.0498637876228223
0.3457613951644569 1.0498637876228223
0.34980179920486093 1.0498637876228223
0.35384220324526494 1.0498637876228223
0.357882607285669 1.0498637876228223
0.3619230113260731 1.0498637876228223
0.3659634153664771 1.0498637876228223
0.3700038194068811 1.0498637876228223
0.37404422344728516 1.0498637876228223
0.37808462748768923 1.0498637876228223
0.38212503152809324 1.0498637876228223
0.3861654355684973 1.0498637876228223
0.3902058396089013 1.0498637876228223
0.3942462436493054 1.0498637876228223
0.3982866476897094 1.0498637876228223
0.40232705173011346 1.0498637876228223
0.40636745577051747 1.0498637876228223
0.41040785981092154 1.0498637876228223
0.4144482638513256 1.0498637876228223
0.4184886678917296 1.0498637876228223
0.4225290719321336 1.0498637876228223
0.4265694759725377 1.0498637876228223
0.43060988001294176 1.0498637876228223
0.43465028405334577 1.0498637876228223
0.4386906880937498 1.0498637876228223
0.44273109213415385 1.0498637876228223
0.4467714961745579 1.0498637876228223
0.4508119002149619 1.0498637876228223
0.45485230425536594 1.0498637876228223
0.45889270829577 1.0498637876228223
0.46293311233617407 1.0498637876228223
0.46697351637657813 1.0498637876228223
0.47101392041698215 1.0498637876228223
0.47505432445738616 1.0498637876228223
0.4790947284977902 1.0498637876228223
0.4831351325381943 1.0498637876228223
0.4871755365785983 1.0498637876228223
0.4912159406190023 1.0498637876228223
0.4952563446594064 1.0498637876228223
0.49929674869981044 1.0498637876228223
0.5033371527402144 1.0498637876228223
0.5073775567806185 1.0498637876228223
0.5114179608210225 1.0498637876228223
0.5154583648614266 1.0498637876228223
0.5194987689018307 1.0498637876228223
0.5235391729422347 1.0498637876228223
0.5275795769826387 1.0498637876228223
0.5316199810230428 1.0498637876228223
0.5356603850634468 1.0498637876228223
0.5397007891038508 1.0498637876228223
0.5437411931442548 1.0498637876228223
0.5477815971846589 1.0498637876228223
0.551822001225063 1.0498637876228223
0.555862405265467 1.0498637876228223
0.5599028093058711 1.0498637876228223
0.5639432133462751 1.0498637876228223
0.5679836173866791 1.0498637876228223
0.5720240214270831 1.0498637876228223
0.5760644254674872 1.0498637876228223
0.5801048295078912 1.0498637876228223
0.5841452335482953 1.0498637876228223
0.5881856375886994 1.0498637876228223
0.5922260416291034 1.0498637876228223
0.5962664456695074 1.0498637876228223
0.6003068497099114 1.0498637876228223
0.6043472537503154 1.0498637876228223
0.6083876577907195 1.0498637876228223
0.6124280618311235 1.0498637876228223
0.6164684658715276 1.0498637876228223
0.6205088699119317 1.0498637876228223
0.6245492739523357 1.0498637876228223
0.6285896779927398 1.0498637876228223
0.6326300820331437 1.0498637876228223
0.6366704860735478 1.0498637876228223
0.6407108901139518 1.0498637876228223
0.6447512941543558 1.0498637876228223
0.6487916981947599 1.0498637876228223
0.652832102235164 1.0498637876228223
0.656872506275568 1.0498637876228223
0.6609129103159721 1.0498637876228223
0.6649533143563761 1.0498637876228223
0.6689937183967801 1.0498637876228223
0.6730341224371841 1.0498637876228223
0.6770745264775881 1.0498637876228223
0.6811149305179922 1.0498637876228223
0.6851553345583963 1.0498637876228223
0.6891957385988003 1.0498637876228223
0.6932361426392044 1.0498637876228223
0.6972765466796085 1.0498637876228223
0.2972765466796084 1.0539041916632264
0.3013169507200124 1.0539041916632264
0.3053573547604165 1.0539041916632264
0.30939775880082054 1.0539041916632264
0.31343816284122455 1.0539041916632264
0.31747856688162857 1.0539041916632264
0.32151897092203263 1.0539041916632264
0.3255593749624367 1.0539041916632264
0.3295997790028407 1.0539041916632264
0.3336401830432448 1.0539041916632264
0.3376805870836488 1.0539041916632264
0.34172099112405285 1.0539041916632264
0.3457613951644569 1.0539041916632264
0.34980179920486093 1.0539041916632264
0.35384220324526494 1.0539041916632264
0.357882607285669 1.0539041916632264
0.3619230113260731 1.0539041916632264
0.3659634153664771 1.0539041916632264
0.3700038194068811 1.0539041916632264
0.37404422344728516 1.0539041916632264
0.37808462748768923 1.0539041916632264
0.38212503152809324 1.0539041916632264
0.3861654355684973 1.0539041916632264
0.3902058396089013 1.0539041916632264
0.3942462436493054 1.0539041916632264
0.3982866476897094 1.0539041916632264
0.40232705173011346 1.0539041916632264
0.40636745577051747 1.0539041916632264
0.41040785981092154 1.0539041916632264
0.4144482638513256 1.0539041916632264
0.4184886678917296 1.0539041916632264
0.4225290719321336 1.0539041916632264
0.4265694759725377 1.0539041916632264
0.43060988001294176 1.0539041916632264
0.43465028405334577 1.0539041916632264
0.4386906880937498 1.0539041916632264
0.44273109213415385 1.0539041916632264
0.4467714961745579 1.0539041916632264
0.4508119002149619 1.0539041916632264
0.45485230425536594 1.0539041916632264
0.45889270829577 1.0539041916632264
0.46293311233617407 1.0539041916632264
0.46697351637657813 1.0539041916632264
0.47101392041698215 1.0539041916632264
0.47505432445738616 1.0539041916632264
0.4790947284977902 1.0539041916632264
0.4831351325381943 1.0539041916632264
0.4871755365785983 1.0539041916632264
0.4912159406190023 1.0539041916632264
0.4952563446594064 1.0539041916632264
0.49929674869981044 1.0539041916632264
0.5033371527402144 1.0539041916632264
0.5073775567806185 1.0539041916632264
0.5114179608210225 1.0539041916632264
0.5154583648614266 1.0539041916632264
0.5194987689018307 1.0539041916632264
0.5235391729422347 1.0539041916632264
0.5275795769826387 1.0539041916632264
0.5316199810230428 1.0539041916632264
0.5356603850634468 1.0539041916632264
0.5397007891038508 1.0539041916632264
0.5437411931442548 1.0539041916632264
0.5477815971846589 1.0539041916632264
0.551822001225063 1.0539041916632264
0.555862405265467 1.0539041916632264
0.5599028093058711 1.0539041916632264
0.5639432133462751 1.0539041916632264
0.5679836173866791 1.0539041916632264
0.5720240214270831 1.0539041916632264
0.5760644254674872 1.0539041916632264
0.5801048295078912 1.0539041916632264
0.5841452335482953 1.0539041916632264
0.5881856375886994 1.0539041916632264
0.5922260416291034 1.0539041916632264
0.5962664456695074 1.0539041916632264
0.6003068497099114 1.0539041916632264
0.6043472537503154 1.0539041916632264
0.6083876577907195 1.0539041916632264
0.6124280618311235 1.0539041916632264
0.6164684658715276 1.0539041916632264
0.6205088699119317 1.0539041916632264
0.6245492739523357 1.0539041916632264
0.6285896779927398 1.0539041916632264
0.6326300820331437 1.0539041916632264
0.6366704860735478 1.0539041916632264
0.6407108901139518 1.0539041916632264
0.6447512941543558 1.0539041916632264
0.6487916981947599 1.0539041916632264
0.652832102235164 1.0539041916632264
0.656872506275568 1.0539041916632264
0.6609129103159721 1.0539041916632264
0.6649533143563761 1.0539041916632264
0.6689937183967801 1.0539041916632264
0.6730341224371841 1.0539041916632264
0.6770745264775881 1.0539041916632264
0.6811149305179922 1.0539041916632264
0.6851553345583963 1.0539041916632264
0.6891957385988003 1.0539041916632264
0.6932361426392044 1.0539041916632264
0.6972765466796085 1.0539041916632264
0.2972765466796084 1.0579445957036304
0.3013169507200124 1.0579445957036304
0.3053573547604165 1.0579445957036304
0.30939775880082054 1.0579445957036304
0.31343816284122455 1.0579445957036304
0.31747856688162857 1.0579445957036304
0.32151897092203263 1.0579445957036304
0.3255593749624367 1.0579445957036304
0.3295997790028407 1.0579445957036304
0.3336401830432448 1.0579445957036304
0.3376805870836488 1.0579445957036304
0.34172099112405285 1.0579445957036304
0.3457613951644569 1.0579445957036304
0.34980179920486093 1.0579445957036304
0.35384220324526494 1.0579445957036304
0.357882607285669 1.0579445957036304
0.3619230113260731 1.0579445957036304
0.3659634153664771 1.0579445957036304
0.3700038194068811 1.0579445957036304
0.37404422344728516 1.0579445957036304
0.37808462748768923 1.0579445957036304
0.38212503152809324 1.0579445957036304
0.3861654355684973 1.0579445957036304
0.3902058396089013 1.0579445957036304
0.3942462436493054 1.0579445957036304
0.3982866476897094 1.0579445957036304
0.40232705173011346 1.0579445957036304
0.40636745577051747 1.0579445957036304
0.41040785981092154 1.0579445957036304
0.4144482638513256 1.0579445957036304
0.4184886678917296 1.0579445957036304
0.4225290719321336 1.0579445957036304
0.4265694759725377 1.0579445957036304
0.43060988001294176 1.0579445957036304
0.43465028405334577 1.0579445957036304
0.4386906880937498 1.0579445957036304
0.44273109213415385 1.0579445957036304
0.4467714961745579 1.0579445957036304
0.4508119002149619 1.0579445957036304
0.45485230425536594 1.0579445957036304
0.45889270829577 1.0579445957036304
0.46293311233617407 1.0579445957036304
0.46697351637657813 1.0579445957036304
0.47101392041698215 1.0579445957036304
0.47505432445738616 1.0579445957036304
0.4790947284977902 1.0579445957036304
0.4831351325381943 1.0579445957036304
0.4871755365785983 1.0579445957036304
0.4912159406190023 1.0579445957036304
0.4952563446594064 1.0579445957036304
0.49929674869981044 1.0579445957036304
0.5033371527402144 1.0579445957036304
0.5073775567806185 1.0579445957036304
0.5114179608210225 1.0579445957036304
0.5154583648614266 1.0579445957036304
0.5194987689018307 1.0579445957036304
0.5235391729422347 1.0579445957036304
0.5275795769826387 1.0579445957036304
0.5316199810230428 1.0579445957036304
0.5356603850634468 1.0579445957036304
0.5397007891038508 1.0579445957036304
0.5437411931442548 1.0579445957036304
0.5477815971846589 1.0579445957036304
0.551822001225063 1.0579445957036304
0.555862405265467 1.0579445957036304
0.5599028093058711 1.0579445957036304
0.5639432133462751 1.0579445957036304
0.5679836173866791 1.0579445957036304
0.5720240214270831 1.0579445957036304
0.5760644254674872 1.0579445957036304
0.5801048295078912 1.0579445957036304
0.5841452335482953 1.0579445957036304
0.5881856375886994 1.0579445957036304
0.5922260416291034 1.0579445957036304
0.5962664456695074 1.0579445957036304
0.6003068497099114 1.0579445957036304
0.6043472537503154 1.0579445957036304
0.6083876577907195 1.0579445957036304
0.6124280618311235 1.0579445957036304
0.6164684658715276 1.0579445957036304
0.6205088699119317 1.0579445957036304
0.6245492739523357 1.0579445957036304
0.6285896779927398 1.0579445957036304
0.6326300820331437 1.0579445957036304
0.6366704860735478 1.0579445957036304
0.6407108901139518 1.0579445957036304
0.6447512941543558 1.0579445957036304
0.6487916981947599 1.0579445957036304
0.652832102235164 1.0579445957036304
0.656872506275568 1.0579445957036304
0.6609129103159721 1.0579445957036304
0.6649533143563761 1.0579445957036304
0.6689937183967801 1.0579445957036304
0.6730341224371841 1.0579445957036304
0.6770745264775881 1.0579445957036304
0.6811149305179922 1.0579445957036304
0.6851553345583963 1.0579445957036304
0.6891957385988003 1.0579445957036304
0.6932361426392044 1.0579445957036304
0.6972765466796085 1.0579445957036304
0.2972765466796084 1.0619849997440345
0.3013169507200124 1.0619849997440345
0.3053573547604165 1.0619849997440345
0.30939775880082054 1.0619849997440345
0.31343816284122455 1.0619849997440345
0.31747856688162857 1.0619849997440345
0.32151897092203263 1.0619849997440345
0.3255593749624367 1.0619849997440345
0.3295997790028407 1.0619849997440345
0.3336401830432448 1.0619849997440345
0.3376805870836488 1.0619849997440345
0.34172099112405285 1.0619849997440345
0.3457613951644569 1.0619849997440345
0.34980179920486093 1.0619849997440345
0.35384220324526494 1.0619849997440345
0.357882607285669 1.0619849997440345
0.3619230113260731 1.0619849997440345
0.3659634153664771 1.0619849997440345
0.3700038194068811 1.0619849997440345
0.37404422344728516 1.0619849997440345
0.37808462748768923 1.0619849997440345
0.38212503152809324 1.0619849997440345
0.3861654355684973 1.0619849997440345
0.3902058396089013 1.0619849997440345
0.3942462436493054 1.0619849997440345
0.3982866476897094 1.0619849997440345
0.40232705173011346 1.0619849997440345
0.40636745577051747 1.0619849997440345
0.41040785981092154 1.0619849997440345
0.4144482638513256 1.0619849997440345
0.4184886678917296 1.0619849997440345
0.4225290719321336 1.0619849997440345
0.4265694759725377 1.0619849997440345
0.43060988001294176 1.0619849997440345
0.43465028405334577 1.0619849997440345
0.4386906880937498 1.0619849997440345
0.44273109213415385 1.0619849997440345
0.4467714961745579 1.0619849997440345
0.4508119002149619 1.0619849997440345
0.45485230425536594 1.0619849997440345
0.45889270829577 1.0619849997440345
0.46293311233617407 1.0619849997440345
0.46697351637657813 1.0619849997440345
0.47101392041698215 1.0619849997440345
0.47505432445738616 1.0619849997440345
0.4790947284977902 1.0619849997440345
0.4831351325381943 1.0619849997440345
0.4871755365785983 1.0619849997440345
0.4912159406190023 1.0619849997440345
0.4952563446594064 1.0619849997440345
0.49929674869981044 1.0619849997440345
0.5033371527402144 1.0619849997440345
0.5073775567806185 1.0619849997440345
0.5114179608210225 1.0619849997440345
0.5154583648614266 1.0619849997440345
0.5194987689018307 1.0619849997440345
0.5235391729422347 1.0619849997440345
0.5275795769826387 1.0619849997440345
0.5316199810230428 1.0619849997440345
0.5356603850634468 1.0619849997440345
0.5397007891038508 1.0619849997440345
0.5437411931442548 1.0619849997440345
0.5477815971846589 1.0619849997440345
0.551822001225063 1.0619849997440345
0.555862405265467 1.0619849997440345
0.5599028093058711 1.0619849997440345
0.5639432133462751 1.0619849997440345
0.5679836173866791 1.0619849997440345
0.5720240214270831 1.0619849997440345
0.5760644254674872 1.0619849997440345
0.5801048295078912 1.0619849997440345
0.5841452335482953 1.0619849997440345
0.5881856375886994 1.0619849997440345
0.5922260416291034 1.0619849997440345
0.5962664456695074 1.0619849997440345
0.6003068497099114 1.0619849997440345
0.6043472537503154 1.0619849997440345
0.6083876577907195 1.0619849997440345
0.6124280618311235 1.0619849997440345
0.6164684658715276 1.0619849997440345
0.6205088699119317 1.0619849997440345
0.6245492739523357 1.0619849997440345
0.6285896779927398 1.0619849997440345
0.6326300820331437 1.0619849997440345
0.6366704860735478 1.0619849997440345
0.6407108901139518 1.0619849997440345
0.6447512941543558 1.0619849997440345
0.6487916981947599 1.0619849997440345
0.652832102235164 1.0619849997440345
0.656872506275568 1.0619849997440345
0.6609129103159721 1.0619849997440345
0.6649533143563761 1.0619849997440345
0.6689937183967801 1.0619849997440345
0.6730341224371841 1.0619849997440345
0.6770745264775881 1.0619849997440345
0.6811149305179922 1.0619849997440345
0.6851553345583963 1.0619849997440345
0.6891957385988003 1.0619849997440345
0.6932361426392044 1.0619849997440345
0.6972765466796085 1.0619849997440345
0.2972765466796084 1.0660254037844386
0.3013169507200124 1.0660254037844386
0.3053573547604165 1.0660254037844386
0.30939775880082054 1.0660254037844386
0.31343816284122455 1.0660254037844386
0.31747856688162857 1.0660254037844386
0.32151897092203263 1.0660254037844386
0.3255593749624367 1.0660254037844386
0.3295997790028407 1.0660254037844386
0.3336401830432448 1.0660254037844386
0.3376805870836488 1.0660254037844386
0.34172099112405285 1.0660254037844386
0.3457613951644569 1.0660254037844386
0.34980179920486093 1.0660254037844386
0.35384220324526494 1.0660254037844386
0.357882607285669 1.0660254037844386
0.3619230113260731 1.0660254037844386
0.3659634153664771 1.0660254037844386
0.3700038194068811 1.0660254037844386
0.37404422344728516 1.0660254037844386
0.37808462748768923 1.0660254037844386
0.38212503152809324 1.0660254037844386
0.3861654355684973 1.0660254037844386
0.3902058396089013 1.0660254037844386
0.3942462436493054 1.0660254037844386
0.3982866476897094 1.0660254037844386
0.40232705173011346 1.0660254037844386
0.40636745577051747 1.0660254037844386
0.41040785981092154 1.0660254037844386
0.4144482638513256 1.0660254037844386
0.4184886678917296 1.0660254037844386
0.4225290719321336 1.0660254037844386
0.4265694759725377 1.0660254037844386
0.43060988001294176 1.0660254037844386
0.43465028405334577 1.0660254037844386
0.4386906880937498 1.0660254037844386
0.44273109213415385 1.0660254037844386
0.4467714961745579 1.0660254037844386
0.4508119002149619 1.0660254037844386
0.45485230425536594 1.0660254037844386
0.45889270829577 1.0660254037844386
0.46293311233617407 1.0660254037844386
0.46697351637657813 1.0660254037844386
0.47101392041698215 1.0660254037844386
0.47505432445738616 1.0660254037844386
0.4790947284977902 1.0660254037844386
0.4831351325381943 1.0660254037844386
0.4871755365785983 1.0660254037844386
0.4912159406190023 1.0660254037844386
0.4952563446594064 1.0660254037844386
0.49929674869981044 1.0660254037844386
0.5033371527402144 1.0660254037844386
0.5073775567806185 1.0660254037844386
0.5114179608210225 1.0660254037844386
0.5154583648614266 1.0660254037844386
0.5194987689018307 1.0660254037844386
0.5235391729422347 1.0660254037844386
0.5275795769826387 1.0660254037844386
0.5316199810230428 1.0660254037844386
0.5356603850634468 1.0660254037844386
0.5397007891038508 1.0660254037844386
0.5437411931442548 1.0660254037844386
0.5477815971846589 1.0660254037844386
0.551822001225063 1.0660254037844386
0.555862405265467 1.0660254037844386
0.5599028093058711 1.0660254037844386
0.5639432133462751 1.0660254037844386
0.5679836173866791 1.0660254037844386
0.5720240214270831 1.0660254037844386
0.5760644254674872 1.0660254037844386
0.5801048295078912 1.0660254037844386
0.5841452335482953 1.0660254037844386
0.5881856375886994 1.0660254037844386
0.5922260416291034 1.0660254037844386
0.5962664456695074 1.0660254037844386
0.6003068497099114 1.0660254037844386
0.6043472537503154 1.0660254037844386
0.6083876577907195 1.0660254037844386
0.6124280618311235 1.0660254037844386
0.6164684658715276 1.0660254037844386
0.6205088699119317 1.0660254037844386
0.6245492739523357 1.0660254037844386
0.6285896779927398 1.0660254037844386
0.6326300820331437 1.0660254037844386
0.6366704860735478 1.0660254037844386
0.6407108901139518 1.0660254037844386
0.6447512941543558 1.0660254037844386
0.6487916981947599 1.0660254037844386
0.652832102235164 1.0660254037844386
0.656872506275568 1.0660254037844386
0.6609129103159721 1.0660254037844386
0.6649533143563761 1.0660254037844386
0.6689937183967801 1.0660254037844386
0.6730341224371841 1.0660254037844386
0.6770745264775881 1.0660254037844386
0.6811149305179922 1.0660254037844386
0.6851553345583963 1.0660254037844386
0.6891957385988003 1.0660254037844386
0.6932361426392044 1.0660254037844386
0.6972765466796085 1.0660254037844386
