# x y
0.29999095742317 0.6660254037844386
0.304031361463574 0.6660254037844386
0.3080717655039781 0.6660254037844386
0.31211216954438215 0.6660254037844386
0.31615257358478616 0.6660254037844386
0.32019297762519017 0.6660254037844386
0.32423338166559423 0.6660254037844386
0.3282737857059983 0.6660254037844386
0.3323141897464023 0.6660254037844386
0.3363545937868064 0.6660254037844386
0.3403949978272104 0.6660254037844386
0.34443540186761445 0.6660254037844386
0.3484758059080185 0.6660254037844386
0.35251620994842253 0.6660254037844386
0.35655661398882654 0.6660254037844386
0.3605970180292306 0.6660254037844386
0.3646374220696347 0.6660254037844386
0.3686778261100387 0.6660254037844386
0.3727182301504427 0.6660254037844386
0.37675863419084676 0.6660254037844386
0.38079903823125083 0.6660254037844386
0.38483944227165484 0.6660254037844386
0.3888798463120589 0.6660254037844386
0.3929202503524629 0.6660254037844386
0.396960654392867 0.6660254037844386
0.401001058433271 0.6660254037844386
0.40504146247367506 0.6660254037844386
0.4090818665140791 0.6660254037844386
0.41312227055448314 0.6660254037844386
0.4171626745948872 0.6660254037844386
0.4212030786352912 0.6660254037844386
0.42524348267569523 0.6660254037844386
0.4292838867160993 0.6660254037844386
0.43332429075650336 0.6660254037844386
0.43736469479690737 0.6660254037844386
0.4414050988373114 0.6660254037844386
0.44544550287771545 0.6660254037844386
0.4494859069181195 0.6660254037844386
0.4535263109585235 0.6660254037844386
0.45756671499892754 0.6660254037844386
0.4616071190393316 0.6660254037844386
0.46564752307973567 0.6660254037844386
0.46968792712013974 0.6660254037844386
0.47372833116054375 0.6660254037844386
0.47776873520094776 0.6660254037844386
0.4818091392413518 0.6660254037844386
0.4858495432817559 0.6660254037844386
0.4898899473221599 0.6660254037844386
0.4939303513625639 0.6660254037844386
0.497970755402968 0.6660254037844386
0.502011159443372 0.6660254037844386
0.5060515634837761 0.6660254037844386
0.5100919675241801 0.6660254037844386
0.5141323715645841 0.6660254037844386
0.5181727756049882 0.6660254037844386
0.5222131796453922 0.6660254037844386
0.5262535836857962 0.6660254037844386
0.5302939877262003 0.6660254037844386
0.5343343917666044 0.6660254037844386
0.5383747958070084 0.6660254037844386
0.5424151998474125 0.6660254037844386
0.5464556038878164 0.6660254037844386
0.5504960079282205 0.6660254037844386
0.5545364119686245 0.6660254037844386
0.5585768160090285 0.6660254037844386
0.5626172200494326 0.6660254037844386
0.5666576240898367 0.6660254037844386
0.5706980281302407 0.6660254037844386
0.5747384321706448 0.6660254037844386
0.5787788362110489 0.6660254037844386
0.5828192402514528 0.6660254037844386
0.5868596442918569 0.6660254037844386
0.5909000483322608 0.6660254037844386
0.5949404523726649 0.6660254037844386
0.598980856413069 0.6660254037844386
0.603021260453473 0.6660254037844386
0.6070616644938771 0.6660254037844386
0.6111020685342812 0.6660254037844386
0.6151424725746851 0.6660254037844386
0.6191828766150892 0.6660254037844386
0.6232232806554932 0.6660254037844386
0.6272636846958972 0.6660254037844386
0.6313040887363013 0.6660254037844386
0.6353444927767053 0.6660254037844386
0.6393848968171094 0.6660254037844386
0.6434253008575135 0.6660254037844386
0.6474657048979175 0.6660254037844386
0.6515061089383215 0.6660254037844386
0.6555465129787256 0.6660254037844386
0.6595869170191295 0.6660254037844386
0.6636273210595336 0.6660254037844386
0.6676677250999377 0.6660254037844386
0.6717081291403417 0.6660254037844386
0.6757485331807458 0.6660254037844386
0.6797889372211499 0.6660254037844386
0.6838293412615538 0.6660254037844386
0.6878697453019579 0.6660254037844386
0.691910149342362 0.6660254037844386
0.6959505533827659 0.6660254037844386
0.69999095742317 0.6660254037844386
0.29999095742317 0.6700658078248426
0.304031361463574 0.6700658078248426
0.3080717655039781 0.6700658078248426
0.31211216954438215 0.6700658078248426
0.31615257358478616 0.6700658078248426
0.32019297762519017 0.6700658078248426
0.32423338166559423 0.6700658078248426
0.3282737857059983 0.6700658078248426
0.3323141897464023 0.6700658078248426
0.3363545937868064 0.6700658078248426
0.3403949978272104 0.6700658078248426
0.34443540186761445 0.6700658078248426
0.3484758059080185 0.6700658078248426
0.35251620994842253 0.6700658078248426
0.35655661398882654 0.6700658078248426
0.3605970180292306 0.6700658078248426
0.3646374220696347 0.6700658078248426
0.3686778261100387 0.6700658078248426
0.3727182301504427 0.6700658078248426
0.37675863419084676 0.6700658078248426
0.38079903823125083 0.6700658078248426
0.38483944227165484 0.6700658078248426
0.3888798463120589 0.6700658078248426
0.3929202503524629 0.6700658078248426
0.396960654392867 0.6700658078248426
0.401001058433271 0.6700658078248426
0.40504146247367506 0.6700658078248426
0.4090818665140791 0.6700658078248426
0.41312227055448314 0.6700658078248426
0.4171626745948872 0.6700658078248426
0.4212030786352912 0.6700658078248426
0.42524348267569523 0.6700658078248426
0.4292838867160993 0.6700658078248426
0.43332429075650336 0.6700658078248426
0.43736469479690737 0.6700658078248426
0.4414050988373114 0.6700658078248426
0.44544550287771545 0.6700658078248426
0.4494859069181195 0.6700658078248426
0.4535263109585235 0.6700658078248426
0.45756671499892754 0.6700658078248426
0.4616071190393316 0.6700658078248426
0.46564752307973567 0.6700658078248426
0.46968792712013974 0.6700658078248426
0.47372833116054375 0.6700658078248426
0.47776873520094776 0.6700658078248426
0.4818091392413518 0.6700658078248426
0.4858495432817559 0.6700658078248426
0.4898899473221599 0.6700658078248426
0.4939303513625639 0.6700658078248426
0.497970755402968 0.6700658078248426
0.502011159443372 0.6700658078248426
0.5060515634837761 0.6700658078248426
0.5100919675241801 0.6700658078248426
0.5141323715645841 0.6700658078248426
0.5181727756049882 0.6700658078248426
0.5222131796453922 0.6700658078248426
0.5262535836857962 0.6700658078248426
0.5302939877262003 0.6700658078248426
0.5343343917666044 0.6700658078248426
0.5383747958070084 0.6700658078248426
0.5424151998474125 0.6700658078248426
0.5464556038878164 0.6700658078248426
0.5504960079282205 0.6700658078248426
0.5545364119686245 0.6700658078248426
0.5585768160090285 0.6700658078248426
0.5626172200494326 0.6700658078248426
0.5666576240898367 0.6700658078248426
0.5706980281302407 0.6700658078248426
0.5747384321706448 0.6700658078248426
0.5787788362110489 0.6700658078248426
0.5828192402514528 0.6700658078248426
0.5868596442918569 0.6700658078248426
0.5909000483322608 0.6700658078248426
0.5949404523726649 0.6700658078248426
0.598980856413069 0.6700658078248426
0.603021260453473 0.6700658078248426
0.6070616644938771 0.6700658078248426
0.6111020685342812 0.6700658078248426
0.6151424725746851 0.6700658078248426
0.6191828766150892 0.6700658078248426
0.6232232806554932 0.6700658078248426
0.6272636846958972 0.6700658078248426
0.6313040887363013 0.6700658078248426
0.6353444927767053 0.6700658078248426
0.6393848968171094 0.6700658078248426
0.6434253008575135 0.6700658078248426
0.6474657048979175 0.6700658078248426
0.6515061089383215 0.6700658078248426
0.6555465129787256 0.6700658078248426
0.6595869170191295 0.6700658078248426
0.6636273210595336 0.6700658078248426
0.6676677250999377 0.6700658078248426
0.6717081291403417 0.6700658078248426
0.6757485331807458 0.6700658078248426
0.6797889372211499 0.6700658078248426
0.6838293412615538 0.6700658078248426
0.6878697453019579 0.6700658078248426
0.691910149342362 0.6700658078248426
0.6959505533827659 0.6700658078248426
0.69999095742317 0.6700658078248426
0.29999095742317 0.6741062118652467
0.304031361463574 0.6741062118652467
0.3080717655039781 0.6741062118652467
0.31211216954438215 0.6741062118652467
0.31615257358478616 0.6741062118652467
0.32019297762519017 0.6741062118652467
0.32423338166559423 0.6741062118652467
0.3282737857059983 0.6741062118652467
0.3323141897464023 0.6741062118652467
0.3363545937868064 0.6741062118652467
0.3403949978272104 0.6741062118652467
0.34443540186761445 0.6741062118652467
0.3484758059080185 0.6741062118652467
0.35251620994842253 0.6741062118652467
0.35655661398882654 0.6741062118652467
0.3605970180292306 0.6741062118652467
0.3646374220696347 0.6741062118652467
0.3686778261100387 0.6741062118652467
0.3727182301504427 0.6741062118652467
0.37675863419084676 0.6741062118652467
0.38079903823125083 0.6741062118652467
0.38483944227165484 0.6741062118652467
0.3888798463120589 0.6741062118652467
0.3929202503524629 0.6741062118652467
0.396960654392867 0.6741062118652467
0.401001058433271 0.6741062118652467
0.40504146247367506 0.6741062118652467
0.4090818665140791 0.6741062118652467
0.41312227055448314 0.6741062118652467
0.4171626745948872 0.6741062118652467
0.4212030786352912 0.6741062118652467
0.42524348267569523 0.6741062118652467
0.4292838867160993 0.6741062118652467
0.43332429075650336 0.6741062118652467
0.43736469479690737 0.6741062118652467
0.4414050988373114 0.6741062118652467
0.44544550287771545 0.6741062118652467
0.4494859069181195 0.6741062118652467
0.4535263109585235 0.6741062118652467
0.45756671499892754 0.6741062118652467
0.4616071190393316 0.6741062118652467
0.46564752307973567 0.6741062118652467
0.46968792712013974 0.6741062118652467
0.47372833116054375 0.6741062118652467
0.47776873520094776 0.6741062118652467
0.4818091392413518 0.6741062118652467
0.4858495432817559 0.6741062118652467
0.4898899473221599 0.6741062118652467
0.4939303513625639 0.6741062118652467
0.497970755402968 0.6741062118652467
0.502011159443372 0.6741062118652467
0.5060515634837761 0.6741062118652467
0.5100919675241801 0.6741062118652467
0.5141323715645841 0.6741062118652467
0.5181727756049882 0.6741062118652467
0.5222131796453922 0.6741062118652467
0.5262535836857962 0.6741062118652467
0.5302939877262003 0.6741062118652467
0.5343343917666044 0.6741062118652467
0.5383747958070084 0.6741062118652467
0.5424151998474125 0.6741062118652467
0.5464556038878164 0.6741062118652467
0.5504960079282205 0.6741062118652467
0.5545364119686245 0.6741062118652467
0.5585768160090285 0.6741062118652467
0.5626172200494326 0.6741062118652467
0.5666576240898367 0.6741062118652467
0.5706980281302407 0.6741062118652467
0.5747384321706448 0.6741062118652467
0.5787788362110489 0.6741062118652467
0.5828192402514528 0.6741062118652467
0.5868596442918569 0.6741062118652467
0.5909000483322608 0.6741062118652467
0.5949404523726649 0.6741062118652467
0.598980856413069 0.6741062118652467
0.603021260453473 0.6741062118652467
0.6070616644938771 0.6741062118652467
0.6111020685342812 0.6741062118652467
0.6151424725746851 0.6741062118652467
0.6191828766150892 0.6741062118652467
0.6232232806554932 0.6741062118652467
0.6272636846958972 0.6741062118652467
0.6313040887363013 0.6741062118652467
0.6353444927767053 0.6741062118652467
0.6393848968171094 0.6741062118652467
0.6434253008575135 0.6741062118652467
0.6474657048979175 0.6741062118652467
0.6515061089383215 0.6741062118652467
0.6555465129787256 0.6741062118652467
0.6595869170191295 0.6741062118652467
0.6636273210595336 0.6741062118652467
0.6676677250999377 0.6741062118652467
0.6717081291403417 0.6741062118652467
0.6757485331807458 0.6741062118652467
0.6797889372211499 0.6741062118652467
0.6838293412615538 0.6741062118652467
0.6878697453019579 0.6741062118652467
0.691910149342362 0.6741062118652467
0.6959505533827659 0.6741062118652467
0.69999095742317 0.6741062118652467
0.29999095742317 0.6781466159056507
0.304031361463574 0.6781466159056507
0.3080717655039781 0.6781466159056507
0.31211216954438215 0.6781466159056507
0.31615257358478616 0.6781466159056507
0.32019297762519017 0.6781466159056507
0.32423338166559423 0.6781466159056507
0.3282737857059983 0.6781466159056507
0.3323141897464023 0.6781466159056507
0.3363545937868064 0.6781466159056507
0.3403949978272104 0.6781466159056507
0.34443540186761445 0.6781466159056507
0.3484758059080185 0.6781466159056507
0.35251620994842253 0.6781466159056507
0.35655661398882654 0.6781466159056507
0.3605970180292306 0.6781466159056507
0.3646374220696347 0.6781466159056507
0.3686778261100387 0.6781466159056507
0.3727182301504427 0.6781466159056507
0.37675863419084676 0.6781466159056507
0.38079903823125083 0.6781466159056507
0.38483944227165484 0.6781466159056507
0.3888798463120589 0.6781466159056507
0.3929202503524629 0.6781466159056507
0.396960654392867 0.6781466159056507
0.401001058433271 0.6781466159056507
0.40504146247367506 0.6781466159056507
0.4090818665140791 0.6781466159056507
0.41312227055448314 0.6781466159056507
0.4171626745948872 0.6781466159056507
0.4212030786352912 0.6781466159056507
0.42524348267569523 0.6781466159056507
0.4292838867160993 0.6781466159056507
0.43332429075650336 0.6781466159056507
0.43736469479690737 0.6781466159056507
0.4414050988373114 0.6781466159056507
0.44544550287771545 0.6781466159056507
0.4494859069181195 0.6781466159056507
0.4535263109585235 0.6781466159056507
0.45756671499892754 0.6781466159056507
0.4616071190393316 0.6781466159056507
0.46564752307973567 0.6781466159056507
0.46968792712013974 0.6781466159056507
0.47372833116054375 0.6781466159056507
0.47776873520094776 0.6781466159056507
0.4818091392413518 0.6781466159056507
0.4858495432817559 0.6781466159056507
0.4898899473221599 0.6781466159056507
0.4939303513625639 0.6781466159056507
0.497970755402968 0.6781466159056507
0.502011159443372 0.6781466159056507
0.5060515634837761 0.6781466159056507
0.5100919675241801 0.6781466159056507
0.5141323715645841 0.6781466159056507
0.5181727756049882 0.6781466159056507
0.5222131796453922 0.6781466159056507
0.5262535836857962 0.6781466159056507
0.5302939877262003 0.6781466159056507
0.5343343917666044 0.6781466159056507
0.5383747958070084 0.6781466159056507
0.5424151998474125 0.6781466159056507
0.5464556038878164 0.6781466159056507
0.5504960079282205 0.6781466159056507
0.5545364119686245 0.6781466159056507
0.5585768160090285 0.6781466159056507
0.5626172200494326 0.6781466159056507
0.5666576240898367 0.6781466159056507
0.5706980281302407 0.6781466159056507
0.5747384321706448 0.6781466159056507
0.5787788362110489 0.6781466159056507
0.5828192402514528 0.6781466159056507
0.5868596442918569 0.6781466159056507
0.5909000483322608 0.6781466159056507
0.5949404523726649 0.6781466159056507
0.598980856413069 0.6781466159056507
0.603021260453473 0.6781466159056507
0.6070616644938771 0.6781466159056507
0.6111020685342812 0.6781466159056507
0.6151424725746851 0.6781466159056507
0.6191828766150892 0.6781466159056507
0.6232232806554932 0.6781466159056507
0.6272636846958972 0.6781466159056507
0.6313040887363013 0.6781466159056507
0.6353444927767053 0.6781466159056507
0.6393848968171094 0.6781466159056507
0.6434253008575135 0.6781466159056507
0.6474657048979175 0.6781466159056507
0.6515061089383215 0.6781466159056507
0.6555465129787256 0.6781466159056507
0.6595869170191295 0.6781466159056507
0.6636273210595336 0.6781466159056507
0.6676677250999377 0.6781466159056507
0.6717081291403417 0.6781466159056507
0.6757485331807458 0.6781466159056507
0.6797889372211499 0.6781466159056507
0.6838293412615538 0.6781466159056507
0.6878697453019579 0.6781466159056507
0.691910149342362 0.6781466159056507
0.6959505533827659 0.6781466159056507
0.69999095742317 0.6781466159056507
0.29999095742317 0.6821870199460547
0.304031361463574 0.6821870199460547
0.3080717655039781 0.6821870199460547
0.31211216954438215 0.6821870199460547
0.31615257358478616 0.6821870199460547
0.32019297762519017 0.6821870199460547
0.32423338166559423 0.6821870199460547
0.3282737857059983 0.6821870199460547
0.3323141897464023 0.6821870199460547
0.3363545937868064 0.6821870199460547
0.3403949978272104 0.6821870199460547
0.34443540186761445 0.6821870199460547
0.3484758059080185 0.6821870199460547
0.35251620994842253 0.6821870199460547
0.35655661398882654 0.6821870199460547
0.3605970180292306 0.6821870199460547
0.3646374220696347 0.6821870199460547
0.3686778261100387 0.6821870199460547
0.3727182301504427 0.6821870199460547
0.37675863419084676 0.6821870199460547
0.38079903823125083 0.6821870199460547
0.38483944227165484 0.6821870199460547
0.3888798463120589 0.6821870199460547
0.3929202503524629 0.6821870199460547
0.396960654392867 0.6821870199460547
0.401001058433271 0.6821870199460547
0.40504146247367506 0.6821870199460547
0.4090818665140791 0.6821870199460547
0.41312227055448314 0.6821870199460547
0.4171626745948872 0.6821870199460547
0.4212030786352912 0.6821870199460547
0.42524348267569523 0.6821870199460547
0.4292838867160993 0.6821870199460547
0.43332429075650336 0.6821870199460547
0.43736469479690737 0.6821870199460547
0.4414050988373114 0.6821870199460547
0.44544550287771545 0.6821870199460547
0.4494859069181195 0.6821870199460547
0.4535263109585235 0.6821870199460547
0.45756671499892754 0.6821870199460547
0.4616071190393316 0.6821870199460547
0.46564752307973567 0.6821870199460547
0.46968792712013974 0.6821870199460547
0.47372833116054375 0.6821870199460547
0.47776873520094776 0.6821870199460547
0.4818091392413518 0.6821870199460547
0.4858495432817559 0.6821870199460547
0.4898899473221599 0.6821870199460547
0.4939303513625639 0.6821870199460547
0.497970755402968 0.6821870199460547
0.502011159443372 0.6821870199460547
0.5060515634837761 0.6821870199460547
0.5100919675241801 0.6821870199460547
0.5141323715645841 0.6821870199460547
0.5181727756049882 0.6821870199460547
0.5222131796453922 0.6821870199460547
0.5262535836857962 0.6821870199460547
0.5302939877262003 0.6821870199460547
0.5343343917666044 0.6821870199460547
0.5383747958070084 0.6821870199460547
0.5424151998474125 0.6821870199460547
0.5464556038878164 0.6821870199460547
0.5504960079282205 0.6821870199460547
0.5545364119686245 0.6821870199460547
0.5585768160090285 0.6821870199460547
0.5626172200494326 0.6821870199460547
0.5666576240898367 0.6821870199460547
0.5706980281302407 0.6821870199460547
0.5747384321706448 0.6821870199460547
0.5787788362110489 0.6821870199460547
0.5828192402514528 0.6821870199460547
0.5868596442918569 0.6821870199460547
0.5909000483322608 0.6821870199460547
0.5949404523726649 0.6821870199460547
0.598980856413069 0.6821870199460547
0.603021260453473 0.6821870199460547
0.6070616644938771 0.6821870199460547
0.6111020685342812 0.6821870199460547
0.6151424725746851 0.6821870199460547
0.6191828766150892 0.6821870199460547
0.6232232806554932 0.6821870199460547
0.6272636846958972 0.6821870199460547
0.6313040887363013 0.6821870199460547
0.6353444927767053 0.6821870199460547
0.6393848968171094 0.6821870199460547
0.6434253008575135 0.6821870199460547
0.6474657048979175 0.6821870199460547
0.6515061089383215 0.6821870199460547
0.6555465129787256 0.6821870199460547
0.6595869170191295 0.6821870199460547
0.6636273210595336 0.6821870199460547
0.6676677250999377 0.6821870199460547
0.6717081291403417 0.6821870199460547
0.6757485331807458 0.6821870199460547
0.6797889372211499 0.6821870199460547
0.6838293412615538 0.6821870199460547
0.6878697453019579 0.6821870199460547
0.691910149342362 0.6821870199460547
0.6959505533827659 0.6821870199460547
0.69999095742317 0.6821870199460547
0.29999095742317 0.6862274239864588
0.304031361463574 0.6862274239864588
0.3080717655039781 0.6862274239864588
0.31211216954438215 0.6862274239864588
0.31615257358478616 0.6862274239864588
0.32019297762519017 0.6862274239864588
0.32423338166559423 0.6862274239864588
0.3282737857059983 0.6862274239864588
0.3323141897464023 0.6862274239864588
0.3363545937868064 0.6862274239864588
0.3403949978272104 0.6862274239864588
0.34443540186761445 0.6862274239864588
0.3484758059080185 0.6862274239864588
0.35251620994842253 0.6862274239864588
0.35655661398882654 0.6862274239864588
0.3605970180292306 0.6862274239864588
0.3646374220696347 0.6862274239864588
0.3686778261100387 0.6862274239864588
0.3727182301504427 0.6862274239864588
0.37675863419084676 0.6862274239864588
0.38079903823125083 0.6862274239864588
0.38483944227165484 0.6862274239864588
0.3888798463120589 0.6862274239864588
0.3929202503524629 0.6862274239864588
0.396960654392867 0.6862274239864588
0.401001058433271 0.6862274239864588
0.40504146247367506 0.6862274239864588
0.4090818665140791 0.6862274239864588
0.41312227055448314 0.6862274239864588
0.4171626745948872 0.6862274239864588
0.4212030786352912 0.6862274239864588
0.42524348267569523 0.6862274239864588
0.4292838867160993 0.6862274239864588
0.43332429075650336 0.6862274239864588
0.43736469479690737 0.6862274239864588
0.4414050988373114 0.6862274239864588
0.44544550287771545 0.6862274239864588
0.4494859069181195 0.6862274239864588
0.4535263109585235 0.6862274239864588
0.45756671499892754 0.6862274239864588
0.4616071190393316 0.6862274239864588
0.46564752307973567 0.6862274239864588
0.46968792712013974 0.6862274239864588
0.47372833116054375 0.6862274239864588
0.47776873520094776 0.6862274239864588
0.4818091392413518 0.6862274239864588
0.4858495432817559 0.6862274239864588
0.4898899473221599 0.6862274239864588
0.4939303513625639 0.6862274239864588
0.497970755402968 0.6862274239864588
0.502011159443372 0.6862274239864588
0.5060515634837761 0.6862274239864588
0.5100919675241801 0.6862274239864588
0.5141323715645841 0.6862274239864588
0.5181727756049882 0.6862274239864588
0.5222131796453922 0.6862274239864588
0.5262535836857962 0.6862274239864588
0.5302939877262003 0.6862274239864588
0.5343343917666044 0.6862274239864588
0.5383747958070084 0.6862274239864588
0.5424151998474125 0.6862274239864588
0.5464556038878164 0.6862274239864588
0.5504960079282205 0.6862274239864588
0.5545364119686245 0.6862274239864588
0.5585768160090285 0.6862274239864588
0.5626172200494326 0.6862274239864588
0.5666576240898367 0.6862274239864588
0.5706980281302407 0.6862274239864588
0.5747384321706448 0.6862274239864588
0.5787788362110489 0.6862274239864588
0.5828192402514528 0.6862274239864588
0.5868596442918569 0.6862274239864588
0.5909000483322608 0.6862274239864588
0.5949404523726649 0.6862274239864588
0.598980856413069 0.6862274239864588
0.603021260453473 0.6862274239864588
0.6070616644938771 0.6862274239864588
0.6111020685342812 0.6862274239864588
0.6151424725746851 0.6862274239864588
0.6191828766150892 0.6862274239864588
0.6232232806554932 0.6862274239864588
0.6272636846958972 0.6862274239864588
0.6313040887363013 0.6862274239864588
0.6353444927767053 0.6862274239864588
0.6393848968171094 0.6862274239864588
0.6434253008575135 0.6862274239864588
0.6474657048979175 0.6862274239864588
0.6515061089383215 0.6862274239864588
0.6555465129787256 0.6862274239864588
0.6595869170191295 0.6862274239864588
0.6636273210595336 0.6862274239864588
0.6676677250999377 0.6862274239864588
0.6717081291403417 0.6862274239864588
0.6757485331807458 0.6862274239864588
0.6797889372211499 0.6862274239864588
0.6838293412615538 0.6862274239864588
0.6878697453019579 0.6862274239864588
0.691910149342362 0.6862274239864588
0.6959505533827659 0.6862274239864588
0.69999095742317 0.6862274239864588
0.29999095742317 0.6902678280268628
0.304031361463574 0.6902678280268628
0.3080717655039781 0.6902678280268628
0.31211216954438215 0.6902678280268628
0.31615257358478616 0.6902678280268628
0.32019297762519017 0.6902678280268628
0.32423338166559423 0.6902678280268628
0.3282737857059983 0.6902678280268628
0.3323141897464023 0.6902678280268628
0.3363545937868064 0.6902678280268628
0.3403949978272104 0.6902678280268628
0.34443540186761445 0.6902678280268628
0.3484758059080185 0.6902678280268628
0.35251620994842253 0.6902678280268628
0.35655661398882654 0.6902678280268628
0.3605970180292306 0.6902678280268628
0.3646374220696347 0.6902678280268628
0.3686778261100387 0.6902678280268628
0.3727182301504427 0.6902678280268628
0.37675863419084676 0.6902678280268628
0.38079903823125083 0.6902678280268628
0.38483944227165484 0.6902678280268628
0.3888798463120589 0.6902678280268628
0.3929202503524629 0.6902678280268628
0.396960654392867 0.6902678280268628
0.401001058433271 0.6902678280268628
0.40504146247367506 0.6902678280268628
0.4090818665140791 0.6902678280268628
0.41312227055448314 0.6902678280268628
0.4171626745948872 0.6902678280268628
0.4212030786352912 0.6902678280268628
0.42524348267569523 0.6902678280268628
0.4292838867160993 0.6902678280268628
0.43332429075650336 0.6902678280268628
0.43736469479690737 0.6902678280268628
0.4414050988373114 0.6902678280268628
0.44544550287771545 0.6902678280268628
0.4494859069181195 0.6902678280268628
0.4535263109585235 0.6902678280268628
0.45756671499892754 0.6902678280268628
0.4616071190393316 0.6902678280268628
0.46564752307973567 0.6902678280268628
0.46968792712013974 0.6902678280268628
0.47372833116054375 0.6902678280268628
0.47776873520094776 0.6902678280268628
0.4818091392413518 0.6902678280268628
0.4858495432817559 0.6902678280268628
0.4898899473221599 0.6902678280268628
0.4939303513625639 0.6902678280268628
0.497970755402968 0.6902678280268628
0.502011159443372 0.6902678280268628
0.5060515634837761 0.6902678280268628
0.5100919675241801 0.6902678280268628
0.5141323715645841 0.6902678280268628
0.5181727756049882 0.6902678280268628
0.5222131796453922 0.6902678280268628
0.5262535836857962 0.6902678280268628
0.5302939877262003 0.6902678280268628
0.5343343917666044 0.6902678280268628
0.5383747958070084 0.6902678280268628
0.5424151998474125 0.6902678280268628
0.5464556038878164 0.6902678280268628
0.5504960079282205 0.6902678280268628
0.5545364119686245 0.6902678280268628
0.5585768160090285 0.6902678280268628
0.5626172200494326 0.6902678280268628
0.5666576240898367 0.6902678280268628
0.5706980281302407 0.6902678280268628
0.5747384321706448 0.6902678280268628
0.5787788362110489 0.6902678280268628
0.5828192402514528 0.6902678280268628
0.5868596442918569 0.6902678280268628
0.5909000483322608 0.6902678280268628
0.5949404523726649 0.6902678280268628
0.598980856413069 0.6902678280268628
0.603021260453473 0.6902678280268628
0.6070616644938771 0.6902678280268628
0.6111020685342812 0.6902678280268628
0.6151424725746851 0.6902678280268628
0.6191828766150892 0.6902678280268628
0.6232232806554932 0.6902678280268628
0.6272636846958972 0.6902678280268628
0.6313040887363013 0.6902678280268628
0.6353444927767053 0.6902678280268628
0.6393848968171094 0.6902678280268628
0.6434253008575135 0.6902678280268628
0.6474657048979175 0.6902678280268628
0.6515061089383215 0.6902678280268628
0.6555465129787256 0.6902678280268628
0.6595869170191295 0.6902678280268628
0.6636273210595336 0.6902678280268628
0.6676677250999377 0.6902678280268628
0.6717081291403417 0.6902678280268628
0.6757485331807458 0.6902678280268628
0.6797889372211499 0.6902678280268628
0.6838293412615538 0.6902678280268628
0.6878697453019579 0.6902678280268628
0.691910149342362 0.6902678280268628
0.6959505533827659 0.6902678280268628
0.69999095742317 0.6902678280268628
0.29999095742317 0.6943082320672669
0.304031361463574 0.6943082320672669
0.3080717655039781 0.6943082320672669
0.31211216954438215 0.6943082320672669
0.31615257358478616 0.6943082320672669
0.32019297762519017 0.6943082320672669
0.32423338166559423 0.6943082320672669
0.3282737857059983 0.6943082320672669
0.3323141897464023 0.6943082320672669
0.3363545937868064 0.6943082320672669
0.3403949978272104 0.6943082320672669
0.34443540186761445 0.6943082320672669
0.3484758059080185 0.6943082320672669
0.35251620994842253 0.6943082320672669
0.35655661398882654 0.6943082320672669
0.3605970180292306 0.6943082320672669
0.3646374220696347 0.6943082320672669
0.3686778261100387 0.6943082320672669
0.3727182301504427 0.6943082320672669
0.37675863419084676 0.6943082320672669
0.38079903823125083 0.6943082320672669
0.38483944227165484 0.6943082320672669
0.3888798463120589 0.6943082320672669
0.3929202503524629 0.6943082320672669
0.396960654392867 0.6943082320672669
0.401001058433271 0.6943082320672669
0.40504146247367506 0.6943082320672669
0.4090818665140791 0.6943082320672669
0.41312227055448314 0.6943082320672669
0.4171626745948872 0.6943082320672669
0.4212030786352912 0.6943082320672669
0.42524348267569523 0.6943082320672669
0.4292838867160993 0.6943082320672669
0.43332429075650336 0.6943082320672669
0.43736469479690737 0.6943082320672669
0.4414050988373114 0.6943082320672669
0.44544550287771545 0.6943082320672669
0.4494859069181195 0.6943082320672669
0.4535263109585235 0.6943082320672669
0.45756671499892754 0.6943082320672669
0.4616071190393316 0.6943082320672669
0.46564752307973567 0.6943082320672669
0.46968792712013974 0.6943082320672669
0.47372833116054375 0.6943082320672669
0.47776873520094776 0.6943082320672669
0.4818091392413518 0.6943082320672669
0.4858495432817559 0.6943082320672669
0.4898899473221599 0.6943082320672669
0.4939303513625639 0.6943082320672669
0.497970755402968 0.6943082320672669
0.502011159443372 0.6943082320672669
0.5060515634837761 0.6943082320672669
0.5100919675241801 0.6943082320672669
0.5141323715645841 0.6943082320672669
0.5181727756049882 0.6943082320672669
0.5222131796453922 0.6943082320672669
0.5262535836857962 0.6943082320672669
0.5302939877262003 0.6943082320672669
0.5343343917666044 0.6943082320672669
0.5383747958070084 0.6943082320672669
0.5424151998474125 0.6943082320672669
0.5464556038878164 0.6943082320672669
0.5504960079282205 0.6943082320672669
0.5545364119686245 0.6943082320672669
0.5585768160090285 0.6943082320672669
0.5626172200494326 0.6943082320672669
0.5666576240898367 0.6943082320672669
0.5706980281302407 0.6943082320672669
0.5747384321706448 0.6943082320672669
0.5787788362110489 0.6943082320672669
0.5828192402514528 0.6943082320672669
0.5868596442918569 0.6943082320672669
0.5909000483322608 0.6943082320672669
0.5949404523726649 0.6943082320672669
0.598980856413069 0.6943082320672669
0.603021260453473 0.6943082320672669
0.6070616644938771 0.6943082320672669
0.6111020685342812 0.6943082320672669
0.6151424725746851 0.6943082320672669
0.6191828766150892 0.6943082320672669
0.6232232806554932 0.6943082320672669
0.6272636846958972 0.6943082320672669
0.6313040887363013 0.6943082320672669
0.6353444927767053 0.6943082320672669
0.6393848968171094 0.6943082320672669
0.6434253008575135 0.6943082320672669
0.6474657048979175 0.6943082320672669
0.6515061089383215 0.6943082320672669
0.6555465129787256 0.6943082320672669
0.6595869170191295 0.6943082320672669
0.6636273210595336 0.6943082320672669
0.6676677250999377 0.6943082320672669
0.6717081291403417 0.6943082320672669
0.6757485331807458 0.6943082320672669
0.6797889372211499 0.6943082320672669
0.6838293412615538 0.6943082320672669
0.6878697453019579 0.6943082320672669
0.691910149342362 0.6943082320672669
0.6959505533827659 0.6943082320672669
0.69999095742317 0.6943082320672669
0.29999095742317 0.698348636107671
0.304031361463574 0.698348636107671
0.3080717655039781 0.698348636107671
0.31211216954438215 0.698348636107671
0.31615257358478616 0.698348636107671
0.32019297762519017 0.698348636107671
0.32423338166559423 0.698348636107671
0.3282737857059983 0.698348636107671
0.3323141897464023 0.698348636107671
0.3363545937868064 0.698348636107671
0.3403949978272104 0.698348636107671
0.34443540186761445 0.698348636107671
0.3484758059080185 0.698348636107671
0.35251620994842253 0.698348636107671
0.35655661398882654 0.698348636107671
0.3605970180292306 0.698348636107671
0.3646374220696347 0.698348636107671
0.3686778261100387 0.698348636107671
0.3727182301504427 0.698348636107671
0.37675863419084676 0.698348636107671
0.38079903823125083 0.698348636107671
0.38483944227165484 0.698348636107671
0.3888798463120589 0.698348636107671
0.3929202503524629 0.698348636107671
0.396960654392867 0.698348636107671
0.401001058433271 0.698348636107671
0.40504146247367506 0.698348636107671
0.4090818665140791 0.698348636107671
0.41312227055448314 0.698348636107671
0.4171626745948872 0.698348636107671
0.4212030786352912 0.698348636107671
0.42524348267569523 0.698348636107671
0.4292838867160993 0.698348636107671
0.43332429075650336 0.698348636107671
0.43736469479690737 0.698348636107671
0.4414050988373114 0.698348636107671
0.44544550287771545 0.698348636107671
0.4494859069181195 0.698348636107671
0.4535263109585235 0.698348636107671
0.45756671499892754 0.698348636107671
0.4616071190393316 0.698348636107671
0.46564752307973567 0.698348636107671
0.46968792712013974 0.698348636107671
0.47372833116054375 0.698348636107671
0.47776873520094776 0.698348636107671
0.4818091392413518 0.698348636107671
0.4858495432817559 0.698348636107671
0.4898899473221599 0.698348636107671
0.4939303513625639 0.698348636107671
0.497970755402968 0.698348636107671
0.502011159443372 0.698348636107671
0.5060515634837761 0.698348636107671
0.5100919675241801 0.698348636107671
0.5141323715645841 0.698348636107671
0.5181727756049882 0.698348636107671
0.5222131796453922 0.698348636107671
0.5262535836857962 0.698348636107671
0.5302939877262003 0.698348636107671
0.5343343917666044 0.698348636107671
0.5383747958070084 0.698348636107671
0.5424151998474125 0.698348636107671
0.5464556038878164 0.698348636107671
0.5504960079282205 0.698348636107671
0.5545364119686245 0.698348636107671
0.5585768160090285 0.698348636107671
0.5626172200494326 0.698348636107671
0.5666576240898367 0.698348636107671
0.5706980281302407 0.698348636107671
0.5747384321706448 0.698348636107671
0.5787788362110489 0.698348636107671
0.5828192402514528 0.698348636107671
0.5868596442918569 0.698348636107671
0.5909000483322608 0.698348636107671
0.5949404523726649 0.698348636107671
0.598980856413069 0.698348636107671
0.603021260453473 0.698348636107671
0.6070616644938771 0.698348636107671
0.6111020685342812 0.698348636107671
0.6151424725746851 0.698348636107671
0.6191828766150892 0.698348636107671
0.6232232806554932 0.698348636107671
0.6272636846958972 0.698348636107671
0.6313040887363013 0.698348636107671
0.6353444927767053 0.698348636107671
0.6393848968171094 0.698348636107671
0.6434253008575135 0.698348636107671
0.6474657048979175 0.698348636107671
0.6515061089383215 0.698348636107671
0.6555465129787256 0.698348636107671
0.6595869170191295 0.698348636107671
0.6636273210595336 0.698348636107671
0.6676677250999377 0.698348636107671
0.6717081291403417 0.698348636107671
0.6757485331807458 0.698348636107671
0.6797889372211499 0.698348636107671
0.6838293412615538 0.698348636107671
0.6878697453019579 0.698348636107671
0.691910149342362 0.698348636107671
0.6959505533827659 0.698348636107671
0.69999095742317 0.698348636107671
0.29999095742317 0.702389040148075
0.304031361463574 0.702389040148075
0.3080717655039781 0.702389040148075
0.31211216954438215 0.702389040148075
0.31615257358478616 0.702389040148075
0.32019297762519017 0.702389040148075
0.32423338166559423 0.702389040148075
0.3282737857059983 0.702389040148075
0.3323141897464023 0.702389040148075
0.3363545937868064 0.702389040148075
0.3403949978272104 0.702389040148075
0.34443540186761445 0.702389040148075
0.3484758059080185 0.702389040148075
0.35251620994842253 0.702389040148075
0.35655661398882654 0.702389040148075
0.3605970180292306 0.702389040148075
0.3646374220696347 0.702389040148075
0.3686778261100387 0.702389040148075
0.3727182301504427 0.702389040148075
0.37675863419084676 0.702389040148075
0.38079903823125083 0.702389040148075
0.38483944227165484 0.702389040148075
0.3888798463120589 0.702389040148075
0.3929202503524629 0.702389040148075
0.396960654392867 0.702389040148075
0.401001058433271 0.702389040148075
0.40504146247367506 0.702389040148075
0.4090818665140791 0.702389040148075
0.41312227055448314 0.702389040148075
0.4171626745948872 0.702389040148075
0.4212030786352912 0.702389040148075
0.42524348267569523 0.702389040148075
0.4292838867160993 0.702389040148075
0.43332429075650336 0.702389040148075
0.43736469479690737 0.702389040148075
0.4414050988373114 0.702389040148075
0.44544550287771545 0.702389040148075
0.4494859069181195 0.702389040148075
0.4535263109585235 0.702389040148075
0.45756671499892754 0.702389040148075
0.4616071190393316 0.702389040148075
0.46564752307973567 0.702389040148075
0.46968792712013974 0.702389040148075
0.47372833116054375 0.702389040148075
0.47776873520094776 0.702389040148075
0.4818091392413518 0.702389040148075
0.4858495432817559 0.702389040148075
0.4898899473221599 0.702389040148075
0.4939303513625639 0.702389040148075
0.497970755402968 0.702389040148075
0.502011159443372 0.702389040148075
0.5060515634837761 0.702389040148075
0.5100919675241801 0.702389040148075
0.5141323715645841 0.702389040148075
0.5181727756049882 0.702389040148075
0.5222131796453922 0.702389040148075
0.5262535836857962 0.702389040148075
0.5302939877262003 0.702389040148075
0.5343343917666044 0.702389040148075
0.5383747958070084 0.702389040148075
0.5424151998474125 0.702389040148075
0.5464556038878164 0.702389040148075
0.5504960079282205 0.702389040148075
0.5545364119686245 0.702389040148075
0.5585768160090285 0.702389040148075
0.5626172200494326 0.702389040148075
0.5666576240898367 0.702389040148075
0.5706980281302407 0.702389040148075
0.5747384321706448 0.702389040148075
0.5787788362110489 0.702389040148075
0.5828192402514528 0.702389040148075
0.5868596442918569 0.702389040148075
0.5909000483322608 0.702389040148075
0.5949404523726649 0.702389040148075
0.598980856413069 0.702389040148075
0.603021260453473 0.702389040148075
0.6070616644938771 0.702389040148075
0.6111020685342812 0.702389040148075
0.6151424725746851 0.702389040148075
0.6191828766150892 0.702389040148075
0.6232232806554932 0.702389040148075
0.6272636846958972 0.702389040148075
0.6313040887363013 0.702389040148075
0.6353444927767053 0.702389040148075
0.6393848968171094 0.702389040148075
0.6434253008575135 0.702389040148075
0.6474657048979175 0.702389040148075
0.6515061089383215 0.702389040148075
0.6555465129787256 0.702389040148075
0.6595869170191295 0.702389040148075
0.6636273210595336 0.702389040148075
0.6676677250999377 0.702389040148075
0.6717081291403417 0.702389040148075
0.6757485331807458 0.702389040148075
0.6797889372211499 0.702389040148075
0.6838293412615538 0.702389040148075
0.6878697453019579 0.702389040148075
0.691910149342362 0.702389040148075
0.6959505533827659 0.702389040148075
0.69999095742317 0.702389040148075
0.29999095742317 0.706429444188479
0.304031361463574 0.706429444188479
0.3080717655039781 0.706429444188479
0.31211216954438215 0.706429444188479
0.31615257358478616 0.706429444188479
0.32019297762519017 0.706429444188479
0.32423338166559423 0.706429444188479
0.3282737857059983 0.706429444188479
0.3323141897464023 0.706429444188479
0.3363545937868064 0.706429444188479
0.3403949978272104 0.706429444188479
0.34443540186761445 0.706429444188479
0.3484758059080185 0.706429444188479
0.35251620994842253 0.706429444188479
0.35655661398882654 0.706429444188479
0.3605970180292306 0.706429444188479
0.3646374220696347 0.706429444188479
0.3686778261100387 0.706429444188479
0.3727182301504427 0.706429444188479
0.37675863419084676 0.706429444188479
0.38079903823125083 0.706429444188479
0.38483944227165484 0.706429444188479
0.3888798463120589 0.706429444188479
0.3929202503524629 0.706429444188479
0.396960654392867 0.706429444188479
0.401001058433271 0.706429444188479
0.40504146247367506 0.706429444188479
0.4090818665140791 0.706429444188479
0.41312227055448314 0.706429444188479
0.4171626745948872 0.706429444188479
0.4212030786352912 0.706429444188479
0.42524348267569523 0.706429444188479
0.4292838867160993 0.706429444188479
0.43332429075650336 0.706429444188479
0.43736469479690737 0.706429444188479
0.4414050988373114 0.706429444188479
0.44544550287771545 0.706429444188479
0.4494859069181195 0.706429444188479
0.4535263109585235 0.706429444188479
0.45756671499892754 0.706429444188479
0.4616071190393316 0.706429444188479
0.46564752307973567 0.706429444188479
0.46968792712013974 0.706429444188479
0.47372833116054375 0.706429444188479
0.47776873520094776 0.706429444188479
0.4818091392413518 0.706429444188479
0.4858495432817559 0.706429444188479
0.4898899473221599 0.706429444188479
0.4939303513625639 0.706429444188479
0.497970755402968 0.706429444188479
0.502011159443372 0.706429444188479
0.5060515634837761 0.706429444188479
0.5100919675241801 0.706429444188479
0.5141323715645841 0.706429444188479
0.5181727756049882 0.706429444188479
0.5222131796453922 0.706429444188479
0.5262535836857962 0.706429444188479
0.5302939877262003 0.706429444188479
0.5343343917666044 0.706429444188479
0.5383747958070084 0.706429444188479
0.5424151998474125 0.706429444188479
0.5464556038878164 0.706429444188479
0.5504960079282205 0.706429444188479
0.5545364119686245 0.706429444188479
0.5585768160090285 0.706429444188479
0.5626172200494326 0.706429444188479
0.5666576240898367 0.706429444188479
0.5706980281302407 0.706429444188479
0.5747384321706448 0.706429444188479
0.5787788362110489 0.706429444188479
0.5828192402514528 0.706429444188479
0.5868596442918569 0.706429444188479
0.5909000483322608 0.706429444188479
0.5949404523726649 0.706429444188479
0.598980856413069 0.706429444188479
0.603021260453473 0.706429444188479
0.6070616644938771 0.706429444188479
0.6111020685342812 0.706429444188479
0.6151424725746851 0.706429444188479
0.6191828766150892 0.706429444188479
0.6232232806554932 0.706429444188479
0.6272636846958972 0.706429444188479
0.6313040887363013 0.706429444188479
0.6353444927767053 0.706429444188479
0.6393848968171094 0.706429444188479
0.6434253008575135 0.706429444188479
0.6474657048979175 0.706429444188479
0.6515061089383215 0.706429444188479
0.6555465129787256 0.706429444188479
0.6595869170191295 0.706429444188479
0.6636273210595336 0.706429444188479
0.6676677250999377 0.706429444188479
0.6717081291403417 0.706429444188479
0.6757485331807458 0.706429444188479
0.6797889372211499 0.706429444188479
0.6838293412615538 0.706429444188479
0.6878697453019579 0.706429444188479
0.691910149342362 0.706429444188479
0.6959505533827659 0.706429444188479
0.69999095742317 0.706429444188479
0.29999095742317 0.710469848228883
0.304031361463574 0.710469848228883
0.3080717655039781 0.710469848228883
0.31211216954438215 0.710469848228883
0.31615257358478616 0.710469848228883
0.32019297762519017 0.710469848228883
0.32423338166559423 0.710469848228883
0.3282737857059983 0.710469848228883
0.3323141897464023 0.710469848228883
0.3363545937868064 0.710469848228883
0.3403949978272104 0.710469848228883
0.34443540186761445 0.710469848228883
0.3484758059080185 0.710469848228883
0.35251620994842253 0.710469848228883
0.35655661398882654 0.710469848228883
0.3605970180292306 0.710469848228883
0.3646374220696347 0.710469848228883
0.3686778261100387 0.710469848228883
0.3727182301504427 0.710469848228883
0.37675863419084676 0.710469848228883
0.38079903823125083 0.710469848228883
0.38483944227165484 0.710469848228883
0.3888798463120589 0.710469848228883
0.3929202503524629 0.710469848228883
0.396960654392867 0.710469848228883
0.401001058433271 0.710469848228883
0.40504146247367506 0.710469848228883
0.4090818665140791 0.710469848228883
0.41312227055448314 0.710469848228883
0.4171626745948872 0.710469848228883
0.4212030786352912 0.710469848228883
0.42524348267569523 0.710469848228883
0.4292838867160993 0.710469848228883
0.43332429075650336 0.710469848228883
0.43736469479690737 0.710469848228883
0.4414050988373114 0.710469848228883
0.44544550287771545 0.710469848228883
0.4494859069181195 0.710469848228883
0.4535263109585235 0.710469848228883
0.45756671499892754 0.710469848228883
0.4616071190393316 0.710469848228883
0.46564752307973567 0.710469848228883
0.46968792712013974 0.710469848228883
0.47372833116054375 0.710469848228883
0.47776873520094776 0.710469848228883
0.4818091392413518 0.710469848228883
0.4858495432817559 0.710469848228883
0.4898899473221599 0.710469848228883
0.4939303513625639 0.710469848228883
0.497970755402968 0.710469848228883
0.502011159443372 0.710469848228883
0.5060515634837761 0.710469848228883
0.5100919675241801 0.710469848228883
0.5141323715645841 0.710469848228883
0.5181727756049882 0.710469848228883
0.5222131796453922 0.710469848228883
0.5262535836857962 0.710469848228883
0.5302939877262003 0.710469848228883
0.5343343917666044 0.710469848228883
0.5383747958070084 0.710469848228883
0.5424151998474125 0.710469848228883
0.5464556038878164 0.710469848228883
0.5504960079282205 0.710469848228883
0.5545364119686245 0.710469848228883
0.5585768160090285 0.710469848228883
0.5626172200494326 0.710469848228883
0.5666576240898367 0.710469848228883
0.5706980281302407 0.710469848228883
0.5747384321706448 0.710469848228883
0.5787788362110489 0.710469848228883
0.5828192402514528 0.710469848228883
0.5868596442918569 0.710469848228883
0.5909000483322608 0.710469848228883
0.5949404523726649 0.710469848228883
0.598980856413069 0.710469848228883
0.603021260453473 0.710469848228883
0.6070616644938771 0.710469848228883
0.6111020685342812 0.710469848228883
0.6151424725746851 0.710469848228883
0.6191828766150892 0.710469848228883
0.6232232806554932 0.710469848228883
0.6272636846958972 0.710469848228883
0.6313040887363013 0.710469848228883
0.6353444927767053 0.710469848228883
0.6393848968171094 0.710469848228883
0.6434253008575135 0.710469848228883
0.6474657048979175 0.710469848228883
0.6515061089383215 0.710469848228883
0.6555465129787256 0.710469848228883
0.6595869170191295 0.710469848228883
0.6636273210595336 0.710469848228883
0.6676677250999377 0.710469848228883
0.6717081291403417 0.710469848228883
0.6757485331807458 0.710469848228883
0.6797889372211499 0.710469848228883
0.6838293412615538 0.710469848228883
0.6878697453019579 0.710469848228883
0.691910149342362 0.710469848228883
0.6959505533827659 0.710469848228883
0.69999095742317 0.710469848228883
0.29999095742317 0.7145102522692871
0.304031361463574 0.7145102522692871
0.3080717655039781 0.7145102522692871
0.31211216954438215 0.7145102522692871
0.31615257358478616 0.7145102522692871
0.32019297762519017 0.7145102522692871
0.32423338166559423 0.7145102522692871
0.3282737857059983 0.7145102522692871
0.3323141897464023 0.7145102522692871
0.3363545937868064 0.7145102522692871
0.3403949978272104 0.7145102522692871
0.34443540186761445 0.7145102522692871
0.3484758059080185 0.7145102522692871
0.35251620994842253 0.7145102522692871
0.35655661398882654 0.7145102522692871
0.3605970180292306 0.7145102522692871
0.3646374220696347 0.7145102522692871
0.3686778261100387 0.7145102522692871
0.3727182301504427 0.7145102522692871
0.37675863419084676 0.7145102522692871
0.38079903823125083 0.7145102522692871
0.38483944227165484 0.7145102522692871
0.3888798463120589 0.7145102522692871
0.3929202503524629 0.7145102522692871
0.396960654392867 0.7145102522692871
0.401001058433271 0.7145102522692871
0.40504146247367506 0.7145102522692871
0.4090818665140791 0.7145102522692871
0.41312227055448314 0.7145102522692871
0.4171626745948872 0.7145102522692871
0.4212030786352912 0.7145102522692871
0.42524348267569523 0.7145102522692871
0.4292838867160993 0.7145102522692871
0.43332429075650336 0.7145102522692871
0.43736469479690737 0.7145102522692871
0.4414050988373114 0.7145102522692871
0.44544550287771545 0.7145102522692871
0.4494859069181195 0.7145102522692871
0.4535263109585235 0.7145102522692871
0.45756671499892754 0.7145102522692871
0.4616071190393316 0.7145102522692871
0.46564752307973567 0.7145102522692871
0.46968792712013974 0.7145102522692871
0.47372833116054375 0.7145102522692871
0.47776873520094776 0.7145102522692871
0.4818091392413518 0.7145102522692871
0.4858495432817559 0.7145102522692871
0.4898899473221599 0.7145102522692871
0.4939303513625639 0.7145102522692871
0.497970755402968 0.7145102522692871
0.502011159443372 0.7145102522692871
0.5060515634837761 0.7145102522692871
0.5100919675241801 0.7145102522692871
0.5141323715645841 0.7145102522692871
0.5181727756049882 0.7145102522692871
0.5222131796453922 0.7145102522692871
0.5262535836857962 0.7145102522692871
0.5302939877262003 0.7145102522692871
0.5343343917666044 0.7145102522692871
0.5383747958070084 0.7145102522692871
0.5424151998474125 0.7145102522692871
0.5464556038878164 0.7145102522692871
0.5504960079282205 0.7145102522692871
0.5545364119686245 0.7145102522692871
0.5585768160090285 0.7145102522692871
0.5626172200494326 0.7145102522692871
0.5666576240898367 0.7145102522692871
0.5706980281302407 0.7145102522692871
0.5747384321706448 0.7145102522692871
0.5787788362110489 0.7145102522692871
0.5828192402514528 0.7145102522692871
0.5868596442918569 0.7145102522692871
0.5909000483322608 0.7145102522692871
0.5949404523726649 0.7145102522692871
0.598980856413069 0.7145102522692871
0.603021260453473 0.7145102522692871
0.6070616644938771 0.7145102522692871
0.6111020685342812 0.7145102522692871
0.6151424725746851 0.7145102522692871
0.6191828766150892 0.7145102522692871
0.6232232806554932 0.7145102522692871
0.6272636846958972 0.7145102522692871
0.6313040887363013 0.7145102522692871
0.6353444927767053 0.7145102522692871
0.6393848968171094 0.7145102522692871
0.6434253008575135 0.7145102522692871
0.6474657048979175 0.7145102522692871
0.6515061089383215 0.7145102522692871
0.6555465129787256 0.7145102522692871
0.6595869170191295 0.7145102522692871
0.6636273210595336 0.7145102522692871
0.6676677250999377 0.7145102522692871
0.6717081291403417 0.7145102522692871
0.6757485331807458 0.7145102522692871
0.6797889372211499 0.7145102522692871
0.6838293412615538 0.7145102522692871
0.6878697453019579 0.7145102522692871
0.691910149342362 0.7145102522692871
0.6959505533827659 0.7145102522692871
0.29999095742317 0.7185506563096911
0.304031361463574 0.7185506563096911
0.3080717655039781 0.7185506563096911
0.31211216954438215 0.7185506563096911
0.31615257358478616 0.7185506563096911
0.32019297762519017 0.7185506563096911
0.32423338166559423 0.7185506563096911
0.3282737857059983 0.7185506563096911
0.3323141897464023 0.7185506563096911
0.3363545937868064 0.7185506563096911
0.3403949978272104 0.7185506563096911
0.34443540186761445 0.7185506563096911
0.3484758059080185 0.7185506563096911
0.35251620994842253 0.7185506563096911
0.35655661398882654 0.7185506563096911
0.3605970180292306 0.7185506563096911
0.3646374220696347 0.7185506563096911
0.3686778261100387 0.7185506563096911
0.3727182301504427 0.7185506563096911
0.37675863419084676 0.7185506563096911
0.38079903823125083 0.7185506563096911
0.38483944227165484 0.7185506563096911
0.3888798463120589 0.7185506563096911
0.3929202503524629 0.7185506563096911
0.396960654392867 0.7185506563096911
0.401001058433271 0.7185506563096911
0.40504146247367506 0.7185506563096911
0.4090818665140791 0.7185506563096911
0.41312227055448314 0.7185506563096911
0.4171626745948872 0.7185506563096911
0.4212030786352912 0.7185506563096911
0.42524348267569523 0.7185506563096911
0.4292838867160993 0.7185506563096911
0.43332429075650336 0.7185506563096911
0.43736469479690737 0.7185506563096911
0.4414050988373114 0.7185506563096911
0.44544550287771545 0.7185506563096911
0.4494859069181195 0.7185506563096911
0.4535263109585235 0.7185506563096911
0.45756671499892754 0.7185506563096911
0.4616071190393316 0.7185506563096911
0.46564752307973567 0.7185506563096911
0.46968792712013974 0.7185506563096911
0.47372833116054375 0.7185506563096911
0.47776873520094776 0.7185506563096911
0.4818091392413518 0.7185506563096911
0.4858495432817559 0.7185506563096911
0.4898899473221599 0.7185506563096911
0.4939303513625639 0.7185506563096911
0.497970755402968 0.7185506563096911
0.502011159443372 0.7185506563096911
0.5060515634837761 0.7185506563096911
0.5100919675241801 0.7185506563096911
0.5141323715645841 0.7185506563096911
0.5181727756049882 0.7185506563096911
0.5222131796453922 0.7185506563096911
0.5262535836857962 0.7185506563096911
0.5302939877262003 0.7185506563096911
0.5343343917666044 0.7185506563096911
0.5383747958070084 0.7185506563096911
0.5424151998474125 0.7185506563096911
0.5464556038878164 0.7185506563096911
0.5504960079282205 0.7185506563096911
0.5545364119686245 0.7185506563096911
0.5585768160090285 0.7185506563096911
0.5626172200494326 0.7185506563096911
0.5666576240898367 0.7185506563096911
0.5706980281302407 0.7185506563096911
0.5747384321706448 0.7185506563096911
0.5787788362110489 0.7185506563096911
0.5828192402514528 0.7185506563096911
0.5868596442918569 0.7185506563096911
0.5909000483322608 0.7185506563096911
0.5949404523726649 0.7185506563096911
0.598980856413069 0.7185506563096911
0.603021260453473 0.7185506563096911
0.6070616644938771 0.7185506563096911
0.6111020685342812 0.7185506563096911
0.6151424725746851 0.7185506563096911
0.6191828766150892 0.7185506563096911
0.6232232806554932 0.7185506563096911
0.6272636846958972 0.7185506563096911
0.6313040887363013 0.7185506563096911
0.6353444927767053 0.7185506563096911
0.6393848968171094 0.7185506563096911
0.6434253008575135 0.7185506563096911
0.6474657048979175 0.7185506563096911
0.6515061089383215 0.7185506563096911
0.6555465129787256 0.7185506563096911
0.6595869170191295 0.7185506563096911
0.6636273210595336 0.7185506563096911
0.6676677250999377 0.7185506563096911
0.6717081291403417 0.7185506563096911
0.6757485331807458 0.7185506563096911
0.6797889372211499 0.7185506563096911
0.6838293412615538 0.7185506563096911
0.6878697453019579 0.7185506563096911
0.691910149342362 0.7185506563096911
0.69999095742317 0.7185506563096911
0.29999095742317 0.7225910603500951
0.304031361463574 0.7225910603500951
0.3080717655039781 0.7225910603500951
0.31211216954438215 0.7225910603500951
0.31615257358478616 0.7225910603500951
0.32019297762519017 0.7225910603500951
0.32423338166559423 0.7225910603500951
0.3282737857059983 0.7225910603500951
0.3323141897464023 0.7225910603500951
0.3363545937868064 0.7225910603500951
0.3403949978272104 0.7225910603500951
0.34443540186761445 0.7225910603500951
0.3484758059080185 0.7225910603500951
0.35251620994842253 0.7225910603500951
0.35655661398882654 0.7225910603500951
0.3605970180292306 0.7225910603500951
0.3646374220696347 0.7225910603500951
0.3686778261100387 0.7225910603500951
0.3727182301504427 0.7225910603500951
0.37675863419084676 0.7225910603500951
0.38079903823125083 0.7225910603500951
0.38483944227165484 0.7225910603500951
0.3888798463120589 0.7225910603500951
0.3929202503524629 0.7225910603500951
0.396960654392867 0.7225910603500951
0.401001058433271 0.7225910603500951
0.40504146247367506 0.7225910603500951
0.4090818665140791 0.7225910603500951
0.41312227055448314 0.7225910603500951
0.4171626745948872 0.7225910603500951
0.4212030786352912 0.7225910603500951
0.42524348267569523 0.7225910603500951
0.4292838867160993 0.7225910603500951
0.43332429075650336 0.7225910603500951
0.43736469479690737 0.7225910603500951
0.4414050988373114 0.7225910603500951
0.44544550287771545 0.7225910603500951
0.4494859069181195 0.7225910603500951
0.4535263109585235 0.7225910603500951
0.45756671499892754 0.7225910603500951
0.4616071190393316 0.7225910603500951
0.46564752307973567 0.7225910603500951
0.46968792712013974 0.7225910603500951
0.47372833116054375 0.7225910603500951
0.47776873520094776 0.7225910603500951
0.4818091392413518 0.7225910603500951
0.4858495432817559 0.7225910603500951
0.4898899473221599 0.7225910603500951
0.4939303513625639 0.7225910603500951
0.497970755402968 0.7225910603500951
0.502011159443372 0.7225910603500951
0.5060515634837761 0.7225910603500951
0.5100919675241801 0.7225910603500951
0.5141323715645841 0.7225910603500951
0.5181727756049882 0.7225910603500951
0.5222131796453922 0.7225910603500951
0.5262535836857962 0.7225910603500951
0.5302939877262003 0.7225910603500951
0.5343343917666044 0.7225910603500951
0.5383747958070084 0.7225910603500951
0.5424151998474125 0.7225910603500951
0.5464556038878164 0.7225910603500951
0.5504960079282205 0.7225910603500951
0.5545364119686245 0.7225910603500951
0.5585768160090285 0.7225910603500951
0.5626172200494326 0.7225910603500951
0.5666576240898367 0.7225910603500951
0.5706980281302407 0.7225910603500951
0.5747384321706448 0.7225910603500951
0.5787788362110489 0.7225910603500951
0.5828192402514528 0.7225910603500951
0.5868596442918569 0.7225910603500951
0.5909000483322608 0.7225910603500951
0.5949404523726649 0.7225910603500951
0.598980856413069 0.7225910603500951
0.603021260453473 0.7225910603500951
0.6070616644938771 0.7225910603500951
0.6111020685342812 0.7225910603500951
0.6151424725746851 0.7225910603500951
0.6191828766150892 0.7225910603500951
0.6232232806554932 0.7225910603500951
0.6272636846958972 0.7225910603500951
0.6313040887363013 0.7225910603500951
0.6353444927767053 0.7225910603500951
0.6393848968171094 0.7225910603500951
0.6434253008575135 0.7225910603500951
0.6474657048979175 0.7225910603500951
0.6515061089383215 0.7225910603500951
0.6555465129787256 0.7225910603500951
0.6595869170191295 0.7225910603500951
0.6636273210595336 0.7225910603500951
0.6676677250999377 0.7225910603500951
0.6717081291403417 0.7225910603500951
0.6757485331807458 0.7225910603500951
0.6797889372211499 0.7225910603500951
0.6838293412615538 0.7225910603500951
0.6878697453019579 0.7225910603500951
0.6959505533827659 0.7225910603500951
0.69999095742317 0.7225910603500951
0.29999095742317 0.7266314643904992
0.304031361463574 0.7266314643904992
0.3080717655039781 0.7266314643904992
0.31211216954438215 0.7266314643904992
0.31615257358478616 0.7266314643904992
0.32019297762519017 0.7266314643904992
0.32423338166559423 0.7266314643904992
0.3282737857059983 0.7266314643904992
0.3323141897464023 0.7266314643904992
0.3363545937868064 0.7266314643904992
0.3403949978272104 0.7266314643904992
0.34443540186761445 0.7266314643904992
0.3484758059080185 0.7266314643904992
0.35251620994842253 0.7266314643904992
0.35655661398882654 0.7266314643904992
0.3605970180292306 0.7266314643904992
0.3646374220696347 0.7266314643904992
0.3686778261100387 0.7266314643904992
0.3727182301504427 0.7266314643904992
0.37675863419084676 0.7266314643904992
0.38079903823125083 0.7266314643904992
0.38483944227165484 0.7266314643904992
0.3888798463120589 0.7266314643904992
0.3929202503524629 0.7266314643904992
0.396960654392867 0.7266314643904992
0.401001058433271 0.7266314643904992
0.40504146247367506 0.7266314643904992
0.4090818665140791 0.7266314643904992
0.41312227055448314 0.7266314643904992
0.4171626745948872 0.7266314643904992
0.4212030786352912 0.7266314643904992
0.42524348267569523 0.7266314643904992
0.4292838867160993 0.7266314643904992
0.43332429075650336 0.7266314643904992
0.43736469479690737 0.7266314643904992
0.4414050988373114 0.7266314643904992
0.44544550287771545 0.7266314643904992
0.4494859069181195 0.7266314643904992
0.4535263109585235 0.7266314643904992
0.45756671499892754 0.7266314643904992
0.4616071190393316 0.7266314643904992
0.46564752307973567 0.7266314643904992
0.46968792712013974 0.7266314643904992
0.47372833116054375 0.7266314643904992
0.47776873520094776 0.7266314643904992
0.4818091392413518 0.7266314643904992
0.4858495432817559 0.7266314643904992
0.4898899473221599 0.7266314643904992
0.4939303513625639 0.7266314643904992
0.497970755402968 0.7266314643904992
0.502011159443372 0.7266314643904992
0.5060515634837761 0.7266314643904992
0.5100919675241801 0.7266314643904992
0.5141323715645841 0.7266314643904992
0.5181727756049882 0.7266314643904992
0.5222131796453922 0.7266314643904992
0.5262535836857962 0.7266314643904992
0.5302939877262003 0.7266314643904992
0.5343343917666044 0.7266314643904992
0.5383747958070084 0.7266314643904992
0.5424151998474125 0.7266314643904992
0.5464556038878164 0.7266314643904992
0.5504960079282205 0.7266314643904992
0.5545364119686245 0.7266314643904992
0.5585768160090285 0.7266314643904992
0.5626172200494326 0.7266314643904992
0.5666576240898367 0.7266314643904992
0.5706980281302407 0.7266314643904992
0.5747384321706448 0.7266314643904992
0.5787788362110489 0.7266314643904992
0.5828192402514528 0.7266314643904992
0.5868596442918569 0.7266314643904992
0.5909000483322608 0.7266314643904992
0.5949404523726649 0.7266314643904992
0.598980856413069 0.7266314643904992
0.603021260453473 0.7266314643904992
0.6070616644938771 0.7266314643904992
0.6111020685342812 0.7266314643904992
0.6151424725746851 0.7266314643904992
0.6191828766150892 0.7266314643904992
0.6232232806554932 0.7266314643904992
0.6272636846958972 0.7266314643904992
0.6313040887363013 0.7266314643904992
0.6353444927767053 0.7266314643904992
0.6393848968171094 0.7266314643904992
0.6434253008575135 0.7266314643904992
0.6474657048979175 0.7266314643904992
0.6515061089383215 0.7266314643904992
0.6555465129787256 0.7266314643904992
0.6595869170191295 0.7266314643904992
0.6636273210595336 0.7266314643904992
0.6676677250999377 0.7266314643904992
0.6717081291403417 0.7266314643904992
0.6757485331807458 0.7266314643904992
0.6797889372211499 0.7266314643904992
0.6838293412615538 0.7266314643904992
0.691910149342362 0.7266314643904992
0.6959505533827659 0.7266314643904992
0.69999095742317 0.7266314643904992
0.29999095742317 0.7306718684309033
0.304031361463574 0.7306718684309033
0.3080717655039781 0.7306718684309033
0.31211216954438215 0.7306718684309033
0.31615257358478616 0.7306718684309033
0.32019297762519017 0.7306718684309033
0.32423338166559423 0.7306718684309033
0.3282737857059983 0.7306718684309033
0.3323141897464023 0.7306718684309033
0.3363545937868064 0.7306718684309033
0.3403949978272104 0.7306718684309033
0.34443540186761445 0.7306718684309033
0.3484758059080185 0.7306718684309033
0.35251620994842253 0.7306718684309033
0.35655661398882654 0.7306718684309033
0.3605970180292306 0.7306718684309033
0.3646374220696347 0.7306718684309033
0.3686778261100387 0.7306718684309033
0.3727182301504427 0.7306718684309033
0.37675863419084676 0.7306718684309033
0.38079903823125083 0.7306718684309033
0.38483944227165484 0.7306718684309033
0.3888798463120589 0.7306718684309033
0.3929202503524629 0.7306718684309033
0.396960654392867 0.7306718684309033
0.401001058433271 0.7306718684309033
0.40504146247367506 0.7306718684309033
0.4090818665140791 0.7306718684309033
0.41312227055448314 0.7306718684309033
0.4171626745948872 0.7306718684309033
0.4212030786352912 0.7306718684309033
0.42524348267569523 0.7306718684309033
0.4292838867160993 0.7306718684309033
0.43332429075650336 0.7306718684309033
0.43736469479690737 0.7306718684309033
0.4414050988373114 0.7306718684309033
0.44544550287771545 0.7306718684309033
0.4494859069181195 0.7306718684309033
0.4535263109585235 0.7306718684309033
0.45756671499892754 0.7306718684309033
0.4616071190393316 0.7306718684309033
0.46564752307973567 0.7306718684309033
0.46968792712013974 0.7306718684309033
0.47372833116054375 0.7306718684309033
0.47776873520094776 0.7306718684309033
0.4818091392413518 0.7306718684309033
0.4858495432817559 0.7306718684309033
0.4898899473221599 0.7306718684309033
0.4939303513625639 0.7306718684309033
0.497970755402968 0.7306718684309033
0.502011159443372 0.7306718684309033
0.5060515634837761 0.7306718684309033
0.5100919675241801 0.7306718684309033
0.5141323715645841 0.7306718684309033
0.5181727756049882 0.7306718684309033
0.5222131796453922 0.7306718684309033
0.5262535836857962 0.7306718684309033
0.5302939877262003 0.7306718684309033
0.5343343917666044 0.7306718684309033
0.5383747958070084 0.7306718684309033
0.5424151998474125 0.7306718684309033
0.5464556038878164 0.7306718684309033
0.5504960079282205 0.7306718684309033
0.5545364119686245 0.7306718684309033
0.5585768160090285 0.7306718684309033
0.5626172200494326 0.7306718684309033
0.5666576240898367 0.7306718684309033
0.5706980281302407 0.7306718684309033
0.5747384321706448 0.7306718684309033
0.5787788362110489 0.7306718684309033
0.5828192402514528 0.7306718684309033
0.5868596442918569 0.7306718684309033
0.5909000483322608 0.7306718684309033
0.5949404523726649 0.7306718684309033
0.598980856413069 0.7306718684309033
0.603021260453473 0.7306718684309033
0.6070616644938771 0.7306718684309033
0.6111020685342812 0.7306718684309033
0.6151424725746851 0.7306718684309033
0.6191828766150892 0.7306718684309033
0.6232232806554932 0.7306718684309033
0.6272636846958972 0.7306718684309033
0.6313040887363013 0.7306718684309033
0.6353444927767053 0.7306718684309033
0.6393848968171094 0.7306718684309033
0.6434253008575135 0.7306718684309033
0.6474657048979175 0.7306718684309033
0.6515061089383215 0.7306718684309033
0.6555465129787256 0.7306718684309033
0.6595869170191295 0.7306718684309033
0.6636273210595336 0.7306718684309033
0.6676677250999377 0.7306718684309033
0.6717081291403417 0.7306718684309033
0.6757485331807458 0.7306718684309033
0.6797889372211499 0.7306718684309033
0.6878697453019579 0.7306718684309033
0.691910149342362 0.7306718684309033
0.6959505533827659 0.7306718684309033
0.69999095742317 0.7306718684309033
0.29999095742317 0.7347122724713073
0.304031361463574 0.7347122724713073
0.3080717655039781 0.7347122724713073
0.31211216954438215 0.7347122724713073
0.31615257358478616 0.7347122724713073
0.32019297762519017 0.7347122724713073
0.32423338166559423 0.7347122724713073
0.3282737857059983 0.7347122724713073
0.3323141897464023 0.7347122724713073
0.3363545937868064 0.7347122724713073
0.3403949978272104 0.7347122724713073
0.34443540186761445 0.7347122724713073
0.3484758059080185 0.7347122724713073
0.35251620994842253 0.7347122724713073
0.35655661398882654 0.7347122724713073
0.3605970180292306 0.7347122724713073
0.3646374220696347 0.7347122724713073
0.3686778261100387 0.7347122724713073
0.3727182301504427 0.7347122724713073
0.37675863419084676 0.7347122724713073
0.38079903823125083 0.7347122724713073
0.38483944227165484 0.7347122724713073
0.3888798463120589 0.7347122724713073
0.3929202503524629 0.7347122724713073
0.396960654392867 0.7347122724713073
0.401001058433271 0.7347122724713073
0.40504146247367506 0.7347122724713073
0.4090818665140791 0.7347122724713073
0.41312227055448314 0.7347122724713073
0.4171626745948872 0.7347122724713073
0.4212030786352912 0.7347122724713073
0.42524348267569523 0.7347122724713073
0.4292838867160993 0.7347122724713073
0.43332429075650336 0.7347122724713073
0.43736469479690737 0.7347122724713073
0.4414050988373114 0.7347122724713073
0.44544550287771545 0.7347122724713073
0.4494859069181195 0.7347122724713073
0.4535263109585235 0.7347122724713073
0.45756671499892754 0.7347122724713073
0.4616071190393316 0.7347122724713073
0.46564752307973567 0.7347122724713073
0.46968792712013974 0.7347122724713073
0.47372833116054375 0.7347122724713073
0.47776873520094776 0.7347122724713073
0.4818091392413518 0.7347122724713073
0.4858495432817559 0.7347122724713073
0.4898899473221599 0.7347122724713073
0.4939303513625639 0.7347122724713073
0.497970755402968 0.7347122724713073
0.502011159443372 0.7347122724713073
0.5060515634837761 0.7347122724713073
0.5100919675241801 0.7347122724713073
0.5141323715645841 0.7347122724713073
0.5181727756049882 0.7347122724713073
0.5222131796453922 0.7347122724713073
0.5262535836857962 0.7347122724713073
0.5302939877262003 0.7347122724713073
0.5343343917666044 0.7347122724713073
0.5383747958070084 0.7347122724713073
0.5424151998474125 0.7347122724713073
0.5464556038878164 0.7347122724713073
0.5504960079282205 0.7347122724713073
0.5545364119686245 0.7347122724713073
0.5585768160090285 0.7347122724713073
0.5626172200494326 0.7347122724713073
0.5666576240898367 0.7347122724713073
0.5706980281302407 0.7347122724713073
0.5747384321706448 0.7347122724713073
0.5787788362110489 0.7347122724713073
0.5828192402514528 0.7347122724713073
0.5868596442918569 0.7347122724713073
0.5909000483322608 0.7347122724713073
0.5949404523726649 0.7347122724713073
0.598980856413069 0.7347122724713073
0.603021260453473 0.7347122724713073
0.6070616644938771 0.7347122724713073
0.6111020685342812 0.7347122724713073
0.6151424725746851 0.7347122724713073
0.6191828766150892 0.7347122724713073
0.6232232806554932 0.7347122724713073
0.6272636846958972 0.7347122724713073
0.6313040887363013 0.7347122724713073
0.6353444927767053 0.7347122724713073
0.6393848968171094 0.7347122724713073
0.6434253008575135 0.7347122724713073
0.6474657048979175 0.7347122724713073
0.6515061089383215 0.7347122724713073
0.6555465129787256 0.7347122724713073
0.6595869170191295 0.7347122724713073
0.6636273210595336 0.7347122724713073
0.6676677250999377 0.7347122724713073
0.6717081291403417 0.7347122724713073
0.6757485331807458 0.7347122724713073
0.6838293412615538 0.7347122724713073
0.6878697453019579 0.7347122724713073
0.691910149342362 0.7347122724713073
0.6959505533827659 0.7347122724713073
0.69999095742317 0.7347122724713073
0.29999095742317 0.7387526765117113
0.304031361463574 0.7387526765117113
0.3080717655039781 0.7387526765117113
0.31211216954438215 0.7387526765117113
0.31615257358478616 0.7387526765117113
0.32019297762519017 0.7387526765117113
0.32423338166559423 0.7387526765117113
0.3282737857059983 0.7387526765117113
0.3323141897464023 0.7387526765117113
0.3363545937868064 0.7387526765117113
0.3403949978272104 0.7387526765117113
0.34443540186761445 0.7387526765117113
0.3484758059080185 0.7387526765117113
0.35251620994842253 0.7387526765117113
0.35655661398882654 0.7387526765117113
0.3605970180292306 0.7387526765117113
0.3646374220696347 0.7387526765117113
0.3686778261100387 0.7387526765117113
0.3727182301504427 0.7387526765117113
0.37675863419084676 0.7387526765117113
0.38079903823125083 0.7387526765117113
0.38483944227165484 0.7387526765117113
0.3888798463120589 0.7387526765117113
0.3929202503524629 0.7387526765117113
0.396960654392867 0.7387526765117113
0.401001058433271 0.7387526765117113
0.40504146247367506 0.7387526765117113
0.4090818665140791 0.7387526765117113
0.41312227055448314 0.7387526765117113
0.4171626745948872 0.7387526765117113
0.4212030786352912 0.7387526765117113
0.42524348267569523 0.7387526765117113
0.4292838867160993 0.7387526765117113
0.43332429075650336 0.7387526765117113
0.43736469479690737 0.7387526765117113
0.4414050988373114 0.7387526765117113
0.44544550287771545 0.7387526765117113
0.4494859069181195 0.7387526765117113
0.4535263109585235 0.7387526765117113
0.45756671499892754 0.7387526765117113
0.4616071190393316 0.7387526765117113
0.46564752307973567 0.7387526765117113
0.46968792712013974 0.7387526765117113
0.47372833116054375 0.7387526765117113
0.47776873520094776 0.7387526765117113
0.4818091392413518 0.7387526765117113
0.4858495432817559 0.7387526765117113
0.4898899473221599 0.7387526765117113
0.4939303513625639 0.7387526765117113
0.497970755402968 0.7387526765117113
0.502011159443372 0.7387526765117113
0.5060515634837761 0.7387526765117113
0.5100919675241801 0.7387526765117113
0.5141323715645841 0.7387526765117113
0.5181727756049882 0.7387526765117113
0.5222131796453922 0.7387526765117113
0.5262535836857962 0.7387526765117113
0.5302939877262003 0.7387526765117113
0.5343343917666044 0.7387526765117113
0.5383747958070084 0.7387526765117113
0.5424151998474125 0.7387526765117113
0.5464556038878164 0.7387526765117113
0.5504960079282205 0.7387526765117113
0.5545364119686245 0.7387526765117113
0.5585768160090285 0.7387526765117113
0.5626172200494326 0.7387526765117113
0.5666576240898367 0.7387526765117113
0.5706980281302407 0.7387526765117113
0.5747384321706448 0.7387526765117113
0.5787788362110489 0.7387526765117113
0.5828192402514528 0.7387526765117113
0.5868596442918569 0.7387526765117113
0.5909000483322608 0.7387526765117113
0.5949404523726649 0.7387526765117113
0.598980856413069 0.7387526765117113
0.603021260453473 0.7387526765117113
0.6070616644938771 0.7387526765117113
0.6111020685342812 0.7387526765117113
0.6151424725746851 0.7387526765117113
0.6191828766150892 0.7387526765117113
0.6232232806554932 0.7387526765117113
0.6272636846958972 0.7387526765117113
0.6313040887363013 0.7387526765117113
0.6353444927767053 0.7387526765117113
0.6393848968171094 0.7387526765117113
0.6434253008575135 0.7387526765117113
0.6474657048979175 0.7387526765117113
0.6515061089383215 0.7387526765117113
0.6555465129787256 0.7387526765117113
0.6595869170191295 0.7387526765117113
0.6636273210595336 0.7387526765117113
0.6676677250999377 0.7387526765117113
0.6717081291403417 0.7387526765117113
0.6797889372211499 0.7387526765117113
0.6838293412615538 0.7387526765117113
0.6878697453019579 0.7387526765117113
0.691910149342362 0.7387526765117113
0.6959505533827659 0.7387526765117113
0.69999095742317 0.7387526765117113
0.29999095742317 0.7427930805521153
0.304031361463574 0.7427930805521153
0.3080717655039781 0.7427930805521153
0.31211216954438215 0.7427930805521153
0.31615257358478616 0.7427930805521153
0.32019297762519017 0.7427930805521153
0.32423338166559423 0.7427930805521153
0.3282737857059983 0.7427930805521153
0.3323141897464023 0.7427930805521153
0.3363545937868064 0.7427930805521153
0.3403949978272104 0.7427930805521153
0.34443540186761445 0.7427930805521153
0.3484758059080185 0.7427930805521153
0.35251620994842253 0.7427930805521153
0.35655661398882654 0.7427930805521153
0.3605970180292306 0.7427930805521153
0.3646374220696347 0.7427930805521153
0.3686778261100387 0.7427930805521153
0.3727182301504427 0.7427930805521153
0.37675863419084676 0.7427930805521153
0.38079903823125083 0.7427930805521153
0.38483944227165484 0.7427930805521153
0.3888798463120589 0.7427930805521153
0.3929202503524629 0.7427930805521153
0.396960654392867 0.7427930805521153
0.401001058433271 0.7427930805521153
0.40504146247367506 0.7427930805521153
0.4090818665140791 0.7427930805521153
0.41312227055448314 0.7427930805521153
0.4171626745948872 0.7427930805521153
0.4212030786352912 0.7427930805521153
0.42524348267569523 0.7427930805521153
0.4292838867160993 0.7427930805521153
0.43332429075650336 0.7427930805521153
0.43736469479690737 0.7427930805521153
0.4414050988373114 0.7427930805521153
0.44544550287771545 0.7427930805521153
0.4494859069181195 0.7427930805521153
0.4535263109585235 0.7427930805521153
0.45756671499892754 0.7427930805521153
0.4616071190393316 0.7427930805521153
0.46564752307973567 0.7427930805521153
0.46968792712013974 0.7427930805521153
0.47372833116054375 0.7427930805521153
0.47776873520094776 0.7427930805521153
0.4818091392413518 0.7427930805521153
0.4858495432817559 0.7427930805521153
0.4898899473221599 0.7427930805521153
0.4939303513625639 0.7427930805521153
0.497970755402968 0.7427930805521153
0.502011159443372 0.7427930805521153
0.5060515634837761 0.7427930805521153
0.5100919675241801 0.7427930805521153
0.5141323715645841 0.7427930805521153
0.5181727756049882 0.7427930805521153
0.5222131796453922 0.7427930805521153
0.5262535836857962 0.7427930805521153
0.5302939877262003 0.7427930805521153
0.5343343917666044 0.7427930805521153
0.5383747958070084 0.7427930805521153
0.5424151998474125 0.7427930805521153
0.5464556038878164 0.7427930805521153
0.5504960079282205 0.7427930805521153
0.5545364119686245 0.7427930805521153
0.5585768160090285 0.7427930805521153
0.5626172200494326 0.7427930805521153
0.5666576240898367 0.7427930805521153
0.5706980281302407 0.7427930805521153
0.5747384321706448 0.7427930805521153
0.5787788362110489 0.7427930805521153
0.5828192402514528 0.7427930805521153
0.5868596442918569 0.7427930805521153
0.5909000483322608 0.7427930805521153
0.5949404523726649 0.7427930805521153
0.598980856413069 0.7427930805521153
0.603021260453473 0.7427930805521153
0.6070616644938771 0.7427930805521153
0.6111020685342812 0.7427930805521153
0.6151424725746851 0.7427930805521153
0.6191828766150892 0.7427930805521153
0.6232232806554932 0.7427930805521153
0.6272636846958972 0.7427930805521153
0.6313040887363013 0.7427930805521153
0.6353444927767053 0.7427930805521153
0.6393848968171094 0.7427930805521153
0.6434253008575135 0.7427930805521153
0.6474657048979175 0.7427930805521153
0.6515061089383215 0.7427930805521153
0.6555465129787256 0.7427930805521153
0.6595869170191295 0.7427930805521153
0.6636273210595336 0.7427930805521153
0.6717081291403417 0.7427930805521153
0.6757485331807458 0.7427930805521153
0.6797889372211499 0.7427930805521153
0.6838293412615538 0.7427930805521153
0.6878697453019579 0.7427930805521153
0.691910149342362 0.7427930805521153
0.6959505533827659 0.7427930805521153
0.69999095742317 0.7427930805521153
0.29999095742317 0.7468334845925194
0.304031361463574 0.7468334845925194
0.3080717655039781 0.7468334845925194
0.31211216954438215 0.7468334845925194
0.31615257358478616 0.7468334845925194
0.32019297762519017 0.7468334845925194
0.32423338166559423 0.7468334845925194
0.3282737857059983 0.7468334845925194
0.3323141897464023 0.7468334845925194
0.3363545937868064 0.7468334845925194
0.3403949978272104 0.7468334845925194
0.34443540186761445 0.7468334845925194
0.3484758059080185 0.7468334845925194
0.35251620994842253 0.7468334845925194
0.35655661398882654 0.7468334845925194
0.3605970180292306 0.7468334845925194
0.3646374220696347 0.7468334845925194
0.3686778261100387 0.7468334845925194
0.3727182301504427 0.7468334845925194
0.37675863419084676 0.7468334845925194
0.38079903823125083 0.7468334845925194
0.38483944227165484 0.7468334845925194
0.3888798463120589 0.7468334845925194
0.3929202503524629 0.7468334845925194
0.396960654392867 0.7468334845925194
0.401001058433271 0.7468334845925194
0.40504146247367506 0.7468334845925194
0.4090818665140791 0.7468334845925194
0.41312227055448314 0.7468334845925194
0.4171626745948872 0.7468334845925194
0.4212030786352912 0.7468334845925194
0.42524348267569523 0.7468334845925194
0.4292838867160993 0.7468334845925194
0.43332429075650336 0.7468334845925194
0.43736469479690737 0.7468334845925194
0.4414050988373114 0.7468334845925194
0.44544550287771545 0.7468334845925194
0.4494859069181195 0.7468334845925194
0.4535263109585235 0.7468334845925194
0.45756671499892754 0.7468334845925194
0.4616071190393316 0.7468334845925194
0.46564752307973567 0.7468334845925194
0.46968792712013974 0.7468334845925194
0.47372833116054375 0.7468334845925194
0.47776873520094776 0.7468334845925194
0.4818091392413518 0.7468334845925194
0.4858495432817559 0.7468334845925194
0.4898899473221599 0.7468334845925194
0.4939303513625639 0.7468334845925194
0.497970755402968 0.7468334845925194
0.502011159443372 0.7468334845925194
0.5060515634837761 0.7468334845925194
0.5100919675241801 0.7468334845925194
0.5141323715645841 0.7468334845925194
0.5181727756049882 0.7468334845925194
0.5222131796453922 0.7468334845925194
0.5262535836857962 0.7468334845925194
0.5302939877262003 0.7468334845925194
0.5343343917666044 0.7468334845925194
0.5383747958070084 0.7468334845925194
0.5424151998474125 0.7468334845925194
0.5464556038878164 0.7468334845925194
0.5504960079282205 0.7468334845925194
0.5545364119686245 0.7468334845925194
0.5585768160090285 0.7468334845925194
0.5626172200494326 0.7468334845925194
0.5666576240898367 0.7468334845925194
0.5706980281302407 0.7468334845925194
0.5747384321706448 0.7468334845925194
0.5787788362110489 0.7468334845925194
0.5828192402514528 0.7468334845925194
0.5868596442918569 0.7468334845925194
0.5909000483322608 0.7468334845925194
0.5949404523726649 0.7468334845925194
0.598980856413069 0.7468334845925194
0.603021260453473 0.7468334845925194
0.6070616644938771 0.7468334845925194
0.6111020685342812 0.7468334845925194
0.6151424725746851 0.7468334845925194
0.6191828766150892 0.7468334845925194
0.6232232806554932 0.7468334845925194
0.6272636846958972 0.7468334845925194
0.6313040887363013 0.7468334845925194
0.6353444927767053 0.7468334845925194
0.6393848968171094 0.7468334845925194
0.6434253008575135 0.7468334845925194
0.6474657048979175 0.7468334845925194
0.6515061089383215 0.7468334845925194
0.6555465129787256 0.7468334845925194
0.6595869170191295 0.7468334845925194
0.6676677250999377 0.7468334845925194
0.6717081291403417 0.7468334845925194
0.6757485331807458 0.7468334845925194
0.6797889372211499 0.7468334845925194
0.6838293412615538 0.7468334845925194
0.6878697453019579 0.7468334845925194
0.691910149342362 0.7468334845925194
0.6959505533827659 0.7468334845925194
0.69999095742317 0.7468334845925194
0.29999095742317 0.7508738886329235
0.304031361463574 0.7508738886329235
0.3080717655039781 0.7508738886329235
0.31211216954438215 0.7508738886329235
0.31615257358478616 0.7508738886329235
0.32019297762519017 0.7508738886329235
0.32423338166559423 0.7508738886329235
0.3282737857059983 0.7508738886329235
0.3323141897464023 0.7508738886329235
0.3363545937868064 0.7508738886329235
0.3403949978272104 0.7508738886329235
0.34443540186761445 0.7508738886329235
0.3484758059080185 0.7508738886329235
0.35251620994842253 0.7508738886329235
0.35655661398882654 0.7508738886329235
0.3605970180292306 0.7508738886329235
0.3646374220696347 0.7508738886329235
0.3686778261100387 0.7508738886329235
0.3727182301504427 0.7508738886329235
0.37675863419084676 0.7508738886329235
0.38079903823125083 0.7508738886329235
0.38483944227165484 0.7508738886329235
0.3888798463120589 0.7508738886329235
0.3929202503524629 0.7508738886329235
0.396960654392867 0.7508738886329235
0.401001058433271 0.7508738886329235
0.40504146247367506 0.7508738886329235
0.4090818665140791 0.7508738886329235
0.41312227055448314 0.7508738886329235
0.4171626745948872 0.7508738886329235
0.4212030786352912 0.7508738886329235
0.42524348267569523 0.7508738886329235
0.4292838867160993 0.7508738886329235
0.43332429075650336 0.7508738886329235
0.43736469479690737 0.7508738886329235
0.4414050988373114 0.7508738886329235
0.44544550287771545 0.7508738886329235
0.4494859069181195 0.7508738886329235
0.4535263109585235 0.7508738886329235
0.45756671499892754 0.7508738886329235
0.4616071190393316 0.7508738886329235
0.46564752307973567 0.7508738886329235
0.46968792712013974 0.7508738886329235
0.47372833116054375 0.7508738886329235
0.47776873520094776 0.7508738886329235
0.4818091392413518 0.7508738886329235
0.4858495432817559 0.7508738886329235
0.4898899473221599 0.7508738886329235
0.4939303513625639 0.7508738886329235
0.497970755402968 0.7508738886329235
0.502011159443372 0.7508738886329235
0.5060515634837761 0.7508738886329235
0.5100919675241801 0.7508738886329235
0.5141323715645841 0.7508738886329235
0.5181727756049882 0.7508738886329235
0.5222131796453922 0.7508738886329235
0.5262535836857962 0.7508738886329235
0.5302939877262003 0.7508738886329235
0.5343343917666044 0.7508738886329235
0.5383747958070084 0.7508738886329235
0.5424151998474125 0.7508738886329235
0.5464556038878164 0.7508738886329235
0.5504960079282205 0.7508738886329235
0.5545364119686245 0.7508738886329235
0.5585768160090285 0.7508738886329235
0.5626172200494326 0.7508738886329235
0.5666576240898367 0.7508738886329235
0.5706980281302407 0.7508738886329235
0.5747384321706448 0.7508738886329235
0.5787788362110489 0.7508738886329235
0.5828192402514528 0.7508738886329235
0.5868596442918569 0.7508738886329235
0.5909000483322608 0.7508738886329235
0.5949404523726649 0.7508738886329235
0.598980856413069 0.7508738886329235
0.603021260453473 0.7508738886329235
0.6070616644938771 0.7508738886329235
0.6111020685342812 0.7508738886329235
0.6151424725746851 0.7508738886329235
0.6191828766150892 0.7508738886329235
0.6232232806554932 0.7508738886329235
0.6272636846958972 0.7508738886329235
0.6313040887363013 0.7508738886329235
0.6353444927767053 0.7508738886329235
0.6393848968171094 0.7508738886329235
0.6434253008575135 0.7508738886329235
0.6474657048979175 0.7508738886329235
0.6515061089383215 0.7508738886329235
0.6555465129787256 0.7508738886329235
0.6636273210595336 0.7508738886329235
0.6676677250999377 0.7508738886329235
0.6717081291403417 0.7508738886329235
0.6757485331807458 0.7508738886329235
0.6797889372211499 0.7508738886329235
0.6838293412615538 0.7508738886329235
0.6878697453019579 0.7508738886329235
0.691910149342362 0.7508738886329235
0.6959505533827659 0.7508738886329235
0.69999095742317 0.7508738886329235
0.29999095742317 0.7549142926733274
0.304031361463574 0.7549142926733274
0.3080717655039781 0.7549142926733274
0.31211216954438215 0.7549142926733274
0.31615257358478616 0.7549142926733274
0.32019297762519017 0.7549142926733274
0.32423338166559423 0.7549142926733274
0.3282737857059983 0.7549142926733274
0.3323141897464023 0.7549142926733274
0.3363545937868064 0.7549142926733274
0.3403949978272104 0.7549142926733274
0.34443540186761445 0.7549142926733274
0.3484758059080185 0.7549142926733274
0.35251620994842253 0.7549142926733274
0.35655661398882654 0.7549142926733274
0.3605970180292306 0.7549142926733274
0.3646374220696347 0.7549142926733274
0.3686778261100387 0.7549142926733274
0.3727182301504427 0.7549142926733274
0.37675863419084676 0.7549142926733274
0.38079903823125083 0.7549142926733274
0.38483944227165484 0.7549142926733274
0.3888798463120589 0.7549142926733274
0.3929202503524629 0.7549142926733274
0.396960654392867 0.7549142926733274
0.401001058433271 0.7549142926733274
0.40504146247367506 0.7549142926733274
0.4090818665140791 0.7549142926733274
0.41312227055448314 0.7549142926733274
0.4171626745948872 0.7549142926733274
0.4212030786352912 0.7549142926733274
0.42524348267569523 0.7549142926733274
0.4292838867160993 0.7549142926733274
0.43332429075650336 0.7549142926733274
0.43736469479690737 0.7549142926733274
0.4414050988373114 0.7549142926733274
0.44544550287771545 0.7549142926733274
0.4494859069181195 0.7549142926733274
0.4535263109585235 0.7549142926733274
0.45756671499892754 0.7549142926733274
0.4616071190393316 0.7549142926733274
0.46564752307973567 0.7549142926733274
0.46968792712013974 0.7549142926733274
0.47372833116054375 0.7549142926733274
0.47776873520094776 0.7549142926733274
0.4818091392413518 0.7549142926733274
0.4858495432817559 0.7549142926733274
0.4898899473221599 0.7549142926733274
0.4939303513625639 0.7549142926733274
0.497970755402968 0.7549142926733274
0.502011159443372 0.7549142926733274
0.5060515634837761 0.7549142926733274
0.5100919675241801 0.7549142926733274
0.5141323715645841 0.7549142926733274
0.5181727756049882 0.7549142926733274
0.5222131796453922 0.7549142926733274
0.5262535836857962 0.7549142926733274
0.5302939877262003 0.7549142926733274
0.5343343917666044 0.7549142926733274
0.5383747958070084 0.7549142926733274
0.5424151998474125 0.7549142926733274
0.5464556038878164 0.7549142926733274
0.5504960079282205 0.7549142926733274
0.5545364119686245 0.7549142926733274
0.5585768160090285 0.7549142926733274
0.5626172200494326 0.7549142926733274
0.5666576240898367 0.7549142926733274
0.5706980281302407 0.7549142926733274
0.5747384321706448 0.7549142926733274
0.5787788362110489 0.7549142926733274
0.5828192402514528 0.7549142926733274
0.5868596442918569 0.7549142926733274
0.5909000483322608 0.7549142926733274
0.5949404523726649 0.7549142926733274
0.598980856413069 0.7549142926733274
0.603021260453473 0.7549142926733274
0.6070616644938771 0.7549142926733274
0.6111020685342812 0.7549142926733274
0.6151424725746851 0.7549142926733274
0.6191828766150892 0.7549142926733274
0.6232232806554932 0.7549142926733274
0.6272636846958972 0.7549142926733274
0.6313040887363013 0.7549142926733274
0.6353444927767053 0.7549142926733274
0.6393848968171094 0.7549142926733274
0.6434253008575135 0.7549142926733274
0.6474657048979175 0.7549142926733274
0.6515061089383215 0.7549142926733274
0.6595869170191295 0.7549142926733274
0.6676677250999377 0.7549142926733274
0.6717081291403417 0.7549142926733274
0.6757485331807458 0.7549142926733274
0.6797889372211499 0.7549142926733274
0.6838293412615538 0.7549142926733274
0.6878697453019579 0.7549142926733274
0.691910149342362 0.7549142926733274
0.6959505533827659 0.7549142926733274
0.69999095742317 0.7549142926733274
0.29999095742317 0.7589546967137315
0.304031361463574 0.7589546967137315
0.3080717655039781 0.7589546967137315
0.31211216954438215 0.7589546967137315
0.31615257358478616 0.7589546967137315
0.32019297762519017 0.7589546967137315
0.32423338166559423 0.7589546967137315
0.3282737857059983 0.7589546967137315
0.3323141897464023 0.7589546967137315
0.3363545937868064 0.7589546967137315
0.3403949978272104 0.7589546967137315
0.34443540186761445 0.7589546967137315
0.3484758059080185 0.7589546967137315
0.35251620994842253 0.7589546967137315
0.35655661398882654 0.7589546967137315
0.3605970180292306 0.7589546967137315
0.3646374220696347 0.7589546967137315
0.3686778261100387 0.7589546967137315
0.3727182301504427 0.7589546967137315
0.37675863419084676 0.7589546967137315
0.38079903823125083 0.7589546967137315
0.38483944227165484 0.7589546967137315
0.3888798463120589 0.7589546967137315
0.3929202503524629 0.7589546967137315
0.396960654392867 0.7589546967137315
0.401001058433271 0.7589546967137315
0.40504146247367506 0.7589546967137315
0.4090818665140791 0.7589546967137315
0.41312227055448314 0.7589546967137315
0.4171626745948872 0.7589546967137315
0.4212030786352912 0.7589546967137315
0.42524348267569523 0.7589546967137315
0.4292838867160993 0.7589546967137315
0.43332429075650336 0.7589546967137315
0.43736469479690737 0.7589546967137315
0.4414050988373114 0.7589546967137315
0.44544550287771545 0.7589546967137315
0.4494859069181195 0.7589546967137315
0.4535263109585235 0.7589546967137315
0.45756671499892754 0.7589546967137315
0.4616071190393316 0.7589546967137315
0.46564752307973567 0.7589546967137315
0.46968792712013974 0.7589546967137315
0.47372833116054375 0.7589546967137315
0.47776873520094776 0.7589546967137315
0.4818091392413518 0.7589546967137315
0.4858495432817559 0.7589546967137315
0.4898899473221599 0.7589546967137315
0.4939303513625639 0.7589546967137315
0.497970755402968 0.7589546967137315
0.502011159443372 0.7589546967137315
0.5060515634837761 0.7589546967137315
0.5100919675241801 0.7589546967137315
0.5141323715645841 0.7589546967137315
0.5181727756049882 0.7589546967137315
0.5222131796453922 0.7589546967137315
0.5262535836857962 0.7589546967137315
0.5302939877262003 0.7589546967137315
0.5343343917666044 0.7589546967137315
0.5383747958070084 0.7589546967137315
0.5424151998474125 0.7589546967137315
0.5464556038878164 0.7589546967137315
0.5504960079282205 0.7589546967137315
0.5545364119686245 0.7589546967137315
0.5585768160090285 0.7589546967137315
0.5626172200494326 0.7589546967137315
0.5666576240898367 0.7589546967137315
0.5706980281302407 0.7589546967137315
0.5747384321706448 0.7589546967137315
0.5787788362110489 0.7589546967137315
0.5828192402514528 0.7589546967137315
0.5868596442918569 0.7589546967137315
0.5909000483322608 0.7589546967137315
0.5949404523726649 0.7589546967137315
0.598980856413069 0.7589546967137315
0.603021260453473 0.7589546967137315
0.6070616644938771 0.7589546967137315
0.6111020685342812 0.7589546967137315
0.6151424725746851 0.7589546967137315
0.6191828766150892 0.7589546967137315
0.6232232806554932 0.7589546967137315
0.6272636846958972 0.7589546967137315
0.6313040887363013 0.7589546967137315
0.6353444927767053 0.7589546967137315
0.6393848968171094 0.7589546967137315
0.6434253008575135 0.7589546967137315
0.6474657048979175 0.7589546967137315
0.6555465129787256 0.7589546967137315
0.6595869170191295 0.7589546967137315
0.6636273210595336 0.7589546967137315
0.6676677250999377 0.7589546967137315
0.6717081291403417 0.7589546967137315
0.6757485331807458 0.7589546967137315
0.6797889372211499 0.7589546967137315
0.6838293412615538 0.7589546967137315
0.6878697453019579 0.7589546967137315
0.691910149342362 0.7589546967137315
0.6959505533827659 0.7589546967137315
0.69999095742317 0.7589546967137315
0.29999095742317 0.7629951007541356
0.304031361463574 0.7629951007541356
0.3080717655039781 0.7629951007541356
0.31211216954438215 0.7629951007541356
0.31615257358478616 0.7629951007541356
0.32019297762519017 0.7629951007541356
0.32423338166559423 0.7629951007541356
0.3282737857059983 0.7629951007541356
0.3323141897464023 0.7629951007541356
0.3363545937868064 0.7629951007541356
0.3403949978272104 0.7629951007541356
0.34443540186761445 0.7629951007541356
0.3484758059080185 0.7629951007541356
0.35251620994842253 0.7629951007541356
0.35655661398882654 0.7629951007541356
0.3605970180292306 0.7629951007541356
0.3646374220696347 0.7629951007541356
0.3686778261100387 0.7629951007541356
0.3727182301504427 0.7629951007541356
0.37675863419084676 0.7629951007541356
0.38079903823125083 0.7629951007541356
0.38483944227165484 0.7629951007541356
0.3888798463120589 0.7629951007541356
0.3929202503524629 0.7629951007541356
0.396960654392867 0.7629951007541356
0.401001058433271 0.7629951007541356
0.40504146247367506 0.7629951007541356
0.4090818665140791 0.7629951007541356
0.41312227055448314 0.7629951007541356
0.4171626745948872 0.7629951007541356
0.4212030786352912 0.7629951007541356
0.42524348267569523 0.7629951007541356
0.4292838867160993 0.7629951007541356
0.43332429075650336 0.7629951007541356
0.43736469479690737 0.7629951007541356
0.4414050988373114 0.7629951007541356
0.44544550287771545 0.7629951007541356
0.4494859069181195 0.7629951007541356
0.4535263109585235 0.7629951007541356
0.45756671499892754 0.7629951007541356
0.4616071190393316 0.7629951007541356
0.46564752307973567 0.7629951007541356
0.46968792712013974 0.7629951007541356
0.47372833116054375 0.7629951007541356
0.47776873520094776 0.7629951007541356
0.4818091392413518 0.7629951007541356
0.4858495432817559 0.7629951007541356
0.4898899473221599 0.7629951007541356
0.4939303513625639 0.7629951007541356
0.497970755402968 0.7629951007541356
0.502011159443372 0.7629951007541356
0.5060515634837761 0.7629951007541356
0.5100919675241801 0.7629951007541356
0.5141323715645841 0.7629951007541356
0.5181727756049882 0.7629951007541356
0.5222131796453922 0.7629951007541356
0.5262535836857962 0.7629951007541356
0.5302939877262003 0.7629951007541356
0.5343343917666044 0.7629951007541356
0.5383747958070084 0.7629951007541356
0.5424151998474125 0.7629951007541356
0.5464556038878164 0.7629951007541356
0.5504960079282205 0.7629951007541356
0.5545364119686245 0.7629951007541356
0.5585768160090285 0.7629951007541356
0.5626172200494326 0.7629951007541356
0.5666576240898367 0.7629951007541356
0.5706980281302407 0.7629951007541356
0.5747384321706448 0.7629951007541356
0.5787788362110489 0.7629951007541356
0.5828192402514528 0.7629951007541356
0.5868596442918569 0.7629951007541356
0.5909000483322608 0.7629951007541356
0.5949404523726649 0.7629951007541356
0.598980856413069 0.7629951007541356
0.603021260453473 0.7629951007541356
0.6070616644938771 0.7629951007541356
0.6111020685342812 0.7629951007541356
0.6151424725746851 0.7629951007541356
0.6191828766150892 0.7629951007541356
0.6232232806554932 0.7629951007541356
0.6272636846958972 0.7629951007541356
0.6313040887363013 0.7629951007541356
0.6353444927767053 0.7629951007541356
0.6393848968171094 0.7629951007541356
0.6434253008575135 0.7629951007541356
0.6515061089383215 0.7629951007541356
0.6595869170191295 0.7629951007541356
0.6636273210595336 0.7629951007541356
0.6676677250999377 0.7629951007541356
0.6717081291403417 0.7629951007541356
0.6757485331807458 0.7629951007541356
0.6797889372211499 0.7629951007541356
0.6838293412615538 0.7629951007541356
0.6878697453019579 0.7629951007541356
0.691910149342362 0.7629951007541356
0.6959505533827659 0.7629951007541356
0.69999095742317 0.7629951007541356
0.29999095742317 0.7670355047945396
0.304031361463574 0.7670355047945396
0.3080717655039781 0.7670355047945396
0.31211216954438215 0.7670355047945396
0.31615257358478616 0.7670355047945396
0.32019297762519017 0.7670355047945396
0.32423338166559423 0.7670355047945396
0.3282737857059983 0.7670355047945396
0.3323141897464023 0.7670355047945396
0.3363545937868064 0.7670355047945396
0.3403949978272104 0.7670355047945396
0.34443540186761445 0.7670355047945396
0.3484758059080185 0.7670355047945396
0.35251620994842253 0.7670355047945396
0.35655661398882654 0.7670355047945396
0.3605970180292306 0.7670355047945396
0.3646374220696347 0.7670355047945396
0.3686778261100387 0.7670355047945396
0.3727182301504427 0.7670355047945396
0.37675863419084676 0.7670355047945396
0.38079903823125083 0.7670355047945396
0.38483944227165484 0.7670355047945396
0.3888798463120589 0.7670355047945396
0.3929202503524629 0.7670355047945396
0.396960654392867 0.7670355047945396
0.401001058433271 0.7670355047945396
0.40504146247367506 0.7670355047945396
0.4090818665140791 0.7670355047945396
0.41312227055448314 0.7670355047945396
0.4171626745948872 0.7670355047945396
0.4212030786352912 0.7670355047945396
0.42524348267569523 0.7670355047945396
0.4292838867160993 0.7670355047945396
0.43332429075650336 0.7670355047945396
0.43736469479690737 0.7670355047945396
0.4414050988373114 0.7670355047945396
0.44544550287771545 0.7670355047945396
0.4494859069181195 0.7670355047945396
0.4535263109585235 0.7670355047945396
0.45756671499892754 0.7670355047945396
0.4616071190393316 0.7670355047945396
0.46564752307973567 0.7670355047945396
0.46968792712013974 0.7670355047945396
0.47372833116054375 0.7670355047945396
0.47776873520094776 0.7670355047945396
0.4818091392413518 0.7670355047945396
0.4858495432817559 0.7670355047945396
0.4898899473221599 0.7670355047945396
0.4939303513625639 0.7670355047945396
0.497970755402968 0.7670355047945396
0.502011159443372 0.7670355047945396
0.5060515634837761 0.7670355047945396
0.5100919675241801 0.7670355047945396
0.5141323715645841 0.7670355047945396
0.5181727756049882 0.7670355047945396
0.5222131796453922 0.7670355047945396
0.5262535836857962 0.7670355047945396
0.5302939877262003 0.7670355047945396
0.5343343917666044 0.7670355047945396
0.5383747958070084 0.7670355047945396
0.5424151998474125 0.7670355047945396
0.5464556038878164 0.7670355047945396
0.5504960079282205 0.7670355047945396
0.5545364119686245 0.7670355047945396
0.5585768160090285 0.7670355047945396
0.5626172200494326 0.7670355047945396
0.5666576240898367 0.7670355047945396
0.5706980281302407 0.7670355047945396
0.5747384321706448 0.7670355047945396
0.5787788362110489 0.7670355047945396
0.5828192402514528 0.7670355047945396
0.5868596442918569 0.7670355047945396
0.5909000483322608 0.7670355047945396
0.5949404523726649 0.7670355047945396
0.598980856413069 0.7670355047945396
0.603021260453473 0.7670355047945396
0.6070616644938771 0.7670355047945396
0.6111020685342812 0.7670355047945396
0.6151424725746851 0.7670355047945396
0.6191828766150892 0.7670355047945396
0.6232232806554932 0.7670355047945396
0.6272636846958972 0.7670355047945396
0.6313040887363013 0.7670355047945396
0.6353444927767053 0.7670355047945396
0.6393848968171094 0.7670355047945396
0.6474657048979175 0.7670355047945396
0.6515061089383215 0.7670355047945396
0.6555465129787256 0.7670355047945396
0.6595869170191295 0.7670355047945396
0.6636273210595336 0.7670355047945396
0.6676677250999377 0.7670355047945396
0.6717081291403417 0.7670355047945396
0.6757485331807458 0.7670355047945396
0.6797889372211499 0.7670355047945396
0.6838293412615538 0.7670355047945396
0.6878697453019579 0.7670355047945396
0.691910149342362 0.7670355047945396
0.6959505533827659 0.7670355047945396
0.69999095742317 0.7670355047945396
0.29999095742317 0.7710759088349436
0.304031361463574 0.7710759088349436
0.3080717655039781 0.7710759088349436
0.31211216954438215 0.7710759088349436
0.31615257358478616 0.7710759088349436
0.32019297762519017 0.7710759088349436
0.32423338166559423 0.7710759088349436
0.3282737857059983 0.7710759088349436
0.3323141897464023 0.7710759088349436
0.3363545937868064 0.7710759088349436
0.3403949978272104 0.7710759088349436
0.34443540186761445 0.7710759088349436
0.3484758059080185 0.7710759088349436
0.35251620994842253 0.7710759088349436
0.35655661398882654 0.7710759088349436
0.3605970180292306 0.7710759088349436
0.3646374220696347 0.7710759088349436
0.3686778261100387 0.7710759088349436
0.3727182301504427 0.7710759088349436
0.37675863419084676 0.7710759088349436
0.38079903823125083 0.7710759088349436
0.38483944227165484 0.7710759088349436
0.3888798463120589 0.7710759088349436
0.3929202503524629 0.7710759088349436
0.396960654392867 0.7710759088349436
0.401001058433271 0.7710759088349436
0.40504146247367506 0.7710759088349436
0.4090818665140791 0.7710759088349436
0.41312227055448314 0.7710759088349436
0.4171626745948872 0.7710759088349436
0.4212030786352912 0.7710759088349436
0.42524348267569523 0.7710759088349436
0.4292838867160993 0.7710759088349436
0.43332429075650336 0.7710759088349436
0.43736469479690737 0.7710759088349436
0.4414050988373114 0.7710759088349436
0.44544550287771545 0.7710759088349436
0.4494859069181195 0.7710759088349436
0.4535263109585235 0.7710759088349436
0.45756671499892754 0.7710759088349436
0.4616071190393316 0.7710759088349436
0.46564752307973567 0.7710759088349436
0.46968792712013974 0.7710759088349436
0.47372833116054375 0.7710759088349436
0.47776873520094776 0.7710759088349436
0.4818091392413518 0.7710759088349436
0.4858495432817559 0.7710759088349436
0.4898899473221599 0.7710759088349436
0.4939303513625639 0.7710759088349436
0.497970755402968 0.7710759088349436
0.502011159443372 0.7710759088349436
0.5060515634837761 0.7710759088349436
0.5100919675241801 0.7710759088349436
0.5141323715645841 0.7710759088349436
0.5181727756049882 0.7710759088349436
0.5222131796453922 0.7710759088349436
0.5262535836857962 0.7710759088349436
0.5302939877262003 0.7710759088349436
0.5343343917666044 0.7710759088349436
0.5383747958070084 0.7710759088349436
0.5424151998474125 0.7710759088349436
0.5464556038878164 0.7710759088349436
0.5504960079282205 0.7710759088349436
0.5545364119686245 0.7710759088349436
0.5585768160090285 0.7710759088349436
0.5626172200494326 0.7710759088349436
0.5666576240898367 0.7710759088349436
0.5706980281302407 0.7710759088349436
0.5747384321706448 0.7710759088349436
0.5787788362110489 0.7710759088349436
0.5828192402514528 0.7710759088349436
0.5868596442918569 0.7710759088349436
0.5909000483322608 0.7710759088349436
0.5949404523726649 0.7710759088349436
0.598980856413069 0.7710759088349436
0.603021260453473 0.7710759088349436
0.6070616644938771 0.7710759088349436
0.6111020685342812 0.7710759088349436
0.6151424725746851 0.7710759088349436
0.6191828766150892 0.7710759088349436
0.6232232806554932 0.7710759088349436
0.6272636846958972 0.7710759088349436
0.6313040887363013 0.7710759088349436
0.6393848968171094 0.7710759088349436
0.6434253008575135 0.7710759088349436
0.6474657048979175 0.7710759088349436
0.6515061089383215 0.7710759088349436
0.6555465129787256 0.7710759088349436
0.6595869170191295 0.7710759088349436
0.6636273210595336 0.7710759088349436
0.6676677250999377 0.7710759088349436
0.6717081291403417 0.7710759088349436
0.6757485331807458 0.7710759088349436
0.6797889372211499 0.7710759088349436
0.6838293412615538 0.7710759088349436
0.6878697453019579 0.7710759088349436
0.691910149342362 0.7710759088349436
0.6959505533827659 0.7710759088349436
0.69999095742317 0.7710759088349436
0.29999095742317 0.7751163128753477
0.304031361463574 0.7751163128753477
0.3080717655039781 0.7751163128753477
0.31211216954438215 0.7751163128753477
0.31615257358478616 0.7751163128753477
0.32019297762519017 0.7751163128753477
0.32423338166559423 0.7751163128753477
0.3282737857059983 0.7751163128753477
0.3323141897464023 0.7751163128753477
0.3363545937868064 0.7751163128753477
0.3403949978272104 0.7751163128753477
0.34443540186761445 0.7751163128753477
0.3484758059080185 0.7751163128753477
0.35251620994842253 0.7751163128753477
0.35655661398882654 0.7751163128753477
0.3605970180292306 0.7751163128753477
0.3646374220696347 0.7751163128753477
0.3686778261100387 0.7751163128753477
0.3727182301504427 0.7751163128753477
0.37675863419084676 0.7751163128753477
0.38079903823125083 0.7751163128753477
0.38483944227165484 0.7751163128753477
0.3888798463120589 0.7751163128753477
0.3929202503524629 0.7751163128753477
0.396960654392867 0.7751163128753477
0.401001058433271 0.7751163128753477
0.40504146247367506 0.7751163128753477
0.4090818665140791 0.7751163128753477
0.41312227055448314 0.7751163128753477
0.4171626745948872 0.7751163128753477
0.4212030786352912 0.7751163128753477
0.42524348267569523 0.7751163128753477
0.4292838867160993 0.7751163128753477
0.43332429075650336 0.7751163128753477
0.43736469479690737 0.7751163128753477
0.4414050988373114 0.7751163128753477
0.44544550287771545 0.7751163128753477
0.4494859069181195 0.7751163128753477
0.4535263109585235 0.7751163128753477
0.45756671499892754 0.7751163128753477
0.4616071190393316 0.7751163128753477
0.46564752307973567 0.7751163128753477
0.46968792712013974 0.7751163128753477
0.47372833116054375 0.7751163128753477
0.47776873520094776 0.7751163128753477
0.4818091392413518 0.7751163128753477
0.4858495432817559 0.7751163128753477
0.4898899473221599 0.7751163128753477
0.4939303513625639 0.7751163128753477
0.497970755402968 0.7751163128753477
0.502011159443372 0.7751163128753477
0.5060515634837761 0.7751163128753477
0.5100919675241801 0.7751163128753477
0.5141323715645841 0.7751163128753477
0.5181727756049882 0.7751163128753477
0.5222131796453922 0.7751163128753477
0.5262535836857962 0.7751163128753477
0.5302939877262003 0.7751163128753477
0.5343343917666044 0.7751163128753477
0.5383747958070084 0.7751163128753477
0.5424151998474125 0.7751163128753477
0.5464556038878164 0.7751163128753477
0.5504960079282205 0.7751163128753477
0.5545364119686245 0.7751163128753477
0.5585768160090285 0.7751163128753477
0.5626172200494326 0.7751163128753477
0.5666576240898367 0.7751163128753477
0.5706980281302407 0.7751163128753477
0.5747384321706448 0.7751163128753477
0.5787788362110489 0.7751163128753477
0.5828192402514528 0.7751163128753477
0.5868596442918569 0.7751163128753477
0.5909000483322608 0.7751163128753477
0.5949404523726649 0.7751163128753477
0.598980856413069 0.7751163128753477
0.603021260453473 0.7751163128753477
0.6070616644938771 0.7751163128753477
0.6111020685342812 0.7751163128753477
0.6151424725746851 0.7751163128753477
0.6191828766150892 0.7751163128753477
0.6232232806554932 0.7751163128753477
0.6272636846958972 0.7751163128753477
0.6353444927767053 0.7751163128753477
0.6393848968171094 0.7751163128753477
0.6434253008575135 0.7751163128753477
0.6474657048979175 0.7751163128753477
0.6515061089383215 0.7751163128753477
0.6555465129787256 0.7751163128753477
0.6595869170191295 0.7751163128753477
0.6636273210595336 0.7751163128753477
0.6676677250999377 0.7751163128753477
0.6717081291403417 0.7751163128753477
0.6757485331807458 0.7751163128753477
0.6797889372211499 0.7751163128753477
0.6838293412615538 0.7751163128753477
0.6878697453019579 0.7751163128753477
0.691910149342362 0.7751163128753477
0.6959505533827659 0.7751163128753477
0.69999095742317 0.7751163128753477
0.29999095742317 0.7791567169157517
0.304031361463574 0.7791567169157517
0.3080717655039781 0.7791567169157517
0.31211216954438215 0.7791567169157517
0.31615257358478616 0.7791567169157517
0.32019297762519017 0.7791567169157517
0.32423338166559423 0.7791567169157517
0.3282737857059983 0.7791567169157517
0.3323141897464023 0.7791567169157517
0.3363545937868064 0.7791567169157517
0.3403949978272104 0.7791567169157517
0.34443540186761445 0.7791567169157517
0.3484758059080185 0.7791567169157517
0.35251620994842253 0.7791567169157517
0.35655661398882654 0.7791567169157517
0.3605970180292306 0.7791567169157517
0.3646374220696347 0.7791567169157517
0.3686778261100387 0.7791567169157517
0.3727182301504427 0.7791567169157517
0.37675863419084676 0.7791567169157517
0.38079903823125083 0.7791567169157517
0.38483944227165484 0.7791567169157517
0.3888798463120589 0.7791567169157517
0.3929202503524629 0.7791567169157517
0.396960654392867 0.7791567169157517
0.401001058433271 0.7791567169157517
0.40504146247367506 0.7791567169157517
0.4090818665140791 0.7791567169157517
0.41312227055448314 0.7791567169157517
0.4171626745948872 0.7791567169157517
0.4212030786352912 0.7791567169157517
0.42524348267569523 0.7791567169157517
0.4292838867160993 0.7791567169157517
0.43332429075650336 0.7791567169157517
0.43736469479690737 0.7791567169157517
0.4414050988373114 0.7791567169157517
0.44544550287771545 0.7791567169157517
0.4494859069181195 0.7791567169157517
0.4535263109585235 0.7791567169157517
0.45756671499892754 0.7791567169157517
0.4616071190393316 0.7791567169157517
0.46564752307973567 0.7791567169157517
0.46968792712013974 0.7791567169157517
0.47372833116054375 0.7791567169157517
0.47776873520094776 0.7791567169157517
0.4818091392413518 0.7791567169157517
0.4858495432817559 0.7791567169157517
0.4898899473221599 0.7791567169157517
0.4939303513625639 0.7791567169157517
0.497970755402968 0.7791567169157517
0.502011159443372 0.7791567169157517
0.5060515634837761 0.7791567169157517
0.5100919675241801 0.7791567169157517
0.5141323715645841 0.7791567169157517
0.5181727756049882 0.7791567169157517
0.5222131796453922 0.7791567169157517
0.5262535836857962 0.7791567169157517
0.5302939877262003 0.7791567169157517
0.5343343917666044 0.7791567169157517
0.5383747958070084 0.7791567169157517
0.5424151998474125 0.7791567169157517
0.5464556038878164 0.7791567169157517
0.5504960079282205 0.7791567169157517
0.5545364119686245 0.7791567169157517
0.5585768160090285 0.7791567169157517
0.5626172200494326 0.7791567169157517
0.5666576240898367 0.7791567169157517
0.5706980281302407 0.7791567169157517
0.5747384321706448 0.7791567169157517
0.5787788362110489 0.7791567169157517
0.5828192402514528 0.7791567169157517
0.5868596442918569 0.7791567169157517
0.5909000483322608 0.7791567169157517
0.5949404523726649 0.7791567169157517
0.598980856413069 0.7791567169157517
0.603021260453473 0.7791567169157517
0.6070616644938771 0.7791567169157517
0.6111020685342812 0.7791567169157517
0.6151424725746851 0.7791567169157517
0.6191828766150892 0.7791567169157517
0.6232232806554932 0.7791567169157517
0.6313040887363013 0.7791567169157517
0.6353444927767053 0.7791567169157517
0.6393848968171094 0.7791567169157517
0.6434253008575135 0.7791567169157517
0.6474657048979175 0.7791567169157517
0.6515061089383215 0.7791567169157517
0.6555465129787256 0.7791567169157517
0.6636273210595336 0.7791567169157517
0.6676677250999377 0.7791567169157517
0.6717081291403417 0.7791567169157517
0.6757485331807458 0.7791567169157517
0.6797889372211499 0.7791567169157517
0.6838293412615538 0.7791567169157517
0.6878697453019579 0.7791567169157517
0.691910149342362 0.7791567169157517
0.6959505533827659 0.7791567169157517
0.69999095742317 0.7791567169157517
0.29999095742317 0.7831971209561558
0.304031361463574 0.7831971209561558
0.3080717655039781 0.7831971209561558
0.31211216954438215 0.7831971209561558
0.31615257358478616 0.7831971209561558
0.32019297762519017 0.7831971209561558
0.32423338166559423 0.7831971209561558
0.3282737857059983 0.7831971209561558
0.3323141897464023 0.7831971209561558
0.3363545937868064 0.7831971209561558
0.3403949978272104 0.7831971209561558
0.34443540186761445 0.7831971209561558
0.3484758059080185 0.7831971209561558
0.35251620994842253 0.7831971209561558
0.35655661398882654 0.7831971209561558
0.3605970180292306 0.7831971209561558
0.3646374220696347 0.7831971209561558
0.3686778261100387 0.7831971209561558
0.3727182301504427 0.7831971209561558
0.37675863419084676 0.7831971209561558
0.38079903823125083 0.7831971209561558
0.38483944227165484 0.7831971209561558
0.3888798463120589 0.7831971209561558
0.3929202503524629 0.7831971209561558
0.396960654392867 0.7831971209561558
0.401001058433271 0.7831971209561558
0.40504146247367506 0.7831971209561558
0.4090818665140791 0.7831971209561558
0.41312227055448314 0.7831971209561558
0.4171626745948872 0.7831971209561558
0.4212030786352912 0.7831971209561558
0.42524348267569523 0.7831971209561558
0.4292838867160993 0.7831971209561558
0.43332429075650336 0.7831971209561558
0.43736469479690737 0.7831971209561558
0.4414050988373114 0.7831971209561558
0.44544550287771545 0.7831971209561558
0.4494859069181195 0.7831971209561558
0.4535263109585235 0.7831971209561558
0.45756671499892754 0.7831971209561558
0.4616071190393316 0.7831971209561558
0.46564752307973567 0.7831971209561558
0.46968792712013974 0.7831971209561558
0.47372833116054375 0.7831971209561558
0.47776873520094776 0.7831971209561558
0.4818091392413518 0.7831971209561558
0.4858495432817559 0.7831971209561558
0.4898899473221599 0.7831971209561558
0.4939303513625639 0.7831971209561558
0.497970755402968 0.7831971209561558
0.502011159443372 0.7831971209561558
0.5060515634837761 0.7831971209561558
0.5100919675241801 0.7831971209561558
0.5141323715645841 0.7831971209561558
0.5181727756049882 0.7831971209561558
0.5222131796453922 0.7831971209561558
0.5262535836857962 0.7831971209561558
0.5302939877262003 0.7831971209561558
0.5343343917666044 0.7831971209561558
0.5383747958070084 0.7831971209561558
0.5424151998474125 0.7831971209561558
0.5464556038878164 0.7831971209561558
0.5504960079282205 0.7831971209561558
0.5545364119686245 0.7831971209561558
0.5585768160090285 0.7831971209561558
0.5626172200494326 0.7831971209561558
0.5666576240898367 0.7831971209561558
0.5706980281302407 0.7831971209561558
0.5747384321706448 0.7831971209561558
0.5787788362110489 0.7831971209561558
0.5828192402514528 0.7831971209561558
0.5868596442918569 0.7831971209561558
0.5909000483322608 0.7831971209561558
0.5949404523726649 0.7831971209561558
0.598980856413069 0.7831971209561558
0.603021260453473 0.7831971209561558
0.6070616644938771 0.7831971209561558
0.6111020685342812 0.7831971209561558
0.6151424725746851 0.7831971209561558
0.6191828766150892 0.7831971209561558
0.6272636846958972 0.7831971209561558
0.6313040887363013 0.7831971209561558
0.6353444927767053 0.7831971209561558
0.6393848968171094 0.7831971209561558
0.6434253008575135 0.7831971209561558
0.6474657048979175 0.7831971209561558
0.6515061089383215 0.7831971209561558
0.6555465129787256 0.7831971209561558
0.6595869170191295 0.7831971209561558
0.6636273210595336 0.7831971209561558
0.6676677250999377 0.7831971209561558
0.6717081291403417 0.7831971209561558
0.6757485331807458 0.7831971209561558
0.6797889372211499 0.7831971209561558
0.6838293412615538 0.7831971209561558
0.6878697453019579 0.7831971209561558
0.691910149342362 0.7831971209561558
0.6959505533827659 0.7831971209561558
0.69999095742317 0.7831971209561558
0.29999095742317 0.7872375249965597
0.304031361463574 0.7872375249965597
0.3080717655039781 0.7872375249965597
0.31211216954438215 0.7872375249965597
0.31615257358478616 0.7872375249965597
0.32019297762519017 0.7872375249965597
0.32423338166559423 0.7872375249965597
0.3282737857059983 0.7872375249965597
0.3323141897464023 0.7872375249965597
0.3363545937868064 0.7872375249965597
0.3403949978272104 0.7872375249965597
0.34443540186761445 0.7872375249965597
0.3484758059080185 0.7872375249965597
0.35251620994842253 0.7872375249965597
0.35655661398882654 0.7872375249965597
0.3605970180292306 0.7872375249965597
0.3646374220696347 0.7872375249965597
0.3686778261100387 0.7872375249965597
0.3727182301504427 0.7872375249965597
0.37675863419084676 0.7872375249965597
0.38079903823125083 0.7872375249965597
0.38483944227165484 0.7872375249965597
0.3888798463120589 0.7872375249965597
0.3929202503524629 0.7872375249965597
0.396960654392867 0.7872375249965597
0.401001058433271 0.7872375249965597
0.40504146247367506 0.7872375249965597
0.4090818665140791 0.7872375249965597
0.41312227055448314 0.7872375249965597
0.4171626745948872 0.7872375249965597
0.4212030786352912 0.7872375249965597
0.42524348267569523 0.7872375249965597
0.4292838867160993 0.7872375249965597
0.43332429075650336 0.7872375249965597
0.43736469479690737 0.7872375249965597
0.4414050988373114 0.7872375249965597
0.44544550287771545 0.7872375249965597
0.4494859069181195 0.7872375249965597
0.4535263109585235 0.7872375249965597
0.45756671499892754 0.7872375249965597
0.4616071190393316 0.7872375249965597
0.46564752307973567 0.7872375249965597
0.46968792712013974 0.7872375249965597
0.47372833116054375 0.7872375249965597
0.47776873520094776 0.7872375249965597
0.4818091392413518 0.7872375249965597
0.4858495432817559 0.7872375249965597
0.4898899473221599 0.7872375249965597
0.4939303513625639 0.7872375249965597
0.497970755402968 0.7872375249965597
0.502011159443372 0.7872375249965597
0.5060515634837761 0.7872375249965597
0.5100919675241801 0.7872375249965597
0.5141323715645841 0.7872375249965597
0.5181727756049882 0.7872375249965597
0.5222131796453922 0.7872375249965597
0.5262535836857962 0.7872375249965597
0.5302939877262003 0.7872375249965597
0.5343343917666044 0.7872375249965597
0.5383747958070084 0.7872375249965597
0.5424151998474125 0.7872375249965597
0.5464556038878164 0.7872375249965597
0.5504960079282205 0.7872375249965597
0.5545364119686245 0.7872375249965597
0.5585768160090285 0.7872375249965597
0.5626172200494326 0.7872375249965597
0.5666576240898367 0.7872375249965597
0.5706980281302407 0.7872375249965597
0.5747384321706448 0.7872375249965597
0.5787788362110489 0.7872375249965597
0.5828192402514528 0.7872375249965597
0.5868596442918569 0.7872375249965597
0.5909000483322608 0.7872375249965597
0.5949404523726649 0.7872375249965597
0.598980856413069 0.7872375249965597
0.603021260453473 0.7872375249965597
0.6070616644938771 0.7872375249965597
0.6111020685342812 0.7872375249965597
0.6191828766150892 0.7872375249965597
0.6232232806554932 0.7872375249965597
0.6272636846958972 0.7872375249965597
0.6313040887363013 0.7872375249965597
0.6353444927767053 0.7872375249965597
0.6393848968171094 0.7872375249965597
0.6434253008575135 0.7872375249965597
0.6474657048979175 0.7872375249965597
0.6515061089383215 0.7872375249965597
0.6555465129787256 0.7872375249965597
0.6595869170191295 0.7872375249965597
0.6636273210595336 0.7872375249965597
0.6676677250999377 0.7872375249965597
0.6717081291403417 0.7872375249965597
0.6757485331807458 0.7872375249965597
0.6797889372211499 0.7872375249965597
0.6838293412615538 0.7872375249965597
0.6878697453019579 0.7872375249965597
0.691910149342362 0.7872375249965597
0.6959505533827659 0.7872375249965597
0.69999095742317 0.7872375249965597
0.29999095742317 0.7912779290369638
0.304031361463574 0.7912779290369638
0.3080717655039781 0.7912779290369638
0.31211216954438215 0.7912779290369638
0.31615257358478616 0.7912779290369638
0.32019297762519017 0.7912779290369638
0.32423338166559423 0.7912779290369638
0.3282737857059983 0.7912779290369638
0.3323141897464023 0.7912779290369638
0.3363545937868064 0.7912779290369638
0.3403949978272104 0.7912779290369638
0.34443540186761445 0.7912779290369638
0.3484758059080185 0.7912779290369638
0.35251620994842253 0.7912779290369638
0.35655661398882654 0.7912779290369638
0.3605970180292306 0.7912779290369638
0.3646374220696347 0.7912779290369638
0.3686778261100387 0.7912779290369638
0.3727182301504427 0.7912779290369638
0.37675863419084676 0.7912779290369638
0.38079903823125083 0.7912779290369638
0.38483944227165484 0.7912779290369638
0.3888798463120589 0.7912779290369638
0.3929202503524629 0.7912779290369638
0.396960654392867 0.7912779290369638
0.401001058433271 0.7912779290369638
0.40504146247367506 0.7912779290369638
0.4090818665140791 0.7912779290369638
0.41312227055448314 0.7912779290369638
0.4171626745948872 0.7912779290369638
0.4212030786352912 0.7912779290369638
0.42524348267569523 0.7912779290369638
0.4292838867160993 0.7912779290369638
0.43332429075650336 0.7912779290369638
0.43736469479690737 0.7912779290369638
0.4414050988373114 0.7912779290369638
0.44544550287771545 0.7912779290369638
0.4494859069181195 0.7912779290369638
0.4535263109585235 0.7912779290369638
0.45756671499892754 0.7912779290369638
0.4616071190393316 0.7912779290369638
0.46564752307973567 0.7912779290369638
0.46968792712013974 0.7912779290369638
0.47372833116054375 0.7912779290369638
0.47776873520094776 0.7912779290369638
0.4818091392413518 0.7912779290369638
0.4858495432817559 0.7912779290369638
0.4898899473221599 0.7912779290369638
0.4939303513625639 0.7912779290369638
0.497970755402968 0.7912779290369638
0.502011159443372 0.7912779290369638
0.5060515634837761 0.7912779290369638
0.5100919675241801 0.7912779290369638
0.5141323715645841 0.7912779290369638
0.5181727756049882 0.7912779290369638
0.5222131796453922 0.7912779290369638
0.5262535836857962 0.7912779290369638
0.5302939877262003 0.7912779290369638
0.5343343917666044 0.7912779290369638
0.5383747958070084 0.7912779290369638
0.5424151998474125 0.7912779290369638
0.5464556038878164 0.7912779290369638
0.5504960079282205 0.7912779290369638
0.5545364119686245 0.7912779290369638
0.5585768160090285 0.7912779290369638
0.5626172200494326 0.7912779290369638
0.5666576240898367 0.7912779290369638
0.5706980281302407 0.7912779290369638
0.5747384321706448 0.7912779290369638
0.5787788362110489 0.7912779290369638
0.5828192402514528 0.7912779290369638
0.5868596442918569 0.7912779290369638
0.5909000483322608 0.7912779290369638
0.5949404523726649 0.7912779290369638
0.598980856413069 0.7912779290369638
0.603021260453473 0.7912779290369638
0.6070616644938771 0.7912779290369638
0.6151424725746851 0.7912779290369638
0.6191828766150892 0.7912779290369638
0.6232232806554932 0.7912779290369638
0.6272636846958972 0.7912779290369638
0.6313040887363013 0.7912779290369638
0.6353444927767053 0.7912779290369638
0.6393848968171094 0.7912779290369638
0.6434253008575135 0.7912779290369638
0.6474657048979175 0.7912779290369638
0.6515061089383215 0.7912779290369638
0.6555465129787256 0.7912779290369638
0.6595869170191295 0.7912779290369638
0.6636273210595336 0.7912779290369638
0.6676677250999377 0.7912779290369638
0.6717081291403417 0.7912779290369638
0.6757485331807458 0.7912779290369638
0.6797889372211499 0.7912779290369638
0.6838293412615538 0.7912779290369638
0.6878697453019579 0.7912779290369638
0.691910149342362 0.7912779290369638
0.6959505533827659 0.7912779290369638
0.69999095742317 0.7912779290369638
0.29999095742317 0.7953183330773679
0.304031361463574 0.7953183330773679
0.3080717655039781 0.7953183330773679
0.31211216954438215 0.7953183330773679
0.31615257358478616 0.7953183330773679
0.32019297762519017 0.7953183330773679
0.32423338166559423 0.7953183330773679
0.3282737857059983 0.7953183330773679
0.3323141897464023 0.7953183330773679
0.3363545937868064 0.7953183330773679
0.3403949978272104 0.7953183330773679
0.34443540186761445 0.7953183330773679
0.3484758059080185 0.7953183330773679
0.35251620994842253 0.7953183330773679
0.35655661398882654 0.7953183330773679
0.3605970180292306 0.7953183330773679
0.3646374220696347 0.7953183330773679
0.3686778261100387 0.7953183330773679
0.3727182301504427 0.7953183330773679
0.37675863419084676 0.7953183330773679
0.38079903823125083 0.7953183330773679
0.38483944227165484 0.7953183330773679
0.3888798463120589 0.7953183330773679
0.3929202503524629 0.7953183330773679
0.396960654392867 0.7953183330773679
0.401001058433271 0.7953183330773679
0.40504146247367506 0.7953183330773679
0.4090818665140791 0.7953183330773679
0.41312227055448314 0.7953183330773679
0.4171626745948872 0.7953183330773679
0.4212030786352912 0.7953183330773679
0.42524348267569523 0.7953183330773679
0.4292838867160993 0.7953183330773679
0.43332429075650336 0.7953183330773679
0.43736469479690737 0.7953183330773679
0.4414050988373114 0.7953183330773679
0.44544550287771545 0.7953183330773679
0.4494859069181195 0.7953183330773679
0.4535263109585235 0.7953183330773679
0.45756671499892754 0.7953183330773679
0.4616071190393316 0.7953183330773679
0.46564752307973567 0.7953183330773679
0.46968792712013974 0.7953183330773679
0.47372833116054375 0.7953183330773679
0.47776873520094776 0.7953183330773679
0.4818091392413518 0.7953183330773679
0.4858495432817559 0.7953183330773679
0.4898899473221599 0.7953183330773679
0.4939303513625639 0.7953183330773679
0.497970755402968 0.7953183330773679
0.502011159443372 0.7953183330773679
0.5060515634837761 0.7953183330773679
0.5100919675241801 0.7953183330773679
0.5141323715645841 0.7953183330773679
0.5181727756049882 0.7953183330773679
0.5222131796453922 0.7953183330773679
0.5262535836857962 0.7953183330773679
0.5302939877262003 0.7953183330773679
0.5343343917666044 0.7953183330773679
0.5383747958070084 0.7953183330773679
0.5424151998474125 0.7953183330773679
0.5464556038878164 0.7953183330773679
0.5504960079282205 0.7953183330773679
0.5545364119686245 0.7953183330773679
0.5585768160090285 0.7953183330773679
0.5626172200494326 0.7953183330773679
0.5666576240898367 0.7953183330773679
0.5706980281302407 0.7953183330773679
0.5747384321706448 0.7953183330773679
0.5787788362110489 0.7953183330773679
0.5828192402514528 0.7953183330773679
0.5868596442918569 0.7953183330773679
0.5909000483322608 0.7953183330773679
0.5949404523726649 0.7953183330773679
0.598980856413069 0.7953183330773679
0.603021260453473 0.7953183330773679
0.6111020685342812 0.7953183330773679
0.6151424725746851 0.7953183330773679
0.6191828766150892 0.7953183330773679
0.6232232806554932 0.7953183330773679
0.6272636846958972 0.7953183330773679
0.6313040887363013 0.7953183330773679
0.6353444927767053 0.7953183330773679
0.6393848968171094 0.7953183330773679
0.6434253008575135 0.7953183330773679
0.6474657048979175 0.7953183330773679
0.6515061089383215 0.7953183330773679
0.6555465129787256 0.7953183330773679
0.6595869170191295 0.7953183330773679
0.6636273210595336 0.7953183330773679
0.6676677250999377 0.7953183330773679
0.6717081291403417 0.7953183330773679
0.6757485331807458 0.7953183330773679
0.6797889372211499 0.7953183330773679
0.6838293412615538 0.7953183330773679
0.6878697453019579 0.7953183330773679
0.691910149342362 0.7953183330773679
0.6959505533827659 0.7953183330773679
0.69999095742317 0.7953183330773679
0.29999095742317 0.799358737117772
0.304031361463574 0.799358737117772
0.3080717655039781 0.799358737117772
0.31211216954438215 0.799358737117772
0.31615257358478616 0.799358737117772
0.32019297762519017 0.799358737117772
0.32423338166559423 0.799358737117772
0.3282737857059983 0.799358737117772
0.3323141897464023 0.799358737117772
0.3363545937868064 0.799358737117772
0.3403949978272104 0.799358737117772
0.34443540186761445 0.799358737117772
0.3484758059080185 0.799358737117772
0.35251620994842253 0.799358737117772
0.35655661398882654 0.799358737117772
0.3605970180292306 0.799358737117772
0.3646374220696347 0.799358737117772
0.3686778261100387 0.799358737117772
0.3727182301504427 0.799358737117772
0.37675863419084676 0.799358737117772
0.38079903823125083 0.799358737117772
0.38483944227165484 0.799358737117772
0.3888798463120589 0.799358737117772
0.3929202503524629 0.799358737117772
0.396960654392867 0.799358737117772
0.401001058433271 0.799358737117772
0.40504146247367506 0.799358737117772
0.4090818665140791 0.799358737117772
0.41312227055448314 0.799358737117772
0.4171626745948872 0.799358737117772
0.4212030786352912 0.799358737117772
0.42524348267569523 0.799358737117772
0.4292838867160993 0.799358737117772
0.43332429075650336 0.799358737117772
0.43736469479690737 0.799358737117772
0.4414050988373114 0.799358737117772
0.44544550287771545 0.799358737117772
0.4494859069181195 0.799358737117772
0.4535263109585235 0.799358737117772
0.45756671499892754 0.799358737117772
0.4616071190393316 0.799358737117772
0.46564752307973567 0.799358737117772
0.46968792712013974 0.799358737117772
0.47372833116054375 0.799358737117772
0.47776873520094776 0.799358737117772
0.4818091392413518 0.799358737117772
0.4858495432817559 0.799358737117772
0.4898899473221599 0.799358737117772
0.4939303513625639 0.799358737117772
0.497970755402968 0.799358737117772
0.502011159443372 0.799358737117772
0.5060515634837761 0.799358737117772
0.5100919675241801 0.799358737117772
0.5141323715645841 0.799358737117772
0.5181727756049882 0.799358737117772
0.5222131796453922 0.799358737117772
0.5262535836857962 0.799358737117772
0.5302939877262003 0.799358737117772
0.5343343917666044 0.799358737117772
0.5383747958070084 0.799358737117772
0.5424151998474125 0.799358737117772
0.5464556038878164 0.799358737117772
0.5504960079282205 0.799358737117772
0.5545364119686245 0.799358737117772
0.5585768160090285 0.799358737117772
0.5626172200494326 0.799358737117772
0.5666576240898367 0.799358737117772
0.5706980281302407 0.799358737117772
0.5747384321706448 0.799358737117772
0.5787788362110489 0.799358737117772
0.5828192402514528 0.799358737117772
0.5868596442918569 0.799358737117772
0.5909000483322608 0.799358737117772
0.5949404523726649 0.799358737117772
0.6070616644938771 0.799358737117772
0.6111020685342812 0.799358737117772
0.6151424725746851 0.799358737117772
0.6191828766150892 0.799358737117772
0.6232232806554932 0.799358737117772
0.6272636846958972 0.799358737117772
0.6313040887363013 0.799358737117772
0.6353444927767053 0.799358737117772
0.6393848968171094 0.799358737117772
0.6434253008575135 0.799358737117772
0.6474657048979175 0.799358737117772
0.6515061089383215 0.799358737117772
0.6555465129787256 0.799358737117772
0.6595869170191295 0.799358737117772
0.6636273210595336 0.799358737117772
0.6676677250999377 0.799358737117772
0.6717081291403417 0.799358737117772
0.6757485331807458 0.799358737117772
0.6797889372211499 0.799358737117772
0.6838293412615538 0.799358737117772
0.6878697453019579 0.799358737117772
0.691910149342362 0.799358737117772
0.6959505533827659 0.799358737117772
0.69999095742317 0.799358737117772
0.29999095742317 0.803399141158176
0.304031361463574 0.803399141158176
0.3080717655039781 0.803399141158176
0.31211216954438215 0.803399141158176
0.31615257358478616 0.803399141158176
0.32019297762519017 0.803399141158176
0.32423338166559423 0.803399141158176
0.3282737857059983 0.803399141158176
0.3323141897464023 0.803399141158176
0.3363545937868064 0.803399141158176
0.3403949978272104 0.803399141158176
0.34443540186761445 0.803399141158176
0.3484758059080185 0.803399141158176
0.35251620994842253 0.803399141158176
0.35655661398882654 0.803399141158176
0.3605970180292306 0.803399141158176
0.3646374220696347 0.803399141158176
0.3686778261100387 0.803399141158176
0.3727182301504427 0.803399141158176
0.37675863419084676 0.803399141158176
0.38079903823125083 0.803399141158176
0.38483944227165484 0.803399141158176
0.3888798463120589 0.803399141158176
0.3929202503524629 0.803399141158176
0.396960654392867 0.803399141158176
0.401001058433271 0.803399141158176
0.40504146247367506 0.803399141158176
0.4090818665140791 0.803399141158176
0.41312227055448314 0.803399141158176
0.4171626745948872 0.803399141158176
0.4212030786352912 0.803399141158176
0.42524348267569523 0.803399141158176
0.4292838867160993 0.803399141158176
0.43332429075650336 0.803399141158176
0.43736469479690737 0.803399141158176
0.4414050988373114 0.803399141158176
0.44544550287771545 0.803399141158176
0.4494859069181195 0.803399141158176
0.4535263109585235 0.803399141158176
0.45756671499892754 0.803399141158176
0.4616071190393316 0.803399141158176
0.46564752307973567 0.803399141158176
0.46968792712013974 0.803399141158176
0.47372833116054375 0.803399141158176
0.47776873520094776 0.803399141158176
0.4818091392413518 0.803399141158176
0.4858495432817559 0.803399141158176
0.4898899473221599 0.803399141158176
0.4939303513625639 0.803399141158176
0.497970755402968 0.803399141158176
0.502011159443372 0.803399141158176
0.5060515634837761 0.803399141158176
0.5100919675241801 0.803399141158176
0.5141323715645841 0.803399141158176
0.5181727756049882 0.803399141158176
0.5222131796453922 0.803399141158176
0.5262535836857962 0.803399141158176
0.5302939877262003 0.803399141158176
0.5343343917666044 0.803399141158176
0.5383747958070084 0.803399141158176
0.5424151998474125 0.803399141158176
0.5464556038878164 0.803399141158176
0.5504960079282205 0.803399141158176
0.5545364119686245 0.803399141158176
0.5585768160090285 0.803399141158176
0.5626172200494326 0.803399141158176
0.5666576240898367 0.803399141158176
0.5706980281302407 0.803399141158176
0.5747384321706448 0.803399141158176
0.5787788362110489 0.803399141158176
0.5828192402514528 0.803399141158176
0.5868596442918569 0.803399141158176
0.5909000483322608 0.803399141158176
0.598980856413069 0.803399141158176
0.603021260453473 0.803399141158176
0.6070616644938771 0.803399141158176
0.6111020685342812 0.803399141158176
0.6151424725746851 0.803399141158176
0.6191828766150892 0.803399141158176
0.6232232806554932 0.803399141158176
0.6272636846958972 0.803399141158176
0.6313040887363013 0.803399141158176
0.6353444927767053 0.803399141158176
0.6393848968171094 0.803399141158176
0.6434253008575135 0.803399141158176
0.6474657048979175 0.803399141158176
0.6515061089383215 0.803399141158176
0.6555465129787256 0.803399141158176
0.6595869170191295 0.803399141158176
0.6636273210595336 0.803399141158176
0.6676677250999377 0.803399141158176
0.6717081291403417 0.803399141158176
0.6757485331807458 0.803399141158176
0.6797889372211499 0.803399141158176
0.6838293412615538 0.803399141158176
0.6878697453019579 0.803399141158176
0.691910149342362 0.803399141158176
0.6959505533827659 0.803399141158176
0.69999095742317 0.803399141158176
0.29999095742317 0.80743954519858
0.304031361463574 0.80743954519858
0.3080717655039781 0.80743954519858
0.31211216954438215 0.80743954519858
0.31615257358478616 0.80743954519858
0.32019297762519017 0.80743954519858
0.32423338166559423 0.80743954519858
0.3282737857059983 0.80743954519858
0.3323141897464023 0.80743954519858
0.3363545937868064 0.80743954519858
0.3403949978272104 0.80743954519858
0.34443540186761445 0.80743954519858
0.3484758059080185 0.80743954519858
0.35251620994842253 0.80743954519858
0.35655661398882654 0.80743954519858
0.3605970180292306 0.80743954519858
0.3646374220696347 0.80743954519858
0.3686778261100387 0.80743954519858
0.3727182301504427 0.80743954519858
0.37675863419084676 0.80743954519858
0.38079903823125083 0.80743954519858
0.38483944227165484 0.80743954519858
0.3888798463120589 0.80743954519858
0.3929202503524629 0.80743954519858
0.396960654392867 0.80743954519858
0.401001058433271 0.80743954519858
0.40504146247367506 0.80743954519858
0.4090818665140791 0.80743954519858
0.41312227055448314 0.80743954519858
0.4171626745948872 0.80743954519858
0.4212030786352912 0.80743954519858
0.42524348267569523 0.80743954519858
0.4292838867160993 0.80743954519858
0.43332429075650336 0.80743954519858
0.43736469479690737 0.80743954519858
0.4414050988373114 0.80743954519858
0.44544550287771545 0.80743954519858
0.4494859069181195 0.80743954519858
0.4535263109585235 0.80743954519858
0.45756671499892754 0.80743954519858
0.4616071190393316 0.80743954519858
0.46564752307973567 0.80743954519858
0.46968792712013974 0.80743954519858
0.47372833116054375 0.80743954519858
0.47776873520094776 0.80743954519858
0.4818091392413518 0.80743954519858
0.4858495432817559 0.80743954519858
0.4898899473221599 0.80743954519858
0.4939303513625639 0.80743954519858
0.497970755402968 0.80743954519858
0.502011159443372 0.80743954519858
0.5060515634837761 0.80743954519858
0.5100919675241801 0.80743954519858
0.5141323715645841 0.80743954519858
0.5181727756049882 0.80743954519858
0.5222131796453922 0.80743954519858
0.5262535836857962 0.80743954519858
0.5302939877262003 0.80743954519858
0.5343343917666044 0.80743954519858
0.5383747958070084 0.80743954519858
0.5424151998474125 0.80743954519858
0.5464556038878164 0.80743954519858
0.5504960079282205 0.80743954519858
0.5545364119686245 0.80743954519858
0.5585768160090285 0.80743954519858
0.5626172200494326 0.80743954519858
0.5666576240898367 0.80743954519858
0.5706980281302407 0.80743954519858
0.5747384321706448 0.80743954519858
0.5787788362110489 0.80743954519858
0.5828192402514528 0.80743954519858
0.5868596442918569 0.80743954519858
0.5949404523726649 0.80743954519858
0.603021260453473 0.80743954519858
0.6070616644938771 0.80743954519858
0.6111020685342812 0.80743954519858
0.6151424725746851 0.80743954519858
0.6191828766150892 0.80743954519858
0.6232232806554932 0.80743954519858
0.6272636846958972 0.80743954519858
0.6313040887363013 0.80743954519858
0.6353444927767053 0.80743954519858
0.6393848968171094 0.80743954519858
0.6434253008575135 0.80743954519858
0.6474657048979175 0.80743954519858
0.6515061089383215 0.80743954519858
0.6555465129787256 0.80743954519858
0.6595869170191295 0.80743954519858
0.6636273210595336 0.80743954519858
0.6676677250999377 0.80743954519858
0.6717081291403417 0.80743954519858
0.6757485331807458 0.80743954519858
0.6797889372211499 0.80743954519858
0.6838293412615538 0.80743954519858
0.6878697453019579 0.80743954519858
0.691910149342362 0.80743954519858
0.6959505533827659 0.80743954519858
0.69999095742317 0.80743954519858
0.29999095742317 0.811479949238984
0.304031361463574 0.811479949238984
0.3080717655039781 0.811479949238984
0.31211216954438215 0.811479949238984
0.31615257358478616 0.811479949238984
0.32019297762519017 0.811479949238984
0.32423338166559423 0.811479949238984
0.3282737857059983 0.811479949238984
0.3323141897464023 0.811479949238984
0.3363545937868064 0.811479949238984
0.3403949978272104 0.811479949238984
0.34443540186761445 0.811479949238984
0.3484758059080185 0.811479949238984
0.35251620994842253 0.811479949238984
0.35655661398882654 0.811479949238984
0.3605970180292306 0.811479949238984
0.3646374220696347 0.811479949238984
0.3686778261100387 0.811479949238984
0.3727182301504427 0.811479949238984
0.37675863419084676 0.811479949238984
0.38079903823125083 0.811479949238984
0.38483944227165484 0.811479949238984
0.3888798463120589 0.811479949238984
0.3929202503524629 0.811479949238984
0.396960654392867 0.811479949238984
0.401001058433271 0.811479949238984
0.40504146247367506 0.811479949238984
0.4090818665140791 0.811479949238984
0.41312227055448314 0.811479949238984
0.4171626745948872 0.811479949238984
0.4212030786352912 0.811479949238984
0.42524348267569523 0.811479949238984
0.4292838867160993 0.811479949238984
0.43332429075650336 0.811479949238984
0.43736469479690737 0.811479949238984
0.4414050988373114 0.811479949238984
0.44544550287771545 0.811479949238984
0.4494859069181195 0.811479949238984
0.4535263109585235 0.811479949238984
0.45756671499892754 0.811479949238984
0.4616071190393316 0.811479949238984
0.46564752307973567 0.811479949238984
0.46968792712013974 0.811479949238984
0.47372833116054375 0.811479949238984
0.47776873520094776 0.811479949238984
0.4818091392413518 0.811479949238984
0.4858495432817559 0.811479949238984
0.4898899473221599 0.811479949238984
0.4939303513625639 0.811479949238984
0.497970755402968 0.811479949238984
0.502011159443372 0.811479949238984
0.5060515634837761 0.811479949238984
0.5100919675241801 0.811479949238984
0.5141323715645841 0.811479949238984
0.5181727756049882 0.811479949238984
0.5222131796453922 0.811479949238984
0.5262535836857962 0.811479949238984
0.5302939877262003 0.811479949238984
0.5343343917666044 0.811479949238984
0.5383747958070084 0.811479949238984
0.5424151998474125 0.811479949238984
0.5464556038878164 0.811479949238984
0.5504960079282205 0.811479949238984
0.5545364119686245 0.811479949238984
0.5585768160090285 0.811479949238984
0.5626172200494326 0.811479949238984
0.5666576240898367 0.811479949238984
0.5706980281302407 0.811479949238984
0.5747384321706448 0.811479949238984
0.5787788362110489 0.811479949238984
0.5909000483322608 0.811479949238984
0.5949404523726649 0.811479949238984
0.598980856413069 0.811479949238984
0.603021260453473 0.811479949238984
0.6070616644938771 0.811479949238984
0.6111020685342812 0.811479949238984
0.6151424725746851 0.811479949238984
0.6191828766150892 0.811479949238984
0.6232232806554932 0.811479949238984
0.6272636846958972 0.811479949238984
0.6313040887363013 0.811479949238984
0.6353444927767053 0.811479949238984
0.6393848968171094 0.811479949238984
0.6434253008575135 0.811479949238984
0.6474657048979175 0.811479949238984
0.6515061089383215 0.811479949238984
0.6555465129787256 0.811479949238984
0.6595869170191295 0.811479949238984
0.6636273210595336 0.811479949238984
0.6676677250999377 0.811479949238984
0.6717081291403417 0.811479949238984
0.6757485331807458 0.811479949238984
0.6797889372211499 0.811479949238984
0.6838293412615538 0.811479949238984
0.6878697453019579 0.811479949238984
0.691910149342362 0.811479949238984
0.6959505533827659 0.811479949238984
0.69999095742317 0.811479949238984
0.29999095742317 0.8155203532793881
0.304031361463574 0.8155203532793881
0.3080717655039781 0.8155203532793881
0.31211216954438215 0.8155203532793881
0.31615257358478616 0.8155203532793881
0.32019297762519017 0.8155203532793881
0.32423338166559423 0.8155203532793881
0.3282737857059983 0.8155203532793881
0.3323141897464023 0.8155203532793881
0.3363545937868064 0.8155203532793881
0.3403949978272104 0.8155203532793881
0.34443540186761445 0.8155203532793881
0.3484758059080185 0.8155203532793881
0.35251620994842253 0.8155203532793881
0.35655661398882654 0.8155203532793881
0.3605970180292306 0.8155203532793881
0.3646374220696347 0.8155203532793881
0.3686778261100387 0.8155203532793881
0.3727182301504427 0.8155203532793881
0.37675863419084676 0.8155203532793881
0.38079903823125083 0.8155203532793881
0.38483944227165484 0.8155203532793881
0.3888798463120589 0.8155203532793881
0.3929202503524629 0.8155203532793881
0.396960654392867 0.8155203532793881
0.401001058433271 0.8155203532793881
0.40504146247367506 0.8155203532793881
0.4090818665140791 0.8155203532793881
0.41312227055448314 0.8155203532793881
0.4171626745948872 0.8155203532793881
0.4212030786352912 0.8155203532793881
0.42524348267569523 0.8155203532793881
0.4292838867160993 0.8155203532793881
0.43332429075650336 0.8155203532793881
0.43736469479690737 0.8155203532793881
0.4414050988373114 0.8155203532793881
0.44544550287771545 0.8155203532793881
0.4494859069181195 0.8155203532793881
0.4535263109585235 0.8155203532793881
0.45756671499892754 0.8155203532793881
0.4616071190393316 0.8155203532793881
0.46564752307973567 0.8155203532793881
0.46968792712013974 0.8155203532793881
0.47372833116054375 0.8155203532793881
0.47776873520094776 0.8155203532793881
0.4818091392413518 0.8155203532793881
0.4858495432817559 0.8155203532793881
0.4898899473221599 0.8155203532793881
0.4939303513625639 0.8155203532793881
0.497970755402968 0.8155203532793881
0.502011159443372 0.8155203532793881
0.5060515634837761 0.8155203532793881
0.5100919675241801 0.8155203532793881
0.5141323715645841 0.8155203532793881
0.5181727756049882 0.8155203532793881
0.5222131796453922 0.8155203532793881
0.5262535836857962 0.8155203532793881
0.5302939877262003 0.8155203532793881
0.5343343917666044 0.8155203532793881
0.5383747958070084 0.8155203532793881
0.5424151998474125 0.8155203532793881
0.5464556038878164 0.8155203532793881
0.5504960079282205 0.8155203532793881
0.5545364119686245 0.8155203532793881
0.5585768160090285 0.8155203532793881
0.5626172200494326 0.8155203532793881
0.5666576240898367 0.8155203532793881
0.5706980281302407 0.8155203532793881
0.5747384321706448 0.8155203532793881
0.5828192402514528 0.8155203532793881
0.5868596442918569 0.8155203532793881
0.5909000483322608 0.8155203532793881
0.5949404523726649 0.8155203532793881
0.603021260453473 0.8155203532793881
0.6070616644938771 0.8155203532793881
0.6111020685342812 0.8155203532793881
0.6151424725746851 0.8155203532793881
0.6191828766150892 0.8155203532793881
0.6232232806554932 0.8155203532793881
0.6272636846958972 0.8155203532793881
0.6313040887363013 0.8155203532793881
0.6353444927767053 0.8155203532793881
0.6393848968171094 0.8155203532793881
0.6434253008575135 0.8155203532793881
0.6474657048979175 0.8155203532793881
0.6515061089383215 0.8155203532793881
0.6555465129787256 0.8155203532793881
0.6595869170191295 0.8155203532793881
0.6636273210595336 0.8155203532793881
0.6676677250999377 0.8155203532793881
0.6717081291403417 0.8155203532793881
0.6757485331807458 0.8155203532793881
0.6797889372211499 0.8155203532793881
0.6838293412615538 0.8155203532793881
0.6878697453019579 0.8155203532793881
0.691910149342362 0.8155203532793881
0.6959505533827659 0.8155203532793881
0.69999095742317 0.8155203532793881
0.29999095742317 0.819560757319792
0.304031361463574 0.819560757319792
0.3080717655039781 0.819560757319792
0.31211216954438215 0.819560757319792
0.31615257358478616 0.819560757319792
0.32019297762519017 0.819560757319792
0.32423338166559423 0.819560757319792
0.3282737857059983 0.819560757319792
0.3323141897464023 0.819560757319792
0.3363545937868064 0.819560757319792
0.3403949978272104 0.819560757319792
0.34443540186761445 0.819560757319792
0.3484758059080185 0.819560757319792
0.35251620994842253 0.819560757319792
0.35655661398882654 0.819560757319792
0.3605970180292306 0.819560757319792
0.3646374220696347 0.819560757319792
0.3686778261100387 0.819560757319792
0.3727182301504427 0.819560757319792
0.37675863419084676 0.819560757319792
0.38079903823125083 0.819560757319792
0.38483944227165484 0.819560757319792
0.3888798463120589 0.819560757319792
0.3929202503524629 0.819560757319792
0.396960654392867 0.819560757319792
0.401001058433271 0.819560757319792
0.40504146247367506 0.819560757319792
0.4090818665140791 0.819560757319792
0.41312227055448314 0.819560757319792
0.4171626745948872 0.819560757319792
0.4212030786352912 0.819560757319792
0.42524348267569523 0.819560757319792
0.4292838867160993 0.819560757319792
0.43332429075650336 0.819560757319792
0.43736469479690737 0.819560757319792
0.4414050988373114 0.819560757319792
0.44544550287771545 0.819560757319792
0.4494859069181195 0.819560757319792
0.4535263109585235 0.819560757319792
0.45756671499892754 0.819560757319792
0.4616071190393316 0.819560757319792
0.46564752307973567 0.819560757319792
0.46968792712013974 0.819560757319792
0.47372833116054375 0.819560757319792
0.47776873520094776 0.819560757319792
0.4818091392413518 0.819560757319792
0.4858495432817559 0.819560757319792
0.4898899473221599 0.819560757319792
0.4939303513625639 0.819560757319792
0.497970755402968 0.819560757319792
0.502011159443372 0.819560757319792
0.5060515634837761 0.819560757319792
0.5100919675241801 0.819560757319792
0.5141323715645841 0.819560757319792
0.5181727756049882 0.819560757319792
0.5222131796453922 0.819560757319792
0.5262535836857962 0.819560757319792
0.5302939877262003 0.819560757319792
0.5343343917666044 0.819560757319792
0.5383747958070084 0.819560757319792
0.5424151998474125 0.819560757319792
0.5464556038878164 0.819560757319792
0.5504960079282205 0.819560757319792
0.5545364119686245 0.819560757319792
0.5585768160090285 0.819560757319792
0.5626172200494326 0.819560757319792
0.5666576240898367 0.819560757319792
0.5706980281302407 0.819560757319792
0.5787788362110489 0.819560757319792
0.5828192402514528 0.819560757319792
0.5868596442918569 0.819560757319792
0.5909000483322608 0.819560757319792
0.5949404523726649 0.819560757319792
0.598980856413069 0.819560757319792
0.603021260453473 0.819560757319792
0.6070616644938771 0.819560757319792
0.6111020685342812 0.819560757319792
0.6151424725746851 0.819560757319792
0.6191828766150892 0.819560757319792
0.6232232806554932 0.819560757319792
0.6272636846958972 0.819560757319792
0.6313040887363013 0.819560757319792
0.6353444927767053 0.819560757319792
0.6393848968171094 0.819560757319792
0.6434253008575135 0.819560757319792
0.6474657048979175 0.819560757319792
0.6515061089383215 0.819560757319792
0.6555465129787256 0.819560757319792
0.6595869170191295 0.819560757319792
0.6636273210595336 0.819560757319792
0.6676677250999377 0.819560757319792
0.6717081291403417 0.819560757319792
0.6757485331807458 0.819560757319792
0.6797889372211499 0.819560757319792
0.6838293412615538 0.819560757319792
0.6878697453019579 0.819560757319792
0.691910149342362 0.819560757319792
0.6959505533827659 0.819560757319792
0.69999095742317 0.819560757319792
0.29999095742317 0.8236011613601961
0.304031361463574 0.8236011613601961
0.3080717655039781 0.8236011613601961
0.31211216954438215 0.8236011613601961
0.31615257358478616 0.8236011613601961
0.32019297762519017 0.8236011613601961
0.32423338166559423 0.8236011613601961
0.3282737857059983 0.8236011613601961
0.3323141897464023 0.8236011613601961
0.3363545937868064 0.8236011613601961
0.3403949978272104 0.8236011613601961
0.34443540186761445 0.8236011613601961
0.3484758059080185 0.8236011613601961
0.35251620994842253 0.8236011613601961
0.35655661398882654 0.8236011613601961
0.3605970180292306 0.8236011613601961
0.3646374220696347 0.8236011613601961
0.3686778261100387 0.8236011613601961
0.3727182301504427 0.8236011613601961
0.37675863419084676 0.8236011613601961
0.38079903823125083 0.8236011613601961
0.38483944227165484 0.8236011613601961
0.3888798463120589 0.8236011613601961
0.3929202503524629 0.8236011613601961
0.396960654392867 0.8236011613601961
0.401001058433271 0.8236011613601961
0.40504146247367506 0.8236011613601961
0.4090818665140791 0.8236011613601961
0.41312227055448314 0.8236011613601961
0.4171626745948872 0.8236011613601961
0.4212030786352912 0.8236011613601961
0.42524348267569523 0.8236011613601961
0.4292838867160993 0.8236011613601961
0.43332429075650336 0.8236011613601961
0.43736469479690737 0.8236011613601961
0.4414050988373114 0.8236011613601961
0.44544550287771545 0.8236011613601961
0.4494859069181195 0.8236011613601961
0.4535263109585235 0.8236011613601961
0.45756671499892754 0.8236011613601961
0.4616071190393316 0.8236011613601961
0.46564752307973567 0.8236011613601961
0.46968792712013974 0.8236011613601961
0.47372833116054375 0.8236011613601961
0.47776873520094776 0.8236011613601961
0.4818091392413518 0.8236011613601961
0.4858495432817559 0.8236011613601961
0.4898899473221599 0.8236011613601961
0.4939303513625639 0.8236011613601961
0.497970755402968 0.8236011613601961
0.502011159443372 0.8236011613601961
0.5060515634837761 0.8236011613601961
0.5100919675241801 0.8236011613601961
0.5141323715645841 0.8236011613601961
0.5181727756049882 0.8236011613601961
0.5222131796453922 0.8236011613601961
0.5262535836857962 0.8236011613601961
0.5302939877262003 0.8236011613601961
0.5343343917666044 0.8236011613601961
0.5383747958070084 0.8236011613601961
0.5424151998474125 0.8236011613601961
0.5464556038878164 0.8236011613601961
0.5504960079282205 0.8236011613601961
0.5545364119686245 0.8236011613601961
0.5585768160090285 0.8236011613601961
0.5626172200494326 0.8236011613601961
0.5706980281302407 0.8236011613601961
0.5747384321706448 0.8236011613601961
0.5787788362110489 0.8236011613601961
0.5828192402514528 0.8236011613601961
0.5868596442918569 0.8236011613601961
0.5909000483322608 0.8236011613601961
0.5949404523726649 0.8236011613601961
0.598980856413069 0.8236011613601961
0.603021260453473 0.8236011613601961
0.6070616644938771 0.8236011613601961
0.6111020685342812 0.8236011613601961
0.6151424725746851 0.8236011613601961
0.6191828766150892 0.8236011613601961
0.6232232806554932 0.8236011613601961
0.6272636846958972 0.8236011613601961
0.6313040887363013 0.8236011613601961
0.6353444927767053 0.8236011613601961
0.6393848968171094 0.8236011613601961
0.6434253008575135 0.8236011613601961
0.6474657048979175 0.8236011613601961
0.6515061089383215 0.8236011613601961
0.6555465129787256 0.8236011613601961
0.6595869170191295 0.8236011613601961
0.6636273210595336 0.8236011613601961
0.6676677250999377 0.8236011613601961
0.6717081291403417 0.8236011613601961
0.6757485331807458 0.8236011613601961
0.6797889372211499 0.8236011613601961
0.6838293412615538 0.8236011613601961
0.6878697453019579 0.8236011613601961
0.691910149342362 0.8236011613601961
0.6959505533827659 0.8236011613601961
0.69999095742317 0.8236011613601961
0.29999095742317 0.8276415654006002
0.304031361463574 0.8276415654006002
0.3080717655039781 0.8276415654006002
0.31211216954438215 0.8276415654006002
0.31615257358478616 0.8276415654006002
0.32019297762519017 0.8276415654006002
0.32423338166559423 0.8276415654006002
0.3282737857059983 0.8276415654006002
0.3323141897464023 0.8276415654006002
0.3363545937868064 0.8276415654006002
0.3403949978272104 0.8276415654006002
0.34443540186761445 0.8276415654006002
0.3484758059080185 0.8276415654006002
0.35251620994842253 0.8276415654006002
0.35655661398882654 0.8276415654006002
0.3605970180292306 0.8276415654006002
0.3646374220696347 0.8276415654006002
0.3686778261100387 0.8276415654006002
0.3727182301504427 0.8276415654006002
0.37675863419084676 0.8276415654006002
0.38079903823125083 0.8276415654006002
0.38483944227165484 0.8276415654006002
0.3888798463120589 0.8276415654006002
0.3929202503524629 0.8276415654006002
0.396960654392867 0.8276415654006002
0.401001058433271 0.8276415654006002
0.40504146247367506 0.8276415654006002
0.4090818665140791 0.8276415654006002
0.41312227055448314 0.8276415654006002
0.4171626745948872 0.8276415654006002
0.4212030786352912 0.8276415654006002
0.42524348267569523 0.8276415654006002
0.4292838867160993 0.8276415654006002
0.43332429075650336 0.8276415654006002
0.43736469479690737 0.8276415654006002
0.4414050988373114 0.8276415654006002
0.44544550287771545 0.8276415654006002
0.4494859069181195 0.8276415654006002
0.4535263109585235 0.8276415654006002
0.45756671499892754 0.8276415654006002
0.4616071190393316 0.8276415654006002
0.46564752307973567 0.8276415654006002
0.46968792712013974 0.8276415654006002
0.47372833116054375 0.8276415654006002
0.47776873520094776 0.8276415654006002
0.4818091392413518 0.8276415654006002
0.4858495432817559 0.8276415654006002
0.4898899473221599 0.8276415654006002
0.4939303513625639 0.8276415654006002
0.497970755402968 0.8276415654006002
0.502011159443372 0.8276415654006002
0.5060515634837761 0.8276415654006002
0.5100919675241801 0.8276415654006002
0.5141323715645841 0.8276415654006002
0.5181727756049882 0.8276415654006002
0.5222131796453922 0.8276415654006002
0.5262535836857962 0.8276415654006002
0.5302939877262003 0.8276415654006002
0.5343343917666044 0.8276415654006002
0.5383747958070084 0.8276415654006002
0.5424151998474125 0.8276415654006002
0.5464556038878164 0.8276415654006002
0.5504960079282205 0.8276415654006002
0.5545364119686245 0.8276415654006002
0.5585768160090285 0.8276415654006002
0.5666576240898367 0.8276415654006002
0.5747384321706448 0.8276415654006002
0.5787788362110489 0.8276415654006002
0.5828192402514528 0.8276415654006002
0.5868596442918569 0.8276415654006002
0.5909000483322608 0.8276415654006002
0.5949404523726649 0.8276415654006002
0.598980856413069 0.8276415654006002
0.603021260453473 0.8276415654006002
0.6070616644938771 0.8276415654006002
0.6111020685342812 0.8276415654006002
0.6151424725746851 0.8276415654006002
0.6191828766150892 0.8276415654006002
0.6232232806554932 0.8276415654006002
0.6272636846958972 0.8276415654006002
0.6313040887363013 0.8276415654006002
0.6353444927767053 0.8276415654006002
0.6393848968171094 0.8276415654006002
0.6434253008575135 0.8276415654006002
0.6474657048979175 0.8276415654006002
0.6515061089383215 0.8276415654006002
0.6555465129787256 0.8276415654006002
0.6595869170191295 0.8276415654006002
0.6636273210595336 0.8276415654006002
0.6676677250999377 0.8276415654006002
0.6717081291403417 0.8276415654006002
0.6757485331807458 0.8276415654006002
0.6797889372211499 0.8276415654006002
0.6838293412615538 0.8276415654006002
0.6878697453019579 0.8276415654006002
0.691910149342362 0.8276415654006002
0.6959505533827659 0.8276415654006002
0.69999095742317 0.8276415654006002
0.29999095742317 0.8316819694410043
0.304031361463574 0.8316819694410043
0.3080717655039781 0.8316819694410043
0.31211216954438215 0.8316819694410043
0.31615257358478616 0.8316819694410043
0.32019297762519017 0.8316819694410043
0.32423338166559423 0.8316819694410043
0.3282737857059983 0.8316819694410043
0.3323141897464023 0.8316819694410043
0.3363545937868064 0.8316819694410043
0.3403949978272104 0.8316819694410043
0.34443540186761445 0.8316819694410043
0.3484758059080185 0.8316819694410043
0.35251620994842253 0.8316819694410043
0.35655661398882654 0.8316819694410043
0.3605970180292306 0.8316819694410043
0.3646374220696347 0.8316819694410043
0.3686778261100387 0.8316819694410043
0.3727182301504427 0.8316819694410043
0.37675863419084676 0.8316819694410043
0.38079903823125083 0.8316819694410043
0.38483944227165484 0.8316819694410043
0.3888798463120589 0.8316819694410043
0.3929202503524629 0.8316819694410043
0.396960654392867 0.8316819694410043
0.401001058433271 0.8316819694410043
0.40504146247367506 0.8316819694410043
0.4090818665140791 0.8316819694410043
0.41312227055448314 0.8316819694410043
0.4171626745948872 0.8316819694410043
0.4212030786352912 0.8316819694410043
0.42524348267569523 0.8316819694410043
0.4292838867160993 0.8316819694410043
0.43332429075650336 0.8316819694410043
0.43736469479690737 0.8316819694410043
0.4414050988373114 0.8316819694410043
0.44544550287771545 0.8316819694410043
0.4494859069181195 0.8316819694410043
0.4535263109585235 0.8316819694410043
0.45756671499892754 0.8316819694410043
0.4616071190393316 0.8316819694410043
0.46564752307973567 0.8316819694410043
0.46968792712013974 0.8316819694410043
0.47372833116054375 0.8316819694410043
0.47776873520094776 0.8316819694410043
0.4818091392413518 0.8316819694410043
0.4858495432817559 0.8316819694410043
0.4898899473221599 0.8316819694410043
0.4939303513625639 0.8316819694410043
0.497970755402968 0.8316819694410043
0.502011159443372 0.8316819694410043
0.5060515634837761 0.8316819694410043
0.5100919675241801 0.8316819694410043
0.5141323715645841 0.8316819694410043
0.5181727756049882 0.8316819694410043
0.5222131796453922 0.8316819694410043
0.5262535836857962 0.8316819694410043
0.5302939877262003 0.8316819694410043
0.5343343917666044 0.8316819694410043
0.5383747958070084 0.8316819694410043
0.5424151998474125 0.8316819694410043
0.5464556038878164 0.8316819694410043
0.5504960079282205 0.8316819694410043
0.5585768160090285 0.8316819694410043
0.5626172200494326 0.8316819694410043
0.5666576240898367 0.8316819694410043
0.5706980281302407 0.8316819694410043
0.5747384321706448 0.8316819694410043
0.5787788362110489 0.8316819694410043
0.5828192402514528 0.8316819694410043
0.5868596442918569 0.8316819694410043
0.5909000483322608 0.8316819694410043
0.5949404523726649 0.8316819694410043
0.598980856413069 0.8316819694410043
0.603021260453473 0.8316819694410043
0.6070616644938771 0.8316819694410043
0.6111020685342812 0.8316819694410043
0.6151424725746851 0.8316819694410043
0.6191828766150892 0.8316819694410043
0.6232232806554932 0.8316819694410043
0.6272636846958972 0.8316819694410043
0.6313040887363013 0.8316819694410043
0.6353444927767053 0.8316819694410043
0.6393848968171094 0.8316819694410043
0.6434253008575135 0.8316819694410043
0.6474657048979175 0.8316819694410043
0.6515061089383215 0.8316819694410043
0.6555465129787256 0.8316819694410043
0.6595869170191295 0.8316819694410043
0.6636273210595336 0.8316819694410043
0.6676677250999377 0.8316819694410043
0.6717081291403417 0.8316819694410043
0.6757485331807458 0.8316819694410043
0.6797889372211499 0.8316819694410043
0.6838293412615538 0.8316819694410043
0.6878697453019579 0.8316819694410043
0.691910149342362 0.8316819694410043
0.6959505533827659 0.8316819694410043
0.69999095742317 0.8316819694410043
0.29999095742317 0.8357223734814083
0.304031361463574 0.8357223734814083
0.3080717655039781 0.8357223734814083
0.31211216954438215 0.8357223734814083
0.31615257358478616 0.8357223734814083
0.32019297762519017 0.8357223734814083
0.32423338166559423 0.8357223734814083
0.3282737857059983 0.8357223734814083
0.3323141897464023 0.8357223734814083
0.3363545937868064 0.8357223734814083
0.3403949978272104 0.8357223734814083
0.34443540186761445 0.8357223734814083
0.3484758059080185 0.8357223734814083
0.35251620994842253 0.8357223734814083
0.35655661398882654 0.8357223734814083
0.3605970180292306 0.8357223734814083
0.3646374220696347 0.8357223734814083
0.3686778261100387 0.8357223734814083
0.3727182301504427 0.8357223734814083
0.37675863419084676 0.8357223734814083
0.38079903823125083 0.8357223734814083
0.38483944227165484 0.8357223734814083
0.3888798463120589 0.8357223734814083
0.3929202503524629 0.8357223734814083
0.396960654392867 0.8357223734814083
0.401001058433271 0.8357223734814083
0.40504146247367506 0.8357223734814083
0.4090818665140791 0.8357223734814083
0.41312227055448314 0.8357223734814083
0.4171626745948872 0.8357223734814083
0.4212030786352912 0.8357223734814083
0.42524348267569523 0.8357223734814083
0.4292838867160993 0.8357223734814083
0.43332429075650336 0.8357223734814083
0.43736469479690737 0.8357223734814083
0.4414050988373114 0.8357223734814083
0.44544550287771545 0.8357223734814083
0.4494859069181195 0.8357223734814083
0.4535263109585235 0.8357223734814083
0.45756671499892754 0.8357223734814083
0.4616071190393316 0.8357223734814083
0.46564752307973567 0.8357223734814083
0.46968792712013974 0.8357223734814083
0.47372833116054375 0.8357223734814083
0.47776873520094776 0.8357223734814083
0.4818091392413518 0.8357223734814083
0.4858495432817559 0.8357223734814083
0.4898899473221599 0.8357223734814083
0.4939303513625639 0.8357223734814083
0.497970755402968 0.8357223734814083
0.502011159443372 0.8357223734814083
0.5060515634837761 0.8357223734814083
0.5100919675241801 0.8357223734814083
0.5141323715645841 0.8357223734814083
0.5181727756049882 0.8357223734814083
0.5222131796453922 0.8357223734814083
0.5262535836857962 0.8357223734814083
0.5302939877262003 0.8357223734814083
0.5343343917666044 0.8357223734814083
0.5383747958070084 0.8357223734814083
0.5424151998474125 0.8357223734814083
0.5464556038878164 0.8357223734814083
0.5545364119686245 0.8357223734814083
0.5585768160090285 0.8357223734814083
0.5626172200494326 0.8357223734814083
0.5666576240898367 0.8357223734814083
0.5706980281302407 0.8357223734814083
0.5747384321706448 0.8357223734814083
0.5787788362110489 0.8357223734814083
0.5828192402514528 0.8357223734814083
0.5868596442918569 0.8357223734814083
0.5909000483322608 0.8357223734814083
0.5949404523726649 0.8357223734814083
0.598980856413069 0.8357223734814083
0.603021260453473 0.8357223734814083
0.6070616644938771 0.8357223734814083
0.6111020685342812 0.8357223734814083
0.6151424725746851 0.8357223734814083
0.6191828766150892 0.8357223734814083
0.6232232806554932 0.8357223734814083
0.6272636846958972 0.8357223734814083
0.6313040887363013 0.8357223734814083
0.6353444927767053 0.8357223734814083
0.6393848968171094 0.8357223734814083
0.6434253008575135 0.8357223734814083
0.6474657048979175 0.8357223734814083
0.6515061089383215 0.8357223734814083
0.6555465129787256 0.8357223734814083
0.6595869170191295 0.8357223734814083
0.6636273210595336 0.8357223734814083
0.6676677250999377 0.8357223734814083
0.6717081291403417 0.8357223734814083
0.6757485331807458 0.8357223734814083
0.6797889372211499 0.8357223734814083
0.6838293412615538 0.8357223734814083
0.6878697453019579 0.8357223734814083
0.691910149342362 0.8357223734814083
0.6959505533827659 0.8357223734814083
0.69999095742317 0.8357223734814083
0.29999095742317 0.8397627775218124
0.304031361463574 0.8397627775218124
0.3080717655039781 0.8397627775218124
0.31211216954438215 0.8397627775218124
0.31615257358478616 0.8397627775218124
0.32019297762519017 0.8397627775218124
0.32423338166559423 0.8397627775218124
0.3282737857059983 0.8397627775218124
0.3323141897464023 0.8397627775218124
0.3363545937868064 0.8397627775218124
0.3403949978272104 0.8397627775218124
0.34443540186761445 0.8397627775218124
0.3484758059080185 0.8397627775218124
0.35251620994842253 0.8397627775218124
0.35655661398882654 0.8397627775218124
0.3605970180292306 0.8397627775218124
0.3646374220696347 0.8397627775218124
0.3686778261100387 0.8397627775218124
0.3727182301504427 0.8397627775218124
0.37675863419084676 0.8397627775218124
0.38079903823125083 0.8397627775218124
0.38483944227165484 0.8397627775218124
0.3888798463120589 0.8397627775218124
0.3929202503524629 0.8397627775218124
0.396960654392867 0.8397627775218124
0.401001058433271 0.8397627775218124
0.40504146247367506 0.8397627775218124
0.4090818665140791 0.8397627775218124
0.41312227055448314 0.8397627775218124
0.4171626745948872 0.8397627775218124
0.4212030786352912 0.8397627775218124
0.42524348267569523 0.8397627775218124
0.4292838867160993 0.8397627775218124
0.43332429075650336 0.8397627775218124
0.43736469479690737 0.8397627775218124
0.4414050988373114 0.8397627775218124
0.44544550287771545 0.8397627775218124
0.4494859069181195 0.8397627775218124
0.4535263109585235 0.8397627775218124
0.45756671499892754 0.8397627775218124
0.4616071190393316 0.8397627775218124
0.46564752307973567 0.8397627775218124
0.46968792712013974 0.8397627775218124
0.47372833116054375 0.8397627775218124
0.47776873520094776 0.8397627775218124
0.4818091392413518 0.8397627775218124
0.4858495432817559 0.8397627775218124
0.4898899473221599 0.8397627775218124
0.4939303513625639 0.8397627775218124
0.497970755402968 0.8397627775218124
0.502011159443372 0.8397627775218124
0.5060515634837761 0.8397627775218124
0.5100919675241801 0.8397627775218124
0.5141323715645841 0.8397627775218124
0.5181727756049882 0.8397627775218124
0.5222131796453922 0.8397627775218124
0.5262535836857962 0.8397627775218124
0.5302939877262003 0.8397627775218124
0.5343343917666044 0.8397627775218124
0.5383747958070084 0.8397627775218124
0.5464556038878164 0.8397627775218124
0.5504960079282205 0.8397627775218124
0.5545364119686245 0.8397627775218124
0.5585768160090285 0.8397627775218124
0.5626172200494326 0.8397627775218124
0.5666576240898367 0.8397627775218124
0.5706980281302407 0.8397627775218124
0.5747384321706448 0.8397627775218124
0.5787788362110489 0.8397627775218124
0.5828192402514528 0.8397627775218124
0.5868596442918569 0.8397627775218124
0.5909000483322608 0.8397627775218124
0.5949404523726649 0.8397627775218124
0.598980856413069 0.8397627775218124
0.603021260453473 0.8397627775218124
0.6070616644938771 0.8397627775218124
0.6111020685342812 0.8397627775218124
0.6151424725746851 0.8397627775218124
0.6191828766150892 0.8397627775218124
0.6232232806554932 0.8397627775218124
0.6272636846958972 0.8397627775218124
0.6313040887363013 0.8397627775218124
0.6353444927767053 0.8397627775218124
0.6393848968171094 0.8397627775218124
0.6434253008575135 0.8397627775218124
0.6474657048979175 0.8397627775218124
0.6515061089383215 0.8397627775218124
0.6555465129787256 0.8397627775218124
0.6595869170191295 0.8397627775218124
0.6636273210595336 0.8397627775218124
0.6676677250999377 0.8397627775218124
0.6717081291403417 0.8397627775218124
0.6757485331807458 0.8397627775218124
0.6797889372211499 0.8397627775218124
0.6838293412615538 0.8397627775218124
0.6878697453019579 0.8397627775218124
0.691910149342362 0.8397627775218124
0.6959505533827659 0.8397627775218124
0.69999095742317 0.8397627775218124
0.29999095742317 0.8438031815622163
0.304031361463574 0.8438031815622163
0.3080717655039781 0.8438031815622163
0.31211216954438215 0.8438031815622163
0.31615257358478616 0.8438031815622163
0.32019297762519017 0.8438031815622163
0.32423338166559423 0.8438031815622163
0.3282737857059983 0.8438031815622163
0.3323141897464023 0.8438031815622163
0.3363545937868064 0.8438031815622163
0.3403949978272104 0.8438031815622163
0.34443540186761445 0.8438031815622163
0.3484758059080185 0.8438031815622163
0.35251620994842253 0.8438031815622163
0.35655661398882654 0.8438031815622163
0.3605970180292306 0.8438031815622163
0.3646374220696347 0.8438031815622163
0.3686778261100387 0.8438031815622163
0.3727182301504427 0.8438031815622163
0.37675863419084676 0.8438031815622163
0.38079903823125083 0.8438031815622163
0.38483944227165484 0.8438031815622163
0.3888798463120589 0.8438031815622163
0.3929202503524629 0.8438031815622163
0.396960654392867 0.8438031815622163
0.401001058433271 0.8438031815622163
0.40504146247367506 0.8438031815622163
0.4090818665140791 0.8438031815622163
0.41312227055448314 0.8438031815622163
0.4171626745948872 0.8438031815622163
0.4212030786352912 0.8438031815622163
0.42524348267569523 0.8438031815622163
0.4292838867160993 0.8438031815622163
0.43332429075650336 0.8438031815622163
0.43736469479690737 0.8438031815622163
0.4414050988373114 0.8438031815622163
0.44544550287771545 0.8438031815622163
0.4494859069181195 0.8438031815622163
0.4535263109585235 0.8438031815622163
0.45756671499892754 0.8438031815622163
0.4616071190393316 0.8438031815622163
0.46564752307973567 0.8438031815622163
0.46968792712013974 0.8438031815622163
0.47372833116054375 0.8438031815622163
0.47776873520094776 0.8438031815622163
0.4818091392413518 0.8438031815622163
0.4858495432817559 0.8438031815622163
0.4898899473221599 0.8438031815622163
0.4939303513625639 0.8438031815622163
0.497970755402968 0.8438031815622163
0.502011159443372 0.8438031815622163
0.5060515634837761 0.8438031815622163
0.5100919675241801 0.8438031815622163
0.5141323715645841 0.8438031815622163
0.5181727756049882 0.8438031815622163
0.5222131796453922 0.8438031815622163
0.5262535836857962 0.8438031815622163
0.5302939877262003 0.8438031815622163
0.5424151998474125 0.8438031815622163
0.5464556038878164 0.8438031815622163
0.5504960079282205 0.8438031815622163
0.5545364119686245 0.8438031815622163
0.5585768160090285 0.8438031815622163
0.5626172200494326 0.8438031815622163
0.5666576240898367 0.8438031815622163
0.5706980281302407 0.8438031815622163
0.5747384321706448 0.8438031815622163
0.5787788362110489 0.8438031815622163
0.5828192402514528 0.8438031815622163
0.5868596442918569 0.8438031815622163
0.5909000483322608 0.8438031815622163
0.5949404523726649 0.8438031815622163
0.598980856413069 0.8438031815622163
0.603021260453473 0.8438031815622163
0.6070616644938771 0.8438031815622163
0.6111020685342812 0.8438031815622163
0.6151424725746851 0.8438031815622163
0.6191828766150892 0.8438031815622163
0.6232232806554932 0.8438031815622163
0.6272636846958972 0.8438031815622163
0.6313040887363013 0.8438031815622163
0.6353444927767053 0.8438031815622163
0.6393848968171094 0.8438031815622163
0.6434253008575135 0.8438031815622163
0.6474657048979175 0.8438031815622163
0.6515061089383215 0.8438031815622163
0.6555465129787256 0.8438031815622163
0.6595869170191295 0.8438031815622163
0.6636273210595336 0.8438031815622163
0.6676677250999377 0.8438031815622163
0.6717081291403417 0.8438031815622163
0.6757485331807458 0.8438031815622163
0.6797889372211499 0.8438031815622163
0.6838293412615538 0.8438031815622163
0.6878697453019579 0.8438031815622163
0.691910149342362 0.8438031815622163
0.6959505533827659 0.8438031815622163
0.69999095742317 0.8438031815622163
0.29999095742317 0.8478435856026204
0.304031361463574 0.8478435856026204
0.3080717655039781 0.8478435856026204
0.31211216954438215 0.8478435856026204
0.31615257358478616 0.8478435856026204
0.32019297762519017 0.8478435856026204
0.32423338166559423 0.8478435856026204
0.3282737857059983 0.8478435856026204
0.3323141897464023 0.8478435856026204
0.3363545937868064 0.8478435856026204
0.3403949978272104 0.8478435856026204
0.34443540186761445 0.8478435856026204
0.3484758059080185 0.8478435856026204
0.35251620994842253 0.8478435856026204
0.35655661398882654 0.8478435856026204
0.3605970180292306 0.8478435856026204
0.3646374220696347 0.8478435856026204
0.3686778261100387 0.8478435856026204
0.3727182301504427 0.8478435856026204
0.37675863419084676 0.8478435856026204
0.38079903823125083 0.8478435856026204
0.38483944227165484 0.8478435856026204
0.3888798463120589 0.8478435856026204
0.3929202503524629 0.8478435856026204
0.396960654392867 0.8478435856026204
0.401001058433271 0.8478435856026204
0.40504146247367506 0.8478435856026204
0.4090818665140791 0.8478435856026204
0.41312227055448314 0.8478435856026204
0.4171626745948872 0.8478435856026204
0.4212030786352912 0.8478435856026204
0.42524348267569523 0.8478435856026204
0.4292838867160993 0.8478435856026204
0.43332429075650336 0.8478435856026204
0.43736469479690737 0.8478435856026204
0.4414050988373114 0.8478435856026204
0.44544550287771545 0.8478435856026204
0.4494859069181195 0.8478435856026204
0.4535263109585235 0.8478435856026204
0.45756671499892754 0.8478435856026204
0.4616071190393316 0.8478435856026204
0.46564752307973567 0.8478435856026204
0.46968792712013974 0.8478435856026204
0.47372833116054375 0.8478435856026204
0.47776873520094776 0.8478435856026204
0.4818091392413518 0.8478435856026204
0.4858495432817559 0.8478435856026204
0.4898899473221599 0.8478435856026204
0.4939303513625639 0.8478435856026204
0.497970755402968 0.8478435856026204
0.502011159443372 0.8478435856026204
0.5060515634837761 0.8478435856026204
0.5100919675241801 0.8478435856026204
0.5141323715645841 0.8478435856026204
0.5181727756049882 0.8478435856026204
0.5222131796453922 0.8478435856026204
0.5262535836857962 0.8478435856026204
0.5343343917666044 0.8478435856026204
0.5383747958070084 0.8478435856026204
0.5424151998474125 0.8478435856026204
0.5464556038878164 0.8478435856026204
0.5504960079282205 0.8478435856026204
0.5545364119686245 0.8478435856026204
0.5585768160090285 0.8478435856026204
0.5626172200494326 0.8478435856026204
0.5666576240898367 0.8478435856026204
0.5706980281302407 0.8478435856026204
0.5747384321706448 0.8478435856026204
0.5787788362110489 0.8478435856026204
0.5828192402514528 0.8478435856026204
0.5868596442918569 0.8478435856026204
0.5909000483322608 0.8478435856026204
0.5949404523726649 0.8478435856026204
0.598980856413069 0.8478435856026204
0.603021260453473 0.8478435856026204
0.6070616644938771 0.8478435856026204
0.6111020685342812 0.8478435856026204
0.6151424725746851 0.8478435856026204
0.6191828766150892 0.8478435856026204
0.6232232806554932 0.8478435856026204
0.6272636846958972 0.8478435856026204
0.6313040887363013 0.8478435856026204
0.6353444927767053 0.8478435856026204
0.6393848968171094 0.8478435856026204
0.6434253008575135 0.8478435856026204
0.6474657048979175 0.8478435856026204
0.6515061089383215 0.8478435856026204
0.6555465129787256 0.8478435856026204
0.6595869170191295 0.8478435856026204
0.6636273210595336 0.8478435856026204
0.6676677250999377 0.8478435856026204
0.6717081291403417 0.8478435856026204
0.6757485331807458 0.8478435856026204
0.6797889372211499 0.8478435856026204
0.6838293412615538 0.8478435856026204
0.6878697453019579 0.8478435856026204
0.691910149342362 0.8478435856026204
0.6959505533827659 0.8478435856026204
0.69999095742317 0.8478435856026204
0.29999095742317 0.8518839896430245
0.304031361463574 0.8518839896430245
0.3080717655039781 0.8518839896430245
0.31211216954438215 0.8518839896430245
0.31615257358478616 0.8518839896430245
0.32019297762519017 0.8518839896430245
0.32423338166559423 0.8518839896430245
0.3282737857059983 0.8518839896430245
0.3323141897464023 0.8518839896430245
0.3363545937868064 0.8518839896430245
0.3403949978272104 0.8518839896430245
0.34443540186761445 0.8518839896430245
0.3484758059080185 0.8518839896430245
0.35251620994842253 0.8518839896430245
0.35655661398882654 0.8518839896430245
0.3605970180292306 0.8518839896430245
0.3646374220696347 0.8518839896430245
0.3686778261100387 0.8518839896430245
0.3727182301504427 0.8518839896430245
0.37675863419084676 0.8518839896430245
0.38079903823125083 0.8518839896430245
0.38483944227165484 0.8518839896430245
0.3888798463120589 0.8518839896430245
0.3929202503524629 0.8518839896430245
0.396960654392867 0.8518839896430245
0.401001058433271 0.8518839896430245
0.40504146247367506 0.8518839896430245
0.4090818665140791 0.8518839896430245
0.41312227055448314 0.8518839896430245
0.4171626745948872 0.8518839896430245
0.4212030786352912 0.8518839896430245
0.42524348267569523 0.8518839896430245
0.4292838867160993 0.8518839896430245
0.43332429075650336 0.8518839896430245
0.43736469479690737 0.8518839896430245
0.4414050988373114 0.8518839896430245
0.44544550287771545 0.8518839896430245
0.4494859069181195 0.8518839896430245
0.4535263109585235 0.8518839896430245
0.45756671499892754 0.8518839896430245
0.4616071190393316 0.8518839896430245
0.46564752307973567 0.8518839896430245
0.46968792712013974 0.8518839896430245
0.47372833116054375 0.8518839896430245
0.47776873520094776 0.8518839896430245
0.4818091392413518 0.8518839896430245
0.4858495432817559 0.8518839896430245
0.4898899473221599 0.8518839896430245
0.4939303513625639 0.8518839896430245
0.497970755402968 0.8518839896430245
0.502011159443372 0.8518839896430245
0.5060515634837761 0.8518839896430245
0.5100919675241801 0.8518839896430245
0.5141323715645841 0.8518839896430245
0.5181727756049882 0.8518839896430245
0.5302939877262003 0.8518839896430245
0.5383747958070084 0.8518839896430245
0.5424151998474125 0.8518839896430245
0.5464556038878164 0.8518839896430245
0.5504960079282205 0.8518839896430245
0.5545364119686245 0.8518839896430245
0.5585768160090285 0.8518839896430245
0.5626172200494326 0.8518839896430245
0.5666576240898367 0.8518839896430245
0.5706980281302407 0.8518839896430245
0.5747384321706448 0.8518839896430245
0.5787788362110489 0.8518839896430245
0.5828192402514528 0.8518839896430245
0.5868596442918569 0.8518839896430245
0.5909000483322608 0.8518839896430245
0.5949404523726649 0.8518839896430245
0.598980856413069 0.8518839896430245
0.603021260453473 0.8518839896430245
0.6070616644938771 0.8518839896430245
0.6111020685342812 0.8518839896430245
0.6151424725746851 0.8518839896430245
0.6191828766150892 0.8518839896430245
0.6232232806554932 0.8518839896430245
0.6272636846958972 0.8518839896430245
0.6313040887363013 0.8518839896430245
0.6353444927767053 0.8518839896430245
0.6393848968171094 0.8518839896430245
0.6434253008575135 0.8518839896430245
0.6474657048979175 0.8518839896430245
0.6515061089383215 0.8518839896430245
0.6555465129787256 0.8518839896430245
0.6595869170191295 0.8518839896430245
0.6636273210595336 0.8518839896430245
0.6676677250999377 0.8518839896430245
0.6717081291403417 0.8518839896430245
0.6757485331807458 0.8518839896430245
0.6797889372211499 0.8518839896430245
0.6838293412615538 0.8518839896430245
0.6878697453019579 0.8518839896430245
0.691910149342362 0.8518839896430245
0.6959505533827659 0.8518839896430245
0.69999095742317 0.8518839896430245
0.29999095742317 0.8559243936834284
0.304031361463574 0.8559243936834284
0.3080717655039781 0.8559243936834284
0.31211216954438215 0.8559243936834284
0.31615257358478616 0.8559243936834284
0.32019297762519017 0.8559243936834284
0.32423338166559423 0.8559243936834284
0.3282737857059983 0.8559243936834284
0.3323141897464023 0.8559243936834284
0.3363545937868064 0.8559243936834284
0.3403949978272104 0.8559243936834284
0.34443540186761445 0.8559243936834284
0.3484758059080185 0.8559243936834284
0.35251620994842253 0.8559243936834284
0.35655661398882654 0.8559243936834284
0.3605970180292306 0.8559243936834284
0.3646374220696347 0.8559243936834284
0.3686778261100387 0.8559243936834284
0.3727182301504427 0.8559243936834284
0.37675863419084676 0.8559243936834284
0.38079903823125083 0.8559243936834284
0.38483944227165484 0.8559243936834284
0.3888798463120589 0.8559243936834284
0.3929202503524629 0.8559243936834284
0.396960654392867 0.8559243936834284
0.401001058433271 0.8559243936834284
0.40504146247367506 0.8559243936834284
0.4090818665140791 0.8559243936834284
0.41312227055448314 0.8559243936834284
0.4171626745948872 0.8559243936834284
0.4212030786352912 0.8559243936834284
0.42524348267569523 0.8559243936834284
0.4292838867160993 0.8559243936834284
0.43332429075650336 0.8559243936834284
0.43736469479690737 0.8559243936834284
0.4414050988373114 0.8559243936834284
0.44544550287771545 0.8559243936834284
0.4494859069181195 0.8559243936834284
0.4535263109585235 0.8559243936834284
0.45756671499892754 0.8559243936834284
0.4616071190393316 0.8559243936834284
0.46564752307973567 0.8559243936834284
0.46968792712013974 0.8559243936834284
0.47372833116054375 0.8559243936834284
0.47776873520094776 0.8559243936834284
0.4818091392413518 0.8559243936834284
0.4858495432817559 0.8559243936834284
0.4898899473221599 0.8559243936834284
0.4939303513625639 0.8559243936834284
0.497970755402968 0.8559243936834284
0.502011159443372 0.8559243936834284
0.5060515634837761 0.8559243936834284
0.5100919675241801 0.8559243936834284
0.5141323715645841 0.8559243936834284
0.5222131796453922 0.8559243936834284
0.5262535836857962 0.8559243936834284
0.5302939877262003 0.8559243936834284
0.5343343917666044 0.8559243936834284
0.5383747958070084 0.8559243936834284
0.5424151998474125 0.8559243936834284
0.5464556038878164 0.8559243936834284
0.5504960079282205 0.8559243936834284
0.5545364119686245 0.8559243936834284
0.5585768160090285 0.8559243936834284
0.5626172200494326 0.8559243936834284
0.5666576240898367 0.8559243936834284
0.5706980281302407 0.8559243936834284
0.5747384321706448 0.8559243936834284
0.5787788362110489 0.8559243936834284
0.5828192402514528 0.8559243936834284
0.5868596442918569 0.8559243936834284
0.5909000483322608 0.8559243936834284
0.5949404523726649 0.8559243936834284
0.598980856413069 0.8559243936834284
0.603021260453473 0.8559243936834284
0.6070616644938771 0.8559243936834284
0.6111020685342812 0.8559243936834284
0.6151424725746851 0.8559243936834284
0.6191828766150892 0.8559243936834284
0.6232232806554932 0.8559243936834284
0.6272636846958972 0.8559243936834284
0.6313040887363013 0.8559243936834284
0.6353444927767053 0.8559243936834284
0.6393848968171094 0.8559243936834284
0.6434253008575135 0.8559243936834284
0.6474657048979175 0.8559243936834284
0.6515061089383215 0.8559243936834284
0.6555465129787256 0.8559243936834284
0.6595869170191295 0.8559243936834284
0.6636273210595336 0.8559243936834284
0.6676677250999377 0.8559243936834284
0.6717081291403417 0.8559243936834284
0.6757485331807458 0.8559243936834284
0.6797889372211499 0.8559243936834284
0.6838293412615538 0.8559243936834284
0.6878697453019579 0.8559243936834284
0.691910149342362 0.8559243936834284
0.6959505533827659 0.8559243936834284
0.69999095742317 0.8559243936834284
0.29999095742317 0.8599647977238325
0.304031361463574 0.8599647977238325
0.3080717655039781 0.8599647977238325
0.31211216954438215 0.8599647977238325
0.31615257358478616 0.8599647977238325
0.32019297762519017 0.8599647977238325
0.32423338166559423 0.8599647977238325
0.3282737857059983 0.8599647977238325
0.3323141897464023 0.8599647977238325
0.3363545937868064 0.8599647977238325
0.3403949978272104 0.8599647977238325
0.34443540186761445 0.8599647977238325
0.3484758059080185 0.8599647977238325
0.35251620994842253 0.8599647977238325
0.35655661398882654 0.8599647977238325
0.3605970180292306 0.8599647977238325
0.3646374220696347 0.8599647977238325
0.3686778261100387 0.8599647977238325
0.3727182301504427 0.8599647977238325
0.37675863419084676 0.8599647977238325
0.38079903823125083 0.8599647977238325
0.38483944227165484 0.8599647977238325
0.3888798463120589 0.8599647977238325
0.3929202503524629 0.8599647977238325
0.396960654392867 0.8599647977238325
0.401001058433271 0.8599647977238325
0.40504146247367506 0.8599647977238325
0.4090818665140791 0.8599647977238325
0.41312227055448314 0.8599647977238325
0.4171626745948872 0.8599647977238325
0.4212030786352912 0.8599647977238325
0.42524348267569523 0.8599647977238325
0.4292838867160993 0.8599647977238325
0.43332429075650336 0.8599647977238325
0.43736469479690737 0.8599647977238325
0.4414050988373114 0.8599647977238325
0.44544550287771545 0.8599647977238325
0.4494859069181195 0.8599647977238325
0.4535263109585235 0.8599647977238325
0.45756671499892754 0.8599647977238325
0.4616071190393316 0.8599647977238325
0.46564752307973567 0.8599647977238325
0.46968792712013974 0.8599647977238325
0.47372833116054375 0.8599647977238325
0.47776873520094776 0.8599647977238325
0.4818091392413518 0.8599647977238325
0.4858495432817559 0.8599647977238325
0.4898899473221599 0.8599647977238325
0.4939303513625639 0.8599647977238325
0.497970755402968 0.8599647977238325
0.502011159443372 0.8599647977238325
0.5060515634837761 0.8599647977238325
0.5141323715645841 0.8599647977238325
0.5181727756049882 0.8599647977238325
0.5222131796453922 0.8599647977238325
0.5262535836857962 0.8599647977238325
0.5302939877262003 0.8599647977238325
0.5343343917666044 0.8599647977238325
0.5383747958070084 0.8599647977238325
0.5424151998474125 0.8599647977238325
0.5464556038878164 0.8599647977238325
0.5504960079282205 0.8599647977238325
0.5545364119686245 0.8599647977238325
0.5585768160090285 0.8599647977238325
0.5626172200494326 0.8599647977238325
0.5666576240898367 0.8599647977238325
0.5706980281302407 0.8599647977238325
0.5747384321706448 0.8599647977238325
0.5787788362110489 0.8599647977238325
0.5828192402514528 0.8599647977238325
0.5868596442918569 0.8599647977238325
0.5909000483322608 0.8599647977238325
0.5949404523726649 0.8599647977238325
0.598980856413069 0.8599647977238325
0.603021260453473 0.8599647977238325
0.6070616644938771 0.8599647977238325
0.6111020685342812 0.8599647977238325
0.6151424725746851 0.8599647977238325
0.6191828766150892 0.8599647977238325
0.6232232806554932 0.8599647977238325
0.6272636846958972 0.8599647977238325
0.6313040887363013 0.8599647977238325
0.6353444927767053 0.8599647977238325
0.6393848968171094 0.8599647977238325
0.6434253008575135 0.8599647977238325
0.6474657048979175 0.8599647977238325
0.6515061089383215 0.8599647977238325
0.6555465129787256 0.8599647977238325
0.6595869170191295 0.8599647977238325
0.6636273210595336 0.8599647977238325
0.6676677250999377 0.8599647977238325
0.6717081291403417 0.8599647977238325
0.6757485331807458 0.8599647977238325
0.6797889372211499 0.8599647977238325
0.6838293412615538 0.8599647977238325
0.6878697453019579 0.8599647977238325
0.691910149342362 0.8599647977238325
0.6959505533827659 0.8599647977238325
0.69999095742317 0.8599647977238325
0.29999095742317 0.8640052017642366
0.304031361463574 0.8640052017642366
0.3080717655039781 0.8640052017642366
0.31211216954438215 0.8640052017642366
0.31615257358478616 0.8640052017642366
0.32019297762519017 0.8640052017642366
0.32423338166559423 0.8640052017642366
0.3282737857059983 0.8640052017642366
0.3323141897464023 0.8640052017642366
0.3363545937868064 0.8640052017642366
0.3403949978272104 0.8640052017642366
0.34443540186761445 0.8640052017642366
0.3484758059080185 0.8640052017642366
0.35251620994842253 0.8640052017642366
0.35655661398882654 0.8640052017642366
0.3605970180292306 0.8640052017642366
0.3646374220696347 0.8640052017642366
0.3686778261100387 0.8640052017642366
0.3727182301504427 0.8640052017642366
0.37675863419084676 0.8640052017642366
0.38079903823125083 0.8640052017642366
0.38483944227165484 0.8640052017642366
0.3888798463120589 0.8640052017642366
0.3929202503524629 0.8640052017642366
0.396960654392867 0.8640052017642366
0.401001058433271 0.8640052017642366
0.40504146247367506 0.8640052017642366
0.4090818665140791 0.8640052017642366
0.41312227055448314 0.8640052017642366
0.4171626745948872 0.8640052017642366
0.4212030786352912 0.8640052017642366
0.42524348267569523 0.8640052017642366
0.4292838867160993 0.8640052017642366
0.43332429075650336 0.8640052017642366
0.43736469479690737 0.8640052017642366
0.4414050988373114 0.8640052017642366
0.44544550287771545 0.8640052017642366
0.4494859069181195 0.8640052017642366
0.4535263109585235 0.8640052017642366
0.45756671499892754 0.8640052017642366
0.4616071190393316 0.8640052017642366
0.46564752307973567 0.8640052017642366
0.46968792712013974 0.8640052017642366
0.47372833116054375 0.8640052017642366
0.47776873520094776 0.8640052017642366
0.4818091392413518 0.8640052017642366
0.4858495432817559 0.8640052017642366
0.4898899473221599 0.8640052017642366
0.4939303513625639 0.8640052017642366
0.497970755402968 0.8640052017642366
0.5100919675241801 0.8640052017642366
0.5141323715645841 0.8640052017642366
0.5181727756049882 0.8640052017642366
0.5222131796453922 0.8640052017642366
0.5262535836857962 0.8640052017642366
0.5302939877262003 0.8640052017642366
0.5343343917666044 0.8640052017642366
0.5383747958070084 0.8640052017642366
0.5424151998474125 0.8640052017642366
0.5464556038878164 0.8640052017642366
0.5504960079282205 0.8640052017642366
0.5545364119686245 0.8640052017642366
0.5585768160090285 0.8640052017642366
0.5626172200494326 0.8640052017642366
0.5666576240898367 0.8640052017642366
0.5706980281302407 0.8640052017642366
0.5747384321706448 0.8640052017642366
0.5787788362110489 0.8640052017642366
0.5828192402514528 0.8640052017642366
0.5868596442918569 0.8640052017642366
0.5909000483322608 0.8640052017642366
0.5949404523726649 0.8640052017642366
0.598980856413069 0.8640052017642366
0.603021260453473 0.8640052017642366
0.6070616644938771 0.8640052017642366
0.6111020685342812 0.8640052017642366
0.6151424725746851 0.8640052017642366
0.6191828766150892 0.8640052017642366
0.6232232806554932 0.8640052017642366
0.6272636846958972 0.8640052017642366
0.6313040887363013 0.8640052017642366
0.6353444927767053 0.8640052017642366
0.6393848968171094 0.8640052017642366
0.6434253008575135 0.8640052017642366
0.6474657048979175 0.8640052017642366
0.6515061089383215 0.8640052017642366
0.6555465129787256 0.8640052017642366
0.6595869170191295 0.8640052017642366
0.6636273210595336 0.8640052017642366
0.6676677250999377 0.8640052017642366
0.6717081291403417 0.8640052017642366
0.6757485331807458 0.8640052017642366
0.6797889372211499 0.8640052017642366
0.6838293412615538 0.8640052017642366
0.6878697453019579 0.8640052017642366
0.691910149342362 0.8640052017642366
0.6959505533827659 0.8640052017642366
0.69999095742317 0.8640052017642366
0.29999095742317 0.8680456058046406
0.304031361463574 0.8680456058046406
0.3080717655039781 0.8680456058046406
0.31211216954438215 0.8680456058046406
0.31615257358478616 0.8680456058046406
0.32019297762519017 0.8680456058046406
0.32423338166559423 0.8680456058046406
0.3282737857059983 0.8680456058046406
0.3323141897464023 0.8680456058046406
0.3363545937868064 0.8680456058046406
0.3403949978272104 0.8680456058046406
0.34443540186761445 0.8680456058046406
0.3484758059080185 0.8680456058046406
0.35251620994842253 0.8680456058046406
0.35655661398882654 0.8680456058046406
0.3605970180292306 0.8680456058046406
0.3646374220696347 0.8680456058046406
0.3686778261100387 0.8680456058046406
0.3727182301504427 0.8680456058046406
0.37675863419084676 0.8680456058046406
0.38079903823125083 0.8680456058046406
0.38483944227165484 0.8680456058046406
0.3888798463120589 0.8680456058046406
0.3929202503524629 0.8680456058046406
0.396960654392867 0.8680456058046406
0.401001058433271 0.8680456058046406
0.40504146247367506 0.8680456058046406
0.4090818665140791 0.8680456058046406
0.41312227055448314 0.8680456058046406
0.4171626745948872 0.8680456058046406
0.4212030786352912 0.8680456058046406
0.42524348267569523 0.8680456058046406
0.4292838867160993 0.8680456058046406
0.43332429075650336 0.8680456058046406
0.43736469479690737 0.8680456058046406
0.4414050988373114 0.8680456058046406
0.44544550287771545 0.8680456058046406
0.4494859069181195 0.8680456058046406
0.4535263109585235 0.8680456058046406
0.45756671499892754 0.8680456058046406
0.4616071190393316 0.8680456058046406
0.46564752307973567 0.8680456058046406
0.46968792712013974 0.8680456058046406
0.47372833116054375 0.8680456058046406
0.47776873520094776 0.8680456058046406
0.4818091392413518 0.8680456058046406
0.4858495432817559 0.8680456058046406
0.4898899473221599 0.8680456058046406
0.502011159443372 0.8680456058046406
0.5060515634837761 0.8680456058046406
0.5141323715645841 0.8680456058046406
0.5181727756049882 0.8680456058046406
0.5222131796453922 0.8680456058046406
0.5262535836857962 0.8680456058046406
0.5302939877262003 0.8680456058046406
0.5343343917666044 0.8680456058046406
0.5383747958070084 0.8680456058046406
0.5424151998474125 0.8680456058046406
0.5464556038878164 0.8680456058046406
0.5504960079282205 0.8680456058046406
0.5545364119686245 0.8680456058046406
0.5585768160090285 0.8680456058046406
0.5626172200494326 0.8680456058046406
0.5666576240898367 0.8680456058046406
0.5706980281302407 0.8680456058046406
0.5747384321706448 0.8680456058046406
0.5787788362110489 0.8680456058046406
0.5828192402514528 0.8680456058046406
0.5868596442918569 0.8680456058046406
0.5909000483322608 0.8680456058046406
0.5949404523726649 0.8680456058046406
0.598980856413069 0.8680456058046406
0.603021260453473 0.8680456058046406
0.6070616644938771 0.8680456058046406
0.6111020685342812 0.8680456058046406
0.6151424725746851 0.8680456058046406
0.6191828766150892 0.8680456058046406
0.6232232806554932 0.8680456058046406
0.6272636846958972 0.8680456058046406
0.6313040887363013 0.8680456058046406
0.6353444927767053 0.8680456058046406
0.6393848968171094 0.8680456058046406
0.6434253008575135 0.8680456058046406
0.6474657048979175 0.8680456058046406
0.6515061089383215 0.8680456058046406
0.6555465129787256 0.8680456058046406
0.6595869170191295 0.8680456058046406
0.6636273210595336 0.8680456058046406
0.6676677250999377 0.8680456058046406
0.6717081291403417 0.8680456058046406
0.6757485331807458 0.8680456058046406
0.6797889372211499 0.8680456058046406
0.6838293412615538 0.8680456058046406
0.6878697453019579 0.8680456058046406
0.691910149342362 0.8680456058046406
0.6959505533827659 0.8680456058046406
0.69999095742317 0.8680456058046406
0.29999095742317 0.8720860098450447
0.304031361463574 0.8720860098450447
0.3080717655039781 0.8720860098450447
0.31211216954438215 0.8720860098450447
0.31615257358478616 0.8720860098450447
0.32019297762519017 0.8720860098450447
0.32423338166559423 0.8720860098450447
0.3282737857059983 0.8720860098450447
0.3323141897464023 0.8720860098450447
0.3363545937868064 0.8720860098450447
0.3403949978272104 0.8720860098450447
0.34443540186761445 0.8720860098450447
0.3484758059080185 0.8720860098450447
0.35251620994842253 0.8720860098450447
0.35655661398882654 0.8720860098450447
0.3605970180292306 0.8720860098450447
0.3646374220696347 0.8720860098450447
0.3686778261100387 0.8720860098450447
0.3727182301504427 0.8720860098450447
0.37675863419084676 0.8720860098450447
0.38079903823125083 0.8720860098450447
0.38483944227165484 0.8720860098450447
0.3888798463120589 0.8720860098450447
0.3929202503524629 0.8720860098450447
0.396960654392867 0.8720860098450447
0.401001058433271 0.8720860098450447
0.40504146247367506 0.8720860098450447
0.4090818665140791 0.8720860098450447
0.41312227055448314 0.8720860098450447
0.4171626745948872 0.8720860098450447
0.4212030786352912 0.8720860098450447
0.42524348267569523 0.8720860098450447
0.4292838867160993 0.8720860098450447
0.43332429075650336 0.8720860098450447
0.43736469479690737 0.8720860098450447
0.4414050988373114 0.8720860098450447
0.44544550287771545 0.8720860098450447
0.4494859069181195 0.8720860098450447
0.4535263109585235 0.8720860098450447
0.45756671499892754 0.8720860098450447
0.4616071190393316 0.8720860098450447
0.46564752307973567 0.8720860098450447
0.46968792712013974 0.8720860098450447
0.47372833116054375 0.8720860098450447
0.47776873520094776 0.8720860098450447
0.4818091392413518 0.8720860098450447
0.4858495432817559 0.8720860098450447
0.4939303513625639 0.8720860098450447
0.497970755402968 0.8720860098450447
0.502011159443372 0.8720860098450447
0.5060515634837761 0.8720860098450447
0.5100919675241801 0.8720860098450447
0.5141323715645841 0.8720860098450447
0.5181727756049882 0.8720860098450447
0.5222131796453922 0.8720860098450447
0.5262535836857962 0.8720860098450447
0.5302939877262003 0.8720860098450447
0.5343343917666044 0.8720860098450447
0.5383747958070084 0.8720860098450447
0.5424151998474125 0.8720860098450447
0.5464556038878164 0.8720860098450447
0.5504960079282205 0.8720860098450447
0.5545364119686245 0.8720860098450447
0.5585768160090285 0.8720860098450447
0.5626172200494326 0.8720860098450447
0.5666576240898367 0.8720860098450447
0.5706980281302407 0.8720860098450447
0.5747384321706448 0.8720860098450447
0.5787788362110489 0.8720860098450447
0.5828192402514528 0.8720860098450447
0.5868596442918569 0.8720860098450447
0.5909000483322608 0.8720860098450447
0.5949404523726649 0.8720860098450447
0.598980856413069 0.8720860098450447
0.603021260453473 0.8720860098450447
0.6070616644938771 0.8720860098450447
0.6111020685342812 0.8720860098450447
0.6151424725746851 0.8720860098450447
0.6191828766150892 0.8720860098450447
0.6232232806554932 0.8720860098450447
0.6272636846958972 0.8720860098450447
0.6313040887363013 0.8720860098450447
0.6353444927767053 0.8720860098450447
0.6393848968171094 0.8720860098450447
0.6434253008575135 0.8720860098450447
0.6474657048979175 0.8720860098450447
0.6515061089383215 0.8720860098450447
0.6555465129787256 0.8720860098450447
0.6595869170191295 0.8720860098450447
0.6636273210595336 0.8720860098450447
0.6676677250999377 0.8720860098450447
0.6717081291403417 0.8720860098450447
0.6757485331807458 0.8720860098450447
0.6797889372211499 0.8720860098450447
0.6838293412615538 0.8720860098450447
0.6878697453019579 0.8720860098450447
0.691910149342362 0.8720860098450447
0.6959505533827659 0.8720860098450447
0.69999095742317 0.8720860098450447
0.29999095742317 0.8761264138854487
0.304031361463574 0.8761264138854487
0.3080717655039781 0.8761264138854487
0.31211216954438215 0.8761264138854487
0.31615257358478616 0.8761264138854487
0.32019297762519017 0.8761264138854487
0.32423338166559423 0.8761264138854487
0.3282737857059983 0.8761264138854487
0.3323141897464023 0.8761264138854487
0.3363545937868064 0.8761264138854487
0.3403949978272104 0.8761264138854487
0.34443540186761445 0.8761264138854487
0.3484758059080185 0.8761264138854487
0.35251620994842253 0.8761264138854487
0.35655661398882654 0.8761264138854487
0.3605970180292306 0.8761264138854487
0.3646374220696347 0.8761264138854487
0.3686778261100387 0.8761264138854487
0.3727182301504427 0.8761264138854487
0.37675863419084676 0.8761264138854487
0.38079903823125083 0.8761264138854487
0.38483944227165484 0.8761264138854487
0.3888798463120589 0.8761264138854487
0.3929202503524629 0.8761264138854487
0.396960654392867 0.8761264138854487
0.401001058433271 0.8761264138854487
0.40504146247367506 0.8761264138854487
0.4090818665140791 0.8761264138854487
0.41312227055448314 0.8761264138854487
0.4171626745948872 0.8761264138854487
0.4212030786352912 0.8761264138854487
0.42524348267569523 0.8761264138854487
0.4292838867160993 0.8761264138854487
0.43332429075650336 0.8761264138854487
0.43736469479690737 0.8761264138854487
0.4414050988373114 0.8761264138854487
0.44544550287771545 0.8761264138854487
0.4494859069181195 0.8761264138854487
0.4535263109585235 0.8761264138854487
0.45756671499892754 0.8761264138854487
0.4616071190393316 0.8761264138854487
0.46564752307973567 0.8761264138854487
0.46968792712013974 0.8761264138854487
0.47372833116054375 0.8761264138854487
0.47776873520094776 0.8761264138854487
0.4858495432817559 0.8761264138854487
0.4898899473221599 0.8761264138854487
0.497970755402968 0.8761264138854487
0.502011159443372 0.8761264138854487
0.5060515634837761 0.8761264138854487
0.5100919675241801 0.8761264138854487
0.5141323715645841 0.8761264138854487
0.5181727756049882 0.8761264138854487
0.5222131796453922 0.8761264138854487
0.5262535836857962 0.8761264138854487
0.5302939877262003 0.8761264138854487
0.5343343917666044 0.8761264138854487
0.5383747958070084 0.8761264138854487
0.5424151998474125 0.8761264138854487
0.5464556038878164 0.8761264138854487
0.5504960079282205 0.8761264138854487
0.5545364119686245 0.8761264138854487
0.5585768160090285 0.8761264138854487
0.5626172200494326 0.8761264138854487
0.5666576240898367 0.8761264138854487
0.5706980281302407 0.8761264138854487
0.5747384321706448 0.8761264138854487
0.5787788362110489 0.8761264138854487
0.5828192402514528 0.8761264138854487
0.5868596442918569 0.8761264138854487
0.5909000483322608 0.8761264138854487
0.5949404523726649 0.8761264138854487
0.598980856413069 0.8761264138854487
0.603021260453473 0.8761264138854487
0.6070616644938771 0.8761264138854487
0.6111020685342812 0.8761264138854487
0.6151424725746851 0.8761264138854487
0.6191828766150892 0.8761264138854487
0.6232232806554932 0.8761264138854487
0.6272636846958972 0.8761264138854487
0.6313040887363013 0.8761264138854487
0.6353444927767053 0.8761264138854487
0.6393848968171094 0.8761264138854487
0.6434253008575135 0.8761264138854487
0.6474657048979175 0.8761264138854487
0.6515061089383215 0.8761264138854487
0.6555465129787256 0.8761264138854487
0.6595869170191295 0.8761264138854487
0.6636273210595336 0.8761264138854487
0.6676677250999377 0.8761264138854487
0.6717081291403417 0.8761264138854487
0.6757485331807458 0.8761264138854487
0.6797889372211499 0.8761264138854487
0.6838293412615538 0.8761264138854487
0.6878697453019579 0.8761264138854487
0.691910149342362 0.8761264138854487
0.6959505533827659 0.8761264138854487
0.69999095742317 0.8761264138854487
0.29999095742317 0.8801668179258527
0.304031361463574 0.8801668179258527
0.3080717655039781 0.8801668179258527
0.31211216954438215 0.8801668179258527
0.31615257358478616 0.8801668179258527
0.32019297762519017 0.8801668179258527
0.32423338166559423 0.8801668179258527
0.3282737857059983 0.8801668179258527
0.3323141897464023 0.8801668179258527
0.3363545937868064 0.8801668179258527
0.3403949978272104 0.8801668179258527
0.34443540186761445 0.8801668179258527
0.3484758059080185 0.8801668179258527
0.35251620994842253 0.8801668179258527
0.35655661398882654 0.8801668179258527
0.3605970180292306 0.8801668179258527
0.3646374220696347 0.8801668179258527
0.3686778261100387 0.8801668179258527
0.3727182301504427 0.8801668179258527
0.37675863419084676 0.8801668179258527
0.38079903823125083 0.8801668179258527
0.38483944227165484 0.8801668179258527
0.3888798463120589 0.8801668179258527
0.3929202503524629 0.8801668179258527
0.396960654392867 0.8801668179258527
0.401001058433271 0.8801668179258527
0.40504146247367506 0.8801668179258527
0.4090818665140791 0.8801668179258527
0.41312227055448314 0.8801668179258527
0.4171626745948872 0.8801668179258527
0.4212030786352912 0.8801668179258527
0.42524348267569523 0.8801668179258527
0.4292838867160993 0.8801668179258527
0.43332429075650336 0.8801668179258527
0.43736469479690737 0.8801668179258527
0.4414050988373114 0.8801668179258527
0.44544550287771545 0.8801668179258527
0.4494859069181195 0.8801668179258527
0.4535263109585235 0.8801668179258527
0.45756671499892754 0.8801668179258527
0.4616071190393316 0.8801668179258527
0.46564752307973567 0.8801668179258527
0.46968792712013974 0.8801668179258527
0.4818091392413518 0.8801668179258527
0.4858495432817559 0.8801668179258527
0.4898899473221599 0.8801668179258527
0.4939303513625639 0.8801668179258527
0.497970755402968 0.8801668179258527
0.502011159443372 0.8801668179258527
0.5060515634837761 0.8801668179258527
0.5100919675241801 0.8801668179258527
0.5141323715645841 0.8801668179258527
0.5181727756049882 0.8801668179258527
0.5222131796453922 0.8801668179258527
0.5262535836857962 0.8801668179258527
0.5302939877262003 0.8801668179258527
0.5343343917666044 0.8801668179258527
0.5383747958070084 0.8801668179258527
0.5424151998474125 0.8801668179258527
0.5464556038878164 0.8801668179258527
0.5504960079282205 0.8801668179258527
0.5545364119686245 0.8801668179258527
0.5585768160090285 0.8801668179258527
0.5626172200494326 0.8801668179258527
0.5666576240898367 0.8801668179258527
0.5706980281302407 0.8801668179258527
0.5747384321706448 0.8801668179258527
0.5787788362110489 0.8801668179258527
0.5828192402514528 0.8801668179258527
0.5868596442918569 0.8801668179258527
0.5909000483322608 0.8801668179258527
0.5949404523726649 0.8801668179258527
0.598980856413069 0.8801668179258527
0.603021260453473 0.8801668179258527
0.6070616644938771 0.8801668179258527
0.6111020685342812 0.8801668179258527
0.6151424725746851 0.8801668179258527
0.6191828766150892 0.8801668179258527
0.6232232806554932 0.8801668179258527
0.6272636846958972 0.8801668179258527
0.6313040887363013 0.8801668179258527
0.6353444927767053 0.8801668179258527
0.6393848968171094 0.8801668179258527
0.6434253008575135 0.8801668179258527
0.6474657048979175 0.8801668179258527
0.6515061089383215 0.8801668179258527
0.6555465129787256 0.8801668179258527
0.6595869170191295 0.8801668179258527
0.6636273210595336 0.8801668179258527
0.6676677250999377 0.8801668179258527
0.6717081291403417 0.8801668179258527
0.6757485331807458 0.8801668179258527
0.6797889372211499 0.8801668179258527
0.6838293412615538 0.8801668179258527
0.6878697453019579 0.8801668179258527
0.691910149342362 0.8801668179258527
0.6959505533827659 0.8801668179258527
0.69999095742317 0.8801668179258527
0.29999095742317 0.8842072219662568
0.304031361463574 0.8842072219662568
0.3080717655039781 0.8842072219662568
0.31211216954438215 0.8842072219662568
0.31615257358478616 0.8842072219662568
0.32019297762519017 0.8842072219662568
0.32423338166559423 0.8842072219662568
0.3282737857059983 0.8842072219662568
0.3323141897464023 0.8842072219662568
0.3363545937868064 0.8842072219662568
0.3403949978272104 0.8842072219662568
0.34443540186761445 0.8842072219662568
0.3484758059080185 0.8842072219662568
0.35251620994842253 0.8842072219662568
0.35655661398882654 0.8842072219662568
0.3605970180292306 0.8842072219662568
0.3646374220696347 0.8842072219662568
0.3686778261100387 0.8842072219662568
0.3727182301504427 0.8842072219662568
0.37675863419084676 0.8842072219662568
0.38079903823125083 0.8842072219662568
0.38483944227165484 0.8842072219662568
0.3888798463120589 0.8842072219662568
0.3929202503524629 0.8842072219662568
0.396960654392867 0.8842072219662568
0.401001058433271 0.8842072219662568
0.40504146247367506 0.8842072219662568
0.4090818665140791 0.8842072219662568
0.41312227055448314 0.8842072219662568
0.4171626745948872 0.8842072219662568
0.4212030786352912 0.8842072219662568
0.42524348267569523 0.8842072219662568
0.4292838867160993 0.8842072219662568
0.43332429075650336 0.8842072219662568
0.43736469479690737 0.8842072219662568
0.4414050988373114 0.8842072219662568
0.44544550287771545 0.8842072219662568
0.4494859069181195 0.8842072219662568
0.4535263109585235 0.8842072219662568
0.45756671499892754 0.8842072219662568
0.4616071190393316 0.8842072219662568
0.47372833116054375 0.8842072219662568
0.47776873520094776 0.8842072219662568
0.4818091392413518 0.8842072219662568
0.4858495432817559 0.8842072219662568
0.4898899473221599 0.8842072219662568
0.4939303513625639 0.8842072219662568
0.497970755402968 0.8842072219662568
0.502011159443372 0.8842072219662568
0.5060515634837761 0.8842072219662568
0.5100919675241801 0.8842072219662568
0.5141323715645841 0.8842072219662568
0.5181727756049882 0.8842072219662568
0.5222131796453922 0.8842072219662568
0.5262535836857962 0.8842072219662568
0.5302939877262003 0.8842072219662568
0.5343343917666044 0.8842072219662568
0.5383747958070084 0.8842072219662568
0.5424151998474125 0.8842072219662568
0.5464556038878164 0.8842072219662568
0.5504960079282205 0.8842072219662568
0.5545364119686245 0.8842072219662568
0.5585768160090285 0.8842072219662568
0.5626172200494326 0.8842072219662568
0.5666576240898367 0.8842072219662568
0.5706980281302407 0.8842072219662568
0.5747384321706448 0.8842072219662568
0.5787788362110489 0.8842072219662568
0.5828192402514528 0.8842072219662568
0.5868596442918569 0.8842072219662568
0.5909000483322608 0.8842072219662568
0.5949404523726649 0.8842072219662568
0.598980856413069 0.8842072219662568
0.603021260453473 0.8842072219662568
0.6070616644938771 0.8842072219662568
0.6111020685342812 0.8842072219662568
0.6151424725746851 0.8842072219662568
0.6191828766150892 0.8842072219662568
0.6232232806554932 0.8842072219662568
0.6272636846958972 0.8842072219662568
0.6313040887363013 0.8842072219662568
0.6353444927767053 0.8842072219662568
0.6393848968171094 0.8842072219662568
0.6434253008575135 0.8842072219662568
0.6474657048979175 0.8842072219662568
0.6515061089383215 0.8842072219662568
0.6555465129787256 0.8842072219662568
0.6595869170191295 0.8842072219662568
0.6636273210595336 0.8842072219662568
0.6676677250999377 0.8842072219662568
0.6717081291403417 0.8842072219662568
0.6757485331807458 0.8842072219662568
0.6797889372211499 0.8842072219662568
0.6838293412615538 0.8842072219662568
0.6878697453019579 0.8842072219662568
0.691910149342362 0.8842072219662568
0.6959505533827659 0.8842072219662568
0.69999095742317 0.8842072219662568
0.29999095742317 0.8882476260066607
0.304031361463574 0.8882476260066607
0.3080717655039781 0.8882476260066607
0.31211216954438215 0.8882476260066607
0.31615257358478616 0.8882476260066607
0.32019297762519017 0.8882476260066607
0.32423338166559423 0.8882476260066607
0.3282737857059983 0.8882476260066607
0.3323141897464023 0.8882476260066607
0.3363545937868064 0.8882476260066607
0.3403949978272104 0.8882476260066607
0.34443540186761445 0.8882476260066607
0.3484758059080185 0.8882476260066607
0.35251620994842253 0.8882476260066607
0.35655661398882654 0.8882476260066607
0.3605970180292306 0.8882476260066607
0.3646374220696347 0.8882476260066607
0.3686778261100387 0.8882476260066607
0.3727182301504427 0.8882476260066607
0.37675863419084676 0.8882476260066607
0.38079903823125083 0.8882476260066607
0.38483944227165484 0.8882476260066607
0.3888798463120589 0.8882476260066607
0.3929202503524629 0.8882476260066607
0.396960654392867 0.8882476260066607
0.401001058433271 0.8882476260066607
0.40504146247367506 0.8882476260066607
0.4090818665140791 0.8882476260066607
0.41312227055448314 0.8882476260066607
0.4171626745948872 0.8882476260066607
0.4212030786352912 0.8882476260066607
0.42524348267569523 0.8882476260066607
0.4292838867160993 0.8882476260066607
0.43332429075650336 0.8882476260066607
0.43736469479690737 0.8882476260066607
0.4414050988373114 0.8882476260066607
0.44544550287771545 0.8882476260066607
0.4494859069181195 0.8882476260066607
0.4535263109585235 0.8882476260066607
0.46564752307973567 0.8882476260066607
0.46968792712013974 0.8882476260066607
0.47372833116054375 0.8882476260066607
0.47776873520094776 0.8882476260066607
0.4818091392413518 0.8882476260066607
0.4858495432817559 0.8882476260066607
0.4898899473221599 0.8882476260066607
0.4939303513625639 0.8882476260066607
0.497970755402968 0.8882476260066607
0.502011159443372 0.8882476260066607
0.5060515634837761 0.8882476260066607
0.5100919675241801 0.8882476260066607
0.5141323715645841 0.8882476260066607
0.5181727756049882 0.8882476260066607
0.5222131796453922 0.8882476260066607
0.5262535836857962 0.8882476260066607
0.5302939877262003 0.8882476260066607
0.5343343917666044 0.8882476260066607
0.5383747958070084 0.8882476260066607
0.5424151998474125 0.8882476260066607
0.5464556038878164 0.8882476260066607
0.5504960079282205 0.8882476260066607
0.5545364119686245 0.8882476260066607
0.5585768160090285 0.8882476260066607
0.5626172200494326 0.8882476260066607
0.5666576240898367 0.8882476260066607
0.5706980281302407 0.8882476260066607
0.5747384321706448 0.8882476260066607
0.5787788362110489 0.8882476260066607
0.5828192402514528 0.8882476260066607
0.5868596442918569 0.8882476260066607
0.5909000483322608 0.8882476260066607
0.5949404523726649 0.8882476260066607
0.598980856413069 0.8882476260066607
0.603021260453473 0.8882476260066607
0.6070616644938771 0.8882476260066607
0.6111020685342812 0.8882476260066607
0.6151424725746851 0.8882476260066607
0.6191828766150892 0.8882476260066607
0.6232232806554932 0.8882476260066607
0.6272636846958972 0.8882476260066607
0.6313040887363013 0.8882476260066607
0.6353444927767053 0.8882476260066607
0.6393848968171094 0.8882476260066607
0.6434253008575135 0.8882476260066607
0.6474657048979175 0.8882476260066607
0.6515061089383215 0.8882476260066607
0.6555465129787256 0.8882476260066607
0.6595869170191295 0.8882476260066607
0.6636273210595336 0.8882476260066607
0.6676677250999377 0.8882476260066607
0.6717081291403417 0.8882476260066607
0.6757485331807458 0.8882476260066607
0.6797889372211499 0.8882476260066607
0.6838293412615538 0.8882476260066607
0.6878697453019579 0.8882476260066607
0.691910149342362 0.8882476260066607
0.6959505533827659 0.8882476260066607
0.69999095742317 0.8882476260066607
0.29999095742317 0.8922880300470648
0.304031361463574 0.8922880300470648
0.3080717655039781 0.8922880300470648
0.31211216954438215 0.8922880300470648
0.31615257358478616 0.8922880300470648
0.32019297762519017 0.8922880300470648
0.32423338166559423 0.8922880300470648
0.3282737857059983 0.8922880300470648
0.3323141897464023 0.8922880300470648
0.3363545937868064 0.8922880300470648
0.3403949978272104 0.8922880300470648
0.34443540186761445 0.8922880300470648
0.3484758059080185 0.8922880300470648
0.35251620994842253 0.8922880300470648
0.35655661398882654 0.8922880300470648
0.3605970180292306 0.8922880300470648
0.3646374220696347 0.8922880300470648
0.3686778261100387 0.8922880300470648
0.3727182301504427 0.8922880300470648
0.37675863419084676 0.8922880300470648
0.38079903823125083 0.8922880300470648
0.38483944227165484 0.8922880300470648
0.3888798463120589 0.8922880300470648
0.3929202503524629 0.8922880300470648
0.396960654392867 0.8922880300470648
0.401001058433271 0.8922880300470648
0.40504146247367506 0.8922880300470648
0.4090818665140791 0.8922880300470648
0.41312227055448314 0.8922880300470648
0.4171626745948872 0.8922880300470648
0.4212030786352912 0.8922880300470648
0.42524348267569523 0.8922880300470648
0.4292838867160993 0.8922880300470648
0.43332429075650336 0.8922880300470648
0.43736469479690737 0.8922880300470648
0.4414050988373114 0.8922880300470648
0.44544550287771545 0.8922880300470648
0.45756671499892754 0.8922880300470648
0.4616071190393316 0.8922880300470648
0.46564752307973567 0.8922880300470648
0.46968792712013974 0.8922880300470648
0.47372833116054375 0.8922880300470648
0.47776873520094776 0.8922880300470648
0.4818091392413518 0.8922880300470648
0.4858495432817559 0.8922880300470648
0.4898899473221599 0.8922880300470648
0.4939303513625639 0.8922880300470648
0.497970755402968 0.8922880300470648
0.502011159443372 0.8922880300470648
0.5060515634837761 0.8922880300470648
0.5100919675241801 0.8922880300470648
0.5141323715645841 0.8922880300470648
0.5181727756049882 0.8922880300470648
0.5222131796453922 0.8922880300470648
0.5262535836857962 0.8922880300470648
0.5302939877262003 0.8922880300470648
0.5343343917666044 0.8922880300470648
0.5383747958070084 0.8922880300470648
0.5424151998474125 0.8922880300470648
0.5464556038878164 0.8922880300470648
0.5504960079282205 0.8922880300470648
0.5545364119686245 0.8922880300470648
0.5585768160090285 0.8922880300470648
0.5626172200494326 0.8922880300470648
0.5666576240898367 0.8922880300470648
0.5706980281302407 0.8922880300470648
0.5747384321706448 0.8922880300470648
0.5787788362110489 0.8922880300470648
0.5828192402514528 0.8922880300470648
0.5868596442918569 0.8922880300470648
0.5909000483322608 0.8922880300470648
0.5949404523726649 0.8922880300470648
0.598980856413069 0.8922880300470648
0.603021260453473 0.8922880300470648
0.6070616644938771 0.8922880300470648
0.6111020685342812 0.8922880300470648
0.6151424725746851 0.8922880300470648
0.6191828766150892 0.8922880300470648
0.6232232806554932 0.8922880300470648
0.6272636846958972 0.8922880300470648
0.6313040887363013 0.8922880300470648
0.6353444927767053 0.8922880300470648
0.6393848968171094 0.8922880300470648
0.6434253008575135 0.8922880300470648
0.6474657048979175 0.8922880300470648
0.6515061089383215 0.8922880300470648
0.6555465129787256 0.8922880300470648
0.6595869170191295 0.8922880300470648
0.6636273210595336 0.8922880300470648
0.6676677250999377 0.8922880300470648
0.6717081291403417 0.8922880300470648
0.6757485331807458 0.8922880300470648
0.6797889372211499 0.8922880300470648
0.6838293412615538 0.8922880300470648
0.6878697453019579 0.8922880300470648
0.691910149342362 0.8922880300470648
0.6959505533827659 0.8922880300470648
0.69999095742317 0.8922880300470648
0.29999095742317 0.8963284340874689
0.304031361463574 0.8963284340874689
0.3080717655039781 0.8963284340874689
0.31211216954438215 0.8963284340874689
0.31615257358478616 0.8963284340874689
0.32019297762519017 0.8963284340874689
0.32423338166559423 0.8963284340874689
0.3282737857059983 0.8963284340874689
0.3323141897464023 0.8963284340874689
0.3363545937868064 0.8963284340874689
0.3403949978272104 0.8963284340874689
0.34443540186761445 0.8963284340874689
0.3484758059080185 0.8963284340874689
0.35251620994842253 0.8963284340874689
0.35655661398882654 0.8963284340874689
0.3605970180292306 0.8963284340874689
0.3646374220696347 0.8963284340874689
0.3686778261100387 0.8963284340874689
0.3727182301504427 0.8963284340874689
0.37675863419084676 0.8963284340874689
0.38079903823125083 0.8963284340874689
0.38483944227165484 0.8963284340874689
0.3888798463120589 0.8963284340874689
0.3929202503524629 0.8963284340874689
0.396960654392867 0.8963284340874689
0.401001058433271 0.8963284340874689
0.40504146247367506 0.8963284340874689
0.4090818665140791 0.8963284340874689
0.41312227055448314 0.8963284340874689
0.4171626745948872 0.8963284340874689
0.4212030786352912 0.8963284340874689
0.42524348267569523 0.8963284340874689
0.4292838867160993 0.8963284340874689
0.43332429075650336 0.8963284340874689
0.43736469479690737 0.8963284340874689
0.4494859069181195 0.8963284340874689
0.4535263109585235 0.8963284340874689
0.45756671499892754 0.8963284340874689
0.4616071190393316 0.8963284340874689
0.46564752307973567 0.8963284340874689
0.46968792712013974 0.8963284340874689
0.47372833116054375 0.8963284340874689
0.47776873520094776 0.8963284340874689
0.4818091392413518 0.8963284340874689
0.4858495432817559 0.8963284340874689
0.4898899473221599 0.8963284340874689
0.4939303513625639 0.8963284340874689
0.497970755402968 0.8963284340874689
0.502011159443372 0.8963284340874689
0.5060515634837761 0.8963284340874689
0.5100919675241801 0.8963284340874689
0.5141323715645841 0.8963284340874689
0.5181727756049882 0.8963284340874689
0.5222131796453922 0.8963284340874689
0.5262535836857962 0.8963284340874689
0.5302939877262003 0.8963284340874689
0.5343343917666044 0.8963284340874689
0.5383747958070084 0.8963284340874689
0.5424151998474125 0.8963284340874689
0.5464556038878164 0.8963284340874689
0.5504960079282205 0.8963284340874689
0.5545364119686245 0.8963284340874689
0.5585768160090285 0.8963284340874689
0.5626172200494326 0.8963284340874689
0.5666576240898367 0.8963284340874689
0.5706980281302407 0.8963284340874689
0.5747384321706448 0.8963284340874689
0.5787788362110489 0.8963284340874689
0.5828192402514528 0.8963284340874689
0.5868596442918569 0.8963284340874689
0.5909000483322608 0.8963284340874689
0.5949404523726649 0.8963284340874689
0.598980856413069 0.8963284340874689
0.603021260453473 0.8963284340874689
0.6070616644938771 0.8963284340874689
0.6111020685342812 0.8963284340874689
0.6151424725746851 0.8963284340874689
0.6191828766150892 0.8963284340874689
0.6232232806554932 0.8963284340874689
0.6272636846958972 0.8963284340874689
0.6313040887363013 0.8963284340874689
0.6353444927767053 0.8963284340874689
0.6393848968171094 0.8963284340874689
0.6434253008575135 0.8963284340874689
0.6474657048979175 0.8963284340874689
0.6515061089383215 0.8963284340874689
0.6555465129787256 0.8963284340874689
0.6595869170191295 0.8963284340874689
0.6636273210595336 0.8963284340874689
0.6676677250999377 0.8963284340874689
0.6717081291403417 0.8963284340874689
0.6757485331807458 0.8963284340874689
0.6797889372211499 0.8963284340874689
0.6838293412615538 0.8963284340874689
0.6878697453019579 0.8963284340874689
0.691910149342362 0.8963284340874689
0.6959505533827659 0.8963284340874689
0.69999095742317 0.8963284340874689
0.29999095742317 0.9003688381278729
0.304031361463574 0.9003688381278729
0.3080717655039781 0.9003688381278729
0.31211216954438215 0.9003688381278729
0.31615257358478616 0.9003688381278729
0.32019297762519017 0.9003688381278729
0.32423338166559423 0.9003688381278729
0.3282737857059983 0.9003688381278729
0.3323141897464023 0.9003688381278729
0.3363545937868064 0.9003688381278729
0.3403949978272104 0.9003688381278729
0.34443540186761445 0.9003688381278729
0.3484758059080185 0.9003688381278729
0.35251620994842253 0.9003688381278729
0.35655661398882654 0.9003688381278729
0.3605970180292306 0.9003688381278729
0.3646374220696347 0.9003688381278729
0.3686778261100387 0.9003688381278729
0.3727182301504427 0.9003688381278729
0.37675863419084676 0.9003688381278729
0.38079903823125083 0.9003688381278729
0.38483944227165484 0.9003688381278729
0.3888798463120589 0.9003688381278729
0.3929202503524629 0.9003688381278729
0.396960654392867 0.9003688381278729
0.401001058433271 0.9003688381278729
0.40504146247367506 0.9003688381278729
0.4090818665140791 0.9003688381278729
0.41312227055448314 0.9003688381278729
0.4171626745948872 0.9003688381278729
0.4212030786352912 0.9003688381278729
0.42524348267569523 0.9003688381278729
0.4292838867160993 0.9003688381278729
0.4414050988373114 0.9003688381278729
0.44544550287771545 0.9003688381278729
0.4494859069181195 0.9003688381278729
0.4535263109585235 0.9003688381278729
0.45756671499892754 0.9003688381278729
0.4616071190393316 0.9003688381278729
0.46968792712013974 0.9003688381278729
0.47372833116054375 0.9003688381278729
0.47776873520094776 0.9003688381278729
0.4818091392413518 0.9003688381278729
0.4858495432817559 0.9003688381278729
0.4898899473221599 0.9003688381278729
0.4939303513625639 0.9003688381278729
0.497970755402968 0.9003688381278729
0.502011159443372 0.9003688381278729
0.5060515634837761 0.9003688381278729
0.5100919675241801 0.9003688381278729
0.5141323715645841 0.9003688381278729
0.5181727756049882 0.9003688381278729
0.5222131796453922 0.9003688381278729
0.5262535836857962 0.9003688381278729
0.5302939877262003 0.9003688381278729
0.5343343917666044 0.9003688381278729
0.5383747958070084 0.9003688381278729
0.5424151998474125 0.9003688381278729
0.5464556038878164 0.9003688381278729
0.5504960079282205 0.9003688381278729
0.5545364119686245 0.9003688381278729
0.5585768160090285 0.9003688381278729
0.5626172200494326 0.9003688381278729
0.5666576240898367 0.9003688381278729
0.5706980281302407 0.9003688381278729
0.5747384321706448 0.9003688381278729
0.5787788362110489 0.9003688381278729
0.5828192402514528 0.9003688381278729
0.5868596442918569 0.9003688381278729
0.5909000483322608 0.9003688381278729
0.5949404523726649 0.9003688381278729
0.598980856413069 0.9003688381278729
0.603021260453473 0.9003688381278729
0.6070616644938771 0.9003688381278729
0.6111020685342812 0.9003688381278729
0.6151424725746851 0.9003688381278729
0.6191828766150892 0.9003688381278729
0.6232232806554932 0.9003688381278729
0.6272636846958972 0.9003688381278729
0.6313040887363013 0.9003688381278729
0.6353444927767053 0.9003688381278729
0.6393848968171094 0.9003688381278729
0.6434253008575135 0.9003688381278729
0.6474657048979175 0.9003688381278729
0.6515061089383215 0.9003688381278729
0.6555465129787256 0.9003688381278729
0.6595869170191295 0.9003688381278729
0.6636273210595336 0.9003688381278729
0.6676677250999377 0.9003688381278729
0.6717081291403417 0.9003688381278729
0.6757485331807458 0.9003688381278729
0.6797889372211499 0.9003688381278729
0.6838293412615538 0.9003688381278729
0.6878697453019579 0.9003688381278729
0.691910149342362 0.9003688381278729
0.6959505533827659 0.9003688381278729
0.69999095742317 0.9003688381278729
0.29999095742317 0.904409242168277
0.304031361463574 0.904409242168277
0.3080717655039781 0.904409242168277
0.31211216954438215 0.904409242168277
0.31615257358478616 0.904409242168277
0.32019297762519017 0.904409242168277
0.32423338166559423 0.904409242168277
0.3282737857059983 0.904409242168277
0.3323141897464023 0.904409242168277
0.3363545937868064 0.904409242168277
0.3403949978272104 0.904409242168277
0.34443540186761445 0.904409242168277
0.3484758059080185 0.904409242168277
0.35251620994842253 0.904409242168277
0.35655661398882654 0.904409242168277
0.3605970180292306 0.904409242168277
0.3646374220696347 0.904409242168277
0.3686778261100387 0.904409242168277
0.3727182301504427 0.904409242168277
0.37675863419084676 0.904409242168277
0.38079903823125083 0.904409242168277
0.38483944227165484 0.904409242168277
0.3888798463120589 0.904409242168277
0.3929202503524629 0.904409242168277
0.396960654392867 0.904409242168277
0.401001058433271 0.904409242168277
0.40504146247367506 0.904409242168277
0.4090818665140791 0.904409242168277
0.41312227055448314 0.904409242168277
0.4171626745948872 0.904409242168277
0.4212030786352912 0.904409242168277
0.43332429075650336 0.904409242168277
0.43736469479690737 0.904409242168277
0.4414050988373114 0.904409242168277
0.44544550287771545 0.904409242168277
0.4494859069181195 0.904409242168277
0.4535263109585235 0.904409242168277
0.45756671499892754 0.904409242168277
0.4616071190393316 0.904409242168277
0.46564752307973567 0.904409242168277
0.46968792712013974 0.904409242168277
0.47372833116054375 0.904409242168277
0.47776873520094776 0.904409242168277
0.4818091392413518 0.904409242168277
0.4858495432817559 0.904409242168277
0.4898899473221599 0.904409242168277
0.4939303513625639 0.904409242168277
0.497970755402968 0.904409242168277
0.502011159443372 0.904409242168277
0.5060515634837761 0.904409242168277
0.5100919675241801 0.904409242168277
0.5141323715645841 0.904409242168277
0.5181727756049882 0.904409242168277
0.5222131796453922 0.904409242168277
0.5262535836857962 0.904409242168277
0.5302939877262003 0.904409242168277
0.5343343917666044 0.904409242168277
0.5383747958070084 0.904409242168277
0.5424151998474125 0.904409242168277
0.5464556038878164 0.904409242168277
0.5504960079282205 0.904409242168277
0.5545364119686245 0.904409242168277
0.5585768160090285 0.904409242168277
0.5626172200494326 0.904409242168277
0.5666576240898367 0.904409242168277
0.5706980281302407 0.904409242168277
0.5747384321706448 0.904409242168277
0.5787788362110489 0.904409242168277
0.5828192402514528 0.904409242168277
0.5868596442918569 0.904409242168277
0.5909000483322608 0.904409242168277
0.5949404523726649 0.904409242168277
0.598980856413069 0.904409242168277
0.603021260453473 0.904409242168277
0.6070616644938771 0.904409242168277
0.6111020685342812 0.904409242168277
0.6151424725746851 0.904409242168277
0.6191828766150892 0.904409242168277
0.6232232806554932 0.904409242168277
0.6272636846958972 0.904409242168277
0.6313040887363013 0.904409242168277
0.6353444927767053 0.904409242168277
0.6393848968171094 0.904409242168277
0.6434253008575135 0.904409242168277
0.6474657048979175 0.904409242168277
0.6515061089383215 0.904409242168277
0.6555465129787256 0.904409242168277
0.6595869170191295 0.904409242168277
0.6636273210595336 0.904409242168277
0.6676677250999377 0.904409242168277
0.6717081291403417 0.904409242168277
0.6757485331807458 0.904409242168277
0.6797889372211499 0.904409242168277
0.6838293412615538 0.904409242168277
0.6878697453019579 0.904409242168277
0.691910149342362 0.904409242168277
0.6959505533827659 0.904409242168277
0.69999095742317 0.904409242168277
0.29999095742317 0.9084496462086811
0.304031361463574 0.9084496462086811
0.3080717655039781 0.9084496462086811
0.31211216954438215 0.9084496462086811
0.31615257358478616 0.9084496462086811
0.32019297762519017 0.9084496462086811
0.32423338166559423 0.9084496462086811
0.3282737857059983 0.9084496462086811
0.3323141897464023 0.9084496462086811
0.3363545937868064 0.9084496462086811
0.3403949978272104 0.9084496462086811
0.34443540186761445 0.9084496462086811
0.3484758059080185 0.9084496462086811
0.35251620994842253 0.9084496462086811
0.35655661398882654 0.9084496462086811
0.3605970180292306 0.9084496462086811
0.3646374220696347 0.9084496462086811
0.3686778261100387 0.9084496462086811
0.3727182301504427 0.9084496462086811
0.37675863419084676 0.9084496462086811
0.38079903823125083 0.9084496462086811
0.38483944227165484 0.9084496462086811
0.3888798463120589 0.9084496462086811
0.3929202503524629 0.9084496462086811
0.396960654392867 0.9084496462086811
0.401001058433271 0.9084496462086811
0.40504146247367506 0.9084496462086811
0.4090818665140791 0.9084496462086811
0.41312227055448314 0.9084496462086811
0.42524348267569523 0.9084496462086811
0.4292838867160993 0.9084496462086811
0.43332429075650336 0.9084496462086811
0.43736469479690737 0.9084496462086811
0.4414050988373114 0.9084496462086811
0.44544550287771545 0.9084496462086811
0.4494859069181195 0.9084496462086811
0.4535263109585235 0.9084496462086811
0.45756671499892754 0.9084496462086811
0.4616071190393316 0.9084496462086811
0.46564752307973567 0.9084496462086811
0.46968792712013974 0.9084496462086811
0.47372833116054375 0.9084496462086811
0.47776873520094776 0.9084496462086811
0.4818091392413518 0.9084496462086811
0.4858495432817559 0.9084496462086811
0.4898899473221599 0.9084496462086811
0.4939303513625639 0.9084496462086811
0.497970755402968 0.9084496462086811
0.502011159443372 0.9084496462086811
0.5060515634837761 0.9084496462086811
0.5100919675241801 0.9084496462086811
0.5141323715645841 0.9084496462086811
0.5181727756049882 0.9084496462086811
0.5222131796453922 0.9084496462086811
0.5262535836857962 0.9084496462086811
0.5302939877262003 0.9084496462086811
0.5343343917666044 0.9084496462086811
0.5383747958070084 0.9084496462086811
0.5424151998474125 0.9084496462086811
0.5464556038878164 0.9084496462086811
0.5504960079282205 0.9084496462086811
0.5545364119686245 0.9084496462086811
0.5585768160090285 0.9084496462086811
0.5626172200494326 0.9084496462086811
0.5666576240898367 0.9084496462086811
0.5706980281302407 0.9084496462086811
0.5747384321706448 0.9084496462086811
0.5787788362110489 0.9084496462086811
0.5828192402514528 0.9084496462086811
0.5868596442918569 0.9084496462086811
0.5909000483322608 0.9084496462086811
0.5949404523726649 0.9084496462086811
0.598980856413069 0.9084496462086811
0.603021260453473 0.9084496462086811
0.6070616644938771 0.9084496462086811
0.6111020685342812 0.9084496462086811
0.6151424725746851 0.9084496462086811
0.6191828766150892 0.9084496462086811
0.6232232806554932 0.9084496462086811
0.6272636846958972 0.9084496462086811
0.6313040887363013 0.9084496462086811
0.6353444927767053 0.9084496462086811
0.6393848968171094 0.9084496462086811
0.6434253008575135 0.9084496462086811
0.6474657048979175 0.9084496462086811
0.6515061089383215 0.9084496462086811
0.6555465129787256 0.9084496462086811
0.6595869170191295 0.9084496462086811
0.6636273210595336 0.9084496462086811
0.6676677250999377 0.9084496462086811
0.6717081291403417 0.9084496462086811
0.6757485331807458 0.9084496462086811
0.6797889372211499 0.9084496462086811
0.6838293412615538 0.9084496462086811
0.6878697453019579 0.9084496462086811
0.691910149342362 0.9084496462086811
0.6959505533827659 0.9084496462086811
0.69999095742317 0.9084496462086811
0.29999095742317 0.912490050249085
0.304031361463574 0.912490050249085
0.3080717655039781 0.912490050249085
0.31211216954438215 0.912490050249085
0.31615257358478616 0.912490050249085
0.32019297762519017 0.912490050249085
0.32423338166559423 0.912490050249085
0.3282737857059983 0.912490050249085
0.3323141897464023 0.912490050249085
0.3363545937868064 0.912490050249085
0.3403949978272104 0.912490050249085
0.34443540186761445 0.912490050249085
0.3484758059080185 0.912490050249085
0.35251620994842253 0.912490050249085
0.35655661398882654 0.912490050249085
0.3605970180292306 0.912490050249085
0.3646374220696347 0.912490050249085
0.3686778261100387 0.912490050249085
0.3727182301504427 0.912490050249085
0.37675863419084676 0.912490050249085
0.38079903823125083 0.912490050249085
0.38483944227165484 0.912490050249085
0.3888798463120589 0.912490050249085
0.3929202503524629 0.912490050249085
0.396960654392867 0.912490050249085
0.401001058433271 0.912490050249085
0.40504146247367506 0.912490050249085
0.41312227055448314 0.912490050249085
0.4171626745948872 0.912490050249085
0.4212030786352912 0.912490050249085
0.42524348267569523 0.912490050249085
0.4292838867160993 0.912490050249085
0.43332429075650336 0.912490050249085
0.43736469479690737 0.912490050249085
0.4414050988373114 0.912490050249085
0.44544550287771545 0.912490050249085
0.4494859069181195 0.912490050249085
0.4535263109585235 0.912490050249085
0.45756671499892754 0.912490050249085
0.4616071190393316 0.912490050249085
0.46564752307973567 0.912490050249085
0.46968792712013974 0.912490050249085
0.47372833116054375 0.912490050249085
0.47776873520094776 0.912490050249085
0.4818091392413518 0.912490050249085
0.4858495432817559 0.912490050249085
0.4898899473221599 0.912490050249085
0.4939303513625639 0.912490050249085
0.497970755402968 0.912490050249085
0.502011159443372 0.912490050249085
0.5060515634837761 0.912490050249085
0.5100919675241801 0.912490050249085
0.5141323715645841 0.912490050249085
0.5181727756049882 0.912490050249085
0.5222131796453922 0.912490050249085
0.5262535836857962 0.912490050249085
0.5302939877262003 0.912490050249085
0.5343343917666044 0.912490050249085
0.5383747958070084 0.912490050249085
0.5424151998474125 0.912490050249085
0.5464556038878164 0.912490050249085
0.5504960079282205 0.912490050249085
0.5545364119686245 0.912490050249085
0.5585768160090285 0.912490050249085
0.5626172200494326 0.912490050249085
0.5666576240898367 0.912490050249085
0.5706980281302407 0.912490050249085
0.5747384321706448 0.912490050249085
0.5787788362110489 0.912490050249085
0.5828192402514528 0.912490050249085
0.5868596442918569 0.912490050249085
0.5909000483322608 0.912490050249085
0.5949404523726649 0.912490050249085
0.598980856413069 0.912490050249085
0.603021260453473 0.912490050249085
0.6070616644938771 0.912490050249085
0.6111020685342812 0.912490050249085
0.6151424725746851 0.912490050249085
0.6191828766150892 0.912490050249085
0.6232232806554932 0.912490050249085
0.6272636846958972 0.912490050249085
0.6313040887363013 0.912490050249085
0.6353444927767053 0.912490050249085
0.6393848968171094 0.912490050249085
0.6434253008575135 0.912490050249085
0.6474657048979175 0.912490050249085
0.6515061089383215 0.912490050249085
0.6555465129787256 0.912490050249085
0.6595869170191295 0.912490050249085
0.6636273210595336 0.912490050249085
0.6676677250999377 0.912490050249085
0.6717081291403417 0.912490050249085
0.6757485331807458 0.912490050249085
0.6797889372211499 0.912490050249085
0.6838293412615538 0.912490050249085
0.6878697453019579 0.912490050249085
0.691910149342362 0.912490050249085
0.6959505533827659 0.912490050249085
0.69999095742317 0.912490050249085
0.29999095742317 0.9165304542894891
0.304031361463574 0.9165304542894891
0.3080717655039781 0.9165304542894891
0.31211216954438215 0.9165304542894891
0.31615257358478616 0.9165304542894891
0.32019297762519017 0.9165304542894891
0.32423338166559423 0.9165304542894891
0.3282737857059983 0.9165304542894891
0.3323141897464023 0.9165304542894891
0.3363545937868064 0.9165304542894891
0.3403949978272104 0.9165304542894891
0.34443540186761445 0.9165304542894891
0.3484758059080185 0.9165304542894891
0.35251620994842253 0.9165304542894891
0.35655661398882654 0.9165304542894891
0.3605970180292306 0.9165304542894891
0.3646374220696347 0.9165304542894891
0.3686778261100387 0.9165304542894891
0.3727182301504427 0.9165304542894891
0.37675863419084676 0.9165304542894891
0.38079903823125083 0.9165304542894891
0.38483944227165484 0.9165304542894891
0.3888798463120589 0.9165304542894891
0.3929202503524629 0.9165304542894891
0.40504146247367506 0.9165304542894891
0.4090818665140791 0.9165304542894891
0.4171626745948872 0.9165304542894891
0.4212030786352912 0.9165304542894891
0.42524348267569523 0.9165304542894891
0.4292838867160993 0.9165304542894891
0.43332429075650336 0.9165304542894891
0.43736469479690737 0.9165304542894891
0.4414050988373114 0.9165304542894891
0.44544550287771545 0.9165304542894891
0.4494859069181195 0.9165304542894891
0.4535263109585235 0.9165304542894891
0.45756671499892754 0.9165304542894891
0.4616071190393316 0.9165304542894891
0.46564752307973567 0.9165304542894891
0.46968792712013974 0.9165304542894891
0.47372833116054375 0.9165304542894891
0.47776873520094776 0.9165304542894891
0.4818091392413518 0.9165304542894891
0.4858495432817559 0.9165304542894891
0.4898899473221599 0.9165304542894891
0.4939303513625639 0.9165304542894891
0.497970755402968 0.9165304542894891
0.502011159443372 0.9165304542894891
0.5060515634837761 0.9165304542894891
0.5100919675241801 0.9165304542894891
0.5141323715645841 0.9165304542894891
0.5181727756049882 0.9165304542894891
0.5222131796453922 0.9165304542894891
0.5262535836857962 0.9165304542894891
0.5302939877262003 0.9165304542894891
0.5343343917666044 0.9165304542894891
0.5383747958070084 0.9165304542894891
0.5424151998474125 0.9165304542894891
0.5464556038878164 0.9165304542894891
0.5504960079282205 0.9165304542894891
0.5545364119686245 0.9165304542894891
0.5585768160090285 0.9165304542894891
0.5626172200494326 0.9165304542894891
0.5666576240898367 0.9165304542894891
0.5706980281302407 0.9165304542894891
0.5747384321706448 0.9165304542894891
0.5787788362110489 0.9165304542894891
0.5828192402514528 0.9165304542894891
0.5868596442918569 0.9165304542894891
0.5909000483322608 0.9165304542894891
0.5949404523726649 0.9165304542894891
0.598980856413069 0.9165304542894891
0.603021260453473 0.9165304542894891
0.6070616644938771 0.9165304542894891
0.6111020685342812 0.9165304542894891
0.6151424725746851 0.9165304542894891
0.6191828766150892 0.9165304542894891
0.6232232806554932 0.9165304542894891
0.6272636846958972 0.9165304542894891
0.6313040887363013 0.9165304542894891
0.6353444927767053 0.9165304542894891
0.6393848968171094 0.9165304542894891
0.6434253008575135 0.9165304542894891
0.6474657048979175 0.9165304542894891
0.6515061089383215 0.9165304542894891
0.6555465129787256 0.9165304542894891
0.6595869170191295 0.9165304542894891
0.6636273210595336 0.9165304542894891
0.6676677250999377 0.9165304542894891
0.6717081291403417 0.9165304542894891
0.6757485331807458 0.9165304542894891
0.6797889372211499 0.9165304542894891
0.6838293412615538 0.9165304542894891
0.6878697453019579 0.9165304542894891
0.691910149342362 0.9165304542894891
0.6959505533827659 0.9165304542894891
0.69999095742317 0.9165304542894891
0.29999095742317 0.920570858329893
0.304031361463574 0.920570858329893
0.3080717655039781 0.920570858329893
0.31211216954438215 0.920570858329893
0.31615257358478616 0.920570858329893
0.32019297762519017 0.920570858329893
0.32423338166559423 0.920570858329893
0.3282737857059983 0.920570858329893
0.3323141897464023 0.920570858329893
0.3363545937868064 0.920570858329893
0.3403949978272104 0.920570858329893
0.34443540186761445 0.920570858329893
0.3484758059080185 0.920570858329893
0.35251620994842253 0.920570858329893
0.35655661398882654 0.920570858329893
0.3605970180292306 0.920570858329893
0.3646374220696347 0.920570858329893
0.3686778261100387 0.920570858329893
0.3727182301504427 0.920570858329893
0.37675863419084676 0.920570858329893
0.38079903823125083 0.920570858329893
0.38483944227165484 0.920570858329893
0.396960654392867 0.920570858329893
0.401001058433271 0.920570858329893
0.4090818665140791 0.920570858329893
0.41312227055448314 0.920570858329893
0.4171626745948872 0.920570858329893
0.4212030786352912 0.920570858329893
0.4292838867160993 0.920570858329893
0.43332429075650336 0.920570858329893
0.43736469479690737 0.920570858329893
0.4414050988373114 0.920570858329893
0.44544550287771545 0.920570858329893
0.4494859069181195 0.920570858329893
0.4535263109585235 0.920570858329893
0.45756671499892754 0.920570858329893
0.4616071190393316 0.920570858329893
0.46564752307973567 0.920570858329893
0.46968792712013974 0.920570858329893
0.47372833116054375 0.920570858329893
0.47776873520094776 0.920570858329893
0.4818091392413518 0.920570858329893
0.4858495432817559 0.920570858329893
0.4898899473221599 0.920570858329893
0.4939303513625639 0.920570858329893
0.497970755402968 0.920570858329893
0.502011159443372 0.920570858329893
0.5060515634837761 0.920570858329893
0.5100919675241801 0.920570858329893
0.5141323715645841 0.920570858329893
0.5181727756049882 0.920570858329893
0.5222131796453922 0.920570858329893
0.5262535836857962 0.920570858329893
0.5302939877262003 0.920570858329893
0.5343343917666044 0.920570858329893
0.5383747958070084 0.920570858329893
0.5424151998474125 0.920570858329893
0.5464556038878164 0.920570858329893
0.5504960079282205 0.920570858329893
0.5545364119686245 0.920570858329893
0.5585768160090285 0.920570858329893
0.5626172200494326 0.920570858329893
0.5666576240898367 0.920570858329893
0.5706980281302407 0.920570858329893
0.5747384321706448 0.920570858329893
0.5787788362110489 0.920570858329893
0.5828192402514528 0.920570858329893
0.5868596442918569 0.920570858329893
0.5909000483322608 0.920570858329893
0.5949404523726649 0.920570858329893
0.598980856413069 0.920570858329893
0.603021260453473 0.920570858329893
0.6070616644938771 0.920570858329893
0.6111020685342812 0.920570858329893
0.6151424725746851 0.920570858329893
0.6191828766150892 0.920570858329893
0.6232232806554932 0.920570858329893
0.6272636846958972 0.920570858329893
0.6313040887363013 0.920570858329893
0.6353444927767053 0.920570858329893
0.6393848968171094 0.920570858329893
0.6434253008575135 0.920570858329893
0.6474657048979175 0.920570858329893
0.6515061089383215 0.920570858329893
0.6555465129787256 0.920570858329893
0.6595869170191295 0.920570858329893
0.6636273210595336 0.920570858329893
0.6676677250999377 0.920570858329893
0.6717081291403417 0.920570858329893
0.6757485331807458 0.920570858329893
0.6797889372211499 0.920570858329893
0.6838293412615538 0.920570858329893
0.6878697453019579 0.920570858329893
0.691910149342362 0.920570858329893
0.6959505533827659 0.920570858329893
0.69999095742317 0.920570858329893
0.29999095742317 0.9246112623702971
0.304031361463574 0.9246112623702971
0.3080717655039781 0.9246112623702971
0.31211216954438215 0.9246112623702971
0.31615257358478616 0.9246112623702971
0.32019297762519017 0.9246112623702971
0.32423338166559423 0.9246112623702971
0.3282737857059983 0.9246112623702971
0.3323141897464023 0.9246112623702971
0.3363545937868064 0.9246112623702971
0.3403949978272104 0.9246112623702971
0.34443540186761445 0.9246112623702971
0.3484758059080185 0.9246112623702971
0.35251620994842253 0.9246112623702971
0.35655661398882654 0.9246112623702971
0.3605970180292306 0.9246112623702971
0.3646374220696347 0.9246112623702971
0.3686778261100387 0.9246112623702971
0.3727182301504427 0.9246112623702971
0.37675863419084676 0.9246112623702971
0.3888798463120589 0.9246112623702971
0.3929202503524629 0.9246112623702971
0.396960654392867 0.9246112623702971
0.401001058433271 0.9246112623702971
0.40504146247367506 0.9246112623702971
0.4090818665140791 0.9246112623702971
0.41312227055448314 0.9246112623702971
0.4171626745948872 0.9246112623702971
0.4212030786352912 0.9246112623702971
0.42524348267569523 0.9246112623702971
0.4292838867160993 0.9246112623702971
0.43332429075650336 0.9246112623702971
0.43736469479690737 0.9246112623702971
0.4414050988373114 0.9246112623702971
0.44544550287771545 0.9246112623702971
0.4494859069181195 0.9246112623702971
0.4535263109585235 0.9246112623702971
0.45756671499892754 0.9246112623702971
0.4616071190393316 0.9246112623702971
0.46564752307973567 0.9246112623702971
0.46968792712013974 0.9246112623702971
0.47372833116054375 0.9246112623702971
0.47776873520094776 0.9246112623702971
0.4818091392413518 0.9246112623702971
0.4858495432817559 0.9246112623702971
0.4898899473221599 0.9246112623702971
0.4939303513625639 0.9246112623702971
0.497970755402968 0.9246112623702971
0.502011159443372 0.9246112623702971
0.5060515634837761 0.9246112623702971
0.5100919675241801 0.9246112623702971
0.5141323715645841 0.9246112623702971
0.5181727756049882 0.9246112623702971
0.5222131796453922 0.9246112623702971
0.5262535836857962 0.9246112623702971
0.5302939877262003 0.9246112623702971
0.5343343917666044 0.9246112623702971
0.5383747958070084 0.9246112623702971
0.5424151998474125 0.9246112623702971
0.5464556038878164 0.9246112623702971
0.5504960079282205 0.9246112623702971
0.5545364119686245 0.9246112623702971
0.5585768160090285 0.9246112623702971
0.5626172200494326 0.9246112623702971
0.5666576240898367 0.9246112623702971
0.5706980281302407 0.9246112623702971
0.5747384321706448 0.9246112623702971
0.5787788362110489 0.9246112623702971
0.5828192402514528 0.9246112623702971
0.5868596442918569 0.9246112623702971
0.5909000483322608 0.9246112623702971
0.5949404523726649 0.9246112623702971
0.598980856413069 0.9246112623702971
0.603021260453473 0.9246112623702971
0.6070616644938771 0.9246112623702971
0.6111020685342812 0.9246112623702971
0.6151424725746851 0.9246112623702971
0.6191828766150892 0.9246112623702971
0.6232232806554932 0.9246112623702971
0.6272636846958972 0.9246112623702971
0.6313040887363013 0.9246112623702971
0.6353444927767053 0.9246112623702971
0.6393848968171094 0.9246112623702971
0.6434253008575135 0.9246112623702971
0.6474657048979175 0.9246112623702971
0.6515061089383215 0.9246112623702971
0.6555465129787256 0.9246112623702971
0.6595869170191295 0.9246112623702971
0.6636273210595336 0.9246112623702971
0.6676677250999377 0.9246112623702971
0.6717081291403417 0.9246112623702971
0.6757485331807458 0.9246112623702971
0.6797889372211499 0.9246112623702971
0.6838293412615538 0.9246112623702971
0.6878697453019579 0.9246112623702971
0.691910149342362 0.9246112623702971
0.6959505533827659 0.9246112623702971
0.69999095742317 0.9246112623702971
0.29999095742317 0.9286516664107012
0.304031361463574 0.9286516664107012
0.3080717655039781 0.9286516664107012
0.31211216954438215 0.9286516664107012
0.31615257358478616 0.9286516664107012
0.32019297762519017 0.9286516664107012
0.32423338166559423 0.9286516664107012
0.3282737857059983 0.9286516664107012
0.3323141897464023 0.9286516664107012
0.3363545937868064 0.9286516664107012
0.3403949978272104 0.9286516664107012
0.34443540186761445 0.9286516664107012
0.3484758059080185 0.9286516664107012
0.35251620994842253 0.9286516664107012
0.35655661398882654 0.9286516664107012
0.3605970180292306 0.9286516664107012
0.3646374220696347 0.9286516664107012
0.37675863419084676 0.9286516664107012
0.38079903823125083 0.9286516664107012
0.38483944227165484 0.9286516664107012
0.3888798463120589 0.9286516664107012
0.3929202503524629 0.9286516664107012
0.401001058433271 0.9286516664107012
0.40504146247367506 0.9286516664107012
0.4090818665140791 0.9286516664107012
0.41312227055448314 0.9286516664107012
0.4171626745948872 0.9286516664107012
0.4212030786352912 0.9286516664107012
0.42524348267569523 0.9286516664107012
0.4292838867160993 0.9286516664107012
0.43332429075650336 0.9286516664107012
0.43736469479690737 0.9286516664107012
0.4414050988373114 0.9286516664107012
0.44544550287771545 0.9286516664107012
0.4494859069181195 0.9286516664107012
0.4535263109585235 0.9286516664107012
0.45756671499892754 0.9286516664107012
0.4616071190393316 0.9286516664107012
0.46564752307973567 0.9286516664107012
0.46968792712013974 0.9286516664107012
0.47372833116054375 0.9286516664107012
0.47776873520094776 0.9286516664107012
0.4818091392413518 0.9286516664107012
0.4858495432817559 0.9286516664107012
0.4898899473221599 0.9286516664107012
0.4939303513625639 0.9286516664107012
0.497970755402968 0.9286516664107012
0.502011159443372 0.9286516664107012
0.5060515634837761 0.9286516664107012
0.5100919675241801 0.9286516664107012
0.5141323715645841 0.9286516664107012
0.5181727756049882 0.9286516664107012
0.5222131796453922 0.9286516664107012
0.5262535836857962 0.9286516664107012
0.5302939877262003 0.9286516664107012
0.5343343917666044 0.9286516664107012
0.5383747958070084 0.9286516664107012
0.5424151998474125 0.9286516664107012
0.5464556038878164 0.9286516664107012
0.5504960079282205 0.9286516664107012
0.5545364119686245 0.9286516664107012
0.5585768160090285 0.9286516664107012
0.5626172200494326 0.9286516664107012
0.5666576240898367 0.9286516664107012
0.5706980281302407 0.9286516664107012
0.5747384321706448 0.9286516664107012
0.5787788362110489 0.9286516664107012
0.5828192402514528 0.9286516664107012
0.5868596442918569 0.9286516664107012
0.5909000483322608 0.9286516664107012
0.5949404523726649 0.9286516664107012
0.598980856413069 0.9286516664107012
0.603021260453473 0.9286516664107012
0.6070616644938771 0.9286516664107012
0.6111020685342812 0.9286516664107012
0.6151424725746851 0.9286516664107012
0.6191828766150892 0.9286516664107012
0.6232232806554932 0.9286516664107012
0.6272636846958972 0.9286516664107012
0.6313040887363013 0.9286516664107012
0.6353444927767053 0.9286516664107012
0.6393848968171094 0.9286516664107012
0.6434253008575135 0.9286516664107012
0.6474657048979175 0.9286516664107012
0.6515061089383215 0.9286516664107012
0.6555465129787256 0.9286516664107012
0.6595869170191295 0.9286516664107012
0.6636273210595336 0.9286516664107012
0.6676677250999377 0.9286516664107012
0.6717081291403417 0.9286516664107012
0.6757485331807458 0.9286516664107012
0.6797889372211499 0.9286516664107012
0.6838293412615538 0.9286516664107012
0.6878697453019579 0.9286516664107012
0.691910149342362 0.9286516664107012
0.6959505533827659 0.9286516664107012
0.69999095742317 0.9286516664107012
0.29999095742317 0.9326920704511052
0.304031361463574 0.9326920704511052
0.3080717655039781 0.9326920704511052
0.31211216954438215 0.9326920704511052
0.31615257358478616 0.9326920704511052
0.32019297762519017 0.9326920704511052
0.32423338166559423 0.9326920704511052
0.3282737857059983 0.9326920704511052
0.3323141897464023 0.9326920704511052
0.3363545937868064 0.9326920704511052
0.3403949978272104 0.9326920704511052
0.34443540186761445 0.9326920704511052
0.3484758059080185 0.9326920704511052
0.35251620994842253 0.9326920704511052
0.35655661398882654 0.9326920704511052
0.3686778261100387 0.9326920704511052
0.3727182301504427 0.9326920704511052
0.38079903823125083 0.9326920704511052
0.38483944227165484 0.9326920704511052
0.3888798463120589 0.9326920704511052
0.3929202503524629 0.9326920704511052
0.396960654392867 0.9326920704511052
0.401001058433271 0.9326920704511052
0.40504146247367506 0.9326920704511052
0.4090818665140791 0.9326920704511052
0.41312227055448314 0.9326920704511052
0.4171626745948872 0.9326920704511052
0.4212030786352912 0.9326920704511052
0.42524348267569523 0.9326920704511052
0.4292838867160993 0.9326920704511052
0.43332429075650336 0.9326920704511052
0.43736469479690737 0.9326920704511052
0.4414050988373114 0.9326920704511052
0.44544550287771545 0.9326920704511052
0.4494859069181195 0.9326920704511052
0.4535263109585235 0.9326920704511052
0.45756671499892754 0.9326920704511052
0.4616071190393316 0.9326920704511052
0.46564752307973567 0.9326920704511052
0.46968792712013974 0.9326920704511052
0.47372833116054375 0.9326920704511052
0.47776873520094776 0.9326920704511052
0.4818091392413518 0.9326920704511052
0.4858495432817559 0.9326920704511052
0.4898899473221599 0.9326920704511052
0.4939303513625639 0.9326920704511052
0.497970755402968 0.9326920704511052
0.502011159443372 0.9326920704511052
0.5060515634837761 0.9326920704511052
0.5100919675241801 0.9326920704511052
0.5141323715645841 0.9326920704511052
0.5181727756049882 0.9326920704511052
0.5222131796453922 0.9326920704511052
0.5262535836857962 0.9326920704511052
0.5302939877262003 0.9326920704511052
0.5343343917666044 0.9326920704511052
0.5383747958070084 0.9326920704511052
0.5424151998474125 0.9326920704511052
0.5464556038878164 0.9326920704511052
0.5504960079282205 0.9326920704511052
0.5545364119686245 0.9326920704511052
0.5585768160090285 0.9326920704511052
0.5626172200494326 0.9326920704511052
0.5666576240898367 0.9326920704511052
0.5706980281302407 0.9326920704511052
0.5747384321706448 0.9326920704511052
0.5787788362110489 0.9326920704511052
0.5828192402514528 0.9326920704511052
0.5868596442918569 0.9326920704511052
0.5909000483322608 0.9326920704511052
0.5949404523726649 0.9326920704511052
0.598980856413069 0.9326920704511052
0.603021260453473 0.9326920704511052
0.6070616644938771 0.9326920704511052
0.6111020685342812 0.9326920704511052
0.6151424725746851 0.9326920704511052
0.6191828766150892 0.9326920704511052
0.6232232806554932 0.9326920704511052
0.6272636846958972 0.9326920704511052
0.6313040887363013 0.9326920704511052
0.6353444927767053 0.9326920704511052
0.6393848968171094 0.9326920704511052
0.6434253008575135 0.9326920704511052
0.6474657048979175 0.9326920704511052
0.6515061089383215 0.9326920704511052
0.6555465129787256 0.9326920704511052
0.6595869170191295 0.9326920704511052
0.6636273210595336 0.9326920704511052
0.6676677250999377 0.9326920704511052
0.6717081291403417 0.9326920704511052
0.6757485331807458 0.9326920704511052
0.6797889372211499 0.9326920704511052
0.6838293412615538 0.9326920704511052
0.6878697453019579 0.9326920704511052
0.691910149342362 0.9326920704511052
0.6959505533827659 0.9326920704511052
0.69999095742317 0.9326920704511052
0.29999095742317 0.9367324744915093
0.304031361463574 0.9367324744915093
0.3080717655039781 0.9367324744915093
0.31211216954438215 0.9367324744915093
0.31615257358478616 0.9367324744915093
0.32019297762519017 0.9367324744915093
0.32423338166559423 0.9367324744915093
0.3282737857059983 0.9367324744915093
0.3323141897464023 0.9367324744915093
0.3363545937868064 0.9367324744915093
0.3403949978272104 0.9367324744915093
0.34443540186761445 0.9367324744915093
0.35655661398882654 0.9367324744915093
0.3605970180292306 0.9367324744915093
0.3646374220696347 0.9367324744915093
0.3686778261100387 0.9367324744915093
0.3727182301504427 0.9367324744915093
0.37675863419084676 0.9367324744915093
0.38079903823125083 0.9367324744915093
0.38483944227165484 0.9367324744915093
0.3888798463120589 0.9367324744915093
0.3929202503524629 0.9367324744915093
0.396960654392867 0.9367324744915093
0.401001058433271 0.9367324744915093
0.40504146247367506 0.9367324744915093
0.4090818665140791 0.9367324744915093
0.41312227055448314 0.9367324744915093
0.4171626745948872 0.9367324744915093
0.4212030786352912 0.9367324744915093
0.42524348267569523 0.9367324744915093
0.4292838867160993 0.9367324744915093
0.43332429075650336 0.9367324744915093
0.43736469479690737 0.9367324744915093
0.4414050988373114 0.9367324744915093
0.44544550287771545 0.9367324744915093
0.4494859069181195 0.9367324744915093
0.4535263109585235 0.9367324744915093
0.45756671499892754 0.9367324744915093
0.4616071190393316 0.9367324744915093
0.46564752307973567 0.9367324744915093
0.46968792712013974 0.9367324744915093
0.47372833116054375 0.9367324744915093
0.47776873520094776 0.9367324744915093
0.4818091392413518 0.9367324744915093
0.4858495432817559 0.9367324744915093
0.4898899473221599 0.9367324744915093
0.4939303513625639 0.9367324744915093
0.497970755402968 0.9367324744915093
0.502011159443372 0.9367324744915093
0.5060515634837761 0.9367324744915093
0.5100919675241801 0.9367324744915093
0.5141323715645841 0.9367324744915093
0.5181727756049882 0.9367324744915093
0.5222131796453922 0.9367324744915093
0.5262535836857962 0.9367324744915093
0.5302939877262003 0.9367324744915093
0.5343343917666044 0.9367324744915093
0.5383747958070084 0.9367324744915093
0.5424151998474125 0.9367324744915093
0.5464556038878164 0.9367324744915093
0.5504960079282205 0.9367324744915093
0.5545364119686245 0.9367324744915093
0.5585768160090285 0.9367324744915093
0.5626172200494326 0.9367324744915093
0.5666576240898367 0.9367324744915093
0.5706980281302407 0.9367324744915093
0.5747384321706448 0.9367324744915093
0.5787788362110489 0.9367324744915093
0.5828192402514528 0.9367324744915093
0.5868596442918569 0.9367324744915093
0.5909000483322608 0.9367324744915093
0.5949404523726649 0.9367324744915093
0.598980856413069 0.9367324744915093
0.603021260453473 0.9367324744915093
0.6070616644938771 0.9367324744915093
0.6111020685342812 0.9367324744915093
0.6151424725746851 0.9367324744915093
0.6191828766150892 0.9367324744915093
0.6232232806554932 0.9367324744915093
0.6272636846958972 0.9367324744915093
0.6313040887363013 0.9367324744915093
0.6353444927767053 0.9367324744915093
0.6393848968171094 0.9367324744915093
0.6434253008575135 0.9367324744915093
0.6474657048979175 0.9367324744915093
0.6515061089383215 0.9367324744915093
0.6555465129787256 0.9367324744915093
0.6595869170191295 0.9367324744915093
0.6636273210595336 0.9367324744915093
0.6676677250999377 0.9367324744915093
0.6717081291403417 0.9367324744915093
0.6757485331807458 0.9367324744915093
0.6797889372211499 0.9367324744915093
0.6838293412615538 0.9367324744915093
0.6878697453019579 0.9367324744915093
0.691910149342362 0.9367324744915093
0.6959505533827659 0.9367324744915093
0.69999095742317 0.9367324744915093
0.29999095742317 0.9407728785319134
0.304031361463574 0.9407728785319134
0.3080717655039781 0.9407728785319134
0.31211216954438215 0.9407728785319134
0.31615257358478616 0.9407728785319134
0.32019297762519017 0.9407728785319134
0.32423338166559423 0.9407728785319134
0.3282737857059983 0.9407728785319134
0.3323141897464023 0.9407728785319134
0.34443540186761445 0.9407728785319134
0.3484758059080185 0.9407728785319134
0.35251620994842253 0.9407728785319134
0.35655661398882654 0.9407728785319134
0.3646374220696347 0.9407728785319134
0.3686778261100387 0.9407728785319134
0.3727182301504427 0.9407728785319134
0.37675863419084676 0.9407728785319134
0.38079903823125083 0.9407728785319134
0.38483944227165484 0.9407728785319134
0.3888798463120589 0.9407728785319134
0.3929202503524629 0.9407728785319134
0.396960654392867 0.9407728785319134
0.401001058433271 0.9407728785319134
0.40504146247367506 0.9407728785319134
0.4090818665140791 0.9407728785319134
0.41312227055448314 0.9407728785319134
0.4171626745948872 0.9407728785319134
0.4212030786352912 0.9407728785319134
0.42524348267569523 0.9407728785319134
0.4292838867160993 0.9407728785319134
0.43332429075650336 0.9407728785319134
0.43736469479690737 0.9407728785319134
0.4414050988373114 0.9407728785319134
0.44544550287771545 0.9407728785319134
0.4494859069181195 0.9407728785319134
0.4535263109585235 0.9407728785319134
0.45756671499892754 0.9407728785319134
0.4616071190393316 0.9407728785319134
0.46564752307973567 0.9407728785319134
0.46968792712013974 0.9407728785319134
0.47372833116054375 0.9407728785319134
0.47776873520094776 0.9407728785319134
0.4818091392413518 0.9407728785319134
0.4858495432817559 0.9407728785319134
0.4898899473221599 0.9407728785319134
0.4939303513625639 0.9407728785319134
0.497970755402968 0.9407728785319134
0.502011159443372 0.9407728785319134
0.5060515634837761 0.9407728785319134
0.5100919675241801 0.9407728785319134
0.5141323715645841 0.9407728785319134
0.5181727756049882 0.9407728785319134
0.5222131796453922 0.9407728785319134
0.5262535836857962 0.9407728785319134
0.5302939877262003 0.9407728785319134
0.5343343917666044 0.9407728785319134
0.5383747958070084 0.9407728785319134
0.5424151998474125 0.9407728785319134
0.5464556038878164 0.9407728785319134
0.5504960079282205 0.9407728785319134
0.5545364119686245 0.9407728785319134
0.5585768160090285 0.9407728785319134
0.5626172200494326 0.9407728785319134
0.5666576240898367 0.9407728785319134
0.5706980281302407 0.9407728785319134
0.5747384321706448 0.9407728785319134
0.5787788362110489 0.9407728785319134
0.5828192402514528 0.9407728785319134
0.5868596442918569 0.9407728785319134
0.5909000483322608 0.9407728785319134
0.5949404523726649 0.9407728785319134
0.598980856413069 0.9407728785319134
0.603021260453473 0.9407728785319134
0.6070616644938771 0.9407728785319134
0.6111020685342812 0.9407728785319134
0.6151424725746851 0.9407728785319134
0.6191828766150892 0.9407728785319134
0.6232232806554932 0.9407728785319134
0.6272636846958972 0.9407728785319134
0.6313040887363013 0.9407728785319134
0.6353444927767053 0.9407728785319134
0.6393848968171094 0.9407728785319134
0.6434253008575135 0.9407728785319134
0.6474657048979175 0.9407728785319134
0.6515061089383215 0.9407728785319134
0.6555465129787256 0.9407728785319134
0.6595869170191295 0.9407728785319134
0.6636273210595336 0.9407728785319134
0.6676677250999377 0.9407728785319134
0.6717081291403417 0.9407728785319134
0.6757485331807458 0.9407728785319134
0.6797889372211499 0.9407728785319134
0.6838293412615538 0.9407728785319134
0.6878697453019579 0.9407728785319134
0.691910149342362 0.9407728785319134
0.6959505533827659 0.9407728785319134
0.69999095742317 0.9407728785319134
0.29999095742317 0.9448132825723174
0.304031361463574 0.9448132825723174
0.3080717655039781 0.9448132825723174
0.31211216954438215 0.9448132825723174
0.31615257358478616 0.9448132825723174
0.32019297762519017 0.9448132825723174
0.3363545937868064 0.9448132825723174
0.3403949978272104 0.9448132825723174
0.3484758059080185 0.9448132825723174
0.35251620994842253 0.9448132825723174
0.35655661398882654 0.9448132825723174
0.3605970180292306 0.9448132825723174
0.3646374220696347 0.9448132825723174
0.3686778261100387 0.9448132825723174
0.3727182301504427 0.9448132825723174
0.37675863419084676 0.9448132825723174
0.38079903823125083 0.9448132825723174
0.38483944227165484 0.9448132825723174
0.3888798463120589 0.9448132825723174
0.3929202503524629 0.9448132825723174
0.396960654392867 0.9448132825723174
0.401001058433271 0.9448132825723174
0.40504146247367506 0.9448132825723174
0.4090818665140791 0.9448132825723174
0.41312227055448314 0.9448132825723174
0.4171626745948872 0.9448132825723174
0.4212030786352912 0.9448132825723174
0.42524348267569523 0.9448132825723174
0.4292838867160993 0.9448132825723174
0.43332429075650336 0.9448132825723174
0.43736469479690737 0.9448132825723174
0.4414050988373114 0.9448132825723174
0.44544550287771545 0.9448132825723174
0.4494859069181195 0.9448132825723174
0.4535263109585235 0.9448132825723174
0.45756671499892754 0.9448132825723174
0.4616071190393316 0.9448132825723174
0.46564752307973567 0.9448132825723174
0.46968792712013974 0.9448132825723174
0.47372833116054375 0.9448132825723174
0.47776873520094776 0.9448132825723174
0.4818091392413518 0.9448132825723174
0.4858495432817559 0.9448132825723174
0.4898899473221599 0.9448132825723174
0.4939303513625639 0.9448132825723174
0.497970755402968 0.9448132825723174
0.502011159443372 0.9448132825723174
0.5060515634837761 0.9448132825723174
0.5100919675241801 0.9448132825723174
0.5141323715645841 0.9448132825723174
0.5181727756049882 0.9448132825723174
0.5222131796453922 0.9448132825723174
0.5262535836857962 0.9448132825723174
0.5302939877262003 0.9448132825723174
0.5343343917666044 0.9448132825723174
0.5383747958070084 0.9448132825723174
0.5424151998474125 0.9448132825723174
0.5464556038878164 0.9448132825723174
0.5504960079282205 0.9448132825723174
0.5545364119686245 0.9448132825723174
0.5585768160090285 0.9448132825723174
0.5626172200494326 0.9448132825723174
0.5666576240898367 0.9448132825723174
0.5706980281302407 0.9448132825723174
0.5747384321706448 0.9448132825723174
0.5787788362110489 0.9448132825723174
0.5828192402514528 0.9448132825723174
0.5868596442918569 0.9448132825723174
0.5909000483322608 0.9448132825723174
0.5949404523726649 0.9448132825723174
0.598980856413069 0.9448132825723174
0.603021260453473 0.9448132825723174
0.6070616644938771 0.9448132825723174
0.6111020685342812 0.9448132825723174
0.6151424725746851 0.9448132825723174
0.6191828766150892 0.9448132825723174
0.6232232806554932 0.9448132825723174
0.6272636846958972 0.9448132825723174
0.6313040887363013 0.9448132825723174
0.6353444927767053 0.9448132825723174
0.6393848968171094 0.9448132825723174
0.6434253008575135 0.9448132825723174
0.6474657048979175 0.9448132825723174
0.6515061089383215 0.9448132825723174
0.6555465129787256 0.9448132825723174
0.6595869170191295 0.9448132825723174
0.6636273210595336 0.9448132825723174
0.6676677250999377 0.9448132825723174
0.6717081291403417 0.9448132825723174
0.6757485331807458 0.9448132825723174
0.6797889372211499 0.9448132825723174
0.6838293412615538 0.9448132825723174
0.6878697453019579 0.9448132825723174
0.691910149342362 0.9448132825723174
0.6959505533827659 0.9448132825723174
0.69999095742317 0.9448132825723174
0.29999095742317 0.9488536866127214
0.304031361463574 0.9488536866127214
0.3080717655039781 0.9488536866127214
0.32423338166559423 0.9488536866127214
0.3282737857059983 0.9488536866127214
0.3323141897464023 0.9488536866127214
0.3363545937868064 0.9488536866127214
0.3403949978272104 0.9488536866127214
0.34443540186761445 0.9488536866127214
0.3484758059080185 0.9488536866127214
0.35251620994842253 0.9488536866127214
0.35655661398882654 0.9488536866127214
0.3605970180292306 0.9488536866127214
0.3646374220696347 0.9488536866127214
0.3686778261100387 0.9488536866127214
0.3727182301504427 0.9488536866127214
0.37675863419084676 0.9488536866127214
0.38079903823125083 0.9488536866127214
0.38483944227165484 0.9488536866127214
0.3888798463120589 0.9488536866127214
0.3929202503524629 0.9488536866127214
0.396960654392867 0.9488536866127214
0.401001058433271 0.9488536866127214
0.40504146247367506 0.9488536866127214
0.4090818665140791 0.9488536866127214
0.41312227055448314 0.9488536866127214
0.4171626745948872 0.9488536866127214
0.4212030786352912 0.9488536866127214
0.42524348267569523 0.9488536866127214
0.4292838867160993 0.9488536866127214
0.43332429075650336 0.9488536866127214
0.43736469479690737 0.9488536866127214
0.4414050988373114 0.9488536866127214
0.44544550287771545 0.9488536866127214
0.4494859069181195 0.9488536866127214
0.4535263109585235 0.9488536866127214
0.45756671499892754 0.9488536866127214
0.4616071190393316 0.9488536866127214
0.46564752307973567 0.9488536866127214
0.46968792712013974 0.9488536866127214
0.47372833116054375 0.9488536866127214
0.47776873520094776 0.9488536866127214
0.4818091392413518 0.9488536866127214
0.4858495432817559 0.9488536866127214
0.4898899473221599 0.9488536866127214
0.4939303513625639 0.9488536866127214
0.497970755402968 0.9488536866127214
0.502011159443372 0.9488536866127214
0.5060515634837761 0.9488536866127214
0.5100919675241801 0.9488536866127214
0.5141323715645841 0.9488536866127214
0.5181727756049882 0.9488536866127214
0.5222131796453922 0.9488536866127214
0.5262535836857962 0.9488536866127214
0.5302939877262003 0.9488536866127214
0.5343343917666044 0.9488536866127214
0.5383747958070084 0.9488536866127214
0.5424151998474125 0.9488536866127214
0.5464556038878164 0.9488536866127214
0.5504960079282205 0.9488536866127214
0.5545364119686245 0.9488536866127214
0.5585768160090285 0.9488536866127214
0.5626172200494326 0.9488536866127214
0.5666576240898367 0.9488536866127214
0.5706980281302407 0.9488536866127214
0.5747384321706448 0.9488536866127214
0.5787788362110489 0.9488536866127214
0.5828192402514528 0.9488536866127214
0.5868596442918569 0.9488536866127214
0.5909000483322608 0.9488536866127214
0.5949404523726649 0.9488536866127214
0.598980856413069 0.9488536866127214
0.603021260453473 0.9488536866127214
0.6070616644938771 0.9488536866127214
0.6111020685342812 0.9488536866127214
0.6151424725746851 0.9488536866127214
0.6191828766150892 0.9488536866127214
0.6232232806554932 0.9488536866127214
0.6272636846958972 0.9488536866127214
0.6313040887363013 0.9488536866127214
0.6353444927767053 0.9488536866127214
0.6393848968171094 0.9488536866127214
0.6434253008575135 0.9488536866127214
0.6474657048979175 0.9488536866127214
0.6515061089383215 0.9488536866127214
0.6555465129787256 0.9488536866127214
0.6595869170191295 0.9488536866127214
0.6636273210595336 0.9488536866127214
0.6676677250999377 0.9488536866127214
0.6717081291403417 0.9488536866127214
0.6757485331807458 0.9488536866127214
0.6797889372211499 0.9488536866127214
0.6838293412615538 0.9488536866127214
0.6878697453019579 0.9488536866127214
0.691910149342362 0.9488536866127214
0.6959505533827659 0.9488536866127214
0.69999095742317 0.9488536866127214
0.31211216954438215 0.9528940906531255
0.31615257358478616 0.9528940906531255
0.32019297762519017 0.9528940906531255
0.3282737857059983 0.9528940906531255
0.3323141897464023 0.9528940906531255
0.3363545937868064 0.9528940906531255
0.3403949978272104 0.9528940906531255
0.34443540186761445 0.9528940906531255
0.3484758059080185 0.9528940906531255
0.35251620994842253 0.9528940906531255
0.35655661398882654 0.9528940906531255
0.3605970180292306 0.9528940906531255
0.3646374220696347 0.9528940906531255
0.3686778261100387 0.9528940906531255
0.3727182301504427 0.9528940906531255
0.37675863419084676 0.9528940906531255
0.38079903823125083 0.9528940906531255
0.38483944227165484 0.9528940906531255
0.3888798463120589 0.9528940906531255
0.3929202503524629 0.9528940906531255
0.396960654392867 0.9528940906531255
0.401001058433271 0.9528940906531255
0.40504146247367506 0.9528940906531255
0.4090818665140791 0.9528940906531255
0.41312227055448314 0.9528940906531255
0.4171626745948872 0.9528940906531255
0.4212030786352912 0.9528940906531255
0.42524348267569523 0.9528940906531255
0.4292838867160993 0.9528940906531255
0.43332429075650336 0.9528940906531255
0.43736469479690737 0.9528940906531255
0.4414050988373114 0.9528940906531255
0.44544550287771545 0.9528940906531255
0.4494859069181195 0.9528940906531255
0.4535263109585235 0.9528940906531255
0.45756671499892754 0.9528940906531255
0.4616071190393316 0.9528940906531255
0.46564752307973567 0.9528940906531255
0.46968792712013974 0.9528940906531255
0.47372833116054375 0.9528940906531255
0.47776873520094776 0.9528940906531255
0.4818091392413518 0.9528940906531255
0.4858495432817559 0.9528940906531255
0.4898899473221599 0.9528940906531255
0.4939303513625639 0.9528940906531255
0.497970755402968 0.9528940906531255
0.502011159443372 0.9528940906531255
0.5060515634837761 0.9528940906531255
0.5100919675241801 0.9528940906531255
0.5141323715645841 0.9528940906531255
0.5181727756049882 0.9528940906531255
0.5222131796453922 0.9528940906531255
0.5262535836857962 0.9528940906531255
0.5302939877262003 0.9528940906531255
0.5343343917666044 0.9528940906531255
0.5383747958070084 0.9528940906531255
0.5424151998474125 0.9528940906531255
0.5464556038878164 0.9528940906531255
0.5504960079282205 0.9528940906531255
0.5545364119686245 0.9528940906531255
0.5585768160090285 0.9528940906531255
0.5626172200494326 0.9528940906531255
0.5666576240898367 0.9528940906531255
0.5706980281302407 0.9528940906531255
0.5747384321706448 0.9528940906531255
0.5787788362110489 0.9528940906531255
0.5828192402514528 0.9528940906531255
0.5868596442918569 0.9528940906531255
0.5909000483322608 0.9528940906531255
0.5949404523726649 0.9528940906531255
0.598980856413069 0.9528940906531255
0.603021260453473 0.9528940906531255
0.6070616644938771 0.9528940906531255
0.6111020685342812 0.9528940906531255
0.6151424725746851 0.9528940906531255
0.6191828766150892 0.9528940906531255
0.6232232806554932 0.9528940906531255
0.6272636846958972 0.9528940906531255
0.6313040887363013 0.9528940906531255
0.6353444927767053 0.9528940906531255
0.6393848968171094 0.9528940906531255
0.6434253008575135 0.9528940906531255
0.6474657048979175 0.9528940906531255
0.6515061089383215 0.9528940906531255
0.6555465129787256 0.9528940906531255
0.6595869170191295 0.9528940906531255
0.6636273210595336 0.9528940906531255
0.6676677250999377 0.9528940906531255
0.6717081291403417 0.9528940906531255
0.6757485331807458 0.9528940906531255
0.6797889372211499 0.9528940906531255
0.6838293412615538 0.9528940906531255
0.6878697453019579 0.9528940906531255
0.691910149342362 0.9528940906531255
0.6959505533827659 0.9528940906531255
0.69999095742317 0.9528940906531255
0.29999095742317 0.9569344946935294
0.304031361463574 0.9569344946935294
0.3080717655039781 0.9569344946935294
0.31211216954438215 0.9569344946935294
0.32019297762519017 0.9569344946935294
0.32423338166559423 0.9569344946935294
0.3282737857059983 0.9569344946935294
0.3323141897464023 0.9569344946935294
0.3363545937868064 0.9569344946935294
0.3403949978272104 0.9569344946935294
0.34443540186761445 0.9569344946935294
0.3484758059080185 0.9569344946935294
0.35251620994842253 0.9569344946935294
0.35655661398882654 0.9569344946935294
0.3605970180292306 0.9569344946935294
0.3646374220696347 0.9569344946935294
0.3686778261100387 0.9569344946935294
0.3727182301504427 0.9569344946935294
0.37675863419084676 0.9569344946935294
0.38079903823125083 0.9569344946935294
0.38483944227165484 0.9569344946935294
0.3888798463120589 0.9569344946935294
0.3929202503524629 0.9569344946935294
0.396960654392867 0.9569344946935294
0.401001058433271 0.9569344946935294
0.40504146247367506 0.9569344946935294
0.4090818665140791 0.9569344946935294
0.41312227055448314 0.9569344946935294
0.4171626745948872 0.9569344946935294
0.4212030786352912 0.9569344946935294
0.42524348267569523 0.9569344946935294
0.4292838867160993 0.9569344946935294
0.43332429075650336 0.9569344946935294
0.43736469479690737 0.9569344946935294
0.4414050988373114 0.9569344946935294
0.44544550287771545 0.9569344946935294
0.4494859069181195 0.9569344946935294
0.4535263109585235 0.9569344946935294
0.45756671499892754 0.9569344946935294
0.4616071190393316 0.9569344946935294
0.46564752307973567 0.9569344946935294
0.46968792712013974 0.9569344946935294
0.47372833116054375 0.9569344946935294
0.47776873520094776 0.9569344946935294
0.4818091392413518 0.9569344946935294
0.4858495432817559 0.9569344946935294
0.4898899473221599 0.9569344946935294
0.4939303513625639 0.9569344946935294
0.497970755402968 0.9569344946935294
0.502011159443372 0.9569344946935294
0.5060515634837761 0.9569344946935294
0.5100919675241801 0.9569344946935294
0.5141323715645841 0.9569344946935294
0.5181727756049882 0.9569344946935294
0.5222131796453922 0.9569344946935294
0.5262535836857962 0.9569344946935294
0.5302939877262003 0.9569344946935294
0.5343343917666044 0.9569344946935294
0.5383747958070084 0.9569344946935294
0.5424151998474125 0.9569344946935294
0.5464556038878164 0.9569344946935294
0.5504960079282205 0.9569344946935294
0.5545364119686245 0.9569344946935294
0.5585768160090285 0.9569344946935294
0.5626172200494326 0.9569344946935294
0.5666576240898367 0.9569344946935294
0.5706980281302407 0.9569344946935294
0.5747384321706448 0.9569344946935294
0.5787788362110489 0.9569344946935294
0.5828192402514528 0.9569344946935294
0.5868596442918569 0.9569344946935294
0.5909000483322608 0.9569344946935294
0.5949404523726649 0.9569344946935294
0.598980856413069 0.9569344946935294
0.603021260453473 0.9569344946935294
0.6070616644938771 0.9569344946935294
0.6111020685342812 0.9569344946935294
0.6151424725746851 0.9569344946935294
0.6191828766150892 0.9569344946935294
0.6232232806554932 0.9569344946935294
0.6272636846958972 0.9569344946935294
0.6313040887363013 0.9569344946935294
0.6353444927767053 0.9569344946935294
0.6393848968171094 0.9569344946935294
0.6434253008575135 0.9569344946935294
0.6474657048979175 0.9569344946935294
0.6515061089383215 0.9569344946935294
0.6555465129787256 0.9569344946935294
0.6595869170191295 0.9569344946935294
0.6636273210595336 0.9569344946935294
0.6676677250999377 0.9569344946935294
0.6717081291403417 0.9569344946935294
0.6757485331807458 0.9569344946935294
0.6797889372211499 0.9569344946935294
0.6838293412615538 0.9569344946935294
0.6878697453019579 0.9569344946935294
0.691910149342362 0.9569344946935294
0.6959505533827659 0.9569344946935294
0.69999095742317 0.9569344946935294
0.304031361463574 0.9609748987339335
0.3080717655039781 0.9609748987339335
0.31211216954438215 0.9609748987339335
0.31615257358478616 0.9609748987339335
0.32019297762519017 0.9609748987339335
0.32423338166559423 0.9609748987339335
0.3282737857059983 0.9609748987339335
0.3323141897464023 0.9609748987339335
0.3363545937868064 0.9609748987339335
0.3403949978272104 0.9609748987339335
0.34443540186761445 0.9609748987339335
0.3484758059080185 0.9609748987339335
0.35251620994842253 0.9609748987339335
0.35655661398882654 0.9609748987339335
0.3605970180292306 0.9609748987339335
0.3646374220696347 0.9609748987339335
0.3686778261100387 0.9609748987339335
0.3727182301504427 0.9609748987339335
0.37675863419084676 0.9609748987339335
0.38079903823125083 0.9609748987339335
0.38483944227165484 0.9609748987339335
0.3888798463120589 0.9609748987339335
0.3929202503524629 0.9609748987339335
0.396960654392867 0.9609748987339335
0.401001058433271 0.9609748987339335
0.40504146247367506 0.9609748987339335
0.4090818665140791 0.9609748987339335
0.41312227055448314 0.9609748987339335
0.4171626745948872 0.9609748987339335
0.4212030786352912 0.9609748987339335
0.42524348267569523 0.9609748987339335
0.4292838867160993 0.9609748987339335
0.43332429075650336 0.9609748987339335
0.43736469479690737 0.9609748987339335
0.4414050988373114 0.9609748987339335
0.44544550287771545 0.9609748987339335
0.4494859069181195 0.9609748987339335
0.4535263109585235 0.9609748987339335
0.45756671499892754 0.9609748987339335
0.4616071190393316 0.9609748987339335
0.46564752307973567 0.9609748987339335
0.46968792712013974 0.9609748987339335
0.47372833116054375 0.9609748987339335
0.47776873520094776 0.9609748987339335
0.4818091392413518 0.9609748987339335
0.4858495432817559 0.9609748987339335
0.4898899473221599 0.9609748987339335
0.4939303513625639 0.9609748987339335
0.497970755402968 0.9609748987339335
0.502011159443372 0.9609748987339335
0.5060515634837761 0.9609748987339335
0.5100919675241801 0.9609748987339335
0.5141323715645841 0.9609748987339335
0.5181727756049882 0.9609748987339335
0.5222131796453922 0.9609748987339335
0.5262535836857962 0.9609748987339335
0.5302939877262003 0.9609748987339335
0.5343343917666044 0.9609748987339335
0.5383747958070084 0.9609748987339335
0.5424151998474125 0.9609748987339335
0.5464556038878164 0.9609748987339335
0.5504960079282205 0.9609748987339335
0.5545364119686245 0.9609748987339335
0.5585768160090285 0.9609748987339335
0.5626172200494326 0.9609748987339335
0.5666576240898367 0.9609748987339335
0.5706980281302407 0.9609748987339335
0.5747384321706448 0.9609748987339335
0.5787788362110489 0.9609748987339335
0.5828192402514528 0.9609748987339335
0.5868596442918569 0.9609748987339335
0.5909000483322608 0.9609748987339335
0.5949404523726649 0.9609748987339335
0.598980856413069 0.9609748987339335
0.603021260453473 0.9609748987339335
0.6070616644938771 0.9609748987339335
0.6111020685342812 0.9609748987339335
0.6151424725746851 0.9609748987339335
0.6191828766150892 0.9609748987339335
0.6232232806554932 0.9609748987339335
0.6272636846958972 0.9609748987339335
0.6313040887363013 0.9609748987339335
0.6353444927767053 0.9609748987339335
0.6393848968171094 0.9609748987339335
0.6434253008575135 0.9609748987339335
0.6474657048979175 0.9609748987339335
0.6515061089383215 0.9609748987339335
0.6555465129787256 0.9609748987339335
0.6595869170191295 0.9609748987339335
0.6636273210595336 0.9609748987339335
0.6676677250999377 0.9609748987339335
0.6717081291403417 0.9609748987339335
0.6757485331807458 0.9609748987339335
0.6797889372211499 0.9609748987339335
0.6838293412615538 0.9609748987339335
0.6878697453019579 0.9609748987339335
0.691910149342362 0.9609748987339335
0.6959505533827659 0.9609748987339335
0.69999095742317 0.9609748987339335
0.29999095742317 0.9650153027743376
0.304031361463574 0.9650153027743376
0.3080717655039781 0.9650153027743376
0.31211216954438215 0.9650153027743376
0.31615257358478616 0.9650153027743376
0.32019297762519017 0.9650153027743376
0.32423338166559423 0.9650153027743376
0.3282737857059983 0.9650153027743376
0.3323141897464023 0.9650153027743376
0.3363545937868064 0.9650153027743376
0.3403949978272104 0.9650153027743376
0.34443540186761445 0.9650153027743376
0.3484758059080185 0.9650153027743376
0.35251620994842253 0.9650153027743376
0.35655661398882654 0.9650153027743376
0.3605970180292306 0.9650153027743376
0.3646374220696347 0.9650153027743376
0.3686778261100387 0.9650153027743376
0.3727182301504427 0.9650153027743376
0.37675863419084676 0.9650153027743376
0.38079903823125083 0.9650153027743376
0.38483944227165484 0.9650153027743376
0.3888798463120589 0.9650153027743376
0.3929202503524629 0.9650153027743376
0.396960654392867 0.9650153027743376
0.401001058433271 0.9650153027743376
0.40504146247367506 0.9650153027743376
0.4090818665140791 0.9650153027743376
0.41312227055448314 0.9650153027743376
0.4171626745948872 0.9650153027743376
0.4212030786352912 0.9650153027743376
0.42524348267569523 0.9650153027743376
0.4292838867160993 0.9650153027743376
0.43332429075650336 0.9650153027743376
0.43736469479690737 0.9650153027743376
0.4414050988373114 0.9650153027743376
0.44544550287771545 0.9650153027743376
0.4494859069181195 0.9650153027743376
0.4535263109585235 0.9650153027743376
0.45756671499892754 0.9650153027743376
0.4616071190393316 0.9650153027743376
0.46564752307973567 0.9650153027743376
0.46968792712013974 0.9650153027743376
0.47372833116054375 0.9650153027743376
0.47776873520094776 0.9650153027743376
0.4818091392413518 0.9650153027743376
0.4858495432817559 0.9650153027743376
0.4898899473221599 0.9650153027743376
0.4939303513625639 0.9650153027743376
0.497970755402968 0.9650153027743376
0.502011159443372 0.9650153027743376
0.5060515634837761 0.9650153027743376
0.5100919675241801 0.9650153027743376
0.5141323715645841 0.9650153027743376
0.5181727756049882 0.9650153027743376
0.5222131796453922 0.9650153027743376
0.5262535836857962 0.9650153027743376
0.5302939877262003 0.9650153027743376
0.5343343917666044 0.9650153027743376
0.5383747958070084 0.9650153027743376
0.5424151998474125 0.9650153027743376
0.5464556038878164 0.9650153027743376
0.5504960079282205 0.9650153027743376
0.5545364119686245 0.9650153027743376
0.5585768160090285 0.9650153027743376
0.5626172200494326 0.9650153027743376
0.5666576240898367 0.9650153027743376
0.5706980281302407 0.9650153027743376
0.5747384321706448 0.9650153027743376
0.5787788362110489 0.9650153027743376
0.5828192402514528 0.9650153027743376
0.5868596442918569 0.9650153027743376
0.5909000483322608 0.9650153027743376
0.5949404523726649 0.9650153027743376
0.598980856413069 0.9650153027743376
0.603021260453473 0.9650153027743376
0.6070616644938771 0.9650153027743376
0.6111020685342812 0.9650153027743376
0.6151424725746851 0.9650153027743376
0.6191828766150892 0.9650153027743376
0.6232232806554932 0.9650153027743376
0.6272636846958972 0.9650153027743376
0.6313040887363013 0.9650153027743376
0.6353444927767053 0.9650153027743376
0.6393848968171094 0.9650153027743376
0.6434253008575135 0.9650153027743376
0.6474657048979175 0.9650153027743376
0.6515061089383215 0.9650153027743376
0.6555465129787256 0.9650153027743376
0.6595869170191295 0.9650153027743376
0.6636273210595336 0.9650153027743376
0.6676677250999377 0.9650153027743376
0.6717081291403417 0.9650153027743376
0.6757485331807458 0.9650153027743376
0.6797889372211499 0.9650153027743376
0.6838293412615538 0.9650153027743376
0.6878697453019579 0.9650153027743376
0.691910149342362 0.9650153027743376
0.6959505533827659 0.9650153027743376
0.69999095742317 0.9650153027743376
0.29999095742317 0.9690557068147416
0.3080717655039781 0.9690557068147416
0.31211216954438215 0.9690557068147416
0.31615257358478616 0.9690557068147416
0.32019297762519017 0.9690557068147416
0.32423338166559423 0.9690557068147416
0.3282737857059983 0.9690557068147416
0.3323141897464023 0.9690557068147416
0.3363545937868064 0.9690557068147416
0.3403949978272104 0.9690557068147416
0.34443540186761445 0.9690557068147416
0.3484758059080185 0.9690557068147416
0.35251620994842253 0.9690557068147416
0.35655661398882654 0.9690557068147416
0.3605970180292306 0.9690557068147416
0.3646374220696347 0.9690557068147416
0.3686778261100387 0.9690557068147416
0.3727182301504427 0.9690557068147416
0.37675863419084676 0.9690557068147416
0.38079903823125083 0.9690557068147416
0.38483944227165484 0.9690557068147416
0.3888798463120589 0.9690557068147416
0.3929202503524629 0.9690557068147416
0.396960654392867 0.9690557068147416
0.401001058433271 0.9690557068147416
0.40504146247367506 0.9690557068147416
0.4090818665140791 0.9690557068147416
0.41312227055448314 0.9690557068147416
0.4171626745948872 0.9690557068147416
0.4212030786352912 0.9690557068147416
0.42524348267569523 0.9690557068147416
0.4292838867160993 0.9690557068147416
0.43332429075650336 0.9690557068147416
0.43736469479690737 0.9690557068147416
0.4414050988373114 0.9690557068147416
0.44544550287771545 0.9690557068147416
0.4494859069181195 0.9690557068147416
0.4535263109585235 0.9690557068147416
0.45756671499892754 0.9690557068147416
0.4616071190393316 0.9690557068147416
0.46564752307973567 0.9690557068147416
0.46968792712013974 0.9690557068147416
0.47372833116054375 0.9690557068147416
0.47776873520094776 0.9690557068147416
0.4818091392413518 0.9690557068147416
0.4858495432817559 0.9690557068147416
0.4898899473221599 0.9690557068147416
0.4939303513625639 0.9690557068147416
0.497970755402968 0.9690557068147416
0.502011159443372 0.9690557068147416
0.5060515634837761 0.9690557068147416
0.5100919675241801 0.9690557068147416
0.5141323715645841 0.9690557068147416
0.5181727756049882 0.9690557068147416
0.5222131796453922 0.9690557068147416
0.5262535836857962 0.9690557068147416
0.5302939877262003 0.9690557068147416
0.5343343917666044 0.9690557068147416
0.5383747958070084 0.9690557068147416
0.5424151998474125 0.9690557068147416
0.5464556038878164 0.9690557068147416
0.5504960079282205 0.9690557068147416
0.5545364119686245 0.9690557068147416
0.5585768160090285 0.9690557068147416
0.5626172200494326 0.9690557068147416
0.5666576240898367 0.9690557068147416
0.5706980281302407 0.9690557068147416
0.5747384321706448 0.9690557068147416
0.5787788362110489 0.9690557068147416
0.5828192402514528 0.9690557068147416
0.5868596442918569 0.9690557068147416
0.5909000483322608 0.9690557068147416
0.5949404523726649 0.9690557068147416
0.598980856413069 0.9690557068147416
0.603021260453473 0.9690557068147416
0.6070616644938771 0.9690557068147416
0.6111020685342812 0.9690557068147416
0.6151424725746851 0.9690557068147416
0.6191828766150892 0.9690557068147416
0.6232232806554932 0.9690557068147416
0.6272636846958972 0.9690557068147416
0.6313040887363013 0.9690557068147416
0.6353444927767053 0.9690557068147416
0.6393848968171094 0.9690557068147416
0.6434253008575135 0.9690557068147416
0.6474657048979175 0.9690557068147416
0.6515061089383215 0.9690557068147416
0.6555465129787256 0.9690557068147416
0.6595869170191295 0.9690557068147416
0.6636273210595336 0.9690557068147416
0.6676677250999377 0.9690557068147416
0.6717081291403417 0.9690557068147416
0.6757485331807458 0.9690557068147416
0.6797889372211499 0.9690557068147416
0.6838293412615538 0.9690557068147416
0.6878697453019579 0.9690557068147416
0.691910149342362 0.9690557068147416
0.6959505533827659 0.9690557068147416
0.69999095742317 0.9690557068147416
0.29999095742317 0.9730961108551457
0.304031361463574 0.9730961108551457
0.3080717655039781 0.9730961108551457
0.31211216954438215 0.9730961108551457
0.31615257358478616 0.9730961108551457
0.32019297762519017 0.9730961108551457
0.32423338166559423 0.9730961108551457
0.3282737857059983 0.9730961108551457
0.3323141897464023 0.9730961108551457
0.3363545937868064 0.9730961108551457
0.3403949978272104 0.9730961108551457
0.34443540186761445 0.9730961108551457
0.3484758059080185 0.9730961108551457
0.35251620994842253 0.9730961108551457
0.35655661398882654 0.9730961108551457
0.3605970180292306 0.9730961108551457
0.3646374220696347 0.9730961108551457
0.3686778261100387 0.9730961108551457
0.3727182301504427 0.9730961108551457
0.37675863419084676 0.9730961108551457
0.38079903823125083 0.9730961108551457
0.38483944227165484 0.9730961108551457
0.3888798463120589 0.9730961108551457
0.3929202503524629 0.9730961108551457
0.396960654392867 0.9730961108551457
0.401001058433271 0.9730961108551457
0.40504146247367506 0.9730961108551457
0.4090818665140791 0.9730961108551457
0.41312227055448314 0.9730961108551457
0.4171626745948872 0.9730961108551457
0.4212030786352912 0.9730961108551457
0.42524348267569523 0.9730961108551457
0.4292838867160993 0.9730961108551457
0.43332429075650336 0.9730961108551457
0.43736469479690737 0.9730961108551457
0.4414050988373114 0.9730961108551457
0.44544550287771545 0.9730961108551457
0.4494859069181195 0.9730961108551457
0.4535263109585235 0.9730961108551457
0.45756671499892754 0.9730961108551457
0.4616071190393316 0.9730961108551457
0.46564752307973567 0.9730961108551457
0.46968792712013974 0.9730961108551457
0.47372833116054375 0.9730961108551457
0.47776873520094776 0.9730961108551457
0.4818091392413518 0.9730961108551457
0.4858495432817559 0.9730961108551457
0.4898899473221599 0.9730961108551457
0.4939303513625639 0.9730961108551457
0.497970755402968 0.9730961108551457
0.502011159443372 0.9730961108551457
0.5060515634837761 0.9730961108551457
0.5100919675241801 0.9730961108551457
0.5141323715645841 0.9730961108551457
0.5181727756049882 0.9730961108551457
0.5222131796453922 0.9730961108551457
0.5262535836857962 0.9730961108551457
0.5302939877262003 0.9730961108551457
0.5343343917666044 0.9730961108551457
0.5383747958070084 0.9730961108551457
0.5424151998474125 0.9730961108551457
0.5464556038878164 0.9730961108551457
0.5504960079282205 0.9730961108551457
0.5545364119686245 0.9730961108551457
0.5585768160090285 0.9730961108551457
0.5626172200494326 0.9730961108551457
0.5666576240898367 0.9730961108551457
0.5706980281302407 0.9730961108551457
0.5747384321706448 0.9730961108551457
0.5787788362110489 0.9730961108551457
0.5828192402514528 0.9730961108551457
0.5868596442918569 0.9730961108551457
0.5909000483322608 0.9730961108551457
0.5949404523726649 0.9730961108551457
0.598980856413069 0.9730961108551457
0.603021260453473 0.9730961108551457
0.6070616644938771 0.9730961108551457
0.6111020685342812 0.9730961108551457
0.6151424725746851 0.9730961108551457
0.6191828766150892 0.9730961108551457
0.6232232806554932 0.9730961108551457
0.6272636846958972 0.9730961108551457
0.6313040887363013 0.9730961108551457
0.6353444927767053 0.9730961108551457
0.6393848968171094 0.9730961108551457
0.6434253008575135 0.9730961108551457
0.6474657048979175 0.9730961108551457
0.6515061089383215 0.9730961108551457
0.6555465129787256 0.9730961108551457
0.6595869170191295 0.9730961108551457
0.6636273210595336 0.9730961108551457
0.6676677250999377 0.9730961108551457
0.6717081291403417 0.9730961108551457
0.6757485331807458 0.9730961108551457
0.6797889372211499 0.9730961108551457
0.6838293412615538 0.9730961108551457
0.6878697453019579 0.9730961108551457
0.691910149342362 0.9730961108551457
0.6959505533827659 0.9730961108551457
0.69999095742317 0.9730961108551457
0.29999095742317 0.9771365148955498
0.304031361463574 0.9771365148955498
0.3080717655039781 0.9771365148955498
0.31211216954438215 0.9771365148955498
0.31615257358478616 0.9771365148955498
0.32019297762519017 0.9771365148955498
0.32423338166559423 0.9771365148955498
0.3282737857059983 0.9771365148955498
0.3323141897464023 0.9771365148955498
0.3363545937868064 0.9771365148955498
0.3403949978272104 0.9771365148955498
0.34443540186761445 0.9771365148955498
0.3484758059080185 0.9771365148955498
0.35251620994842253 0.9771365148955498
0.35655661398882654 0.9771365148955498
0.3605970180292306 0.9771365148955498
0.3646374220696347 0.9771365148955498
0.3686778261100387 0.9771365148955498
0.3727182301504427 0.9771365148955498
0.37675863419084676 0.9771365148955498
0.38079903823125083 0.9771365148955498
0.38483944227165484 0.9771365148955498
0.3888798463120589 0.9771365148955498
0.3929202503524629 0.9771365148955498
0.396960654392867 0.9771365148955498
0.401001058433271 0.9771365148955498
0.40504146247367506 0.9771365148955498
0.4090818665140791 0.9771365148955498
0.41312227055448314 0.9771365148955498
0.4171626745948872 0.9771365148955498
0.4212030786352912 0.9771365148955498
0.42524348267569523 0.9771365148955498
0.4292838867160993 0.9771365148955498
0.43332429075650336 0.9771365148955498
0.43736469479690737 0.9771365148955498
0.4414050988373114 0.9771365148955498
0.44544550287771545 0.9771365148955498
0.4494859069181195 0.9771365148955498
0.4535263109585235 0.9771365148955498
0.45756671499892754 0.9771365148955498
0.4616071190393316 0.9771365148955498
0.46564752307973567 0.9771365148955498
0.46968792712013974 0.9771365148955498
0.47372833116054375 0.9771365148955498
0.47776873520094776 0.9771365148955498
0.4818091392413518 0.9771365148955498
0.4858495432817559 0.9771365148955498
0.4898899473221599 0.9771365148955498
0.4939303513625639 0.9771365148955498
0.497970755402968 0.9771365148955498
0.502011159443372 0.9771365148955498
0.5060515634837761 0.9771365148955498
0.5100919675241801 0.9771365148955498
0.5141323715645841 0.9771365148955498
0.5181727756049882 0.9771365148955498
0.5222131796453922 0.9771365148955498
0.5262535836857962 0.9771365148955498
0.5302939877262003 0.9771365148955498
0.5343343917666044 0.9771365148955498
0.5383747958070084 0.9771365148955498
0.5424151998474125 0.9771365148955498
0.5464556038878164 0.9771365148955498
0.5504960079282205 0.9771365148955498
0.5545364119686245 0.9771365148955498
0.5585768160090285 0.9771365148955498
0.5626172200494326 0.9771365148955498
0.5666576240898367 0.9771365148955498
0.5706980281302407 0.9771365148955498
0.5747384321706448 0.9771365148955498
0.5787788362110489 0.9771365148955498
0.5828192402514528 0.9771365148955498
0.5868596442918569 0.9771365148955498
0.5909000483322608 0.9771365148955498
0.5949404523726649 0.9771365148955498
0.598980856413069 0.9771365148955498
0.603021260453473 0.9771365148955498
0.6070616644938771 0.9771365148955498
0.6111020685342812 0.9771365148955498
0.6151424725746851 0.9771365148955498
0.6191828766150892 0.9771365148955498
0.6232232806554932 0.9771365148955498
0.6272636846958972 0.9771365148955498
0.6313040887363013 0.9771365148955498
0.6353444927767053 0.9771365148955498
0.6393848968171094 0.9771365148955498
0.6434253008575135 0.9771365148955498
0.6474657048979175 0.9771365148955498
0.6515061089383215 0.9771365148955498
0.6555465129787256 0.9771365148955498
0.6595869170191295 0.9771365148955498
0.6636273210595336 0.9771365148955498
0.6676677250999377 0.9771365148955498
0.6717081291403417 0.9771365148955498
0.6757485331807458 0.9771365148955498
0.6797889372211499 0.9771365148955498
0.6838293412615538 0.9771365148955498
0.6878697453019579 0.9771365148955498
0.691910149342362 0.9771365148955498
0.6959505533827659 0.9771365148955498
0.69999095742317 0.9771365148955498
0.29999095742317 0.9811769189359537
0.304031361463574 0.9811769189359537
0.3080717655039781 0.9811769189359537
0.31211216954438215 0.9811769189359537
0.31615257358478616 0.9811769189359537
0.32019297762519017 0.9811769189359537
0.32423338166559423 0.9811769189359537
0.3282737857059983 0.9811769189359537
0.3323141897464023 0.9811769189359537
0.3363545937868064 0.9811769189359537
0.3403949978272104 0.9811769189359537
0.34443540186761445 0.9811769189359537
0.3484758059080185 0.9811769189359537
0.35251620994842253 0.9811769189359537
0.35655661398882654 0.9811769189359537
0.3605970180292306 0.9811769189359537
0.3646374220696347 0.9811769189359537
0.3686778261100387 0.9811769189359537
0.3727182301504427 0.9811769189359537
0.37675863419084676 0.9811769189359537
0.38079903823125083 0.9811769189359537
0.38483944227165484 0.9811769189359537
0.3888798463120589 0.9811769189359537
0.3929202503524629 0.9811769189359537
0.396960654392867 0.9811769189359537
0.401001058433271 0.9811769189359537
0.40504146247367506 0.9811769189359537
0.4090818665140791 0.9811769189359537
0.41312227055448314 0.9811769189359537
0.4171626745948872 0.9811769189359537
0.4212030786352912 0.9811769189359537
0.42524348267569523 0.9811769189359537
0.4292838867160993 0.9811769189359537
0.43332429075650336 0.9811769189359537
0.43736469479690737 0.9811769189359537
0.4414050988373114 0.9811769189359537
0.44544550287771545 0.9811769189359537
0.4494859069181195 0.9811769189359537
0.4535263109585235 0.9811769189359537
0.45756671499892754 0.9811769189359537
0.4616071190393316 0.9811769189359537
0.46564752307973567 0.9811769189359537
0.46968792712013974 0.9811769189359537
0.47372833116054375 0.9811769189359537
0.47776873520094776 0.9811769189359537
0.4818091392413518 0.9811769189359537
0.4858495432817559 0.9811769189359537
0.4898899473221599 0.9811769189359537
0.4939303513625639 0.9811769189359537
0.497970755402968 0.9811769189359537
0.502011159443372 0.9811769189359537
0.5060515634837761 0.9811769189359537
0.5100919675241801 0.9811769189359537
0.5141323715645841 0.9811769189359537
0.5181727756049882 0.9811769189359537
0.5222131796453922 0.9811769189359537
0.5262535836857962 0.9811769189359537
0.5302939877262003 0.9811769189359537
0.5343343917666044 0.9811769189359537
0.5383747958070084 0.9811769189359537
0.5424151998474125 0.9811769189359537
0.5464556038878164 0.9811769189359537
0.5504960079282205 0.9811769189359537
0.5545364119686245 0.9811769189359537
0.5585768160090285 0.9811769189359537
0.5626172200494326 0.9811769189359537
0.5666576240898367 0.9811769189359537
0.5706980281302407 0.9811769189359537
0.5747384321706448 0.9811769189359537
0.5787788362110489 0.9811769189359537
0.5828192402514528 0.9811769189359537
0.5868596442918569 0.9811769189359537
0.5909000483322608 0.9811769189359537
0.5949404523726649 0.9811769189359537
0.598980856413069 0.9811769189359537
0.603021260453473 0.9811769189359537
0.6070616644938771 0.9811769189359537
0.6111020685342812 0.9811769189359537
0.6151424725746851 0.9811769189359537
0.6191828766150892 0.9811769189359537
0.6232232806554932 0.9811769189359537
0.6272636846958972 0.9811769189359537
0.6313040887363013 0.9811769189359537
0.6353444927767053 0.9811769189359537
0.6393848968171094 0.9811769189359537
0.6434253008575135 0.9811769189359537
0.6474657048979175 0.9811769189359537
0.6515061089383215 0.9811769189359537
0.6555465129787256 0.9811769189359537
0.6595869170191295 0.9811769189359537
0.6636273210595336 0.9811769189359537
0.6676677250999377 0.9811769189359537
0.6717081291403417 0.9811769189359537
0.6757485331807458 0.9811769189359537
0.6797889372211499 0.9811769189359537
0.6838293412615538 0.9811769189359537
0.6878697453019579 0.9811769189359537
0.691910149342362 0.9811769189359537
0.6959505533827659 0.9811769189359537
0.69999095742317 0.9811769189359537
0.29999095742317 0.9852173229763578
0.304031361463574 0.9852173229763578
0.3080717655039781 0.9852173229763578
0.31211216954438215 0.9852173229763578
0.31615257358478616 0.9852173229763578
0.32019297762519017 0.9852173229763578
0.32423338166559423 0.9852173229763578
0.3282737857059983 0.9852173229763578
0.3323141897464023 0.9852173229763578
0.3363545937868064 0.9852173229763578
0.3403949978272104 0.9852173229763578
0.34443540186761445 0.9852173229763578
0.3484758059080185 0.9852173229763578
0.35251620994842253 0.9852173229763578
0.35655661398882654 0.9852173229763578
0.3605970180292306 0.9852173229763578
0.3646374220696347 0.9852173229763578
0.3686778261100387 0.9852173229763578
0.3727182301504427 0.9852173229763578
0.37675863419084676 0.9852173229763578
0.38079903823125083 0.9852173229763578
0.38483944227165484 0.9852173229763578
0.3888798463120589 0.9852173229763578
0.3929202503524629 0.9852173229763578
0.396960654392867 0.9852173229763578
0.401001058433271 0.9852173229763578
0.40504146247367506 0.9852173229763578
0.4090818665140791 0.9852173229763578
0.41312227055448314 0.9852173229763578
0.4171626745948872 0.9852173229763578
0.4212030786352912 0.9852173229763578
0.42524348267569523 0.9852173229763578
0.4292838867160993 0.9852173229763578
0.43332429075650336 0.9852173229763578
0.43736469479690737 0.9852173229763578
0.4414050988373114 0.9852173229763578
0.44544550287771545 0.9852173229763578
0.4494859069181195 0.9852173229763578
0.4535263109585235 0.9852173229763578
0.45756671499892754 0.9852173229763578
0.4616071190393316 0.9852173229763578
0.46564752307973567 0.9852173229763578
0.46968792712013974 0.9852173229763578
0.47372833116054375 0.9852173229763578
0.47776873520094776 0.9852173229763578
0.4818091392413518 0.9852173229763578
0.4858495432817559 0.9852173229763578
0.4898899473221599 0.9852173229763578
0.4939303513625639 0.9852173229763578
0.497970755402968 0.9852173229763578
0.502011159443372 0.9852173229763578
0.5060515634837761 0.9852173229763578
0.5100919675241801 0.9852173229763578
0.5141323715645841 0.9852173229763578
0.5181727756049882 0.9852173229763578
0.5222131796453922 0.9852173229763578
0.5262535836857962 0.9852173229763578
0.5302939877262003 0.9852173229763578
0.5343343917666044 0.9852173229763578
0.5383747958070084 0.9852173229763578
0.5424151998474125 0.9852173229763578
0.5464556038878164 0.9852173229763578
0.5504960079282205 0.9852173229763578
0.5545364119686245 0.9852173229763578
0.5585768160090285 0.9852173229763578
0.5626172200494326 0.9852173229763578
0.5666576240898367 0.9852173229763578
0.5706980281302407 0.9852173229763578
0.5747384321706448 0.9852173229763578
0.5787788362110489 0.9852173229763578
0.5828192402514528 0.9852173229763578
0.5868596442918569 0.9852173229763578
0.5909000483322608 0.9852173229763578
0.5949404523726649 0.9852173229763578
0.598980856413069 0.9852173229763578
0.603021260453473 0.9852173229763578
0.6070616644938771 0.9852173229763578
0.6111020685342812 0.9852173229763578
0.6151424725746851 0.9852173229763578
0.6191828766150892 0.9852173229763578
0.6232232806554932 0.9852173229763578
0.6272636846958972 0.9852173229763578
0.6313040887363013 0.9852173229763578
0.6353444927767053 0.9852173229763578
0.6393848968171094 0.9852173229763578
0.6434253008575135 0.9852173229763578
0.6474657048979175 0.9852173229763578
0.6515061089383215 0.9852173229763578
0.6555465129787256 0.9852173229763578
0.6595869170191295 0.9852173229763578
0.6636273210595336 0.9852173229763578
0.6676677250999377 0.9852173229763578
0.6717081291403417 0.9852173229763578
0.6757485331807458 0.9852173229763578
0.6797889372211499 0.9852173229763578
0.6838293412615538 0.9852173229763578
0.6878697453019579 0.9852173229763578
0.691910149342362 0.9852173229763578
0.6959505533827659 0.9852173229763578
0.69999095742317 0.9852173229763578
0.29999095742317 0.9892577270167617
0.304031361463574 0.9892577270167617
0.3080717655039781 0.9892577270167617
0.31211216954438215 0.9892577270167617
0.31615257358478616 0.9892577270167617
0.32019297762519017 0.9892577270167617
0.32423338166559423 0.9892577270167617
0.3282737857059983 0.9892577270167617
0.3323141897464023 0.9892577270167617
0.3363545937868064 0.9892577270167617
0.3403949978272104 0.9892577270167617
0.34443540186761445 0.9892577270167617
0.3484758059080185 0.9892577270167617
0.35251620994842253 0.9892577270167617
0.35655661398882654 0.9892577270167617
0.3605970180292306 0.9892577270167617
0.3646374220696347 0.9892577270167617
0.3686778261100387 0.9892577270167617
0.3727182301504427 0.9892577270167617
0.37675863419084676 0.9892577270167617
0.38079903823125083 0.9892577270167617
0.38483944227165484 0.9892577270167617
0.3888798463120589 0.9892577270167617
0.3929202503524629 0.9892577270167617
0.396960654392867 0.9892577270167617
0.401001058433271 0.9892577270167617
0.40504146247367506 0.9892577270167617
0.4090818665140791 0.9892577270167617
0.41312227055448314 0.9892577270167617
0.4171626745948872 0.9892577270167617
0.4212030786352912 0.9892577270167617
0.42524348267569523 0.9892577270167617
0.4292838867160993 0.9892577270167617
0.43332429075650336 0.9892577270167617
0.43736469479690737 0.9892577270167617
0.4414050988373114 0.9892577270167617
0.44544550287771545 0.9892577270167617
0.4494859069181195 0.9892577270167617
0.4535263109585235 0.9892577270167617
0.45756671499892754 0.9892577270167617
0.4616071190393316 0.9892577270167617
0.46564752307973567 0.9892577270167617
0.46968792712013974 0.9892577270167617
0.47372833116054375 0.9892577270167617
0.47776873520094776 0.9892577270167617
0.4818091392413518 0.9892577270167617
0.4858495432817559 0.9892577270167617
0.4898899473221599 0.9892577270167617
0.4939303513625639 0.9892577270167617
0.497970755402968 0.9892577270167617
0.502011159443372 0.9892577270167617
0.5060515634837761 0.9892577270167617
0.5100919675241801 0.9892577270167617
0.5141323715645841 0.9892577270167617
0.5181727756049882 0.9892577270167617
0.5222131796453922 0.9892577270167617
0.5262535836857962 0.9892577270167617
0.5302939877262003 0.9892577270167617
0.5343343917666044 0.9892577270167617
0.5383747958070084 0.9892577270167617
0.5424151998474125 0.9892577270167617
0.5464556038878164 0.9892577270167617
0.5504960079282205 0.9892577270167617
0.5545364119686245 0.9892577270167617
0.5585768160090285 0.9892577270167617
0.5626172200494326 0.9892577270167617
0.5666576240898367 0.9892577270167617
0.5706980281302407 0.9892577270167617
0.5747384321706448 0.9892577270167617
0.5787788362110489 0.9892577270167617
0.5828192402514528 0.9892577270167617
0.5868596442918569 0.9892577270167617
0.5909000483322608 0.9892577270167617
0.5949404523726649 0.9892577270167617
0.598980856413069 0.9892577270167617
0.603021260453473 0.9892577270167617
0.6070616644938771 0.9892577270167617
0.6111020685342812 0.9892577270167617
0.6151424725746851 0.9892577270167617
0.6191828766150892 0.9892577270167617
0.6232232806554932 0.9892577270167617
0.6272636846958972 0.9892577270167617
0.6313040887363013 0.9892577270167617
0.6353444927767053 0.9892577270167617
0.6393848968171094 0.9892577270167617
0.6434253008575135 0.9892577270167617
0.6474657048979175 0.9892577270167617
0.6515061089383215 0.9892577270167617
0.6555465129787256 0.9892577270167617
0.6595869170191295 0.9892577270167617
0.6636273210595336 0.9892577270167617
0.6676677250999377 0.9892577270167617
0.6717081291403417 0.9892577270167617
0.6757485331807458 0.9892577270167617
0.6797889372211499 0.9892577270167617
0.6838293412615538 0.9892577270167617
0.6878697453019579 0.9892577270167617
0.691910149342362 0.9892577270167617
0.6959505533827659 0.9892577270167617
0.69999095742317 0.9892577270167617
0.29999095742317 0.9932981310571658
0.304031361463574 0.9932981310571658
0.3080717655039781 0.9932981310571658
0.31211216954438215 0.9932981310571658
0.31615257358478616 0.9932981310571658
0.32019297762519017 0.9932981310571658
0.32423338166559423 0.9932981310571658
0.3282737857059983 0.9932981310571658
0.3323141897464023 0.9932981310571658
0.3363545937868064 0.9932981310571658
0.3403949978272104 0.9932981310571658
0.34443540186761445 0.9932981310571658
0.3484758059080185 0.9932981310571658
0.35251620994842253 0.9932981310571658
0.35655661398882654 0.9932981310571658
0.3605970180292306 0.9932981310571658
0.3646374220696347 0.9932981310571658
0.3686778261100387 0.9932981310571658
0.3727182301504427 0.9932981310571658
0.37675863419084676 0.9932981310571658
0.38079903823125083 0.9932981310571658
0.38483944227165484 0.9932981310571658
0.3888798463120589 0.9932981310571658
0.3929202503524629 0.9932981310571658
0.396960654392867 0.9932981310571658
0.401001058433271 0.9932981310571658
0.40504146247367506 0.9932981310571658
0.4090818665140791 0.9932981310571658
0.41312227055448314 0.9932981310571658
0.4171626745948872 0.9932981310571658
0.4212030786352912 0.9932981310571658
0.42524348267569523 0.9932981310571658
0.4292838867160993 0.9932981310571658
0.43332429075650336 0.9932981310571658
0.43736469479690737 0.9932981310571658
0.4414050988373114 0.9932981310571658
0.44544550287771545 0.9932981310571658
0.4494859069181195 0.9932981310571658
0.4535263109585235 0.9932981310571658
0.45756671499892754 0.9932981310571658
0.4616071190393316 0.9932981310571658
0.46564752307973567 0.9932981310571658
0.46968792712013974 0.9932981310571658
0.47372833116054375 0.9932981310571658
0.47776873520094776 0.9932981310571658
0.4818091392413518 0.9932981310571658
0.4858495432817559 0.9932981310571658
0.4898899473221599 0.9932981310571658
0.4939303513625639 0.9932981310571658
0.497970755402968 0.9932981310571658
0.502011159443372 0.9932981310571658
0.5060515634837761 0.9932981310571658
0.5100919675241801 0.9932981310571658
0.5141323715645841 0.9932981310571658
0.5181727756049882 0.9932981310571658
0.5222131796453922 0.9932981310571658
0.5262535836857962 0.9932981310571658
0.5302939877262003 0.9932981310571658
0.5343343917666044 0.9932981310571658
0.5383747958070084 0.9932981310571658
0.5424151998474125 0.9932981310571658
0.5464556038878164 0.9932981310571658
0.5504960079282205 0.9932981310571658
0.5545364119686245 0.9932981310571658
0.5585768160090285 0.9932981310571658
0.5626172200494326 0.9932981310571658
0.5666576240898367 0.9932981310571658
0.5706980281302407 0.9932981310571658
0.5747384321706448 0.9932981310571658
0.5787788362110489 0.9932981310571658
0.5828192402514528 0.9932981310571658
0.5868596442918569 0.9932981310571658
0.5909000483322608 0.9932981310571658
0.5949404523726649 0.9932981310571658
0.598980856413069 0.9932981310571658
0.603021260453473 0.9932981310571658
0.6070616644938771 0.9932981310571658
0.6111020685342812 0.9932981310571658
0.6151424725746851 0.9932981310571658
0.6191828766150892 0.9932981310571658
0.6232232806554932 0.9932981310571658
0.6272636846958972 0.9932981310571658
0.6313040887363013 0.9932981310571658
0.6353444927767053 0.9932981310571658
0.6393848968171094 0.9932981310571658
0.6434253008575135 0.9932981310571658
0.6474657048979175 0.9932981310571658
0.6515061089383215 0.9932981310571658
0.6555465129787256 0.9932981310571658
0.6595869170191295 0.9932981310571658
0.6636273210595336 0.9932981310571658
0.6676677250999377 0.9932981310571658
0.6717081291403417 0.9932981310571658
0.6757485331807458 0.9932981310571658
0.6797889372211499 0.9932981310571658
0.6838293412615538 0.9932981310571658
0.6878697453019579 0.9932981310571658
0.691910149342362 0.9932981310571658
0.6959505533827659 0.9932981310571658
0.69999095742317 0.9932981310571658
0.29999095742317 0.9973385350975699
0.304031361463574 0.9973385350975699
0.3080717655039781 0.9973385350975699
0.31211216954438215 0.9973385350975699
0.31615257358478616 0.9973385350975699
0.32019297762519017 0.9973385350975699
0.32423338166559423 0.9973385350975699
0.3282737857059983 0.9973385350975699
0.3323141897464023 0.9973385350975699
0.3363545937868064 0.9973385350975699
0.3403949978272104 0.9973385350975699
0.34443540186761445 0.9973385350975699
0.3484758059080185 0.9973385350975699
0.35251620994842253 0.9973385350975699
0.35655661398882654 0.9973385350975699
0.3605970180292306 0.9973385350975699
0.3646374220696347 0.9973385350975699
0.3686778261100387 0.9973385350975699
0.3727182301504427 0.9973385350975699
0.37675863419084676 0.9973385350975699
0.38079903823125083 0.9973385350975699
0.38483944227165484 0.9973385350975699
0.3888798463120589 0.9973385350975699
0.3929202503524629 0.9973385350975699
0.396960654392867 0.9973385350975699
0.401001058433271 0.9973385350975699
0.40504146247367506 0.9973385350975699
0.4090818665140791 0.9973385350975699
0.41312227055448314 0.9973385350975699
0.4171626745948872 0.9973385350975699
0.4212030786352912 0.9973385350975699
0.42524348267569523 0.9973385350975699
0.4292838867160993 0.9973385350975699
0.43332429075650336 0.9973385350975699
0.43736469479690737 0.9973385350975699
0.4414050988373114 0.9973385350975699
0.44544550287771545 0.9973385350975699
0.4494859069181195 0.9973385350975699
0.4535263109585235 0.9973385350975699
0.45756671499892754 0.9973385350975699
0.4616071190393316 0.9973385350975699
0.46564752307973567 0.9973385350975699
0.46968792712013974 0.9973385350975699
0.47372833116054375 0.9973385350975699
0.47776873520094776 0.9973385350975699
0.4818091392413518 0.9973385350975699
0.4858495432817559 0.9973385350975699
0.4898899473221599 0.9973385350975699
0.4939303513625639 0.9973385350975699
0.497970755402968 0.9973385350975699
0.502011159443372 0.9973385350975699
0.5060515634837761 0.9973385350975699
0.5100919675241801 0.9973385350975699
0.5141323715645841 0.9973385350975699
0.5181727756049882 0.9973385350975699
0.5222131796453922 0.9973385350975699
0.5262535836857962 0.9973385350975699
0.5302939877262003 0.9973385350975699
0.5343343917666044 0.9973385350975699
0.5383747958070084 0.9973385350975699
0.5424151998474125 0.9973385350975699
0.5464556038878164 0.9973385350975699
0.5504960079282205 0.9973385350975699
0.5545364119686245 0.9973385350975699
0.5585768160090285 0.9973385350975699
0.5626172200494326 0.9973385350975699
0.5666576240898367 0.9973385350975699
0.5706980281302407 0.9973385350975699
0.5747384321706448 0.9973385350975699
0.5787788362110489 0.9973385350975699
0.5828192402514528 0.9973385350975699
0.5868596442918569 0.9973385350975699
0.5909000483322608 0.9973385350975699
0.5949404523726649 0.9973385350975699
0.598980856413069 0.9973385350975699
0.603021260453473 0.9973385350975699
0.6070616644938771 0.9973385350975699
0.6111020685342812 0.9973385350975699
0.6151424725746851 0.9973385350975699
0.6191828766150892 0.9973385350975699
0.6232232806554932 0.9973385350975699
0.6272636846958972 0.9973385350975699
0.6313040887363013 0.9973385350975699
0.6353444927767053 0.9973385350975699
0.6393848968171094 0.9973385350975699
0.6434253008575135 0.9973385350975699
0.6474657048979175 0.9973385350975699
0.6515061089383215 0.9973385350975699
0.6555465129787256 0.9973385350975699
0.6595869170191295 0.9973385350975699
0.6636273210595336 0.9973385350975699
0.6676677250999377 0.9973385350975699
0.6717081291403417 0.9973385350975699
0.6757485331807458 0.9973385350975699
0.6797889372211499 0.9973385350975699
0.6838293412615538 0.9973385350975699
0.6878697453019579 0.9973385350975699
0.691910149342362 0.9973385350975699
0.6959505533827659 0.9973385350975699
0.69999095742317 0.9973385350975699
0.29999095742317 1.001378939137974
0.304031361463574 1.001378939137974
0.3080717655039781 1.001378939137974
0.31211216954438215 1.001378939137974
0.31615257358478616 1.001378939137974
0.32019297762519017 1.001378939137974
0.32423338166559423 1.001378939137974
0.3282737857059983 1.001378939137974
0.3323141897464023 1.001378939137974
0.3363545937868064 1.001378939137974
0.3403949978272104 1.001378939137974
0.34443540186761445 1.001378939137974
0.3484758059080185 1.001378939137974
0.35251620994842253 1.001378939137974
0.35655661398882654 1.001378939137974
0.3605970180292306 1.001378939137974
0.3646374220696347 1.001378939137974
0.3686778261100387 1.001378939137974
0.3727182301504427 1.001378939137974
0.37675863419084676 1.001378939137974
0.38079903823125083 1.001378939137974
0.38483944227165484 1.001378939137974
0.3888798463120589 1.001378939137974
0.3929202503524629 1.001378939137974
0.396960654392867 1.001378939137974
0.401001058433271 1.001378939137974
0.40504146247367506 1.001378939137974
0.4090818665140791 1.001378939137974
0.41312227055448314 1.001378939137974
0.4171626745948872 1.001378939137974
0.4212030786352912 1.001378939137974
0.42524348267569523 1.001378939137974
0.4292838867160993 1.001378939137974
0.43332429075650336 1.001378939137974
0.43736469479690737 1.001378939137974
0.4414050988373114 1.001378939137974
0.44544550287771545 1.001378939137974
0.4494859069181195 1.001378939137974
0.4535263109585235 1.001378939137974
0.45756671499892754 1.001378939137974
0.4616071190393316 1.001378939137974
0.46564752307973567 1.001378939137974
0.46968792712013974 1.001378939137974
0.47372833116054375 1.001378939137974
0.47776873520094776 1.001378939137974
0.4818091392413518 1.001378939137974
0.4858495432817559 1.001378939137974
0.4898899473221599 1.001378939137974
0.4939303513625639 1.001378939137974
0.497970755402968 1.001378939137974
0.502011159443372 1.001378939137974
0.5060515634837761 1.001378939137974
0.5100919675241801 1.001378939137974
0.5141323715645841 1.001378939137974
0.5181727756049882 1.001378939137974
0.5222131796453922 1.001378939137974
0.5262535836857962 1.001378939137974
0.5302939877262003 1.001378939137974
0.5343343917666044 1.001378939137974
0.5383747958070084 1.001378939137974
0.5424151998474125 1.001378939137974
0.5464556038878164 1.001378939137974
0.5504960079282205 1.001378939137974
0.5545364119686245 1.001378939137974
0.5585768160090285 1.001378939137974
0.5626172200494326 1.001378939137974
0.5666576240898367 1.001378939137974
0.5706980281302407 1.001378939137974
0.5747384321706448 1.001378939137974
0.5787788362110489 1.001378939137974
0.5828192402514528 1.001378939137974
0.5868596442918569 1.001378939137974
0.5909000483322608 1.001378939137974
0.5949404523726649 1.001378939137974
0.598980856413069 1.001378939137974
0.603021260453473 1.001378939137974
0.6070616644938771 1.001378939137974
0.6111020685342812 1.001378939137974
0.6151424725746851 1.001378939137974
0.6191828766150892 1.001378939137974
0.6232232806554932 1.001378939137974
0.6272636846958972 1.001378939137974
0.6313040887363013 1.001378939137974
0.6353444927767053 1.001378939137974
0.6393848968171094 1.001378939137974
0.6434253008575135 1.001378939137974
0.6474657048979175 1.001378939137974
0.6515061089383215 1.001378939137974
0.6555465129787256 1.001378939137974
0.6595869170191295 1.001378939137974
0.6636273210595336 1.001378939137974
0.6676677250999377 1.001378939137974
0.6717081291403417 1.001378939137974
0.6757485331807458 1.001378939137974
0.6797889372211499 1.001378939137974
0.6838293412615538 1.001378939137974
0.6878697453019579 1.001378939137974
0.691910149342362 1.001378939137974
0.6959505533827659 1.001378939137974
0.69999095742317 1.001378939137974
0.29999095742317 1.005419343178378
0.304031361463574 1.005419343178378
0.3080717655039781 1.005419343178378
0.31211216954438215 1.005419343178378
0.31615257358478616 1.005419343178378
0.32019297762519017 1.005419343178378
0.32423338166559423 1.005419343178378
0.3282737857059983 1.005419343178378
0.3323141897464023 1.005419343178378
0.3363545937868064 1.005419343178378
0.3403949978272104 1.005419343178378
0.34443540186761445 1.005419343178378
0.3484758059080185 1.005419343178378
0.35251620994842253 1.005419343178378
0.35655661398882654 1.005419343178378
0.3605970180292306 1.005419343178378
0.3646374220696347 1.005419343178378
0.3686778261100387 1.005419343178378
0.3727182301504427 1.005419343178378
0.37675863419084676 1.005419343178378
0.38079903823125083 1.005419343178378
0.38483944227165484 1.005419343178378
0.3888798463120589 1.005419343178378
0.3929202503524629 1.005419343178378
0.396960654392867 1.005419343178378
0.401001058433271 1.005419343178378
0.40504146247367506 1.005419343178378
0.4090818665140791 1.005419343178378
0.41312227055448314 1.005419343178378
0.4171626745948872 1.005419343178378
0.4212030786352912 1.005419343178378
0.42524348267569523 1.005419343178378
0.4292838867160993 1.005419343178378
0.43332429075650336 1.005419343178378
0.43736469479690737 1.005419343178378
0.4414050988373114 1.005419343178378
0.44544550287771545 1.005419343178378
0.4494859069181195 1.005419343178378
0.4535263109585235 1.005419343178378
0.45756671499892754 1.005419343178378
0.4616071190393316 1.005419343178378
0.46564752307973567 1.005419343178378
0.46968792712013974 1.005419343178378
0.47372833116054375 1.005419343178378
0.47776873520094776 1.005419343178378
0.4818091392413518 1.005419343178378
0.4858495432817559 1.005419343178378
0.4898899473221599 1.005419343178378
0.4939303513625639 1.005419343178378
0.497970755402968 1.005419343178378
0.502011159443372 1.005419343178378
0.5060515634837761 1.005419343178378
0.5100919675241801 1.005419343178378
0.5141323715645841 1.005419343178378
0.5181727756049882 1.005419343178378
0.5222131796453922 1.005419343178378
0.5262535836857962 1.005419343178378
0.5302939877262003 1.005419343178378
0.5343343917666044 1.005419343178378
0.5383747958070084 1.005419343178378
0.5424151998474125 1.005419343178378
0.5464556038878164 1.005419343178378
0.5504960079282205 1.005419343178378
0.5545364119686245 1.005419343178378
0.5585768160090285 1.005419343178378
0.5626172200494326 1.005419343178378
0.5666576240898367 1.005419343178378
0.5706980281302407 1.005419343178378
0.5747384321706448 1.005419343178378
0.5787788362110489 1.005419343178378
0.5828192402514528 1.005419343178378
0.5868596442918569 1.005419343178378
0.5909000483322608 1.005419343178378
0.5949404523726649 1.005419343178378
0.598980856413069 1.005419343178378
0.603021260453473 1.005419343178378
0.6070616644938771 1.005419343178378
0.6111020685342812 1.005419343178378
0.6151424725746851 1.005419343178378
0.6191828766150892 1.005419343178378
0.6232232806554932 1.005419343178378
0.6272636846958972 1.005419343178378
0.6313040887363013 1.005419343178378
0.6353444927767053 1.005419343178378
0.6393848968171094 1.005419343178378
0.6434253008575135 1.005419343178378
0.6474657048979175 1.005419343178378
0.6515061089383215 1.005419343178378
0.6555465129787256 1.005419343178378
0.6595869170191295 1.005419343178378
0.6636273210595336 1.005419343178378
0.6676677250999377 1.005419343178378
0.6717081291403417 1.005419343178378
0.6757485331807458 1.005419343178378
0.6797889372211499 1.005419343178378
0.6838293412615538 1.005419343178378
0.6878697453019579 1.005419343178378
0.691910149342362 1.005419343178378
0.6959505533827659 1.005419343178378
0.69999095742317 1.005419343178378
0.29999095742317 1.009459747218782
0.304031361463574 1.009459747218782
0.3080717655039781 1.009459747218782
0.31211216954438215 1.009459747218782
0.31615257358478616 1.009459747218782
0.32019297762519017 1.009459747218782
0.32423338166559423 1.009459747218782
0.3282737857059983 1.009459747218782
0.3323141897464023 1.009459747218782
0.3363545937868064 1.009459747218782
0.3403949978272104 1.009459747218782
0.34443540186761445 1.009459747218782
0.3484758059080185 1.009459747218782
0.35251620994842253 1.009459747218782
0.35655661398882654 1.009459747218782
0.3605970180292306 1.009459747218782
0.3646374220696347 1.009459747218782
0.3686778261100387 1.009459747218782
0.3727182301504427 1.009459747218782
0.37675863419084676 1.009459747218782
0.38079903823125083 1.009459747218782
0.38483944227165484 1.009459747218782
0.3888798463120589 1.009459747218782
0.3929202503524629 1.009459747218782
0.396960654392867 1.009459747218782
0.401001058433271 1.009459747218782
0.40504146247367506 1.009459747218782
0.4090818665140791 1.009459747218782
0.41312227055448314 1.009459747218782
0.4171626745948872 1.009459747218782
0.4212030786352912 1.009459747218782
0.42524348267569523 1.009459747218782
0.4292838867160993 1.009459747218782
0.43332429075650336 1.009459747218782
0.43736469479690737 1.009459747218782
0.4414050988373114 1.009459747218782
0.44544550287771545 1.009459747218782
0.4494859069181195 1.009459747218782
0.4535263109585235 1.009459747218782
0.45756671499892754 1.009459747218782
0.4616071190393316 1.009459747218782
0.46564752307973567 1.009459747218782
0.46968792712013974 1.009459747218782
0.47372833116054375 1.009459747218782
0.47776873520094776 1.009459747218782
0.4818091392413518 1.009459747218782
0.4858495432817559 1.009459747218782
0.4898899473221599 1.009459747218782
0.4939303513625639 1.009459747218782
0.497970755402968 1.009459747218782
0.502011159443372 1.009459747218782
0.5060515634837761 1.009459747218782
0.5100919675241801 1.009459747218782
0.5141323715645841 1.009459747218782
0.5181727756049882 1.009459747218782
0.5222131796453922 1.009459747218782
0.5262535836857962 1.009459747218782
0.5302939877262003 1.009459747218782
0.5343343917666044 1.009459747218782
0.5383747958070084 1.009459747218782
0.5424151998474125 1.009459747218782
0.5464556038878164 1.009459747218782
0.5504960079282205 1.009459747218782
0.5545364119686245 1.009459747218782
0.5585768160090285 1.009459747218782
0.5626172200494326 1.009459747218782
0.5666576240898367 1.009459747218782
0.5706980281302407 1.009459747218782
0.5747384321706448 1.009459747218782
0.5787788362110489 1.009459747218782
0.5828192402514528 1.009459747218782
0.5868596442918569 1.009459747218782
0.5909000483322608 1.009459747218782
0.5949404523726649 1.009459747218782
0.598980856413069 1.009459747218782
0.603021260453473 1.009459747218782
0.6070616644938771 1.009459747218782
0.6111020685342812 1.009459747218782
0.6151424725746851 1.009459747218782
0.6191828766150892 1.009459747218782
0.6232232806554932 1.009459747218782
0.6272636846958972 1.009459747218782
0.6313040887363013 1.009459747218782
0.6353444927767053 1.009459747218782
0.6393848968171094 1.009459747218782
0.6434253008575135 1.009459747218782
0.6474657048979175 1.009459747218782
0.6515061089383215 1.009459747218782
0.6555465129787256 1.009459747218782
0.6595869170191295 1.009459747218782
0.6636273210595336 1.009459747218782
0.6676677250999377 1.009459747218782
0.6717081291403417 1.009459747218782
0.6757485331807458 1.009459747218782
0.6797889372211499 1.009459747218782
0.6838293412615538 1.009459747218782
0.6878697453019579 1.009459747218782
0.691910149342362 1.009459747218782
0.6959505533827659 1.009459747218782
0.69999095742317 1.009459747218782
0.29999095742317 1.0135001512591861
0.304031361463574 1.0135001512591861
0.3080717655039781 1.0135001512591861
0.31211216954438215 1.0135001512591861
0.31615257358478616 1.0135001512591861
0.32019297762519017 1.0135001512591861
0.32423338166559423 1.0135001512591861
0.3282737857059983 1.0135001512591861
0.3323141897464023 1.0135001512591861
0.3363545937868064 1.0135001512591861
0.3403949978272104 1.0135001512591861
0.34443540186761445 1.0135001512591861
0.3484758059080185 1.0135001512591861
0.35251620994842253 1.0135001512591861
0.35655661398882654 1.0135001512591861
0.3605970180292306 1.0135001512591861
0.3646374220696347 1.0135001512591861
0.3686778261100387 1.0135001512591861
0.3727182301504427 1.0135001512591861
0.37675863419084676 1.0135001512591861
0.38079903823125083 1.0135001512591861
0.38483944227165484 1.0135001512591861
0.3888798463120589 1.0135001512591861
0.3929202503524629 1.0135001512591861
0.396960654392867 1.0135001512591861
0.401001058433271 1.0135001512591861
0.40504146247367506 1.0135001512591861
0.4090818665140791 1.0135001512591861
0.41312227055448314 1.0135001512591861
0.4171626745948872 1.0135001512591861
0.4212030786352912 1.0135001512591861
0.42524348267569523 1.0135001512591861
0.4292838867160993 1.0135001512591861
0.43332429075650336 1.0135001512591861
0.43736469479690737 1.0135001512591861
0.4414050988373114 1.0135001512591861
0.44544550287771545 1.0135001512591861
0.4494859069181195 1.0135001512591861
0.4535263109585235 1.0135001512591861
0.45756671499892754 1.0135001512591861
0.4616071190393316 1.0135001512591861
0.46564752307973567 1.0135001512591861
0.46968792712013974 1.0135001512591861
0.47372833116054375 1.0135001512591861
0.47776873520094776 1.0135001512591861
0.4818091392413518 1.0135001512591861
0.4858495432817559 1.0135001512591861
0.4898899473221599 1.0135001512591861
0.4939303513625639 1.0135001512591861
0.497970755402968 1.0135001512591861
0.502011159443372 1.0135001512591861
0.5060515634837761 1.0135001512591861
0.5100919675241801 1.0135001512591861
0.5141323715645841 1.0135001512591861
0.5181727756049882 1.0135001512591861
0.5222131796453922 1.0135001512591861
0.5262535836857962 1.0135001512591861
0.5302939877262003 1.0135001512591861
0.5343343917666044 1.0135001512591861
0.5383747958070084 1.0135001512591861
0.5424151998474125 1.0135001512591861
0.5464556038878164 1.0135001512591861
0.5504960079282205 1.0135001512591861
0.5545364119686245 1.0135001512591861
0.5585768160090285 1.0135001512591861
0.5626172200494326 1.0135001512591861
0.5666576240898367 1.0135001512591861
0.5706980281302407 1.0135001512591861
0.5747384321706448 1.0135001512591861
0.5787788362110489 1.0135001512591861
0.5828192402514528 1.0135001512591861
0.5868596442918569 1.0135001512591861
0.5909000483322608 1.0135001512591861
0.5949404523726649 1.0135001512591861
0.598980856413069 1.0135001512591861
0.603021260453473 1.0135001512591861
0.6070616644938771 1.0135001512591861
0.6111020685342812 1.0135001512591861
0.6151424725746851 1.0135001512591861
0.6191828766150892 1.0135001512591861
0.6232232806554932 1.0135001512591861
0.6272636846958972 1.0135001512591861
0.6313040887363013 1.0135001512591861
0.6353444927767053 1.0135001512591861
0.6393848968171094 1.0135001512591861
0.6434253008575135 1.0135001512591861
0.6474657048979175 1.0135001512591861
0.6515061089383215 1.0135001512591861
0.6555465129787256 1.0135001512591861
0.6595869170191295 1.0135001512591861
0.6636273210595336 1.0135001512591861
0.6676677250999377 1.0135001512591861
0.6717081291403417 1.0135001512591861
0.6757485331807458 1.0135001512591861
0.6797889372211499 1.0135001512591861
0.6838293412615538 1.0135001512591861
0.6878697453019579 1.0135001512591861
0.691910149342362 1.0135001512591861
0.6959505533827659 1.0135001512591861
0.69999095742317 1.0135001512591861
0.29999095742317 1.0175405552995902
0.304031361463574 1.0175405552995902
0.3080717655039781 1.0175405552995902
0.31211216954438215 1.0175405552995902
0.31615257358478616 1.0175405552995902
0.32019297762519017 1.0175405552995902
0.32423338166559423 1.0175405552995902
0.3282737857059983 1.0175405552995902
0.3323141897464023 1.0175405552995902
0.3363545937868064 1.0175405552995902
0.3403949978272104 1.0175405552995902
0.34443540186761445 1.0175405552995902
0.3484758059080185 1.0175405552995902
0.35251620994842253 1.0175405552995902
0.35655661398882654 1.0175405552995902
0.3605970180292306 1.0175405552995902
0.3646374220696347 1.0175405552995902
0.3686778261100387 1.0175405552995902
0.3727182301504427 1.0175405552995902
0.37675863419084676 1.0175405552995902
0.38079903823125083 1.0175405552995902
0.38483944227165484 1.0175405552995902
0.3888798463120589 1.0175405552995902
0.3929202503524629 1.0175405552995902
0.396960654392867 1.0175405552995902
0.401001058433271 1.0175405552995902
0.40504146247367506 1.0175405552995902
0.4090818665140791 1.0175405552995902
0.41312227055448314 1.0175405552995902
0.4171626745948872 1.0175405552995902
0.4212030786352912 1.0175405552995902
0.42524348267569523 1.0175405552995902
0.4292838867160993 1.0175405552995902
0.43332429075650336 1.0175405552995902
0.43736469479690737 1.0175405552995902
0.4414050988373114 1.0175405552995902
0.44544550287771545 1.0175405552995902
0.4494859069181195 1.0175405552995902
0.4535263109585235 1.0175405552995902
0.45756671499892754 1.0175405552995902
0.4616071190393316 1.0175405552995902
0.46564752307973567 1.0175405552995902
0.46968792712013974 1.0175405552995902
0.47372833116054375 1.0175405552995902
0.47776873520094776 1.0175405552995902
0.4818091392413518 1.0175405552995902
0.4858495432817559 1.0175405552995902
0.4898899473221599 1.0175405552995902
0.4939303513625639 1.0175405552995902
0.497970755402968 1.0175405552995902
0.502011159443372 1.0175405552995902
0.5060515634837761 1.0175405552995902
0.5100919675241801 1.0175405552995902
0.5141323715645841 1.0175405552995902
0.5181727756049882 1.0175405552995902
0.5222131796453922 1.0175405552995902
0.5262535836857962 1.0175405552995902
0.5302939877262003 1.0175405552995902
0.5343343917666044 1.0175405552995902
0.5383747958070084 1.0175405552995902
0.5424151998474125 1.0175405552995902
0.5464556038878164 1.0175405552995902
0.5504960079282205 1.0175405552995902
0.5545364119686245 1.0175405552995902
0.5585768160090285 1.0175405552995902
0.5626172200494326 1.0175405552995902
0.5666576240898367 1.0175405552995902
0.5706980281302407 1.0175405552995902
0.5747384321706448 1.0175405552995902
0.5787788362110489 1.0175405552995902
0.5828192402514528 1.0175405552995902
0.5868596442918569 1.0175405552995902
0.5909000483322608 1.0175405552995902
0.5949404523726649 1.0175405552995902
0.598980856413069 1.0175405552995902
0.603021260453473 1.0175405552995902
0.6070616644938771 1.0175405552995902
0.6111020685342812 1.0175405552995902
0.6151424725746851 1.0175405552995902
0.6191828766150892 1.0175405552995902
0.6232232806554932 1.0175405552995902
0.6272636846958972 1.0175405552995902
0.6313040887363013 1.0175405552995902
0.6353444927767053 1.0175405552995902
0.6393848968171094 1.0175405552995902
0.6434253008575135 1.0175405552995902
0.6474657048979175 1.0175405552995902
0.6515061089383215 1.0175405552995902
0.6555465129787256 1.0175405552995902
0.6595869170191295 1.0175405552995902
0.6636273210595336 1.0175405552995902
0.6676677250999377 1.0175405552995902
0.6717081291403417 1.0175405552995902
0.6757485331807458 1.0175405552995902
0.6797889372211499 1.0175405552995902
0.6838293412615538 1.0175405552995902
0.6878697453019579 1.0175405552995902
0.691910149342362 1.0175405552995902
0.6959505533827659 1.0175405552995902
0.69999095742317 1.0175405552995902
0.29999095742317 1.0215809593399943
0.304031361463574 1.0215809593399943
0.3080717655039781 1.0215809593399943
0.31211216954438215 1.0215809593399943
0.31615257358478616 1.0215809593399943
0.32019297762519017 1.0215809593399943
0.32423338166559423 1.0215809593399943
0.3282737857059983 1.0215809593399943
0.3323141897464023 1.0215809593399943
0.3363545937868064 1.0215809593399943
0.3403949978272104 1.0215809593399943
0.34443540186761445 1.0215809593399943
0.3484758059080185 1.0215809593399943
0.35251620994842253 1.0215809593399943
0.35655661398882654 1.0215809593399943
0.3605970180292306 1.0215809593399943
0.3646374220696347 1.0215809593399943
0.3686778261100387 1.0215809593399943
0.3727182301504427 1.0215809593399943
0.37675863419084676 1.0215809593399943
0.38079903823125083 1.0215809593399943
0.38483944227165484 1.0215809593399943
0.3888798463120589 1.0215809593399943
0.3929202503524629 1.0215809593399943
0.396960654392867 1.0215809593399943
0.401001058433271 1.0215809593399943
0.40504146247367506 1.0215809593399943
0.4090818665140791 1.0215809593399943
0.41312227055448314 1.0215809593399943
0.4171626745948872 1.0215809593399943
0.4212030786352912 1.0215809593399943
0.42524348267569523 1.0215809593399943
0.4292838867160993 1.0215809593399943
0.43332429075650336 1.0215809593399943
0.43736469479690737 1.0215809593399943
0.4414050988373114 1.0215809593399943
0.44544550287771545 1.0215809593399943
0.4494859069181195 1.0215809593399943
0.4535263109585235 1.0215809593399943
0.45756671499892754 1.0215809593399943
0.4616071190393316 1.0215809593399943
0.46564752307973567 1.0215809593399943
0.46968792712013974 1.0215809593399943
0.47372833116054375 1.0215809593399943
0.47776873520094776 1.0215809593399943
0.4818091392413518 1.0215809593399943
0.4858495432817559 1.0215809593399943
0.4898899473221599 1.0215809593399943
0.4939303513625639 1.0215809593399943
0.497970755402968 1.0215809593399943
0.502011159443372 1.0215809593399943
0.5060515634837761 1.0215809593399943
0.5100919675241801 1.0215809593399943
0.5141323715645841 1.0215809593399943
0.5181727756049882 1.0215809593399943
0.5222131796453922 1.0215809593399943
0.5262535836857962 1.0215809593399943
0.5302939877262003 1.0215809593399943
0.5343343917666044 1.0215809593399943
0.5383747958070084 1.0215809593399943
0.5424151998474125 1.0215809593399943
0.5464556038878164 1.0215809593399943
0.5504960079282205 1.0215809593399943
0.5545364119686245 1.0215809593399943
0.5585768160090285 1.0215809593399943
0.5626172200494326 1.0215809593399943
0.5666576240898367 1.0215809593399943
0.5706980281302407 1.0215809593399943
0.5747384321706448 1.0215809593399943
0.5787788362110489 1.0215809593399943
0.5828192402514528 1.0215809593399943
0.5868596442918569 1.0215809593399943
0.5909000483322608 1.0215809593399943
0.5949404523726649 1.0215809593399943
0.598980856413069 1.0215809593399943
0.603021260453473 1.0215809593399943
0.6070616644938771 1.0215809593399943
0.6111020685342812 1.0215809593399943
0.6151424725746851 1.0215809593399943
0.6191828766150892 1.0215809593399943
0.6232232806554932 1.0215809593399943
0.6272636846958972 1.0215809593399943
0.6313040887363013 1.0215809593399943
0.6353444927767053 1.0215809593399943
0.6393848968171094 1.0215809593399943
0.6434253008575135 1.0215809593399943
0.6474657048979175 1.0215809593399943
0.6515061089383215 1.0215809593399943
0.6555465129787256 1.0215809593399943
0.6595869170191295 1.0215809593399943
0.6636273210595336 1.0215809593399943
0.6676677250999377 1.0215809593399943
0.6717081291403417 1.0215809593399943
0.6757485331807458 1.0215809593399943
0.6797889372211499 1.0215809593399943
0.6838293412615538 1.0215809593399943
0.6878697453019579 1.0215809593399943
0.691910149342362 1.0215809593399943
0.6959505533827659 1.0215809593399943
0.69999095742317 1.0215809593399943
0.29999095742317 1.025621363380398
0.304031361463574 1.025621363380398
0.3080717655039781 1.025621363380398
0.31211216954438215 1.025621363380398
0.31615257358478616 1.025621363380398
0.32019297762519017 1.025621363380398
0.32423338166559423 1.025621363380398
0.3282737857059983 1.025621363380398
0.3323141897464023 1.025621363380398
0.3363545937868064 1.025621363380398
0.3403949978272104 1.025621363380398
0.34443540186761445 1.025621363380398
0.3484758059080185 1.025621363380398
0.35251620994842253 1.025621363380398
0.35655661398882654 1.025621363380398
0.3605970180292306 1.025621363380398
0.3646374220696347 1.025621363380398
0.3686778261100387 1.025621363380398
0.3727182301504427 1.025621363380398
0.37675863419084676 1.025621363380398
0.38079903823125083 1.025621363380398
0.38483944227165484 1.025621363380398
0.3888798463120589 1.025621363380398
0.3929202503524629 1.025621363380398
0.396960654392867 1.025621363380398
0.401001058433271 1.025621363380398
0.40504146247367506 1.025621363380398
0.4090818665140791 1.025621363380398
0.41312227055448314 1.025621363380398
0.4171626745948872 1.025621363380398
0.4212030786352912 1.025621363380398
0.42524348267569523 1.025621363380398
0.4292838867160993 1.025621363380398
0.43332429075650336 1.025621363380398
0.43736469479690737 1.025621363380398
0.4414050988373114 1.025621363380398
0.44544550287771545 1.025621363380398
0.4494859069181195 1.025621363380398
0.4535263109585235 1.025621363380398
0.45756671499892754 1.025621363380398
0.4616071190393316 1.025621363380398
0.46564752307973567 1.025621363380398
0.46968792712013974 1.025621363380398
0.47372833116054375 1.025621363380398
0.47776873520094776 1.025621363380398
0.4818091392413518 1.025621363380398
0.4858495432817559 1.025621363380398
0.4898899473221599 1.025621363380398
0.4939303513625639 1.025621363380398
0.497970755402968 1.025621363380398
0.502011159443372 1.025621363380398
0.5060515634837761 1.025621363380398
0.5100919675241801 1.025621363380398
0.5141323715645841 1.025621363380398
0.5181727756049882 1.025621363380398
0.5222131796453922 1.025621363380398
0.5262535836857962 1.025621363380398
0.5302939877262003 1.025621363380398
0.5343343917666044 1.025621363380398
0.5383747958070084 1.025621363380398
0.5424151998474125 1.025621363380398
0.5464556038878164 1.025621363380398
0.5504960079282205 1.025621363380398
0.5545364119686245 1.025621363380398
0.5585768160090285 1.025621363380398
0.5626172200494326 1.025621363380398
0.5666576240898367 1.025621363380398
0.5706980281302407 1.025621363380398
0.5747384321706448 1.025621363380398
0.5787788362110489 1.025621363380398
0.5828192402514528 1.025621363380398
0.5868596442918569 1.025621363380398
0.5909000483322608 1.025621363380398
0.5949404523726649 1.025621363380398
0.598980856413069 1.025621363380398
0.603021260453473 1.025621363380398
0.6070616644938771 1.025621363380398
0.6111020685342812 1.025621363380398
0.6151424725746851 1.025621363380398
0.6191828766150892 1.025621363380398
0.6232232806554932 1.025621363380398
0.6272636846958972 1.025621363380398
0.6313040887363013 1.025621363380398
0.6353444927767053 1.025621363380398
0.6393848968171094 1.025621363380398
0.6434253008575135 1.025621363380398
0.6474657048979175 1.025621363380398
0.6515061089383215 1.025621363380398
0.6555465129787256 1.025621363380398
0.6595869170191295 1.025621363380398
0.6636273210595336 1.025621363380398
0.6676677250999377 1.025621363380398
0.6717081291403417 1.025621363380398
0.6757485331807458 1.025621363380398
0.6797889372211499 1.025621363380398
0.6838293412615538 1.025621363380398
0.6878697453019579 1.025621363380398
0.691910149342362 1.025621363380398
0.6959505533827659 1.025621363380398
0.69999095742317 1.025621363380398
0.29999095742317 1.0296617674208022
0.304031361463574 1.0296617674208022
0.3080717655039781 1.0296617674208022
0.31211216954438215 1.0296617674208022
0.31615257358478616 1.0296617674208022
0.32019297762519017 1.0296617674208022
0.32423338166559423 1.0296617674208022
0.3282737857059983 1.0296617674208022
0.3323141897464023 1.0296617674208022
0.3363545937868064 1.0296617674208022
0.3403949978272104 1.0296617674208022
0.34443540186761445 1.0296617674208022
0.3484758059080185 1.0296617674208022
0.35251620994842253 1.0296617674208022
0.35655661398882654 1.0296617674208022
0.3605970180292306 1.0296617674208022
0.3646374220696347 1.0296617674208022
0.3686778261100387 1.0296617674208022
0.3727182301504427 1.0296617674208022
0.37675863419084676 1.0296617674208022
0.38079903823125083 1.0296617674208022
0.38483944227165484 1.0296617674208022
0.3888798463120589 1.0296617674208022
0.3929202503524629 1.0296617674208022
0.396960654392867 1.0296617674208022
0.401001058433271 1.0296617674208022
0.40504146247367506 1.0296617674208022
0.4090818665140791 1.0296617674208022
0.41312227055448314 1.0296617674208022
0.4171626745948872 1.0296617674208022
0.4212030786352912 1.0296617674208022
0.42524348267569523 1.0296617674208022
0.4292838867160993 1.0296617674208022
0.43332429075650336 1.0296617674208022
0.43736469479690737 1.0296617674208022
0.4414050988373114 1.0296617674208022
0.44544550287771545 1.0296617674208022
0.4494859069181195 1.0296617674208022
0.4535263109585235 1.0296617674208022
0.45756671499892754 1.0296617674208022
0.4616071190393316 1.0296617674208022
0.46564752307973567 1.0296617674208022
0.46968792712013974 1.0296617674208022
0.47372833116054375 1.0296617674208022
0.47776873520094776 1.0296617674208022
0.4818091392413518 1.0296617674208022
0.4858495432817559 1.0296617674208022
0.4898899473221599 1.0296617674208022
0.4939303513625639 1.0296617674208022
0.497970755402968 1.0296617674208022
0.502011159443372 1.0296617674208022
0.5060515634837761 1.0296617674208022
0.5100919675241801 1.0296617674208022
0.5141323715645841 1.0296617674208022
0.5181727756049882 1.0296617674208022
0.5222131796453922 1.0296617674208022
0.5262535836857962 1.0296617674208022
0.5302939877262003 1.0296617674208022
0.5343343917666044 1.0296617674208022
0.5383747958070084 1.0296617674208022
0.5424151998474125 1.0296617674208022
0.5464556038878164 1.0296617674208022
0.5504960079282205 1.0296617674208022
0.5545364119686245 1.0296617674208022
0.5585768160090285 1.0296617674208022
0.5626172200494326 1.0296617674208022
0.5666576240898367 1.0296617674208022
0.5706980281302407 1.0296617674208022
0.5747384321706448 1.0296617674208022
0.5787788362110489 1.0296617674208022
0.5828192402514528 1.0296617674208022
0.5868596442918569 1.0296617674208022
0.5909000483322608 1.0296617674208022
0.5949404523726649 1.0296617674208022
0.598980856413069 1.0296617674208022
0.603021260453473 1.0296617674208022
0.6070616644938771 1.0296617674208022
0.6111020685342812 1.0296617674208022
0.6151424725746851 1.0296617674208022
0.6191828766150892 1.0296617674208022
0.6232232806554932 1.0296617674208022
0.6272636846958972 1.0296617674208022
0.6313040887363013 1.0296617674208022
0.6353444927767053 1.0296617674208022
0.6393848968171094 1.0296617674208022
0.6434253008575135 1.0296617674208022
0.6474657048979175 1.0296617674208022
0.6515061089383215 1.0296617674208022
0.6555465129787256 1.0296617674208022
0.6595869170191295 1.0296617674208022
0.6636273210595336 1.0296617674208022
0.6676677250999377 1.0296617674208022
0.6717081291403417 1.0296617674208022
0.6757485331807458 1.0296617674208022
0.6797889372211499 1.0296617674208022
0.6838293412615538 1.0296617674208022
0.6878697453019579 1.0296617674208022
0.691910149342362 1.0296617674208022
0.6959505533827659 1.0296617674208022
0.69999095742317 1.0296617674208022
0.29999095742317 1.0337021714612062
0.304031361463574 1.0337021714612062
0.3080717655039781 1.0337021714612062
0.31211216954438215 1.0337021714612062
0.31615257358478616 1.0337021714612062
0.32019297762519017 1.0337021714612062
0.32423338166559423 1.0337021714612062
0.3282737857059983 1.0337021714612062
0.3323141897464023 1.0337021714612062
0.3363545937868064 1.0337021714612062
0.3403949978272104 1.0337021714612062
0.34443540186761445 1.0337021714612062
0.3484758059080185 1.0337021714612062
0.35251620994842253 1.0337021714612062
0.35655661398882654 1.0337021714612062
0.3605970180292306 1.0337021714612062
0.3646374220696347 1.0337021714612062
0.3686778261100387 1.0337021714612062
0.3727182301504427 1.0337021714612062
0.37675863419084676 1.0337021714612062
0.38079903823125083 1.0337021714612062
0.38483944227165484 1.0337021714612062
0.3888798463120589 1.0337021714612062
0.3929202503524629 1.0337021714612062
0.396960654392867 1.0337021714612062
0.401001058433271 1.0337021714612062
0.40504146247367506 1.0337021714612062
0.4090818665140791 1.0337021714612062
0.41312227055448314 1.0337021714612062
0.4171626745948872 1.0337021714612062
0.4212030786352912 1.0337021714612062
0.42524348267569523 1.0337021714612062
0.4292838867160993 1.0337021714612062
0.43332429075650336 1.0337021714612062
0.43736469479690737 1.0337021714612062
0.4414050988373114 1.0337021714612062
0.44544550287771545 1.0337021714612062
0.4494859069181195 1.0337021714612062
0.4535263109585235 1.0337021714612062
0.45756671499892754 1.0337021714612062
0.4616071190393316 1.0337021714612062
0.46564752307973567 1.0337021714612062
0.46968792712013974 1.0337021714612062
0.47372833116054375 1.0337021714612062
0.47776873520094776 1.0337021714612062
0.4818091392413518 1.0337021714612062
0.4858495432817559 1.0337021714612062
0.4898899473221599 1.0337021714612062
0.4939303513625639 1.0337021714612062
0.497970755402968 1.0337021714612062
0.502011159443372 1.0337021714612062
0.5060515634837761 1.0337021714612062
0.5100919675241801 1.0337021714612062
0.5141323715645841 1.0337021714612062
0.5181727756049882 1.0337021714612062
0.5222131796453922 1.0337021714612062
0.5262535836857962 1.0337021714612062
0.5302939877262003 1.0337021714612062
0.5343343917666044 1.0337021714612062
0.5383747958070084 1.0337021714612062
0.5424151998474125 1.0337021714612062
0.5464556038878164 1.0337021714612062
0.5504960079282205 1.0337021714612062
0.5545364119686245 1.0337021714612062
0.5585768160090285 1.0337021714612062
0.5626172200494326 1.0337021714612062
0.5666576240898367 1.0337021714612062
0.5706980281302407 1.0337021714612062
0.5747384321706448 1.0337021714612062
0.5787788362110489 1.0337021714612062
0.5828192402514528 1.0337021714612062
0.5868596442918569 1.0337021714612062
0.5909000483322608 1.0337021714612062
0.5949404523726649 1.0337021714612062
0.598980856413069 1.0337021714612062
0.603021260453473 1.0337021714612062
0.6070616644938771 1.0337021714612062
0.6111020685342812 1.0337021714612062
0.6151424725746851 1.0337021714612062
0.6191828766150892 1.0337021714612062
0.6232232806554932 1.0337021714612062
0.6272636846958972 1.0337021714612062
0.6313040887363013 1.0337021714612062
0.6353444927767053 1.0337021714612062
0.6393848968171094 1.0337021714612062
0.6434253008575135 1.0337021714612062
0.6474657048979175 1.0337021714612062
0.6515061089383215 1.0337021714612062
0.6555465129787256 1.0337021714612062
0.6595869170191295 1.0337021714612062
0.6636273210595336 1.0337021714612062
0.6676677250999377 1.0337021714612062
0.6717081291403417 1.0337021714612062
0.6757485331807458 1.0337021714612062
0.6797889372211499 1.0337021714612062
0.6838293412615538 1.0337021714612062
0.6878697453019579 1.0337021714612062
0.691910149342362 1.0337021714612062
0.6959505533827659 1.0337021714612062
0.69999095742317 1.0337021714612062
0.29999095742317 1.0377425755016103
0.304031361463574 1.0377425755016103
0.3080717655039781 1.0377425755016103
0.31211216954438215 1.0377425755016103
0.31615257358478616 1.0377425755016103
0.32019297762519017 1.0377425755016103
0.32423338166559423 1.0377425755016103
0.3282737857059983 1.0377425755016103
0.3323141897464023 1.0377425755016103
0.3363545937868064 1.0377425755016103
0.3403949978272104 1.0377425755016103
0.34443540186761445 1.0377425755016103
0.3484758059080185 1.0377425755016103
0.35251620994842253 1.0377425755016103
0.35655661398882654 1.0377425755016103
0.3605970180292306 1.0377425755016103
0.3646374220696347 1.0377425755016103
0.3686778261100387 1.0377425755016103
0.3727182301504427 1.0377425755016103
0.37675863419084676 1.0377425755016103
0.38079903823125083 1.0377425755016103
0.38483944227165484 1.0377425755016103
0.3888798463120589 1.0377425755016103
0.3929202503524629 1.0377425755016103
0.396960654392867 1.0377425755016103
0.401001058433271 1.0377425755016103
0.40504146247367506 1.0377425755016103
0.4090818665140791 1.0377425755016103
0.41312227055448314 1.0377425755016103
0.4171626745948872 1.0377425755016103
0.4212030786352912 1.0377425755016103
0.42524348267569523 1.0377425755016103
0.4292838867160993 1.0377425755016103
0.43332429075650336 1.0377425755016103
0.43736469479690737 1.0377425755016103
0.4414050988373114 1.0377425755016103
0.44544550287771545 1.0377425755016103
0.4494859069181195 1.0377425755016103
0.4535263109585235 1.0377425755016103
0.45756671499892754 1.0377425755016103
0.4616071190393316 1.0377425755016103
0.46564752307973567 1.0377425755016103
0.46968792712013974 1.0377425755016103
0.47372833116054375 1.0377425755016103
0.47776873520094776 1.0377425755016103
0.4818091392413518 1.0377425755016103
0.4858495432817559 1.0377425755016103
0.4898899473221599 1.0377425755016103
0.4939303513625639 1.0377425755016103
0.497970755402968 1.0377425755016103
0.502011159443372 1.0377425755016103
0.5060515634837761 1.0377425755016103
0.5100919675241801 1.0377425755016103
0.5141323715645841 1.0377425755016103
0.5181727756049882 1.0377425755016103
0.5222131796453922 1.0377425755016103
0.5262535836857962 1.0377425755016103
0.5302939877262003 1.0377425755016103
0.5343343917666044 1.0377425755016103
0.5383747958070084 1.0377425755016103
0.5424151998474125 1.0377425755016103
0.5464556038878164 1.0377425755016103
0.5504960079282205 1.0377425755016103
0.5545364119686245 1.0377425755016103
0.5585768160090285 1.0377425755016103
0.5626172200494326 1.0377425755016103
0.5666576240898367 1.0377425755016103
0.5706980281302407 1.0377425755016103
0.5747384321706448 1.0377425755016103
0.5787788362110489 1.0377425755016103
0.5828192402514528 1.0377425755016103
0.5868596442918569 1.0377425755016103
0.5909000483322608 1.0377425755016103
0.5949404523726649 1.0377425755016103
0.598980856413069 1.0377425755016103
0.603021260453473 1.0377425755016103
0.6070616644938771 1.0377425755016103
0.6111020685342812 1.0377425755016103
0.6151424725746851 1.0377425755016103
0.6191828766150892 1.0377425755016103
0.6232232806554932 1.0377425755016103
0.6272636846958972 1.0377425755016103
0.6313040887363013 1.0377425755016103
0.6353444927767053 1.0377425755016103
0.6393848968171094 1.0377425755016103
0.6434253008575135 1.0377425755016103
0.6474657048979175 1.0377425755016103
0.6515061089383215 1.0377425755016103
0.6555465129787256 1.0377425755016103
0.6595869170191295 1.0377425755016103
0.6636273210595336 1.0377425755016103
0.6676677250999377 1.0377425755016103
0.6717081291403417 1.0377425755016103
0.6757485331807458 1.0377425755016103
0.6797889372211499 1.0377425755016103
0.6838293412615538 1.0377425755016103
0.6878697453019579 1.0377425755016103
0.691910149342362 1.0377425755016103
0.6959505533827659 1.0377425755016103
0.69999095742317 1.0377425755016103
0.29999095742317 1.0417829795420144
0.304031361463574 1.0417829795420144
0.3080717655039781 1.0417829795420144
0.31211216954438215 1.0417829795420144
0.31615257358478616 1.0417829795420144
0.32019297762519017 1.0417829795420144
0.32423338166559423 1.0417829795420144
0.3282737857059983 1.0417829795420144
0.3323141897464023 1.0417829795420144
0.3363545937868064 1.0417829795420144
0.3403949978272104 1.0417829795420144
0.34443540186761445 1.0417829795420144
0.3484758059080185 1.0417829795420144
0.35251620994842253 1.0417829795420144
0.35655661398882654 1.0417829795420144
0.3605970180292306 1.0417829795420144
0.3646374220696347 1.0417829795420144
0.3686778261100387 1.0417829795420144
0.3727182301504427 1.0417829795420144
0.37675863419084676 1.0417829795420144
0.38079903823125083 1.0417829795420144
0.38483944227165484 1.0417829795420144
0.3888798463120589 1.0417829795420144
0.3929202503524629 1.0417829795420144
0.396960654392867 1.0417829795420144
0.401001058433271 1.0417829795420144
0.40504146247367506 1.0417829795420144
0.4090818665140791 1.0417829795420144
0.41312227055448314 1.0417829795420144
0.4171626745948872 1.0417829795420144
0.4212030786352912 1.0417829795420144
0.42524348267569523 1.0417829795420144
0.4292838867160993 1.0417829795420144
0.43332429075650336 1.0417829795420144
0.43736469479690737 1.0417829795420144
0.4414050988373114 1.0417829795420144
0.44544550287771545 1.0417829795420144
0.4494859069181195 1.0417829795420144
0.4535263109585235 1.0417829795420144
0.45756671499892754 1.0417829795420144
0.4616071190393316 1.0417829795420144
0.46564752307973567 1.0417829795420144
0.46968792712013974 1.0417829795420144
0.47372833116054375 1.0417829795420144
0.47776873520094776 1.0417829795420144
0.4818091392413518 1.0417829795420144
0.4858495432817559 1.0417829795420144
0.4898899473221599 1.0417829795420144
0.4939303513625639 1.0417829795420144
0.497970755402968 1.0417829795420144
0.502011159443372 1.0417829795420144
0.5060515634837761 1.0417829795420144
0.5100919675241801 1.0417829795420144
0.5141323715645841 1.0417829795420144
0.5181727756049882 1.0417829795420144
0.5222131796453922 1.0417829795420144
0.5262535836857962 1.0417829795420144
0.5302939877262003 1.0417829795420144
0.5343343917666044 1.0417829795420144
0.5383747958070084 1.0417829795420144
0.5424151998474125 1.0417829795420144
0.5464556038878164 1.0417829795420144
0.5504960079282205 1.0417829795420144
0.5545364119686245 1.0417829795420144
0.5585768160090285 1.0417829795420144
0.5626172200494326 1.0417829795420144
0.5666576240898367 1.0417829795420144
0.5706980281302407 1.0417829795420144
0.5747384321706448 1.0417829795420144
0.5787788362110489 1.0417829795420144
0.5828192402514528 1.0417829795420144
0.5868596442918569 1.0417829795420144
0.5909000483322608 1.0417829795420144
0.5949404523726649 1.0417829795420144
0.598980856413069 1.0417829795420144
0.603021260453473 1.0417829795420144
0.6070616644938771 1.0417829795420144
0.6111020685342812 1.0417829795420144
0.6151424725746851 1.0417829795420144
0.6191828766150892 1.0417829795420144
0.6232232806554932 1.0417829795420144
0.6272636846958972 1.0417829795420144
0.6313040887363013 1.0417829795420144
0.6353444927767053 1.0417829795420144
0.6393848968171094 1.0417829795420144
0.6434253008575135 1.0417829795420144
0.6474657048979175 1.0417829795420144
0.6515061089383215 1.0417829795420144
0.6555465129787256 1.0417829795420144
0.6595869170191295 1.0417829795420144
0.6636273210595336 1.0417829795420144
0.6676677250999377 1.0417829795420144
0.6717081291403417 1.0417829795420144
0.6757485331807458 1.0417829795420144
0.6797889372211499 1.0417829795420144
0.6838293412615538 1.0417829795420144
0.6878697453019579 1.0417829795420144
0.691910149342362 1.0417829795420144
0.6959505533827659 1.0417829795420144
0.69999095742317 1.0417829795420144
0.29999095742317 1.0458233835824184
0.304031361463574 1.0458233835824184
0.3080717655039781 1.0458233835824184
0.31211216954438215 1.0458233835824184
0.31615257358478616 1.0458233835824184
0.32019297762519017 1.0458233835824184
0.32423338166559423 1.0458233835824184
0.3282737857059983 1.0458233835824184
0.3323141897464023 1.0458233835824184
0.3363545937868064 1.0458233835824184
0.3403949978272104 1.0458233835824184
0.34443540186761445 1.0458233835824184
0.3484758059080185 1.0458233835824184
0.35251620994842253 1.0458233835824184
0.35655661398882654 1.0458233835824184
0.3605970180292306 1.0458233835824184
0.3646374220696347 1.0458233835824184
0.3686778261100387 1.0458233835824184
0.3727182301504427 1.0458233835824184
0.37675863419084676 1.0458233835824184
0.38079903823125083 1.0458233835824184
0.38483944227165484 1.0458233835824184
0.3888798463120589 1.0458233835824184
0.3929202503524629 1.0458233835824184
0.396960654392867 1.0458233835824184
0.401001058433271 1.0458233835824184
0.40504146247367506 1.0458233835824184
0.4090818665140791 1.0458233835824184
0.41312227055448314 1.0458233835824184
0.4171626745948872 1.0458233835824184
0.4212030786352912 1.0458233835824184
0.42524348267569523 1.0458233835824184
0.4292838867160993 1.0458233835824184
0.43332429075650336 1.0458233835824184
0.43736469479690737 1.0458233835824184
0.4414050988373114 1.0458233835824184
0.44544550287771545 1.0458233835824184
0.4494859069181195 1.0458233835824184
0.4535263109585235 1.0458233835824184
0.45756671499892754 1.0458233835824184
0.4616071190393316 1.0458233835824184
0.46564752307973567 1.0458233835824184
0.46968792712013974 1.0458233835824184
0.47372833116054375 1.0458233835824184
0.47776873520094776 1.0458233835824184
0.4818091392413518 1.0458233835824184
0.4858495432817559 1.0458233835824184
0.4898899473221599 1.0458233835824184
0.4939303513625639 1.0458233835824184
0.497970755402968 1.0458233835824184
0.502011159443372 1.0458233835824184
0.5060515634837761 1.0458233835824184
0.5100919675241801 1.0458233835824184
0.5141323715645841 1.0458233835824184
0.5181727756049882 1.0458233835824184
0.5222131796453922 1.0458233835824184
0.5262535836857962 1.0458233835824184
0.5302939877262003 1.0458233835824184
0.5343343917666044 1.0458233835824184
0.5383747958070084 1.0458233835824184
0.5424151998474125 1.0458233835824184
0.5464556038878164 1.0458233835824184
0.5504960079282205 1.0458233835824184
0.5545364119686245 1.0458233835824184
0.5585768160090285 1.0458233835824184
0.5626172200494326 1.0458233835824184
0.5666576240898367 1.0458233835824184
0.5706980281302407 1.0458233835824184
0.5747384321706448 1.0458233835824184
0.5787788362110489 1.0458233835824184
0.5828192402514528 1.0458233835824184
0.5868596442918569 1.0458233835824184
0.5909000483322608 1.0458233835824184
0.5949404523726649 1.0458233835824184
0.598980856413069 1.0458233835824184
0.603021260453473 1.0458233835824184
0.6070616644938771 1.0458233835824184
0.6111020685342812 1.0458233835824184
0.6151424725746851 1.0458233835824184
0.6191828766150892 1.0458233835824184
0.6232232806554932 1.0458233835824184
0.6272636846958972 1.0458233835824184
0.6313040887363013 1.0458233835824184
0.6353444927767053 1.0458233835824184
0.6393848968171094 1.0458233835824184
0.6434253008575135 1.0458233835824184
0.6474657048979175 1.0458233835824184
0.6515061089383215 1.0458233835824184
0.6555465129787256 1.0458233835824184
0.6595869170191295 1.0458233835824184
0.6636273210595336 1.0458233835824184
0.6676677250999377 1.0458233835824184
0.6717081291403417 1.0458233835824184
0.6757485331807458 1.0458233835824184
0.6797889372211499 1.0458233835824184
0.6838293412615538 1.0458233835824184
0.6878697453019579 1.0458233835824184
0.691910149342362 1.0458233835824184
0.6959505533827659 1.0458233835824184
0.69999095742317 1.0458233835824184
0.29999095742317 1.0498637876228223
0.304031361463574 1.0498637876228223
0.3080717655039781 1.0498637876228223
0.31211216954438215 1.0498637876228223
0.31615257358478616 1.0498637876228223
0.32019297762519017 1.0498637876228223
0.32423338166559423 1.0498637876228223
0.3282737857059983 1.0498637876228223
0.3323141897464023 1.0498637876228223
0.3363545937868064 1.0498637876228223
0.3403949978272104 1.0498637876228223
0.34443540186761445 1.0498637876228223
0.3484758059080185 1.0498637876228223
0.35251620994842253 1.0498637876228223
0.35655661398882654 1.0498637876228223
0.3605970180292306 1.0498637876228223
0.3646374220696347 1.0498637876228223
0.3686778261100387 1.0498637876228223
0.3727182301504427 1.0498637876228223
0.37675863419084676 1.0498637876228223
0.38079903823125083 1.0498637876228223
0.38483944227165484 1.0498637876228223
0.3888798463120589 1.0498637876228223
0.3929202503524629 1.0498637876228223
0.396960654392867 1.0498637876228223
0.401001058433271 1.0498637876228223
0.40504146247367506 1.0498637876228223
0.4090818665140791 1.0498637876228223
0.41312227055448314 1.0498637876228223
0.4171626745948872 1.0498637876228223
0.4212030786352912 1.0498637876228223
0.42524348267569523 1.0498637876228223
0.4292838867160993 1.0498637876228223
0.43332429075650336 1.0498637876228223
0.43736469479690737 1.0498637876228223
0.4414050988373114 1.0498637876228223
0.44544550287771545 1.0498637876228223
0.4494859069181195 1.0498637876228223
0.4535263109585235 1.0498637876228223
0.45756671499892754 1.0498637876228223
0.4616071190393316 1.0498637876228223
0.46564752307973567 1.0498637876228223
0.46968792712013974 1.0498637876228223
0.47372833116054375 1.0498637876228223
0.47776873520094776 1.0498637876228223
0.4818091392413518 1.0498637876228223
0.4858495432817559 1.0498637876228223
0.4898899473221599 1.0498637876228223
0.4939303513625639 1.0498637876228223
0.497970755402968 1.0498637876228223
0.502011159443372 1.0498637876228223
0.5060515634837761 1.0498637876228223
0.5100919675241801 1.0498637876228223
0.5141323715645841 1.0498637876228223
0.5181727756049882 1.0498637876228223
0.5222131796453922 1.0498637876228223
0.5262535836857962 1.0498637876228223
0.5302939877262003 1.0498637876228223
0.5343343917666044 1.0498637876228223
0.5383747958070084 1.0498637876228223
0.5424151998474125 1.0498637876228223
0.5464556038878164 1.0498637876228223
0.5504960079282205 1.0498637876228223
0.5545364119686245 1.0498637876228223
0.5585768160090285 1.0498637876228223
0.5626172200494326 1.0498637876228223
0.5666576240898367 1.0498637876228223
0.5706980281302407 1.0498637876228223
0.5747384321706448 1.0498637876228223
0.5787788362110489 1.0498637876228223
0.5828192402514528 1.0498637876228223
0.5868596442918569 1.0498637876228223
0.5909000483322608 1.0498637876228223
0.5949404523726649 1.0498637876228223
0.598980856413069 1.0498637876228223
0.603021260453473 1.0498637876228223
0.6070616644938771 1.0498637876228223
0.6111020685342812 1.0498637876228223
0.6151424725746851 1.0498637876228223
0.6191828766150892 1.0498637876228223
0.6232232806554932 1.0498637876228223
0.6272636846958972 1.0498637876228223
0.6313040887363013 1.0498637876228223
0.6353444927767053 1.0498637876228223
0.6393848968171094 1.0498637876228223
0.6434253008575135 1.0498637876228223
0.6474657048979175 1.0498637876228223
0.6515061089383215 1.0498637876228223
0.6555465129787256 1.0498637876228223
0.6595869170191295 1.0498637876228223
0.6636273210595336 1.0498637876228223
0.6676677250999377 1.0498637876228223
0.6717081291403417 1.0498637876228223
0.6757485331807458 1.0498637876228223
0.6797889372211499 1.0498637876228223
0.6838293412615538 1.0498637876228223
0.6878697453019579 1.0498637876228223
0.691910149342362 1.0498637876228223
0.6959505533827659 1.0498637876228223
0.69999095742317 1.0498637876228223
0.29999095742317 1.0539041916632264
0.304031361463574 1.0539041916632264
0.3080717655039781 1.0539041916632264
0.31211216954438215 1.0539041916632264
0.31615257358478616 1.0539041916632264
0.32019297762519017 1.0539041916632264
0.32423338166559423 1.0539041916632264
0.3282737857059983 1.0539041916632264
0.3323141897464023 1.0539041916632264
0.3363545937868064 1.0539041916632264
0.3403949978272104 1.0539041916632264
0.34443540186761445 1.0539041916632264
0.3484758059080185 1.0539041916632264
0.35251620994842253 1.0539041916632264
0.35655661398882654 1.0539041916632264
0.3605970180292306 1.0539041916632264
0.3646374220696347 1.0539041916632264
0.3686778261100387 1.0539041916632264
0.3727182301504427 1.0539041916632264
0.37675863419084676 1.0539041916632264
0.38079903823125083 1.0539041916632264
0.38483944227165484 1.0539041916632264
0.3888798463120589 1.0539041916632264
0.3929202503524629 1.0539041916632264
0.396960654392867 1.0539041916632264
0.401001058433271 1.0539041916632264
0.40504146247367506 1.0539041916632264
0.4090818665140791 1.0539041916632264
0.41312227055448314 1.0539041916632264
0.4171626745948872 1.0539041916632264
0.4212030786352912 1.0539041916632264
0.42524348267569523 1.0539041916632264
0.4292838867160993 1.0539041916632264
0.43332429075650336 1.0539041916632264
0.43736469479690737 1.0539041916632264
0.4414050988373114 1.0539041916632264
0.44544550287771545 1.0539041916632264
0.4494859069181195 1.0539041916632264
0.4535263109585235 1.0539041916632264
0.45756671499892754 1.0539041916632264
0.4616071190393316 1.0539041916632264
0.46564752307973567 1.0539041916632264
0.46968792712013974 1.0539041916632264
0.47372833116054375 1.0539041916632264
0.47776873520094776 1.0539041916632264
0.4818091392413518 1.0539041916632264
0.4858495432817559 1.0539041916632264
0.4898899473221599 1.0539041916632264
0.4939303513625639 1.0539041916632264
0.497970755402968 1.0539041916632264
0.502011159443372 1.0539041916632264
0.5060515634837761 1.0539041916632264
0.5100919675241801 1.0539041916632264
0.5141323715645841 1.0539041916632264
0.5181727756049882 1.0539041916632264
0.5222131796453922 1.0539041916632264
0.5262535836857962 1.0539041916632264
0.5302939877262003 1.0539041916632264
0.5343343917666044 1.0539041916632264
0.5383747958070084 1.0539041916632264
0.5424151998474125 1.0539041916632264
0.5464556038878164 1.0539041916632264
0.5504960079282205 1.0539041916632264
0.5545364119686245 1.0539041916632264
0.5585768160090285 1.0539041916632264
0.5626172200494326 1.0539041916632264
0.5666576240898367 1.0539041916632264
0.5706980281302407 1.0539041916632264
0.5747384321706448 1.0539041916632264
0.5787788362110489 1.0539041916632264
0.5828192402514528 1.0539041916632264
0.5868596442918569 1.0539041916632264
0.5909000483322608 1.0539041916632264
0.5949404523726649 1.0539041916632264
0.598980856413069 1.0539041916632264
0.603021260453473 1.0539041916632264
0.6070616644938771 1.0539041916632264
0.6111020685342812 1.0539041916632264
0.6151424725746851 1.0539041916632264
0.6191828766150892 1.0539041916632264
0.6232232806554932 1.0539041916632264
0.6272636846958972 1.0539041916632264
0.6313040887363013 1.0539041916632264
0.6353444927767053 1.0539041916632264
0.6393848968171094 1.0539041916632264
0.6434253008575135 1.0539041916632264
0.6474657048979175 1.0539041916632264
0.6515061089383215 1.0539041916632264
0.6555465129787256 1.0539041916632264
0.6595869170191295 1.0539041916632264
0.6636273210595336 1.0539041916632264
0.6676677250999377 1.0539041916632264
0.6717081291403417 1.0539041916632264
0.6757485331807458 1.0539041916632264
0.6797889372211499 1.0539041916632264
0.6838293412615538 1.0539041916632264
0.6878697453019579 1.0539041916632264
0.691910149342362 1.0539041916632264
0.6959505533827659 1.0539041916632264
0.69999095742317 1.0539041916632264
0.29999095742317 1.0579445957036304
0.304031361463574 1.0579445957036304
0.3080717655039781 1.0579445957036304
0.31211216954438215 1.0579445957036304
0.31615257358478616 1.0579445957036304
0.32019297762519017 1.0579445957036304
0.32423338166559423 1.0579445957036304
0.3282737857059983 1.0579445957036304
0.3323141897464023 1.0579445957036304
0.3363545937868064 1.0579445957036304
0.3403949978272104 1.0579445957036304
0.34443540186761445 1.0579445957036304
0.3484758059080185 1.0579445957036304
0.35251620994842253 1.0579445957036304
0.35655661398882654 1.0579445957036304
0.3605970180292306 1.0579445957036304
0.3646374220696347 1.0579445957036304
0.3686778261100387 1.0579445957036304
0.3727182301504427 1.0579445957036304
0.37675863419084676 1.0579445957036304
0.38079903823125083 1.0579445957036304
0.38483944227165484 1.0579445957036304
0.3888798463120589 1.0579445957036304
0.3929202503524629 1.0579445957036304
0.396960654392867 1.0579445957036304
0.401001058433271 1.0579445957036304
0.40504146247367506 1.0579445957036304
0.4090818665140791 1.0579445957036304
0.41312227055448314 1.0579445957036304
0.4171626745948872 1.0579445957036304
0.4212030786352912 1.0579445957036304
0.42524348267569523 1.0579445957036304
0.4292838867160993 1.0579445957036304
0.43332429075650336 1.0579445957036304
0.43736469479690737 1.0579445957036304
0.4414050988373114 1.0579445957036304
0.44544550287771545 1.0579445957036304
0.4494859069181195 1.0579445957036304
0.4535263109585235 1.0579445957036304
0.45756671499892754 1.0579445957036304
0.4616071190393316 1.0579445957036304
0.46564752307973567 1.0579445957036304
0.46968792712013974 1.0579445957036304
0.47372833116054375 1.0579445957036304
0.47776873520094776 1.0579445957036304
0.4818091392413518 1.0579445957036304
0.4858495432817559 1.0579445957036304
0.4898899473221599 1.0579445957036304
0.4939303513625639 1.0579445957036304
0.497970755402968 1.0579445957036304
0.502011159443372 1.0579445957036304
0.5060515634837761 1.0579445957036304
0.5100919675241801 1.0579445957036304
0.5141323715645841 1.0579445957036304
0.5181727756049882 1.0579445957036304
0.5222131796453922 1.0579445957036304
0.5262535836857962 1.0579445957036304
0.5302939877262003 1.0579445957036304
0.5343343917666044 1.0579445957036304
0.5383747958070084 1.0579445957036304
0.5424151998474125 1.0579445957036304
0.5464556038878164 1.0579445957036304
0.5504960079282205 1.0579445957036304
0.5545364119686245 1.0579445957036304
0.5585768160090285 1.0579445957036304
0.5626172200494326 1.0579445957036304
0.5666576240898367 1.0579445957036304
0.5706980281302407 1.0579445957036304
0.5747384321706448 1.0579445957036304
0.5787788362110489 1.0579445957036304
0.5828192402514528 1.0579445957036304
0.5868596442918569 1.0579445957036304
0.5909000483322608 1.0579445957036304
0.5949404523726649 1.0579445957036304
0.598980856413069 1.0579445957036304
0.603021260453473 1.0579445957036304
0.6070616644938771 1.0579445957036304
0.6111020685342812 1.0579445957036304
0.6151424725746851 1.0579445957036304
0.6191828766150892 1.0579445957036304
0.6232232806554932 1.0579445957036304
0.6272636846958972 1.0579445957036304
0.6313040887363013 1.0579445957036304
0.6353444927767053 1.0579445957036304
0.6393848968171094 1.0579445957036304
0.6434253008575135 1.0579445957036304
0.6474657048979175 1.0579445957036304
0.6515061089383215 1.0579445957036304
0.6555465129787256 1.0579445957036304
0.6595869170191295 1.0579445957036304
0.6636273210595336 1.0579445957036304
0.6676677250999377 1.0579445957036304
0.6717081291403417 1.0579445957036304
0.6757485331807458 1.0579445957036304
0.6797889372211499 1.0579445957036304
0.6838293412615538 1.0579445957036304
0.6878697453019579 1.0579445957036304
0.691910149342362 1.0579445957036304
0.6959505533827659 1.0579445957036304
0.69999095742317 1.0579445957036304
0.29999095742317 1.0619849997440345
0.304031361463574 1.0619849997440345
0.3080717655039781 1.0619849997440345
0.31211216954438215 1.0619849997440345
0.31615257358478616 1.0619849997440345
0.32019297762519017 1.0619849997440345
0.32423338166559423 1.0619849997440345
0.3282737857059983 1.0619849997440345
0.3323141897464023 1.0619849997440345
0.3363545937868064 1.0619849997440345
0.3403949978272104 1.0619849997440345
0.34443540186761445 1.0619849997440345
0.3484758059080185 1.0619849997440345
0.35251620994842253 1.0619849997440345
0.35655661398882654 1.0619849997440345
0.3605970180292306 1.0619849997440345
0.3646374220696347 1.0619849997440345
0.3686778261100387 1.0619849997440345
0.3727182301504427 1.0619849997440345
0.37675863419084676 1.0619849997440345
0.38079903823125083 1.0619849997440345
0.38483944227165484 1.0619849997440345
0.3888798463120589 1.0619849997440345
0.3929202503524629 1.0619849997440345
0.396960654392867 1.0619849997440345
0.401001058433271 1.0619849997440345
0.40504146247367506 1.0619849997440345
0.4090818665140791 1.0619849997440345
0.41312227055448314 1.0619849997440345
0.4171626745948872 1.0619849997440345
0.4212030786352912 1.0619849997440345
0.42524348267569523 1.0619849997440345
0.4292838867160993 1.0619849997440345
0.43332429075650336 1.0619849997440345
0.43736469479690737 1.0619849997440345
0.4414050988373114 1.0619849997440345
0.44544550287771545 1.0619849997440345
0.4494859069181195 1.0619849997440345
0.4535263109585235 1.0619849997440345
0.45756671499892754 1.0619849997440345
0.4616071190393316 1.0619849997440345
0.46564752307973567 1.0619849997440345
0.46968792712013974 1.0619849997440345
0.47372833116054375 1.0619849997440345
0.47776873520094776 1.0619849997440345
0.4818091392413518 1.0619849997440345
0.4858495432817559 1.0619849997440345
0.4898899473221599 1.0619849997440345
0.4939303513625639 1.0619849997440345
0.497970755402968 1.0619849997440345
0.502011159443372 1.0619849997440345
0.5060515634837761 1.0619849997440345
0.5100919675241801 1.0619849997440345
0.5141323715645841 1.0619849997440345
0.5181727756049882 1.0619849997440345
0.5222131796453922 1.0619849997440345
0.5262535836857962 1.0619849997440345
0.5302939877262003 1.0619849997440345
0.5343343917666044 1.0619849997440345
0.5383747958070084 1.0619849997440345
0.5424151998474125 1.0619849997440345
0.5464556038878164 1.0619849997440345
0.5504960079282205 1.0619849997440345
0.5545364119686245 1.0619849997440345
0.5585768160090285 1.0619849997440345
0.5626172200494326 1.0619849997440345
0.5666576240898367 1.0619849997440345
0.5706980281302407 1.0619849997440345
0.5747384321706448 1.0619849997440345
0.5787788362110489 1.0619849997440345
0.5828192402514528 1.0619849997440345
0.5868596442918569 1.0619849997440345
0.5909000483322608 1.0619849997440345
0.5949404523726649 1.0619849997440345
0.598980856413069 1.0619849997440345
0.603021260453473 1.0619849997440345
0.6070616644938771 1.0619849997440345
0.6111020685342812 1.0619849997440345
0.6151424725746851 1.0619849997440345
0.6191828766150892 1.0619849997440345
0.6232232806554932 1.0619849997440345
0.6272636846958972 1.0619849997440345
0.6313040887363013 1.0619849997440345
0.6353444927767053 1.0619849997440345
0.6393848968171094 1.0619849997440345
0.6434253008575135 1.0619849997440345
0.6474657048979175 1.0619849997440345
0.6515061089383215 1.0619849997440345
0.6555465129787256 1.0619849997440345
0.6595869170191295 1.0619849997440345
0.6636273210595336 1.0619849997440345
0.6676677250999377 1.0619849997440345
0.6717081291403417 1.0619849997440345
0.6757485331807458 1.0619849997440345
0.6797889372211499 1.0619849997440345
0.6838293412615538 1.0619849997440345
0.6878697453019579 1.0619849997440345
0.691910149342362 1.0619849997440345
0.6959505533827659 1.0619849997440345
0.69999095742317 1.0619849997440345
0.29999095742317 1.0660254037844386
0.304031361463574 1.0660254037844386
0.3080717655039781 1.0660254037844386
0.31211216954438215 1.0660254037844386
0.31615257358478616 1.0660254037844386
0.32019297762519017 1.0660254037844386
0.32423338166559423 1.0660254037844386
0.3282737857059983 1.0660254037844386
0.3323141897464023 1.0660254037844386
0.3363545937868064 1.0660254037844386
0.3403949978272104 1.0660254037844386
0.34443540186761445 1.0660254037844386
0.3484758059080185 1.0660254037844386
0.35251620994842253 1.0660254037844386
0.35655661398882654 1.0660254037844386
0.3605970180292306 1.0660254037844386
0.3646374220696347 1.0660254037844386
0.3686778261100387 1.0660254037844386
0.3727182301504427 1.0660254037844386
0.37675863419084676 1.0660254037844386
0.38079903823125083 1.0660254037844386
0.38483944227165484 1.0660254037844386
0.3888798463120589 1.0660254037844386
0.3929202503524629 1.0660254037844386
0.396960654392867 1.0660254037844386
0.401001058433271 1.0660254037844386
0.40504146247367506 1.0660254037844386
0.4090818665140791 1.0660254037844386
0.41312227055448314 1.0660254037844386
0.4171626745948872 1.0660254037844386
0.4212030786352912 1.0660254037844386
0.42524348267569523 1.0660254037844386
0.4292838867160993 1.0660254037844386
0.43332429075650336 1.0660254037844386
0.43736469479690737 1.0660254037844386
0.4414050988373114 1.0660254037844386
0.44544550287771545 1.0660254037844386
0.4494859069181195 1.0660254037844386
0.4535263109585235 1.0660254037844386
0.45756671499892754 1.0660254037844386
0.4616071190393316 1.0660254037844386
0.46564752307973567 1.0660254037844386
0.46968792712013974 1.0660254037844386
0.47372833116054375 1.0660254037844386
0.47776873520094776 1.0660254037844386
0.4818091392413518 1.0660254037844386
0.4858495432817559 1.0660254037844386
0.4898899473221599 1.0660254037844386
0.4939303513625639 1.0660254037844386
0.497970755402968 1.0660254037844386
0.502011159443372 1.0660254037844386
0.5060515634837761 1.0660254037844386
0.5100919675241801 1.0660254037844386
0.5141323715645841 1.0660254037844386
0.5181727756049882 1.0660254037844386
0.5222131796453922 1.0660254037844386
0.5262535836857962 1.0660254037844386
0.5302939877262003 1.0660254037844386
0.5343343917666044 1.0660254037844386
0.5383747958070084 1.0660254037844386
0.5424151998474125 1.0660254037844386
0.5464556038878164 1.0660254037844386
0.5504960079282205 1.0660254037844386
0.5545364119686245 1.0660254037844386
0.5585768160090285 1.0660254037844386
0.5626172200494326 1.0660254037844386
0.5666576240898367 1.0660254037844386
0.5706980281302407 1.0660254037844386
0.5747384321706448 1.0660254037844386
0.5787788362110489 1.0660254037844386
0.5828192402514528 1.0660254037844386
0.5868596442918569 1.0660254037844386
0.5909000483322608 1.0660254037844386
0.5949404523726649 1.0660254037844386
0.598980856413069 1.0660254037844386
0.603021260453473 1.0660254037844386
0.6070616644938771 1.0660254037844386
0.6111020685342812 1.0660254037844386
0.6151424725746851 1.0660254037844386
0.6191828766150892 1.0660254037844386
0.6232232806554932 1.0660254037844386
0.6272636846958972 1.0660254037844386
0.6313040887363013 1.0660254037844386
0.6353444927767053 1.0660254037844386
0.6393848968171094 1.0660254037844386
0.6434253008575135 1.0660254037844386
0.6474657048979175 1.0660254037844386
0.6515061089383215 1.0660254037844386
0.6555465129787256 1.0660254037844386
0.6595869170191295 1.0660254037844386
0.6636273210595336 1.0660254037844386
0.6676677250999377 1.0660254037844386
0.6717081291403417 1.0660254037844386
0.6757485331807458 1.0660254037844386
0.6797889372211499 1.0660254037844386
0.6838293412615538 1.0660254037844386
0.6878697453019579 1.0660254037844386
0.691910149342362 1.0660254037844386
0.6959505533827659 1.0660254037844386
0.69999095742317 1.0660254037844386
