# x y
0.29994199301295266 0.6660254037844386
0.3039823970533567 0.6660254037844386
0.30802280109376073 0.6660254037844386
0.31206320513416475 0.6660254037844386
0.3161036091745688 0.6660254037844386
0.3201440132149729 0.6660254037844386
0.3241844172553769 0.6660254037844386
0.32822482129578096 0.6660254037844386
0.33226522533618497 0.6660254037844386
0.33630562937658903 0.6660254037844386
0.34034603341699304 0.6660254037844386
0.3443864374573971 0.6660254037844386
0.3484268414978011 0.6660254037844386
0.3524672455382052 0.6660254037844386
0.35650764957860925 0.6660254037844386
0.36054805361901326 0.6660254037844386
0.3645884576594173 0.6660254037844386
0.36862886169982134 0.6660254037844386
0.3726692657402254 0.6660254037844386
0.3767096697806294 0.6660254037844386
0.38075007382103343 0.6660254037844386
0.3847904778614375 0.6660254037844386
0.38883088190184156 0.6660254037844386
0.3928712859422456 0.6660254037844386
0.39691168998264964 0.6660254037844386
0.40095209402305365 0.6660254037844386
0.4049924980634577 0.6660254037844386
0.40903290210386173 0.6660254037844386
0.4130733061442658 0.6660254037844386
0.4171137101846698 0.6660254037844386
0.4211541142250739 0.6660254037844386
0.42519451826547794 0.6660254037844386
0.42923492230588195 0.6660254037844386
0.43327532634628596 0.6660254037844386
0.43731573038669 0.6660254037844386
0.4413561344270941 0.6660254037844386
0.4453965384674981 0.6660254037844386
0.4494369425079021 0.6660254037844386
0.4534773465483062 0.6660254037844386
0.45751775058871025 0.6660254037844386
0.46155815462911426 0.6660254037844386
0.4655985586695183 0.6660254037844386
0.46963896270992234 0.6660254037844386
0.4736793667503264 0.6660254037844386
0.47771977079073047 0.6660254037844386
0.4817601748311345 0.6660254037844386
0.4858005788715385 0.6660254037844386
0.48984098291194256 0.6660254037844386
0.4938813869523466 0.6660254037844386
0.49792179099275063 0.6660254037844386
0.5019621950331546 0.6660254037844386
0.5060025990735587 0.6660254037844386
0.5100430031139628 0.6660254037844386
0.5140834071543667 0.6660254037844386
0.5181238111947708 0.6660254037844386
0.5221642152351749 0.6660254037844386
0.5262046192755789 0.6660254037844386
0.530245023315983 0.6660254037844386
0.5342854273563871 0.6660254037844386
0.538325831396791 0.6660254037844386
0.5423662354371951 0.6660254037844386
0.5464066394775992 0.6660254037844386
0.5504470435180031 0.6660254037844386
0.5544874475584072 0.6660254037844386
0.5585278515988112 0.6660254037844386
0.5625682556392153 0.6660254037844386
0.5666086596796194 0.6660254037844386
0.5706490637200234 0.6660254037844386
0.5746894677604274 0.6660254037844386
0.5787298718008315 0.6660254037844386
0.5827702758412354 0.6660254037844386
0.5868106798816395 0.6660254037844386
0.5908510839220436 0.6660254037844386
0.5948914879624476 0.6660254037844386
0.5989318920028517 0.6660254037844386
0.6029722960432558 0.6660254037844386
0.6070127000836597 0.6660254037844386
0.6110531041240638 0.6660254037844386
0.6150935081644677 0.6660254037844386
0.6191339122048718 0.6660254037844386
0.6231743162452759 0.6660254037844386
0.6272147202856799 0.6660254037844386
0.631255124326084 0.6660254037844386
0.6352955283664881 0.6660254037844386
0.6393359324068921 0.6660254037844386
0.6433763364472961 0.6660254037844386
0.6474167404877001 0.6660254037844386
0.6514571445281041 0.6660254037844386
0.6554975485685082 0.6660254037844386
0.6595379526089122 0.6660254037844386
0.6635783566493163 0.6660254037844386
0.6676187606897204 0.6660254037844386
0.6716591647301244 0.6660254037844386
0.6756995687705284 0.6660254037844386
0.6797399728109325 0.6660254037844386
0.6837803768513364 0.6660254037844386
0.6878207808917405 0.6660254037844386
0.6918611849321445 0.6660254037844386
0.6959015889725486 0.6660254037844386
0.6999419930129527 0.6660254037844386
0.29994199301295266 0.6700658078248426
0.3039823970533567 0.6700658078248426
0.30802280109376073 0.6700658078248426
0.31206320513416475 0.6700658078248426
0.3161036091745688 0.6700658078248426
0.3201440132149729 0.6700658078248426
0.3241844172553769 0.6700658078248426
0.32822482129578096 0.6700658078248426
0.33226522533618497 0.6700658078248426
0.33630562937658903 0.6700658078248426
0.34034603341699304 0.6700658078248426
0.3443864374573971 0.6700658078248426
0.3484268414978011 0.6700658078248426
0.3524672455382052 0.6700658078248426
0.35650764957860925 0.6700658078248426
0.36054805361901326 0.6700658078248426
0.3645884576594173 0.6700658078248426
0.36862886169982134 0.6700658078248426
0.3726692657402254 0.6700658078248426
0.3767096697806294 0.6700658078248426
0.38075007382103343 0.6700658078248426
0.3847904778614375 0.6700658078248426
0.38883088190184156 0.6700658078248426
0.3928712859422456 0.6700658078248426
0.39691168998264964 0.6700658078248426
0.40095209402305365 0.6700658078248426
0.4049924980634577 0.6700658078248426
0.40903290210386173 0.6700658078248426
0.4130733061442658 0.6700658078248426
0.4171137101846698 0.6700658078248426
0.4211541142250739 0.6700658078248426
0.42519451826547794 0.6700658078248426
0.42923492230588195 0.6700658078248426
0.43327532634628596 0.6700658078248426
0.43731573038669 0.6700658078248426
0.4413561344270941 0.6700658078248426
0.4453965384674981 0.6700658078248426
0.4494369425079021 0.6700658078248426
0.4534773465483062 0.6700658078248426
0.45751775058871025 0.6700658078248426
0.46155815462911426 0.6700658078248426
0.4655985586695183 0.6700658078248426
0.46963896270992234 0.6700658078248426
0.4736793667503264 0.6700658078248426
0.47771977079073047 0.6700658078248426
0.4817601748311345 0.6700658078248426
0.4858005788715385 0.6700658078248426
0.48984098291194256 0.6700658078248426
0.4938813869523466 0.6700658078248426
0.49792179099275063 0.6700658078248426
0.5019621950331546 0.6700658078248426
0.5060025990735587 0.6700658078248426
0.5100430031139628 0.6700658078248426
0.5140834071543667 0.6700658078248426
0.5181238111947708 0.6700658078248426
0.5221642152351749 0.6700658078248426
0.5262046192755789 0.6700658078248426
0.530245023315983 0.6700658078248426
0.5342854273563871 0.6700658078248426
0.538325831396791 0.6700658078248426
0.5423662354371951 0.6700658078248426
0.5464066394775992 0.6700658078248426
0.5504470435180031 0.6700658078248426
0.5544874475584072 0.6700658078248426
0.5585278515988112 0.6700658078248426
0.5625682556392153 0.6700658078248426
0.5666086596796194 0.6700658078248426
0.5706490637200234 0.6700658078248426
0.5746894677604274 0.6700658078248426
0.5787298718008315 0.6700658078248426
0.5827702758412354 0.6700658078248426
0.5868106798816395 0.6700658078248426
0.5908510839220436 0.6700658078248426
0.5948914879624476 0.6700658078248426
0.5989318920028517 0.6700658078248426
0.6029722960432558 0.6700658078248426
0.6070127000836597 0.6700658078248426
0.6110531041240638 0.6700658078248426
0.6150935081644677 0.6700658078248426
0.6191339122048718 0.6700658078248426
0.6231743162452759 0.6700658078248426
0.6272147202856799 0.6700658078248426
0.631255124326084 0.6700658078248426
0.6352955283664881 0.6700658078248426
0.6393359324068921 0.6700658078248426
0.6433763364472961 0.6700658078248426
0.6474167404877001 0.6700658078248426
0.6514571445281041 0.6700658078248426
0.6554975485685082 0.6700658078248426
0.6595379526089122 0.6700658078248426
0.6635783566493163 0.6700658078248426
0.6676187606897204 0.6700658078248426
0.6716591647301244 0.6700658078248426
0.6756995687705284 0.6700658078248426
0.6797399728109325 0.6700658078248426
0.6837803768513364 0.6700658078248426
0.6878207808917405 0.6700658078248426
0.6918611849321445 0.6700658078248426
0.6959015889725486 0.6700658078248426
0.6999419930129527 0.6700658078248426
0.29994199301295266 0.6741062118652467
0.3039823970533567 0.6741062118652467
0.30802280109376073 0.6741062118652467
0.31206320513416475 0.6741062118652467
0.3161036091745688 0.6741062118652467
0.3201440132149729 0.6741062118652467
0.3241844172553769 0.6741062118652467
0.32822482129578096 0.6741062118652467
0.33226522533618497 0.6741062118652467
0.33630562937658903 0.6741062118652467
0.34034603341699304 0.6741062118652467
0.3443864374573971 0.6741062118652467
0.3484268414978011 0.6741062118652467
0.3524672455382052 0.6741062118652467
0.35650764957860925 0.6741062118652467
0.36054805361901326 0.6741062118652467
0.3645884576594173 0.6741062118652467
0.36862886169982134 0.6741062118652467
0.3726692657402254 0.6741062118652467
0.3767096697806294 0.6741062118652467
0.38075007382103343 0.6741062118652467
0.3847904778614375 0.6741062118652467
0.38883088190184156 0.6741062118652467
0.3928712859422456 0.6741062118652467
0.39691168998264964 0.6741062118652467
0.40095209402305365 0.6741062118652467
0.4049924980634577 0.6741062118652467
0.40903290210386173 0.6741062118652467
0.4130733061442658 0.6741062118652467
0.4171137101846698 0.6741062118652467
0.4211541142250739 0.6741062118652467
0.42519451826547794 0.6741062118652467
0.42923492230588195 0.6741062118652467
0.43327532634628596 0.6741062118652467
0.43731573038669 0.6741062118652467
0.4413561344270941 0.6741062118652467
0.4453965384674981 0.6741062118652467
0.4494369425079021 0.6741062118652467
0.4534773465483062 0.6741062118652467
0.45751775058871025 0.6741062118652467
0.46155815462911426 0.6741062118652467
0.4655985586695183 0.6741062118652467
0.46963896270992234 0.6741062118652467
0.4736793667503264 0.6741062118652467
0.47771977079073047 0.6741062118652467
0.4817601748311345 0.6741062118652467
0.4858005788715385 0.6741062118652467
0.48984098291194256 0.6741062118652467
0.4938813869523466 0.6741062118652467
0.49792179099275063 0.6741062118652467
0.5019621950331546 0.6741062118652467
0.5060025990735587 0.6741062118652467
0.5100430031139628 0.6741062118652467
0.5140834071543667 0.6741062118652467
0.5181238111947708 0.6741062118652467
0.5221642152351749 0.6741062118652467
0.5262046192755789 0.6741062118652467
0.530245023315983 0.6741062118652467
0.5342854273563871 0.6741062118652467
0.538325831396791 0.6741062118652467
0.5423662354371951 0.6741062118652467
0.5464066394775992 0.6741062118652467
0.5504470435180031 0.6741062118652467
0.5544874475584072 0.6741062118652467
0.5585278515988112 0.6741062118652467
0.5625682556392153 0.6741062118652467
0.5666086596796194 0.6741062118652467
0.5706490637200234 0.6741062118652467
0.5746894677604274 0.6741062118652467
0.5787298718008315 0.6741062118652467
0.5827702758412354 0.6741062118652467
0.5868106798816395 0.6741062118652467
0.5908510839220436 0.6741062118652467
0.5948914879624476 0.6741062118652467
0.5989318920028517 0.6741062118652467
0.6029722960432558 0.6741062118652467
0.6070127000836597 0.6741062118652467
0.6110531041240638 0.6741062118652467
0.6150935081644677 0.6741062118652467
0.6191339122048718 0.6741062118652467
0.6231743162452759 0.6741062118652467
0.6272147202856799 0.6741062118652467
0.631255124326084 0.6741062118652467
0.6352955283664881 0.6741062118652467
0.6393359324068921 0.6741062118652467
0.6433763364472961 0.6741062118652467
0.6474167404877001 0.6741062118652467
0.6514571445281041 0.6741062118652467
0.6554975485685082 0.6741062118652467
0.6595379526089122 0.6741062118652467
0.6635783566493163 0.6741062118652467
0.6676187606897204 0.6741062118652467
0.6716591647301244 0.6741062118652467
0.6756995687705284 0.6741062118652467
0.6797399728109325 0.6741062118652467
0.6837803768513364 0.6741062118652467
0.6878207808917405 0.6741062118652467
0.6918611849321445 0.6741062118652467
0.6959015889725486 0.6741062118652467
0.6999419930129527 0.6741062118652467
0.29994199301295266 0.6781466159056507
0.3039823970533567 0.6781466159056507
0.30802280109376073 0.6781466159056507
0.31206320513416475 0.6781466159056507
0.3161036091745688 0.6781466159056507
0.3201440132149729 0.6781466159056507
0.3241844172553769 0.6781466159056507
0.32822482129578096 0.6781466159056507
0.33226522533618497 0.6781466159056507
0.33630562937658903 0.6781466159056507
0.34034603341699304 0.6781466159056507
0.3443864374573971 0.6781466159056507
0.3484268414978011 0.6781466159056507
0.3524672455382052 0.6781466159056507
0.35650764957860925 0.6781466159056507
0.36054805361901326 0.6781466159056507
0.3645884576594173 0.6781466159056507
0.36862886169982134 0.6781466159056507
0.3726692657402254 0.6781466159056507
0.3767096697806294 0.6781466159056507
0.38075007382103343 0.6781466159056507
0.3847904778614375 0.6781466159056507
0.38883088190184156 0.6781466159056507
0.3928712859422456 0.6781466159056507
0.39691168998264964 0.6781466159056507
0.40095209402305365 0.6781466159056507
0.4049924980634577 0.6781466159056507
0.40903290210386173 0.6781466159056507
0.4130733061442658 0.6781466159056507
0.4171137101846698 0.6781466159056507
0.4211541142250739 0.6781466159056507
0.42519451826547794 0.6781466159056507
0.42923492230588195 0.6781466159056507
0.43327532634628596 0.6781466159056507
0.43731573038669 0.6781466159056507
0.4413561344270941 0.6781466159056507
0.4453965384674981 0.6781466159056507
0.4494369425079021 0.6781466159056507
0.4534773465483062 0.6781466159056507
0.45751775058871025 0.6781466159056507
0.46155815462911426 0.6781466159056507
0.4655985586695183 0.6781466159056507
0.46963896270992234 0.6781466159056507
0.4736793667503264 0.6781466159056507
0.47771977079073047 0.6781466159056507
0.4817601748311345 0.6781466159056507
0.4858005788715385 0.6781466159056507
0.48984098291194256 0.6781466159056507
0.4938813869523466 0.6781466159056507
0.49792179099275063 0.6781466159056507
0.5019621950331546 0.6781466159056507
0.5060025990735587 0.6781466159056507
0.5100430031139628 0.6781466159056507
0.5140834071543667 0.6781466159056507
0.5181238111947708 0.6781466159056507
0.5221642152351749 0.6781466159056507
0.5262046192755789 0.6781466159056507
0.530245023315983 0.6781466159056507
0.5342854273563871 0.6781466159056507
0.538325831396791 0.6781466159056507
0.5423662354371951 0.6781466159056507
0.5464066394775992 0.6781466159056507
0.5504470435180031 0.6781466159056507
0.5544874475584072 0.6781466159056507
0.5585278515988112 0.6781466159056507
0.5625682556392153 0.6781466159056507
0.5666086596796194 0.6781466159056507
0.5706490637200234 0.6781466159056507
0.5746894677604274 0.6781466159056507
0.5787298718008315 0.6781466159056507
0.5827702758412354 0.6781466159056507
0.5868106798816395 0.6781466159056507
0.5908510839220436 0.6781466159056507
0.5948914879624476 0.6781466159056507
0.5989318920028517 0.6781466159056507
0.6029722960432558 0.6781466159056507
0.6070127000836597 0.6781466159056507
0.6110531041240638 0.6781466159056507
0.6150935081644677 0.6781466159056507
0.6191339122048718 0.6781466159056507
0.6231743162452759 0.6781466159056507
0.6272147202856799 0.6781466159056507
0.631255124326084 0.6781466159056507
0.6352955283664881 0.6781466159056507
0.6393359324068921 0.6781466159056507
0.6433763364472961 0.6781466159056507
0.6474167404877001 0.6781466159056507
0.6514571445281041 0.6781466159056507
0.6554975485685082 0.6781466159056507
0.6595379526089122 0.6781466159056507
0.6635783566493163 0.6781466159056507
0.6676187606897204 0.6781466159056507
0.6716591647301244 0.6781466159056507
0.6756995687705284 0.6781466159056507
0.6797399728109325 0.6781466159056507
0.6837803768513364 0.6781466159056507
0.6878207808917405 0.6781466159056507
0.6918611849321445 0.6781466159056507
0.6959015889725486 0.6781466159056507
0.6999419930129527 0.6781466159056507
0.29994199301295266 0.6821870199460547
0.3039823970533567 0.6821870199460547
0.30802280109376073 0.6821870199460547
0.31206320513416475 0.6821870199460547
0.3161036091745688 0.6821870199460547
0.3201440132149729 0.6821870199460547
0.3241844172553769 0.6821870199460547
0.32822482129578096 0.6821870199460547
0.33226522533618497 0.6821870199460547
0.33630562937658903 0.6821870199460547
0.34034603341699304 0.6821870199460547
0.3443864374573971 0.6821870199460547
0.3484268414978011 0.6821870199460547
0.3524672455382052 0.6821870199460547
0.35650764957860925 0.6821870199460547
0.36054805361901326 0.6821870199460547
0.3645884576594173 0.6821870199460547
0.36862886169982134 0.6821870199460547
0.3726692657402254 0.6821870199460547
0.3767096697806294 0.6821870199460547
0.38075007382103343 0.6821870199460547
0.3847904778614375 0.6821870199460547
0.38883088190184156 0.6821870199460547
0.3928712859422456 0.6821870199460547
0.39691168998264964 0.6821870199460547
0.40095209402305365 0.6821870199460547
0.4049924980634577 0.6821870199460547
0.40903290210386173 0.6821870199460547
0.4130733061442658 0.6821870199460547
0.4171137101846698 0.6821870199460547
0.4211541142250739 0.6821870199460547
0.42519451826547794 0.6821870199460547
0.42923492230588195 0.6821870199460547
0.43327532634628596 0.6821870199460547
0.43731573038669 0.6821870199460547
0.4413561344270941 0.6821870199460547
0.4453965384674981 0.6821870199460547
0.4494369425079021 0.6821870199460547
0.4534773465483062 0.6821870199460547
0.45751775058871025 0.6821870199460547
0.46155815462911426 0.6821870199460547
0.4655985586695183 0.6821870199460547
0.46963896270992234 0.6821870199460547
0.4736793667503264 0.6821870199460547
0.47771977079073047 0.6821870199460547
0.4817601748311345 0.6821870199460547
0.4858005788715385 0.6821870199460547
0.48984098291194256 0.6821870199460547
0.4938813869523466 0.6821870199460547
0.49792179099275063 0.6821870199460547
0.5019621950331546 0.6821870199460547
0.5060025990735587 0.6821870199460547
0.5100430031139628 0.6821870199460547
0.5140834071543667 0.6821870199460547
0.5181238111947708 0.6821870199460547
0.5221642152351749 0.6821870199460547
0.5262046192755789 0.6821870199460547
0.530245023315983 0.6821870199460547
0.5342854273563871 0.6821870199460547
0.538325831396791 0.6821870199460547
0.5423662354371951 0.6821870199460547
0.5464066394775992 0.6821870199460547
0.5504470435180031 0.6821870199460547
0.5544874475584072 0.6821870199460547
0.5585278515988112 0.6821870199460547
0.5625682556392153 0.6821870199460547
0.5666086596796194 0.6821870199460547
0.5706490637200234 0.6821870199460547
0.5746894677604274 0.6821870199460547
0.5787298718008315 0.6821870199460547
0.5827702758412354 0.6821870199460547
0.5868106798816395 0.6821870199460547
0.5908510839220436 0.6821870199460547
0.5948914879624476 0.6821870199460547
0.5989318920028517 0.6821870199460547
0.6029722960432558 0.6821870199460547
0.6070127000836597 0.6821870199460547
0.6110531041240638 0.6821870199460547
0.6150935081644677 0.6821870199460547
0.6191339122048718 0.6821870199460547
0.6231743162452759 0.6821870199460547
0.6272147202856799 0.6821870199460547
0.631255124326084 0.6821870199460547
0.6352955283664881 0.6821870199460547
0.6393359324068921 0.6821870199460547
0.6433763364472961 0.6821870199460547
0.6474167404877001 0.6821870199460547
0.6514571445281041 0.6821870199460547
0.6554975485685082 0.6821870199460547
0.6595379526089122 0.6821870199460547
0.6635783566493163 0.6821870199460547
0.6676187606897204 0.6821870199460547
0.6716591647301244 0.6821870199460547
0.6756995687705284 0.6821870199460547
0.6797399728109325 0.6821870199460547
0.6837803768513364 0.6821870199460547
0.6878207808917405 0.6821870199460547
0.6918611849321445 0.6821870199460547
0.6959015889725486 0.6821870199460547
0.6999419930129527 0.6821870199460547
0.29994199301295266 0.6862274239864588
0.3039823970533567 0.6862274239864588
0.30802280109376073 0.6862274239864588
0.31206320513416475 0.6862274239864588
0.3161036091745688 0.6862274239864588
0.3201440132149729 0.6862274239864588
0.3241844172553769 0.6862274239864588
0.32822482129578096 0.6862274239864588
0.33226522533618497 0.6862274239864588
0.33630562937658903 0.6862274239864588
0.34034603341699304 0.6862274239864588
0.3443864374573971 0.6862274239864588
0.3484268414978011 0.6862274239864588
0.3524672455382052 0.6862274239864588
0.35650764957860925 0.6862274239864588
0.36054805361901326 0.6862274239864588
0.3645884576594173 0.6862274239864588
0.36862886169982134 0.6862274239864588
0.3726692657402254 0.6862274239864588
0.3767096697806294 0.6862274239864588
0.38075007382103343 0.6862274239864588
0.3847904778614375 0.6862274239864588
0.38883088190184156 0.6862274239864588
0.3928712859422456 0.6862274239864588
0.39691168998264964 0.6862274239864588
0.40095209402305365 0.6862274239864588
0.4049924980634577 0.6862274239864588
0.40903290210386173 0.6862274239864588
0.4130733061442658 0.6862274239864588
0.4171137101846698 0.6862274239864588
0.4211541142250739 0.6862274239864588
0.42519451826547794 0.6862274239864588
0.42923492230588195 0.6862274239864588
0.43327532634628596 0.6862274239864588
0.43731573038669 0.6862274239864588
0.4413561344270941 0.6862274239864588
0.4453965384674981 0.6862274239864588
0.4494369425079021 0.6862274239864588
0.4534773465483062 0.6862274239864588
0.45751775058871025 0.6862274239864588
0.46155815462911426 0.6862274239864588
0.4655985586695183 0.6862274239864588
0.46963896270992234 0.6862274239864588
0.4736793667503264 0.6862274239864588
0.47771977079073047 0.6862274239864588
0.4817601748311345 0.6862274239864588
0.4858005788715385 0.6862274239864588
0.48984098291194256 0.6862274239864588
0.4938813869523466 0.6862274239864588
0.49792179099275063 0.6862274239864588
0.5019621950331546 0.6862274239864588
0.5060025990735587 0.6862274239864588
0.5100430031139628 0.6862274239864588
0.5140834071543667 0.6862274239864588
0.5181238111947708 0.6862274239864588
0.5221642152351749 0.6862274239864588
0.5262046192755789 0.6862274239864588
0.530245023315983 0.6862274239864588
0.5342854273563871 0.6862274239864588
0.538325831396791 0.6862274239864588
0.5423662354371951 0.6862274239864588
0.5464066394775992 0.6862274239864588
0.5504470435180031 0.6862274239864588
0.5544874475584072 0.6862274239864588
0.5585278515988112 0.6862274239864588
0.5625682556392153 0.6862274239864588
0.5666086596796194 0.6862274239864588
0.5706490637200234 0.6862274239864588
0.5746894677604274 0.6862274239864588
0.5787298718008315 0.6862274239864588
0.5827702758412354 0.6862274239864588
0.5868106798816395 0.6862274239864588
0.5908510839220436 0.6862274239864588
0.5948914879624476 0.6862274239864588
0.5989318920028517 0.6862274239864588
0.6029722960432558 0.6862274239864588
0.6070127000836597 0.6862274239864588
0.6110531041240638 0.6862274239864588
0.6150935081644677 0.6862274239864588
0.6191339122048718 0.6862274239864588
0.6231743162452759 0.6862274239864588
0.6272147202856799 0.6862274239864588
0.631255124326084 0.6862274239864588
0.6352955283664881 0.6862274239864588
0.6393359324068921 0.6862274239864588
0.6433763364472961 0.6862274239864588
0.6474167404877001 0.6862274239864588
0.6514571445281041 0.6862274239864588
0.6554975485685082 0.6862274239864588
0.6595379526089122 0.6862274239864588
0.6635783566493163 0.6862274239864588
0.6676187606897204 0.6862274239864588
0.6716591647301244 0.6862274239864588
0.6756995687705284 0.6862274239864588
0.6797399728109325 0.6862274239864588
0.6837803768513364 0.6862274239864588
0.6878207808917405 0.6862274239864588
0.6918611849321445 0.6862274239864588
0.6959015889725486 0.6862274239864588
0.6999419930129527 0.6862274239864588
0.29994199301295266 0.6902678280268628
0.3039823970533567 0.6902678280268628
0.30802280109376073 0.6902678280268628
0.31206320513416475 0.6902678280268628
0.3161036091745688 0.6902678280268628
0.3201440132149729 0.6902678280268628
0.3241844172553769 0.6902678280268628
0.32822482129578096 0.6902678280268628
0.33226522533618497 0.6902678280268628
0.33630562937658903 0.6902678280268628
0.34034603341699304 0.6902678280268628
0.3443864374573971 0.6902678280268628
0.3484268414978011 0.6902678280268628
0.3524672455382052 0.6902678280268628
0.35650764957860925 0.6902678280268628
0.36054805361901326 0.6902678280268628
0.3645884576594173 0.6902678280268628
0.36862886169982134 0.6902678280268628
0.3726692657402254 0.6902678280268628
0.3767096697806294 0.6902678280268628
0.38075007382103343 0.6902678280268628
0.3847904778614375 0.6902678280268628
0.38883088190184156 0.6902678280268628
0.3928712859422456 0.6902678280268628
0.39691168998264964 0.6902678280268628
0.40095209402305365 0.6902678280268628
0.4049924980634577 0.6902678280268628
0.40903290210386173 0.6902678280268628
0.4130733061442658 0.6902678280268628
0.4171137101846698 0.6902678280268628
0.4211541142250739 0.6902678280268628
0.42519451826547794 0.6902678280268628
0.42923492230588195 0.6902678280268628
0.43327532634628596 0.6902678280268628
0.43731573038669 0.6902678280268628
0.4413561344270941 0.6902678280268628
0.4453965384674981 0.6902678280268628
0.4494369425079021 0.6902678280268628
0.4534773465483062 0.6902678280268628
0.45751775058871025 0.6902678280268628
0.46155815462911426 0.6902678280268628
0.4655985586695183 0.6902678280268628
0.46963896270992234 0.6902678280268628
0.4736793667503264 0.6902678280268628
0.47771977079073047 0.6902678280268628
0.4817601748311345 0.6902678280268628
0.4858005788715385 0.6902678280268628
0.48984098291194256 0.6902678280268628
0.4938813869523466 0.6902678280268628
0.49792179099275063 0.6902678280268628
0.5019621950331546 0.6902678280268628
0.5060025990735587 0.6902678280268628
0.5100430031139628 0.6902678280268628
0.5140834071543667 0.6902678280268628
0.5181238111947708 0.6902678280268628
0.5221642152351749 0.6902678280268628
0.5262046192755789 0.6902678280268628
0.530245023315983 0.6902678280268628
0.5342854273563871 0.6902678280268628
0.538325831396791 0.6902678280268628
0.5423662354371951 0.6902678280268628
0.5464066394775992 0.6902678280268628
0.5504470435180031 0.6902678280268628
0.5544874475584072 0.6902678280268628
0.5585278515988112 0.6902678280268628
0.5625682556392153 0.6902678280268628
0.5666086596796194 0.6902678280268628
0.5706490637200234 0.6902678280268628
0.5746894677604274 0.6902678280268628
0.5787298718008315 0.6902678280268628
0.5827702758412354 0.6902678280268628
0.5868106798816395 0.6902678280268628
0.5908510839220436 0.6902678280268628
0.5948914879624476 0.6902678280268628
0.5989318920028517 0.6902678280268628
0.6029722960432558 0.6902678280268628
0.6070127000836597 0.6902678280268628
0.6110531041240638 0.6902678280268628
0.6150935081644677 0.6902678280268628
0.6191339122048718 0.6902678280268628
0.6231743162452759 0.6902678280268628
0.6272147202856799 0.6902678280268628
0.631255124326084 0.6902678280268628
0.6352955283664881 0.6902678280268628
0.6393359324068921 0.6902678280268628
0.6433763364472961 0.6902678280268628
0.6474167404877001 0.6902678280268628
0.6514571445281041 0.6902678280268628
0.6554975485685082 0.6902678280268628
0.6595379526089122 0.6902678280268628
0.6635783566493163 0.6902678280268628
0.6676187606897204 0.6902678280268628
0.6716591647301244 0.6902678280268628
0.6756995687705284 0.6902678280268628
0.6797399728109325 0.6902678280268628
0.6837803768513364 0.6902678280268628
0.6878207808917405 0.6902678280268628
0.6918611849321445 0.6902678280268628
0.6959015889725486 0.6902678280268628
0.6999419930129527 0.6902678280268628
0.29994199301295266 0.6943082320672669
0.3039823970533567 0.6943082320672669
0.30802280109376073 0.6943082320672669
0.31206320513416475 0.6943082320672669
0.3161036091745688 0.6943082320672669
0.3201440132149729 0.6943082320672669
0.3241844172553769 0.6943082320672669
0.32822482129578096 0.6943082320672669
0.33226522533618497 0.6943082320672669
0.33630562937658903 0.6943082320672669
0.34034603341699304 0.6943082320672669
0.3443864374573971 0.6943082320672669
0.3484268414978011 0.6943082320672669
0.3524672455382052 0.6943082320672669
0.35650764957860925 0.6943082320672669
0.36054805361901326 0.6943082320672669
0.3645884576594173 0.6943082320672669
0.36862886169982134 0.6943082320672669
0.3726692657402254 0.6943082320672669
0.3767096697806294 0.6943082320672669
0.38075007382103343 0.6943082320672669
0.3847904778614375 0.6943082320672669
0.38883088190184156 0.6943082320672669
0.3928712859422456 0.6943082320672669
0.39691168998264964 0.6943082320672669
0.40095209402305365 0.6943082320672669
0.4049924980634577 0.6943082320672669
0.40903290210386173 0.6943082320672669
0.4130733061442658 0.6943082320672669
0.4171137101846698 0.6943082320672669
0.4211541142250739 0.6943082320672669
0.42519451826547794 0.6943082320672669
0.42923492230588195 0.6943082320672669
0.43327532634628596 0.6943082320672669
0.43731573038669 0.6943082320672669
0.4413561344270941 0.6943082320672669
0.4453965384674981 0.6943082320672669
0.4494369425079021 0.6943082320672669
0.4534773465483062 0.6943082320672669
0.45751775058871025 0.6943082320672669
0.46155815462911426 0.6943082320672669
0.4655985586695183 0.6943082320672669
0.46963896270992234 0.6943082320672669
0.4736793667503264 0.6943082320672669
0.47771977079073047 0.6943082320672669
0.4817601748311345 0.6943082320672669
0.4858005788715385 0.6943082320672669
0.48984098291194256 0.6943082320672669
0.4938813869523466 0.6943082320672669
0.49792179099275063 0.6943082320672669
0.5019621950331546 0.6943082320672669
0.5060025990735587 0.6943082320672669
0.5100430031139628 0.6943082320672669
0.5140834071543667 0.6943082320672669
0.5181238111947708 0.6943082320672669
0.5221642152351749 0.6943082320672669
0.5262046192755789 0.6943082320672669
0.530245023315983 0.6943082320672669
0.5342854273563871 0.6943082320672669
0.538325831396791 0.6943082320672669
0.5423662354371951 0.6943082320672669
0.5464066394775992 0.6943082320672669
0.5504470435180031 0.6943082320672669
0.5544874475584072 0.6943082320672669
0.5585278515988112 0.6943082320672669
0.5625682556392153 0.6943082320672669
0.5666086596796194 0.6943082320672669
0.5706490637200234 0.6943082320672669
0.5746894677604274 0.6943082320672669
0.5787298718008315 0.6943082320672669
0.5827702758412354 0.6943082320672669
0.5868106798816395 0.6943082320672669
0.5908510839220436 0.6943082320672669
0.5948914879624476 0.6943082320672669
0.5989318920028517 0.6943082320672669
0.6029722960432558 0.6943082320672669
0.6070127000836597 0.6943082320672669
0.6110531041240638 0.6943082320672669
0.6150935081644677 0.6943082320672669
0.6191339122048718 0.6943082320672669
0.6231743162452759 0.6943082320672669
0.6272147202856799 0.6943082320672669
0.631255124326084 0.6943082320672669
0.6352955283664881 0.6943082320672669
0.6393359324068921 0.6943082320672669
0.6433763364472961 0.6943082320672669
0.6474167404877001 0.6943082320672669
0.6514571445281041 0.6943082320672669
0.6554975485685082 0.6943082320672669
0.6595379526089122 0.6943082320672669
0.6635783566493163 0.6943082320672669
0.6676187606897204 0.6943082320672669
0.6716591647301244 0.6943082320672669
0.6756995687705284 0.6943082320672669
0.6797399728109325 0.6943082320672669
0.6837803768513364 0.6943082320672669
0.6878207808917405 0.6943082320672669
0.6918611849321445 0.6943082320672669
0.6959015889725486 0.6943082320672669
0.6999419930129527 0.6943082320672669
0.29994199301295266 0.698348636107671
0.3039823970533567 0.698348636107671
0.30802280109376073 0.698348636107671
0.31206320513416475 0.698348636107671
0.3161036091745688 0.698348636107671
0.3201440132149729 0.698348636107671
0.3241844172553769 0.698348636107671
0.32822482129578096 0.698348636107671
0.33226522533618497 0.698348636107671
0.33630562937658903 0.698348636107671
0.34034603341699304 0.698348636107671
0.3443864374573971 0.698348636107671
0.3484268414978011 0.698348636107671
0.3524672455382052 0.698348636107671
0.35650764957860925 0.698348636107671
0.36054805361901326 0.698348636107671
0.3645884576594173 0.698348636107671
0.36862886169982134 0.698348636107671
0.3726692657402254 0.698348636107671
0.3767096697806294 0.698348636107671
0.38075007382103343 0.698348636107671
0.3847904778614375 0.698348636107671
0.38883088190184156 0.698348636107671
0.3928712859422456 0.698348636107671
0.39691168998264964 0.698348636107671
0.40095209402305365 0.698348636107671
0.4049924980634577 0.698348636107671
0.40903290210386173 0.698348636107671
0.4130733061442658 0.698348636107671
0.4171137101846698 0.698348636107671
0.4211541142250739 0.698348636107671
0.42519451826547794 0.698348636107671
0.42923492230588195 0.698348636107671
0.43327532634628596 0.698348636107671
0.43731573038669 0.698348636107671
0.4413561344270941 0.698348636107671
0.4453965384674981 0.698348636107671
0.4494369425079021 0.698348636107671
0.4534773465483062 0.698348636107671
0.45751775058871025 0.698348636107671
0.46155815462911426 0.698348636107671
0.4655985586695183 0.698348636107671
0.46963896270992234 0.698348636107671
0.4736793667503264 0.698348636107671
0.47771977079073047 0.698348636107671
0.4817601748311345 0.698348636107671
0.4858005788715385 0.698348636107671
0.48984098291194256 0.698348636107671
0.4938813869523466 0.698348636107671
0.49792179099275063 0.698348636107671
0.5019621950331546 0.698348636107671
0.5060025990735587 0.698348636107671
0.5100430031139628 0.698348636107671
0.5140834071543667 0.698348636107671
0.5181238111947708 0.698348636107671
0.5221642152351749 0.698348636107671
0.5262046192755789 0.698348636107671
0.530245023315983 0.698348636107671
0.5342854273563871 0.698348636107671
0.538325831396791 0.698348636107671
0.5423662354371951 0.698348636107671
0.5464066394775992 0.698348636107671
0.5504470435180031 0.698348636107671
0.5544874475584072 0.698348636107671
0.5585278515988112 0.698348636107671
0.5625682556392153 0.698348636107671
0.5666086596796194 0.698348636107671
0.5706490637200234 0.698348636107671
0.5746894677604274 0.698348636107671
0.5787298718008315 0.698348636107671
0.5827702758412354 0.698348636107671
0.5868106798816395 0.698348636107671
0.5908510839220436 0.698348636107671
0.5948914879624476 0.698348636107671
0.5989318920028517 0.698348636107671
0.6029722960432558 0.698348636107671
0.6070127000836597 0.698348636107671
0.6110531041240638 0.698348636107671
0.6150935081644677 0.698348636107671
0.6191339122048718 0.698348636107671
0.6231743162452759 0.698348636107671
0.6272147202856799 0.698348636107671
0.631255124326084 0.698348636107671
0.6352955283664881 0.698348636107671
0.6393359324068921 0.698348636107671
0.6433763364472961 0.698348636107671
0.6474167404877001 0.698348636107671
0.6514571445281041 0.698348636107671
0.6554975485685082 0.698348636107671
0.6595379526089122 0.698348636107671
0.6635783566493163 0.698348636107671
0.6676187606897204 0.698348636107671
0.6716591647301244 0.698348636107671
0.6756995687705284 0.698348636107671
0.6797399728109325 0.698348636107671
0.6837803768513364 0.698348636107671
0.6878207808917405 0.698348636107671
0.6918611849321445 0.698348636107671
0.6959015889725486 0.698348636107671
0.6999419930129527 0.698348636107671
0.29994199301295266 0.702389040148075
0.3039823970533567 0.702389040148075
0.30802280109376073 0.702389040148075
0.31206320513416475 0.702389040148075
0.3161036091745688 0.702389040148075
0.3201440132149729 0.702389040148075
0.3241844172553769 0.702389040148075
0.32822482129578096 0.702389040148075
0.33226522533618497 0.702389040148075
0.33630562937658903 0.702389040148075
0.34034603341699304 0.702389040148075
0.3443864374573971 0.702389040148075
0.3484268414978011 0.702389040148075
0.3524672455382052 0.702389040148075
0.35650764957860925 0.702389040148075
0.36054805361901326 0.702389040148075
0.3645884576594173 0.702389040148075
0.36862886169982134 0.702389040148075
0.3726692657402254 0.702389040148075
0.3767096697806294 0.702389040148075
0.38075007382103343 0.702389040148075
0.3847904778614375 0.702389040148075
0.38883088190184156 0.702389040148075
0.3928712859422456 0.702389040148075
0.39691168998264964 0.702389040148075
0.40095209402305365 0.702389040148075
0.4049924980634577 0.702389040148075
0.40903290210386173 0.702389040148075
0.4130733061442658 0.702389040148075
0.4171137101846698 0.702389040148075
0.4211541142250739 0.702389040148075
0.42519451826547794 0.702389040148075
0.42923492230588195 0.702389040148075
0.43327532634628596 0.702389040148075
0.43731573038669 0.702389040148075
0.4413561344270941 0.702389040148075
0.4453965384674981 0.702389040148075
0.4494369425079021 0.702389040148075
0.4534773465483062 0.702389040148075
0.45751775058871025 0.702389040148075
0.46155815462911426 0.702389040148075
0.4655985586695183 0.702389040148075
0.46963896270992234 0.702389040148075
0.4736793667503264 0.702389040148075
0.47771977079073047 0.702389040148075
0.4817601748311345 0.702389040148075
0.4858005788715385 0.702389040148075
0.48984098291194256 0.702389040148075
0.4938813869523466 0.702389040148075
0.49792179099275063 0.702389040148075
0.5019621950331546 0.702389040148075
0.5060025990735587 0.702389040148075
0.5100430031139628 0.702389040148075
0.5140834071543667 0.702389040148075
0.5181238111947708 0.702389040148075
0.5221642152351749 0.702389040148075
0.5262046192755789 0.702389040148075
0.530245023315983 0.702389040148075
0.5342854273563871 0.702389040148075
0.538325831396791 0.702389040148075
0.5423662354371951 0.702389040148075
0.5464066394775992 0.702389040148075
0.5504470435180031 0.702389040148075
0.5544874475584072 0.702389040148075
0.5585278515988112 0.702389040148075
0.5625682556392153 0.702389040148075
0.5666086596796194 0.702389040148075
0.5706490637200234 0.702389040148075
0.5746894677604274 0.702389040148075
0.5787298718008315 0.702389040148075
0.5827702758412354 0.702389040148075
0.5868106798816395 0.702389040148075
0.5908510839220436 0.702389040148075
0.5948914879624476 0.702389040148075
0.5989318920028517 0.702389040148075
0.6029722960432558 0.702389040148075
0.6070127000836597 0.702389040148075
0.6110531041240638 0.702389040148075
0.6150935081644677 0.702389040148075
0.6191339122048718 0.702389040148075
0.6231743162452759 0.702389040148075
0.6272147202856799 0.702389040148075
0.631255124326084 0.702389040148075
0.6352955283664881 0.702389040148075
0.6393359324068921 0.702389040148075
0.6433763364472961 0.702389040148075
0.6474167404877001 0.702389040148075
0.6514571445281041 0.702389040148075
0.6554975485685082 0.702389040148075
0.6595379526089122 0.702389040148075
0.6635783566493163 0.702389040148075
0.6676187606897204 0.702389040148075
0.6716591647301244 0.702389040148075
0.6756995687705284 0.702389040148075
0.6797399728109325 0.702389040148075
0.6837803768513364 0.702389040148075
0.6878207808917405 0.702389040148075
0.6918611849321445 0.702389040148075
0.6959015889725486 0.702389040148075
0.6999419930129527 0.702389040148075
0.29994199301295266 0.706429444188479
0.3039823970533567 0.706429444188479
0.30802280109376073 0.706429444188479
0.31206320513416475 0.706429444188479
0.3161036091745688 0.706429444188479
0.3201440132149729 0.706429444188479
0.3241844172553769 0.706429444188479
0.32822482129578096 0.706429444188479
0.33226522533618497 0.706429444188479
0.33630562937658903 0.706429444188479
0.34034603341699304 0.706429444188479
0.3443864374573971 0.706429444188479
0.3484268414978011 0.706429444188479
0.3524672455382052 0.706429444188479
0.35650764957860925 0.706429444188479
0.36054805361901326 0.706429444188479
0.3645884576594173 0.706429444188479
0.36862886169982134 0.706429444188479
0.3726692657402254 0.706429444188479
0.3767096697806294 0.706429444188479
0.38075007382103343 0.706429444188479
0.3847904778614375 0.706429444188479
0.38883088190184156 0.706429444188479
0.3928712859422456 0.706429444188479
0.39691168998264964 0.706429444188479
0.40095209402305365 0.706429444188479
0.4049924980634577 0.706429444188479
0.40903290210386173 0.706429444188479
0.4130733061442658 0.706429444188479
0.4171137101846698 0.706429444188479
0.4211541142250739 0.706429444188479
0.42519451826547794 0.706429444188479
0.42923492230588195 0.706429444188479
0.43327532634628596 0.706429444188479
0.43731573038669 0.706429444188479
0.4413561344270941 0.706429444188479
0.4453965384674981 0.706429444188479
0.4494369425079021 0.706429444188479
0.4534773465483062 0.706429444188479
0.45751775058871025 0.706429444188479
0.46155815462911426 0.706429444188479
0.4655985586695183 0.706429444188479
0.46963896270992234 0.706429444188479
0.4736793667503264 0.706429444188479
0.47771977079073047 0.706429444188479
0.4817601748311345 0.706429444188479
0.4858005788715385 0.706429444188479
0.48984098291194256 0.706429444188479
0.4938813869523466 0.706429444188479
0.49792179099275063 0.706429444188479
0.5019621950331546 0.706429444188479
0.5060025990735587 0.706429444188479
0.5100430031139628 0.706429444188479
0.5140834071543667 0.706429444188479
0.5181238111947708 0.706429444188479
0.5221642152351749 0.706429444188479
0.5262046192755789 0.706429444188479
0.530245023315983 0.706429444188479
0.5342854273563871 0.706429444188479
0.538325831396791 0.706429444188479
0.5423662354371951 0.706429444188479
0.5464066394775992 0.706429444188479
0.5504470435180031 0.706429444188479
0.5544874475584072 0.706429444188479
0.5585278515988112 0.706429444188479
0.5625682556392153 0.706429444188479
0.5666086596796194 0.706429444188479
0.5706490637200234 0.706429444188479
0.5746894677604274 0.706429444188479
0.5787298718008315 0.706429444188479
0.5827702758412354 0.706429444188479
0.5868106798816395 0.706429444188479
0.5908510839220436 0.706429444188479
0.5948914879624476 0.706429444188479
0.5989318920028517 0.706429444188479
0.6029722960432558 0.706429444188479
0.6070127000836597 0.706429444188479
0.6110531041240638 0.706429444188479
0.6150935081644677 0.706429444188479
0.6191339122048718 0.706429444188479
0.6231743162452759 0.706429444188479
0.6272147202856799 0.706429444188479
0.631255124326084 0.706429444188479
0.6352955283664881 0.706429444188479
0.6393359324068921 0.706429444188479
0.6433763364472961 0.706429444188479
0.6474167404877001 0.706429444188479
0.6514571445281041 0.706429444188479
0.6554975485685082 0.706429444188479
0.6595379526089122 0.706429444188479
0.6635783566493163 0.706429444188479
0.6676187606897204 0.706429444188479
0.6716591647301244 0.706429444188479
0.6756995687705284 0.706429444188479
0.6797399728109325 0.706429444188479
0.6837803768513364 0.706429444188479
0.6878207808917405 0.706429444188479
0.6918611849321445 0.706429444188479
0.6959015889725486 0.706429444188479
0.6999419930129527 0.706429444188479
0.29994199301295266 0.710469848228883
0.3039823970533567 0.710469848228883
0.30802280109376073 0.710469848228883
0.31206320513416475 0.710469848228883
0.3161036091745688 0.710469848228883
0.3201440132149729 0.710469848228883
0.3241844172553769 0.710469848228883
0.32822482129578096 0.710469848228883
0.33226522533618497 0.710469848228883
0.33630562937658903 0.710469848228883
0.34034603341699304 0.710469848228883
0.3443864374573971 0.710469848228883
0.3484268414978011 0.710469848228883
0.3524672455382052 0.710469848228883
0.35650764957860925 0.710469848228883
0.36054805361901326 0.710469848228883
0.3645884576594173 0.710469848228883
0.36862886169982134 0.710469848228883
0.3726692657402254 0.710469848228883
0.3767096697806294 0.710469848228883
0.38075007382103343 0.710469848228883
0.3847904778614375 0.710469848228883
0.38883088190184156 0.710469848228883
0.3928712859422456 0.710469848228883
0.39691168998264964 0.710469848228883
0.40095209402305365 0.710469848228883
0.4049924980634577 0.710469848228883
0.40903290210386173 0.710469848228883
0.4130733061442658 0.710469848228883
0.4171137101846698 0.710469848228883
0.4211541142250739 0.710469848228883
0.42519451826547794 0.710469848228883
0.42923492230588195 0.710469848228883
0.43327532634628596 0.710469848228883
0.43731573038669 0.710469848228883
0.4413561344270941 0.710469848228883
0.4453965384674981 0.710469848228883
0.4494369425079021 0.710469848228883
0.4534773465483062 0.710469848228883
0.45751775058871025 0.710469848228883
0.46155815462911426 0.710469848228883
0.4655985586695183 0.710469848228883
0.46963896270992234 0.710469848228883
0.4736793667503264 0.710469848228883
0.47771977079073047 0.710469848228883
0.4817601748311345 0.710469848228883
0.4858005788715385 0.710469848228883
0.48984098291194256 0.710469848228883
0.4938813869523466 0.710469848228883
0.49792179099275063 0.710469848228883
0.5019621950331546 0.710469848228883
0.5060025990735587 0.710469848228883
0.5100430031139628 0.710469848228883
0.5140834071543667 0.710469848228883
0.5181238111947708 0.710469848228883
0.5221642152351749 0.710469848228883
0.5262046192755789 0.710469848228883
0.530245023315983 0.710469848228883
0.5342854273563871 0.710469848228883
0.538325831396791 0.710469848228883
0.5423662354371951 0.710469848228883
0.5464066394775992 0.710469848228883
0.5504470435180031 0.710469848228883
0.5544874475584072 0.710469848228883
0.5585278515988112 0.710469848228883
0.5625682556392153 0.710469848228883
0.5666086596796194 0.710469848228883
0.5706490637200234 0.710469848228883
0.5746894677604274 0.710469848228883
0.5787298718008315 0.710469848228883
0.5827702758412354 0.710469848228883
0.5868106798816395 0.710469848228883
0.5908510839220436 0.710469848228883
0.5948914879624476 0.710469848228883
0.5989318920028517 0.710469848228883
0.6029722960432558 0.710469848228883
0.6070127000836597 0.710469848228883
0.6110531041240638 0.710469848228883
0.6150935081644677 0.710469848228883
0.6191339122048718 0.710469848228883
0.6231743162452759 0.710469848228883
0.6272147202856799 0.710469848228883
0.631255124326084 0.710469848228883
0.6352955283664881 0.710469848228883
0.6393359324068921 0.710469848228883
0.6433763364472961 0.710469848228883
0.6474167404877001 0.710469848228883
0.6514571445281041 0.710469848228883
0.6554975485685082 0.710469848228883
0.6595379526089122 0.710469848228883
0.6635783566493163 0.710469848228883
0.6676187606897204 0.710469848228883
0.6716591647301244 0.710469848228883
0.6756995687705284 0.710469848228883
0.6797399728109325 0.710469848228883
0.6837803768513364 0.710469848228883
0.6878207808917405 0.710469848228883
0.6918611849321445 0.710469848228883
0.6959015889725486 0.710469848228883
0.29994199301295266 0.7145102522692871
0.3039823970533567 0.7145102522692871
0.30802280109376073 0.7145102522692871
0.31206320513416475 0.7145102522692871
0.3161036091745688 0.7145102522692871
0.3201440132149729 0.7145102522692871
0.3241844172553769 0.7145102522692871
0.32822482129578096 0.7145102522692871
0.33226522533618497 0.7145102522692871
0.33630562937658903 0.7145102522692871
0.34034603341699304 0.7145102522692871
0.3443864374573971 0.7145102522692871
0.3484268414978011 0.7145102522692871
0.3524672455382052 0.7145102522692871
0.35650764957860925 0.7145102522692871
0.36054805361901326 0.7145102522692871
0.3645884576594173 0.7145102522692871
0.36862886169982134 0.7145102522692871
0.3726692657402254 0.7145102522692871
0.3767096697806294 0.7145102522692871
0.38075007382103343 0.7145102522692871
0.3847904778614375 0.7145102522692871
0.38883088190184156 0.7145102522692871
0.3928712859422456 0.7145102522692871
0.39691168998264964 0.7145102522692871
0.40095209402305365 0.7145102522692871
0.4049924980634577 0.7145102522692871
0.40903290210386173 0.7145102522692871
0.4130733061442658 0.7145102522692871
0.4171137101846698 0.7145102522692871
0.4211541142250739 0.7145102522692871
0.42519451826547794 0.7145102522692871
0.42923492230588195 0.7145102522692871
0.43327532634628596 0.7145102522692871
0.43731573038669 0.7145102522692871
0.4413561344270941 0.7145102522692871
0.4453965384674981 0.7145102522692871
0.4494369425079021 0.7145102522692871
0.4534773465483062 0.7145102522692871
0.45751775058871025 0.7145102522692871
0.46155815462911426 0.7145102522692871
0.4655985586695183 0.7145102522692871
0.46963896270992234 0.7145102522692871
0.4736793667503264 0.7145102522692871
0.47771977079073047 0.7145102522692871
0.4817601748311345 0.7145102522692871
0.4858005788715385 0.7145102522692871
0.48984098291194256 0.7145102522692871
0.4938813869523466 0.7145102522692871
0.49792179099275063 0.7145102522692871
0.5019621950331546 0.7145102522692871
0.5060025990735587 0.7145102522692871
0.5100430031139628 0.7145102522692871
0.5140834071543667 0.7145102522692871
0.5181238111947708 0.7145102522692871
0.5221642152351749 0.7145102522692871
0.5262046192755789 0.7145102522692871
0.530245023315983 0.7145102522692871
0.5342854273563871 0.7145102522692871
0.538325831396791 0.7145102522692871
0.5423662354371951 0.7145102522692871
0.5464066394775992 0.7145102522692871
0.5504470435180031 0.7145102522692871
0.5544874475584072 0.7145102522692871
0.5585278515988112 0.7145102522692871
0.5625682556392153 0.7145102522692871
0.5666086596796194 0.7145102522692871
0.5706490637200234 0.7145102522692871
0.5746894677604274 0.7145102522692871
0.5787298718008315 0.7145102522692871
0.5827702758412354 0.7145102522692871
0.5868106798816395 0.7145102522692871
0.5908510839220436 0.7145102522692871
0.5948914879624476 0.7145102522692871
0.5989318920028517 0.7145102522692871
0.6029722960432558 0.7145102522692871
0.6070127000836597 0.7145102522692871
0.6110531041240638 0.7145102522692871
0.6150935081644677 0.7145102522692871
0.6191339122048718 0.7145102522692871
0.6231743162452759 0.7145102522692871
0.6272147202856799 0.7145102522692871
0.631255124326084 0.7145102522692871
0.6352955283664881 0.7145102522692871
0.6393359324068921 0.7145102522692871
0.6433763364472961 0.7145102522692871
0.6474167404877001 0.7145102522692871
0.6514571445281041 0.7145102522692871
0.6554975485685082 0.7145102522692871
0.6595379526089122 0.7145102522692871
0.6635783566493163 0.7145102522692871
0.6676187606897204 0.7145102522692871
0.6716591647301244 0.7145102522692871
0.6756995687705284 0.7145102522692871
0.6797399728109325 0.7145102522692871
0.6837803768513364 0.7145102522692871
0.6878207808917405 0.7145102522692871
0.6918611849321445 0.7145102522692871
0.29994199301295266 0.7185506563096911
0.3039823970533567 0.7185506563096911
0.30802280109376073 0.7185506563096911
0.31206320513416475 0.7185506563096911
0.3161036091745688 0.7185506563096911
0.3201440132149729 0.7185506563096911
0.3241844172553769 0.7185506563096911
0.32822482129578096 0.7185506563096911
0.33226522533618497 0.7185506563096911
0.33630562937658903 0.7185506563096911
0.34034603341699304 0.7185506563096911
0.3443864374573971 0.7185506563096911
0.3484268414978011 0.7185506563096911
0.3524672455382052 0.7185506563096911
0.35650764957860925 0.7185506563096911
0.36054805361901326 0.7185506563096911
0.3645884576594173 0.7185506563096911
0.36862886169982134 0.7185506563096911
0.3726692657402254 0.7185506563096911
0.3767096697806294 0.7185506563096911
0.38075007382103343 0.7185506563096911
0.3847904778614375 0.7185506563096911
0.38883088190184156 0.7185506563096911
0.3928712859422456 0.7185506563096911
0.39691168998264964 0.7185506563096911
0.40095209402305365 0.7185506563096911
0.4049924980634577 0.7185506563096911
0.40903290210386173 0.7185506563096911
0.4130733061442658 0.7185506563096911
0.4171137101846698 0.7185506563096911
0.4211541142250739 0.7185506563096911
0.42519451826547794 0.7185506563096911
0.42923492230588195 0.7185506563096911
0.43327532634628596 0.7185506563096911
0.43731573038669 0.7185506563096911
0.4413561344270941 0.7185506563096911
0.4453965384674981 0.7185506563096911
0.4494369425079021 0.7185506563096911
0.4534773465483062 0.7185506563096911
0.45751775058871025 0.7185506563096911
0.46155815462911426 0.7185506563096911
0.4655985586695183 0.7185506563096911
0.46963896270992234 0.7185506563096911
0.4736793667503264 0.7185506563096911
0.47771977079073047 0.7185506563096911
0.4817601748311345 0.7185506563096911
0.4858005788715385 0.7185506563096911
0.48984098291194256 0.7185506563096911
0.4938813869523466 0.7185506563096911
0.49792179099275063 0.7185506563096911
0.5019621950331546 0.7185506563096911
0.5060025990735587 0.7185506563096911
0.5100430031139628 0.7185506563096911
0.5140834071543667 0.7185506563096911
0.5181238111947708 0.7185506563096911
0.5221642152351749 0.7185506563096911
0.5262046192755789 0.7185506563096911
0.530245023315983 0.7185506563096911
0.5342854273563871 0.7185506563096911
0.538325831396791 0.7185506563096911
0.5423662354371951 0.7185506563096911
0.5464066394775992 0.7185506563096911
0.5504470435180031 0.7185506563096911
0.5544874475584072 0.7185506563096911
0.5585278515988112 0.7185506563096911
0.5625682556392153 0.7185506563096911
0.5666086596796194 0.7185506563096911
0.5706490637200234 0.7185506563096911
0.5746894677604274 0.7185506563096911
0.5787298718008315 0.7185506563096911
0.5827702758412354 0.7185506563096911
0.5868106798816395 0.7185506563096911
0.5908510839220436 0.7185506563096911
0.5948914879624476 0.7185506563096911
0.5989318920028517 0.7185506563096911
0.6029722960432558 0.7185506563096911
0.6070127000836597 0.7185506563096911
0.6110531041240638 0.7185506563096911
0.6150935081644677 0.7185506563096911
0.6191339122048718 0.7185506563096911
0.6231743162452759 0.7185506563096911
0.6272147202856799 0.7185506563096911
0.631255124326084 0.7185506563096911
0.6352955283664881 0.7185506563096911
0.6393359324068921 0.7185506563096911
0.6433763364472961 0.7185506563096911
0.6474167404877001 0.7185506563096911
0.6514571445281041 0.7185506563096911
0.6554975485685082 0.7185506563096911
0.6595379526089122 0.7185506563096911
0.6635783566493163 0.7185506563096911
0.6676187606897204 0.7185506563096911
0.6716591647301244 0.7185506563096911
0.6756995687705284 0.7185506563096911
0.6797399728109325 0.7185506563096911
0.6837803768513364 0.7185506563096911
0.6878207808917405 0.7185506563096911
0.6999419930129527 0.7185506563096911
0.29994199301295266 0.7225910603500951
0.3039823970533567 0.7225910603500951
0.30802280109376073 0.7225910603500951
0.31206320513416475 0.7225910603500951
0.3161036091745688 0.7225910603500951
0.3201440132149729 0.7225910603500951
0.3241844172553769 0.7225910603500951
0.32822482129578096 0.7225910603500951
0.33226522533618497 0.7225910603500951
0.33630562937658903 0.7225910603500951
0.34034603341699304 0.7225910603500951
0.3443864374573971 0.7225910603500951
0.3484268414978011 0.7225910603500951
0.3524672455382052 0.7225910603500951
0.35650764957860925 0.7225910603500951
0.36054805361901326 0.7225910603500951
0.3645884576594173 0.7225910603500951
0.36862886169982134 0.7225910603500951
0.3726692657402254 0.7225910603500951
0.3767096697806294 0.7225910603500951
0.38075007382103343 0.7225910603500951
0.3847904778614375 0.7225910603500951
0.38883088190184156 0.7225910603500951
0.3928712859422456 0.7225910603500951
0.39691168998264964 0.7225910603500951
0.40095209402305365 0.7225910603500951
0.4049924980634577 0.7225910603500951
0.40903290210386173 0.7225910603500951
0.4130733061442658 0.7225910603500951
0.4171137101846698 0.7225910603500951
0.4211541142250739 0.7225910603500951
0.42519451826547794 0.7225910603500951
0.42923492230588195 0.7225910603500951
0.43327532634628596 0.7225910603500951
0.43731573038669 0.7225910603500951
0.4413561344270941 0.7225910603500951
0.4453965384674981 0.7225910603500951
0.4494369425079021 0.7225910603500951
0.4534773465483062 0.7225910603500951
0.45751775058871025 0.7225910603500951
0.46155815462911426 0.7225910603500951
0.4655985586695183 0.7225910603500951
0.46963896270992234 0.7225910603500951
0.4736793667503264 0.7225910603500951
0.47771977079073047 0.7225910603500951
0.4817601748311345 0.7225910603500951
0.4858005788715385 0.7225910603500951
0.48984098291194256 0.7225910603500951
0.4938813869523466 0.7225910603500951
0.49792179099275063 0.7225910603500951
0.5019621950331546 0.7225910603500951
0.5060025990735587 0.7225910603500951
0.5100430031139628 0.7225910603500951
0.5140834071543667 0.7225910603500951
0.5181238111947708 0.7225910603500951
0.5221642152351749 0.7225910603500951
0.5262046192755789 0.7225910603500951
0.530245023315983 0.7225910603500951
0.5342854273563871 0.7225910603500951
0.538325831396791 0.7225910603500951
0.5423662354371951 0.7225910603500951
0.5464066394775992 0.7225910603500951
0.5504470435180031 0.7225910603500951
0.5544874475584072 0.7225910603500951
0.5585278515988112 0.7225910603500951
0.5625682556392153 0.7225910603500951
0.5666086596796194 0.7225910603500951
0.5706490637200234 0.7225910603500951
0.5746894677604274 0.7225910603500951
0.5787298718008315 0.7225910603500951
0.5827702758412354 0.7225910603500951
0.5868106798816395 0.7225910603500951
0.5908510839220436 0.7225910603500951
0.5948914879624476 0.7225910603500951
0.5989318920028517 0.7225910603500951
0.6029722960432558 0.7225910603500951
0.6070127000836597 0.7225910603500951
0.6110531041240638 0.7225910603500951
0.6150935081644677 0.7225910603500951
0.6191339122048718 0.7225910603500951
0.6231743162452759 0.7225910603500951
0.6272147202856799 0.7225910603500951
0.631255124326084 0.7225910603500951
0.6352955283664881 0.7225910603500951
0.6393359324068921 0.7225910603500951
0.6433763364472961 0.7225910603500951
0.6474167404877001 0.7225910603500951
0.6514571445281041 0.7225910603500951
0.6554975485685082 0.7225910603500951
0.6595379526089122 0.7225910603500951
0.6635783566493163 0.7225910603500951
0.6676187606897204 0.7225910603500951
0.6716591647301244 0.7225910603500951
0.6756995687705284 0.7225910603500951
0.6797399728109325 0.7225910603500951
0.6837803768513364 0.7225910603500951
0.6959015889725486 0.7225910603500951
0.6999419930129527 0.7225910603500951
0.29994199301295266 0.7266314643904992
0.3039823970533567 0.7266314643904992
0.30802280109376073 0.7266314643904992
0.31206320513416475 0.7266314643904992
0.3161036091745688 0.7266314643904992
0.3201440132149729 0.7266314643904992
0.3241844172553769 0.7266314643904992
0.32822482129578096 0.7266314643904992
0.33226522533618497 0.7266314643904992
0.33630562937658903 0.7266314643904992
0.34034603341699304 0.7266314643904992
0.3443864374573971 0.7266314643904992
0.3484268414978011 0.7266314643904992
0.3524672455382052 0.7266314643904992
0.35650764957860925 0.7266314643904992
0.36054805361901326 0.7266314643904992
0.3645884576594173 0.7266314643904992
0.36862886169982134 0.7266314643904992
0.3726692657402254 0.7266314643904992
0.3767096697806294 0.7266314643904992
0.38075007382103343 0.7266314643904992
0.3847904778614375 0.7266314643904992
0.38883088190184156 0.7266314643904992
0.3928712859422456 0.7266314643904992
0.39691168998264964 0.7266314643904992
0.40095209402305365 0.7266314643904992
0.4049924980634577 0.7266314643904992
0.40903290210386173 0.7266314643904992
0.4130733061442658 0.7266314643904992
0.4171137101846698 0.7266314643904992
0.4211541142250739 0.7266314643904992
0.42519451826547794 0.7266314643904992
0.42923492230588195 0.7266314643904992
0.43327532634628596 0.7266314643904992
0.43731573038669 0.7266314643904992
0.4413561344270941 0.7266314643904992
0.4453965384674981 0.7266314643904992
0.4494369425079021 0.7266314643904992
0.4534773465483062 0.7266314643904992
0.45751775058871025 0.7266314643904992
0.46155815462911426 0.7266314643904992
0.4655985586695183 0.7266314643904992
0.46963896270992234 0.7266314643904992
0.4736793667503264 0.7266314643904992
0.47771977079073047 0.7266314643904992
0.4817601748311345 0.7266314643904992
0.4858005788715385 0.7266314643904992
0.48984098291194256 0.7266314643904992
0.4938813869523466 0.7266314643904992
0.49792179099275063 0.7266314643904992
0.5019621950331546 0.7266314643904992
0.5060025990735587 0.7266314643904992
0.5100430031139628 0.7266314643904992
0.5140834071543667 0.7266314643904992
0.5181238111947708 0.7266314643904992
0.5221642152351749 0.7266314643904992
0.5262046192755789 0.7266314643904992
0.530245023315983 0.7266314643904992
0.5342854273563871 0.7266314643904992
0.538325831396791 0.7266314643904992
0.5423662354371951 0.7266314643904992
0.5464066394775992 0.7266314643904992
0.5504470435180031 0.7266314643904992
0.5544874475584072 0.7266314643904992
0.5585278515988112 0.7266314643904992
0.5625682556392153 0.7266314643904992
0.5666086596796194 0.7266314643904992
0.5706490637200234 0.7266314643904992
0.5746894677604274 0.7266314643904992
0.5787298718008315 0.7266314643904992
0.5827702758412354 0.7266314643904992
0.5868106798816395 0.7266314643904992
0.5908510839220436 0.7266314643904992
0.5948914879624476 0.7266314643904992
0.5989318920028517 0.7266314643904992
0.6029722960432558 0.7266314643904992
0.6070127000836597 0.7266314643904992
0.6110531041240638 0.7266314643904992
0.6150935081644677 0.7266314643904992
0.6191339122048718 0.7266314643904992
0.6231743162452759 0.7266314643904992
0.6272147202856799 0.7266314643904992
0.631255124326084 0.7266314643904992
0.6352955283664881 0.7266314643904992
0.6393359324068921 0.7266314643904992
0.6433763364472961 0.7266314643904992
0.6474167404877001 0.7266314643904992
0.6514571445281041 0.7266314643904992
0.6554975485685082 0.7266314643904992
0.6595379526089122 0.7266314643904992
0.6635783566493163 0.7266314643904992
0.6676187606897204 0.7266314643904992
0.6716591647301244 0.7266314643904992
0.6756995687705284 0.7266314643904992
0.6797399728109325 0.7266314643904992
0.6918611849321445 0.7266314643904992
0.6959015889725486 0.7266314643904992
0.6999419930129527 0.7266314643904992
0.29994199301295266 0.7306718684309033
0.3039823970533567 0.7306718684309033
0.30802280109376073 0.7306718684309033
0.31206320513416475 0.7306718684309033
0.3161036091745688 0.7306718684309033
0.3201440132149729 0.7306718684309033
0.3241844172553769 0.7306718684309033
0.32822482129578096 0.7306718684309033
0.33226522533618497 0.7306718684309033
0.33630562937658903 0.7306718684309033
0.34034603341699304 0.7306718684309033
0.3443864374573971 0.7306718684309033
0.3484268414978011 0.7306718684309033
0.3524672455382052 0.7306718684309033
0.35650764957860925 0.7306718684309033
0.36054805361901326 0.7306718684309033
0.3645884576594173 0.7306718684309033
0.36862886169982134 0.7306718684309033
0.3726692657402254 0.7306718684309033
0.3767096697806294 0.7306718684309033
0.38075007382103343 0.7306718684309033
0.3847904778614375 0.7306718684309033
0.38883088190184156 0.7306718684309033
0.3928712859422456 0.7306718684309033
0.39691168998264964 0.7306718684309033
0.40095209402305365 0.7306718684309033
0.4049924980634577 0.7306718684309033
0.40903290210386173 0.7306718684309033
0.4130733061442658 0.7306718684309033
0.4171137101846698 0.7306718684309033
0.4211541142250739 0.7306718684309033
0.42519451826547794 0.7306718684309033
0.42923492230588195 0.7306718684309033
0.43327532634628596 0.7306718684309033
0.43731573038669 0.7306718684309033
0.4413561344270941 0.7306718684309033
0.4453965384674981 0.7306718684309033
0.4494369425079021 0.7306718684309033
0.4534773465483062 0.7306718684309033
0.45751775058871025 0.7306718684309033
0.46155815462911426 0.7306718684309033
0.4655985586695183 0.7306718684309033
0.46963896270992234 0.7306718684309033
0.4736793667503264 0.7306718684309033
0.47771977079073047 0.7306718684309033
0.4817601748311345 0.7306718684309033
0.4858005788715385 0.7306718684309033
0.48984098291194256 0.7306718684309033
0.4938813869523466 0.7306718684309033
0.49792179099275063 0.7306718684309033
0.5019621950331546 0.7306718684309033
0.5060025990735587 0.7306718684309033
0.5100430031139628 0.7306718684309033
0.5140834071543667 0.7306718684309033
0.5181238111947708 0.7306718684309033
0.5221642152351749 0.7306718684309033
0.5262046192755789 0.7306718684309033
0.530245023315983 0.7306718684309033
0.5342854273563871 0.7306718684309033
0.538325831396791 0.7306718684309033
0.5423662354371951 0.7306718684309033
0.5464066394775992 0.7306718684309033
0.5504470435180031 0.7306718684309033
0.5544874475584072 0.7306718684309033
0.5585278515988112 0.7306718684309033
0.5625682556392153 0.7306718684309033
0.5666086596796194 0.7306718684309033
0.5706490637200234 0.7306718684309033
0.5746894677604274 0.7306718684309033
0.5787298718008315 0.7306718684309033
0.5827702758412354 0.7306718684309033
0.5868106798816395 0.7306718684309033
0.5908510839220436 0.7306718684309033
0.5948914879624476 0.7306718684309033
0.5989318920028517 0.7306718684309033
0.6029722960432558 0.7306718684309033
0.6070127000836597 0.7306718684309033
0.6110531041240638 0.7306718684309033
0.6150935081644677 0.7306718684309033
0.6191339122048718 0.7306718684309033
0.6231743162452759 0.7306718684309033
0.6272147202856799 0.7306718684309033
0.631255124326084 0.7306718684309033
0.6352955283664881 0.7306718684309033
0.6393359324068921 0.7306718684309033
0.6433763364472961 0.7306718684309033
0.6474167404877001 0.7306718684309033
0.6514571445281041 0.7306718684309033
0.6554975485685082 0.7306718684309033
0.6595379526089122 0.7306718684309033
0.6635783566493163 0.7306718684309033
0.6676187606897204 0.7306718684309033
0.6716591647301244 0.7306718684309033
0.6756995687705284 0.7306718684309033
0.6878207808917405 0.7306718684309033
0.6918611849321445 0.7306718684309033
0.6959015889725486 0.7306718684309033
0.6999419930129527 0.7306718684309033
0.29994199301295266 0.7347122724713073
0.3039823970533567 0.7347122724713073
0.30802280109376073 0.7347122724713073
0.31206320513416475 0.7347122724713073
0.3161036091745688 0.7347122724713073
0.3201440132149729 0.7347122724713073
0.3241844172553769 0.7347122724713073
0.32822482129578096 0.7347122724713073
0.33226522533618497 0.7347122724713073
0.33630562937658903 0.7347122724713073
0.34034603341699304 0.7347122724713073
0.3443864374573971 0.7347122724713073
0.3484268414978011 0.7347122724713073
0.3524672455382052 0.7347122724713073
0.35650764957860925 0.7347122724713073
0.36054805361901326 0.7347122724713073
0.3645884576594173 0.7347122724713073
0.36862886169982134 0.7347122724713073
0.3726692657402254 0.7347122724713073
0.3767096697806294 0.7347122724713073
0.38075007382103343 0.7347122724713073
0.3847904778614375 0.7347122724713073
0.38883088190184156 0.7347122724713073
0.3928712859422456 0.7347122724713073
0.39691168998264964 0.7347122724713073
0.40095209402305365 0.7347122724713073
0.4049924980634577 0.7347122724713073
0.40903290210386173 0.7347122724713073
0.4130733061442658 0.7347122724713073
0.4171137101846698 0.7347122724713073
0.4211541142250739 0.7347122724713073
0.42519451826547794 0.7347122724713073
0.42923492230588195 0.7347122724713073
0.43327532634628596 0.7347122724713073
0.43731573038669 0.7347122724713073
0.4413561344270941 0.7347122724713073
0.4453965384674981 0.7347122724713073
0.4494369425079021 0.7347122724713073
0.4534773465483062 0.7347122724713073
0.45751775058871025 0.7347122724713073
0.46155815462911426 0.7347122724713073
0.4655985586695183 0.7347122724713073
0.46963896270992234 0.7347122724713073
0.4736793667503264 0.7347122724713073
0.47771977079073047 0.7347122724713073
0.4817601748311345 0.7347122724713073
0.4858005788715385 0.7347122724713073
0.48984098291194256 0.7347122724713073
0.4938813869523466 0.7347122724713073
0.49792179099275063 0.7347122724713073
0.5019621950331546 0.7347122724713073
0.5060025990735587 0.7347122724713073
0.5100430031139628 0.7347122724713073
0.5140834071543667 0.7347122724713073
0.5181238111947708 0.7347122724713073
0.5221642152351749 0.7347122724713073
0.5262046192755789 0.7347122724713073
0.530245023315983 0.7347122724713073
0.5342854273563871 0.7347122724713073
0.538325831396791 0.7347122724713073
0.5423662354371951 0.7347122724713073
0.5464066394775992 0.7347122724713073
0.5504470435180031 0.7347122724713073
0.5544874475584072 0.7347122724713073
0.5585278515988112 0.7347122724713073
0.5625682556392153 0.7347122724713073
0.5666086596796194 0.7347122724713073
0.5706490637200234 0.7347122724713073
0.5746894677604274 0.7347122724713073
0.5787298718008315 0.7347122724713073
0.5827702758412354 0.7347122724713073
0.5868106798816395 0.7347122724713073
0.5908510839220436 0.7347122724713073
0.5948914879624476 0.7347122724713073
0.5989318920028517 0.7347122724713073
0.6029722960432558 0.7347122724713073
0.6070127000836597 0.7347122724713073
0.6110531041240638 0.7347122724713073
0.6150935081644677 0.7347122724713073
0.6191339122048718 0.7347122724713073
0.6231743162452759 0.7347122724713073
0.6272147202856799 0.7347122724713073
0.631255124326084 0.7347122724713073
0.6352955283664881 0.7347122724713073
0.6393359324068921 0.7347122724713073
0.6433763364472961 0.7347122724713073
0.6474167404877001 0.7347122724713073
0.6514571445281041 0.7347122724713073
0.6554975485685082 0.7347122724713073
0.6595379526089122 0.7347122724713073
0.6635783566493163 0.7347122724713073
0.6676187606897204 0.7347122724713073
0.6716591647301244 0.7347122724713073
0.6837803768513364 0.7347122724713073
0.6878207808917405 0.7347122724713073
0.6918611849321445 0.7347122724713073
0.6959015889725486 0.7347122724713073
0.6999419930129527 0.7347122724713073
0.29994199301295266 0.7387526765117113
0.3039823970533567 0.7387526765117113
0.30802280109376073 0.7387526765117113
0.31206320513416475 0.7387526765117113
0.3161036091745688 0.7387526765117113
0.3201440132149729 0.7387526765117113
0.3241844172553769 0.7387526765117113
0.32822482129578096 0.7387526765117113
0.33226522533618497 0.7387526765117113
0.33630562937658903 0.7387526765117113
0.34034603341699304 0.7387526765117113
0.3443864374573971 0.7387526765117113
0.3484268414978011 0.7387526765117113
0.3524672455382052 0.7387526765117113
0.35650764957860925 0.7387526765117113
0.36054805361901326 0.7387526765117113
0.3645884576594173 0.7387526765117113
0.36862886169982134 0.7387526765117113
0.3726692657402254 0.7387526765117113
0.3767096697806294 0.7387526765117113
0.38075007382103343 0.7387526765117113
0.3847904778614375 0.7387526765117113
0.38883088190184156 0.7387526765117113
0.3928712859422456 0.7387526765117113
0.39691168998264964 0.7387526765117113
0.40095209402305365 0.7387526765117113
0.4049924980634577 0.7387526765117113
0.40903290210386173 0.7387526765117113
0.4130733061442658 0.7387526765117113
0.4171137101846698 0.7387526765117113
0.4211541142250739 0.7387526765117113
0.42519451826547794 0.7387526765117113
0.42923492230588195 0.7387526765117113
0.43327532634628596 0.7387526765117113
0.43731573038669 0.7387526765117113
0.4413561344270941 0.7387526765117113
0.4453965384674981 0.7387526765117113
0.4494369425079021 0.7387526765117113
0.4534773465483062 0.7387526765117113
0.45751775058871025 0.7387526765117113
0.46155815462911426 0.7387526765117113
0.4655985586695183 0.7387526765117113
0.46963896270992234 0.7387526765117113
0.4736793667503264 0.7387526765117113
0.47771977079073047 0.7387526765117113
0.4817601748311345 0.7387526765117113
0.4858005788715385 0.7387526765117113
0.48984098291194256 0.7387526765117113
0.4938813869523466 0.7387526765117113
0.49792179099275063 0.7387526765117113
0.5019621950331546 0.7387526765117113
0.5060025990735587 0.7387526765117113
0.5100430031139628 0.7387526765117113
0.5140834071543667 0.7387526765117113
0.5181238111947708 0.7387526765117113
0.5221642152351749 0.7387526765117113
0.5262046192755789 0.7387526765117113
0.530245023315983 0.7387526765117113
0.5342854273563871 0.7387526765117113
0.538325831396791 0.7387526765117113
0.5423662354371951 0.7387526765117113
0.5464066394775992 0.7387526765117113
0.5504470435180031 0.7387526765117113
0.5544874475584072 0.7387526765117113
0.5585278515988112 0.7387526765117113
0.5625682556392153 0.7387526765117113
0.5666086596796194 0.7387526765117113
0.5706490637200234 0.7387526765117113
0.5746894677604274 0.7387526765117113
0.5787298718008315 0.7387526765117113
0.5827702758412354 0.7387526765117113
0.5868106798816395 0.7387526765117113
0.5908510839220436 0.7387526765117113
0.5948914879624476 0.7387526765117113
0.5989318920028517 0.7387526765117113
0.6029722960432558 0.7387526765117113
0.6070127000836597 0.7387526765117113
0.6110531041240638 0.7387526765117113
0.6150935081644677 0.7387526765117113
0.6191339122048718 0.7387526765117113
0.6231743162452759 0.7387526765117113
0.6272147202856799 0.7387526765117113
0.631255124326084 0.7387526765117113
0.6352955283664881 0.7387526765117113
0.6393359324068921 0.7387526765117113
0.6433763364472961 0.7387526765117113
0.6474167404877001 0.7387526765117113
0.6514571445281041 0.7387526765117113
0.6554975485685082 0.7387526765117113
0.6595379526089122 0.7387526765117113
0.6635783566493163 0.7387526765117113
0.6676187606897204 0.7387526765117113
0.6797399728109325 0.7387526765117113
0.6837803768513364 0.7387526765117113
0.6878207808917405 0.7387526765117113
0.6918611849321445 0.7387526765117113
0.6959015889725486 0.7387526765117113
0.6999419930129527 0.7387526765117113
0.29994199301295266 0.7427930805521153
0.3039823970533567 0.7427930805521153
0.30802280109376073 0.7427930805521153
0.31206320513416475 0.7427930805521153
0.3161036091745688 0.7427930805521153
0.3201440132149729 0.7427930805521153
0.3241844172553769 0.7427930805521153
0.32822482129578096 0.7427930805521153
0.33226522533618497 0.7427930805521153
0.33630562937658903 0.7427930805521153
0.34034603341699304 0.7427930805521153
0.3443864374573971 0.7427930805521153
0.3484268414978011 0.7427930805521153
0.3524672455382052 0.7427930805521153
0.35650764957860925 0.7427930805521153
0.36054805361901326 0.7427930805521153
0.3645884576594173 0.7427930805521153
0.36862886169982134 0.7427930805521153
0.3726692657402254 0.7427930805521153
0.3767096697806294 0.7427930805521153
0.38075007382103343 0.7427930805521153
0.3847904778614375 0.7427930805521153
0.38883088190184156 0.7427930805521153
0.3928712859422456 0.7427930805521153
0.39691168998264964 0.7427930805521153
0.40095209402305365 0.7427930805521153
0.4049924980634577 0.7427930805521153
0.40903290210386173 0.7427930805521153
0.4130733061442658 0.7427930805521153
0.4171137101846698 0.7427930805521153
0.4211541142250739 0.7427930805521153
0.42519451826547794 0.7427930805521153
0.42923492230588195 0.7427930805521153
0.43327532634628596 0.7427930805521153
0.43731573038669 0.7427930805521153
0.4413561344270941 0.7427930805521153
0.4453965384674981 0.7427930805521153
0.4494369425079021 0.7427930805521153
0.4534773465483062 0.7427930805521153
0.45751775058871025 0.7427930805521153
0.46155815462911426 0.7427930805521153
0.4655985586695183 0.7427930805521153
0.46963896270992234 0.7427930805521153
0.4736793667503264 0.7427930805521153
0.47771977079073047 0.7427930805521153
0.4817601748311345 0.7427930805521153
0.4858005788715385 0.7427930805521153
0.48984098291194256 0.7427930805521153
0.4938813869523466 0.7427930805521153
0.49792179099275063 0.7427930805521153
0.5019621950331546 0.7427930805521153
0.5060025990735587 0.7427930805521153
0.5100430031139628 0.7427930805521153
0.5140834071543667 0.7427930805521153
0.5181238111947708 0.7427930805521153
0.5221642152351749 0.7427930805521153
0.5262046192755789 0.7427930805521153
0.530245023315983 0.7427930805521153
0.5342854273563871 0.7427930805521153
0.538325831396791 0.7427930805521153
0.5423662354371951 0.7427930805521153
0.5464066394775992 0.7427930805521153
0.5504470435180031 0.7427930805521153
0.5544874475584072 0.7427930805521153
0.5585278515988112 0.7427930805521153
0.5625682556392153 0.7427930805521153
0.5666086596796194 0.7427930805521153
0.5706490637200234 0.7427930805521153
0.5746894677604274 0.7427930805521153
0.5787298718008315 0.7427930805521153
0.5827702758412354 0.7427930805521153
0.5868106798816395 0.7427930805521153
0.5908510839220436 0.7427930805521153
0.5948914879624476 0.7427930805521153
0.5989318920028517 0.7427930805521153
0.6029722960432558 0.7427930805521153
0.6070127000836597 0.7427930805521153
0.6110531041240638 0.7427930805521153
0.6150935081644677 0.7427930805521153
0.6191339122048718 0.7427930805521153
0.6231743162452759 0.7427930805521153
0.6272147202856799 0.7427930805521153
0.631255124326084 0.7427930805521153
0.6352955283664881 0.7427930805521153
0.6393359324068921 0.7427930805521153
0.6433763364472961 0.7427930805521153
0.6474167404877001 0.7427930805521153
0.6514571445281041 0.7427930805521153
0.6554975485685082 0.7427930805521153
0.6595379526089122 0.7427930805521153
0.6635783566493163 0.7427930805521153
0.6756995687705284 0.7427930805521153
0.6797399728109325 0.7427930805521153
0.6837803768513364 0.7427930805521153
0.6878207808917405 0.7427930805521153
0.6918611849321445 0.7427930805521153
0.6959015889725486 0.7427930805521153
0.6999419930129527 0.7427930805521153
0.29994199301295266 0.7468334845925194
0.3039823970533567 0.7468334845925194
0.30802280109376073 0.7468334845925194
0.31206320513416475 0.7468334845925194
0.3161036091745688 0.7468334845925194
0.3201440132149729 0.7468334845925194
0.3241844172553769 0.7468334845925194
0.32822482129578096 0.7468334845925194
0.33226522533618497 0.7468334845925194
0.33630562937658903 0.7468334845925194
0.34034603341699304 0.7468334845925194
0.3443864374573971 0.7468334845925194
0.3484268414978011 0.7468334845925194
0.3524672455382052 0.7468334845925194
0.35650764957860925 0.7468334845925194
0.36054805361901326 0.7468334845925194
0.3645884576594173 0.7468334845925194
0.36862886169982134 0.7468334845925194
0.3726692657402254 0.7468334845925194
0.3767096697806294 0.7468334845925194
0.38075007382103343 0.7468334845925194
0.3847904778614375 0.7468334845925194
0.38883088190184156 0.7468334845925194
0.3928712859422456 0.7468334845925194
0.39691168998264964 0.7468334845925194
0.40095209402305365 0.7468334845925194
0.4049924980634577 0.7468334845925194
0.40903290210386173 0.7468334845925194
0.4130733061442658 0.7468334845925194
0.4171137101846698 0.7468334845925194
0.4211541142250739 0.7468334845925194
0.42519451826547794 0.7468334845925194
0.42923492230588195 0.7468334845925194
0.43327532634628596 0.7468334845925194
0.43731573038669 0.7468334845925194
0.4413561344270941 0.7468334845925194
0.4453965384674981 0.7468334845925194
0.4494369425079021 0.7468334845925194
0.4534773465483062 0.7468334845925194
0.45751775058871025 0.7468334845925194
0.46155815462911426 0.7468334845925194
0.4655985586695183 0.7468334845925194
0.46963896270992234 0.7468334845925194
0.4736793667503264 0.7468334845925194
0.47771977079073047 0.7468334845925194
0.4817601748311345 0.7468334845925194
0.4858005788715385 0.7468334845925194
0.48984098291194256 0.7468334845925194
0.4938813869523466 0.7468334845925194
0.49792179099275063 0.7468334845925194
0.5019621950331546 0.7468334845925194
0.5060025990735587 0.7468334845925194
0.5100430031139628 0.7468334845925194
0.5140834071543667 0.7468334845925194
0.5181238111947708 0.7468334845925194
0.5221642152351749 0.7468334845925194
0.5262046192755789 0.7468334845925194
0.530245023315983 0.7468334845925194
0.5342854273563871 0.7468334845925194
0.538325831396791 0.7468334845925194
0.5423662354371951 0.7468334845925194
0.5464066394775992 0.7468334845925194
0.5504470435180031 0.7468334845925194
0.5544874475584072 0.7468334845925194
0.5585278515988112 0.7468334845925194
0.5625682556392153 0.7468334845925194
0.5666086596796194 0.7468334845925194
0.5706490637200234 0.7468334845925194
0.5746894677604274 0.7468334845925194
0.5787298718008315 0.7468334845925194
0.5827702758412354 0.7468334845925194
0.5868106798816395 0.7468334845925194
0.5908510839220436 0.7468334845925194
0.5948914879624476 0.7468334845925194
0.5989318920028517 0.7468334845925194
0.6029722960432558 0.7468334845925194
0.6070127000836597 0.7468334845925194
0.6110531041240638 0.7468334845925194
0.6150935081644677 0.7468334845925194
0.6191339122048718 0.7468334845925194
0.6231743162452759 0.7468334845925194
0.6272147202856799 0.7468334845925194
0.631255124326084 0.7468334845925194
0.6352955283664881 0.7468334845925194
0.6393359324068921 0.7468334845925194
0.6433763364472961 0.7468334845925194
0.6474167404877001 0.7468334845925194
0.6514571445281041 0.7468334845925194
0.6554975485685082 0.7468334845925194
0.6595379526089122 0.7468334845925194
0.6716591647301244 0.7468334845925194
0.6756995687705284 0.7468334845925194
0.6797399728109325 0.7468334845925194
0.6837803768513364 0.7468334845925194
0.6878207808917405 0.7468334845925194
0.6918611849321445 0.7468334845925194
0.6959015889725486 0.7468334845925194
0.6999419930129527 0.7468334845925194
0.29994199301295266 0.7508738886329235
0.3039823970533567 0.7508738886329235
0.30802280109376073 0.7508738886329235
0.31206320513416475 0.7508738886329235
0.3161036091745688 0.7508738886329235
0.3201440132149729 0.7508738886329235
0.3241844172553769 0.7508738886329235
0.32822482129578096 0.7508738886329235
0.33226522533618497 0.7508738886329235
0.33630562937658903 0.7508738886329235
0.34034603341699304 0.7508738886329235
0.3443864374573971 0.7508738886329235
0.3484268414978011 0.7508738886329235
0.3524672455382052 0.7508738886329235
0.35650764957860925 0.7508738886329235
0.36054805361901326 0.7508738886329235
0.3645884576594173 0.7508738886329235
0.36862886169982134 0.7508738886329235
0.3726692657402254 0.7508738886329235
0.3767096697806294 0.7508738886329235
0.38075007382103343 0.7508738886329235
0.3847904778614375 0.7508738886329235
0.38883088190184156 0.7508738886329235
0.3928712859422456 0.7508738886329235
0.39691168998264964 0.7508738886329235
0.40095209402305365 0.7508738886329235
0.4049924980634577 0.7508738886329235
0.40903290210386173 0.7508738886329235
0.4130733061442658 0.7508738886329235
0.4171137101846698 0.7508738886329235
0.4211541142250739 0.7508738886329235
0.42519451826547794 0.7508738886329235
0.42923492230588195 0.7508738886329235
0.43327532634628596 0.7508738886329235
0.43731573038669 0.7508738886329235
0.4413561344270941 0.7508738886329235
0.4453965384674981 0.7508738886329235
0.4494369425079021 0.7508738886329235
0.4534773465483062 0.7508738886329235
0.45751775058871025 0.7508738886329235
0.46155815462911426 0.7508738886329235
0.4655985586695183 0.7508738886329235
0.46963896270992234 0.7508738886329235
0.4736793667503264 0.7508738886329235
0.47771977079073047 0.7508738886329235
0.4817601748311345 0.7508738886329235
0.4858005788715385 0.7508738886329235
0.48984098291194256 0.7508738886329235
0.4938813869523466 0.7508738886329235
0.49792179099275063 0.7508738886329235
0.5019621950331546 0.7508738886329235
0.5060025990735587 0.7508738886329235
0.5100430031139628 0.7508738886329235
0.5140834071543667 0.7508738886329235
0.5181238111947708 0.7508738886329235
0.5221642152351749 0.7508738886329235
0.5262046192755789 0.7508738886329235
0.530245023315983 0.7508738886329235
0.5342854273563871 0.7508738886329235
0.538325831396791 0.7508738886329235
0.5423662354371951 0.7508738886329235
0.5464066394775992 0.7508738886329235
0.5504470435180031 0.7508738886329235
0.5544874475584072 0.7508738886329235
0.5585278515988112 0.7508738886329235
0.5625682556392153 0.7508738886329235
0.5666086596796194 0.7508738886329235
0.5706490637200234 0.7508738886329235
0.5746894677604274 0.7508738886329235
0.5787298718008315 0.7508738886329235
0.5827702758412354 0.7508738886329235
0.5868106798816395 0.7508738886329235
0.5908510839220436 0.7508738886329235
0.5948914879624476 0.7508738886329235
0.5989318920028517 0.7508738886329235
0.6029722960432558 0.7508738886329235
0.6070127000836597 0.7508738886329235
0.6110531041240638 0.7508738886329235
0.6150935081644677 0.7508738886329235
0.6191339122048718 0.7508738886329235
0.6231743162452759 0.7508738886329235
0.6272147202856799 0.7508738886329235
0.631255124326084 0.7508738886329235
0.6352955283664881 0.7508738886329235
0.6393359324068921 0.7508738886329235
0.6433763364472961 0.7508738886329235
0.6474167404877001 0.7508738886329235
0.6514571445281041 0.7508738886329235
0.6554975485685082 0.7508738886329235
0.6676187606897204 0.7508738886329235
0.6716591647301244 0.7508738886329235
0.6756995687705284 0.7508738886329235
0.6797399728109325 0.7508738886329235
0.6837803768513364 0.7508738886329235
0.6878207808917405 0.7508738886329235
0.6918611849321445 0.7508738886329235
0.6959015889725486 0.7508738886329235
0.6999419930129527 0.7508738886329235
0.29994199301295266 0.7549142926733274
0.3039823970533567 0.7549142926733274
0.30802280109376073 0.7549142926733274
0.31206320513416475 0.7549142926733274
0.3161036091745688 0.7549142926733274
0.3201440132149729 0.7549142926733274
0.3241844172553769 0.7549142926733274
0.32822482129578096 0.7549142926733274
0.33226522533618497 0.7549142926733274
0.33630562937658903 0.7549142926733274
0.34034603341699304 0.7549142926733274
0.3443864374573971 0.7549142926733274
0.3484268414978011 0.7549142926733274
0.3524672455382052 0.7549142926733274
0.35650764957860925 0.7549142926733274
0.36054805361901326 0.7549142926733274
0.3645884576594173 0.7549142926733274
0.36862886169982134 0.7549142926733274
0.3726692657402254 0.7549142926733274
0.3767096697806294 0.7549142926733274
0.38075007382103343 0.7549142926733274
0.3847904778614375 0.7549142926733274
0.38883088190184156 0.7549142926733274
0.3928712859422456 0.7549142926733274
0.39691168998264964 0.7549142926733274
0.40095209402305365 0.7549142926733274
0.4049924980634577 0.7549142926733274
0.40903290210386173 0.7549142926733274
0.4130733061442658 0.7549142926733274
0.4171137101846698 0.7549142926733274
0.4211541142250739 0.7549142926733274
0.42519451826547794 0.7549142926733274
0.42923492230588195 0.7549142926733274
0.43327532634628596 0.7549142926733274
0.43731573038669 0.7549142926733274
0.4413561344270941 0.7549142926733274
0.4453965384674981 0.7549142926733274
0.4494369425079021 0.7549142926733274
0.4534773465483062 0.7549142926733274
0.45751775058871025 0.7549142926733274
0.46155815462911426 0.7549142926733274
0.4655985586695183 0.7549142926733274
0.46963896270992234 0.7549142926733274
0.4736793667503264 0.7549142926733274
0.47771977079073047 0.7549142926733274
0.4817601748311345 0.7549142926733274
0.4858005788715385 0.7549142926733274
0.48984098291194256 0.7549142926733274
0.4938813869523466 0.7549142926733274
0.49792179099275063 0.7549142926733274
0.5019621950331546 0.7549142926733274
0.5060025990735587 0.7549142926733274
0.5100430031139628 0.7549142926733274
0.5140834071543667 0.7549142926733274
0.5181238111947708 0.7549142926733274
0.5221642152351749 0.7549142926733274
0.5262046192755789 0.7549142926733274
0.530245023315983 0.7549142926733274
0.5342854273563871 0.7549142926733274
0.538325831396791 0.7549142926733274
0.5423662354371951 0.7549142926733274
0.5464066394775992 0.7549142926733274
0.5504470435180031 0.7549142926733274
0.5544874475584072 0.7549142926733274
0.5585278515988112 0.7549142926733274
0.5625682556392153 0.7549142926733274
0.5666086596796194 0.7549142926733274
0.5706490637200234 0.7549142926733274
0.5746894677604274 0.7549142926733274
0.5787298718008315 0.7549142926733274
0.5827702758412354 0.7549142926733274
0.5868106798816395 0.7549142926733274
0.5908510839220436 0.7549142926733274
0.5948914879624476 0.7549142926733274
0.5989318920028517 0.7549142926733274
0.6029722960432558 0.7549142926733274
0.6070127000836597 0.7549142926733274
0.6110531041240638 0.7549142926733274
0.6150935081644677 0.7549142926733274
0.6191339122048718 0.7549142926733274
0.6231743162452759 0.7549142926733274
0.6272147202856799 0.7549142926733274
0.631255124326084 0.7549142926733274
0.6352955283664881 0.7549142926733274
0.6393359324068921 0.7549142926733274
0.6433763364472961 0.7549142926733274
0.6474167404877001 0.7549142926733274
0.6635783566493163 0.7549142926733274
0.6676187606897204 0.7549142926733274
0.6716591647301244 0.7549142926733274
0.6756995687705284 0.7549142926733274
0.6797399728109325 0.7549142926733274
0.6837803768513364 0.7549142926733274
0.6878207808917405 0.7549142926733274
0.6918611849321445 0.7549142926733274
0.6959015889725486 0.7549142926733274
0.6999419930129527 0.7549142926733274
0.29994199301295266 0.7589546967137315
0.3039823970533567 0.7589546967137315
0.30802280109376073 0.7589546967137315
0.31206320513416475 0.7589546967137315
0.3161036091745688 0.7589546967137315
0.3201440132149729 0.7589546967137315
0.3241844172553769 0.7589546967137315
0.32822482129578096 0.7589546967137315
0.33226522533618497 0.7589546967137315
0.33630562937658903 0.7589546967137315
0.34034603341699304 0.7589546967137315
0.3443864374573971 0.7589546967137315
0.3484268414978011 0.7589546967137315
0.3524672455382052 0.7589546967137315
0.35650764957860925 0.7589546967137315
0.36054805361901326 0.7589546967137315
0.3645884576594173 0.7589546967137315
0.36862886169982134 0.7589546967137315
0.3726692657402254 0.7589546967137315
0.3767096697806294 0.7589546967137315
0.38075007382103343 0.7589546967137315
0.3847904778614375 0.7589546967137315
0.38883088190184156 0.7589546967137315
0.3928712859422456 0.7589546967137315
0.39691168998264964 0.7589546967137315
0.40095209402305365 0.7589546967137315
0.4049924980634577 0.7589546967137315
0.40903290210386173 0.7589546967137315
0.4130733061442658 0.7589546967137315
0.4171137101846698 0.7589546967137315
0.4211541142250739 0.7589546967137315
0.42519451826547794 0.7589546967137315
0.42923492230588195 0.7589546967137315
0.43327532634628596 0.7589546967137315
0.43731573038669 0.7589546967137315
0.4413561344270941 0.7589546967137315
0.4453965384674981 0.7589546967137315
0.4494369425079021 0.7589546967137315
0.4534773465483062 0.7589546967137315
0.45751775058871025 0.7589546967137315
0.46155815462911426 0.7589546967137315
0.4655985586695183 0.7589546967137315
0.46963896270992234 0.7589546967137315
0.4736793667503264 0.7589546967137315
0.47771977079073047 0.7589546967137315
0.4817601748311345 0.7589546967137315
0.4858005788715385 0.7589546967137315
0.48984098291194256 0.7589546967137315
0.4938813869523466 0.7589546967137315
0.49792179099275063 0.7589546967137315
0.5019621950331546 0.7589546967137315
0.5060025990735587 0.7589546967137315
0.5100430031139628 0.7589546967137315
0.5140834071543667 0.7589546967137315
0.5181238111947708 0.7589546967137315
0.5221642152351749 0.7589546967137315
0.5262046192755789 0.7589546967137315
0.530245023315983 0.7589546967137315
0.5342854273563871 0.7589546967137315
0.538325831396791 0.7589546967137315
0.5423662354371951 0.7589546967137315
0.5464066394775992 0.7589546967137315
0.5504470435180031 0.7589546967137315
0.5544874475584072 0.7589546967137315
0.5585278515988112 0.7589546967137315
0.5625682556392153 0.7589546967137315
0.5666086596796194 0.7589546967137315
0.5706490637200234 0.7589546967137315
0.5746894677604274 0.7589546967137315
0.5787298718008315 0.7589546967137315
0.5827702758412354 0.7589546967137315
0.5868106798816395 0.7589546967137315
0.5908510839220436 0.7589546967137315
0.5948914879624476 0.7589546967137315
0.5989318920028517 0.7589546967137315
0.6029722960432558 0.7589546967137315
0.6070127000836597 0.7589546967137315
0.6110531041240638 0.7589546967137315
0.6150935081644677 0.7589546967137315
0.6191339122048718 0.7589546967137315
0.6231743162452759 0.7589546967137315
0.6272147202856799 0.7589546967137315
0.631255124326084 0.7589546967137315
0.6352955283664881 0.7589546967137315
0.6393359324068921 0.7589546967137315
0.6433763364472961 0.7589546967137315
0.6595379526089122 0.7589546967137315
0.6635783566493163 0.7589546967137315
0.6676187606897204 0.7589546967137315
0.6716591647301244 0.7589546967137315
0.6756995687705284 0.7589546967137315
0.6797399728109325 0.7589546967137315
0.6837803768513364 0.7589546967137315
0.6878207808917405 0.7589546967137315
0.6918611849321445 0.7589546967137315
0.6959015889725486 0.7589546967137315
0.6999419930129527 0.7589546967137315
0.29994199301295266 0.7629951007541356
0.3039823970533567 0.7629951007541356
0.30802280109376073 0.7629951007541356
0.31206320513416475 0.7629951007541356
0.3161036091745688 0.7629951007541356
0.3201440132149729 0.7629951007541356
0.3241844172553769 0.7629951007541356
0.32822482129578096 0.7629951007541356
0.33226522533618497 0.7629951007541356
0.33630562937658903 0.7629951007541356
0.34034603341699304 0.7629951007541356
0.3443864374573971 0.7629951007541356
0.3484268414978011 0.7629951007541356
0.3524672455382052 0.7629951007541356
0.35650764957860925 0.7629951007541356
0.36054805361901326 0.7629951007541356
0.3645884576594173 0.7629951007541356
0.36862886169982134 0.7629951007541356
0.3726692657402254 0.7629951007541356
0.3767096697806294 0.7629951007541356
0.38075007382103343 0.7629951007541356
0.3847904778614375 0.7629951007541356
0.38883088190184156 0.7629951007541356
0.3928712859422456 0.7629951007541356
0.39691168998264964 0.7629951007541356
0.40095209402305365 0.7629951007541356
0.4049924980634577 0.7629951007541356
0.40903290210386173 0.7629951007541356
0.4130733061442658 0.7629951007541356
0.4171137101846698 0.7629951007541356
0.4211541142250739 0.7629951007541356
0.42519451826547794 0.7629951007541356
0.42923492230588195 0.7629951007541356
0.43327532634628596 0.7629951007541356
0.43731573038669 0.7629951007541356
0.4413561344270941 0.7629951007541356
0.4453965384674981 0.7629951007541356
0.4494369425079021 0.7629951007541356
0.4534773465483062 0.7629951007541356
0.45751775058871025 0.7629951007541356
0.46155815462911426 0.7629951007541356
0.4655985586695183 0.7629951007541356
0.46963896270992234 0.7629951007541356
0.4736793667503264 0.7629951007541356
0.47771977079073047 0.7629951007541356
0.4817601748311345 0.7629951007541356
0.4858005788715385 0.7629951007541356
0.48984098291194256 0.7629951007541356
0.4938813869523466 0.7629951007541356
0.49792179099275063 0.7629951007541356
0.5019621950331546 0.7629951007541356
0.5060025990735587 0.7629951007541356
0.5100430031139628 0.7629951007541356
0.5140834071543667 0.7629951007541356
0.5181238111947708 0.7629951007541356
0.5221642152351749 0.7629951007541356
0.5262046192755789 0.7629951007541356
0.530245023315983 0.7629951007541356
0.5342854273563871 0.7629951007541356
0.538325831396791 0.7629951007541356
0.5423662354371951 0.7629951007541356
0.5464066394775992 0.7629951007541356
0.5504470435180031 0.7629951007541356
0.5544874475584072 0.7629951007541356
0.5585278515988112 0.7629951007541356
0.5625682556392153 0.7629951007541356
0.5666086596796194 0.7629951007541356
0.5706490637200234 0.7629951007541356
0.5746894677604274 0.7629951007541356
0.5787298718008315 0.7629951007541356
0.5827702758412354 0.7629951007541356
0.5868106798816395 0.7629951007541356
0.5908510839220436 0.7629951007541356
0.5948914879624476 0.7629951007541356
0.5989318920028517 0.7629951007541356
0.6029722960432558 0.7629951007541356
0.6070127000836597 0.7629951007541356
0.6110531041240638 0.7629951007541356
0.6150935081644677 0.7629951007541356
0.6191339122048718 0.7629951007541356
0.6231743162452759 0.7629951007541356
0.6272147202856799 0.7629951007541356
0.631255124326084 0.7629951007541356
0.6352955283664881 0.7629951007541356
0.6393359324068921 0.7629951007541356
0.6514571445281041 0.7629951007541356
0.6554975485685082 0.7629951007541356
0.6595379526089122 0.7629951007541356
0.6676187606897204 0.7629951007541356
0.6716591647301244 0.7629951007541356
0.6756995687705284 0.7629951007541356
0.6797399728109325 0.7629951007541356
0.6837803768513364 0.7629951007541356
0.6878207808917405 0.7629951007541356
0.6918611849321445 0.7629951007541356
0.6959015889725486 0.7629951007541356
0.6999419930129527 0.7629951007541356
0.29994199301295266 0.7670355047945396
0.3039823970533567 0.7670355047945396
0.30802280109376073 0.7670355047945396
0.31206320513416475 0.7670355047945396
0.3161036091745688 0.7670355047945396
0.3201440132149729 0.7670355047945396
0.3241844172553769 0.7670355047945396
0.32822482129578096 0.7670355047945396
0.33226522533618497 0.7670355047945396
0.33630562937658903 0.7670355047945396
0.34034603341699304 0.7670355047945396
0.3443864374573971 0.7670355047945396
0.3484268414978011 0.7670355047945396
0.3524672455382052 0.7670355047945396
0.35650764957860925 0.7670355047945396
0.36054805361901326 0.7670355047945396
0.3645884576594173 0.7670355047945396
0.36862886169982134 0.7670355047945396
0.3726692657402254 0.7670355047945396
0.3767096697806294 0.7670355047945396
0.38075007382103343 0.7670355047945396
0.3847904778614375 0.7670355047945396
0.38883088190184156 0.7670355047945396
0.3928712859422456 0.7670355047945396
0.39691168998264964 0.7670355047945396
0.40095209402305365 0.7670355047945396
0.4049924980634577 0.7670355047945396
0.40903290210386173 0.7670355047945396
0.4130733061442658 0.7670355047945396
0.4171137101846698 0.7670355047945396
0.4211541142250739 0.7670355047945396
0.42519451826547794 0.7670355047945396
0.42923492230588195 0.7670355047945396
0.43327532634628596 0.7670355047945396
0.43731573038669 0.7670355047945396
0.4413561344270941 0.7670355047945396
0.4453965384674981 0.7670355047945396
0.4494369425079021 0.7670355047945396
0.4534773465483062 0.7670355047945396
0.45751775058871025 0.7670355047945396
0.46155815462911426 0.7670355047945396
0.4655985586695183 0.7670355047945396
0.46963896270992234 0.7670355047945396
0.4736793667503264 0.7670355047945396
0.47771977079073047 0.7670355047945396
0.4817601748311345 0.7670355047945396
0.4858005788715385 0.7670355047945396
0.48984098291194256 0.7670355047945396
0.4938813869523466 0.7670355047945396
0.49792179099275063 0.7670355047945396
0.5019621950331546 0.7670355047945396
0.5060025990735587 0.7670355047945396
0.5100430031139628 0.7670355047945396
0.5140834071543667 0.7670355047945396
0.5181238111947708 0.7670355047945396
0.5221642152351749 0.7670355047945396
0.5262046192755789 0.7670355047945396
0.530245023315983 0.7670355047945396
0.5342854273563871 0.7670355047945396
0.538325831396791 0.7670355047945396
0.5423662354371951 0.7670355047945396
0.5464066394775992 0.7670355047945396
0.5504470435180031 0.7670355047945396
0.5544874475584072 0.7670355047945396
0.5585278515988112 0.7670355047945396
0.5625682556392153 0.7670355047945396
0.5666086596796194 0.7670355047945396
0.5706490637200234 0.7670355047945396
0.5746894677604274 0.7670355047945396
0.5787298718008315 0.7670355047945396
0.5827702758412354 0.7670355047945396
0.5868106798816395 0.7670355047945396
0.5908510839220436 0.7670355047945396
0.5948914879624476 0.7670355047945396
0.5989318920028517 0.7670355047945396
0.6029722960432558 0.7670355047945396
0.6070127000836597 0.7670355047945396
0.6110531041240638 0.7670355047945396
0.6150935081644677 0.7670355047945396
0.6191339122048718 0.7670355047945396
0.6231743162452759 0.7670355047945396
0.6272147202856799 0.7670355047945396
0.631255124326084 0.7670355047945396
0.6352955283664881 0.7670355047945396
0.6474167404877001 0.7670355047945396
0.6514571445281041 0.7670355047945396
0.6595379526089122 0.7670355047945396
0.6635783566493163 0.7670355047945396
0.6676187606897204 0.7670355047945396
0.6716591647301244 0.7670355047945396
0.6756995687705284 0.7670355047945396
0.6797399728109325 0.7670355047945396
0.6837803768513364 0.7670355047945396
0.6878207808917405 0.7670355047945396
0.6918611849321445 0.7670355047945396
0.6959015889725486 0.7670355047945396
0.6999419930129527 0.7670355047945396
0.29994199301295266 0.7710759088349436
0.3039823970533567 0.7710759088349436
0.30802280109376073 0.7710759088349436
0.31206320513416475 0.7710759088349436
0.3161036091745688 0.7710759088349436
0.3201440132149729 0.7710759088349436
0.3241844172553769 0.7710759088349436
0.32822482129578096 0.7710759088349436
0.33226522533618497 0.7710759088349436
0.33630562937658903 0.7710759088349436
0.34034603341699304 0.7710759088349436
0.3443864374573971 0.7710759088349436
0.3484268414978011 0.7710759088349436
0.3524672455382052 0.7710759088349436
0.35650764957860925 0.7710759088349436
0.36054805361901326 0.7710759088349436
0.3645884576594173 0.7710759088349436
0.36862886169982134 0.7710759088349436
0.3726692657402254 0.7710759088349436
0.3767096697806294 0.7710759088349436
0.38075007382103343 0.7710759088349436
0.3847904778614375 0.7710759088349436
0.38883088190184156 0.7710759088349436
0.3928712859422456 0.7710759088349436
0.39691168998264964 0.7710759088349436
0.40095209402305365 0.7710759088349436
0.4049924980634577 0.7710759088349436
0.40903290210386173 0.7710759088349436
0.4130733061442658 0.7710759088349436
0.4171137101846698 0.7710759088349436
0.4211541142250739 0.7710759088349436
0.42519451826547794 0.7710759088349436
0.42923492230588195 0.7710759088349436
0.43327532634628596 0.7710759088349436
0.43731573038669 0.7710759088349436
0.4413561344270941 0.7710759088349436
0.4453965384674981 0.7710759088349436
0.4494369425079021 0.7710759088349436
0.4534773465483062 0.7710759088349436
0.45751775058871025 0.7710759088349436
0.46155815462911426 0.7710759088349436
0.4655985586695183 0.7710759088349436
0.46963896270992234 0.7710759088349436
0.4736793667503264 0.7710759088349436
0.47771977079073047 0.7710759088349436
0.4817601748311345 0.7710759088349436
0.4858005788715385 0.7710759088349436
0.48984098291194256 0.7710759088349436
0.4938813869523466 0.7710759088349436
0.49792179099275063 0.7710759088349436
0.5019621950331546 0.7710759088349436
0.5060025990735587 0.7710759088349436
0.5100430031139628 0.7710759088349436
0.5140834071543667 0.7710759088349436
0.5181238111947708 0.7710759088349436
0.5221642152351749 0.7710759088349436
0.5262046192755789 0.7710759088349436
0.530245023315983 0.7710759088349436
0.5342854273563871 0.7710759088349436
0.538325831396791 0.7710759088349436
0.5423662354371951 0.7710759088349436
0.5464066394775992 0.7710759088349436
0.5504470435180031 0.7710759088349436
0.5544874475584072 0.7710759088349436
0.5585278515988112 0.7710759088349436
0.5625682556392153 0.7710759088349436
0.5666086596796194 0.7710759088349436
0.5706490637200234 0.7710759088349436
0.5746894677604274 0.7710759088349436
0.5787298718008315 0.7710759088349436
0.5827702758412354 0.7710759088349436
0.5868106798816395 0.7710759088349436
0.5908510839220436 0.7710759088349436
0.5948914879624476 0.7710759088349436
0.5989318920028517 0.7710759088349436
0.6029722960432558 0.7710759088349436
0.6070127000836597 0.7710759088349436
0.6110531041240638 0.7710759088349436
0.6150935081644677 0.7710759088349436
0.6191339122048718 0.7710759088349436
0.6231743162452759 0.7710759088349436
0.6272147202856799 0.7710759088349436
0.631255124326084 0.7710759088349436
0.6433763364472961 0.7710759088349436
0.6474167404877001 0.7710759088349436
0.6514571445281041 0.7710759088349436
0.6554975485685082 0.7710759088349436
0.6595379526089122 0.7710759088349436
0.6635783566493163 0.7710759088349436
0.6676187606897204 0.7710759088349436
0.6716591647301244 0.7710759088349436
0.6756995687705284 0.7710759088349436
0.6797399728109325 0.7710759088349436
0.6837803768513364 0.7710759088349436
0.6878207808917405 0.7710759088349436
0.6918611849321445 0.7710759088349436
0.6959015889725486 0.7710759088349436
0.6999419930129527 0.7710759088349436
0.29994199301295266 0.7751163128753477
0.3039823970533567 0.7751163128753477
0.30802280109376073 0.7751163128753477
0.31206320513416475 0.7751163128753477
0.3161036091745688 0.7751163128753477
0.3201440132149729 0.7751163128753477
0.3241844172553769 0.7751163128753477
0.32822482129578096 0.7751163128753477
0.33226522533618497 0.7751163128753477
0.33630562937658903 0.7751163128753477
0.34034603341699304 0.7751163128753477
0.3443864374573971 0.7751163128753477
0.3484268414978011 0.7751163128753477
0.3524672455382052 0.7751163128753477
0.35650764957860925 0.7751163128753477
0.36054805361901326 0.7751163128753477
0.3645884576594173 0.7751163128753477
0.36862886169982134 0.7751163128753477
0.3726692657402254 0.7751163128753477
0.3767096697806294 0.7751163128753477
0.38075007382103343 0.7751163128753477
0.3847904778614375 0.7751163128753477
0.38883088190184156 0.7751163128753477
0.3928712859422456 0.7751163128753477
0.39691168998264964 0.7751163128753477
0.40095209402305365 0.7751163128753477
0.4049924980634577 0.7751163128753477
0.40903290210386173 0.7751163128753477
0.4130733061442658 0.7751163128753477
0.4171137101846698 0.7751163128753477
0.4211541142250739 0.7751163128753477
0.42519451826547794 0.7751163128753477
0.42923492230588195 0.7751163128753477
0.43327532634628596 0.7751163128753477
0.43731573038669 0.7751163128753477
0.4413561344270941 0.7751163128753477
0.4453965384674981 0.7751163128753477
0.4494369425079021 0.7751163128753477
0.4534773465483062 0.7751163128753477
0.45751775058871025 0.7751163128753477
0.46155815462911426 0.7751163128753477
0.4655985586695183 0.7751163128753477
0.46963896270992234 0.7751163128753477
0.4736793667503264 0.7751163128753477
0.47771977079073047 0.7751163128753477
0.4817601748311345 0.7751163128753477
0.4858005788715385 0.7751163128753477
0.48984098291194256 0.7751163128753477
0.4938813869523466 0.7751163128753477
0.49792179099275063 0.7751163128753477
0.5019621950331546 0.7751163128753477
0.5060025990735587 0.7751163128753477
0.5100430031139628 0.7751163128753477
0.5140834071543667 0.7751163128753477
0.5181238111947708 0.7751163128753477
0.5221642152351749 0.7751163128753477
0.5262046192755789 0.7751163128753477
0.530245023315983 0.7751163128753477
0.5342854273563871 0.7751163128753477
0.538325831396791 0.7751163128753477
0.5423662354371951 0.7751163128753477
0.5464066394775992 0.7751163128753477
0.5504470435180031 0.7751163128753477
0.5544874475584072 0.7751163128753477
0.5585278515988112 0.7751163128753477
0.5625682556392153 0.7751163128753477
0.5666086596796194 0.7751163128753477
0.5706490637200234 0.7751163128753477
0.5746894677604274 0.7751163128753477
0.5787298718008315 0.7751163128753477
0.5827702758412354 0.7751163128753477
0.5868106798816395 0.7751163128753477
0.5908510839220436 0.7751163128753477
0.5948914879624476 0.7751163128753477
0.5989318920028517 0.7751163128753477
0.6029722960432558 0.7751163128753477
0.6070127000836597 0.7751163128753477
0.6110531041240638 0.7751163128753477
0.6150935081644677 0.7751163128753477
0.6191339122048718 0.7751163128753477
0.6231743162452759 0.7751163128753477
0.6393359324068921 0.7751163128753477
0.6433763364472961 0.7751163128753477
0.6474167404877001 0.7751163128753477
0.6514571445281041 0.7751163128753477
0.6554975485685082 0.7751163128753477
0.6595379526089122 0.7751163128753477
0.6635783566493163 0.7751163128753477
0.6676187606897204 0.7751163128753477
0.6716591647301244 0.7751163128753477
0.6756995687705284 0.7751163128753477
0.6797399728109325 0.7751163128753477
0.6837803768513364 0.7751163128753477
0.6878207808917405 0.7751163128753477
0.6918611849321445 0.7751163128753477
0.6959015889725486 0.7751163128753477
0.6999419930129527 0.7751163128753477
0.29994199301295266 0.7791567169157517
0.3039823970533567 0.7791567169157517
0.30802280109376073 0.7791567169157517
0.31206320513416475 0.7791567169157517
0.3161036091745688 0.7791567169157517
0.3201440132149729 0.7791567169157517
0.3241844172553769 0.7791567169157517
0.32822482129578096 0.7791567169157517
0.33226522533618497 0.7791567169157517
0.33630562937658903 0.7791567169157517
0.34034603341699304 0.7791567169157517
0.3443864374573971 0.7791567169157517
0.3484268414978011 0.7791567169157517
0.3524672455382052 0.7791567169157517
0.35650764957860925 0.7791567169157517
0.36054805361901326 0.7791567169157517
0.3645884576594173 0.7791567169157517
0.36862886169982134 0.7791567169157517
0.3726692657402254 0.7791567169157517
0.3767096697806294 0.7791567169157517
0.38075007382103343 0.7791567169157517
0.3847904778614375 0.7791567169157517
0.38883088190184156 0.7791567169157517
0.3928712859422456 0.7791567169157517
0.39691168998264964 0.7791567169157517
0.40095209402305365 0.7791567169157517
0.4049924980634577 0.7791567169157517
0.40903290210386173 0.7791567169157517
0.4130733061442658 0.7791567169157517
0.4171137101846698 0.7791567169157517
0.4211541142250739 0.7791567169157517
0.42519451826547794 0.7791567169157517
0.42923492230588195 0.7791567169157517
0.43327532634628596 0.7791567169157517
0.43731573038669 0.7791567169157517
0.4413561344270941 0.7791567169157517
0.4453965384674981 0.7791567169157517
0.4494369425079021 0.7791567169157517
0.4534773465483062 0.7791567169157517
0.45751775058871025 0.7791567169157517
0.46155815462911426 0.7791567169157517
0.4655985586695183 0.7791567169157517
0.46963896270992234 0.7791567169157517
0.4736793667503264 0.7791567169157517
0.47771977079073047 0.7791567169157517
0.4817601748311345 0.7791567169157517
0.4858005788715385 0.7791567169157517
0.48984098291194256 0.7791567169157517
0.4938813869523466 0.7791567169157517
0.49792179099275063 0.7791567169157517
0.5019621950331546 0.7791567169157517
0.5060025990735587 0.7791567169157517
0.5100430031139628 0.7791567169157517
0.5140834071543667 0.7791567169157517
0.5181238111947708 0.7791567169157517
0.5221642152351749 0.7791567169157517
0.5262046192755789 0.7791567169157517
0.530245023315983 0.7791567169157517
0.5342854273563871 0.7791567169157517
0.538325831396791 0.7791567169157517
0.5423662354371951 0.7791567169157517
0.5464066394775992 0.7791567169157517
0.5504470435180031 0.7791567169157517
0.5544874475584072 0.7791567169157517
0.5585278515988112 0.7791567169157517
0.5625682556392153 0.7791567169157517
0.5666086596796194 0.7791567169157517
0.5706490637200234 0.7791567169157517
0.5746894677604274 0.7791567169157517
0.5787298718008315 0.7791567169157517
0.5827702758412354 0.7791567169157517
0.5868106798816395 0.7791567169157517
0.5908510839220436 0.7791567169157517
0.5948914879624476 0.7791567169157517
0.5989318920028517 0.7791567169157517
0.6029722960432558 0.7791567169157517
0.6070127000836597 0.7791567169157517
0.6110531041240638 0.7791567169157517
0.6150935081644677 0.7791567169157517
0.6191339122048718 0.7791567169157517
0.6352955283664881 0.7791567169157517
0.6393359324068921 0.7791567169157517
0.6433763364472961 0.7791567169157517
0.6474167404877001 0.7791567169157517
0.6514571445281041 0.7791567169157517
0.6554975485685082 0.7791567169157517
0.6595379526089122 0.7791567169157517
0.6635783566493163 0.7791567169157517
0.6676187606897204 0.7791567169157517
0.6716591647301244 0.7791567169157517
0.6756995687705284 0.7791567169157517
0.6797399728109325 0.7791567169157517
0.6837803768513364 0.7791567169157517
0.6878207808917405 0.7791567169157517
0.6918611849321445 0.7791567169157517
0.6959015889725486 0.7791567169157517
0.6999419930129527 0.7791567169157517
0.29994199301295266 0.7831971209561558
0.3039823970533567 0.7831971209561558
0.30802280109376073 0.7831971209561558
0.31206320513416475 0.7831971209561558
0.3161036091745688 0.7831971209561558
0.3201440132149729 0.7831971209561558
0.3241844172553769 0.7831971209561558
0.32822482129578096 0.7831971209561558
0.33226522533618497 0.7831971209561558
0.33630562937658903 0.7831971209561558
0.34034603341699304 0.7831971209561558
0.3443864374573971 0.7831971209561558
0.3484268414978011 0.7831971209561558
0.3524672455382052 0.7831971209561558
0.35650764957860925 0.7831971209561558
0.36054805361901326 0.7831971209561558
0.3645884576594173 0.7831971209561558
0.36862886169982134 0.7831971209561558
0.3726692657402254 0.7831971209561558
0.3767096697806294 0.7831971209561558
0.38075007382103343 0.7831971209561558
0.3847904778614375 0.7831971209561558
0.38883088190184156 0.7831971209561558
0.3928712859422456 0.7831971209561558
0.39691168998264964 0.7831971209561558
0.40095209402305365 0.7831971209561558
0.4049924980634577 0.7831971209561558
0.40903290210386173 0.7831971209561558
0.4130733061442658 0.7831971209561558
0.4171137101846698 0.7831971209561558
0.4211541142250739 0.7831971209561558
0.42519451826547794 0.7831971209561558
0.42923492230588195 0.7831971209561558
0.43327532634628596 0.7831971209561558
0.43731573038669 0.7831971209561558
0.4413561344270941 0.7831971209561558
0.4453965384674981 0.7831971209561558
0.4494369425079021 0.7831971209561558
0.4534773465483062 0.7831971209561558
0.45751775058871025 0.7831971209561558
0.46155815462911426 0.7831971209561558
0.4655985586695183 0.7831971209561558
0.46963896270992234 0.7831971209561558
0.4736793667503264 0.7831971209561558
0.47771977079073047 0.7831971209561558
0.4817601748311345 0.7831971209561558
0.4858005788715385 0.7831971209561558
0.48984098291194256 0.7831971209561558
0.4938813869523466 0.7831971209561558
0.49792179099275063 0.7831971209561558
0.5019621950331546 0.7831971209561558
0.5060025990735587 0.7831971209561558
0.5100430031139628 0.7831971209561558
0.5140834071543667 0.7831971209561558
0.5181238111947708 0.7831971209561558
0.5221642152351749 0.7831971209561558
0.5262046192755789 0.7831971209561558
0.530245023315983 0.7831971209561558
0.5342854273563871 0.7831971209561558
0.538325831396791 0.7831971209561558
0.5423662354371951 0.7831971209561558
0.5464066394775992 0.7831971209561558
0.5504470435180031 0.7831971209561558
0.5544874475584072 0.7831971209561558
0.5585278515988112 0.7831971209561558
0.5625682556392153 0.7831971209561558
0.5666086596796194 0.7831971209561558
0.5706490637200234 0.7831971209561558
0.5746894677604274 0.7831971209561558
0.5787298718008315 0.7831971209561558
0.5827702758412354 0.7831971209561558
0.5868106798816395 0.7831971209561558
0.5908510839220436 0.7831971209561558
0.5948914879624476 0.7831971209561558
0.5989318920028517 0.7831971209561558
0.6029722960432558 0.7831971209561558
0.6070127000836597 0.7831971209561558
0.6110531041240638 0.7831971209561558
0.6150935081644677 0.7831971209561558
0.6272147202856799 0.7831971209561558
0.631255124326084 0.7831971209561558
0.6352955283664881 0.7831971209561558
0.6393359324068921 0.7831971209561558
0.6433763364472961 0.7831971209561558
0.6474167404877001 0.7831971209561558
0.6514571445281041 0.7831971209561558
0.6554975485685082 0.7831971209561558
0.6595379526089122 0.7831971209561558
0.6635783566493163 0.7831971209561558
0.6676187606897204 0.7831971209561558
0.6716591647301244 0.7831971209561558
0.6756995687705284 0.7831971209561558
0.6797399728109325 0.7831971209561558
0.6837803768513364 0.7831971209561558
0.6878207808917405 0.7831971209561558
0.6918611849321445 0.7831971209561558
0.6959015889725486 0.7831971209561558
0.6999419930129527 0.7831971209561558
0.29994199301295266 0.7872375249965597
0.3039823970533567 0.7872375249965597
0.30802280109376073 0.7872375249965597
0.31206320513416475 0.7872375249965597
0.3161036091745688 0.7872375249965597
0.3201440132149729 0.7872375249965597
0.3241844172553769 0.7872375249965597
0.32822482129578096 0.7872375249965597
0.33226522533618497 0.7872375249965597
0.33630562937658903 0.7872375249965597
0.34034603341699304 0.7872375249965597
0.3443864374573971 0.7872375249965597
0.3484268414978011 0.7872375249965597
0.3524672455382052 0.7872375249965597
0.35650764957860925 0.7872375249965597
0.36054805361901326 0.7872375249965597
0.3645884576594173 0.7872375249965597
0.36862886169982134 0.7872375249965597
0.3726692657402254 0.7872375249965597
0.3767096697806294 0.7872375249965597
0.38075007382103343 0.7872375249965597
0.3847904778614375 0.7872375249965597
0.38883088190184156 0.7872375249965597
0.3928712859422456 0.7872375249965597
0.39691168998264964 0.7872375249965597
0.40095209402305365 0.7872375249965597
0.4049924980634577 0.7872375249965597
0.40903290210386173 0.7872375249965597
0.4130733061442658 0.7872375249965597
0.4171137101846698 0.7872375249965597
0.4211541142250739 0.7872375249965597
0.42519451826547794 0.7872375249965597
0.42923492230588195 0.7872375249965597
0.43327532634628596 0.7872375249965597
0.43731573038669 0.7872375249965597
0.4413561344270941 0.7872375249965597
0.4453965384674981 0.7872375249965597
0.4494369425079021 0.7872375249965597
0.4534773465483062 0.7872375249965597
0.45751775058871025 0.7872375249965597
0.46155815462911426 0.7872375249965597
0.4655985586695183 0.7872375249965597
0.46963896270992234 0.7872375249965597
0.4736793667503264 0.7872375249965597
0.47771977079073047 0.7872375249965597
0.4817601748311345 0.7872375249965597
0.4858005788715385 0.7872375249965597
0.48984098291194256 0.7872375249965597
0.4938813869523466 0.7872375249965597
0.49792179099275063 0.7872375249965597
0.5019621950331546 0.7872375249965597
0.5060025990735587 0.7872375249965597
0.5100430031139628 0.7872375249965597
0.5140834071543667 0.7872375249965597
0.5181238111947708 0.7872375249965597
0.5221642152351749 0.7872375249965597
0.5262046192755789 0.7872375249965597
0.530245023315983 0.7872375249965597
0.5342854273563871 0.7872375249965597
0.538325831396791 0.7872375249965597
0.5423662354371951 0.7872375249965597
0.5464066394775992 0.7872375249965597
0.5504470435180031 0.7872375249965597
0.5544874475584072 0.7872375249965597
0.5585278515988112 0.7872375249965597
0.5625682556392153 0.7872375249965597
0.5666086596796194 0.7872375249965597
0.5706490637200234 0.7872375249965597
0.5746894677604274 0.7872375249965597
0.5787298718008315 0.7872375249965597
0.5827702758412354 0.7872375249965597
0.5868106798816395 0.7872375249965597
0.5908510839220436 0.7872375249965597
0.5948914879624476 0.7872375249965597
0.5989318920028517 0.7872375249965597
0.6029722960432558 0.7872375249965597
0.6070127000836597 0.7872375249965597
0.6110531041240638 0.7872375249965597
0.6231743162452759 0.7872375249965597
0.6272147202856799 0.7872375249965597
0.6393359324068921 0.7872375249965597
0.6433763364472961 0.7872375249965597
0.6474167404877001 0.7872375249965597
0.6514571445281041 0.7872375249965597
0.6554975485685082 0.7872375249965597
0.6595379526089122 0.7872375249965597
0.6635783566493163 0.7872375249965597
0.6676187606897204 0.7872375249965597
0.6716591647301244 0.7872375249965597
0.6756995687705284 0.7872375249965597
0.6797399728109325 0.7872375249965597
0.6837803768513364 0.7872375249965597
0.6878207808917405 0.7872375249965597
0.6918611849321445 0.7872375249965597
0.6959015889725486 0.7872375249965597
0.6999419930129527 0.7872375249965597
0.29994199301295266 0.7912779290369638
0.3039823970533567 0.7912779290369638
0.30802280109376073 0.7912779290369638
0.31206320513416475 0.7912779290369638
0.3161036091745688 0.7912779290369638
0.3201440132149729 0.7912779290369638
0.3241844172553769 0.7912779290369638
0.32822482129578096 0.7912779290369638
0.33226522533618497 0.7912779290369638
0.33630562937658903 0.7912779290369638
0.34034603341699304 0.7912779290369638
0.3443864374573971 0.7912779290369638
0.3484268414978011 0.7912779290369638
0.3524672455382052 0.7912779290369638
0.35650764957860925 0.7912779290369638
0.36054805361901326 0.7912779290369638
0.3645884576594173 0.7912779290369638
0.36862886169982134 0.7912779290369638
0.3726692657402254 0.7912779290369638
0.3767096697806294 0.7912779290369638
0.38075007382103343 0.7912779290369638
0.3847904778614375 0.7912779290369638
0.38883088190184156 0.7912779290369638
0.3928712859422456 0.7912779290369638
0.39691168998264964 0.7912779290369638
0.40095209402305365 0.7912779290369638
0.4049924980634577 0.7912779290369638
0.40903290210386173 0.7912779290369638
0.4130733061442658 0.7912779290369638
0.4171137101846698 0.7912779290369638
0.4211541142250739 0.7912779290369638
0.42519451826547794 0.7912779290369638
0.42923492230588195 0.7912779290369638
0.43327532634628596 0.7912779290369638
0.43731573038669 0.7912779290369638
0.4413561344270941 0.7912779290369638
0.4453965384674981 0.7912779290369638
0.4494369425079021 0.7912779290369638
0.4534773465483062 0.7912779290369638
0.45751775058871025 0.7912779290369638
0.46155815462911426 0.7912779290369638
0.4655985586695183 0.7912779290369638
0.46963896270992234 0.7912779290369638
0.4736793667503264 0.7912779290369638
0.47771977079073047 0.7912779290369638
0.4817601748311345 0.7912779290369638
0.4858005788715385 0.7912779290369638
0.48984098291194256 0.7912779290369638
0.4938813869523466 0.7912779290369638
0.49792179099275063 0.7912779290369638
0.5019621950331546 0.7912779290369638
0.5060025990735587 0.7912779290369638
0.5100430031139628 0.7912779290369638
0.5140834071543667 0.7912779290369638
0.5181238111947708 0.7912779290369638
0.5221642152351749 0.7912779290369638
0.5262046192755789 0.7912779290369638
0.530245023315983 0.7912779290369638
0.5342854273563871 0.7912779290369638
0.538325831396791 0.7912779290369638
0.5423662354371951 0.7912779290369638
0.5464066394775992 0.7912779290369638
0.5504470435180031 0.7912779290369638
0.5544874475584072 0.7912779290369638
0.5585278515988112 0.7912779290369638
0.5625682556392153 0.7912779290369638
0.5666086596796194 0.7912779290369638
0.5706490637200234 0.7912779290369638
0.5746894677604274 0.7912779290369638
0.5787298718008315 0.7912779290369638
0.5827702758412354 0.7912779290369638
0.5868106798816395 0.7912779290369638
0.5908510839220436 0.7912779290369638
0.5948914879624476 0.7912779290369638
0.5989318920028517 0.7912779290369638
0.6029722960432558 0.7912779290369638
0.6191339122048718 0.7912779290369638
0.6231743162452759 0.7912779290369638
0.6272147202856799 0.7912779290369638
0.631255124326084 0.7912779290369638
0.6352955283664881 0.7912779290369638
0.6393359324068921 0.7912779290369638
0.6433763364472961 0.7912779290369638
0.6474167404877001 0.7912779290369638
0.6514571445281041 0.7912779290369638
0.6554975485685082 0.7912779290369638
0.6595379526089122 0.7912779290369638
0.6635783566493163 0.7912779290369638
0.6676187606897204 0.7912779290369638
0.6716591647301244 0.7912779290369638
0.6756995687705284 0.7912779290369638
0.6797399728109325 0.7912779290369638
0.6837803768513364 0.7912779290369638
0.6878207808917405 0.7912779290369638
0.6918611849321445 0.7912779290369638
0.6959015889725486 0.7912779290369638
0.6999419930129527 0.7912779290369638
0.29994199301295266 0.7953183330773679
0.3039823970533567 0.7953183330773679
0.30802280109376073 0.7953183330773679
0.31206320513416475 0.7953183330773679
0.3161036091745688 0.7953183330773679
0.3201440132149729 0.7953183330773679
0.3241844172553769 0.7953183330773679
0.32822482129578096 0.7953183330773679
0.33226522533618497 0.7953183330773679
0.33630562937658903 0.7953183330773679
0.34034603341699304 0.7953183330773679
0.3443864374573971 0.7953183330773679
0.3484268414978011 0.7953183330773679
0.3524672455382052 0.7953183330773679
0.35650764957860925 0.7953183330773679
0.36054805361901326 0.7953183330773679
0.3645884576594173 0.7953183330773679
0.36862886169982134 0.7953183330773679
0.3726692657402254 0.7953183330773679
0.3767096697806294 0.7953183330773679
0.38075007382103343 0.7953183330773679
0.3847904778614375 0.7953183330773679
0.38883088190184156 0.7953183330773679
0.3928712859422456 0.7953183330773679
0.39691168998264964 0.7953183330773679
0.40095209402305365 0.7953183330773679
0.4049924980634577 0.7953183330773679
0.40903290210386173 0.7953183330773679
0.4130733061442658 0.7953183330773679
0.4171137101846698 0.7953183330773679
0.4211541142250739 0.7953183330773679
0.42519451826547794 0.7953183330773679
0.42923492230588195 0.7953183330773679
0.43327532634628596 0.7953183330773679
0.43731573038669 0.7953183330773679
0.4413561344270941 0.7953183330773679
0.4453965384674981 0.7953183330773679
0.4494369425079021 0.7953183330773679
0.4534773465483062 0.7953183330773679
0.45751775058871025 0.7953183330773679
0.46155815462911426 0.7953183330773679
0.4655985586695183 0.7953183330773679
0.46963896270992234 0.7953183330773679
0.4736793667503264 0.7953183330773679
0.47771977079073047 0.7953183330773679
0.4817601748311345 0.7953183330773679
0.4858005788715385 0.7953183330773679
0.48984098291194256 0.7953183330773679
0.4938813869523466 0.7953183330773679
0.49792179099275063 0.7953183330773679
0.5019621950331546 0.7953183330773679
0.5060025990735587 0.7953183330773679
0.5100430031139628 0.7953183330773679
0.5140834071543667 0.7953183330773679
0.5181238111947708 0.7953183330773679
0.5221642152351749 0.7953183330773679
0.5262046192755789 0.7953183330773679
0.530245023315983 0.7953183330773679
0.5342854273563871 0.7953183330773679
0.538325831396791 0.7953183330773679
0.5423662354371951 0.7953183330773679
0.5464066394775992 0.7953183330773679
0.5504470435180031 0.7953183330773679
0.5544874475584072 0.7953183330773679
0.5585278515988112 0.7953183330773679
0.5625682556392153 0.7953183330773679
0.5666086596796194 0.7953183330773679
0.5706490637200234 0.7953183330773679
0.5746894677604274 0.7953183330773679
0.5787298718008315 0.7953183330773679
0.5827702758412354 0.7953183330773679
0.5868106798816395 0.7953183330773679
0.5908510839220436 0.7953183330773679
0.5948914879624476 0.7953183330773679
0.5989318920028517 0.7953183330773679
0.6150935081644677 0.7953183330773679
0.6191339122048718 0.7953183330773679
0.6231743162452759 0.7953183330773679
0.6272147202856799 0.7953183330773679
0.631255124326084 0.7953183330773679
0.6352955283664881 0.7953183330773679
0.6393359324068921 0.7953183330773679
0.6433763364472961 0.7953183330773679
0.6474167404877001 0.7953183330773679
0.6514571445281041 0.7953183330773679
0.6554975485685082 0.7953183330773679
0.6595379526089122 0.7953183330773679
0.6635783566493163 0.7953183330773679
0.6676187606897204 0.7953183330773679
0.6716591647301244 0.7953183330773679
0.6756995687705284 0.7953183330773679
0.6797399728109325 0.7953183330773679
0.6837803768513364 0.7953183330773679
0.6878207808917405 0.7953183330773679
0.6918611849321445 0.7953183330773679
0.6959015889725486 0.7953183330773679
0.6999419930129527 0.7953183330773679
0.29994199301295266 0.799358737117772
0.3039823970533567 0.799358737117772
0.30802280109376073 0.799358737117772
0.31206320513416475 0.799358737117772
0.3161036091745688 0.799358737117772
0.3201440132149729 0.799358737117772
0.3241844172553769 0.799358737117772
0.32822482129578096 0.799358737117772
0.33226522533618497 0.799358737117772
0.33630562937658903 0.799358737117772
0.34034603341699304 0.799358737117772
0.3443864374573971 0.799358737117772
0.3484268414978011 0.799358737117772
0.3524672455382052 0.799358737117772
0.35650764957860925 0.799358737117772
0.36054805361901326 0.799358737117772
0.3645884576594173 0.799358737117772
0.36862886169982134 0.799358737117772
0.3726692657402254 0.799358737117772
0.3767096697806294 0.799358737117772
0.38075007382103343 0.799358737117772
0.3847904778614375 0.799358737117772
0.38883088190184156 0.799358737117772
0.3928712859422456 0.799358737117772
0.39691168998264964 0.799358737117772
0.40095209402305365 0.799358737117772
0.4049924980634577 0.799358737117772
0.40903290210386173 0.799358737117772
0.4130733061442658 0.799358737117772
0.4171137101846698 0.799358737117772
0.4211541142250739 0.799358737117772
0.42519451826547794 0.799358737117772
0.42923492230588195 0.799358737117772
0.43327532634628596 0.799358737117772
0.43731573038669 0.799358737117772
0.4413561344270941 0.799358737117772
0.4453965384674981 0.799358737117772
0.4494369425079021 0.799358737117772
0.4534773465483062 0.799358737117772
0.45751775058871025 0.799358737117772
0.46155815462911426 0.799358737117772
0.4655985586695183 0.799358737117772
0.46963896270992234 0.799358737117772
0.4736793667503264 0.799358737117772
0.47771977079073047 0.799358737117772
0.4817601748311345 0.799358737117772
0.4858005788715385 0.799358737117772
0.48984098291194256 0.799358737117772
0.4938813869523466 0.799358737117772
0.49792179099275063 0.799358737117772
0.5019621950331546 0.799358737117772
0.5060025990735587 0.799358737117772
0.5100430031139628 0.799358737117772
0.5140834071543667 0.799358737117772
0.5181238111947708 0.799358737117772
0.5221642152351749 0.799358737117772
0.5262046192755789 0.799358737117772
0.530245023315983 0.799358737117772
0.5342854273563871 0.799358737117772
0.538325831396791 0.799358737117772
0.5423662354371951 0.799358737117772
0.5464066394775992 0.799358737117772
0.5504470435180031 0.799358737117772
0.5544874475584072 0.799358737117772
0.5585278515988112 0.799358737117772
0.5625682556392153 0.799358737117772
0.5666086596796194 0.799358737117772
0.5706490637200234 0.799358737117772
0.5746894677604274 0.799358737117772
0.5787298718008315 0.799358737117772
0.5827702758412354 0.799358737117772
0.5868106798816395 0.799358737117772
0.5908510839220436 0.799358737117772
0.5948914879624476 0.799358737117772
0.6070127000836597 0.799358737117772
0.6110531041240638 0.799358737117772
0.6150935081644677 0.799358737117772
0.6191339122048718 0.799358737117772
0.6231743162452759 0.799358737117772
0.6272147202856799 0.799358737117772
0.631255124326084 0.799358737117772
0.6352955283664881 0.799358737117772
0.6393359324068921 0.799358737117772
0.6433763364472961 0.799358737117772
0.6474167404877001 0.799358737117772
0.6514571445281041 0.799358737117772
0.6554975485685082 0.799358737117772
0.6595379526089122 0.799358737117772
0.6635783566493163 0.799358737117772
0.6676187606897204 0.799358737117772
0.6716591647301244 0.799358737117772
0.6756995687705284 0.799358737117772
0.6797399728109325 0.799358737117772
0.6837803768513364 0.799358737117772
0.6878207808917405 0.799358737117772
0.6918611849321445 0.799358737117772
0.6959015889725486 0.799358737117772
0.6999419930129527 0.799358737117772
0.29994199301295266 0.803399141158176
0.3039823970533567 0.803399141158176
0.30802280109376073 0.803399141158176
0.31206320513416475 0.803399141158176
0.3161036091745688 0.803399141158176
0.3201440132149729 0.803399141158176
0.3241844172553769 0.803399141158176
0.32822482129578096 0.803399141158176
0.33226522533618497 0.803399141158176
0.33630562937658903 0.803399141158176
0.34034603341699304 0.803399141158176
0.3443864374573971 0.803399141158176
0.3484268414978011 0.803399141158176
0.3524672455382052 0.803399141158176
0.35650764957860925 0.803399141158176
0.36054805361901326 0.803399141158176
0.3645884576594173 0.803399141158176
0.36862886169982134 0.803399141158176
0.3726692657402254 0.803399141158176
0.3767096697806294 0.803399141158176
0.38075007382103343 0.803399141158176
0.3847904778614375 0.803399141158176
0.38883088190184156 0.803399141158176
0.3928712859422456 0.803399141158176
0.39691168998264964 0.803399141158176
0.40095209402305365 0.803399141158176
0.4049924980634577 0.803399141158176
0.40903290210386173 0.803399141158176
0.4130733061442658 0.803399141158176
0.4171137101846698 0.803399141158176
0.4211541142250739 0.803399141158176
0.42519451826547794 0.803399141158176
0.42923492230588195 0.803399141158176
0.43327532634628596 0.803399141158176
0.43731573038669 0.803399141158176
0.4413561344270941 0.803399141158176
0.4453965384674981 0.803399141158176
0.4494369425079021 0.803399141158176
0.4534773465483062 0.803399141158176
0.45751775058871025 0.803399141158176
0.46155815462911426 0.803399141158176
0.4655985586695183 0.803399141158176
0.46963896270992234 0.803399141158176
0.4736793667503264 0.803399141158176
0.47771977079073047 0.803399141158176
0.4817601748311345 0.803399141158176
0.4858005788715385 0.803399141158176
0.48984098291194256 0.803399141158176
0.4938813869523466 0.803399141158176
0.49792179099275063 0.803399141158176
0.5019621950331546 0.803399141158176
0.5060025990735587 0.803399141158176
0.5100430031139628 0.803399141158176
0.5140834071543667 0.803399141158176
0.5181238111947708 0.803399141158176
0.5221642152351749 0.803399141158176
0.5262046192755789 0.803399141158176
0.530245023315983 0.803399141158176
0.5342854273563871 0.803399141158176
0.538325831396791 0.803399141158176
0.5423662354371951 0.803399141158176
0.5464066394775992 0.803399141158176
0.5504470435180031 0.803399141158176
0.5544874475584072 0.803399141158176
0.5585278515988112 0.803399141158176
0.5625682556392153 0.803399141158176
0.5666086596796194 0.803399141158176
0.5706490637200234 0.803399141158176
0.5746894677604274 0.803399141158176
0.5787298718008315 0.803399141158176
0.5827702758412354 0.803399141158176
0.5868106798816395 0.803399141158176
0.6029722960432558 0.803399141158176
0.6070127000836597 0.803399141158176
0.6110531041240638 0.803399141158176
0.6150935081644677 0.803399141158176
0.6191339122048718 0.803399141158176
0.6231743162452759 0.803399141158176
0.6272147202856799 0.803399141158176
0.631255124326084 0.803399141158176
0.6352955283664881 0.803399141158176
0.6393359324068921 0.803399141158176
0.6433763364472961 0.803399141158176
0.6474167404877001 0.803399141158176
0.6514571445281041 0.803399141158176
0.6554975485685082 0.803399141158176
0.6595379526089122 0.803399141158176
0.6635783566493163 0.803399141158176
0.6676187606897204 0.803399141158176
0.6716591647301244 0.803399141158176
0.6756995687705284 0.803399141158176
0.6797399728109325 0.803399141158176
0.6837803768513364 0.803399141158176
0.6878207808917405 0.803399141158176
0.6918611849321445 0.803399141158176
0.6959015889725486 0.803399141158176
0.6999419930129527 0.803399141158176
0.29994199301295266 0.80743954519858
0.3039823970533567 0.80743954519858
0.30802280109376073 0.80743954519858
0.31206320513416475 0.80743954519858
0.3161036091745688 0.80743954519858
0.3201440132149729 0.80743954519858
0.3241844172553769 0.80743954519858
0.32822482129578096 0.80743954519858
0.33226522533618497 0.80743954519858
0.33630562937658903 0.80743954519858
0.34034603341699304 0.80743954519858
0.3443864374573971 0.80743954519858
0.3484268414978011 0.80743954519858
0.3524672455382052 0.80743954519858
0.35650764957860925 0.80743954519858
0.36054805361901326 0.80743954519858
0.3645884576594173 0.80743954519858
0.36862886169982134 0.80743954519858
0.3726692657402254 0.80743954519858
0.3767096697806294 0.80743954519858
0.38075007382103343 0.80743954519858
0.3847904778614375 0.80743954519858
0.38883088190184156 0.80743954519858
0.3928712859422456 0.80743954519858
0.39691168998264964 0.80743954519858
0.40095209402305365 0.80743954519858
0.4049924980634577 0.80743954519858
0.40903290210386173 0.80743954519858
0.4130733061442658 0.80743954519858
0.4171137101846698 0.80743954519858
0.4211541142250739 0.80743954519858
0.42519451826547794 0.80743954519858
0.42923492230588195 0.80743954519858
0.43327532634628596 0.80743954519858
0.43731573038669 0.80743954519858
0.4413561344270941 0.80743954519858
0.4453965384674981 0.80743954519858
0.4494369425079021 0.80743954519858
0.4534773465483062 0.80743954519858
0.45751775058871025 0.80743954519858
0.46155815462911426 0.80743954519858
0.4655985586695183 0.80743954519858
0.46963896270992234 0.80743954519858
0.4736793667503264 0.80743954519858
0.47771977079073047 0.80743954519858
0.4817601748311345 0.80743954519858
0.4858005788715385 0.80743954519858
0.48984098291194256 0.80743954519858
0.4938813869523466 0.80743954519858
0.49792179099275063 0.80743954519858
0.5019621950331546 0.80743954519858
0.5060025990735587 0.80743954519858
0.5100430031139628 0.80743954519858
0.5140834071543667 0.80743954519858
0.5181238111947708 0.80743954519858
0.5221642152351749 0.80743954519858
0.5262046192755789 0.80743954519858
0.530245023315983 0.80743954519858
0.5342854273563871 0.80743954519858
0.538325831396791 0.80743954519858
0.5423662354371951 0.80743954519858
0.5464066394775992 0.80743954519858
0.5504470435180031 0.80743954519858
0.5544874475584072 0.80743954519858
0.5585278515988112 0.80743954519858
0.5625682556392153 0.80743954519858
0.5666086596796194 0.80743954519858
0.5706490637200234 0.80743954519858
0.5746894677604274 0.80743954519858
0.5787298718008315 0.80743954519858
0.5827702758412354 0.80743954519858
0.5989318920028517 0.80743954519858
0.6029722960432558 0.80743954519858
0.6070127000836597 0.80743954519858
0.6110531041240638 0.80743954519858
0.6150935081644677 0.80743954519858
0.6191339122048718 0.80743954519858
0.6231743162452759 0.80743954519858
0.6272147202856799 0.80743954519858
0.631255124326084 0.80743954519858
0.6352955283664881 0.80743954519858
0.6393359324068921 0.80743954519858
0.6433763364472961 0.80743954519858
0.6474167404877001 0.80743954519858
0.6514571445281041 0.80743954519858
0.6554975485685082 0.80743954519858
0.6595379526089122 0.80743954519858
0.6635783566493163 0.80743954519858
0.6676187606897204 0.80743954519858
0.6716591647301244 0.80743954519858
0.6756995687705284 0.80743954519858
0.6797399728109325 0.80743954519858
0.6837803768513364 0.80743954519858
0.6878207808917405 0.80743954519858
0.6918611849321445 0.80743954519858
0.6959015889725486 0.80743954519858
0.6999419930129527 0.80743954519858
0.29994199301295266 0.811479949238984
0.3039823970533567 0.811479949238984
0.30802280109376073 0.811479949238984
0.31206320513416475 0.811479949238984
0.3161036091745688 0.811479949238984
0.3201440132149729 0.811479949238984
0.3241844172553769 0.811479949238984
0.32822482129578096 0.811479949238984
0.33226522533618497 0.811479949238984
0.33630562937658903 0.811479949238984
0.34034603341699304 0.811479949238984
0.3443864374573971 0.811479949238984
0.3484268414978011 0.811479949238984
0.3524672455382052 0.811479949238984
0.35650764957860925 0.811479949238984
0.36054805361901326 0.811479949238984
0.3645884576594173 0.811479949238984
0.36862886169982134 0.811479949238984
0.3726692657402254 0.811479949238984
0.3767096697806294 0.811479949238984
0.38075007382103343 0.811479949238984
0.3847904778614375 0.811479949238984
0.38883088190184156 0.811479949238984
0.3928712859422456 0.811479949238984
0.39691168998264964 0.811479949238984
0.40095209402305365 0.811479949238984
0.4049924980634577 0.811479949238984
0.40903290210386173 0.811479949238984
0.4130733061442658 0.811479949238984
0.4171137101846698 0.811479949238984
0.4211541142250739 0.811479949238984
0.42519451826547794 0.811479949238984
0.42923492230588195 0.811479949238984
0.43327532634628596 0.811479949238984
0.43731573038669 0.811479949238984
0.4413561344270941 0.811479949238984
0.4453965384674981 0.811479949238984
0.4494369425079021 0.811479949238984
0.4534773465483062 0.811479949238984
0.45751775058871025 0.811479949238984
0.46155815462911426 0.811479949238984
0.4655985586695183 0.811479949238984
0.46963896270992234 0.811479949238984
0.4736793667503264 0.811479949238984
0.47771977079073047 0.811479949238984
0.4817601748311345 0.811479949238984
0.4858005788715385 0.811479949238984
0.48984098291194256 0.811479949238984
0.4938813869523466 0.811479949238984
0.49792179099275063 0.811479949238984
0.5019621950331546 0.811479949238984
0.5060025990735587 0.811479949238984
0.5100430031139628 0.811479949238984
0.5140834071543667 0.811479949238984
0.5181238111947708 0.811479949238984
0.5221642152351749 0.811479949238984
0.5262046192755789 0.811479949238984
0.530245023315983 0.811479949238984
0.5342854273563871 0.811479949238984
0.538325831396791 0.811479949238984
0.5423662354371951 0.811479949238984
0.5464066394775992 0.811479949238984
0.5504470435180031 0.811479949238984
0.5544874475584072 0.811479949238984
0.5585278515988112 0.811479949238984
0.5625682556392153 0.811479949238984
0.5666086596796194 0.811479949238984
0.5706490637200234 0.811479949238984
0.5746894677604274 0.811479949238984
0.5787298718008315 0.811479949238984
0.5908510839220436 0.811479949238984
0.5948914879624476 0.811479949238984
0.5989318920028517 0.811479949238984
0.6029722960432558 0.811479949238984
0.6070127000836597 0.811479949238984
0.6110531041240638 0.811479949238984
0.6150935081644677 0.811479949238984
0.6191339122048718 0.811479949238984
0.6231743162452759 0.811479949238984
0.6272147202856799 0.811479949238984
0.631255124326084 0.811479949238984
0.6352955283664881 0.811479949238984
0.6393359324068921 0.811479949238984
0.6433763364472961 0.811479949238984
0.6474167404877001 0.811479949238984
0.6514571445281041 0.811479949238984
0.6554975485685082 0.811479949238984
0.6595379526089122 0.811479949238984
0.6635783566493163 0.811479949238984
0.6676187606897204 0.811479949238984
0.6716591647301244 0.811479949238984
0.6756995687705284 0.811479949238984
0.6797399728109325 0.811479949238984
0.6837803768513364 0.811479949238984
0.6878207808917405 0.811479949238984
0.6918611849321445 0.811479949238984
0.6959015889725486 0.811479949238984
0.6999419930129527 0.811479949238984
0.29994199301295266 0.8155203532793881
0.3039823970533567 0.8155203532793881
0.30802280109376073 0.8155203532793881
0.31206320513416475 0.8155203532793881
0.3161036091745688 0.8155203532793881
0.3201440132149729 0.8155203532793881
0.3241844172553769 0.8155203532793881
0.32822482129578096 0.8155203532793881
0.33226522533618497 0.8155203532793881
0.33630562937658903 0.8155203532793881
0.34034603341699304 0.8155203532793881
0.3443864374573971 0.8155203532793881
0.3484268414978011 0.8155203532793881
0.3524672455382052 0.8155203532793881
0.35650764957860925 0.8155203532793881
0.36054805361901326 0.8155203532793881
0.3645884576594173 0.8155203532793881
0.36862886169982134 0.8155203532793881
0.3726692657402254 0.8155203532793881
0.3767096697806294 0.8155203532793881
0.38075007382103343 0.8155203532793881
0.3847904778614375 0.8155203532793881
0.38883088190184156 0.8155203532793881
0.3928712859422456 0.8155203532793881
0.39691168998264964 0.8155203532793881
0.40095209402305365 0.8155203532793881
0.4049924980634577 0.8155203532793881
0.40903290210386173 0.8155203532793881
0.4130733061442658 0.8155203532793881
0.4171137101846698 0.8155203532793881
0.4211541142250739 0.8155203532793881
0.42519451826547794 0.8155203532793881
0.42923492230588195 0.8155203532793881
0.43327532634628596 0.8155203532793881
0.43731573038669 0.8155203532793881
0.4413561344270941 0.8155203532793881
0.4453965384674981 0.8155203532793881
0.4494369425079021 0.8155203532793881
0.4534773465483062 0.8155203532793881
0.45751775058871025 0.8155203532793881
0.46155815462911426 0.8155203532793881
0.4655985586695183 0.8155203532793881
0.46963896270992234 0.8155203532793881
0.4736793667503264 0.8155203532793881
0.47771977079073047 0.8155203532793881
0.4817601748311345 0.8155203532793881
0.4858005788715385 0.8155203532793881
0.48984098291194256 0.8155203532793881
0.4938813869523466 0.8155203532793881
0.49792179099275063 0.8155203532793881
0.5019621950331546 0.8155203532793881
0.5060025990735587 0.8155203532793881
0.5100430031139628 0.8155203532793881
0.5140834071543667 0.8155203532793881
0.5181238111947708 0.8155203532793881
0.5221642152351749 0.8155203532793881
0.5262046192755789 0.8155203532793881
0.530245023315983 0.8155203532793881
0.5342854273563871 0.8155203532793881
0.538325831396791 0.8155203532793881
0.5423662354371951 0.8155203532793881
0.5464066394775992 0.8155203532793881
0.5504470435180031 0.8155203532793881
0.5544874475584072 0.8155203532793881
0.5585278515988112 0.8155203532793881
0.5625682556392153 0.8155203532793881
0.5666086596796194 0.8155203532793881
0.5706490637200234 0.8155203532793881
0.5868106798816395 0.8155203532793881
0.5908510839220436 0.8155203532793881
0.5948914879624476 0.8155203532793881
0.5989318920028517 0.8155203532793881
0.6029722960432558 0.8155203532793881
0.6070127000836597 0.8155203532793881
0.6110531041240638 0.8155203532793881
0.6150935081644677 0.8155203532793881
0.6191339122048718 0.8155203532793881
0.6231743162452759 0.8155203532793881
0.6272147202856799 0.8155203532793881
0.631255124326084 0.8155203532793881
0.6352955283664881 0.8155203532793881
0.6393359324068921 0.8155203532793881
0.6433763364472961 0.8155203532793881
0.6474167404877001 0.8155203532793881
0.6514571445281041 0.8155203532793881
0.6554975485685082 0.8155203532793881
0.6595379526089122 0.8155203532793881
0.6635783566493163 0.8155203532793881
0.6676187606897204 0.8155203532793881
0.6716591647301244 0.8155203532793881
0.6756995687705284 0.8155203532793881
0.6797399728109325 0.8155203532793881
0.6837803768513364 0.8155203532793881
0.6878207808917405 0.8155203532793881
0.6918611849321445 0.8155203532793881
0.6959015889725486 0.8155203532793881
0.6999419930129527 0.8155203532793881
0.29994199301295266 0.819560757319792
0.3039823970533567 0.819560757319792
0.30802280109376073 0.819560757319792
0.31206320513416475 0.819560757319792
0.3161036091745688 0.819560757319792
0.3201440132149729 0.819560757319792
0.3241844172553769 0.819560757319792
0.32822482129578096 0.819560757319792
0.33226522533618497 0.819560757319792
0.33630562937658903 0.819560757319792
0.34034603341699304 0.819560757319792
0.3443864374573971 0.819560757319792
0.3484268414978011 0.819560757319792
0.3524672455382052 0.819560757319792
0.35650764957860925 0.819560757319792
0.36054805361901326 0.819560757319792
0.3645884576594173 0.819560757319792
0.36862886169982134 0.819560757319792
0.3726692657402254 0.819560757319792
0.3767096697806294 0.819560757319792
0.38075007382103343 0.819560757319792
0.3847904778614375 0.819560757319792
0.38883088190184156 0.819560757319792
0.3928712859422456 0.819560757319792
0.39691168998264964 0.819560757319792
0.40095209402305365 0.819560757319792
0.4049924980634577 0.819560757319792
0.40903290210386173 0.819560757319792
0.4130733061442658 0.819560757319792
0.4171137101846698 0.819560757319792
0.4211541142250739 0.819560757319792
0.42519451826547794 0.819560757319792
0.42923492230588195 0.819560757319792
0.43327532634628596 0.819560757319792
0.43731573038669 0.819560757319792
0.4413561344270941 0.819560757319792
0.4453965384674981 0.819560757319792
0.4494369425079021 0.819560757319792
0.4534773465483062 0.819560757319792
0.45751775058871025 0.819560757319792
0.46155815462911426 0.819560757319792
0.4655985586695183 0.819560757319792
0.46963896270992234 0.819560757319792
0.4736793667503264 0.819560757319792
0.47771977079073047 0.819560757319792
0.4817601748311345 0.819560757319792
0.4858005788715385 0.819560757319792
0.48984098291194256 0.819560757319792
0.4938813869523466 0.819560757319792
0.49792179099275063 0.819560757319792
0.5019621950331546 0.819560757319792
0.5060025990735587 0.819560757319792
0.5100430031139628 0.819560757319792
0.5140834071543667 0.819560757319792
0.5181238111947708 0.819560757319792
0.5221642152351749 0.819560757319792
0.5262046192755789 0.819560757319792
0.530245023315983 0.819560757319792
0.5342854273563871 0.819560757319792
0.538325831396791 0.819560757319792
0.5423662354371951 0.819560757319792
0.5464066394775992 0.819560757319792
0.5504470435180031 0.819560757319792
0.5544874475584072 0.819560757319792
0.5585278515988112 0.819560757319792
0.5625682556392153 0.819560757319792
0.5666086596796194 0.819560757319792
0.5787298718008315 0.819560757319792
0.5827702758412354 0.819560757319792
0.5868106798816395 0.819560757319792
0.5908510839220436 0.819560757319792
0.5948914879624476 0.819560757319792
0.5989318920028517 0.819560757319792
0.6029722960432558 0.819560757319792
0.6070127000836597 0.819560757319792
0.6110531041240638 0.819560757319792
0.6150935081644677 0.819560757319792
0.6191339122048718 0.819560757319792
0.6231743162452759 0.819560757319792
0.6272147202856799 0.819560757319792
0.631255124326084 0.819560757319792
0.6352955283664881 0.819560757319792
0.6393359324068921 0.819560757319792
0.6433763364472961 0.819560757319792
0.6474167404877001 0.819560757319792
0.6514571445281041 0.819560757319792
0.6554975485685082 0.819560757319792
0.6595379526089122 0.819560757319792
0.6635783566493163 0.819560757319792
0.6676187606897204 0.819560757319792
0.6716591647301244 0.819560757319792
0.6756995687705284 0.819560757319792
0.6797399728109325 0.819560757319792
0.6837803768513364 0.819560757319792
0.6878207808917405 0.819560757319792
0.6918611849321445 0.819560757319792
0.6959015889725486 0.819560757319792
0.6999419930129527 0.819560757319792
0.29994199301295266 0.8236011613601961
0.3039823970533567 0.8236011613601961
0.30802280109376073 0.8236011613601961
0.31206320513416475 0.8236011613601961
0.3161036091745688 0.8236011613601961
0.3201440132149729 0.8236011613601961
0.3241844172553769 0.8236011613601961
0.32822482129578096 0.8236011613601961
0.33226522533618497 0.8236011613601961
0.33630562937658903 0.8236011613601961
0.34034603341699304 0.8236011613601961
0.3443864374573971 0.8236011613601961
0.3484268414978011 0.8236011613601961
0.3524672455382052 0.8236011613601961
0.35650764957860925 0.8236011613601961
0.36054805361901326 0.8236011613601961
0.3645884576594173 0.8236011613601961
0.36862886169982134 0.8236011613601961
0.3726692657402254 0.8236011613601961
0.3767096697806294 0.8236011613601961
0.38075007382103343 0.8236011613601961
0.3847904778614375 0.8236011613601961
0.38883088190184156 0.8236011613601961
0.3928712859422456 0.8236011613601961
0.39691168998264964 0.8236011613601961
0.40095209402305365 0.8236011613601961
0.4049924980634577 0.8236011613601961
0.40903290210386173 0.8236011613601961
0.4130733061442658 0.8236011613601961
0.4171137101846698 0.8236011613601961
0.4211541142250739 0.8236011613601961
0.42519451826547794 0.8236011613601961
0.42923492230588195 0.8236011613601961
0.43327532634628596 0.8236011613601961
0.43731573038669 0.8236011613601961
0.4413561344270941 0.8236011613601961
0.4453965384674981 0.8236011613601961
0.4494369425079021 0.8236011613601961
0.4534773465483062 0.8236011613601961
0.45751775058871025 0.8236011613601961
0.46155815462911426 0.8236011613601961
0.4655985586695183 0.8236011613601961
0.46963896270992234 0.8236011613601961
0.4736793667503264 0.8236011613601961
0.47771977079073047 0.8236011613601961
0.4817601748311345 0.8236011613601961
0.4858005788715385 0.8236011613601961
0.48984098291194256 0.8236011613601961
0.4938813869523466 0.8236011613601961
0.49792179099275063 0.8236011613601961
0.5019621950331546 0.8236011613601961
0.5060025990735587 0.8236011613601961
0.5100430031139628 0.8236011613601961
0.5140834071543667 0.8236011613601961
0.5181238111947708 0.8236011613601961
0.5221642152351749 0.8236011613601961
0.5262046192755789 0.8236011613601961
0.530245023315983 0.8236011613601961
0.5342854273563871 0.8236011613601961
0.538325831396791 0.8236011613601961
0.5423662354371951 0.8236011613601961
0.5464066394775992 0.8236011613601961
0.5504470435180031 0.8236011613601961
0.5544874475584072 0.8236011613601961
0.5585278515988112 0.8236011613601961
0.5746894677604274 0.8236011613601961
0.5787298718008315 0.8236011613601961
0.5827702758412354 0.8236011613601961
0.5868106798816395 0.8236011613601961
0.5908510839220436 0.8236011613601961
0.5948914879624476 0.8236011613601961
0.5989318920028517 0.8236011613601961
0.6029722960432558 0.8236011613601961
0.6070127000836597 0.8236011613601961
0.6110531041240638 0.8236011613601961
0.6150935081644677 0.8236011613601961
0.6191339122048718 0.8236011613601961
0.6231743162452759 0.8236011613601961
0.6272147202856799 0.8236011613601961
0.631255124326084 0.8236011613601961
0.6352955283664881 0.8236011613601961
0.6393359324068921 0.8236011613601961
0.6433763364472961 0.8236011613601961
0.6474167404877001 0.8236011613601961
0.6514571445281041 0.8236011613601961
0.6554975485685082 0.8236011613601961
0.6595379526089122 0.8236011613601961
0.6635783566493163 0.8236011613601961
0.6676187606897204 0.8236011613601961
0.6716591647301244 0.8236011613601961
0.6756995687705284 0.8236011613601961
0.6797399728109325 0.8236011613601961
0.6837803768513364 0.8236011613601961
0.6878207808917405 0.8236011613601961
0.6918611849321445 0.8236011613601961
0.6959015889725486 0.8236011613601961
0.6999419930129527 0.8236011613601961
0.29994199301295266 0.8276415654006002
0.3039823970533567 0.8276415654006002
0.30802280109376073 0.8276415654006002
0.31206320513416475 0.8276415654006002
0.3161036091745688 0.8276415654006002
0.3201440132149729 0.8276415654006002
0.3241844172553769 0.8276415654006002
0.32822482129578096 0.8276415654006002
0.33226522533618497 0.8276415654006002
0.33630562937658903 0.8276415654006002
0.34034603341699304 0.8276415654006002
0.3443864374573971 0.8276415654006002
0.3484268414978011 0.8276415654006002
0.3524672455382052 0.8276415654006002
0.35650764957860925 0.8276415654006002
0.36054805361901326 0.8276415654006002
0.3645884576594173 0.8276415654006002
0.36862886169982134 0.8276415654006002
0.3726692657402254 0.8276415654006002
0.3767096697806294 0.8276415654006002
0.38075007382103343 0.8276415654006002
0.3847904778614375 0.8276415654006002
0.38883088190184156 0.8276415654006002
0.3928712859422456 0.8276415654006002
0.39691168998264964 0.8276415654006002
0.40095209402305365 0.8276415654006002
0.4049924980634577 0.8276415654006002
0.40903290210386173 0.8276415654006002
0.4130733061442658 0.8276415654006002
0.4171137101846698 0.8276415654006002
0.4211541142250739 0.8276415654006002
0.42519451826547794 0.8276415654006002
0.42923492230588195 0.8276415654006002
0.43327532634628596 0.8276415654006002
0.43731573038669 0.8276415654006002
0.4413561344270941 0.8276415654006002
0.4453965384674981 0.8276415654006002
0.4494369425079021 0.8276415654006002
0.4534773465483062 0.8276415654006002
0.45751775058871025 0.8276415654006002
0.46155815462911426 0.8276415654006002
0.4655985586695183 0.8276415654006002
0.46963896270992234 0.8276415654006002
0.4736793667503264 0.8276415654006002
0.47771977079073047 0.8276415654006002
0.4817601748311345 0.8276415654006002
0.4858005788715385 0.8276415654006002
0.48984098291194256 0.8276415654006002
0.4938813869523466 0.8276415654006002
0.49792179099275063 0.8276415654006002
0.5019621950331546 0.8276415654006002
0.5060025990735587 0.8276415654006002
0.5100430031139628 0.8276415654006002
0.5140834071543667 0.8276415654006002
0.5181238111947708 0.8276415654006002
0.5221642152351749 0.8276415654006002
0.5262046192755789 0.8276415654006002
0.530245023315983 0.8276415654006002
0.5342854273563871 0.8276415654006002
0.538325831396791 0.8276415654006002
0.5423662354371951 0.8276415654006002
0.5464066394775992 0.8276415654006002
0.5504470435180031 0.8276415654006002
0.5544874475584072 0.8276415654006002
0.5706490637200234 0.8276415654006002
0.5746894677604274 0.8276415654006002
0.5827702758412354 0.8276415654006002
0.5868106798816395 0.8276415654006002
0.5908510839220436 0.8276415654006002
0.5948914879624476 0.8276415654006002
0.5989318920028517 0.8276415654006002
0.6029722960432558 0.8276415654006002
0.6070127000836597 0.8276415654006002
0.6110531041240638 0.8276415654006002
0.6150935081644677 0.8276415654006002
0.6191339122048718 0.8276415654006002
0.6231743162452759 0.8276415654006002
0.6272147202856799 0.8276415654006002
0.631255124326084 0.8276415654006002
0.6352955283664881 0.8276415654006002
0.6393359324068921 0.8276415654006002
0.6433763364472961 0.8276415654006002
0.6474167404877001 0.8276415654006002
0.6514571445281041 0.8276415654006002
0.6554975485685082 0.8276415654006002
0.6595379526089122 0.8276415654006002
0.6635783566493163 0.8276415654006002
0.6676187606897204 0.8276415654006002
0.6716591647301244 0.8276415654006002
0.6756995687705284 0.8276415654006002
0.6797399728109325 0.8276415654006002
0.6837803768513364 0.8276415654006002
0.6878207808917405 0.8276415654006002
0.6918611849321445 0.8276415654006002
0.6959015889725486 0.8276415654006002
0.6999419930129527 0.8276415654006002
0.29994199301295266 0.8316819694410043
0.3039823970533567 0.8316819694410043
0.30802280109376073 0.8316819694410043
0.31206320513416475 0.8316819694410043
0.3161036091745688 0.8316819694410043
0.3201440132149729 0.8316819694410043
0.3241844172553769 0.8316819694410043
0.32822482129578096 0.8316819694410043
0.33226522533618497 0.8316819694410043
0.33630562937658903 0.8316819694410043
0.34034603341699304 0.8316819694410043
0.3443864374573971 0.8316819694410043
0.3484268414978011 0.8316819694410043
0.3524672455382052 0.8316819694410043
0.35650764957860925 0.8316819694410043
0.36054805361901326 0.8316819694410043
0.3645884576594173 0.8316819694410043
0.36862886169982134 0.8316819694410043
0.3726692657402254 0.8316819694410043
0.3767096697806294 0.8316819694410043
0.38075007382103343 0.8316819694410043
0.3847904778614375 0.8316819694410043
0.38883088190184156 0.8316819694410043
0.3928712859422456 0.8316819694410043
0.39691168998264964 0.8316819694410043
0.40095209402305365 0.8316819694410043
0.4049924980634577 0.8316819694410043
0.40903290210386173 0.8316819694410043
0.4130733061442658 0.8316819694410043
0.4171137101846698 0.8316819694410043
0.4211541142250739 0.8316819694410043
0.42519451826547794 0.8316819694410043
0.42923492230588195 0.8316819694410043
0.43327532634628596 0.8316819694410043
0.43731573038669 0.8316819694410043
0.4413561344270941 0.8316819694410043
0.4453965384674981 0.8316819694410043
0.4494369425079021 0.8316819694410043
0.4534773465483062 0.8316819694410043
0.45751775058871025 0.8316819694410043
0.46155815462911426 0.8316819694410043
0.4655985586695183 0.8316819694410043
0.46963896270992234 0.8316819694410043
0.4736793667503264 0.8316819694410043
0.47771977079073047 0.8316819694410043
0.4817601748311345 0.8316819694410043
0.4858005788715385 0.8316819694410043
0.48984098291194256 0.8316819694410043
0.4938813869523466 0.8316819694410043
0.49792179099275063 0.8316819694410043
0.5019621950331546 0.8316819694410043
0.5060025990735587 0.8316819694410043
0.5100430031139628 0.8316819694410043
0.5140834071543667 0.8316819694410043
0.5181238111947708 0.8316819694410043
0.5221642152351749 0.8316819694410043
0.5262046192755789 0.8316819694410043
0.530245023315983 0.8316819694410043
0.5342854273563871 0.8316819694410043
0.538325831396791 0.8316819694410043
0.5423662354371951 0.8316819694410043
0.5464066394775992 0.8316819694410043
0.5625682556392153 0.8316819694410043
0.5666086596796194 0.8316819694410043
0.5706490637200234 0.8316819694410043
0.5787298718008315 0.8316819694410043
0.5827702758412354 0.8316819694410043
0.5868106798816395 0.8316819694410043
0.5908510839220436 0.8316819694410043
0.5948914879624476 0.8316819694410043
0.5989318920028517 0.8316819694410043
0.6029722960432558 0.8316819694410043
0.6070127000836597 0.8316819694410043
0.6110531041240638 0.8316819694410043
0.6150935081644677 0.8316819694410043
0.6191339122048718 0.8316819694410043
0.6231743162452759 0.8316819694410043
0.6272147202856799 0.8316819694410043
0.631255124326084 0.8316819694410043
0.6352955283664881 0.8316819694410043
0.6393359324068921 0.8316819694410043
0.6433763364472961 0.8316819694410043
0.6474167404877001 0.8316819694410043
0.6514571445281041 0.8316819694410043
0.6554975485685082 0.8316819694410043
0.6595379526089122 0.8316819694410043
0.6635783566493163 0.8316819694410043
0.6676187606897204 0.8316819694410043
0.6716591647301244 0.8316819694410043
0.6756995687705284 0.8316819694410043
0.6797399728109325 0.8316819694410043
0.6837803768513364 0.8316819694410043
0.6878207808917405 0.8316819694410043
0.6918611849321445 0.8316819694410043
0.6959015889725486 0.8316819694410043
0.6999419930129527 0.8316819694410043
0.29994199301295266 0.8357223734814083
0.3039823970533567 0.8357223734814083
0.30802280109376073 0.8357223734814083
0.31206320513416475 0.8357223734814083
0.3161036091745688 0.8357223734814083
0.3201440132149729 0.8357223734814083
0.3241844172553769 0.8357223734814083
0.32822482129578096 0.8357223734814083
0.33226522533618497 0.8357223734814083
0.33630562937658903 0.8357223734814083
0.34034603341699304 0.8357223734814083
0.3443864374573971 0.8357223734814083
0.3484268414978011 0.8357223734814083
0.3524672455382052 0.8357223734814083
0.35650764957860925 0.8357223734814083
0.36054805361901326 0.8357223734814083
0.3645884576594173 0.8357223734814083
0.36862886169982134 0.8357223734814083
0.3726692657402254 0.8357223734814083
0.3767096697806294 0.8357223734814083
0.38075007382103343 0.8357223734814083
0.3847904778614375 0.8357223734814083
0.38883088190184156 0.8357223734814083
0.3928712859422456 0.8357223734814083
0.39691168998264964 0.8357223734814083
0.40095209402305365 0.8357223734814083
0.4049924980634577 0.8357223734814083
0.40903290210386173 0.8357223734814083
0.4130733061442658 0.8357223734814083
0.4171137101846698 0.8357223734814083
0.4211541142250739 0.8357223734814083
0.42519451826547794 0.8357223734814083
0.42923492230588195 0.8357223734814083
0.43327532634628596 0.8357223734814083
0.43731573038669 0.8357223734814083
0.4413561344270941 0.8357223734814083
0.4453965384674981 0.8357223734814083
0.4494369425079021 0.8357223734814083
0.4534773465483062 0.8357223734814083
0.45751775058871025 0.8357223734814083
0.46155815462911426 0.8357223734814083
0.4655985586695183 0.8357223734814083
0.46963896270992234 0.8357223734814083
0.4736793667503264 0.8357223734814083
0.47771977079073047 0.8357223734814083
0.4817601748311345 0.8357223734814083
0.4858005788715385 0.8357223734814083
0.48984098291194256 0.8357223734814083
0.4938813869523466 0.8357223734814083
0.49792179099275063 0.8357223734814083
0.5019621950331546 0.8357223734814083
0.5060025990735587 0.8357223734814083
0.5100430031139628 0.8357223734814083
0.5140834071543667 0.8357223734814083
0.5181238111947708 0.8357223734814083
0.5221642152351749 0.8357223734814083
0.5262046192755789 0.8357223734814083
0.530245023315983 0.8357223734814083
0.5342854273563871 0.8357223734814083
0.538325831396791 0.8357223734814083
0.5423662354371951 0.8357223734814083
0.5585278515988112 0.8357223734814083
0.5625682556392153 0.8357223734814083
0.5666086596796194 0.8357223734814083
0.5706490637200234 0.8357223734814083
0.5746894677604274 0.8357223734814083
0.5787298718008315 0.8357223734814083
0.5827702758412354 0.8357223734814083
0.5868106798816395 0.8357223734814083
0.5908510839220436 0.8357223734814083
0.5948914879624476 0.8357223734814083
0.5989318920028517 0.8357223734814083
0.6029722960432558 0.8357223734814083
0.6070127000836597 0.8357223734814083
0.6110531041240638 0.8357223734814083
0.6150935081644677 0.8357223734814083
0.6191339122048718 0.8357223734814083
0.6231743162452759 0.8357223734814083
0.6272147202856799 0.8357223734814083
0.631255124326084 0.8357223734814083
0.6352955283664881 0.8357223734814083
0.6393359324068921 0.8357223734814083
0.6433763364472961 0.8357223734814083
0.6474167404877001 0.8357223734814083
0.6514571445281041 0.8357223734814083
0.6554975485685082 0.8357223734814083
0.6595379526089122 0.8357223734814083
0.6635783566493163 0.8357223734814083
0.6676187606897204 0.8357223734814083
0.6716591647301244 0.8357223734814083
0.6756995687705284 0.8357223734814083
0.6797399728109325 0.8357223734814083
0.6837803768513364 0.8357223734814083
0.6878207808917405 0.8357223734814083
0.6918611849321445 0.8357223734814083
0.6959015889725486 0.8357223734814083
0.6999419930129527 0.8357223734814083
0.29994199301295266 0.8397627775218124
0.3039823970533567 0.8397627775218124
0.30802280109376073 0.8397627775218124
0.31206320513416475 0.8397627775218124
0.3161036091745688 0.8397627775218124
0.3201440132149729 0.8397627775218124
0.3241844172553769 0.8397627775218124
0.32822482129578096 0.8397627775218124
0.33226522533618497 0.8397627775218124
0.33630562937658903 0.8397627775218124
0.34034603341699304 0.8397627775218124
0.3443864374573971 0.8397627775218124
0.3484268414978011 0.8397627775218124
0.3524672455382052 0.8397627775218124
0.35650764957860925 0.8397627775218124
0.36054805361901326 0.8397627775218124
0.3645884576594173 0.8397627775218124
0.36862886169982134 0.8397627775218124
0.3726692657402254 0.8397627775218124
0.3767096697806294 0.8397627775218124
0.38075007382103343 0.8397627775218124
0.3847904778614375 0.8397627775218124
0.38883088190184156 0.8397627775218124
0.3928712859422456 0.8397627775218124
0.39691168998264964 0.8397627775218124
0.40095209402305365 0.8397627775218124
0.4049924980634577 0.8397627775218124
0.40903290210386173 0.8397627775218124
0.4130733061442658 0.8397627775218124
0.4171137101846698 0.8397627775218124
0.4211541142250739 0.8397627775218124
0.42519451826547794 0.8397627775218124
0.42923492230588195 0.8397627775218124
0.43327532634628596 0.8397627775218124
0.43731573038669 0.8397627775218124
0.4413561344270941 0.8397627775218124
0.4453965384674981 0.8397627775218124
0.4494369425079021 0.8397627775218124
0.4534773465483062 0.8397627775218124
0.45751775058871025 0.8397627775218124
0.46155815462911426 0.8397627775218124
0.4655985586695183 0.8397627775218124
0.46963896270992234 0.8397627775218124
0.4736793667503264 0.8397627775218124
0.47771977079073047 0.8397627775218124
0.4817601748311345 0.8397627775218124
0.4858005788715385 0.8397627775218124
0.48984098291194256 0.8397627775218124
0.4938813869523466 0.8397627775218124
0.49792179099275063 0.8397627775218124
0.5019621950331546 0.8397627775218124
0.5060025990735587 0.8397627775218124
0.5100430031139628 0.8397627775218124
0.5140834071543667 0.8397627775218124
0.5181238111947708 0.8397627775218124
0.5221642152351749 0.8397627775218124
0.5262046192755789 0.8397627775218124
0.530245023315983 0.8397627775218124
0.5342854273563871 0.8397627775218124
0.5504470435180031 0.8397627775218124
0.5544874475584072 0.8397627775218124
0.5585278515988112 0.8397627775218124
0.5625682556392153 0.8397627775218124
0.5666086596796194 0.8397627775218124
0.5706490637200234 0.8397627775218124
0.5746894677604274 0.8397627775218124
0.5787298718008315 0.8397627775218124
0.5827702758412354 0.8397627775218124
0.5868106798816395 0.8397627775218124
0.5908510839220436 0.8397627775218124
0.5948914879624476 0.8397627775218124
0.5989318920028517 0.8397627775218124
0.6029722960432558 0.8397627775218124
0.6070127000836597 0.8397627775218124
0.6110531041240638 0.8397627775218124
0.6150935081644677 0.8397627775218124
0.6191339122048718 0.8397627775218124
0.6231743162452759 0.8397627775218124
0.6272147202856799 0.8397627775218124
0.631255124326084 0.8397627775218124
0.6352955283664881 0.8397627775218124
0.6393359324068921 0.8397627775218124
0.6433763364472961 0.8397627775218124
0.6474167404877001 0.8397627775218124
0.6514571445281041 0.8397627775218124
0.6554975485685082 0.8397627775218124
0.6595379526089122 0.8397627775218124
0.6635783566493163 0.8397627775218124
0.6676187606897204 0.8397627775218124
0.6716591647301244 0.8397627775218124
0.6756995687705284 0.8397627775218124
0.6797399728109325 0.8397627775218124
0.6837803768513364 0.8397627775218124
0.6878207808917405 0.8397627775218124
0.6918611849321445 0.8397627775218124
0.6959015889725486 0.8397627775218124
0.6999419930129527 0.8397627775218124
0.29994199301295266 0.8438031815622163
0.3039823970533567 0.8438031815622163
0.30802280109376073 0.8438031815622163
0.31206320513416475 0.8438031815622163
0.3161036091745688 0.8438031815622163
0.3201440132149729 0.8438031815622163
0.3241844172553769 0.8438031815622163
0.32822482129578096 0.8438031815622163
0.33226522533618497 0.8438031815622163
0.33630562937658903 0.8438031815622163
0.34034603341699304 0.8438031815622163
0.3443864374573971 0.8438031815622163
0.3484268414978011 0.8438031815622163
0.3524672455382052 0.8438031815622163
0.35650764957860925 0.8438031815622163
0.36054805361901326 0.8438031815622163
0.3645884576594173 0.8438031815622163
0.36862886169982134 0.8438031815622163
0.3726692657402254 0.8438031815622163
0.3767096697806294 0.8438031815622163
0.38075007382103343 0.8438031815622163
0.3847904778614375 0.8438031815622163
0.38883088190184156 0.8438031815622163
0.3928712859422456 0.8438031815622163
0.39691168998264964 0.8438031815622163
0.40095209402305365 0.8438031815622163
0.4049924980634577 0.8438031815622163
0.40903290210386173 0.8438031815622163
0.4130733061442658 0.8438031815622163
0.4171137101846698 0.8438031815622163
0.4211541142250739 0.8438031815622163
0.42519451826547794 0.8438031815622163
0.42923492230588195 0.8438031815622163
0.43327532634628596 0.8438031815622163
0.43731573038669 0.8438031815622163
0.4413561344270941 0.8438031815622163
0.4453965384674981 0.8438031815622163
0.4494369425079021 0.8438031815622163
0.4534773465483062 0.8438031815622163
0.45751775058871025 0.8438031815622163
0.46155815462911426 0.8438031815622163
0.4655985586695183 0.8438031815622163
0.46963896270992234 0.8438031815622163
0.4736793667503264 0.8438031815622163
0.47771977079073047 0.8438031815622163
0.4817601748311345 0.8438031815622163
0.4858005788715385 0.8438031815622163
0.48984098291194256 0.8438031815622163
0.4938813869523466 0.8438031815622163
0.49792179099275063 0.8438031815622163
0.5019621950331546 0.8438031815622163
0.5060025990735587 0.8438031815622163
0.5100430031139628 0.8438031815622163
0.5140834071543667 0.8438031815622163
0.5181238111947708 0.8438031815622163
0.5221642152351749 0.8438031815622163
0.5262046192755789 0.8438031815622163
0.530245023315983 0.8438031815622163
0.5423662354371951 0.8438031815622163
0.5464066394775992 0.8438031815622163
0.5504470435180031 0.8438031815622163
0.5544874475584072 0.8438031815622163
0.5585278515988112 0.8438031815622163
0.5625682556392153 0.8438031815622163
0.5666086596796194 0.8438031815622163
0.5706490637200234 0.8438031815622163
0.5746894677604274 0.8438031815622163
0.5787298718008315 0.8438031815622163
0.5827702758412354 0.8438031815622163
0.5868106798816395 0.8438031815622163
0.5908510839220436 0.8438031815622163
0.5948914879624476 0.8438031815622163
0.5989318920028517 0.8438031815622163
0.6029722960432558 0.8438031815622163
0.6070127000836597 0.8438031815622163
0.6110531041240638 0.8438031815622163
0.6150935081644677 0.8438031815622163
0.6191339122048718 0.8438031815622163
0.6231743162452759 0.8438031815622163
0.6272147202856799 0.8438031815622163
0.631255124326084 0.8438031815622163
0.6352955283664881 0.8438031815622163
0.6393359324068921 0.8438031815622163
0.6433763364472961 0.8438031815622163
0.6474167404877001 0.8438031815622163
0.6514571445281041 0.8438031815622163
0.6554975485685082 0.8438031815622163
0.6595379526089122 0.8438031815622163
0.6635783566493163 0.8438031815622163
0.6676187606897204 0.8438031815622163
0.6716591647301244 0.8438031815622163
0.6756995687705284 0.8438031815622163
0.6797399728109325 0.8438031815622163
0.6837803768513364 0.8438031815622163
0.6878207808917405 0.8438031815622163
0.6918611849321445 0.8438031815622163
0.6959015889725486 0.8438031815622163
0.6999419930129527 0.8438031815622163
0.29994199301295266 0.8478435856026204
0.3039823970533567 0.8478435856026204
0.30802280109376073 0.8478435856026204
0.31206320513416475 0.8478435856026204
0.3161036091745688 0.8478435856026204
0.3201440132149729 0.8478435856026204
0.3241844172553769 0.8478435856026204
0.32822482129578096 0.8478435856026204
0.33226522533618497 0.8478435856026204
0.33630562937658903 0.8478435856026204
0.34034603341699304 0.8478435856026204
0.3443864374573971 0.8478435856026204
0.3484268414978011 0.8478435856026204
0.3524672455382052 0.8478435856026204
0.35650764957860925 0.8478435856026204
0.36054805361901326 0.8478435856026204
0.3645884576594173 0.8478435856026204
0.36862886169982134 0.8478435856026204
0.3726692657402254 0.8478435856026204
0.3767096697806294 0.8478435856026204
0.38075007382103343 0.8478435856026204
0.3847904778614375 0.8478435856026204
0.38883088190184156 0.8478435856026204
0.3928712859422456 0.8478435856026204
0.39691168998264964 0.8478435856026204
0.40095209402305365 0.8478435856026204
0.4049924980634577 0.8478435856026204
0.40903290210386173 0.8478435856026204
0.4130733061442658 0.8478435856026204
0.4171137101846698 0.8478435856026204
0.4211541142250739 0.8478435856026204
0.42519451826547794 0.8478435856026204
0.42923492230588195 0.8478435856026204
0.43327532634628596 0.8478435856026204
0.43731573038669 0.8478435856026204
0.4413561344270941 0.8478435856026204
0.4453965384674981 0.8478435856026204
0.4494369425079021 0.8478435856026204
0.4534773465483062 0.8478435856026204
0.45751775058871025 0.8478435856026204
0.46155815462911426 0.8478435856026204
0.4655985586695183 0.8478435856026204
0.46963896270992234 0.8478435856026204
0.4736793667503264 0.8478435856026204
0.47771977079073047 0.8478435856026204
0.4817601748311345 0.8478435856026204
0.4858005788715385 0.8478435856026204
0.48984098291194256 0.8478435856026204
0.4938813869523466 0.8478435856026204
0.49792179099275063 0.8478435856026204
0.5019621950331546 0.8478435856026204
0.5060025990735587 0.8478435856026204
0.5100430031139628 0.8478435856026204
0.5140834071543667 0.8478435856026204
0.5181238111947708 0.8478435856026204
0.5221642152351749 0.8478435856026204
0.538325831396791 0.8478435856026204
0.5423662354371951 0.8478435856026204
0.5464066394775992 0.8478435856026204
0.5504470435180031 0.8478435856026204
0.5544874475584072 0.8478435856026204
0.5585278515988112 0.8478435856026204
0.5625682556392153 0.8478435856026204
0.5666086596796194 0.8478435856026204
0.5706490637200234 0.8478435856026204
0.5746894677604274 0.8478435856026204
0.5787298718008315 0.8478435856026204
0.5827702758412354 0.8478435856026204
0.5868106798816395 0.8478435856026204
0.5908510839220436 0.8478435856026204
0.5948914879624476 0.8478435856026204
0.5989318920028517 0.8478435856026204
0.6029722960432558 0.8478435856026204
0.6070127000836597 0.8478435856026204
0.6110531041240638 0.8478435856026204
0.6150935081644677 0.8478435856026204
0.6191339122048718 0.8478435856026204
0.6231743162452759 0.8478435856026204
0.6272147202856799 0.8478435856026204
0.631255124326084 0.8478435856026204
0.6352955283664881 0.8478435856026204
0.6393359324068921 0.8478435856026204
0.6433763364472961 0.8478435856026204
0.6474167404877001 0.8478435856026204
0.6514571445281041 0.8478435856026204
0.6554975485685082 0.8478435856026204
0.6595379526089122 0.8478435856026204
0.6635783566493163 0.8478435856026204
0.6676187606897204 0.8478435856026204
0.6716591647301244 0.8478435856026204
0.6756995687705284 0.8478435856026204
0.6797399728109325 0.8478435856026204
0.6837803768513364 0.8478435856026204
0.6878207808917405 0.8478435856026204
0.6918611849321445 0.8478435856026204
0.6959015889725486 0.8478435856026204
0.6999419930129527 0.8478435856026204
0.29994199301295266 0.8518839896430245
0.3039823970533567 0.8518839896430245
0.30802280109376073 0.8518839896430245
0.31206320513416475 0.8518839896430245
0.3161036091745688 0.8518839896430245
0.3201440132149729 0.8518839896430245
0.3241844172553769 0.8518839896430245
0.32822482129578096 0.8518839896430245
0.33226522533618497 0.8518839896430245
0.33630562937658903 0.8518839896430245
0.34034603341699304 0.8518839896430245
0.3443864374573971 0.8518839896430245
0.3484268414978011 0.8518839896430245
0.3524672455382052 0.8518839896430245
0.35650764957860925 0.8518839896430245
0.36054805361901326 0.8518839896430245
0.3645884576594173 0.8518839896430245
0.36862886169982134 0.8518839896430245
0.3726692657402254 0.8518839896430245
0.3767096697806294 0.8518839896430245
0.38075007382103343 0.8518839896430245
0.3847904778614375 0.8518839896430245
0.38883088190184156 0.8518839896430245
0.3928712859422456 0.8518839896430245
0.39691168998264964 0.8518839896430245
0.40095209402305365 0.8518839896430245
0.4049924980634577 0.8518839896430245
0.40903290210386173 0.8518839896430245
0.4130733061442658 0.8518839896430245
0.4171137101846698 0.8518839896430245
0.4211541142250739 0.8518839896430245
0.42519451826547794 0.8518839896430245
0.42923492230588195 0.8518839896430245
0.43327532634628596 0.8518839896430245
0.43731573038669 0.8518839896430245
0.4413561344270941 0.8518839896430245
0.4453965384674981 0.8518839896430245
0.4494369425079021 0.8518839896430245
0.4534773465483062 0.8518839896430245
0.45751775058871025 0.8518839896430245
0.46155815462911426 0.8518839896430245
0.4655985586695183 0.8518839896430245
0.46963896270992234 0.8518839896430245
0.4736793667503264 0.8518839896430245
0.47771977079073047 0.8518839896430245
0.4817601748311345 0.8518839896430245
0.4858005788715385 0.8518839896430245
0.48984098291194256 0.8518839896430245
0.4938813869523466 0.8518839896430245
0.49792179099275063 0.8518839896430245
0.5019621950331546 0.8518839896430245
0.5060025990735587 0.8518839896430245
0.5100430031139628 0.8518839896430245
0.5140834071543667 0.8518839896430245
0.530245023315983 0.8518839896430245
0.5342854273563871 0.8518839896430245
0.538325831396791 0.8518839896430245
0.5423662354371951 0.8518839896430245
0.5464066394775992 0.8518839896430245
0.5504470435180031 0.8518839896430245
0.5544874475584072 0.8518839896430245
0.5585278515988112 0.8518839896430245
0.5625682556392153 0.8518839896430245
0.5666086596796194 0.8518839896430245
0.5706490637200234 0.8518839896430245
0.5746894677604274 0.8518839896430245
0.5787298718008315 0.8518839896430245
0.5827702758412354 0.8518839896430245
0.5868106798816395 0.8518839896430245
0.5908510839220436 0.8518839896430245
0.5948914879624476 0.8518839896430245
0.5989318920028517 0.8518839896430245
0.6029722960432558 0.8518839896430245
0.6070127000836597 0.8518839896430245
0.6110531041240638 0.8518839896430245
0.6150935081644677 0.8518839896430245
0.6191339122048718 0.8518839896430245
0.6231743162452759 0.8518839896430245
0.6272147202856799 0.8518839896430245
0.631255124326084 0.8518839896430245
0.6352955283664881 0.8518839896430245
0.6393359324068921 0.8518839896430245
0.6433763364472961 0.8518839896430245
0.6474167404877001 0.8518839896430245
0.6514571445281041 0.8518839896430245
0.6554975485685082 0.8518839896430245
0.6595379526089122 0.8518839896430245
0.6635783566493163 0.8518839896430245
0.6676187606897204 0.8518839896430245
0.6716591647301244 0.8518839896430245
0.6756995687705284 0.8518839896430245
0.6797399728109325 0.8518839896430245
0.6837803768513364 0.8518839896430245
0.6878207808917405 0.8518839896430245
0.6918611849321445 0.8518839896430245
0.6959015889725486 0.8518839896430245
0.6999419930129527 0.8518839896430245
0.29994199301295266 0.8559243936834284
0.3039823970533567 0.8559243936834284
0.30802280109376073 0.8559243936834284
0.31206320513416475 0.8559243936834284
0.3161036091745688 0.8559243936834284
0.3201440132149729 0.8559243936834284
0.3241844172553769 0.8559243936834284
0.32822482129578096 0.8559243936834284
0.33226522533618497 0.8559243936834284
0.33630562937658903 0.8559243936834284
0.34034603341699304 0.8559243936834284
0.3443864374573971 0.8559243936834284
0.3484268414978011 0.8559243936834284
0.3524672455382052 0.8559243936834284
0.35650764957860925 0.8559243936834284
0.36054805361901326 0.8559243936834284
0.3645884576594173 0.8559243936834284
0.36862886169982134 0.8559243936834284
0.3726692657402254 0.8559243936834284
0.3767096697806294 0.8559243936834284
0.38075007382103343 0.8559243936834284
0.3847904778614375 0.8559243936834284
0.38883088190184156 0.8559243936834284
0.3928712859422456 0.8559243936834284
0.39691168998264964 0.8559243936834284
0.40095209402305365 0.8559243936834284
0.4049924980634577 0.8559243936834284
0.40903290210386173 0.8559243936834284
0.4130733061442658 0.8559243936834284
0.4171137101846698 0.8559243936834284
0.4211541142250739 0.8559243936834284
0.42519451826547794 0.8559243936834284
0.42923492230588195 0.8559243936834284
0.43327532634628596 0.8559243936834284
0.43731573038669 0.8559243936834284
0.4413561344270941 0.8559243936834284
0.4453965384674981 0.8559243936834284
0.4494369425079021 0.8559243936834284
0.4534773465483062 0.8559243936834284
0.45751775058871025 0.8559243936834284
0.46155815462911426 0.8559243936834284
0.4655985586695183 0.8559243936834284
0.46963896270992234 0.8559243936834284
0.4736793667503264 0.8559243936834284
0.47771977079073047 0.8559243936834284
0.4817601748311345 0.8559243936834284
0.4858005788715385 0.8559243936834284
0.48984098291194256 0.8559243936834284
0.4938813869523466 0.8559243936834284
0.49792179099275063 0.8559243936834284
0.5019621950331546 0.8559243936834284
0.5060025990735587 0.8559243936834284
0.5100430031139628 0.8559243936834284
0.5262046192755789 0.8559243936834284
0.530245023315983 0.8559243936834284
0.5342854273563871 0.8559243936834284
0.538325831396791 0.8559243936834284
0.5423662354371951 0.8559243936834284
0.5464066394775992 0.8559243936834284
0.5504470435180031 0.8559243936834284
0.5544874475584072 0.8559243936834284
0.5585278515988112 0.8559243936834284
0.5625682556392153 0.8559243936834284
0.5666086596796194 0.8559243936834284
0.5706490637200234 0.8559243936834284
0.5746894677604274 0.8559243936834284
0.5787298718008315 0.8559243936834284
0.5827702758412354 0.8559243936834284
0.5868106798816395 0.8559243936834284
0.5908510839220436 0.8559243936834284
0.5948914879624476 0.8559243936834284
0.5989318920028517 0.8559243936834284
0.6029722960432558 0.8559243936834284
0.6070127000836597 0.8559243936834284
0.6110531041240638 0.8559243936834284
0.6150935081644677 0.8559243936834284
0.6191339122048718 0.8559243936834284
0.6231743162452759 0.8559243936834284
0.6272147202856799 0.8559243936834284
0.631255124326084 0.8559243936834284
0.6352955283664881 0.8559243936834284
0.6393359324068921 0.8559243936834284
0.6433763364472961 0.8559243936834284
0.6474167404877001 0.8559243936834284
0.6514571445281041 0.8559243936834284
0.6554975485685082 0.8559243936834284
0.6595379526089122 0.8559243936834284
0.6635783566493163 0.8559243936834284
0.6676187606897204 0.8559243936834284
0.6716591647301244 0.8559243936834284
0.6756995687705284 0.8559243936834284
0.6797399728109325 0.8559243936834284
0.6837803768513364 0.8559243936834284
0.6878207808917405 0.8559243936834284
0.6918611849321445 0.8559243936834284
0.6959015889725486 0.8559243936834284
0.6999419930129527 0.8559243936834284
0.29994199301295266 0.8599647977238325
0.3039823970533567 0.8599647977238325
0.30802280109376073 0.8599647977238325
0.31206320513416475 0.8599647977238325
0.3161036091745688 0.8599647977238325
0.3201440132149729 0.8599647977238325
0.3241844172553769 0.8599647977238325
0.32822482129578096 0.8599647977238325
0.33226522533618497 0.8599647977238325
0.33630562937658903 0.8599647977238325
0.34034603341699304 0.8599647977238325
0.3443864374573971 0.8599647977238325
0.3484268414978011 0.8599647977238325
0.3524672455382052 0.8599647977238325
0.35650764957860925 0.8599647977238325
0.36054805361901326 0.8599647977238325
0.3645884576594173 0.8599647977238325
0.36862886169982134 0.8599647977238325
0.3726692657402254 0.8599647977238325
0.3767096697806294 0.8599647977238325
0.38075007382103343 0.8599647977238325
0.3847904778614375 0.8599647977238325
0.38883088190184156 0.8599647977238325
0.3928712859422456 0.8599647977238325
0.39691168998264964 0.8599647977238325
0.40095209402305365 0.8599647977238325
0.4049924980634577 0.8599647977238325
0.40903290210386173 0.8599647977238325
0.4130733061442658 0.8599647977238325
0.4171137101846698 0.8599647977238325
0.4211541142250739 0.8599647977238325
0.42519451826547794 0.8599647977238325
0.42923492230588195 0.8599647977238325
0.43327532634628596 0.8599647977238325
0.43731573038669 0.8599647977238325
0.4413561344270941 0.8599647977238325
0.4453965384674981 0.8599647977238325
0.4494369425079021 0.8599647977238325
0.4534773465483062 0.8599647977238325
0.45751775058871025 0.8599647977238325
0.46155815462911426 0.8599647977238325
0.4655985586695183 0.8599647977238325
0.46963896270992234 0.8599647977238325
0.4736793667503264 0.8599647977238325
0.47771977079073047 0.8599647977238325
0.4817601748311345 0.8599647977238325
0.4858005788715385 0.8599647977238325
0.48984098291194256 0.8599647977238325
0.4938813869523466 0.8599647977238325
0.49792179099275063 0.8599647977238325
0.5019621950331546 0.8599647977238325
0.5181238111947708 0.8599647977238325
0.5221642152351749 0.8599647977238325
0.5262046192755789 0.8599647977238325
0.530245023315983 0.8599647977238325
0.5342854273563871 0.8599647977238325
0.538325831396791 0.8599647977238325
0.5423662354371951 0.8599647977238325
0.5464066394775992 0.8599647977238325
0.5504470435180031 0.8599647977238325
0.5544874475584072 0.8599647977238325
0.5585278515988112 0.8599647977238325
0.5625682556392153 0.8599647977238325
0.5666086596796194 0.8599647977238325
0.5706490637200234 0.8599647977238325
0.5746894677604274 0.8599647977238325
0.5787298718008315 0.8599647977238325
0.5827702758412354 0.8599647977238325
0.5868106798816395 0.8599647977238325
0.5908510839220436 0.8599647977238325
0.5948914879624476 0.8599647977238325
0.5989318920028517 0.8599647977238325
0.6029722960432558 0.8599647977238325
0.6070127000836597 0.8599647977238325
0.6110531041240638 0.8599647977238325
0.6150935081644677 0.8599647977238325
0.6191339122048718 0.8599647977238325
0.6231743162452759 0.8599647977238325
0.6272147202856799 0.8599647977238325
0.631255124326084 0.8599647977238325
0.6352955283664881 0.8599647977238325
0.6393359324068921 0.8599647977238325
0.6433763364472961 0.8599647977238325
0.6474167404877001 0.8599647977238325
0.6514571445281041 0.8599647977238325
0.6554975485685082 0.8599647977238325
0.6595379526089122 0.8599647977238325
0.6635783566493163 0.8599647977238325
0.6676187606897204 0.8599647977238325
0.6716591647301244 0.8599647977238325
0.6756995687705284 0.8599647977238325
0.6797399728109325 0.8599647977238325
0.6837803768513364 0.8599647977238325
0.6878207808917405 0.8599647977238325
0.6918611849321445 0.8599647977238325
0.6959015889725486 0.8599647977238325
0.6999419930129527 0.8599647977238325
0.29994199301295266 0.8640052017642366
0.3039823970533567 0.8640052017642366
0.30802280109376073 0.8640052017642366
0.31206320513416475 0.8640052017642366
0.3161036091745688 0.8640052017642366
0.3201440132149729 0.8640052017642366
0.3241844172553769 0.8640052017642366
0.32822482129578096 0.8640052017642366
0.33226522533618497 0.8640052017642366
0.33630562937658903 0.8640052017642366
0.34034603341699304 0.8640052017642366
0.3443864374573971 0.8640052017642366
0.3484268414978011 0.8640052017642366
0.3524672455382052 0.8640052017642366
0.35650764957860925 0.8640052017642366
0.36054805361901326 0.8640052017642366
0.3645884576594173 0.8640052017642366
0.36862886169982134 0.8640052017642366
0.3726692657402254 0.8640052017642366
0.3767096697806294 0.8640052017642366
0.38075007382103343 0.8640052017642366
0.3847904778614375 0.8640052017642366
0.38883088190184156 0.8640052017642366
0.3928712859422456 0.8640052017642366
0.39691168998264964 0.8640052017642366
0.40095209402305365 0.8640052017642366
0.4049924980634577 0.8640052017642366
0.40903290210386173 0.8640052017642366
0.4130733061442658 0.8640052017642366
0.4171137101846698 0.8640052017642366
0.4211541142250739 0.8640052017642366
0.42519451826547794 0.8640052017642366
0.42923492230588195 0.8640052017642366
0.43327532634628596 0.8640052017642366
0.43731573038669 0.8640052017642366
0.4413561344270941 0.8640052017642366
0.4453965384674981 0.8640052017642366
0.4494369425079021 0.8640052017642366
0.4534773465483062 0.8640052017642366
0.45751775058871025 0.8640052017642366
0.46155815462911426 0.8640052017642366
0.4655985586695183 0.8640052017642366
0.46963896270992234 0.8640052017642366
0.4736793667503264 0.8640052017642366
0.47771977079073047 0.8640052017642366
0.4817601748311345 0.8640052017642366
0.4858005788715385 0.8640052017642366
0.48984098291194256 0.8640052017642366
0.4938813869523466 0.8640052017642366
0.5100430031139628 0.8640052017642366
0.5140834071543667 0.8640052017642366
0.5181238111947708 0.8640052017642366
0.5221642152351749 0.8640052017642366
0.5262046192755789 0.8640052017642366
0.530245023315983 0.8640052017642366
0.5342854273563871 0.8640052017642366
0.538325831396791 0.8640052017642366
0.5423662354371951 0.8640052017642366
0.5464066394775992 0.8640052017642366
0.5504470435180031 0.8640052017642366
0.5544874475584072 0.8640052017642366
0.5585278515988112 0.8640052017642366
0.5625682556392153 0.8640052017642366
0.5666086596796194 0.8640052017642366
0.5706490637200234 0.8640052017642366
0.5746894677604274 0.8640052017642366
0.5787298718008315 0.8640052017642366
0.5827702758412354 0.8640052017642366
0.5868106798816395 0.8640052017642366
0.5908510839220436 0.8640052017642366
0.5948914879624476 0.8640052017642366
0.5989318920028517 0.8640052017642366
0.6029722960432558 0.8640052017642366
0.6070127000836597 0.8640052017642366
0.6110531041240638 0.8640052017642366
0.6150935081644677 0.8640052017642366
0.6191339122048718 0.8640052017642366
0.6231743162452759 0.8640052017642366
0.6272147202856799 0.8640052017642366
0.631255124326084 0.8640052017642366
0.6352955283664881 0.8640052017642366
0.6393359324068921 0.8640052017642366
0.6433763364472961 0.8640052017642366
0.6474167404877001 0.8640052017642366
0.6514571445281041 0.8640052017642366
0.6554975485685082 0.8640052017642366
0.6595379526089122 0.8640052017642366
0.6635783566493163 0.8640052017642366
0.6676187606897204 0.8640052017642366
0.6716591647301244 0.8640052017642366
0.6756995687705284 0.8640052017642366
0.6797399728109325 0.8640052017642366
0.6837803768513364 0.8640052017642366
0.6878207808917405 0.8640052017642366
0.6918611849321445 0.8640052017642366
0.6959015889725486 0.8640052017642366
0.6999419930129527 0.8640052017642366
0.29994199301295266 0.8680456058046406
0.3039823970533567 0.8680456058046406
0.30802280109376073 0.8680456058046406
0.31206320513416475 0.8680456058046406
0.3161036091745688 0.8680456058046406
0.3201440132149729 0.8680456058046406
0.3241844172553769 0.8680456058046406
0.32822482129578096 0.8680456058046406
0.33226522533618497 0.8680456058046406
0.33630562937658903 0.8680456058046406
0.34034603341699304 0.8680456058046406
0.3443864374573971 0.8680456058046406
0.3484268414978011 0.8680456058046406
0.3524672455382052 0.8680456058046406
0.35650764957860925 0.8680456058046406
0.36054805361901326 0.8680456058046406
0.3645884576594173 0.8680456058046406
0.36862886169982134 0.8680456058046406
0.3726692657402254 0.8680456058046406
0.3767096697806294 0.8680456058046406
0.38075007382103343 0.8680456058046406
0.3847904778614375 0.8680456058046406
0.38883088190184156 0.8680456058046406
0.3928712859422456 0.8680456058046406
0.39691168998264964 0.8680456058046406
0.40095209402305365 0.8680456058046406
0.4049924980634577 0.8680456058046406
0.40903290210386173 0.8680456058046406
0.4130733061442658 0.8680456058046406
0.4171137101846698 0.8680456058046406
0.4211541142250739 0.8680456058046406
0.42519451826547794 0.8680456058046406
0.42923492230588195 0.8680456058046406
0.43327532634628596 0.8680456058046406
0.43731573038669 0.8680456058046406
0.4413561344270941 0.8680456058046406
0.4453965384674981 0.8680456058046406
0.4494369425079021 0.8680456058046406
0.4534773465483062 0.8680456058046406
0.45751775058871025 0.8680456058046406
0.46155815462911426 0.8680456058046406
0.4655985586695183 0.8680456058046406
0.46963896270992234 0.8680456058046406
0.4736793667503264 0.8680456058046406
0.47771977079073047 0.8680456058046406
0.4817601748311345 0.8680456058046406
0.4858005788715385 0.8680456058046406
0.48984098291194256 0.8680456058046406
0.5060025990735587 0.8680456058046406
0.5100430031139628 0.8680456058046406
0.5140834071543667 0.8680456058046406
0.5181238111947708 0.8680456058046406
0.5221642152351749 0.8680456058046406
0.5262046192755789 0.8680456058046406
0.530245023315983 0.8680456058046406
0.5342854273563871 0.8680456058046406
0.538325831396791 0.8680456058046406
0.5423662354371951 0.8680456058046406
0.5464066394775992 0.8680456058046406
0.5504470435180031 0.8680456058046406
0.5544874475584072 0.8680456058046406
0.5585278515988112 0.8680456058046406
0.5625682556392153 0.8680456058046406
0.5666086596796194 0.8680456058046406
0.5706490637200234 0.8680456058046406
0.5746894677604274 0.8680456058046406
0.5787298718008315 0.8680456058046406
0.5827702758412354 0.8680456058046406
0.5868106798816395 0.8680456058046406
0.5908510839220436 0.8680456058046406
0.5948914879624476 0.8680456058046406
0.5989318920028517 0.8680456058046406
0.6029722960432558 0.8680456058046406
0.6070127000836597 0.8680456058046406
0.6110531041240638 0.8680456058046406
0.6150935081644677 0.8680456058046406
0.6191339122048718 0.8680456058046406
0.6231743162452759 0.8680456058046406
0.6272147202856799 0.8680456058046406
0.631255124326084 0.8680456058046406
0.6352955283664881 0.8680456058046406
0.6393359324068921 0.8680456058046406
0.6433763364472961 0.8680456058046406
0.6474167404877001 0.8680456058046406
0.6514571445281041 0.8680456058046406
0.6554975485685082 0.8680456058046406
0.6595379526089122 0.8680456058046406
0.6635783566493163 0.8680456058046406
0.6676187606897204 0.8680456058046406
0.6716591647301244 0.8680456058046406
0.6756995687705284 0.8680456058046406
0.6797399728109325 0.8680456058046406
0.6837803768513364 0.8680456058046406
0.6878207808917405 0.8680456058046406
0.6918611849321445 0.8680456058046406
0.6959015889725486 0.8680456058046406
0.6999419930129527 0.8680456058046406
0.29994199301295266 0.8720860098450447
0.3039823970533567 0.8720860098450447
0.30802280109376073 0.8720860098450447
0.31206320513416475 0.8720860098450447
0.3161036091745688 0.8720860098450447
0.3201440132149729 0.8720860098450447
0.3241844172553769 0.8720860098450447
0.32822482129578096 0.8720860098450447
0.33226522533618497 0.8720860098450447
0.33630562937658903 0.8720860098450447
0.34034603341699304 0.8720860098450447
0.3443864374573971 0.8720860098450447
0.3484268414978011 0.8720860098450447
0.3524672455382052 0.8720860098450447
0.35650764957860925 0.8720860098450447
0.36054805361901326 0.8720860098450447
0.3645884576594173 0.8720860098450447
0.36862886169982134 0.8720860098450447
0.3726692657402254 0.8720860098450447
0.3767096697806294 0.8720860098450447
0.38075007382103343 0.8720860098450447
0.3847904778614375 0.8720860098450447
0.38883088190184156 0.8720860098450447
0.3928712859422456 0.8720860098450447
0.39691168998264964 0.8720860098450447
0.40095209402305365 0.8720860098450447
0.4049924980634577 0.8720860098450447
0.40903290210386173 0.8720860098450447
0.4130733061442658 0.8720860098450447
0.4171137101846698 0.8720860098450447
0.4211541142250739 0.8720860098450447
0.42519451826547794 0.8720860098450447
0.42923492230588195 0.8720860098450447
0.43327532634628596 0.8720860098450447
0.43731573038669 0.8720860098450447
0.4413561344270941 0.8720860098450447
0.4453965384674981 0.8720860098450447
0.4494369425079021 0.8720860098450447
0.4534773465483062 0.8720860098450447
0.45751775058871025 0.8720860098450447
0.46155815462911426 0.8720860098450447
0.4655985586695183 0.8720860098450447
0.46963896270992234 0.8720860098450447
0.4736793667503264 0.8720860098450447
0.47771977079073047 0.8720860098450447
0.4817601748311345 0.8720860098450447
0.49792179099275063 0.8720860098450447
0.5019621950331546 0.8720860098450447
0.5060025990735587 0.8720860098450447
0.5100430031139628 0.8720860098450447
0.5140834071543667 0.8720860098450447
0.5181238111947708 0.8720860098450447
0.5221642152351749 0.8720860098450447
0.5262046192755789 0.8720860098450447
0.530245023315983 0.8720860098450447
0.5342854273563871 0.8720860098450447
0.538325831396791 0.8720860098450447
0.5423662354371951 0.8720860098450447
0.5464066394775992 0.8720860098450447
0.5504470435180031 0.8720860098450447
0.5544874475584072 0.8720860098450447
0.5585278515988112 0.8720860098450447
0.5625682556392153 0.8720860098450447
0.5666086596796194 0.8720860098450447
0.5706490637200234 0.8720860098450447
0.5746894677604274 0.8720860098450447
0.5787298718008315 0.8720860098450447
0.5827702758412354 0.8720860098450447
0.5868106798816395 0.8720860098450447
0.5908510839220436 0.8720860098450447
0.5948914879624476 0.8720860098450447
0.5989318920028517 0.8720860098450447
0.6029722960432558 0.8720860098450447
0.6070127000836597 0.8720860098450447
0.6110531041240638 0.8720860098450447
0.6150935081644677 0.8720860098450447
0.6191339122048718 0.8720860098450447
0.6231743162452759 0.8720860098450447
0.6272147202856799 0.8720860098450447
0.631255124326084 0.8720860098450447
0.6352955283664881 0.8720860098450447
0.6393359324068921 0.8720860098450447
0.6433763364472961 0.8720860098450447
0.6474167404877001 0.8720860098450447
0.6514571445281041 0.8720860098450447
0.6554975485685082 0.8720860098450447
0.6595379526089122 0.8720860098450447
0.6635783566493163 0.8720860098450447
0.6676187606897204 0.8720860098450447
0.6716591647301244 0.8720860098450447
0.6756995687705284 0.8720860098450447
0.6797399728109325 0.8720860098450447
0.6837803768513364 0.8720860098450447
0.6878207808917405 0.8720860098450447
0.6918611849321445 0.8720860098450447
0.6959015889725486 0.8720860098450447
0.6999419930129527 0.8720860098450447
0.29994199301295266 0.8761264138854487
0.3039823970533567 0.8761264138854487
0.30802280109376073 0.8761264138854487
0.31206320513416475 0.8761264138854487
0.3161036091745688 0.8761264138854487
0.3201440132149729 0.8761264138854487
0.3241844172553769 0.8761264138854487
0.32822482129578096 0.8761264138854487
0.33226522533618497 0.8761264138854487
0.33630562937658903 0.8761264138854487
0.34034603341699304 0.8761264138854487
0.3443864374573971 0.8761264138854487
0.3484268414978011 0.8761264138854487
0.3524672455382052 0.8761264138854487
0.35650764957860925 0.8761264138854487
0.36054805361901326 0.8761264138854487
0.3645884576594173 0.8761264138854487
0.36862886169982134 0.8761264138854487
0.3726692657402254 0.8761264138854487
0.3767096697806294 0.8761264138854487
0.38075007382103343 0.8761264138854487
0.3847904778614375 0.8761264138854487
0.38883088190184156 0.8761264138854487
0.3928712859422456 0.8761264138854487
0.39691168998264964 0.8761264138854487
0.40095209402305365 0.8761264138854487
0.4049924980634577 0.8761264138854487
0.40903290210386173 0.8761264138854487
0.4130733061442658 0.8761264138854487
0.4171137101846698 0.8761264138854487
0.4211541142250739 0.8761264138854487
0.42519451826547794 0.8761264138854487
0.42923492230588195 0.8761264138854487
0.43327532634628596 0.8761264138854487
0.43731573038669 0.8761264138854487
0.4413561344270941 0.8761264138854487
0.4453965384674981 0.8761264138854487
0.4494369425079021 0.8761264138854487
0.4534773465483062 0.8761264138854487
0.45751775058871025 0.8761264138854487
0.46155815462911426 0.8761264138854487
0.4655985586695183 0.8761264138854487
0.46963896270992234 0.8761264138854487
0.4736793667503264 0.8761264138854487
0.48984098291194256 0.8761264138854487
0.4938813869523466 0.8761264138854487
0.49792179099275063 0.8761264138854487
0.5019621950331546 0.8761264138854487
0.5060025990735587 0.8761264138854487
0.5100430031139628 0.8761264138854487
0.5140834071543667 0.8761264138854487
0.5181238111947708 0.8761264138854487
0.5221642152351749 0.8761264138854487
0.5262046192755789 0.8761264138854487
0.5342854273563871 0.8761264138854487
0.538325831396791 0.8761264138854487
0.5423662354371951 0.8761264138854487
0.5464066394775992 0.8761264138854487
0.5504470435180031 0.8761264138854487
0.5544874475584072 0.8761264138854487
0.5585278515988112 0.8761264138854487
0.5625682556392153 0.8761264138854487
0.5666086596796194 0.8761264138854487
0.5706490637200234 0.8761264138854487
0.5746894677604274 0.8761264138854487
0.5787298718008315 0.8761264138854487
0.5827702758412354 0.8761264138854487
0.5868106798816395 0.8761264138854487
0.5908510839220436 0.8761264138854487
0.5948914879624476 0.8761264138854487
0.5989318920028517 0.8761264138854487
0.6029722960432558 0.8761264138854487
0.6070127000836597 0.8761264138854487
0.6110531041240638 0.8761264138854487
0.6150935081644677 0.8761264138854487
0.6191339122048718 0.8761264138854487
0.6231743162452759 0.8761264138854487
0.6272147202856799 0.8761264138854487
0.631255124326084 0.8761264138854487
0.6352955283664881 0.8761264138854487
0.6393359324068921 0.8761264138854487
0.6433763364472961 0.8761264138854487
0.6474167404877001 0.8761264138854487
0.6514571445281041 0.8761264138854487
0.6554975485685082 0.8761264138854487
0.6595379526089122 0.8761264138854487
0.6635783566493163 0.8761264138854487
0.6676187606897204 0.8761264138854487
0.6716591647301244 0.8761264138854487
0.6756995687705284 0.8761264138854487
0.6797399728109325 0.8761264138854487
0.6837803768513364 0.8761264138854487
0.6878207808917405 0.8761264138854487
0.6918611849321445 0.8761264138854487
0.6959015889725486 0.8761264138854487
0.6999419930129527 0.8761264138854487
0.29994199301295266 0.8801668179258527
0.3039823970533567 0.8801668179258527
0.30802280109376073 0.8801668179258527
0.31206320513416475 0.8801668179258527
0.3161036091745688 0.8801668179258527
0.3201440132149729 0.8801668179258527
0.3241844172553769 0.8801668179258527
0.32822482129578096 0.8801668179258527
0.33226522533618497 0.8801668179258527
0.33630562937658903 0.8801668179258527
0.34034603341699304 0.8801668179258527
0.3443864374573971 0.8801668179258527
0.3484268414978011 0.8801668179258527
0.3524672455382052 0.8801668179258527
0.35650764957860925 0.8801668179258527
0.36054805361901326 0.8801668179258527
0.3645884576594173 0.8801668179258527
0.36862886169982134 0.8801668179258527
0.3726692657402254 0.8801668179258527
0.3767096697806294 0.8801668179258527
0.38075007382103343 0.8801668179258527
0.3847904778614375 0.8801668179258527
0.38883088190184156 0.8801668179258527
0.3928712859422456 0.8801668179258527
0.39691168998264964 0.8801668179258527
0.40095209402305365 0.8801668179258527
0.4049924980634577 0.8801668179258527
0.40903290210386173 0.8801668179258527
0.4130733061442658 0.8801668179258527
0.4171137101846698 0.8801668179258527
0.4211541142250739 0.8801668179258527
0.42519451826547794 0.8801668179258527
0.42923492230588195 0.8801668179258527
0.43327532634628596 0.8801668179258527
0.43731573038669 0.8801668179258527
0.4413561344270941 0.8801668179258527
0.4453965384674981 0.8801668179258527
0.4494369425079021 0.8801668179258527
0.4534773465483062 0.8801668179258527
0.45751775058871025 0.8801668179258527
0.46155815462911426 0.8801668179258527
0.4655985586695183 0.8801668179258527
0.4817601748311345 0.8801668179258527
0.4858005788715385 0.8801668179258527
0.48984098291194256 0.8801668179258527
0.4938813869523466 0.8801668179258527
0.49792179099275063 0.8801668179258527
0.5019621950331546 0.8801668179258527
0.5060025990735587 0.8801668179258527
0.5100430031139628 0.8801668179258527
0.5140834071543667 0.8801668179258527
0.5181238111947708 0.8801668179258527
0.5221642152351749 0.8801668179258527
0.5262046192755789 0.8801668179258527
0.530245023315983 0.8801668179258527
0.5342854273563871 0.8801668179258527
0.538325831396791 0.8801668179258527
0.5423662354371951 0.8801668179258527
0.5464066394775992 0.8801668179258527
0.5504470435180031 0.8801668179258527
0.5544874475584072 0.8801668179258527
0.5585278515988112 0.8801668179258527
0.5625682556392153 0.8801668179258527
0.5666086596796194 0.8801668179258527
0.5706490637200234 0.8801668179258527
0.5746894677604274 0.8801668179258527
0.5787298718008315 0.8801668179258527
0.5827702758412354 0.8801668179258527
0.5868106798816395 0.8801668179258527
0.5908510839220436 0.8801668179258527
0.5948914879624476 0.8801668179258527
0.5989318920028517 0.8801668179258527
0.6029722960432558 0.8801668179258527
0.6070127000836597 0.8801668179258527
0.6110531041240638 0.8801668179258527
0.6150935081644677 0.8801668179258527
0.6191339122048718 0.8801668179258527
0.6231743162452759 0.8801668179258527
0.6272147202856799 0.8801668179258527
0.631255124326084 0.8801668179258527
0.6352955283664881 0.8801668179258527
0.6393359324068921 0.8801668179258527
0.6433763364472961 0.8801668179258527
0.6474167404877001 0.8801668179258527
0.6514571445281041 0.8801668179258527
0.6554975485685082 0.8801668179258527
0.6595379526089122 0.8801668179258527
0.6635783566493163 0.8801668179258527
0.6676187606897204 0.8801668179258527
0.6716591647301244 0.8801668179258527
0.6756995687705284 0.8801668179258527
0.6797399728109325 0.8801668179258527
0.6837803768513364 0.8801668179258527
0.6878207808917405 0.8801668179258527
0.6918611849321445 0.8801668179258527
0.6959015889725486 0.8801668179258527
0.6999419930129527 0.8801668179258527
0.29994199301295266 0.8842072219662568
0.3039823970533567 0.8842072219662568
0.30802280109376073 0.8842072219662568
0.31206320513416475 0.8842072219662568
0.3161036091745688 0.8842072219662568
0.3201440132149729 0.8842072219662568
0.3241844172553769 0.8842072219662568
0.32822482129578096 0.8842072219662568
0.33226522533618497 0.8842072219662568
0.33630562937658903 0.8842072219662568
0.34034603341699304 0.8842072219662568
0.3443864374573971 0.8842072219662568
0.3484268414978011 0.8842072219662568
0.3524672455382052 0.8842072219662568
0.35650764957860925 0.8842072219662568
0.36054805361901326 0.8842072219662568
0.3645884576594173 0.8842072219662568
0.36862886169982134 0.8842072219662568
0.3726692657402254 0.8842072219662568
0.3767096697806294 0.8842072219662568
0.38075007382103343 0.8842072219662568
0.3847904778614375 0.8842072219662568
0.38883088190184156 0.8842072219662568
0.3928712859422456 0.8842072219662568
0.39691168998264964 0.8842072219662568
0.40095209402305365 0.8842072219662568
0.4049924980634577 0.8842072219662568
0.40903290210386173 0.8842072219662568
0.4130733061442658 0.8842072219662568
0.4171137101846698 0.8842072219662568
0.4211541142250739 0.8842072219662568
0.42519451826547794 0.8842072219662568
0.42923492230588195 0.8842072219662568
0.43327532634628596 0.8842072219662568
0.43731573038669 0.8842072219662568
0.4413561344270941 0.8842072219662568
0.4453965384674981 0.8842072219662568
0.4494369425079021 0.8842072219662568
0.4534773465483062 0.8842072219662568
0.45751775058871025 0.8842072219662568
0.4736793667503264 0.8842072219662568
0.47771977079073047 0.8842072219662568
0.4817601748311345 0.8842072219662568
0.4858005788715385 0.8842072219662568
0.48984098291194256 0.8842072219662568
0.4938813869523466 0.8842072219662568
0.49792179099275063 0.8842072219662568
0.5019621950331546 0.8842072219662568
0.5060025990735587 0.8842072219662568
0.5100430031139628 0.8842072219662568
0.5140834071543667 0.8842072219662568
0.5181238111947708 0.8842072219662568
0.5221642152351749 0.8842072219662568
0.5262046192755789 0.8842072219662568
0.530245023315983 0.8842072219662568
0.5342854273563871 0.8842072219662568
0.538325831396791 0.8842072219662568
0.5423662354371951 0.8842072219662568
0.5464066394775992 0.8842072219662568
0.5504470435180031 0.8842072219662568
0.5544874475584072 0.8842072219662568
0.5585278515988112 0.8842072219662568
0.5625682556392153 0.8842072219662568
0.5666086596796194 0.8842072219662568
0.5706490637200234 0.8842072219662568
0.5746894677604274 0.8842072219662568
0.5787298718008315 0.8842072219662568
0.5827702758412354 0.8842072219662568
0.5868106798816395 0.8842072219662568
0.5908510839220436 0.8842072219662568
0.5948914879624476 0.8842072219662568
0.5989318920028517 0.8842072219662568
0.6029722960432558 0.8842072219662568
0.6070127000836597 0.8842072219662568
0.6110531041240638 0.8842072219662568
0.6150935081644677 0.8842072219662568
0.6191339122048718 0.8842072219662568
0.6231743162452759 0.8842072219662568
0.6272147202856799 0.8842072219662568
0.631255124326084 0.8842072219662568
0.6352955283664881 0.8842072219662568
0.6393359324068921 0.8842072219662568
0.6433763364472961 0.8842072219662568
0.6474167404877001 0.8842072219662568
0.6514571445281041 0.8842072219662568
0.6554975485685082 0.8842072219662568
0.6595379526089122 0.8842072219662568
0.6635783566493163 0.8842072219662568
0.6676187606897204 0.8842072219662568
0.6716591647301244 0.8842072219662568
0.6756995687705284 0.8842072219662568
0.6797399728109325 0.8842072219662568
0.6837803768513364 0.8842072219662568
0.6878207808917405 0.8842072219662568
0.6918611849321445 0.8842072219662568
0.6959015889725486 0.8842072219662568
0.6999419930129527 0.8842072219662568
0.29994199301295266 0.8882476260066607
0.3039823970533567 0.8882476260066607
0.30802280109376073 0.8882476260066607
0.31206320513416475 0.8882476260066607
0.3161036091745688 0.8882476260066607
0.3201440132149729 0.8882476260066607
0.3241844172553769 0.8882476260066607
0.32822482129578096 0.8882476260066607
0.33226522533618497 0.8882476260066607
0.33630562937658903 0.8882476260066607
0.34034603341699304 0.8882476260066607
0.3443864374573971 0.8882476260066607
0.3484268414978011 0.8882476260066607
0.3524672455382052 0.8882476260066607
0.35650764957860925 0.8882476260066607
0.36054805361901326 0.8882476260066607
0.3645884576594173 0.8882476260066607
0.36862886169982134 0.8882476260066607
0.3726692657402254 0.8882476260066607
0.3767096697806294 0.8882476260066607
0.38075007382103343 0.8882476260066607
0.3847904778614375 0.8882476260066607
0.38883088190184156 0.8882476260066607
0.3928712859422456 0.8882476260066607
0.39691168998264964 0.8882476260066607
0.40095209402305365 0.8882476260066607
0.4049924980634577 0.8882476260066607
0.40903290210386173 0.8882476260066607
0.4130733061442658 0.8882476260066607
0.4171137101846698 0.8882476260066607
0.4211541142250739 0.8882476260066607
0.42519451826547794 0.8882476260066607
0.42923492230588195 0.8882476260066607
0.43327532634628596 0.8882476260066607
0.43731573038669 0.8882476260066607
0.4413561344270941 0.8882476260066607
0.4453965384674981 0.8882476260066607
0.4494369425079021 0.8882476260066607
0.46963896270992234 0.8882476260066607
0.4736793667503264 0.8882476260066607
0.47771977079073047 0.8882476260066607
0.4817601748311345 0.8882476260066607
0.4858005788715385 0.8882476260066607
0.48984098291194256 0.8882476260066607
0.4938813869523466 0.8882476260066607
0.49792179099275063 0.8882476260066607
0.5019621950331546 0.8882476260066607
0.5060025990735587 0.8882476260066607
0.5100430031139628 0.8882476260066607
0.5140834071543667 0.8882476260066607
0.5181238111947708 0.8882476260066607
0.5221642152351749 0.8882476260066607
0.5262046192755789 0.8882476260066607
0.530245023315983 0.8882476260066607
0.5342854273563871 0.8882476260066607
0.538325831396791 0.8882476260066607
0.5423662354371951 0.8882476260066607
0.5464066394775992 0.8882476260066607
0.5504470435180031 0.8882476260066607
0.5544874475584072 0.8882476260066607
0.5585278515988112 0.8882476260066607
0.5625682556392153 0.8882476260066607
0.5666086596796194 0.8882476260066607
0.5706490637200234 0.8882476260066607
0.5746894677604274 0.8882476260066607
0.5787298718008315 0.8882476260066607
0.5827702758412354 0.8882476260066607
0.5868106798816395 0.8882476260066607
0.5908510839220436 0.8882476260066607
0.5948914879624476 0.8882476260066607
0.5989318920028517 0.8882476260066607
0.6029722960432558 0.8882476260066607
0.6070127000836597 0.8882476260066607
0.6110531041240638 0.8882476260066607
0.6150935081644677 0.8882476260066607
0.6191339122048718 0.8882476260066607
0.6231743162452759 0.8882476260066607
0.6272147202856799 0.8882476260066607
0.631255124326084 0.8882476260066607
0.6352955283664881 0.8882476260066607
0.6393359324068921 0.8882476260066607
0.6433763364472961 0.8882476260066607
0.6474167404877001 0.8882476260066607
0.6514571445281041 0.8882476260066607
0.6554975485685082 0.8882476260066607
0.6595379526089122 0.8882476260066607
0.6635783566493163 0.8882476260066607
0.6676187606897204 0.8882476260066607
0.6716591647301244 0.8882476260066607
0.6756995687705284 0.8882476260066607
0.6797399728109325 0.8882476260066607
0.6837803768513364 0.8882476260066607
0.6878207808917405 0.8882476260066607
0.6918611849321445 0.8882476260066607
0.6959015889725486 0.8882476260066607
0.6999419930129527 0.8882476260066607
0.29994199301295266 0.8922880300470648
0.3039823970533567 0.8922880300470648
0.30802280109376073 0.8922880300470648
0.31206320513416475 0.8922880300470648
0.3161036091745688 0.8922880300470648
0.3201440132149729 0.8922880300470648
0.3241844172553769 0.8922880300470648
0.32822482129578096 0.8922880300470648
0.33226522533618497 0.8922880300470648
0.33630562937658903 0.8922880300470648
0.34034603341699304 0.8922880300470648
0.3443864374573971 0.8922880300470648
0.3484268414978011 0.8922880300470648
0.3524672455382052 0.8922880300470648
0.35650764957860925 0.8922880300470648
0.36054805361901326 0.8922880300470648
0.3645884576594173 0.8922880300470648
0.36862886169982134 0.8922880300470648
0.3726692657402254 0.8922880300470648
0.3767096697806294 0.8922880300470648
0.38075007382103343 0.8922880300470648
0.3847904778614375 0.8922880300470648
0.38883088190184156 0.8922880300470648
0.3928712859422456 0.8922880300470648
0.39691168998264964 0.8922880300470648
0.40095209402305365 0.8922880300470648
0.4049924980634577 0.8922880300470648
0.40903290210386173 0.8922880300470648
0.4130733061442658 0.8922880300470648
0.4171137101846698 0.8922880300470648
0.4211541142250739 0.8922880300470648
0.42519451826547794 0.8922880300470648
0.42923492230588195 0.8922880300470648
0.43327532634628596 0.8922880300470648
0.43731573038669 0.8922880300470648
0.4413561344270941 0.8922880300470648
0.46155815462911426 0.8922880300470648
0.4655985586695183 0.8922880300470648
0.46963896270992234 0.8922880300470648
0.47771977079073047 0.8922880300470648
0.4817601748311345 0.8922880300470648
0.4858005788715385 0.8922880300470648
0.48984098291194256 0.8922880300470648
0.4938813869523466 0.8922880300470648
0.49792179099275063 0.8922880300470648
0.5019621950331546 0.8922880300470648
0.5060025990735587 0.8922880300470648
0.5100430031139628 0.8922880300470648
0.5140834071543667 0.8922880300470648
0.5181238111947708 0.8922880300470648
0.5221642152351749 0.8922880300470648
0.5262046192755789 0.8922880300470648
0.530245023315983 0.8922880300470648
0.5342854273563871 0.8922880300470648
0.538325831396791 0.8922880300470648
0.5423662354371951 0.8922880300470648
0.5464066394775992 0.8922880300470648
0.5504470435180031 0.8922880300470648
0.5544874475584072 0.8922880300470648
0.5585278515988112 0.8922880300470648
0.5625682556392153 0.8922880300470648
0.5666086596796194 0.8922880300470648
0.5706490637200234 0.8922880300470648
0.5746894677604274 0.8922880300470648
0.5787298718008315 0.8922880300470648
0.5827702758412354 0.8922880300470648
0.5868106798816395 0.8922880300470648
0.5908510839220436 0.8922880300470648
0.5948914879624476 0.8922880300470648
0.5989318920028517 0.8922880300470648
0.6029722960432558 0.8922880300470648
0.6070127000836597 0.8922880300470648
0.6110531041240638 0.8922880300470648
0.6150935081644677 0.8922880300470648
0.6191339122048718 0.8922880300470648
0.6231743162452759 0.8922880300470648
0.6272147202856799 0.8922880300470648
0.631255124326084 0.8922880300470648
0.6352955283664881 0.8922880300470648
0.6393359324068921 0.8922880300470648
0.6433763364472961 0.8922880300470648
0.6474167404877001 0.8922880300470648
0.6514571445281041 0.8922880300470648
0.6554975485685082 0.8922880300470648
0.6595379526089122 0.8922880300470648
0.6635783566493163 0.8922880300470648
0.6676187606897204 0.8922880300470648
0.6716591647301244 0.8922880300470648
0.6756995687705284 0.8922880300470648
0.6797399728109325 0.8922880300470648
0.6837803768513364 0.8922880300470648
0.6878207808917405 0.8922880300470648
0.6918611849321445 0.8922880300470648
0.6959015889725486 0.8922880300470648
0.6999419930129527 0.8922880300470648
0.29994199301295266 0.8963284340874689
0.3039823970533567 0.8963284340874689
0.30802280109376073 0.8963284340874689
0.31206320513416475 0.8963284340874689
0.3161036091745688 0.8963284340874689
0.3201440132149729 0.8963284340874689
0.3241844172553769 0.8963284340874689
0.32822482129578096 0.8963284340874689
0.33226522533618497 0.8963284340874689
0.33630562937658903 0.8963284340874689
0.34034603341699304 0.8963284340874689
0.3443864374573971 0.8963284340874689
0.3484268414978011 0.8963284340874689
0.3524672455382052 0.8963284340874689
0.35650764957860925 0.8963284340874689
0.36054805361901326 0.8963284340874689
0.3645884576594173 0.8963284340874689
0.36862886169982134 0.8963284340874689
0.3726692657402254 0.8963284340874689
0.3767096697806294 0.8963284340874689
0.38075007382103343 0.8963284340874689
0.3847904778614375 0.8963284340874689
0.38883088190184156 0.8963284340874689
0.3928712859422456 0.8963284340874689
0.39691168998264964 0.8963284340874689
0.40095209402305365 0.8963284340874689
0.4049924980634577 0.8963284340874689
0.40903290210386173 0.8963284340874689
0.4130733061442658 0.8963284340874689
0.4171137101846698 0.8963284340874689
0.4211541142250739 0.8963284340874689
0.42519451826547794 0.8963284340874689
0.42923492230588195 0.8963284340874689
0.43327532634628596 0.8963284340874689
0.4534773465483062 0.8963284340874689
0.45751775058871025 0.8963284340874689
0.46155815462911426 0.8963284340874689
0.46963896270992234 0.8963284340874689
0.4736793667503264 0.8963284340874689
0.47771977079073047 0.8963284340874689
0.4817601748311345 0.8963284340874689
0.4858005788715385 0.8963284340874689
0.48984098291194256 0.8963284340874689
0.4938813869523466 0.8963284340874689
0.49792179099275063 0.8963284340874689
0.5019621950331546 0.8963284340874689
0.5060025990735587 0.8963284340874689
0.5100430031139628 0.8963284340874689
0.5140834071543667 0.8963284340874689
0.5181238111947708 0.8963284340874689
0.5221642152351749 0.8963284340874689
0.5262046192755789 0.8963284340874689
0.530245023315983 0.8963284340874689
0.5342854273563871 0.8963284340874689
0.538325831396791 0.8963284340874689
0.5423662354371951 0.8963284340874689
0.5464066394775992 0.8963284340874689
0.5504470435180031 0.8963284340874689
0.5544874475584072 0.8963284340874689
0.5585278515988112 0.8963284340874689
0.5625682556392153 0.8963284340874689
0.5666086596796194 0.8963284340874689
0.5706490637200234 0.8963284340874689
0.5746894677604274 0.8963284340874689
0.5787298718008315 0.8963284340874689
0.5827702758412354 0.8963284340874689
0.5868106798816395 0.8963284340874689
0.5908510839220436 0.8963284340874689
0.5948914879624476 0.8963284340874689
0.5989318920028517 0.8963284340874689
0.6029722960432558 0.8963284340874689
0.6070127000836597 0.8963284340874689
0.6110531041240638 0.8963284340874689
0.6150935081644677 0.8963284340874689
0.6191339122048718 0.8963284340874689
0.6231743162452759 0.8963284340874689
0.6272147202856799 0.8963284340874689
0.631255124326084 0.8963284340874689
0.6352955283664881 0.8963284340874689
0.6393359324068921 0.8963284340874689
0.6433763364472961 0.8963284340874689
0.6474167404877001 0.8963284340874689
0.6514571445281041 0.8963284340874689
0.6554975485685082 0.8963284340874689
0.6595379526089122 0.8963284340874689
0.6635783566493163 0.8963284340874689
0.6676187606897204 0.8963284340874689
0.6716591647301244 0.8963284340874689
0.6756995687705284 0.8963284340874689
0.6797399728109325 0.8963284340874689
0.6837803768513364 0.8963284340874689
0.6878207808917405 0.8963284340874689
0.6918611849321445 0.8963284340874689
0.6959015889725486 0.8963284340874689
0.6999419930129527 0.8963284340874689
0.29994199301295266 0.9003688381278729
0.3039823970533567 0.9003688381278729
0.30802280109376073 0.9003688381278729
0.31206320513416475 0.9003688381278729
0.3161036091745688 0.9003688381278729
0.3201440132149729 0.9003688381278729
0.3241844172553769 0.9003688381278729
0.32822482129578096 0.9003688381278729
0.33226522533618497 0.9003688381278729
0.33630562937658903 0.9003688381278729
0.34034603341699304 0.9003688381278729
0.3443864374573971 0.9003688381278729
0.3484268414978011 0.9003688381278729
0.3524672455382052 0.9003688381278729
0.35650764957860925 0.9003688381278729
0.36054805361901326 0.9003688381278729
0.3645884576594173 0.9003688381278729
0.36862886169982134 0.9003688381278729
0.3726692657402254 0.9003688381278729
0.3767096697806294 0.9003688381278729
0.38075007382103343 0.9003688381278729
0.3847904778614375 0.9003688381278729
0.38883088190184156 0.9003688381278729
0.3928712859422456 0.9003688381278729
0.39691168998264964 0.9003688381278729
0.40095209402305365 0.9003688381278729
0.4049924980634577 0.9003688381278729
0.40903290210386173 0.9003688381278729
0.4130733061442658 0.9003688381278729
0.4171137101846698 0.9003688381278729
0.4211541142250739 0.9003688381278729
0.42519451826547794 0.9003688381278729
0.4453965384674981 0.9003688381278729
0.4494369425079021 0.9003688381278729
0.4534773465483062 0.9003688381278729
0.45751775058871025 0.9003688381278729
0.46155815462911426 0.9003688381278729
0.4655985586695183 0.9003688381278729
0.46963896270992234 0.9003688381278729
0.4736793667503264 0.9003688381278729
0.47771977079073047 0.9003688381278729
0.4817601748311345 0.9003688381278729
0.4858005788715385 0.9003688381278729
0.48984098291194256 0.9003688381278729
0.4938813869523466 0.9003688381278729
0.49792179099275063 0.9003688381278729
0.5019621950331546 0.9003688381278729
0.5060025990735587 0.9003688381278729
0.5100430031139628 0.9003688381278729
0.5140834071543667 0.9003688381278729
0.5181238111947708 0.9003688381278729
0.5221642152351749 0.9003688381278729
0.5262046192755789 0.9003688381278729
0.530245023315983 0.9003688381278729
0.5342854273563871 0.9003688381278729
0.538325831396791 0.9003688381278729
0.5423662354371951 0.9003688381278729
0.5464066394775992 0.9003688381278729
0.5504470435180031 0.9003688381278729
0.5544874475584072 0.9003688381278729
0.5585278515988112 0.9003688381278729
0.5625682556392153 0.9003688381278729
0.5666086596796194 0.9003688381278729
0.5706490637200234 0.9003688381278729
0.5746894677604274 0.9003688381278729
0.5787298718008315 0.9003688381278729
0.5827702758412354 0.9003688381278729
0.5868106798816395 0.9003688381278729
0.5908510839220436 0.9003688381278729
0.5948914879624476 0.9003688381278729
0.5989318920028517 0.9003688381278729
0.6029722960432558 0.9003688381278729
0.6070127000836597 0.9003688381278729
0.6110531041240638 0.9003688381278729
0.6150935081644677 0.9003688381278729
0.6191339122048718 0.9003688381278729
0.6231743162452759 0.9003688381278729
0.6272147202856799 0.9003688381278729
0.631255124326084 0.9003688381278729
0.6352955283664881 0.9003688381278729
0.6393359324068921 0.9003688381278729
0.6433763364472961 0.9003688381278729
0.6474167404877001 0.9003688381278729
0.6514571445281041 0.9003688381278729
0.6554975485685082 0.9003688381278729
0.6595379526089122 0.9003688381278729
0.6635783566493163 0.9003688381278729
0.6676187606897204 0.9003688381278729
0.6716591647301244 0.9003688381278729
0.6756995687705284 0.9003688381278729
0.6797399728109325 0.9003688381278729
0.6837803768513364 0.9003688381278729
0.6878207808917405 0.9003688381278729
0.6918611849321445 0.9003688381278729
0.6959015889725486 0.9003688381278729
0.6999419930129527 0.9003688381278729
0.29994199301295266 0.904409242168277
0.3039823970533567 0.904409242168277
0.30802280109376073 0.904409242168277
0.31206320513416475 0.904409242168277
0.3161036091745688 0.904409242168277
0.3201440132149729 0.904409242168277
0.3241844172553769 0.904409242168277
0.32822482129578096 0.904409242168277
0.33226522533618497 0.904409242168277
0.33630562937658903 0.904409242168277
0.34034603341699304 0.904409242168277
0.3443864374573971 0.904409242168277
0.3484268414978011 0.904409242168277
0.3524672455382052 0.904409242168277
0.35650764957860925 0.904409242168277
0.36054805361901326 0.904409242168277
0.3645884576594173 0.904409242168277
0.36862886169982134 0.904409242168277
0.3726692657402254 0.904409242168277
0.3767096697806294 0.904409242168277
0.38075007382103343 0.904409242168277
0.3847904778614375 0.904409242168277
0.38883088190184156 0.904409242168277
0.3928712859422456 0.904409242168277
0.39691168998264964 0.904409242168277
0.40095209402305365 0.904409242168277
0.4049924980634577 0.904409242168277
0.40903290210386173 0.904409242168277
0.4130733061442658 0.904409242168277
0.4171137101846698 0.904409242168277
0.43731573038669 0.904409242168277
0.4413561344270941 0.904409242168277
0.4453965384674981 0.904409242168277
0.4494369425079021 0.904409242168277
0.4534773465483062 0.904409242168277
0.45751775058871025 0.904409242168277
0.46155815462911426 0.904409242168277
0.4655985586695183 0.904409242168277
0.46963896270992234 0.904409242168277
0.4736793667503264 0.904409242168277
0.47771977079073047 0.904409242168277
0.4817601748311345 0.904409242168277
0.4858005788715385 0.904409242168277
0.48984098291194256 0.904409242168277
0.4938813869523466 0.904409242168277
0.49792179099275063 0.904409242168277
0.5019621950331546 0.904409242168277
0.5060025990735587 0.904409242168277
0.5100430031139628 0.904409242168277
0.5140834071543667 0.904409242168277
0.5181238111947708 0.904409242168277
0.5221642152351749 0.904409242168277
0.5262046192755789 0.904409242168277
0.530245023315983 0.904409242168277
0.5342854273563871 0.904409242168277
0.538325831396791 0.904409242168277
0.5423662354371951 0.904409242168277
0.5464066394775992 0.904409242168277
0.5504470435180031 0.904409242168277
0.5544874475584072 0.904409242168277
0.5585278515988112 0.904409242168277
0.5625682556392153 0.904409242168277
0.5666086596796194 0.904409242168277
0.5706490637200234 0.904409242168277
0.5746894677604274 0.904409242168277
0.5787298718008315 0.904409242168277
0.5827702758412354 0.904409242168277
0.5868106798816395 0.904409242168277
0.5908510839220436 0.904409242168277
0.5948914879624476 0.904409242168277
0.5989318920028517 0.904409242168277
0.6029722960432558 0.904409242168277
0.6070127000836597 0.904409242168277
0.6110531041240638 0.904409242168277
0.6150935081644677 0.904409242168277
0.6191339122048718 0.904409242168277
0.6231743162452759 0.904409242168277
0.6272147202856799 0.904409242168277
0.631255124326084 0.904409242168277
0.6352955283664881 0.904409242168277
0.6393359324068921 0.904409242168277
0.6433763364472961 0.904409242168277
0.6474167404877001 0.904409242168277
0.6514571445281041 0.904409242168277
0.6554975485685082 0.904409242168277
0.6595379526089122 0.904409242168277
0.6635783566493163 0.904409242168277
0.6676187606897204 0.904409242168277
0.6716591647301244 0.904409242168277
0.6756995687705284 0.904409242168277
0.6797399728109325 0.904409242168277
0.6837803768513364 0.904409242168277
0.6878207808917405 0.904409242168277
0.6918611849321445 0.904409242168277
0.6959015889725486 0.904409242168277
0.6999419930129527 0.904409242168277
0.29994199301295266 0.9084496462086811
0.3039823970533567 0.9084496462086811
0.30802280109376073 0.9084496462086811
0.31206320513416475 0.9084496462086811
0.3161036091745688 0.9084496462086811
0.3201440132149729 0.9084496462086811
0.3241844172553769 0.9084496462086811
0.32822482129578096 0.9084496462086811
0.33226522533618497 0.9084496462086811
0.33630562937658903 0.9084496462086811
0.34034603341699304 0.9084496462086811
0.3443864374573971 0.9084496462086811
0.3484268414978011 0.9084496462086811
0.3524672455382052 0.9084496462086811
0.35650764957860925 0.9084496462086811
0.36054805361901326 0.9084496462086811
0.3645884576594173 0.9084496462086811
0.36862886169982134 0.9084496462086811
0.3726692657402254 0.9084496462086811
0.3767096697806294 0.9084496462086811
0.38075007382103343 0.9084496462086811
0.3847904778614375 0.9084496462086811
0.38883088190184156 0.9084496462086811
0.3928712859422456 0.9084496462086811
0.39691168998264964 0.9084496462086811
0.40095209402305365 0.9084496462086811
0.4049924980634577 0.9084496462086811
0.40903290210386173 0.9084496462086811
0.42923492230588195 0.9084496462086811
0.43327532634628596 0.9084496462086811
0.43731573038669 0.9084496462086811
0.4413561344270941 0.9084496462086811
0.4453965384674981 0.9084496462086811
0.4494369425079021 0.9084496462086811
0.4534773465483062 0.9084496462086811
0.45751775058871025 0.9084496462086811
0.46155815462911426 0.9084496462086811
0.4655985586695183 0.9084496462086811
0.46963896270992234 0.9084496462086811
0.47771977079073047 0.9084496462086811
0.4817601748311345 0.9084496462086811
0.4858005788715385 0.9084496462086811
0.48984098291194256 0.9084496462086811
0.4938813869523466 0.9084496462086811
0.49792179099275063 0.9084496462086811
0.5019621950331546 0.9084496462086811
0.5060025990735587 0.9084496462086811
0.5100430031139628 0.9084496462086811
0.5140834071543667 0.9084496462086811
0.5181238111947708 0.9084496462086811
0.5221642152351749 0.9084496462086811
0.5262046192755789 0.9084496462086811
0.530245023315983 0.9084496462086811
0.5342854273563871 0.9084496462086811
0.538325831396791 0.9084496462086811
0.5423662354371951 0.9084496462086811
0.5464066394775992 0.9084496462086811
0.5504470435180031 0.9084496462086811
0.5544874475584072 0.9084496462086811
0.5585278515988112 0.9084496462086811
0.5625682556392153 0.9084496462086811
0.5666086596796194 0.9084496462086811
0.5706490637200234 0.9084496462086811
0.5746894677604274 0.9084496462086811
0.5787298718008315 0.9084496462086811
0.5827702758412354 0.9084496462086811
0.5868106798816395 0.9084496462086811
0.5908510839220436 0.9084496462086811
0.5948914879624476 0.9084496462086811
0.5989318920028517 0.9084496462086811
0.6029722960432558 0.9084496462086811
0.6070127000836597 0.9084496462086811
0.6110531041240638 0.9084496462086811
0.6150935081644677 0.9084496462086811
0.6191339122048718 0.9084496462086811
0.6231743162452759 0.9084496462086811
0.6272147202856799 0.9084496462086811
0.631255124326084 0.9084496462086811
0.6352955283664881 0.9084496462086811
0.6393359324068921 0.9084496462086811
0.6433763364472961 0.9084496462086811
0.6474167404877001 0.9084496462086811
0.6514571445281041 0.9084496462086811
0.6554975485685082 0.9084496462086811
0.6595379526089122 0.9084496462086811
0.6635783566493163 0.9084496462086811
0.6676187606897204 0.9084496462086811
0.6716591647301244 0.9084496462086811
0.6756995687705284 0.9084496462086811
0.6797399728109325 0.9084496462086811
0.6837803768513364 0.9084496462086811
0.6878207808917405 0.9084496462086811
0.6918611849321445 0.9084496462086811
0.6959015889725486 0.9084496462086811
0.6999419930129527 0.9084496462086811
0.29994199301295266 0.912490050249085
0.3039823970533567 0.912490050249085
0.30802280109376073 0.912490050249085
0.31206320513416475 0.912490050249085
0.3161036091745688 0.912490050249085
0.3201440132149729 0.912490050249085
0.3241844172553769 0.912490050249085
0.32822482129578096 0.912490050249085
0.33226522533618497 0.912490050249085
0.33630562937658903 0.912490050249085
0.34034603341699304 0.912490050249085
0.3443864374573971 0.912490050249085
0.3484268414978011 0.912490050249085
0.3524672455382052 0.912490050249085
0.35650764957860925 0.912490050249085
0.36054805361901326 0.912490050249085
0.3645884576594173 0.912490050249085
0.36862886169982134 0.912490050249085
0.3726692657402254 0.912490050249085
0.3767096697806294 0.912490050249085
0.38075007382103343 0.912490050249085
0.3847904778614375 0.912490050249085
0.38883088190184156 0.912490050249085
0.3928712859422456 0.912490050249085
0.39691168998264964 0.912490050249085
0.40095209402305365 0.912490050249085
0.4171137101846698 0.912490050249085
0.4211541142250739 0.912490050249085
0.42519451826547794 0.912490050249085
0.42923492230588195 0.912490050249085
0.43327532634628596 0.912490050249085
0.43731573038669 0.912490050249085
0.4413561344270941 0.912490050249085
0.4453965384674981 0.912490050249085
0.4494369425079021 0.912490050249085
0.4534773465483062 0.912490050249085
0.45751775058871025 0.912490050249085
0.46155815462911426 0.912490050249085
0.4655985586695183 0.912490050249085
0.46963896270992234 0.912490050249085
0.4736793667503264 0.912490050249085
0.47771977079073047 0.912490050249085
0.4817601748311345 0.912490050249085
0.4858005788715385 0.912490050249085
0.48984098291194256 0.912490050249085
0.4938813869523466 0.912490050249085
0.49792179099275063 0.912490050249085
0.5019621950331546 0.912490050249085
0.5060025990735587 0.912490050249085
0.5100430031139628 0.912490050249085
0.5140834071543667 0.912490050249085
0.5181238111947708 0.912490050249085
0.5221642152351749 0.912490050249085
0.5262046192755789 0.912490050249085
0.530245023315983 0.912490050249085
0.5342854273563871 0.912490050249085
0.538325831396791 0.912490050249085
0.5423662354371951 0.912490050249085
0.5464066394775992 0.912490050249085
0.5504470435180031 0.912490050249085
0.5544874475584072 0.912490050249085
0.5585278515988112 0.912490050249085
0.5625682556392153 0.912490050249085
0.5666086596796194 0.912490050249085
0.5706490637200234 0.912490050249085
0.5746894677604274 0.912490050249085
0.5787298718008315 0.912490050249085
0.5827702758412354 0.912490050249085
0.5868106798816395 0.912490050249085
0.5908510839220436 0.912490050249085
0.5948914879624476 0.912490050249085
0.5989318920028517 0.912490050249085
0.6029722960432558 0.912490050249085
0.6070127000836597 0.912490050249085
0.6110531041240638 0.912490050249085
0.6150935081644677 0.912490050249085
0.6191339122048718 0.912490050249085
0.6231743162452759 0.912490050249085
0.6272147202856799 0.912490050249085
0.631255124326084 0.912490050249085
0.6352955283664881 0.912490050249085
0.6393359324068921 0.912490050249085
0.6433763364472961 0.912490050249085
0.6474167404877001 0.912490050249085
0.6514571445281041 0.912490050249085
0.6554975485685082 0.912490050249085
0.6595379526089122 0.912490050249085
0.6635783566493163 0.912490050249085
0.6676187606897204 0.912490050249085
0.6716591647301244 0.912490050249085
0.6756995687705284 0.912490050249085
0.6797399728109325 0.912490050249085
0.6837803768513364 0.912490050249085
0.6878207808917405 0.912490050249085
0.6918611849321445 0.912490050249085
0.6959015889725486 0.912490050249085
0.6999419930129527 0.912490050249085
0.29994199301295266 0.9165304542894891
0.3039823970533567 0.9165304542894891
0.30802280109376073 0.9165304542894891
0.31206320513416475 0.9165304542894891
0.3161036091745688 0.9165304542894891
0.3201440132149729 0.9165304542894891
0.3241844172553769 0.9165304542894891
0.32822482129578096 0.9165304542894891
0.33226522533618497 0.9165304542894891
0.33630562937658903 0.9165304542894891
0.34034603341699304 0.9165304542894891
0.3443864374573971 0.9165304542894891
0.3484268414978011 0.9165304542894891
0.3524672455382052 0.9165304542894891
0.35650764957860925 0.9165304542894891
0.36054805361901326 0.9165304542894891
0.3645884576594173 0.9165304542894891
0.36862886169982134 0.9165304542894891
0.3726692657402254 0.9165304542894891
0.3767096697806294 0.9165304542894891
0.38075007382103343 0.9165304542894891
0.3847904778614375 0.9165304542894891
0.38883088190184156 0.9165304542894891
0.40903290210386173 0.9165304542894891
0.4130733061442658 0.9165304542894891
0.4171137101846698 0.9165304542894891
0.4211541142250739 0.9165304542894891
0.42923492230588195 0.9165304542894891
0.43327532634628596 0.9165304542894891
0.43731573038669 0.9165304542894891
0.4413561344270941 0.9165304542894891
0.4453965384674981 0.9165304542894891
0.4494369425079021 0.9165304542894891
0.4534773465483062 0.9165304542894891
0.45751775058871025 0.9165304542894891
0.46155815462911426 0.9165304542894891
0.4655985586695183 0.9165304542894891
0.46963896270992234 0.9165304542894891
0.4736793667503264 0.9165304542894891
0.47771977079073047 0.9165304542894891
0.4817601748311345 0.9165304542894891
0.4858005788715385 0.9165304542894891
0.48984098291194256 0.9165304542894891
0.4938813869523466 0.9165304542894891
0.49792179099275063 0.9165304542894891
0.5019621950331546 0.9165304542894891
0.5060025990735587 0.9165304542894891
0.5100430031139628 0.9165304542894891
0.5140834071543667 0.9165304542894891
0.5181238111947708 0.9165304542894891
0.5221642152351749 0.9165304542894891
0.5262046192755789 0.9165304542894891
0.530245023315983 0.9165304542894891
0.5342854273563871 0.9165304542894891
0.538325831396791 0.9165304542894891
0.5423662354371951 0.9165304542894891
0.5464066394775992 0.9165304542894891
0.5504470435180031 0.9165304542894891
0.5544874475584072 0.9165304542894891
0.5585278515988112 0.9165304542894891
0.5625682556392153 0.9165304542894891
0.5666086596796194 0.9165304542894891
0.5706490637200234 0.9165304542894891
0.5746894677604274 0.9165304542894891
0.5787298718008315 0.9165304542894891
0.5827702758412354 0.9165304542894891
0.5868106798816395 0.9165304542894891
0.5908510839220436 0.9165304542894891
0.5948914879624476 0.9165304542894891
0.5989318920028517 0.9165304542894891
0.6029722960432558 0.9165304542894891
0.6070127000836597 0.9165304542894891
0.6110531041240638 0.9165304542894891
0.6150935081644677 0.9165304542894891
0.6191339122048718 0.9165304542894891
0.6231743162452759 0.9165304542894891
0.6272147202856799 0.9165304542894891
0.631255124326084 0.9165304542894891
0.6352955283664881 0.9165304542894891
0.6393359324068921 0.9165304542894891
0.6433763364472961 0.9165304542894891
0.6474167404877001 0.9165304542894891
0.6514571445281041 0.9165304542894891
0.6554975485685082 0.9165304542894891
0.6595379526089122 0.9165304542894891
0.6635783566493163 0.9165304542894891
0.6676187606897204 0.9165304542894891
0.6716591647301244 0.9165304542894891
0.6756995687705284 0.9165304542894891
0.6797399728109325 0.9165304542894891
0.6837803768513364 0.9165304542894891
0.6878207808917405 0.9165304542894891
0.6918611849321445 0.9165304542894891
0.6959015889725486 0.9165304542894891
0.6999419930129527 0.9165304542894891
0.29994199301295266 0.920570858329893
0.3039823970533567 0.920570858329893
0.30802280109376073 0.920570858329893
0.31206320513416475 0.920570858329893
0.3161036091745688 0.920570858329893
0.3201440132149729 0.920570858329893
0.3241844172553769 0.920570858329893
0.32822482129578096 0.920570858329893
0.33226522533618497 0.920570858329893
0.33630562937658903 0.920570858329893
0.34034603341699304 0.920570858329893
0.3443864374573971 0.920570858329893
0.3484268414978011 0.920570858329893
0.3524672455382052 0.920570858329893
0.35650764957860925 0.920570858329893
0.36054805361901326 0.920570858329893
0.3645884576594173 0.920570858329893
0.36862886169982134 0.920570858329893
0.3726692657402254 0.920570858329893
0.3767096697806294 0.920570858329893
0.38075007382103343 0.920570858329893
0.40095209402305365 0.920570858329893
0.4049924980634577 0.920570858329893
0.40903290210386173 0.920570858329893
0.4130733061442658 0.920570858329893
0.4171137101846698 0.920570858329893
0.4211541142250739 0.920570858329893
0.42519451826547794 0.920570858329893
0.42923492230588195 0.920570858329893
0.43327532634628596 0.920570858329893
0.43731573038669 0.920570858329893
0.4413561344270941 0.920570858329893
0.4453965384674981 0.920570858329893
0.4494369425079021 0.920570858329893
0.4534773465483062 0.920570858329893
0.45751775058871025 0.920570858329893
0.46155815462911426 0.920570858329893
0.4655985586695183 0.920570858329893
0.46963896270992234 0.920570858329893
0.4736793667503264 0.920570858329893
0.47771977079073047 0.920570858329893
0.4817601748311345 0.920570858329893
0.4858005788715385 0.920570858329893
0.48984098291194256 0.920570858329893
0.4938813869523466 0.920570858329893
0.49792179099275063 0.920570858329893
0.5019621950331546 0.920570858329893
0.5060025990735587 0.920570858329893
0.5100430031139628 0.920570858329893
0.5140834071543667 0.920570858329893
0.5181238111947708 0.920570858329893
0.5221642152351749 0.920570858329893
0.5262046192755789 0.920570858329893
0.530245023315983 0.920570858329893
0.5342854273563871 0.920570858329893
0.538325831396791 0.920570858329893
0.5423662354371951 0.920570858329893
0.5464066394775992 0.920570858329893
0.5504470435180031 0.920570858329893
0.5544874475584072 0.920570858329893
0.5585278515988112 0.920570858329893
0.5625682556392153 0.920570858329893
0.5666086596796194 0.920570858329893
0.5706490637200234 0.920570858329893
0.5746894677604274 0.920570858329893
0.5787298718008315 0.920570858329893
0.5827702758412354 0.920570858329893
0.5868106798816395 0.920570858329893
0.5908510839220436 0.920570858329893
0.5948914879624476 0.920570858329893
0.5989318920028517 0.920570858329893
0.6029722960432558 0.920570858329893
0.6070127000836597 0.920570858329893
0.6110531041240638 0.920570858329893
0.6150935081644677 0.920570858329893
0.6191339122048718 0.920570858329893
0.6231743162452759 0.920570858329893
0.6272147202856799 0.920570858329893
0.631255124326084 0.920570858329893
0.6352955283664881 0.920570858329893
0.6393359324068921 0.920570858329893
0.6433763364472961 0.920570858329893
0.6474167404877001 0.920570858329893
0.6514571445281041 0.920570858329893
0.6554975485685082 0.920570858329893
0.6595379526089122 0.920570858329893
0.6635783566493163 0.920570858329893
0.6676187606897204 0.920570858329893
0.6716591647301244 0.920570858329893
0.6756995687705284 0.920570858329893
0.6797399728109325 0.920570858329893
0.6837803768513364 0.920570858329893
0.6878207808917405 0.920570858329893
0.6918611849321445 0.920570858329893
0.6959015889725486 0.920570858329893
0.6999419930129527 0.920570858329893
0.29994199301295266 0.9246112623702971
0.3039823970533567 0.9246112623702971
0.30802280109376073 0.9246112623702971
0.31206320513416475 0.9246112623702971
0.3161036091745688 0.9246112623702971
0.3201440132149729 0.9246112623702971
0.3241844172553769 0.9246112623702971
0.32822482129578096 0.9246112623702971
0.33226522533618497 0.9246112623702971
0.33630562937658903 0.9246112623702971
0.34034603341699304 0.9246112623702971
0.3443864374573971 0.9246112623702971
0.3484268414978011 0.9246112623702971
0.3524672455382052 0.9246112623702971
0.35650764957860925 0.9246112623702971
0.36054805361901326 0.9246112623702971
0.3645884576594173 0.9246112623702971
0.36862886169982134 0.9246112623702971
0.3928712859422456 0.9246112623702971
0.39691168998264964 0.9246112623702971
0.40095209402305365 0.9246112623702971
0.4049924980634577 0.9246112623702971
0.40903290210386173 0.9246112623702971
0.4130733061442658 0.9246112623702971
0.4211541142250739 0.9246112623702971
0.42519451826547794 0.9246112623702971
0.42923492230588195 0.9246112623702971
0.43327532634628596 0.9246112623702971
0.43731573038669 0.9246112623702971
0.4413561344270941 0.9246112623702971
0.4453965384674981 0.9246112623702971
0.4494369425079021 0.9246112623702971
0.4534773465483062 0.9246112623702971
0.45751775058871025 0.9246112623702971
0.46155815462911426 0.9246112623702971
0.4655985586695183 0.9246112623702971
0.46963896270992234 0.9246112623702971
0.4736793667503264 0.9246112623702971
0.47771977079073047 0.9246112623702971
0.4817601748311345 0.9246112623702971
0.4858005788715385 0.9246112623702971
0.48984098291194256 0.9246112623702971
0.4938813869523466 0.9246112623702971
0.49792179099275063 0.9246112623702971
0.5019621950331546 0.9246112623702971
0.5060025990735587 0.9246112623702971
0.5100430031139628 0.9246112623702971
0.5140834071543667 0.9246112623702971
0.5181238111947708 0.9246112623702971
0.5221642152351749 0.9246112623702971
0.5262046192755789 0.9246112623702971
0.530245023315983 0.9246112623702971
0.5342854273563871 0.9246112623702971
0.538325831396791 0.9246112623702971
0.5423662354371951 0.9246112623702971
0.5464066394775992 0.9246112623702971
0.5504470435180031 0.9246112623702971
0.5544874475584072 0.9246112623702971
0.5585278515988112 0.9246112623702971
0.5625682556392153 0.9246112623702971
0.5666086596796194 0.9246112623702971
0.5706490637200234 0.9246112623702971
0.5746894677604274 0.9246112623702971
0.5787298718008315 0.9246112623702971
0.5827702758412354 0.9246112623702971
0.5868106798816395 0.9246112623702971
0.5908510839220436 0.9246112623702971
0.5948914879624476 0.9246112623702971
0.5989318920028517 0.9246112623702971
0.6029722960432558 0.9246112623702971
0.6070127000836597 0.9246112623702971
0.6110531041240638 0.9246112623702971
0.6150935081644677 0.9246112623702971
0.6191339122048718 0.9246112623702971
0.6231743162452759 0.9246112623702971
0.6272147202856799 0.9246112623702971
0.631255124326084 0.9246112623702971
0.6352955283664881 0.9246112623702971
0.6393359324068921 0.9246112623702971
0.6433763364472961 0.9246112623702971
0.6474167404877001 0.9246112623702971
0.6514571445281041 0.9246112623702971
0.6554975485685082 0.9246112623702971
0.6595379526089122 0.9246112623702971
0.6635783566493163 0.9246112623702971
0.6676187606897204 0.9246112623702971
0.6716591647301244 0.9246112623702971
0.6756995687705284 0.9246112623702971
0.6797399728109325 0.9246112623702971
0.6837803768513364 0.9246112623702971
0.6878207808917405 0.9246112623702971
0.6918611849321445 0.9246112623702971
0.6959015889725486 0.9246112623702971
0.6999419930129527 0.9246112623702971
0.29994199301295266 0.9286516664107012
0.3039823970533567 0.9286516664107012
0.30802280109376073 0.9286516664107012
0.31206320513416475 0.9286516664107012
0.3161036091745688 0.9286516664107012
0.3201440132149729 0.9286516664107012
0.3241844172553769 0.9286516664107012
0.32822482129578096 0.9286516664107012
0.33226522533618497 0.9286516664107012
0.33630562937658903 0.9286516664107012
0.34034603341699304 0.9286516664107012
0.3443864374573971 0.9286516664107012
0.3484268414978011 0.9286516664107012
0.3524672455382052 0.9286516664107012
0.35650764957860925 0.9286516664107012
0.36054805361901326 0.9286516664107012
0.38075007382103343 0.9286516664107012
0.3847904778614375 0.9286516664107012
0.38883088190184156 0.9286516664107012
0.3928712859422456 0.9286516664107012
0.39691168998264964 0.9286516664107012
0.40095209402305365 0.9286516664107012
0.4049924980634577 0.9286516664107012
0.40903290210386173 0.9286516664107012
0.4130733061442658 0.9286516664107012
0.4171137101846698 0.9286516664107012
0.4211541142250739 0.9286516664107012
0.42519451826547794 0.9286516664107012
0.42923492230588195 0.9286516664107012
0.43327532634628596 0.9286516664107012
0.43731573038669 0.9286516664107012
0.4413561344270941 0.9286516664107012
0.4453965384674981 0.9286516664107012
0.4494369425079021 0.9286516664107012
0.4534773465483062 0.9286516664107012
0.45751775058871025 0.9286516664107012
0.46155815462911426 0.9286516664107012
0.4655985586695183 0.9286516664107012
0.46963896270992234 0.9286516664107012
0.4736793667503264 0.9286516664107012
0.47771977079073047 0.9286516664107012
0.4817601748311345 0.9286516664107012
0.4858005788715385 0.9286516664107012
0.48984098291194256 0.9286516664107012
0.4938813869523466 0.9286516664107012
0.49792179099275063 0.9286516664107012
0.5019621950331546 0.9286516664107012
0.5060025990735587 0.9286516664107012
0.5100430031139628 0.9286516664107012
0.5140834071543667 0.9286516664107012
0.5181238111947708 0.9286516664107012
0.5221642152351749 0.9286516664107012
0.5262046192755789 0.9286516664107012
0.530245023315983 0.9286516664107012
0.5342854273563871 0.9286516664107012
0.538325831396791 0.9286516664107012
0.5423662354371951 0.9286516664107012
0.5464066394775992 0.9286516664107012
0.5504470435180031 0.9286516664107012
0.5544874475584072 0.9286516664107012
0.5585278515988112 0.9286516664107012
0.5625682556392153 0.9286516664107012
0.5666086596796194 0.9286516664107012
0.5706490637200234 0.9286516664107012
0.5746894677604274 0.9286516664107012
0.5787298718008315 0.9286516664107012
0.5827702758412354 0.9286516664107012
0.5868106798816395 0.9286516664107012
0.5908510839220436 0.9286516664107012
0.5948914879624476 0.9286516664107012
0.5989318920028517 0.9286516664107012
0.6029722960432558 0.9286516664107012
0.6070127000836597 0.9286516664107012
0.6110531041240638 0.9286516664107012
0.6150935081644677 0.9286516664107012
0.6191339122048718 0.9286516664107012
0.6231743162452759 0.9286516664107012
0.6272147202856799 0.9286516664107012
0.631255124326084 0.9286516664107012
0.6352955283664881 0.9286516664107012
0.6393359324068921 0.9286516664107012
0.6433763364472961 0.9286516664107012
0.6474167404877001 0.9286516664107012
0.6514571445281041 0.9286516664107012
0.6554975485685082 0.9286516664107012
0.6595379526089122 0.9286516664107012
0.6635783566493163 0.9286516664107012
0.6676187606897204 0.9286516664107012
0.6716591647301244 0.9286516664107012
0.6756995687705284 0.9286516664107012
0.6797399728109325 0.9286516664107012
0.6837803768513364 0.9286516664107012
0.6878207808917405 0.9286516664107012
0.6918611849321445 0.9286516664107012
0.6959015889725486 0.9286516664107012
0.6999419930129527 0.9286516664107012
0.29994199301295266 0.9326920704511052
0.3039823970533567 0.9326920704511052
0.30802280109376073 0.9326920704511052
0.31206320513416475 0.9326920704511052
0.3161036091745688 0.9326920704511052
0.3201440132149729 0.9326920704511052
0.3241844172553769 0.9326920704511052
0.32822482129578096 0.9326920704511052
0.33226522533618497 0.9326920704511052
0.33630562937658903 0.9326920704511052
0.34034603341699304 0.9326920704511052
0.3443864374573971 0.9326920704511052
0.3484268414978011 0.9326920704511052
0.3726692657402254 0.9326920704511052
0.3767096697806294 0.9326920704511052
0.38075007382103343 0.9326920704511052
0.3847904778614375 0.9326920704511052
0.3928712859422456 0.9326920704511052
0.39691168998264964 0.9326920704511052
0.40095209402305365 0.9326920704511052
0.4049924980634577 0.9326920704511052
0.40903290210386173 0.9326920704511052
0.4130733061442658 0.9326920704511052
0.4171137101846698 0.9326920704511052
0.4211541142250739 0.9326920704511052
0.42519451826547794 0.9326920704511052
0.42923492230588195 0.9326920704511052
0.43327532634628596 0.9326920704511052
0.43731573038669 0.9326920704511052
0.4413561344270941 0.9326920704511052
0.4453965384674981 0.9326920704511052
0.4494369425079021 0.9326920704511052
0.4534773465483062 0.9326920704511052
0.45751775058871025 0.9326920704511052
0.46155815462911426 0.9326920704511052
0.4655985586695183 0.9326920704511052
0.46963896270992234 0.9326920704511052
0.4736793667503264 0.9326920704511052
0.47771977079073047 0.9326920704511052
0.4817601748311345 0.9326920704511052
0.4858005788715385 0.9326920704511052
0.48984098291194256 0.9326920704511052
0.4938813869523466 0.9326920704511052
0.49792179099275063 0.9326920704511052
0.5019621950331546 0.9326920704511052
0.5060025990735587 0.9326920704511052
0.5100430031139628 0.9326920704511052
0.5140834071543667 0.9326920704511052
0.5181238111947708 0.9326920704511052
0.5221642152351749 0.9326920704511052
0.5262046192755789 0.9326920704511052
0.530245023315983 0.9326920704511052
0.5342854273563871 0.9326920704511052
0.538325831396791 0.9326920704511052
0.5423662354371951 0.9326920704511052
0.5464066394775992 0.9326920704511052
0.5504470435180031 0.9326920704511052
0.5544874475584072 0.9326920704511052
0.5585278515988112 0.9326920704511052
0.5625682556392153 0.9326920704511052
0.5666086596796194 0.9326920704511052
0.5706490637200234 0.9326920704511052
0.5746894677604274 0.9326920704511052
0.5787298718008315 0.9326920704511052
0.5827702758412354 0.9326920704511052
0.5868106798816395 0.9326920704511052
0.5908510839220436 0.9326920704511052
0.5948914879624476 0.9326920704511052
0.5989318920028517 0.9326920704511052
0.6029722960432558 0.9326920704511052
0.6070127000836597 0.9326920704511052
0.6110531041240638 0.9326920704511052
0.6150935081644677 0.9326920704511052
0.6191339122048718 0.9326920704511052
0.6231743162452759 0.9326920704511052
0.6272147202856799 0.9326920704511052
0.631255124326084 0.9326920704511052
0.6352955283664881 0.9326920704511052
0.6393359324068921 0.9326920704511052
0.6433763364472961 0.9326920704511052
0.6474167404877001 0.9326920704511052
0.6514571445281041 0.9326920704511052
0.6554975485685082 0.9326920704511052
0.6595379526089122 0.9326920704511052
0.6635783566493163 0.9326920704511052
0.6676187606897204 0.9326920704511052
0.6716591647301244 0.9326920704511052
0.6756995687705284 0.9326920704511052
0.6797399728109325 0.9326920704511052
0.6837803768513364 0.9326920704511052
0.6878207808917405 0.9326920704511052
0.6918611849321445 0.9326920704511052
0.6959015889725486 0.9326920704511052
0.6999419930129527 0.9326920704511052
0.29994199301295266 0.9367324744915093
0.3039823970533567 0.9367324744915093
0.30802280109376073 0.9367324744915093
0.31206320513416475 0.9367324744915093
0.3161036091745688 0.9367324744915093
0.3201440132149729 0.9367324744915093
0.3241844172553769 0.9367324744915093
0.32822482129578096 0.9367324744915093
0.33226522533618497 0.9367324744915093
0.33630562937658903 0.9367324744915093
0.34034603341699304 0.9367324744915093
0.36054805361901326 0.9367324744915093
0.3645884576594173 0.9367324744915093
0.36862886169982134 0.9367324744915093
0.3726692657402254 0.9367324744915093
0.3767096697806294 0.9367324744915093
0.38075007382103343 0.9367324744915093
0.3847904778614375 0.9367324744915093
0.38883088190184156 0.9367324744915093
0.3928712859422456 0.9367324744915093
0.39691168998264964 0.9367324744915093
0.40095209402305365 0.9367324744915093
0.4049924980634577 0.9367324744915093
0.40903290210386173 0.9367324744915093
0.4130733061442658 0.9367324744915093
0.4171137101846698 0.9367324744915093
0.4211541142250739 0.9367324744915093
0.42519451826547794 0.9367324744915093
0.42923492230588195 0.9367324744915093
0.43327532634628596 0.9367324744915093
0.43731573038669 0.9367324744915093
0.4413561344270941 0.9367324744915093
0.4453965384674981 0.9367324744915093
0.4494369425079021 0.9367324744915093
0.4534773465483062 0.9367324744915093
0.45751775058871025 0.9367324744915093
0.46155815462911426 0.9367324744915093
0.4655985586695183 0.9367324744915093
0.46963896270992234 0.9367324744915093
0.4736793667503264 0.9367324744915093
0.47771977079073047 0.9367324744915093
0.4817601748311345 0.9367324744915093
0.4858005788715385 0.9367324744915093
0.48984098291194256 0.9367324744915093
0.4938813869523466 0.9367324744915093
0.49792179099275063 0.9367324744915093
0.5019621950331546 0.9367324744915093
0.5060025990735587 0.9367324744915093
0.5100430031139628 0.9367324744915093
0.5140834071543667 0.9367324744915093
0.5181238111947708 0.9367324744915093
0.5221642152351749 0.9367324744915093
0.5262046192755789 0.9367324744915093
0.530245023315983 0.9367324744915093
0.5342854273563871 0.9367324744915093
0.538325831396791 0.9367324744915093
0.5423662354371951 0.9367324744915093
0.5464066394775992 0.9367324744915093
0.5504470435180031 0.9367324744915093
0.5544874475584072 0.9367324744915093
0.5585278515988112 0.9367324744915093
0.5625682556392153 0.9367324744915093
0.5666086596796194 0.9367324744915093
0.5706490637200234 0.9367324744915093
0.5746894677604274 0.9367324744915093
0.5787298718008315 0.9367324744915093
0.5827702758412354 0.9367324744915093
0.5868106798816395 0.9367324744915093
0.5908510839220436 0.9367324744915093
0.5948914879624476 0.9367324744915093
0.5989318920028517 0.9367324744915093
0.6029722960432558 0.9367324744915093
0.6070127000836597 0.9367324744915093
0.6110531041240638 0.9367324744915093
0.6150935081644677 0.9367324744915093
0.6191339122048718 0.9367324744915093
0.6231743162452759 0.9367324744915093
0.6272147202856799 0.9367324744915093
0.631255124326084 0.9367324744915093
0.6352955283664881 0.9367324744915093
0.6393359324068921 0.9367324744915093
0.6433763364472961 0.9367324744915093
0.6474167404877001 0.9367324744915093
0.6514571445281041 0.9367324744915093
0.6554975485685082 0.9367324744915093
0.6595379526089122 0.9367324744915093
0.6635783566493163 0.9367324744915093
0.6676187606897204 0.9367324744915093
0.6716591647301244 0.9367324744915093
0.6756995687705284 0.9367324744915093
0.6797399728109325 0.9367324744915093
0.6837803768513364 0.9367324744915093
0.6878207808917405 0.9367324744915093
0.6918611849321445 0.9367324744915093
0.6959015889725486 0.9367324744915093
0.6999419930129527 0.9367324744915093
0.29994199301295266 0.9407728785319134
0.3039823970533567 0.9407728785319134
0.30802280109376073 0.9407728785319134
0.31206320513416475 0.9407728785319134
0.3161036091745688 0.9407728785319134
0.3201440132149729 0.9407728785319134
0.3241844172553769 0.9407728785319134
0.32822482129578096 0.9407728785319134
0.3484268414978011 0.9407728785319134
0.3524672455382052 0.9407728785319134
0.35650764957860925 0.9407728785319134
0.36054805361901326 0.9407728785319134
0.3645884576594173 0.9407728785319134
0.36862886169982134 0.9407728785319134
0.3726692657402254 0.9407728785319134
0.3767096697806294 0.9407728785319134
0.3847904778614375 0.9407728785319134
0.38883088190184156 0.9407728785319134
0.3928712859422456 0.9407728785319134
0.39691168998264964 0.9407728785319134
0.40095209402305365 0.9407728785319134
0.4049924980634577 0.9407728785319134
0.40903290210386173 0.9407728785319134
0.4130733061442658 0.9407728785319134
0.4171137101846698 0.9407728785319134
0.4211541142250739 0.9407728785319134
0.42519451826547794 0.9407728785319134
0.42923492230588195 0.9407728785319134
0.43327532634628596 0.9407728785319134
0.43731573038669 0.9407728785319134
0.4413561344270941 0.9407728785319134
0.4453965384674981 0.9407728785319134
0.4494369425079021 0.9407728785319134
0.4534773465483062 0.9407728785319134
0.45751775058871025 0.9407728785319134
0.46155815462911426 0.9407728785319134
0.4655985586695183 0.9407728785319134
0.46963896270992234 0.9407728785319134
0.4736793667503264 0.9407728785319134
0.47771977079073047 0.9407728785319134
0.4817601748311345 0.9407728785319134
0.4858005788715385 0.9407728785319134
0.48984098291194256 0.9407728785319134
0.4938813869523466 0.9407728785319134
0.49792179099275063 0.9407728785319134
0.5019621950331546 0.9407728785319134
0.5060025990735587 0.9407728785319134
0.5100430031139628 0.9407728785319134
0.5140834071543667 0.9407728785319134
0.5181238111947708 0.9407728785319134
0.5221642152351749 0.9407728785319134
0.5262046192755789 0.9407728785319134
0.530245023315983 0.9407728785319134
0.5342854273563871 0.9407728785319134
0.538325831396791 0.9407728785319134
0.5423662354371951 0.9407728785319134
0.5464066394775992 0.9407728785319134
0.5504470435180031 0.9407728785319134
0.5544874475584072 0.9407728785319134
0.5585278515988112 0.9407728785319134
0.5625682556392153 0.9407728785319134
0.5666086596796194 0.9407728785319134
0.5706490637200234 0.9407728785319134
0.5746894677604274 0.9407728785319134
0.5787298718008315 0.9407728785319134
0.5827702758412354 0.9407728785319134
0.5868106798816395 0.9407728785319134
0.5908510839220436 0.9407728785319134
0.5948914879624476 0.9407728785319134
0.5989318920028517 0.9407728785319134
0.6029722960432558 0.9407728785319134
0.6070127000836597 0.9407728785319134
0.6110531041240638 0.9407728785319134
0.6150935081644677 0.9407728785319134
0.6191339122048718 0.9407728785319134
0.6231743162452759 0.9407728785319134
0.6272147202856799 0.9407728785319134
0.631255124326084 0.9407728785319134
0.6352955283664881 0.9407728785319134
0.6393359324068921 0.9407728785319134
0.6433763364472961 0.9407728785319134
0.6474167404877001 0.9407728785319134
0.6514571445281041 0.9407728785319134
0.6554975485685082 0.9407728785319134
0.6595379526089122 0.9407728785319134
0.6635783566493163 0.9407728785319134
0.6676187606897204 0.9407728785319134
0.6716591647301244 0.9407728785319134
0.6756995687705284 0.9407728785319134
0.6797399728109325 0.9407728785319134
0.6837803768513364 0.9407728785319134
0.6878207808917405 0.9407728785319134
0.6918611849321445 0.9407728785319134
0.6959015889725486 0.9407728785319134
0.6999419930129527 0.9407728785319134
0.29994199301295266 0.9448132825723174
0.3039823970533567 0.9448132825723174
0.30802280109376073 0.9448132825723174
0.31206320513416475 0.9448132825723174
0.3161036091745688 0.9448132825723174
0.34034603341699304 0.9448132825723174
0.3443864374573971 0.9448132825723174
0.3484268414978011 0.9448132825723174
0.3524672455382052 0.9448132825723174
0.35650764957860925 0.9448132825723174
0.36054805361901326 0.9448132825723174
0.3645884576594173 0.9448132825723174
0.36862886169982134 0.9448132825723174
0.3726692657402254 0.9448132825723174
0.3767096697806294 0.9448132825723174
0.38075007382103343 0.9448132825723174
0.3847904778614375 0.9448132825723174
0.38883088190184156 0.9448132825723174
0.3928712859422456 0.9448132825723174
0.39691168998264964 0.9448132825723174
0.40095209402305365 0.9448132825723174
0.4049924980634577 0.9448132825723174
0.40903290210386173 0.9448132825723174
0.4130733061442658 0.9448132825723174
0.4171137101846698 0.9448132825723174
0.4211541142250739 0.9448132825723174
0.42519451826547794 0.9448132825723174
0.42923492230588195 0.9448132825723174
0.43327532634628596 0.9448132825723174
0.43731573038669 0.9448132825723174
0.4413561344270941 0.9448132825723174
0.4453965384674981 0.9448132825723174
0.4494369425079021 0.9448132825723174
0.4534773465483062 0.9448132825723174
0.45751775058871025 0.9448132825723174
0.46155815462911426 0.9448132825723174
0.4655985586695183 0.9448132825723174
0.46963896270992234 0.9448132825723174
0.4736793667503264 0.9448132825723174
0.47771977079073047 0.9448132825723174
0.4817601748311345 0.9448132825723174
0.4858005788715385 0.9448132825723174
0.48984098291194256 0.9448132825723174
0.4938813869523466 0.9448132825723174
0.49792179099275063 0.9448132825723174
0.5019621950331546 0.9448132825723174
0.5060025990735587 0.9448132825723174
0.5100430031139628 0.9448132825723174
0.5140834071543667 0.9448132825723174
0.5181238111947708 0.9448132825723174
0.5221642152351749 0.9448132825723174
0.5262046192755789 0.9448132825723174
0.530245023315983 0.9448132825723174
0.5342854273563871 0.9448132825723174
0.538325831396791 0.9448132825723174
0.5423662354371951 0.9448132825723174
0.5464066394775992 0.9448132825723174
0.5504470435180031 0.9448132825723174
0.5544874475584072 0.9448132825723174
0.5585278515988112 0.9448132825723174
0.5625682556392153 0.9448132825723174
0.5666086596796194 0.9448132825723174
0.5706490637200234 0.9448132825723174
0.5746894677604274 0.9448132825723174
0.5787298718008315 0.9448132825723174
0.5827702758412354 0.9448132825723174
0.5868106798816395 0.9448132825723174
0.5908510839220436 0.9448132825723174
0.5948914879624476 0.9448132825723174
0.5989318920028517 0.9448132825723174
0.6029722960432558 0.9448132825723174
0.6070127000836597 0.9448132825723174
0.6110531041240638 0.9448132825723174
0.6150935081644677 0.9448132825723174
0.6191339122048718 0.9448132825723174
0.6231743162452759 0.9448132825723174
0.6272147202856799 0.9448132825723174
0.631255124326084 0.9448132825723174
0.6352955283664881 0.9448132825723174
0.6393359324068921 0.9448132825723174
0.6433763364472961 0.9448132825723174
0.6474167404877001 0.9448132825723174
0.6514571445281041 0.9448132825723174
0.6554975485685082 0.9448132825723174
0.6595379526089122 0.9448132825723174
0.6635783566493163 0.9448132825723174
0.6676187606897204 0.9448132825723174
0.6716591647301244 0.9448132825723174
0.6756995687705284 0.9448132825723174
0.6797399728109325 0.9448132825723174
0.6837803768513364 0.9448132825723174
0.6878207808917405 0.9448132825723174
0.6918611849321445 0.9448132825723174
0.6959015889725486 0.9448132825723174
0.6999419930129527 0.9448132825723174
0.29994199301295266 0.9488536866127214
0.3039823970533567 0.9488536866127214
0.32822482129578096 0.9488536866127214
0.33226522533618497 0.9488536866127214
0.33630562937658903 0.9488536866127214
0.34034603341699304 0.9488536866127214
0.3443864374573971 0.9488536866127214
0.3484268414978011 0.9488536866127214
0.3524672455382052 0.9488536866127214
0.35650764957860925 0.9488536866127214
0.3645884576594173 0.9488536866127214
0.36862886169982134 0.9488536866127214
0.3726692657402254 0.9488536866127214
0.3767096697806294 0.9488536866127214
0.38075007382103343 0.9488536866127214
0.3847904778614375 0.9488536866127214
0.38883088190184156 0.9488536866127214
0.3928712859422456 0.9488536866127214
0.39691168998264964 0.9488536866127214
0.40095209402305365 0.9488536866127214
0.4049924980634577 0.9488536866127214
0.40903290210386173 0.9488536866127214
0.4130733061442658 0.9488536866127214
0.4171137101846698 0.9488536866127214
0.4211541142250739 0.9488536866127214
0.42519451826547794 0.9488536866127214
0.42923492230588195 0.9488536866127214
0.43327532634628596 0.9488536866127214
0.43731573038669 0.9488536866127214
0.4413561344270941 0.9488536866127214
0.4453965384674981 0.9488536866127214
0.4494369425079021 0.9488536866127214
0.4534773465483062 0.9488536866127214
0.45751775058871025 0.9488536866127214
0.46155815462911426 0.9488536866127214
0.4655985586695183 0.9488536866127214
0.46963896270992234 0.9488536866127214
0.4736793667503264 0.9488536866127214
0.47771977079073047 0.9488536866127214
0.4817601748311345 0.9488536866127214
0.4858005788715385 0.9488536866127214
0.48984098291194256 0.9488536866127214
0.4938813869523466 0.9488536866127214
0.49792179099275063 0.9488536866127214
0.5019621950331546 0.9488536866127214
0.5060025990735587 0.9488536866127214
0.5100430031139628 0.9488536866127214
0.5140834071543667 0.9488536866127214
0.5181238111947708 0.9488536866127214
0.5221642152351749 0.9488536866127214
0.5262046192755789 0.9488536866127214
0.530245023315983 0.9488536866127214
0.5342854273563871 0.9488536866127214
0.538325831396791 0.9488536866127214
0.5423662354371951 0.9488536866127214
0.5464066394775992 0.9488536866127214
0.5504470435180031 0.9488536866127214
0.5544874475584072 0.9488536866127214
0.5585278515988112 0.9488536866127214
0.5625682556392153 0.9488536866127214
0.5666086596796194 0.9488536866127214
0.5706490637200234 0.9488536866127214
0.5746894677604274 0.9488536866127214
0.5787298718008315 0.9488536866127214
0.5827702758412354 0.9488536866127214
0.5868106798816395 0.9488536866127214
0.5908510839220436 0.9488536866127214
0.5948914879624476 0.9488536866127214
0.5989318920028517 0.9488536866127214
0.6029722960432558 0.9488536866127214
0.6070127000836597 0.9488536866127214
0.6110531041240638 0.9488536866127214
0.6150935081644677 0.9488536866127214
0.6191339122048718 0.9488536866127214
0.6231743162452759 0.9488536866127214
0.6272147202856799 0.9488536866127214
0.631255124326084 0.9488536866127214
0.6352955283664881 0.9488536866127214
0.6393359324068921 0.9488536866127214
0.6433763364472961 0.9488536866127214
0.6474167404877001 0.9488536866127214
0.6514571445281041 0.9488536866127214
0.6554975485685082 0.9488536866127214
0.6595379526089122 0.9488536866127214
0.6635783566493163 0.9488536866127214
0.6676187606897204 0.9488536866127214
0.6716591647301244 0.9488536866127214
0.6756995687705284 0.9488536866127214
0.6797399728109325 0.9488536866127214
0.6837803768513364 0.9488536866127214
0.6878207808917405 0.9488536866127214
0.6918611849321445 0.9488536866127214
0.6959015889725486 0.9488536866127214
0.6999419930129527 0.9488536866127214
0.3161036091745688 0.9528940906531255
0.3201440132149729 0.9528940906531255
0.3241844172553769 0.9528940906531255
0.32822482129578096 0.9528940906531255
0.33630562937658903 0.9528940906531255
0.34034603341699304 0.9528940906531255
0.3443864374573971 0.9528940906531255
0.3484268414978011 0.9528940906531255
0.3524672455382052 0.9528940906531255
0.35650764957860925 0.9528940906531255
0.36054805361901326 0.9528940906531255
0.3645884576594173 0.9528940906531255
0.36862886169982134 0.9528940906531255
0.3726692657402254 0.9528940906531255
0.3767096697806294 0.9528940906531255
0.38075007382103343 0.9528940906531255
0.3847904778614375 0.9528940906531255
0.38883088190184156 0.9528940906531255
0.3928712859422456 0.9528940906531255
0.39691168998264964 0.9528940906531255
0.40095209402305365 0.9528940906531255
0.4049924980634577 0.9528940906531255
0.40903290210386173 0.9528940906531255
0.4130733061442658 0.9528940906531255
0.4171137101846698 0.9528940906531255
0.4211541142250739 0.9528940906531255
0.42519451826547794 0.9528940906531255
0.42923492230588195 0.9528940906531255
0.43327532634628596 0.9528940906531255
0.43731573038669 0.9528940906531255
0.4413561344270941 0.9528940906531255
0.4453965384674981 0.9528940906531255
0.4494369425079021 0.9528940906531255
0.4534773465483062 0.9528940906531255
0.45751775058871025 0.9528940906531255
0.46155815462911426 0.9528940906531255
0.4655985586695183 0.9528940906531255
0.46963896270992234 0.9528940906531255
0.4736793667503264 0.9528940906531255
0.47771977079073047 0.9528940906531255
0.4817601748311345 0.9528940906531255
0.4858005788715385 0.9528940906531255
0.48984098291194256 0.9528940906531255
0.4938813869523466 0.9528940906531255
0.49792179099275063 0.9528940906531255
0.5019621950331546 0.9528940906531255
0.5060025990735587 0.9528940906531255
0.5100430031139628 0.9528940906531255
0.5140834071543667 0.9528940906531255
0.5181238111947708 0.9528940906531255
0.5221642152351749 0.9528940906531255
0.5262046192755789 0.9528940906531255
0.530245023315983 0.9528940906531255
0.5342854273563871 0.9528940906531255
0.538325831396791 0.9528940906531255
0.5423662354371951 0.9528940906531255
0.5464066394775992 0.9528940906531255
0.5504470435180031 0.9528940906531255
0.5544874475584072 0.9528940906531255
0.5585278515988112 0.9528940906531255
0.5625682556392153 0.9528940906531255
0.5666086596796194 0.9528940906531255
0.5706490637200234 0.9528940906531255
0.5746894677604274 0.9528940906531255
0.5787298718008315 0.9528940906531255
0.5827702758412354 0.9528940906531255
0.5868106798816395 0.9528940906531255
0.5908510839220436 0.9528940906531255
0.5948914879624476 0.9528940906531255
0.5989318920028517 0.9528940906531255
0.6029722960432558 0.9528940906531255
0.6070127000836597 0.9528940906531255
0.6110531041240638 0.9528940906531255
0.6150935081644677 0.9528940906531255
0.6191339122048718 0.9528940906531255
0.6231743162452759 0.9528940906531255
0.6272147202856799 0.9528940906531255
0.631255124326084 0.9528940906531255
0.6352955283664881 0.9528940906531255
0.6393359324068921 0.9528940906531255
0.6433763364472961 0.9528940906531255
0.6474167404877001 0.9528940906531255
0.6514571445281041 0.9528940906531255
0.6554975485685082 0.9528940906531255
0.6595379526089122 0.9528940906531255
0.6635783566493163 0.9528940906531255
0.6676187606897204 0.9528940906531255
0.6716591647301244 0.9528940906531255
0.6756995687705284 0.9528940906531255
0.6797399728109325 0.9528940906531255
0.6837803768513364 0.9528940906531255
0.6878207808917405 0.9528940906531255
0.6918611849321445 0.9528940906531255
0.6959015889725486 0.9528940906531255
0.6999419930129527 0.9528940906531255
0.3039823970533567 0.9569344946935294
0.30802280109376073 0.9569344946935294
0.31206320513416475 0.9569344946935294
0.3161036091745688 0.9569344946935294
0.3201440132149729 0.9569344946935294
0.3241844172553769 0.9569344946935294
0.32822482129578096 0.9569344946935294
0.33226522533618497 0.9569344946935294
0.34034603341699304 0.9569344946935294
0.3443864374573971 0.9569344946935294
0.3484268414978011 0.9569344946935294
0.3524672455382052 0.9569344946935294
0.35650764957860925 0.9569344946935294
0.36054805361901326 0.9569344946935294
0.3645884576594173 0.9569344946935294
0.36862886169982134 0.9569344946935294
0.3726692657402254 0.9569344946935294
0.3767096697806294 0.9569344946935294
0.38075007382103343 0.9569344946935294
0.3847904778614375 0.9569344946935294
0.38883088190184156 0.9569344946935294
0.3928712859422456 0.9569344946935294
0.39691168998264964 0.9569344946935294
0.40095209402305365 0.9569344946935294
0.4049924980634577 0.9569344946935294
0.40903290210386173 0.9569344946935294
0.4130733061442658 0.9569344946935294
0.4171137101846698 0.9569344946935294
0.4211541142250739 0.9569344946935294
0.42519451826547794 0.9569344946935294
0.42923492230588195 0.9569344946935294
0.43327532634628596 0.9569344946935294
0.43731573038669 0.9569344946935294
0.4413561344270941 0.9569344946935294
0.4453965384674981 0.9569344946935294
0.4494369425079021 0.9569344946935294
0.4534773465483062 0.9569344946935294
0.45751775058871025 0.9569344946935294
0.46155815462911426 0.9569344946935294
0.4655985586695183 0.9569344946935294
0.46963896270992234 0.9569344946935294
0.4736793667503264 0.9569344946935294
0.47771977079073047 0.9569344946935294
0.4817601748311345 0.9569344946935294
0.4858005788715385 0.9569344946935294
0.48984098291194256 0.9569344946935294
0.4938813869523466 0.9569344946935294
0.49792179099275063 0.9569344946935294
0.5019621950331546 0.9569344946935294
0.5060025990735587 0.9569344946935294
0.5100430031139628 0.9569344946935294
0.5140834071543667 0.9569344946935294
0.5181238111947708 0.9569344946935294
0.5221642152351749 0.9569344946935294
0.5262046192755789 0.9569344946935294
0.530245023315983 0.9569344946935294
0.5342854273563871 0.9569344946935294
0.538325831396791 0.9569344946935294
0.5423662354371951 0.9569344946935294
0.5464066394775992 0.9569344946935294
0.5504470435180031 0.9569344946935294
0.5544874475584072 0.9569344946935294
0.5585278515988112 0.9569344946935294
0.5625682556392153 0.9569344946935294
0.5666086596796194 0.9569344946935294
0.5706490637200234 0.9569344946935294
0.5746894677604274 0.9569344946935294
0.5787298718008315 0.9569344946935294
0.5827702758412354 0.9569344946935294
0.5868106798816395 0.9569344946935294
0.5908510839220436 0.9569344946935294
0.5948914879624476 0.9569344946935294
0.5989318920028517 0.9569344946935294
0.6029722960432558 0.9569344946935294
0.6070127000836597 0.9569344946935294
0.6110531041240638 0.9569344946935294
0.6150935081644677 0.9569344946935294
0.6191339122048718 0.9569344946935294
0.6231743162452759 0.9569344946935294
0.6272147202856799 0.9569344946935294
0.631255124326084 0.9569344946935294
0.6352955283664881 0.9569344946935294
0.6393359324068921 0.9569344946935294
0.6433763364472961 0.9569344946935294
0.6474167404877001 0.9569344946935294
0.6514571445281041 0.9569344946935294
0.6554975485685082 0.9569344946935294
0.6595379526089122 0.9569344946935294
0.6635783566493163 0.9569344946935294
0.6676187606897204 0.9569344946935294
0.6716591647301244 0.9569344946935294
0.6756995687705284 0.9569344946935294
0.6797399728109325 0.9569344946935294
0.6837803768513364 0.9569344946935294
0.6878207808917405 0.9569344946935294
0.6918611849321445 0.9569344946935294
0.6959015889725486 0.9569344946935294
0.6999419930129527 0.9569344946935294
0.29994199301295266 0.9609748987339335
0.3039823970533567 0.9609748987339335
0.30802280109376073 0.9609748987339335
0.31206320513416475 0.9609748987339335
0.3161036091745688 0.9609748987339335
0.3201440132149729 0.9609748987339335
0.3241844172553769 0.9609748987339335
0.33226522533618497 0.9609748987339335
0.33630562937658903 0.9609748987339335
0.34034603341699304 0.9609748987339335
0.3443864374573971 0.9609748987339335
0.3484268414978011 0.9609748987339335
0.3524672455382052 0.9609748987339335
0.35650764957860925 0.9609748987339335
0.36054805361901326 0.9609748987339335
0.36862886169982134 0.9609748987339335
0.3726692657402254 0.9609748987339335
0.3767096697806294 0.9609748987339335
0.38075007382103343 0.9609748987339335
0.3847904778614375 0.9609748987339335
0.38883088190184156 0.9609748987339335
0.3928712859422456 0.9609748987339335
0.39691168998264964 0.9609748987339335
0.40095209402305365 0.9609748987339335
0.4049924980634577 0.9609748987339335
0.40903290210386173 0.9609748987339335
0.4130733061442658 0.9609748987339335
0.4171137101846698 0.9609748987339335
0.4211541142250739 0.9609748987339335
0.42519451826547794 0.9609748987339335
0.42923492230588195 0.9609748987339335
0.43327532634628596 0.9609748987339335
0.43731573038669 0.9609748987339335
0.4413561344270941 0.9609748987339335
0.4453965384674981 0.9609748987339335
0.4494369425079021 0.9609748987339335
0.4534773465483062 0.9609748987339335
0.45751775058871025 0.9609748987339335
0.46155815462911426 0.9609748987339335
0.4655985586695183 0.9609748987339335
0.46963896270992234 0.9609748987339335
0.4736793667503264 0.9609748987339335
0.47771977079073047 0.9609748987339335
0.4817601748311345 0.9609748987339335
0.4858005788715385 0.9609748987339335
0.48984098291194256 0.9609748987339335
0.4938813869523466 0.9609748987339335
0.49792179099275063 0.9609748987339335
0.5019621950331546 0.9609748987339335
0.5060025990735587 0.9609748987339335
0.5100430031139628 0.9609748987339335
0.5140834071543667 0.9609748987339335
0.5181238111947708 0.9609748987339335
0.5221642152351749 0.9609748987339335
0.5262046192755789 0.9609748987339335
0.530245023315983 0.9609748987339335
0.5342854273563871 0.9609748987339335
0.538325831396791 0.9609748987339335
0.5423662354371951 0.9609748987339335
0.5464066394775992 0.9609748987339335
0.5504470435180031 0.9609748987339335
0.5544874475584072 0.9609748987339335
0.5585278515988112 0.9609748987339335
0.5625682556392153 0.9609748987339335
0.5666086596796194 0.9609748987339335
0.5706490637200234 0.9609748987339335
0.5746894677604274 0.9609748987339335
0.5787298718008315 0.9609748987339335
0.5827702758412354 0.9609748987339335
0.5868106798816395 0.9609748987339335
0.5908510839220436 0.9609748987339335
0.5948914879624476 0.9609748987339335
0.5989318920028517 0.9609748987339335
0.6029722960432558 0.9609748987339335
0.6070127000836597 0.9609748987339335
0.6110531041240638 0.9609748987339335
0.6150935081644677 0.9609748987339335
0.6191339122048718 0.9609748987339335
0.6231743162452759 0.9609748987339335
0.6272147202856799 0.9609748987339335
0.631255124326084 0.9609748987339335
0.6352955283664881 0.9609748987339335
0.6393359324068921 0.9609748987339335
0.6433763364472961 0.9609748987339335
0.6474167404877001 0.9609748987339335
0.6514571445281041 0.9609748987339335
0.6554975485685082 0.9609748987339335
0.6595379526089122 0.9609748987339335
0.6635783566493163 0.9609748987339335
0.6676187606897204 0.9609748987339335
0.6716591647301244 0.9609748987339335
0.6756995687705284 0.9609748987339335
0.6797399728109325 0.9609748987339335
0.6837803768513364 0.9609748987339335
0.6878207808917405 0.9609748987339335
0.6918611849321445 0.9609748987339335
0.6959015889725486 0.9609748987339335
0.6999419930129527 0.9609748987339335
0.29994199301295266 0.9650153027743376
0.3039823970533567 0.9650153027743376
0.30802280109376073 0.9650153027743376
0.31206320513416475 0.9650153027743376
0.3161036091745688 0.9650153027743376
0.3201440132149729 0.9650153027743376
0.3241844172553769 0.9650153027743376
0.32822482129578096 0.9650153027743376
0.33226522533618497 0.9650153027743376
0.33630562937658903 0.9650153027743376
0.34034603341699304 0.9650153027743376
0.3443864374573971 0.9650153027743376
0.3484268414978011 0.9650153027743376
0.3524672455382052 0.9650153027743376
0.35650764957860925 0.9650153027743376
0.36054805361901326 0.9650153027743376
0.3645884576594173 0.9650153027743376
0.36862886169982134 0.9650153027743376
0.3726692657402254 0.9650153027743376
0.3767096697806294 0.9650153027743376
0.38075007382103343 0.9650153027743376
0.3847904778614375 0.9650153027743376
0.38883088190184156 0.9650153027743376
0.3928712859422456 0.9650153027743376
0.39691168998264964 0.9650153027743376
0.40095209402305365 0.9650153027743376
0.4049924980634577 0.9650153027743376
0.40903290210386173 0.9650153027743376
0.4130733061442658 0.9650153027743376
0.4171137101846698 0.9650153027743376
0.4211541142250739 0.9650153027743376
0.42519451826547794 0.9650153027743376
0.42923492230588195 0.9650153027743376
0.43327532634628596 0.9650153027743376
0.43731573038669 0.9650153027743376
0.4413561344270941 0.9650153027743376
0.4453965384674981 0.9650153027743376
0.4494369425079021 0.9650153027743376
0.4534773465483062 0.9650153027743376
0.45751775058871025 0.9650153027743376
0.46155815462911426 0.9650153027743376
0.4655985586695183 0.9650153027743376
0.46963896270992234 0.9650153027743376
0.4736793667503264 0.9650153027743376
0.47771977079073047 0.9650153027743376
0.4817601748311345 0.9650153027743376
0.4858005788715385 0.9650153027743376
0.48984098291194256 0.9650153027743376
0.4938813869523466 0.9650153027743376
0.49792179099275063 0.9650153027743376
0.5019621950331546 0.9650153027743376
0.5060025990735587 0.9650153027743376
0.5100430031139628 0.9650153027743376
0.5140834071543667 0.9650153027743376
0.5181238111947708 0.9650153027743376
0.5221642152351749 0.9650153027743376
0.5262046192755789 0.9650153027743376
0.530245023315983 0.9650153027743376
0.5342854273563871 0.9650153027743376
0.538325831396791 0.9650153027743376
0.5423662354371951 0.9650153027743376
0.5464066394775992 0.9650153027743376
0.5504470435180031 0.9650153027743376
0.5544874475584072 0.9650153027743376
0.5585278515988112 0.9650153027743376
0.5625682556392153 0.9650153027743376
0.5666086596796194 0.9650153027743376
0.5706490637200234 0.9650153027743376
0.5746894677604274 0.9650153027743376
0.5787298718008315 0.9650153027743376
0.5827702758412354 0.9650153027743376
0.5868106798816395 0.9650153027743376
0.5908510839220436 0.9650153027743376
0.5948914879624476 0.9650153027743376
0.5989318920028517 0.9650153027743376
0.6029722960432558 0.9650153027743376
0.6070127000836597 0.9650153027743376
0.6110531041240638 0.9650153027743376
0.6150935081644677 0.9650153027743376
0.6191339122048718 0.9650153027743376
0.6231743162452759 0.9650153027743376
0.6272147202856799 0.9650153027743376
0.631255124326084 0.9650153027743376
0.6352955283664881 0.9650153027743376
0.6393359324068921 0.9650153027743376
0.6433763364472961 0.9650153027743376
0.6474167404877001 0.9650153027743376
0.6514571445281041 0.9650153027743376
0.6554975485685082 0.9650153027743376
0.6595379526089122 0.9650153027743376
0.6635783566493163 0.9650153027743376
0.6676187606897204 0.9650153027743376
0.6716591647301244 0.9650153027743376
0.6756995687705284 0.9650153027743376
0.6797399728109325 0.9650153027743376
0.6837803768513364 0.9650153027743376
0.6878207808917405 0.9650153027743376
0.6918611849321445 0.9650153027743376
0.6959015889725486 0.9650153027743376
0.6999419930129527 0.9650153027743376
0.29994199301295266 0.9690557068147416
0.3039823970533567 0.9690557068147416
0.30802280109376073 0.9690557068147416
0.31206320513416475 0.9690557068147416
0.3161036091745688 0.9690557068147416
0.3201440132149729 0.9690557068147416
0.3241844172553769 0.9690557068147416
0.32822482129578096 0.9690557068147416
0.33226522533618497 0.9690557068147416
0.33630562937658903 0.9690557068147416
0.34034603341699304 0.9690557068147416
0.3443864374573971 0.9690557068147416
0.3484268414978011 0.9690557068147416
0.3524672455382052 0.9690557068147416
0.35650764957860925 0.9690557068147416
0.36054805361901326 0.9690557068147416
0.3645884576594173 0.9690557068147416
0.36862886169982134 0.9690557068147416
0.3726692657402254 0.9690557068147416
0.3767096697806294 0.9690557068147416
0.38075007382103343 0.9690557068147416
0.3847904778614375 0.9690557068147416
0.38883088190184156 0.9690557068147416
0.3928712859422456 0.9690557068147416
0.39691168998264964 0.9690557068147416
0.40095209402305365 0.9690557068147416
0.4049924980634577 0.9690557068147416
0.40903290210386173 0.9690557068147416
0.4130733061442658 0.9690557068147416
0.4171137101846698 0.9690557068147416
0.4211541142250739 0.9690557068147416
0.42519451826547794 0.9690557068147416
0.42923492230588195 0.9690557068147416
0.43327532634628596 0.9690557068147416
0.43731573038669 0.9690557068147416
0.4413561344270941 0.9690557068147416
0.4453965384674981 0.9690557068147416
0.4494369425079021 0.9690557068147416
0.4534773465483062 0.9690557068147416
0.45751775058871025 0.9690557068147416
0.46155815462911426 0.9690557068147416
0.4655985586695183 0.9690557068147416
0.46963896270992234 0.9690557068147416
0.4736793667503264 0.9690557068147416
0.47771977079073047 0.9690557068147416
0.4817601748311345 0.9690557068147416
0.4858005788715385 0.9690557068147416
0.48984098291194256 0.9690557068147416
0.4938813869523466 0.9690557068147416
0.49792179099275063 0.9690557068147416
0.5019621950331546 0.9690557068147416
0.5060025990735587 0.9690557068147416
0.5100430031139628 0.9690557068147416
0.5140834071543667 0.9690557068147416
0.5181238111947708 0.9690557068147416
0.5221642152351749 0.9690557068147416
0.5262046192755789 0.9690557068147416
0.530245023315983 0.9690557068147416
0.5342854273563871 0.9690557068147416
0.538325831396791 0.9690557068147416
0.5423662354371951 0.9690557068147416
0.5464066394775992 0.9690557068147416
0.5504470435180031 0.9690557068147416
0.5544874475584072 0.9690557068147416
0.5585278515988112 0.9690557068147416
0.5625682556392153 0.9690557068147416
0.5666086596796194 0.9690557068147416
0.5706490637200234 0.9690557068147416
0.5746894677604274 0.9690557068147416
0.5787298718008315 0.9690557068147416
0.5827702758412354 0.9690557068147416
0.5868106798816395 0.9690557068147416
0.5908510839220436 0.9690557068147416
0.5948914879624476 0.9690557068147416
0.5989318920028517 0.9690557068147416
0.6029722960432558 0.9690557068147416
0.6070127000836597 0.9690557068147416
0.6110531041240638 0.9690557068147416
0.6150935081644677 0.9690557068147416
0.6191339122048718 0.9690557068147416
0.6231743162452759 0.9690557068147416
0.6272147202856799 0.9690557068147416
0.631255124326084 0.9690557068147416
0.6352955283664881 0.9690557068147416
0.6393359324068921 0.9690557068147416
0.6433763364472961 0.9690557068147416
0.6474167404877001 0.9690557068147416
0.6514571445281041 0.9690557068147416
0.6554975485685082 0.9690557068147416
0.6595379526089122 0.9690557068147416
0.6635783566493163 0.9690557068147416
0.6676187606897204 0.9690557068147416
0.6716591647301244 0.9690557068147416
0.6756995687705284 0.9690557068147416
0.6797399728109325 0.9690557068147416
0.6837803768513364 0.9690557068147416
0.6878207808917405 0.9690557068147416
0.6918611849321445 0.9690557068147416
0.6959015889725486 0.9690557068147416
0.6999419930129527 0.9690557068147416
0.29994199301295266 0.9730961108551457
0.3039823970533567 0.9730961108551457
0.30802280109376073 0.9730961108551457
0.31206320513416475 0.9730961108551457
0.3161036091745688 0.9730961108551457
0.3201440132149729 0.9730961108551457
0.3241844172553769 0.9730961108551457
0.32822482129578096 0.9730961108551457
0.33226522533618497 0.9730961108551457
0.33630562937658903 0.9730961108551457
0.34034603341699304 0.9730961108551457
0.3443864374573971 0.9730961108551457
0.3484268414978011 0.9730961108551457
0.3524672455382052 0.9730961108551457
0.35650764957860925 0.9730961108551457
0.36054805361901326 0.9730961108551457
0.3645884576594173 0.9730961108551457
0.36862886169982134 0.9730961108551457
0.3726692657402254 0.9730961108551457
0.3767096697806294 0.9730961108551457
0.38075007382103343 0.9730961108551457
0.3847904778614375 0.9730961108551457
0.38883088190184156 0.9730961108551457
0.3928712859422456 0.9730961108551457
0.39691168998264964 0.9730961108551457
0.40095209402305365 0.9730961108551457
0.4049924980634577 0.9730961108551457
0.40903290210386173 0.9730961108551457
0.4130733061442658 0.9730961108551457
0.4171137101846698 0.9730961108551457
0.4211541142250739 0.9730961108551457
0.42519451826547794 0.9730961108551457
0.42923492230588195 0.9730961108551457
0.43327532634628596 0.9730961108551457
0.43731573038669 0.9730961108551457
0.4413561344270941 0.9730961108551457
0.4453965384674981 0.9730961108551457
0.4494369425079021 0.9730961108551457
0.4534773465483062 0.9730961108551457
0.45751775058871025 0.9730961108551457
0.46155815462911426 0.9730961108551457
0.4655985586695183 0.9730961108551457
0.46963896270992234 0.9730961108551457
0.4736793667503264 0.9730961108551457
0.47771977079073047 0.9730961108551457
0.4817601748311345 0.9730961108551457
0.4858005788715385 0.9730961108551457
0.48984098291194256 0.9730961108551457
0.4938813869523466 0.9730961108551457
0.49792179099275063 0.9730961108551457
0.5019621950331546 0.9730961108551457
0.5060025990735587 0.9730961108551457
0.5100430031139628 0.9730961108551457
0.5140834071543667 0.9730961108551457
0.5181238111947708 0.9730961108551457
0.5221642152351749 0.9730961108551457
0.5262046192755789 0.9730961108551457
0.530245023315983 0.9730961108551457
0.5342854273563871 0.9730961108551457
0.538325831396791 0.9730961108551457
0.5423662354371951 0.9730961108551457
0.5464066394775992 0.9730961108551457
0.5504470435180031 0.9730961108551457
0.5544874475584072 0.9730961108551457
0.5585278515988112 0.9730961108551457
0.5625682556392153 0.9730961108551457
0.5666086596796194 0.9730961108551457
0.5706490637200234 0.9730961108551457
0.5746894677604274 0.9730961108551457
0.5787298718008315 0.9730961108551457
0.5827702758412354 0.9730961108551457
0.5868106798816395 0.9730961108551457
0.5908510839220436 0.9730961108551457
0.5948914879624476 0.9730961108551457
0.5989318920028517 0.9730961108551457
0.6029722960432558 0.9730961108551457
0.6070127000836597 0.9730961108551457
0.6110531041240638 0.9730961108551457
0.6150935081644677 0.9730961108551457
0.6191339122048718 0.9730961108551457
0.6231743162452759 0.9730961108551457
0.6272147202856799 0.9730961108551457
0.631255124326084 0.9730961108551457
0.6352955283664881 0.9730961108551457
0.6393359324068921 0.9730961108551457
0.6433763364472961 0.9730961108551457
0.6474167404877001 0.9730961108551457
0.6514571445281041 0.9730961108551457
0.6554975485685082 0.9730961108551457
0.6595379526089122 0.9730961108551457
0.6635783566493163 0.9730961108551457
0.6676187606897204 0.9730961108551457
0.6716591647301244 0.9730961108551457
0.6756995687705284 0.9730961108551457
0.6797399728109325 0.9730961108551457
0.6837803768513364 0.9730961108551457
0.6878207808917405 0.9730961108551457
0.6918611849321445 0.9730961108551457
0.6959015889725486 0.9730961108551457
0.6999419930129527 0.9730961108551457
0.29994199301295266 0.9771365148955498
0.3039823970533567 0.9771365148955498
0.30802280109376073 0.9771365148955498
0.31206320513416475 0.9771365148955498
0.3161036091745688 0.9771365148955498
0.3201440132149729 0.9771365148955498
0.3241844172553769 0.9771365148955498
0.32822482129578096 0.9771365148955498
0.33226522533618497 0.9771365148955498
0.33630562937658903 0.9771365148955498
0.34034603341699304 0.9771365148955498
0.3443864374573971 0.9771365148955498
0.3484268414978011 0.9771365148955498
0.3524672455382052 0.9771365148955498
0.35650764957860925 0.9771365148955498
0.36054805361901326 0.9771365148955498
0.3645884576594173 0.9771365148955498
0.36862886169982134 0.9771365148955498
0.3726692657402254 0.9771365148955498
0.3767096697806294 0.9771365148955498
0.38075007382103343 0.9771365148955498
0.3847904778614375 0.9771365148955498
0.38883088190184156 0.9771365148955498
0.3928712859422456 0.9771365148955498
0.39691168998264964 0.9771365148955498
0.40095209402305365 0.9771365148955498
0.4049924980634577 0.9771365148955498
0.40903290210386173 0.9771365148955498
0.4130733061442658 0.9771365148955498
0.4171137101846698 0.9771365148955498
0.4211541142250739 0.9771365148955498
0.42519451826547794 0.9771365148955498
0.42923492230588195 0.9771365148955498
0.43327532634628596 0.9771365148955498
0.43731573038669 0.9771365148955498
0.4413561344270941 0.9771365148955498
0.4453965384674981 0.9771365148955498
0.4494369425079021 0.9771365148955498
0.4534773465483062 0.9771365148955498
0.45751775058871025 0.9771365148955498
0.46155815462911426 0.9771365148955498
0.4655985586695183 0.9771365148955498
0.46963896270992234 0.9771365148955498
0.4736793667503264 0.9771365148955498
0.47771977079073047 0.9771365148955498
0.4817601748311345 0.9771365148955498
0.4858005788715385 0.9771365148955498
0.48984098291194256 0.9771365148955498
0.4938813869523466 0.9771365148955498
0.49792179099275063 0.9771365148955498
0.5019621950331546 0.9771365148955498
0.5060025990735587 0.9771365148955498
0.5100430031139628 0.9771365148955498
0.5140834071543667 0.9771365148955498
0.5181238111947708 0.9771365148955498
0.5221642152351749 0.9771365148955498
0.5262046192755789 0.9771365148955498
0.530245023315983 0.9771365148955498
0.5342854273563871 0.9771365148955498
0.538325831396791 0.9771365148955498
0.5423662354371951 0.9771365148955498
0.5464066394775992 0.9771365148955498
0.5504470435180031 0.9771365148955498
0.5544874475584072 0.9771365148955498
0.5585278515988112 0.9771365148955498
0.5625682556392153 0.9771365148955498
0.5666086596796194 0.9771365148955498
0.5706490637200234 0.9771365148955498
0.5746894677604274 0.9771365148955498
0.5787298718008315 0.9771365148955498
0.5827702758412354 0.9771365148955498
0.5868106798816395 0.9771365148955498
0.5908510839220436 0.9771365148955498
0.5948914879624476 0.9771365148955498
0.5989318920028517 0.9771365148955498
0.6029722960432558 0.9771365148955498
0.6070127000836597 0.9771365148955498
0.6110531041240638 0.9771365148955498
0.6150935081644677 0.9771365148955498
0.6191339122048718 0.9771365148955498
0.6231743162452759 0.9771365148955498
0.6272147202856799 0.9771365148955498
0.631255124326084 0.9771365148955498
0.6352955283664881 0.9771365148955498
0.6393359324068921 0.9771365148955498
0.6433763364472961 0.9771365148955498
0.6474167404877001 0.9771365148955498
0.6514571445281041 0.9771365148955498
0.6554975485685082 0.9771365148955498
0.6595379526089122 0.9771365148955498
0.6635783566493163 0.9771365148955498
0.6676187606897204 0.9771365148955498
0.6716591647301244 0.9771365148955498
0.6756995687705284 0.9771365148955498
0.6797399728109325 0.9771365148955498
0.6837803768513364 0.9771365148955498
0.6878207808917405 0.9771365148955498
0.6918611849321445 0.9771365148955498
0.6959015889725486 0.9771365148955498
0.6999419930129527 0.9771365148955498
0.29994199301295266 0.9811769189359537
0.3039823970533567 0.9811769189359537
0.30802280109376073 0.9811769189359537
0.31206320513416475 0.9811769189359537
0.3161036091745688 0.9811769189359537
0.3201440132149729 0.9811769189359537
0.3241844172553769 0.9811769189359537
0.32822482129578096 0.9811769189359537
0.33226522533618497 0.9811769189359537
0.33630562937658903 0.9811769189359537
0.34034603341699304 0.9811769189359537
0.3443864374573971 0.9811769189359537
0.3484268414978011 0.9811769189359537
0.3524672455382052 0.9811769189359537
0.35650764957860925 0.9811769189359537
0.36054805361901326 0.9811769189359537
0.3645884576594173 0.9811769189359537
0.36862886169982134 0.9811769189359537
0.3726692657402254 0.9811769189359537
0.3767096697806294 0.9811769189359537
0.38075007382103343 0.9811769189359537
0.3847904778614375 0.9811769189359537
0.38883088190184156 0.9811769189359537
0.3928712859422456 0.9811769189359537
0.39691168998264964 0.9811769189359537
0.40095209402305365 0.9811769189359537
0.4049924980634577 0.9811769189359537
0.40903290210386173 0.9811769189359537
0.4130733061442658 0.9811769189359537
0.4171137101846698 0.9811769189359537
0.4211541142250739 0.9811769189359537
0.42519451826547794 0.9811769189359537
0.42923492230588195 0.9811769189359537
0.43327532634628596 0.9811769189359537
0.43731573038669 0.9811769189359537
0.4413561344270941 0.9811769189359537
0.4453965384674981 0.9811769189359537
0.4494369425079021 0.9811769189359537
0.4534773465483062 0.9811769189359537
0.45751775058871025 0.9811769189359537
0.46155815462911426 0.9811769189359537
0.4655985586695183 0.9811769189359537
0.46963896270992234 0.9811769189359537
0.4736793667503264 0.9811769189359537
0.47771977079073047 0.9811769189359537
0.4817601748311345 0.9811769189359537
0.4858005788715385 0.9811769189359537
0.48984098291194256 0.9811769189359537
0.4938813869523466 0.9811769189359537
0.49792179099275063 0.9811769189359537
0.5019621950331546 0.9811769189359537
0.5060025990735587 0.9811769189359537
0.5100430031139628 0.9811769189359537
0.5140834071543667 0.9811769189359537
0.5181238111947708 0.9811769189359537
0.5221642152351749 0.9811769189359537
0.5262046192755789 0.9811769189359537
0.530245023315983 0.9811769189359537
0.5342854273563871 0.9811769189359537
0.538325831396791 0.9811769189359537
0.5423662354371951 0.9811769189359537
0.5464066394775992 0.9811769189359537
0.5504470435180031 0.9811769189359537
0.5544874475584072 0.9811769189359537
0.5585278515988112 0.9811769189359537
0.5625682556392153 0.9811769189359537
0.5666086596796194 0.9811769189359537
0.5706490637200234 0.9811769189359537
0.5746894677604274 0.9811769189359537
0.5787298718008315 0.9811769189359537
0.5827702758412354 0.9811769189359537
0.5868106798816395 0.9811769189359537
0.5908510839220436 0.9811769189359537
0.5948914879624476 0.9811769189359537
0.5989318920028517 0.9811769189359537
0.6029722960432558 0.9811769189359537
0.6070127000836597 0.9811769189359537
0.6110531041240638 0.9811769189359537
0.6150935081644677 0.9811769189359537
0.6191339122048718 0.9811769189359537
0.6231743162452759 0.9811769189359537
0.6272147202856799 0.9811769189359537
0.631255124326084 0.9811769189359537
0.6352955283664881 0.9811769189359537
0.6393359324068921 0.9811769189359537
0.6433763364472961 0.9811769189359537
0.6474167404877001 0.9811769189359537
0.6514571445281041 0.9811769189359537
0.6554975485685082 0.9811769189359537
0.6595379526089122 0.9811769189359537
0.6635783566493163 0.9811769189359537
0.6676187606897204 0.9811769189359537
0.6716591647301244 0.9811769189359537
0.6756995687705284 0.9811769189359537
0.6797399728109325 0.9811769189359537
0.6837803768513364 0.9811769189359537
0.6878207808917405 0.9811769189359537
0.6918611849321445 0.9811769189359537
0.6959015889725486 0.9811769189359537
0.6999419930129527 0.9811769189359537
0.29994199301295266 0.9852173229763578
0.3039823970533567 0.9852173229763578
0.30802280109376073 0.9852173229763578
0.31206320513416475 0.9852173229763578
0.3161036091745688 0.9852173229763578
0.3201440132149729 0.9852173229763578
0.3241844172553769 0.9852173229763578
0.32822482129578096 0.9852173229763578
0.33226522533618497 0.9852173229763578
0.33630562937658903 0.9852173229763578
0.34034603341699304 0.9852173229763578
0.3443864374573971 0.9852173229763578
0.3484268414978011 0.9852173229763578
0.3524672455382052 0.9852173229763578
0.35650764957860925 0.9852173229763578
0.36054805361901326 0.9852173229763578
0.3645884576594173 0.9852173229763578
0.36862886169982134 0.9852173229763578
0.3726692657402254 0.9852173229763578
0.3767096697806294 0.9852173229763578
0.38075007382103343 0.9852173229763578
0.3847904778614375 0.9852173229763578
0.38883088190184156 0.9852173229763578
0.3928712859422456 0.9852173229763578
0.39691168998264964 0.9852173229763578
0.40095209402305365 0.9852173229763578
0.4049924980634577 0.9852173229763578
0.40903290210386173 0.9852173229763578
0.4130733061442658 0.9852173229763578
0.4171137101846698 0.9852173229763578
0.4211541142250739 0.9852173229763578
0.42519451826547794 0.9852173229763578
0.42923492230588195 0.9852173229763578
0.43327532634628596 0.9852173229763578
0.43731573038669 0.9852173229763578
0.4413561344270941 0.9852173229763578
0.4453965384674981 0.9852173229763578
0.4494369425079021 0.9852173229763578
0.4534773465483062 0.9852173229763578
0.45751775058871025 0.9852173229763578
0.46155815462911426 0.9852173229763578
0.4655985586695183 0.9852173229763578
0.46963896270992234 0.9852173229763578
0.4736793667503264 0.9852173229763578
0.47771977079073047 0.9852173229763578
0.4817601748311345 0.9852173229763578
0.4858005788715385 0.9852173229763578
0.48984098291194256 0.9852173229763578
0.4938813869523466 0.9852173229763578
0.49792179099275063 0.9852173229763578
0.5019621950331546 0.9852173229763578
0.5060025990735587 0.9852173229763578
0.5100430031139628 0.9852173229763578
0.5140834071543667 0.9852173229763578
0.5181238111947708 0.9852173229763578
0.5221642152351749 0.9852173229763578
0.5262046192755789 0.9852173229763578
0.530245023315983 0.9852173229763578
0.5342854273563871 0.9852173229763578
0.538325831396791 0.9852173229763578
0.5423662354371951 0.9852173229763578
0.5464066394775992 0.9852173229763578
0.5504470435180031 0.9852173229763578
0.5544874475584072 0.9852173229763578
0.5585278515988112 0.9852173229763578
0.5625682556392153 0.9852173229763578
0.5666086596796194 0.9852173229763578
0.5706490637200234 0.9852173229763578
0.5746894677604274 0.9852173229763578
0.5787298718008315 0.9852173229763578
0.5827702758412354 0.9852173229763578
0.5868106798816395 0.9852173229763578
0.5908510839220436 0.9852173229763578
0.5948914879624476 0.9852173229763578
0.5989318920028517 0.9852173229763578
0.6029722960432558 0.9852173229763578
0.6070127000836597 0.9852173229763578
0.6110531041240638 0.9852173229763578
0.6150935081644677 0.9852173229763578
0.6191339122048718 0.9852173229763578
0.6231743162452759 0.9852173229763578
0.6272147202856799 0.9852173229763578
0.631255124326084 0.9852173229763578
0.6352955283664881 0.9852173229763578
0.6393359324068921 0.9852173229763578
0.6433763364472961 0.9852173229763578
0.6474167404877001 0.9852173229763578
0.6514571445281041 0.9852173229763578
0.6554975485685082 0.9852173229763578
0.6595379526089122 0.9852173229763578
0.6635783566493163 0.9852173229763578
0.6676187606897204 0.9852173229763578
0.6716591647301244 0.9852173229763578
0.6756995687705284 0.9852173229763578
0.6797399728109325 0.9852173229763578
0.6837803768513364 0.9852173229763578
0.6878207808917405 0.9852173229763578
0.6918611849321445 0.9852173229763578
0.6959015889725486 0.9852173229763578
0.6999419930129527 0.9852173229763578
0.29994199301295266 0.9892577270167617
0.3039823970533567 0.9892577270167617
0.30802280109376073 0.9892577270167617
0.31206320513416475 0.9892577270167617
0.3161036091745688 0.9892577270167617
0.3201440132149729 0.9892577270167617
0.3241844172553769 0.9892577270167617
0.32822482129578096 0.9892577270167617
0.33226522533618497 0.9892577270167617
0.33630562937658903 0.9892577270167617
0.34034603341699304 0.9892577270167617
0.3443864374573971 0.9892577270167617
0.3484268414978011 0.9892577270167617
0.3524672455382052 0.9892577270167617
0.35650764957860925 0.9892577270167617
0.36054805361901326 0.9892577270167617
0.3645884576594173 0.9892577270167617
0.36862886169982134 0.9892577270167617
0.3726692657402254 0.9892577270167617
0.3767096697806294 0.9892577270167617
0.38075007382103343 0.9892577270167617
0.3847904778614375 0.9892577270167617
0.38883088190184156 0.9892577270167617
0.3928712859422456 0.9892577270167617
0.39691168998264964 0.9892577270167617
0.40095209402305365 0.9892577270167617
0.4049924980634577 0.9892577270167617
0.40903290210386173 0.9892577270167617
0.4130733061442658 0.9892577270167617
0.4171137101846698 0.9892577270167617
0.4211541142250739 0.9892577270167617
0.42519451826547794 0.9892577270167617
0.42923492230588195 0.9892577270167617
0.43327532634628596 0.9892577270167617
0.43731573038669 0.9892577270167617
0.4413561344270941 0.9892577270167617
0.4453965384674981 0.9892577270167617
0.4494369425079021 0.9892577270167617
0.4534773465483062 0.9892577270167617
0.45751775058871025 0.9892577270167617
0.46155815462911426 0.9892577270167617
0.4655985586695183 0.9892577270167617
0.46963896270992234 0.9892577270167617
0.4736793667503264 0.9892577270167617
0.47771977079073047 0.9892577270167617
0.4817601748311345 0.9892577270167617
0.4858005788715385 0.9892577270167617
0.48984098291194256 0.9892577270167617
0.4938813869523466 0.9892577270167617
0.49792179099275063 0.9892577270167617
0.5019621950331546 0.9892577270167617
0.5060025990735587 0.9892577270167617
0.5100430031139628 0.9892577270167617
0.5140834071543667 0.9892577270167617
0.5181238111947708 0.9892577270167617
0.5221642152351749 0.9892577270167617
0.5262046192755789 0.9892577270167617
0.530245023315983 0.9892577270167617
0.5342854273563871 0.9892577270167617
0.538325831396791 0.9892577270167617
0.5423662354371951 0.9892577270167617
0.5464066394775992 0.9892577270167617
0.5504470435180031 0.9892577270167617
0.5544874475584072 0.9892577270167617
0.5585278515988112 0.9892577270167617
0.5625682556392153 0.9892577270167617
0.5666086596796194 0.9892577270167617
0.5706490637200234 0.9892577270167617
0.5746894677604274 0.9892577270167617
0.5787298718008315 0.9892577270167617
0.5827702758412354 0.9892577270167617
0.5868106798816395 0.9892577270167617
0.5908510839220436 0.9892577270167617
0.5948914879624476 0.9892577270167617
0.5989318920028517 0.9892577270167617
0.6029722960432558 0.9892577270167617
0.6070127000836597 0.9892577270167617
0.6110531041240638 0.9892577270167617
0.6150935081644677 0.9892577270167617
0.6191339122048718 0.9892577270167617
0.6231743162452759 0.9892577270167617
0.6272147202856799 0.9892577270167617
0.631255124326084 0.9892577270167617
0.6352955283664881 0.9892577270167617
0.6393359324068921 0.9892577270167617
0.6433763364472961 0.9892577270167617
0.6474167404877001 0.9892577270167617
0.6514571445281041 0.9892577270167617
0.6554975485685082 0.9892577270167617
0.6595379526089122 0.9892577270167617
0.6635783566493163 0.9892577270167617
0.6676187606897204 0.9892577270167617
0.6716591647301244 0.9892577270167617
0.6756995687705284 0.9892577270167617
0.6797399728109325 0.9892577270167617
0.6837803768513364 0.9892577270167617
0.6878207808917405 0.9892577270167617
0.6918611849321445 0.9892577270167617
0.6959015889725486 0.9892577270167617
0.6999419930129527 0.9892577270167617
0.29994199301295266 0.9932981310571658
0.3039823970533567 0.9932981310571658
0.30802280109376073 0.9932981310571658
0.31206320513416475 0.9932981310571658
0.3161036091745688 0.9932981310571658
0.3201440132149729 0.9932981310571658
0.3241844172553769 0.9932981310571658
0.32822482129578096 0.9932981310571658
0.33226522533618497 0.9932981310571658
0.33630562937658903 0.9932981310571658
0.34034603341699304 0.9932981310571658
0.3443864374573971 0.9932981310571658
0.3484268414978011 0.9932981310571658
0.3524672455382052 0.9932981310571658
0.35650764957860925 0.9932981310571658
0.36054805361901326 0.9932981310571658
0.3645884576594173 0.9932981310571658
0.36862886169982134 0.9932981310571658
0.3726692657402254 0.9932981310571658
0.3767096697806294 0.9932981310571658
0.38075007382103343 0.9932981310571658
0.3847904778614375 0.9932981310571658
0.38883088190184156 0.9932981310571658
0.3928712859422456 0.9932981310571658
0.39691168998264964 0.9932981310571658
0.40095209402305365 0.9932981310571658
0.4049924980634577 0.9932981310571658
0.40903290210386173 0.9932981310571658
0.4130733061442658 0.9932981310571658
0.4171137101846698 0.9932981310571658
0.4211541142250739 0.9932981310571658
0.42519451826547794 0.9932981310571658
0.42923492230588195 0.9932981310571658
0.43327532634628596 0.9932981310571658
0.43731573038669 0.9932981310571658
0.4413561344270941 0.9932981310571658
0.4453965384674981 0.9932981310571658
0.4494369425079021 0.9932981310571658
0.4534773465483062 0.9932981310571658
0.45751775058871025 0.9932981310571658
0.46155815462911426 0.9932981310571658
0.4655985586695183 0.9932981310571658
0.46963896270992234 0.9932981310571658
0.4736793667503264 0.9932981310571658
0.47771977079073047 0.9932981310571658
0.4817601748311345 0.9932981310571658
0.4858005788715385 0.9932981310571658
0.48984098291194256 0.9932981310571658
0.4938813869523466 0.9932981310571658
0.49792179099275063 0.9932981310571658
0.5019621950331546 0.9932981310571658
0.5060025990735587 0.9932981310571658
0.5100430031139628 0.9932981310571658
0.5140834071543667 0.9932981310571658
0.5181238111947708 0.9932981310571658
0.5221642152351749 0.9932981310571658
0.5262046192755789 0.9932981310571658
0.530245023315983 0.9932981310571658
0.5342854273563871 0.9932981310571658
0.538325831396791 0.9932981310571658
0.5423662354371951 0.9932981310571658
0.5464066394775992 0.9932981310571658
0.5504470435180031 0.9932981310571658
0.5544874475584072 0.9932981310571658
0.5585278515988112 0.9932981310571658
0.5625682556392153 0.9932981310571658
0.5666086596796194 0.9932981310571658
0.5706490637200234 0.9932981310571658
0.5746894677604274 0.9932981310571658
0.5787298718008315 0.9932981310571658
0.5827702758412354 0.9932981310571658
0.5868106798816395 0.9932981310571658
0.5908510839220436 0.9932981310571658
0.5948914879624476 0.9932981310571658
0.5989318920028517 0.9932981310571658
0.6029722960432558 0.9932981310571658
0.6070127000836597 0.9932981310571658
0.6110531041240638 0.9932981310571658
0.6150935081644677 0.9932981310571658
0.6191339122048718 0.9932981310571658
0.6231743162452759 0.9932981310571658
0.6272147202856799 0.9932981310571658
0.631255124326084 0.9932981310571658
0.6352955283664881 0.9932981310571658
0.6393359324068921 0.9932981310571658
0.6433763364472961 0.9932981310571658
0.6474167404877001 0.9932981310571658
0.6514571445281041 0.9932981310571658
0.6554975485685082 0.9932981310571658
0.6595379526089122 0.9932981310571658
0.6635783566493163 0.9932981310571658
0.6676187606897204 0.9932981310571658
0.6716591647301244 0.9932981310571658
0.6756995687705284 0.9932981310571658
0.6797399728109325 0.9932981310571658
0.6837803768513364 0.9932981310571658
0.6878207808917405 0.9932981310571658
0.6918611849321445 0.9932981310571658
0.6959015889725486 0.9932981310571658
0.6999419930129527 0.9932981310571658
0.29994199301295266 0.9973385350975699
0.3039823970533567 0.9973385350975699
0.30802280109376073 0.9973385350975699
0.31206320513416475 0.9973385350975699
0.3161036091745688 0.9973385350975699
0.3201440132149729 0.9973385350975699
0.3241844172553769 0.9973385350975699
0.32822482129578096 0.9973385350975699
0.33226522533618497 0.9973385350975699
0.33630562937658903 0.9973385350975699
0.34034603341699304 0.9973385350975699
0.3443864374573971 0.9973385350975699
0.3484268414978011 0.9973385350975699
0.3524672455382052 0.9973385350975699
0.35650764957860925 0.9973385350975699
0.36054805361901326 0.9973385350975699
0.3645884576594173 0.9973385350975699
0.36862886169982134 0.9973385350975699
0.3726692657402254 0.9973385350975699
0.3767096697806294 0.9973385350975699
0.38075007382103343 0.9973385350975699
0.3847904778614375 0.9973385350975699
0.38883088190184156 0.9973385350975699
0.3928712859422456 0.9973385350975699
0.39691168998264964 0.9973385350975699
0.40095209402305365 0.9973385350975699
0.4049924980634577 0.9973385350975699
0.40903290210386173 0.9973385350975699
0.4130733061442658 0.9973385350975699
0.4171137101846698 0.9973385350975699
0.4211541142250739 0.9973385350975699
0.42519451826547794 0.9973385350975699
0.42923492230588195 0.9973385350975699
0.43327532634628596 0.9973385350975699
0.43731573038669 0.9973385350975699
0.4413561344270941 0.9973385350975699
0.4453965384674981 0.9973385350975699
0.4494369425079021 0.9973385350975699
0.4534773465483062 0.9973385350975699
0.45751775058871025 0.9973385350975699
0.46155815462911426 0.9973385350975699
0.4655985586695183 0.9973385350975699
0.46963896270992234 0.9973385350975699
0.4736793667503264 0.9973385350975699
0.47771977079073047 0.9973385350975699
0.4817601748311345 0.9973385350975699
0.4858005788715385 0.9973385350975699
0.48984098291194256 0.9973385350975699
0.4938813869523466 0.9973385350975699
0.49792179099275063 0.9973385350975699
0.5019621950331546 0.9973385350975699
0.5060025990735587 0.9973385350975699
0.5100430031139628 0.9973385350975699
0.5140834071543667 0.9973385350975699
0.5181238111947708 0.9973385350975699
0.5221642152351749 0.9973385350975699
0.5262046192755789 0.9973385350975699
0.530245023315983 0.9973385350975699
0.5342854273563871 0.9973385350975699
0.538325831396791 0.9973385350975699
0.5423662354371951 0.9973385350975699
0.5464066394775992 0.9973385350975699
0.5504470435180031 0.9973385350975699
0.5544874475584072 0.9973385350975699
0.5585278515988112 0.9973385350975699
0.5625682556392153 0.9973385350975699
0.5666086596796194 0.9973385350975699
0.5706490637200234 0.9973385350975699
0.5746894677604274 0.9973385350975699
0.5787298718008315 0.9973385350975699
0.5827702758412354 0.9973385350975699
0.5868106798816395 0.9973385350975699
0.5908510839220436 0.9973385350975699
0.5948914879624476 0.9973385350975699
0.5989318920028517 0.9973385350975699
0.6029722960432558 0.9973385350975699
0.6070127000836597 0.9973385350975699
0.6110531041240638 0.9973385350975699
0.6150935081644677 0.9973385350975699
0.6191339122048718 0.9973385350975699
0.6231743162452759 0.9973385350975699
0.6272147202856799 0.9973385350975699
0.631255124326084 0.9973385350975699
0.6352955283664881 0.9973385350975699
0.6393359324068921 0.9973385350975699
0.6433763364472961 0.9973385350975699
0.6474167404877001 0.9973385350975699
0.6514571445281041 0.9973385350975699
0.6554975485685082 0.9973385350975699
0.6595379526089122 0.9973385350975699
0.6635783566493163 0.9973385350975699
0.6676187606897204 0.9973385350975699
0.6716591647301244 0.9973385350975699
0.6756995687705284 0.9973385350975699
0.6797399728109325 0.9973385350975699
0.6837803768513364 0.9973385350975699
0.6878207808917405 0.9973385350975699
0.6918611849321445 0.9973385350975699
0.6959015889725486 0.9973385350975699
0.6999419930129527 0.9973385350975699
0.29994199301295266 1.001378939137974
0.3039823970533567 1.001378939137974
0.30802280109376073 1.001378939137974
0.31206320513416475 1.001378939137974
0.3161036091745688 1.001378939137974
0.3201440132149729 1.001378939137974
0.3241844172553769 1.001378939137974
0.32822482129578096 1.001378939137974
0.33226522533618497 1.001378939137974
0.33630562937658903 1.001378939137974
0.34034603341699304 1.001378939137974
0.3443864374573971 1.001378939137974
0.3484268414978011 1.001378939137974
0.3524672455382052 1.001378939137974
0.35650764957860925 1.001378939137974
0.36054805361901326 1.001378939137974
0.3645884576594173 1.001378939137974
0.36862886169982134 1.001378939137974
0.3726692657402254 1.001378939137974
0.3767096697806294 1.001378939137974
0.38075007382103343 1.001378939137974
0.3847904778614375 1.001378939137974
0.38883088190184156 1.001378939137974
0.3928712859422456 1.001378939137974
0.39691168998264964 1.001378939137974
0.40095209402305365 1.001378939137974
0.4049924980634577 1.001378939137974
0.40903290210386173 1.001378939137974
0.4130733061442658 1.001378939137974
0.4171137101846698 1.001378939137974
0.4211541142250739 1.001378939137974
0.42519451826547794 1.001378939137974
0.42923492230588195 1.001378939137974
0.43327532634628596 1.001378939137974
0.43731573038669 1.001378939137974
0.4413561344270941 1.001378939137974
0.4453965384674981 1.001378939137974
0.4494369425079021 1.001378939137974
0.4534773465483062 1.001378939137974
0.45751775058871025 1.001378939137974
0.46155815462911426 1.001378939137974
0.4655985586695183 1.001378939137974
0.46963896270992234 1.001378939137974
0.4736793667503264 1.001378939137974
0.47771977079073047 1.001378939137974
0.4817601748311345 1.001378939137974
0.4858005788715385 1.001378939137974
0.48984098291194256 1.001378939137974
0.4938813869523466 1.001378939137974
0.49792179099275063 1.001378939137974
0.5019621950331546 1.001378939137974
0.5060025990735587 1.001378939137974
0.5100430031139628 1.001378939137974
0.5140834071543667 1.001378939137974
0.5181238111947708 1.001378939137974
0.5221642152351749 1.001378939137974
0.5262046192755789 1.001378939137974
0.530245023315983 1.001378939137974
0.5342854273563871 1.001378939137974
0.538325831396791 1.001378939137974
0.5423662354371951 1.001378939137974
0.5464066394775992 1.001378939137974
0.5504470435180031 1.001378939137974
0.5544874475584072 1.001378939137974
0.5585278515988112 1.001378939137974
0.5625682556392153 1.001378939137974
0.5666086596796194 1.001378939137974
0.5706490637200234 1.001378939137974
0.5746894677604274 1.001378939137974
0.5787298718008315 1.001378939137974
0.5827702758412354 1.001378939137974
0.5868106798816395 1.001378939137974
0.5908510839220436 1.001378939137974
0.5948914879624476 1.001378939137974
0.5989318920028517 1.001378939137974
0.6029722960432558 1.001378939137974
0.6070127000836597 1.001378939137974
0.6110531041240638 1.001378939137974
0.6150935081644677 1.001378939137974
0.6191339122048718 1.001378939137974
0.6231743162452759 1.001378939137974
0.6272147202856799 1.001378939137974
0.631255124326084 1.001378939137974
0.6352955283664881 1.001378939137974
0.6393359324068921 1.001378939137974
0.6433763364472961 1.001378939137974
0.6474167404877001 1.001378939137974
0.6514571445281041 1.001378939137974
0.6554975485685082 1.001378939137974
0.6595379526089122 1.001378939137974
0.6635783566493163 1.001378939137974
0.6676187606897204 1.001378939137974
0.6716591647301244 1.001378939137974
0.6756995687705284 1.001378939137974
0.6797399728109325 1.001378939137974
0.6837803768513364 1.001378939137974
0.6878207808917405 1.001378939137974
0.6918611849321445 1.001378939137974
0.6959015889725486 1.001378939137974
0.6999419930129527 1.001378939137974
0.29994199301295266 1.005419343178378
0.3039823970533567 1.005419343178378
0.30802280109376073 1.005419343178378
0.31206320513416475 1.005419343178378
0.3161036091745688 1.005419343178378
0.3201440132149729 1.005419343178378
0.3241844172553769 1.005419343178378
0.32822482129578096 1.005419343178378
0.33226522533618497 1.005419343178378
0.33630562937658903 1.005419343178378
0.34034603341699304 1.005419343178378
0.3443864374573971 1.005419343178378
0.3484268414978011 1.005419343178378
0.3524672455382052 1.005419343178378
0.35650764957860925 1.005419343178378
0.36054805361901326 1.005419343178378
0.3645884576594173 1.005419343178378
0.36862886169982134 1.005419343178378
0.3726692657402254 1.005419343178378
0.3767096697806294 1.005419343178378
0.38075007382103343 1.005419343178378
0.3847904778614375 1.005419343178378
0.38883088190184156 1.005419343178378
0.3928712859422456 1.005419343178378
0.39691168998264964 1.005419343178378
0.40095209402305365 1.005419343178378
0.4049924980634577 1.005419343178378
0.40903290210386173 1.005419343178378
0.4130733061442658 1.005419343178378
0.4171137101846698 1.005419343178378
0.4211541142250739 1.005419343178378
0.42519451826547794 1.005419343178378
0.42923492230588195 1.005419343178378
0.43327532634628596 1.005419343178378
0.43731573038669 1.005419343178378
0.4413561344270941 1.005419343178378
0.4453965384674981 1.005419343178378
0.4494369425079021 1.005419343178378
0.4534773465483062 1.005419343178378
0.45751775058871025 1.005419343178378
0.46155815462911426 1.005419343178378
0.4655985586695183 1.005419343178378
0.46963896270992234 1.005419343178378
0.4736793667503264 1.005419343178378
0.47771977079073047 1.005419343178378
0.4817601748311345 1.005419343178378
0.4858005788715385 1.005419343178378
0.48984098291194256 1.005419343178378
0.4938813869523466 1.005419343178378
0.49792179099275063 1.005419343178378
0.5019621950331546 1.005419343178378
0.5060025990735587 1.005419343178378
0.5100430031139628 1.005419343178378
0.5140834071543667 1.005419343178378
0.5181238111947708 1.005419343178378
0.5221642152351749 1.005419343178378
0.5262046192755789 1.005419343178378
0.530245023315983 1.005419343178378
0.5342854273563871 1.005419343178378
0.538325831396791 1.005419343178378
0.5423662354371951 1.005419343178378
0.5464066394775992 1.005419343178378
0.5504470435180031 1.005419343178378
0.5544874475584072 1.005419343178378
0.5585278515988112 1.005419343178378
0.5625682556392153 1.005419343178378
0.5666086596796194 1.005419343178378
0.5706490637200234 1.005419343178378
0.5746894677604274 1.005419343178378
0.5787298718008315 1.005419343178378
0.5827702758412354 1.005419343178378
0.5868106798816395 1.005419343178378
0.5908510839220436 1.005419343178378
0.5948914879624476 1.005419343178378
0.5989318920028517 1.005419343178378
0.6029722960432558 1.005419343178378
0.6070127000836597 1.005419343178378
0.6110531041240638 1.005419343178378
0.6150935081644677 1.005419343178378
0.6191339122048718 1.005419343178378
0.6231743162452759 1.005419343178378
0.6272147202856799 1.005419343178378
0.631255124326084 1.005419343178378
0.6352955283664881 1.005419343178378
0.6393359324068921 1.005419343178378
0.6433763364472961 1.005419343178378
0.6474167404877001 1.005419343178378
0.6514571445281041 1.005419343178378
0.6554975485685082 1.005419343178378
0.6595379526089122 1.005419343178378
0.6635783566493163 1.005419343178378
0.6676187606897204 1.005419343178378
0.6716591647301244 1.005419343178378
0.6756995687705284 1.005419343178378
0.6797399728109325 1.005419343178378
0.6837803768513364 1.005419343178378
0.6878207808917405 1.005419343178378
0.6918611849321445 1.005419343178378
0.6959015889725486 1.005419343178378
0.6999419930129527 1.005419343178378
0.29994199301295266 1.009459747218782
0.3039823970533567 1.009459747218782
0.30802280109376073 1.009459747218782
0.31206320513416475 1.009459747218782
0.3161036091745688 1.009459747218782
0.3201440132149729 1.009459747218782
0.3241844172553769 1.009459747218782
0.32822482129578096 1.009459747218782
0.33226522533618497 1.009459747218782
0.33630562937658903 1.009459747218782
0.34034603341699304 1.009459747218782
0.3443864374573971 1.009459747218782
0.3484268414978011 1.009459747218782
0.3524672455382052 1.009459747218782
0.35650764957860925 1.009459747218782
0.36054805361901326 1.009459747218782
0.3645884576594173 1.009459747218782
0.36862886169982134 1.009459747218782
0.3726692657402254 1.009459747218782
0.3767096697806294 1.009459747218782
0.38075007382103343 1.009459747218782
0.3847904778614375 1.009459747218782
0.38883088190184156 1.009459747218782
0.3928712859422456 1.009459747218782
0.39691168998264964 1.009459747218782
0.40095209402305365 1.009459747218782
0.4049924980634577 1.009459747218782
0.40903290210386173 1.009459747218782
0.4130733061442658 1.009459747218782
0.4171137101846698 1.009459747218782
0.4211541142250739 1.009459747218782
0.42519451826547794 1.009459747218782
0.42923492230588195 1.009459747218782
0.43327532634628596 1.009459747218782
0.43731573038669 1.009459747218782
0.4413561344270941 1.009459747218782
0.4453965384674981 1.009459747218782
0.4494369425079021 1.009459747218782
0.4534773465483062 1.009459747218782
0.45751775058871025 1.009459747218782
0.46155815462911426 1.009459747218782
0.4655985586695183 1.009459747218782
0.46963896270992234 1.009459747218782
0.4736793667503264 1.009459747218782
0.47771977079073047 1.009459747218782
0.4817601748311345 1.009459747218782
0.4858005788715385 1.009459747218782
0.48984098291194256 1.009459747218782
0.4938813869523466 1.009459747218782
0.49792179099275063 1.009459747218782
0.5019621950331546 1.009459747218782
0.5060025990735587 1.009459747218782
0.5100430031139628 1.009459747218782
0.5140834071543667 1.009459747218782
0.5181238111947708 1.009459747218782
0.5221642152351749 1.009459747218782
0.5262046192755789 1.009459747218782
0.530245023315983 1.009459747218782
0.5342854273563871 1.009459747218782
0.538325831396791 1.009459747218782
0.5423662354371951 1.009459747218782
0.5464066394775992 1.009459747218782
0.5504470435180031 1.009459747218782
0.5544874475584072 1.009459747218782
0.5585278515988112 1.009459747218782
0.5625682556392153 1.009459747218782
0.5666086596796194 1.009459747218782
0.5706490637200234 1.009459747218782
0.5746894677604274 1.009459747218782
0.5787298718008315 1.009459747218782
0.5827702758412354 1.009459747218782
0.5868106798816395 1.009459747218782
0.5908510839220436 1.009459747218782
0.5948914879624476 1.009459747218782
0.5989318920028517 1.009459747218782
0.6029722960432558 1.009459747218782
0.6070127000836597 1.009459747218782
0.6110531041240638 1.009459747218782
0.6150935081644677 1.009459747218782
0.6191339122048718 1.009459747218782
0.6231743162452759 1.009459747218782
0.6272147202856799 1.009459747218782
0.631255124326084 1.009459747218782
0.6352955283664881 1.009459747218782
0.6393359324068921 1.009459747218782
0.6433763364472961 1.009459747218782
0.6474167404877001 1.009459747218782
0.6514571445281041 1.009459747218782
0.6554975485685082 1.009459747218782
0.6595379526089122 1.009459747218782
0.6635783566493163 1.009459747218782
0.6676187606897204 1.009459747218782
0.6716591647301244 1.009459747218782
0.6756995687705284 1.009459747218782
0.6797399728109325 1.009459747218782
0.6837803768513364 1.009459747218782
0.6878207808917405 1.009459747218782
0.6918611849321445 1.009459747218782
0.6959015889725486 1.009459747218782
0.6999419930129527 1.009459747218782
0.29994199301295266 1.0135001512591861
0.3039823970533567 1.0135001512591861
0.30802280109376073 1.0135001512591861
0.31206320513416475 1.0135001512591861
0.3161036091745688 1.0135001512591861
0.3201440132149729 1.0135001512591861
0.3241844172553769 1.0135001512591861
0.32822482129578096 1.0135001512591861
0.33226522533618497 1.0135001512591861
0.33630562937658903 1.0135001512591861
0.34034603341699304 1.0135001512591861
0.3443864374573971 1.0135001512591861
0.3484268414978011 1.0135001512591861
0.3524672455382052 1.0135001512591861
0.35650764957860925 1.0135001512591861
0.36054805361901326 1.0135001512591861
0.3645884576594173 1.0135001512591861
0.36862886169982134 1.0135001512591861
0.3726692657402254 1.0135001512591861
0.3767096697806294 1.0135001512591861
0.38075007382103343 1.0135001512591861
0.3847904778614375 1.0135001512591861
0.38883088190184156 1.0135001512591861
0.3928712859422456 1.0135001512591861
0.39691168998264964 1.0135001512591861
0.40095209402305365 1.0135001512591861
0.4049924980634577 1.0135001512591861
0.40903290210386173 1.0135001512591861
0.4130733061442658 1.0135001512591861
0.4171137101846698 1.0135001512591861
0.4211541142250739 1.0135001512591861
0.42519451826547794 1.0135001512591861
0.42923492230588195 1.0135001512591861
0.43327532634628596 1.0135001512591861
0.43731573038669 1.0135001512591861
0.4413561344270941 1.0135001512591861
0.4453965384674981 1.0135001512591861
0.4494369425079021 1.0135001512591861
0.4534773465483062 1.0135001512591861
0.45751775058871025 1.0135001512591861
0.46155815462911426 1.0135001512591861
0.4655985586695183 1.0135001512591861
0.46963896270992234 1.0135001512591861
0.4736793667503264 1.0135001512591861
0.47771977079073047 1.0135001512591861
0.4817601748311345 1.0135001512591861
0.4858005788715385 1.0135001512591861
0.48984098291194256 1.0135001512591861
0.4938813869523466 1.0135001512591861
0.49792179099275063 1.0135001512591861
0.5019621950331546 1.0135001512591861
0.5060025990735587 1.0135001512591861
0.5100430031139628 1.0135001512591861
0.5140834071543667 1.0135001512591861
0.5181238111947708 1.0135001512591861
0.5221642152351749 1.0135001512591861
0.5262046192755789 1.0135001512591861
0.530245023315983 1.0135001512591861
0.5342854273563871 1.0135001512591861
0.538325831396791 1.0135001512591861
0.5423662354371951 1.0135001512591861
0.5464066394775992 1.0135001512591861
0.5504470435180031 1.0135001512591861
0.5544874475584072 1.0135001512591861
0.5585278515988112 1.0135001512591861
0.5625682556392153 1.0135001512591861
0.5666086596796194 1.0135001512591861
0.5706490637200234 1.0135001512591861
0.5746894677604274 1.0135001512591861
0.5787298718008315 1.0135001512591861
0.5827702758412354 1.0135001512591861
0.5868106798816395 1.0135001512591861
0.5908510839220436 1.0135001512591861
0.5948914879624476 1.0135001512591861
0.5989318920028517 1.0135001512591861
0.6029722960432558 1.0135001512591861
0.6070127000836597 1.0135001512591861
0.6110531041240638 1.0135001512591861
0.6150935081644677 1.0135001512591861
0.6191339122048718 1.0135001512591861
0.6231743162452759 1.0135001512591861
0.6272147202856799 1.0135001512591861
0.631255124326084 1.0135001512591861
0.6352955283664881 1.0135001512591861
0.6393359324068921 1.0135001512591861
0.6433763364472961 1.0135001512591861
0.6474167404877001 1.0135001512591861
0.6514571445281041 1.0135001512591861
0.6554975485685082 1.0135001512591861
0.6595379526089122 1.0135001512591861
0.6635783566493163 1.0135001512591861
0.6676187606897204 1.0135001512591861
0.6716591647301244 1.0135001512591861
0.6756995687705284 1.0135001512591861
0.6797399728109325 1.0135001512591861
0.6837803768513364 1.0135001512591861
0.6878207808917405 1.0135001512591861
0.6918611849321445 1.0135001512591861
0.6959015889725486 1.0135001512591861
0.6999419930129527 1.0135001512591861
0.29994199301295266 1.0175405552995902
0.3039823970533567 1.0175405552995902
0.30802280109376073 1.0175405552995902
0.31206320513416475 1.0175405552995902
0.3161036091745688 1.0175405552995902
0.3201440132149729 1.0175405552995902
0.3241844172553769 1.0175405552995902
0.32822482129578096 1.0175405552995902
0.33226522533618497 1.0175405552995902
0.33630562937658903 1.0175405552995902
0.34034603341699304 1.0175405552995902
0.3443864374573971 1.0175405552995902
0.3484268414978011 1.0175405552995902
0.3524672455382052 1.0175405552995902
0.35650764957860925 1.0175405552995902
0.36054805361901326 1.0175405552995902
0.3645884576594173 1.0175405552995902
0.36862886169982134 1.0175405552995902
0.3726692657402254 1.0175405552995902
0.3767096697806294 1.0175405552995902
0.38075007382103343 1.0175405552995902
0.3847904778614375 1.0175405552995902
0.38883088190184156 1.0175405552995902
0.3928712859422456 1.0175405552995902
0.39691168998264964 1.0175405552995902
0.40095209402305365 1.0175405552995902
0.4049924980634577 1.0175405552995902
0.40903290210386173 1.0175405552995902
0.4130733061442658 1.0175405552995902
0.4171137101846698 1.0175405552995902
0.4211541142250739 1.0175405552995902
0.42519451826547794 1.0175405552995902
0.42923492230588195 1.0175405552995902
0.43327532634628596 1.0175405552995902
0.43731573038669 1.0175405552995902
0.4413561344270941 1.0175405552995902
0.4453965384674981 1.0175405552995902
0.4494369425079021 1.0175405552995902
0.4534773465483062 1.0175405552995902
0.45751775058871025 1.0175405552995902
0.46155815462911426 1.0175405552995902
0.4655985586695183 1.0175405552995902
0.46963896270992234 1.0175405552995902
0.4736793667503264 1.0175405552995902
0.47771977079073047 1.0175405552995902
0.4817601748311345 1.0175405552995902
0.4858005788715385 1.0175405552995902
0.48984098291194256 1.0175405552995902
0.4938813869523466 1.0175405552995902
0.49792179099275063 1.0175405552995902
0.5019621950331546 1.0175405552995902
0.5060025990735587 1.0175405552995902
0.5100430031139628 1.0175405552995902
0.5140834071543667 1.0175405552995902
0.5181238111947708 1.0175405552995902
0.5221642152351749 1.0175405552995902
0.5262046192755789 1.0175405552995902
0.530245023315983 1.0175405552995902
0.5342854273563871 1.0175405552995902
0.538325831396791 1.0175405552995902
0.5423662354371951 1.0175405552995902
0.5464066394775992 1.0175405552995902
0.5504470435180031 1.0175405552995902
0.5544874475584072 1.0175405552995902
0.5585278515988112 1.0175405552995902
0.5625682556392153 1.0175405552995902
0.5666086596796194 1.0175405552995902
0.5706490637200234 1.0175405552995902
0.5746894677604274 1.0175405552995902
0.5787298718008315 1.0175405552995902
0.5827702758412354 1.0175405552995902
0.5868106798816395 1.0175405552995902
0.5908510839220436 1.0175405552995902
0.5948914879624476 1.0175405552995902
0.5989318920028517 1.0175405552995902
0.6029722960432558 1.0175405552995902
0.6070127000836597 1.0175405552995902
0.6110531041240638 1.0175405552995902
0.6150935081644677 1.0175405552995902
0.6191339122048718 1.0175405552995902
0.6231743162452759 1.0175405552995902
0.6272147202856799 1.0175405552995902
0.631255124326084 1.0175405552995902
0.6352955283664881 1.0175405552995902
0.6393359324068921 1.0175405552995902
0.6433763364472961 1.0175405552995902
0.6474167404877001 1.0175405552995902
0.6514571445281041 1.0175405552995902
0.6554975485685082 1.0175405552995902
0.6595379526089122 1.0175405552995902
0.6635783566493163 1.0175405552995902
0.6676187606897204 1.0175405552995902
0.6716591647301244 1.0175405552995902
0.6756995687705284 1.0175405552995902
0.6797399728109325 1.0175405552995902
0.6837803768513364 1.0175405552995902
0.6878207808917405 1.0175405552995902
0.6918611849321445 1.0175405552995902
0.6959015889725486 1.0175405552995902
0.6999419930129527 1.0175405552995902
0.29994199301295266 1.0215809593399943
0.3039823970533567 1.0215809593399943
0.30802280109376073 1.0215809593399943
0.31206320513416475 1.0215809593399943
0.3161036091745688 1.0215809593399943
0.3201440132149729 1.0215809593399943
0.3241844172553769 1.0215809593399943
0.32822482129578096 1.0215809593399943
0.33226522533618497 1.0215809593399943
0.33630562937658903 1.0215809593399943
0.34034603341699304 1.0215809593399943
0.3443864374573971 1.0215809593399943
0.3484268414978011 1.0215809593399943
0.3524672455382052 1.0215809593399943
0.35650764957860925 1.0215809593399943
0.36054805361901326 1.0215809593399943
0.3645884576594173 1.0215809593399943
0.36862886169982134 1.0215809593399943
0.3726692657402254 1.0215809593399943
0.3767096697806294 1.0215809593399943
0.38075007382103343 1.0215809593399943
0.3847904778614375 1.0215809593399943
0.38883088190184156 1.0215809593399943
0.3928712859422456 1.0215809593399943
0.39691168998264964 1.0215809593399943
0.40095209402305365 1.0215809593399943
0.4049924980634577 1.0215809593399943
0.40903290210386173 1.0215809593399943
0.4130733061442658 1.0215809593399943
0.4171137101846698 1.0215809593399943
0.4211541142250739 1.0215809593399943
0.42519451826547794 1.0215809593399943
0.42923492230588195 1.0215809593399943
0.43327532634628596 1.0215809593399943
0.43731573038669 1.0215809593399943
0.4413561344270941 1.0215809593399943
0.4453965384674981 1.0215809593399943
0.4494369425079021 1.0215809593399943
0.4534773465483062 1.0215809593399943
0.45751775058871025 1.0215809593399943
0.46155815462911426 1.0215809593399943
0.4655985586695183 1.0215809593399943
0.46963896270992234 1.0215809593399943
0.4736793667503264 1.0215809593399943
0.47771977079073047 1.0215809593399943
0.4817601748311345 1.0215809593399943
0.4858005788715385 1.0215809593399943
0.48984098291194256 1.0215809593399943
0.4938813869523466 1.0215809593399943
0.49792179099275063 1.0215809593399943
0.5019621950331546 1.0215809593399943
0.5060025990735587 1.0215809593399943
0.5100430031139628 1.0215809593399943
0.5140834071543667 1.0215809593399943
0.5181238111947708 1.0215809593399943
0.5221642152351749 1.0215809593399943
0.5262046192755789 1.0215809593399943
0.530245023315983 1.0215809593399943
0.5342854273563871 1.0215809593399943
0.538325831396791 1.0215809593399943
0.5423662354371951 1.0215809593399943
0.5464066394775992 1.0215809593399943
0.5504470435180031 1.0215809593399943
0.5544874475584072 1.0215809593399943
0.5585278515988112 1.0215809593399943
0.5625682556392153 1.0215809593399943
0.5666086596796194 1.0215809593399943
0.5706490637200234 1.0215809593399943
0.5746894677604274 1.0215809593399943
0.5787298718008315 1.0215809593399943
0.5827702758412354 1.0215809593399943
0.5868106798816395 1.0215809593399943
0.5908510839220436 1.0215809593399943
0.5948914879624476 1.0215809593399943
0.5989318920028517 1.0215809593399943
0.6029722960432558 1.0215809593399943
0.6070127000836597 1.0215809593399943
0.6110531041240638 1.0215809593399943
0.6150935081644677 1.0215809593399943
0.6191339122048718 1.0215809593399943
0.6231743162452759 1.0215809593399943
0.6272147202856799 1.0215809593399943
0.631255124326084 1.0215809593399943
0.6352955283664881 1.0215809593399943
0.6393359324068921 1.0215809593399943
0.6433763364472961 1.0215809593399943
0.6474167404877001 1.0215809593399943
0.6514571445281041 1.0215809593399943
0.6554975485685082 1.0215809593399943
0.6595379526089122 1.0215809593399943
0.6635783566493163 1.0215809593399943
0.6676187606897204 1.0215809593399943
0.6716591647301244 1.0215809593399943
0.6756995687705284 1.0215809593399943
0.6797399728109325 1.0215809593399943
0.6837803768513364 1.0215809593399943
0.6878207808917405 1.0215809593399943
0.6918611849321445 1.0215809593399943
0.6959015889725486 1.0215809593399943
0.6999419930129527 1.0215809593399943
0.29994199301295266 1.025621363380398
0.3039823970533567 1.025621363380398
0.30802280109376073 1.025621363380398
0.31206320513416475 1.025621363380398
0.3161036091745688 1.025621363380398
0.3201440132149729 1.025621363380398
0.3241844172553769 1.025621363380398
0.32822482129578096 1.025621363380398
0.33226522533618497 1.025621363380398
0.33630562937658903 1.025621363380398
0.34034603341699304 1.025621363380398
0.3443864374573971 1.025621363380398
0.3484268414978011 1.025621363380398
0.3524672455382052 1.025621363380398
0.35650764957860925 1.025621363380398
0.36054805361901326 1.025621363380398
0.3645884576594173 1.025621363380398
0.36862886169982134 1.025621363380398
0.3726692657402254 1.025621363380398
0.3767096697806294 1.025621363380398
0.38075007382103343 1.025621363380398
0.3847904778614375 1.025621363380398
0.38883088190184156 1.025621363380398
0.3928712859422456 1.025621363380398
0.39691168998264964 1.025621363380398
0.40095209402305365 1.025621363380398
0.4049924980634577 1.025621363380398
0.40903290210386173 1.025621363380398
0.4130733061442658 1.025621363380398
0.4171137101846698 1.025621363380398
0.4211541142250739 1.025621363380398
0.42519451826547794 1.025621363380398
0.42923492230588195 1.025621363380398
0.43327532634628596 1.025621363380398
0.43731573038669 1.025621363380398
0.4413561344270941 1.025621363380398
0.4453965384674981 1.025621363380398
0.4494369425079021 1.025621363380398
0.4534773465483062 1.025621363380398
0.45751775058871025 1.025621363380398
0.46155815462911426 1.025621363380398
0.4655985586695183 1.025621363380398
0.46963896270992234 1.025621363380398
0.4736793667503264 1.025621363380398
0.47771977079073047 1.025621363380398
0.4817601748311345 1.025621363380398
0.4858005788715385 1.025621363380398
0.48984098291194256 1.025621363380398
0.4938813869523466 1.025621363380398
0.49792179099275063 1.025621363380398
0.5019621950331546 1.025621363380398
0.5060025990735587 1.025621363380398
0.5100430031139628 1.025621363380398
0.5140834071543667 1.025621363380398
0.5181238111947708 1.025621363380398
0.5221642152351749 1.025621363380398
0.5262046192755789 1.025621363380398
0.530245023315983 1.025621363380398
0.5342854273563871 1.025621363380398
0.538325831396791 1.025621363380398
0.5423662354371951 1.025621363380398
0.5464066394775992 1.025621363380398
0.5504470435180031 1.025621363380398
0.5544874475584072 1.025621363380398
0.5585278515988112 1.025621363380398
0.5625682556392153 1.025621363380398
0.5666086596796194 1.025621363380398
0.5706490637200234 1.025621363380398
0.5746894677604274 1.025621363380398
0.5787298718008315 1.025621363380398
0.5827702758412354 1.025621363380398
0.5868106798816395 1.025621363380398
0.5908510839220436 1.025621363380398
0.5948914879624476 1.025621363380398
0.5989318920028517 1.025621363380398
0.6029722960432558 1.025621363380398
0.6070127000836597 1.025621363380398
0.6110531041240638 1.025621363380398
0.6150935081644677 1.025621363380398
0.6191339122048718 1.025621363380398
0.6231743162452759 1.025621363380398
0.6272147202856799 1.025621363380398
0.631255124326084 1.025621363380398
0.6352955283664881 1.025621363380398
0.6393359324068921 1.025621363380398
0.6433763364472961 1.025621363380398
0.6474167404877001 1.025621363380398
0.6514571445281041 1.025621363380398
0.6554975485685082 1.025621363380398
0.6595379526089122 1.025621363380398
0.6635783566493163 1.025621363380398
0.6676187606897204 1.025621363380398
0.6716591647301244 1.025621363380398
0.6756995687705284 1.025621363380398
0.6797399728109325 1.025621363380398
0.6837803768513364 1.025621363380398
0.6878207808917405 1.025621363380398
0.6918611849321445 1.025621363380398
0.6959015889725486 1.025621363380398
0.6999419930129527 1.025621363380398
0.29994199301295266 1.0296617674208022
0.3039823970533567 1.0296617674208022
0.30802280109376073 1.0296617674208022
0.31206320513416475 1.0296617674208022
0.3161036091745688 1.0296617674208022
0.3201440132149729 1.0296617674208022
0.3241844172553769 1.0296617674208022
0.32822482129578096 1.0296617674208022
0.33226522533618497 1.0296617674208022
0.33630562937658903 1.0296617674208022
0.34034603341699304 1.0296617674208022
0.3443864374573971 1.0296617674208022
0.3484268414978011 1.0296617674208022
0.3524672455382052 1.0296617674208022
0.35650764957860925 1.0296617674208022
0.36054805361901326 1.0296617674208022
0.3645884576594173 1.0296617674208022
0.36862886169982134 1.0296617674208022
0.3726692657402254 1.0296617674208022
0.3767096697806294 1.0296617674208022
0.38075007382103343 1.0296617674208022
0.3847904778614375 1.0296617674208022
0.38883088190184156 1.0296617674208022
0.3928712859422456 1.0296617674208022
0.39691168998264964 1.0296617674208022
0.40095209402305365 1.0296617674208022
0.4049924980634577 1.0296617674208022
0.40903290210386173 1.0296617674208022
0.4130733061442658 1.0296617674208022
0.4171137101846698 1.0296617674208022
0.4211541142250739 1.0296617674208022
0.42519451826547794 1.0296617674208022
0.42923492230588195 1.0296617674208022
0.43327532634628596 1.0296617674208022
0.43731573038669 1.0296617674208022
0.4413561344270941 1.0296617674208022
0.4453965384674981 1.0296617674208022
0.4494369425079021 1.0296617674208022
0.4534773465483062 1.0296617674208022
0.45751775058871025 1.0296617674208022
0.46155815462911426 1.0296617674208022
0.4655985586695183 1.0296617674208022
0.46963896270992234 1.0296617674208022
0.4736793667503264 1.0296617674208022
0.47771977079073047 1.0296617674208022
0.4817601748311345 1.0296617674208022
0.4858005788715385 1.0296617674208022
0.48984098291194256 1.0296617674208022
0.4938813869523466 1.0296617674208022
0.49792179099275063 1.0296617674208022
0.5019621950331546 1.0296617674208022
0.5060025990735587 1.0296617674208022
0.5100430031139628 1.0296617674208022
0.5140834071543667 1.0296617674208022
0.5181238111947708 1.0296617674208022
0.5221642152351749 1.0296617674208022
0.5262046192755789 1.0296617674208022
0.530245023315983 1.0296617674208022
0.5342854273563871 1.0296617674208022
0.538325831396791 1.0296617674208022
0.5423662354371951 1.0296617674208022
0.5464066394775992 1.0296617674208022
0.5504470435180031 1.0296617674208022
0.5544874475584072 1.0296617674208022
0.5585278515988112 1.0296617674208022
0.5625682556392153 1.0296617674208022
0.5666086596796194 1.0296617674208022
0.5706490637200234 1.0296617674208022
0.5746894677604274 1.0296617674208022
0.5787298718008315 1.0296617674208022
0.5827702758412354 1.0296617674208022
0.5868106798816395 1.0296617674208022
0.5908510839220436 1.0296617674208022
0.5948914879624476 1.0296617674208022
0.5989318920028517 1.0296617674208022
0.6029722960432558 1.0296617674208022
0.6070127000836597 1.0296617674208022
0.6110531041240638 1.0296617674208022
0.6150935081644677 1.0296617674208022
0.6191339122048718 1.0296617674208022
0.6231743162452759 1.0296617674208022
0.6272147202856799 1.0296617674208022
0.631255124326084 1.0296617674208022
0.6352955283664881 1.0296617674208022
0.6393359324068921 1.0296617674208022
0.6433763364472961 1.0296617674208022
0.6474167404877001 1.0296617674208022
0.6514571445281041 1.0296617674208022
0.6554975485685082 1.0296617674208022
0.6595379526089122 1.0296617674208022
0.6635783566493163 1.0296617674208022
0.6676187606897204 1.0296617674208022
0.6716591647301244 1.0296617674208022
0.6756995687705284 1.0296617674208022
0.6797399728109325 1.0296617674208022
0.6837803768513364 1.0296617674208022
0.6878207808917405 1.0296617674208022
0.6918611849321445 1.0296617674208022
0.6959015889725486 1.0296617674208022
0.6999419930129527 1.0296617674208022
0.29994199301295266 1.0337021714612062
0.3039823970533567 1.0337021714612062
0.30802280109376073 1.0337021714612062
0.31206320513416475 1.0337021714612062
0.3161036091745688 1.0337021714612062
0.3201440132149729 1.0337021714612062
0.3241844172553769 1.0337021714612062
0.32822482129578096 1.0337021714612062
0.33226522533618497 1.0337021714612062
0.33630562937658903 1.0337021714612062
0.34034603341699304 1.0337021714612062
0.3443864374573971 1.0337021714612062
0.3484268414978011 1.0337021714612062
0.3524672455382052 1.0337021714612062
0.35650764957860925 1.0337021714612062
0.36054805361901326 1.0337021714612062
0.3645884576594173 1.0337021714612062
0.36862886169982134 1.0337021714612062
0.3726692657402254 1.0337021714612062
0.3767096697806294 1.0337021714612062
0.38075007382103343 1.0337021714612062
0.3847904778614375 1.0337021714612062
0.38883088190184156 1.0337021714612062
0.3928712859422456 1.0337021714612062
0.39691168998264964 1.0337021714612062
0.40095209402305365 1.0337021714612062
0.4049924980634577 1.0337021714612062
0.40903290210386173 1.0337021714612062
0.4130733061442658 1.0337021714612062
0.4171137101846698 1.0337021714612062
0.4211541142250739 1.0337021714612062
0.42519451826547794 1.0337021714612062
0.42923492230588195 1.0337021714612062
0.43327532634628596 1.0337021714612062
0.43731573038669 1.0337021714612062
0.4413561344270941 1.0337021714612062
0.4453965384674981 1.0337021714612062
0.4494369425079021 1.0337021714612062
0.4534773465483062 1.0337021714612062
0.45751775058871025 1.0337021714612062
0.46155815462911426 1.0337021714612062
0.4655985586695183 1.0337021714612062
0.46963896270992234 1.0337021714612062
0.4736793667503264 1.0337021714612062
0.47771977079073047 1.0337021714612062
0.4817601748311345 1.0337021714612062
0.4858005788715385 1.0337021714612062
0.48984098291194256 1.0337021714612062
0.4938813869523466 1.0337021714612062
0.49792179099275063 1.0337021714612062
0.5019621950331546 1.0337021714612062
0.5060025990735587 1.0337021714612062
0.5100430031139628 1.0337021714612062
0.5140834071543667 1.0337021714612062
0.5181238111947708 1.0337021714612062
0.5221642152351749 1.0337021714612062
0.5262046192755789 1.0337021714612062
0.530245023315983 1.0337021714612062
0.5342854273563871 1.0337021714612062
0.538325831396791 1.0337021714612062
0.5423662354371951 1.0337021714612062
0.5464066394775992 1.0337021714612062
0.5504470435180031 1.0337021714612062
0.5544874475584072 1.0337021714612062
0.5585278515988112 1.0337021714612062
0.5625682556392153 1.0337021714612062
0.5666086596796194 1.0337021714612062
0.5706490637200234 1.0337021714612062
0.5746894677604274 1.0337021714612062
0.5787298718008315 1.0337021714612062
0.5827702758412354 1.0337021714612062
0.5868106798816395 1.0337021714612062
0.5908510839220436 1.0337021714612062
0.5948914879624476 1.0337021714612062
0.5989318920028517 1.0337021714612062
0.6029722960432558 1.0337021714612062
0.6070127000836597 1.0337021714612062
0.6110531041240638 1.0337021714612062
0.6150935081644677 1.0337021714612062
0.6191339122048718 1.0337021714612062
0.6231743162452759 1.0337021714612062
0.6272147202856799 1.0337021714612062
0.631255124326084 1.0337021714612062
0.6352955283664881 1.0337021714612062
0.6393359324068921 1.0337021714612062
0.6433763364472961 1.0337021714612062
0.6474167404877001 1.0337021714612062
0.6514571445281041 1.0337021714612062
0.6554975485685082 1.0337021714612062
0.6595379526089122 1.0337021714612062
0.6635783566493163 1.0337021714612062
0.6676187606897204 1.0337021714612062
0.6716591647301244 1.0337021714612062
0.6756995687705284 1.0337021714612062
0.6797399728109325 1.0337021714612062
0.6837803768513364 1.0337021714612062
0.6878207808917405 1.0337021714612062
0.6918611849321445 1.0337021714612062
0.6959015889725486 1.0337021714612062
0.6999419930129527 1.0337021714612062
0.29994199301295266 1.0377425755016103
0.3039823970533567 1.0377425755016103
0.30802280109376073 1.0377425755016103
0.31206320513416475 1.0377425755016103
0.3161036091745688 1.0377425755016103
0.3201440132149729 1.0377425755016103
0.3241844172553769 1.0377425755016103
0.32822482129578096 1.0377425755016103
0.33226522533618497 1.0377425755016103
0.33630562937658903 1.0377425755016103
0.34034603341699304 1.0377425755016103
0.3443864374573971 1.0377425755016103
0.3484268414978011 1.0377425755016103
0.3524672455382052 1.0377425755016103
0.35650764957860925 1.0377425755016103
0.36054805361901326 1.0377425755016103
0.3645884576594173 1.0377425755016103
0.36862886169982134 1.0377425755016103
0.3726692657402254 1.0377425755016103
0.3767096697806294 1.0377425755016103
0.38075007382103343 1.0377425755016103
0.3847904778614375 1.0377425755016103
0.38883088190184156 1.0377425755016103
0.3928712859422456 1.0377425755016103
0.39691168998264964 1.0377425755016103
0.40095209402305365 1.0377425755016103
0.4049924980634577 1.0377425755016103
0.40903290210386173 1.0377425755016103
0.4130733061442658 1.0377425755016103
0.4171137101846698 1.0377425755016103
0.4211541142250739 1.0377425755016103
0.42519451826547794 1.0377425755016103
0.42923492230588195 1.0377425755016103
0.43327532634628596 1.0377425755016103
0.43731573038669 1.0377425755016103
0.4413561344270941 1.0377425755016103
0.4453965384674981 1.0377425755016103
0.4494369425079021 1.0377425755016103
0.4534773465483062 1.0377425755016103
0.45751775058871025 1.0377425755016103
0.46155815462911426 1.0377425755016103
0.4655985586695183 1.0377425755016103
0.46963896270992234 1.0377425755016103
0.4736793667503264 1.0377425755016103
0.47771977079073047 1.0377425755016103
0.4817601748311345 1.0377425755016103
0.4858005788715385 1.0377425755016103
0.48984098291194256 1.0377425755016103
0.4938813869523466 1.0377425755016103
0.49792179099275063 1.0377425755016103
0.5019621950331546 1.0377425755016103
0.5060025990735587 1.0377425755016103
0.5100430031139628 1.0377425755016103
0.5140834071543667 1.0377425755016103
0.5181238111947708 1.0377425755016103
0.5221642152351749 1.0377425755016103
0.5262046192755789 1.0377425755016103
0.530245023315983 1.0377425755016103
0.5342854273563871 1.0377425755016103
0.538325831396791 1.0377425755016103
0.5423662354371951 1.0377425755016103
0.5464066394775992 1.0377425755016103
0.5504470435180031 1.0377425755016103
0.5544874475584072 1.0377425755016103
0.5585278515988112 1.0377425755016103
0.5625682556392153 1.0377425755016103
0.5666086596796194 1.0377425755016103
0.5706490637200234 1.0377425755016103
0.5746894677604274 1.0377425755016103
0.5787298718008315 1.0377425755016103
0.5827702758412354 1.0377425755016103
0.5868106798816395 1.0377425755016103
0.5908510839220436 1.0377425755016103
0.5948914879624476 1.0377425755016103
0.5989318920028517 1.0377425755016103
0.6029722960432558 1.0377425755016103
0.6070127000836597 1.0377425755016103
0.6110531041240638 1.0377425755016103
0.6150935081644677 1.0377425755016103
0.6191339122048718 1.0377425755016103
0.6231743162452759 1.0377425755016103
0.6272147202856799 1.0377425755016103
0.631255124326084 1.0377425755016103
0.6352955283664881 1.0377425755016103
0.6393359324068921 1.0377425755016103
0.6433763364472961 1.0377425755016103
0.6474167404877001 1.0377425755016103
0.6514571445281041 1.0377425755016103
0.6554975485685082 1.0377425755016103
0.6595379526089122 1.0377425755016103
0.6635783566493163 1.0377425755016103
0.6676187606897204 1.0377425755016103
0.6716591647301244 1.0377425755016103
0.6756995687705284 1.0377425755016103
0.6797399728109325 1.0377425755016103
0.6837803768513364 1.0377425755016103
0.6878207808917405 1.0377425755016103
0.6918611849321445 1.0377425755016103
0.6959015889725486 1.0377425755016103
0.6999419930129527 1.0377425755016103
0.29994199301295266 1.0417829795420144
0.3039823970533567 1.0417829795420144
0.30802280109376073 1.0417829795420144
0.31206320513416475 1.0417829795420144
0.3161036091745688 1.0417829795420144
0.3201440132149729 1.0417829795420144
0.3241844172553769 1.0417829795420144
0.32822482129578096 1.0417829795420144
0.33226522533618497 1.0417829795420144
0.33630562937658903 1.0417829795420144
0.34034603341699304 1.0417829795420144
0.3443864374573971 1.0417829795420144
0.3484268414978011 1.0417829795420144
0.3524672455382052 1.0417829795420144
0.35650764957860925 1.0417829795420144
0.36054805361901326 1.0417829795420144
0.3645884576594173 1.0417829795420144
0.36862886169982134 1.0417829795420144
0.3726692657402254 1.0417829795420144
0.3767096697806294 1.0417829795420144
0.38075007382103343 1.0417829795420144
0.3847904778614375 1.0417829795420144
0.38883088190184156 1.0417829795420144
0.3928712859422456 1.0417829795420144
0.39691168998264964 1.0417829795420144
0.40095209402305365 1.0417829795420144
0.4049924980634577 1.0417829795420144
0.40903290210386173 1.0417829795420144
0.4130733061442658 1.0417829795420144
0.4171137101846698 1.0417829795420144
0.4211541142250739 1.0417829795420144
0.42519451826547794 1.0417829795420144
0.42923492230588195 1.0417829795420144
0.43327532634628596 1.0417829795420144
0.43731573038669 1.0417829795420144
0.4413561344270941 1.0417829795420144
0.4453965384674981 1.0417829795420144
0.4494369425079021 1.0417829795420144
0.4534773465483062 1.0417829795420144
0.45751775058871025 1.0417829795420144
0.46155815462911426 1.0417829795420144
0.4655985586695183 1.0417829795420144
0.46963896270992234 1.0417829795420144
0.4736793667503264 1.0417829795420144
0.47771977079073047 1.0417829795420144
0.4817601748311345 1.0417829795420144
0.4858005788715385 1.0417829795420144
0.48984098291194256 1.0417829795420144
0.4938813869523466 1.0417829795420144
0.49792179099275063 1.0417829795420144
0.5019621950331546 1.0417829795420144
0.5060025990735587 1.0417829795420144
0.5100430031139628 1.0417829795420144
0.5140834071543667 1.0417829795420144
0.5181238111947708 1.0417829795420144
0.5221642152351749 1.0417829795420144
0.5262046192755789 1.0417829795420144
0.530245023315983 1.0417829795420144
0.5342854273563871 1.0417829795420144
0.538325831396791 1.0417829795420144
0.5423662354371951 1.0417829795420144
0.5464066394775992 1.0417829795420144
0.5504470435180031 1.0417829795420144
0.5544874475584072 1.0417829795420144
0.5585278515988112 1.0417829795420144
0.5625682556392153 1.0417829795420144
0.5666086596796194 1.0417829795420144
0.5706490637200234 1.0417829795420144
0.5746894677604274 1.0417829795420144
0.5787298718008315 1.0417829795420144
0.5827702758412354 1.0417829795420144
0.5868106798816395 1.0417829795420144
0.5908510839220436 1.0417829795420144
0.5948914879624476 1.0417829795420144
0.5989318920028517 1.0417829795420144
0.6029722960432558 1.0417829795420144
0.6070127000836597 1.0417829795420144
0.6110531041240638 1.0417829795420144
0.6150935081644677 1.0417829795420144
0.6191339122048718 1.0417829795420144
0.6231743162452759 1.0417829795420144
0.6272147202856799 1.0417829795420144
0.631255124326084 1.0417829795420144
0.6352955283664881 1.0417829795420144
0.6393359324068921 1.0417829795420144
0.6433763364472961 1.0417829795420144
0.6474167404877001 1.0417829795420144
0.6514571445281041 1.0417829795420144
0.6554975485685082 1.0417829795420144
0.6595379526089122 1.0417829795420144
0.6635783566493163 1.0417829795420144
0.6676187606897204 1.0417829795420144
0.6716591647301244 1.0417829795420144
0.6756995687705284 1.0417829795420144
0.6797399728109325 1.0417829795420144
0.6837803768513364 1.0417829795420144
0.6878207808917405 1.0417829795420144
0.6918611849321445 1.0417829795420144
0.6959015889725486 1.0417829795420144
0.6999419930129527 1.0417829795420144
0.29994199301295266 1.0458233835824184
0.3039823970533567 1.0458233835824184
0.30802280109376073 1.0458233835824184
0.31206320513416475 1.0458233835824184
0.3161036091745688 1.0458233835824184
0.3201440132149729 1.0458233835824184
0.3241844172553769 1.0458233835824184
0.32822482129578096 1.0458233835824184
0.33226522533618497 1.0458233835824184
0.33630562937658903 1.0458233835824184
0.34034603341699304 1.0458233835824184
0.3443864374573971 1.0458233835824184
0.3484268414978011 1.0458233835824184
0.3524672455382052 1.0458233835824184
0.35650764957860925 1.0458233835824184
0.36054805361901326 1.0458233835824184
0.3645884576594173 1.0458233835824184
0.36862886169982134 1.0458233835824184
0.3726692657402254 1.0458233835824184
0.3767096697806294 1.0458233835824184
0.38075007382103343 1.0458233835824184
0.3847904778614375 1.0458233835824184
0.38883088190184156 1.0458233835824184
0.3928712859422456 1.0458233835824184
0.39691168998264964 1.0458233835824184
0.40095209402305365 1.0458233835824184
0.4049924980634577 1.0458233835824184
0.40903290210386173 1.0458233835824184
0.4130733061442658 1.0458233835824184
0.4171137101846698 1.0458233835824184
0.4211541142250739 1.0458233835824184
0.42519451826547794 1.0458233835824184
0.42923492230588195 1.0458233835824184
0.43327532634628596 1.0458233835824184
0.43731573038669 1.0458233835824184
0.4413561344270941 1.0458233835824184
0.4453965384674981 1.0458233835824184
0.4494369425079021 1.0458233835824184
0.4534773465483062 1.0458233835824184
0.45751775058871025 1.0458233835824184
0.46155815462911426 1.0458233835824184
0.4655985586695183 1.0458233835824184
0.46963896270992234 1.0458233835824184
0.4736793667503264 1.0458233835824184
0.47771977079073047 1.0458233835824184
0.4817601748311345 1.0458233835824184
0.4858005788715385 1.0458233835824184
0.48984098291194256 1.0458233835824184
0.4938813869523466 1.0458233835824184
0.49792179099275063 1.0458233835824184
0.5019621950331546 1.0458233835824184
0.5060025990735587 1.0458233835824184
0.5100430031139628 1.0458233835824184
0.5140834071543667 1.0458233835824184
0.5181238111947708 1.0458233835824184
0.5221642152351749 1.0458233835824184
0.5262046192755789 1.0458233835824184
0.530245023315983 1.0458233835824184
0.5342854273563871 1.0458233835824184
0.538325831396791 1.0458233835824184
0.5423662354371951 1.0458233835824184
0.5464066394775992 1.0458233835824184
0.5504470435180031 1.0458233835824184
0.5544874475584072 1.0458233835824184
0.5585278515988112 1.0458233835824184
0.5625682556392153 1.0458233835824184
0.5666086596796194 1.0458233835824184
0.5706490637200234 1.0458233835824184
0.5746894677604274 1.0458233835824184
0.5787298718008315 1.0458233835824184
0.5827702758412354 1.0458233835824184
0.5868106798816395 1.0458233835824184
0.5908510839220436 1.0458233835824184
0.5948914879624476 1.0458233835824184
0.5989318920028517 1.0458233835824184
0.6029722960432558 1.0458233835824184
0.6070127000836597 1.0458233835824184
0.6110531041240638 1.0458233835824184
0.6150935081644677 1.0458233835824184
0.6191339122048718 1.0458233835824184
0.6231743162452759 1.0458233835824184
0.6272147202856799 1.0458233835824184
0.631255124326084 1.0458233835824184
0.6352955283664881 1.0458233835824184
0.6393359324068921 1.0458233835824184
0.6433763364472961 1.0458233835824184
0.6474167404877001 1.0458233835824184
0.6514571445281041 1.0458233835824184
0.6554975485685082 1.0458233835824184
0.6595379526089122 1.0458233835824184
0.6635783566493163 1.0458233835824184
0.6676187606897204 1.0458233835824184
0.6716591647301244 1.0458233835824184
0.6756995687705284 1.0458233835824184
0.6797399728109325 1.0458233835824184
0.6837803768513364 1.0458233835824184
0.6878207808917405 1.0458233835824184
0.6918611849321445 1.0458233835824184
0.6959015889725486 1.0458233835824184
0.6999419930129527 1.0458233835824184
0.29994199301295266 1.0498637876228223
0.3039823970533567 1.0498637876228223
0.30802280109376073 1.0498637876228223
0.31206320513416475 1.0498637876228223
0.3161036091745688 1.0498637876228223
0.3201440132149729 1.0498637876228223
0.3241844172553769 1.0498637876228223
0.32822482129578096 1.0498637876228223
0.33226522533618497 1.0498637876228223
0.33630562937658903 1.0498637876228223
0.34034603341699304 1.0498637876228223
0.3443864374573971 1.0498637876228223
0.3484268414978011 1.0498637876228223
0.3524672455382052 1.0498637876228223
0.35650764957860925 1.0498637876228223
0.36054805361901326 1.0498637876228223
0.3645884576594173 1.0498637876228223
0.36862886169982134 1.0498637876228223
0.3726692657402254 1.0498637876228223
0.3767096697806294 1.0498637876228223
0.38075007382103343 1.0498637876228223
0.3847904778614375 1.0498637876228223
0.38883088190184156 1.0498637876228223
0.3928712859422456 1.0498637876228223
0.39691168998264964 1.0498637876228223
0.40095209402305365 1.0498637876228223
0.4049924980634577 1.0498637876228223
0.40903290210386173 1.0498637876228223
0.4130733061442658 1.0498637876228223
0.4171137101846698 1.0498637876228223
0.4211541142250739 1.0498637876228223
0.42519451826547794 1.0498637876228223
0.42923492230588195 1.0498637876228223
0.43327532634628596 1.0498637876228223
0.43731573038669 1.0498637876228223
0.4413561344270941 1.0498637876228223
0.4453965384674981 1.0498637876228223
0.4494369425079021 1.0498637876228223
0.4534773465483062 1.0498637876228223
0.45751775058871025 1.0498637876228223
0.46155815462911426 1.0498637876228223
0.4655985586695183 1.0498637876228223
0.46963896270992234 1.0498637876228223
0.4736793667503264 1.0498637876228223
0.47771977079073047 1.0498637876228223
0.4817601748311345 1.0498637876228223
0.4858005788715385 1.0498637876228223
0.48984098291194256 1.0498637876228223
0.4938813869523466 1.0498637876228223
0.49792179099275063 1.0498637876228223
0.5019621950331546 1.0498637876228223
0.5060025990735587 1.0498637876228223
0.5100430031139628 1.0498637876228223
0.5140834071543667 1.0498637876228223
0.5181238111947708 1.0498637876228223
0.5221642152351749 1.0498637876228223
0.5262046192755789 1.0498637876228223
0.530245023315983 1.0498637876228223
0.5342854273563871 1.0498637876228223
0.538325831396791 1.0498637876228223
0.5423662354371951 1.0498637876228223
0.5464066394775992 1.0498637876228223
0.5504470435180031 1.0498637876228223
0.5544874475584072 1.0498637876228223
0.5585278515988112 1.0498637876228223
0.5625682556392153 1.0498637876228223
0.5666086596796194 1.0498637876228223
0.5706490637200234 1.0498637876228223
0.5746894677604274 1.0498637876228223
0.5787298718008315 1.0498637876228223
0.5827702758412354 1.0498637876228223
0.5868106798816395 1.0498637876228223
0.5908510839220436 1.0498637876228223
0.5948914879624476 1.0498637876228223
0.5989318920028517 1.0498637876228223
0.6029722960432558 1.0498637876228223
0.6070127000836597 1.0498637876228223
0.6110531041240638 1.0498637876228223
0.6150935081644677 1.0498637876228223
0.6191339122048718 1.0498637876228223
0.6231743162452759 1.0498637876228223
0.6272147202856799 1.0498637876228223
0.631255124326084 1.0498637876228223
0.6352955283664881 1.0498637876228223
0.6393359324068921 1.0498637876228223
0.6433763364472961 1.0498637876228223
0.6474167404877001 1.0498637876228223
0.6514571445281041 1.0498637876228223
0.6554975485685082 1.0498637876228223
0.6595379526089122 1.0498637876228223
0.6635783566493163 1.0498637876228223
0.6676187606897204 1.0498637876228223
0.6716591647301244 1.0498637876228223
0.6756995687705284 1.0498637876228223
0.6797399728109325 1.0498637876228223
0.6837803768513364 1.0498637876228223
0.6878207808917405 1.0498637876228223
0.6918611849321445 1.0498637876228223
0.6959015889725486 1.0498637876228223
0.6999419930129527 1.0498637876228223
0.29994199301295266 1.0539041916632264
0.3039823970533567 1.0539041916632264
0.30802280109376073 1.0539041916632264
0.31206320513416475 1.0539041916632264
0.3161036091745688 1.0539041916632264
0.3201440132149729 1.0539041916632264
0.3241844172553769 1.0539041916632264
0.32822482129578096 1.0539041916632264
0.33226522533618497 1.0539041916632264
0.33630562937658903 1.0539041916632264
0.34034603341699304 1.0539041916632264
0.3443864374573971 1.0539041916632264
0.3484268414978011 1.0539041916632264
0.3524672455382052 1.0539041916632264
0.35650764957860925 1.0539041916632264
0.36054805361901326 1.0539041916632264
0.3645884576594173 1.0539041916632264
0.36862886169982134 1.0539041916632264
0.3726692657402254 1.0539041916632264
0.3767096697806294 1.0539041916632264
0.38075007382103343 1.0539041916632264
0.3847904778614375 1.0539041916632264
0.38883088190184156 1.0539041916632264
0.3928712859422456 1.0539041916632264
0.39691168998264964 1.0539041916632264
0.40095209402305365 1.0539041916632264
0.4049924980634577 1.0539041916632264
0.40903290210386173 1.0539041916632264
0.4130733061442658 1.0539041916632264
0.4171137101846698 1.0539041916632264
0.4211541142250739 1.0539041916632264
0.42519451826547794 1.0539041916632264
0.42923492230588195 1.0539041916632264
0.43327532634628596 1.0539041916632264
0.43731573038669 1.0539041916632264
0.4413561344270941 1.0539041916632264
0.4453965384674981 1.0539041916632264
0.4494369425079021 1.0539041916632264
0.4534773465483062 1.0539041916632264
0.45751775058871025 1.0539041916632264
0.46155815462911426 1.0539041916632264
0.4655985586695183 1.0539041916632264
0.46963896270992234 1.0539041916632264
0.4736793667503264 1.0539041916632264
0.47771977079073047 1.0539041916632264
0.4817601748311345 1.0539041916632264
0.4858005788715385 1.0539041916632264
0.48984098291194256 1.0539041916632264
0.4938813869523466 1.0539041916632264
0.49792179099275063 1.0539041916632264
0.5019621950331546 1.0539041916632264
0.5060025990735587 1.0539041916632264
0.5100430031139628 1.0539041916632264
0.5140834071543667 1.0539041916632264
0.5181238111947708 1.0539041916632264
0.5221642152351749 1.0539041916632264
0.5262046192755789 1.0539041916632264
0.530245023315983 1.0539041916632264
0.5342854273563871 1.0539041916632264
0.538325831396791 1.0539041916632264
0.5423662354371951 1.0539041916632264
0.5464066394775992 1.0539041916632264
0.5504470435180031 1.0539041916632264
0.5544874475584072 1.0539041916632264
0.5585278515988112 1.0539041916632264
0.5625682556392153 1.0539041916632264
0.5666086596796194 1.0539041916632264
0.5706490637200234 1.0539041916632264
0.5746894677604274 1.0539041916632264
0.5787298718008315 1.0539041916632264
0.5827702758412354 1.0539041916632264
0.5868106798816395 1.0539041916632264
0.5908510839220436 1.0539041916632264
0.5948914879624476 1.0539041916632264
0.5989318920028517 1.0539041916632264
0.6029722960432558 1.0539041916632264
0.6070127000836597 1.0539041916632264
0.6110531041240638 1.0539041916632264
0.6150935081644677 1.0539041916632264
0.6191339122048718 1.0539041916632264
0.6231743162452759 1.0539041916632264
0.6272147202856799 1.0539041916632264
0.631255124326084 1.0539041916632264
0.6352955283664881 1.0539041916632264
0.6393359324068921 1.0539041916632264
0.6433763364472961 1.0539041916632264
0.6474167404877001 1.0539041916632264
0.6514571445281041 1.0539041916632264
0.6554975485685082 1.0539041916632264
0.6595379526089122 1.0539041916632264
0.6635783566493163 1.0539041916632264
0.6676187606897204 1.0539041916632264
0.6716591647301244 1.0539041916632264
0.6756995687705284 1.0539041916632264
0.6797399728109325 1.0539041916632264
0.6837803768513364 1.0539041916632264
0.6878207808917405 1.0539041916632264
0.6918611849321445 1.0539041916632264
0.6959015889725486 1.0539041916632264
0.6999419930129527 1.0539041916632264
0.29994199301295266 1.0579445957036304
0.3039823970533567 1.0579445957036304
0.30802280109376073 1.0579445957036304
0.31206320513416475 1.0579445957036304
0.3161036091745688 1.0579445957036304
0.3201440132149729 1.0579445957036304
0.3241844172553769 1.0579445957036304
0.32822482129578096 1.0579445957036304
0.33226522533618497 1.0579445957036304
0.33630562937658903 1.0579445957036304
0.34034603341699304 1.0579445957036304
0.3443864374573971 1.0579445957036304
0.3484268414978011 1.0579445957036304
0.3524672455382052 1.0579445957036304
0.35650764957860925 1.0579445957036304
0.36054805361901326 1.0579445957036304
0.3645884576594173 1.0579445957036304
0.36862886169982134 1.0579445957036304
0.3726692657402254 1.0579445957036304
0.3767096697806294 1.0579445957036304
0.38075007382103343 1.0579445957036304
0.3847904778614375 1.0579445957036304
0.38883088190184156 1.0579445957036304
0.3928712859422456 1.0579445957036304
0.39691168998264964 1.0579445957036304
0.40095209402305365 1.0579445957036304
0.4049924980634577 1.0579445957036304
0.40903290210386173 1.0579445957036304
0.4130733061442658 1.0579445957036304
0.4171137101846698 1.0579445957036304
0.4211541142250739 1.0579445957036304
0.42519451826547794 1.0579445957036304
0.42923492230588195 1.0579445957036304
0.43327532634628596 1.0579445957036304
0.43731573038669 1.0579445957036304
0.4413561344270941 1.0579445957036304
0.4453965384674981 1.0579445957036304
0.4494369425079021 1.0579445957036304
0.4534773465483062 1.0579445957036304
0.45751775058871025 1.0579445957036304
0.46155815462911426 1.0579445957036304
0.4655985586695183 1.0579445957036304
0.46963896270992234 1.0579445957036304
0.4736793667503264 1.0579445957036304
0.47771977079073047 1.0579445957036304
0.4817601748311345 1.0579445957036304
0.4858005788715385 1.0579445957036304
0.48984098291194256 1.0579445957036304
0.4938813869523466 1.0579445957036304
0.49792179099275063 1.0579445957036304
0.5019621950331546 1.0579445957036304
0.5060025990735587 1.0579445957036304
0.5100430031139628 1.0579445957036304
0.5140834071543667 1.0579445957036304
0.5181238111947708 1.0579445957036304
0.5221642152351749 1.0579445957036304
0.5262046192755789 1.0579445957036304
0.530245023315983 1.0579445957036304
0.5342854273563871 1.0579445957036304
0.538325831396791 1.0579445957036304
0.5423662354371951 1.0579445957036304
0.5464066394775992 1.0579445957036304
0.5504470435180031 1.0579445957036304
0.5544874475584072 1.0579445957036304
0.5585278515988112 1.0579445957036304
0.5625682556392153 1.0579445957036304
0.5666086596796194 1.0579445957036304
0.5706490637200234 1.0579445957036304
0.5746894677604274 1.0579445957036304
0.5787298718008315 1.0579445957036304
0.5827702758412354 1.0579445957036304
0.5868106798816395 1.0579445957036304
0.5908510839220436 1.0579445957036304
0.5948914879624476 1.0579445957036304
0.5989318920028517 1.0579445957036304
0.6029722960432558 1.0579445957036304
0.6070127000836597 1.0579445957036304
0.6110531041240638 1.0579445957036304
0.6150935081644677 1.0579445957036304
0.6191339122048718 1.0579445957036304
0.6231743162452759 1.0579445957036304
0.6272147202856799 1.0579445957036304
0.631255124326084 1.0579445957036304
0.6352955283664881 1.0579445957036304
0.6393359324068921 1.0579445957036304
0.6433763364472961 1.0579445957036304
0.6474167404877001 1.0579445957036304
0.6514571445281041 1.0579445957036304
0.6554975485685082 1.0579445957036304
0.6595379526089122 1.0579445957036304
0.6635783566493163 1.0579445957036304
0.6676187606897204 1.0579445957036304
0.6716591647301244 1.0579445957036304
0.6756995687705284 1.0579445957036304
0.6797399728109325 1.0579445957036304
0.6837803768513364 1.0579445957036304
0.6878207808917405 1.0579445957036304
0.6918611849321445 1.0579445957036304
0.6959015889725486 1.0579445957036304
0.6999419930129527 1.0579445957036304
0.29994199301295266 1.0619849997440345
0.3039823970533567 1.0619849997440345
0.30802280109376073 1.0619849997440345
0.31206320513416475 1.0619849997440345
0.3161036091745688 1.0619849997440345
0.3201440132149729 1.0619849997440345
0.3241844172553769 1.0619849997440345
0.32822482129578096 1.0619849997440345
0.33226522533618497 1.0619849997440345
0.33630562937658903 1.0619849997440345
0.34034603341699304 1.0619849997440345
0.3443864374573971 1.0619849997440345
0.3484268414978011 1.0619849997440345
0.3524672455382052 1.0619849997440345
0.35650764957860925 1.0619849997440345
0.36054805361901326 1.0619849997440345
0.3645884576594173 1.0619849997440345
0.36862886169982134 1.0619849997440345
0.3726692657402254 1.0619849997440345
0.3767096697806294 1.0619849997440345
0.38075007382103343 1.0619849997440345
0.3847904778614375 1.0619849997440345
0.38883088190184156 1.0619849997440345
0.3928712859422456 1.0619849997440345
0.39691168998264964 1.0619849997440345
0.40095209402305365 1.0619849997440345
0.4049924980634577 1.0619849997440345
0.40903290210386173 1.0619849997440345
0.4130733061442658 1.0619849997440345
0.4171137101846698 1.0619849997440345
0.4211541142250739 1.0619849997440345
0.42519451826547794 1.0619849997440345
0.42923492230588195 1.0619849997440345
0.43327532634628596 1.0619849997440345
0.43731573038669 1.0619849997440345
0.4413561344270941 1.0619849997440345
0.4453965384674981 1.0619849997440345
0.4494369425079021 1.0619849997440345
0.4534773465483062 1.0619849997440345
0.45751775058871025 1.0619849997440345
0.46155815462911426 1.0619849997440345
0.4655985586695183 1.0619849997440345
0.46963896270992234 1.0619849997440345
0.4736793667503264 1.0619849997440345
0.47771977079073047 1.0619849997440345
0.4817601748311345 1.0619849997440345
0.4858005788715385 1.0619849997440345
0.48984098291194256 1.0619849997440345
0.4938813869523466 1.0619849997440345
0.49792179099275063 1.0619849997440345
0.5019621950331546 1.0619849997440345
0.5060025990735587 1.0619849997440345
0.5100430031139628 1.0619849997440345
0.5140834071543667 1.0619849997440345
0.5181238111947708 1.0619849997440345
0.5221642152351749 1.0619849997440345
0.5262046192755789 1.0619849997440345
0.530245023315983 1.0619849997440345
0.5342854273563871 1.0619849997440345
0.538325831396791 1.0619849997440345
0.5423662354371951 1.0619849997440345
0.5464066394775992 1.0619849997440345
0.5504470435180031 1.0619849997440345
0.5544874475584072 1.0619849997440345
0.5585278515988112 1.0619849997440345
0.5625682556392153 1.0619849997440345
0.5666086596796194 1.0619849997440345
0.5706490637200234 1.0619849997440345
0.5746894677604274 1.0619849997440345
0.5787298718008315 1.0619849997440345
0.5827702758412354 1.0619849997440345
0.5868106798816395 1.0619849997440345
0.5908510839220436 1.0619849997440345
0.5948914879624476 1.0619849997440345
0.5989318920028517 1.0619849997440345
0.6029722960432558 1.0619849997440345
0.6070127000836597 1.0619849997440345
0.6110531041240638 1.0619849997440345
0.6150935081644677 1.0619849997440345
0.6191339122048718 1.0619849997440345
0.6231743162452759 1.0619849997440345
0.6272147202856799 1.0619849997440345
0.631255124326084 1.0619849997440345
0.6352955283664881 1.0619849997440345
0.6393359324068921 1.0619849997440345
0.6433763364472961 1.0619849997440345
0.6474167404877001 1.0619849997440345
0.6514571445281041 1.0619849997440345
0.6554975485685082 1.0619849997440345
0.6595379526089122 1.0619849997440345
0.6635783566493163 1.0619849997440345
0.6676187606897204 1.0619849997440345
0.6716591647301244 1.0619849997440345
0.6756995687705284 1.0619849997440345
0.6797399728109325 1.0619849997440345
0.6837803768513364 1.0619849997440345
0.6878207808917405 1.0619849997440345
0.6918611849321445 1.0619849997440345
0.6959015889725486 1.0619849997440345
0.6999419930129527 1.0619849997440345
0.29994199301295266 1.0660254037844386
0.3039823970533567 1.0660254037844386
0.30802280109376073 1.0660254037844386
0.31206320513416475 1.0660254037844386
0.3161036091745688 1.0660254037844386
0.3201440132149729 1.0660254037844386
0.3241844172553769 1.0660254037844386
0.32822482129578096 1.0660254037844386
0.33226522533618497 1.0660254037844386
0.33630562937658903 1.0660254037844386
0.34034603341699304 1.0660254037844386
0.3443864374573971 1.0660254037844386
0.3484268414978011 1.0660254037844386
0.3524672455382052 1.0660254037844386
0.35650764957860925 1.0660254037844386
0.36054805361901326 1.0660254037844386
0.3645884576594173 1.0660254037844386
0.36862886169982134 1.0660254037844386
0.3726692657402254 1.0660254037844386
0.3767096697806294 1.0660254037844386
0.38075007382103343 1.0660254037844386
0.3847904778614375 1.0660254037844386
0.38883088190184156 1.0660254037844386
0.3928712859422456 1.0660254037844386
0.39691168998264964 1.0660254037844386
0.40095209402305365 1.0660254037844386
0.4049924980634577 1.0660254037844386
0.40903290210386173 1.0660254037844386
0.4130733061442658 1.0660254037844386
0.4171137101846698 1.0660254037844386
0.4211541142250739 1.0660254037844386
0.42519451826547794 1.0660254037844386
0.42923492230588195 1.0660254037844386
0.43327532634628596 1.0660254037844386
0.43731573038669 1.0660254037844386
0.4413561344270941 1.0660254037844386
0.4453965384674981 1.0660254037844386
0.4494369425079021 1.0660254037844386
0.4534773465483062 1.0660254037844386
0.45751775058871025 1.0660254037844386
0.46155815462911426 1.0660254037844386
0.4655985586695183 1.0660254037844386
0.46963896270992234 1.0660254037844386
0.4736793667503264 1.0660254037844386
0.47771977079073047 1.0660254037844386
0.4817601748311345 1.0660254037844386
0.4858005788715385 1.0660254037844386
0.48984098291194256 1.0660254037844386
0.4938813869523466 1.0660254037844386
0.49792179099275063 1.0660254037844386
0.5019621950331546 1.0660254037844386
0.5060025990735587 1.0660254037844386
0.5100430031139628 1.0660254037844386
0.5140834071543667 1.0660254037844386
0.5181238111947708 1.0660254037844386
0.5221642152351749 1.0660254037844386
0.5262046192755789 1.0660254037844386
0.530245023315983 1.0660254037844386
0.5342854273563871 1.0660254037844386
0.538325831396791 1.0660254037844386
0.5423662354371951 1.0660254037844386
0.5464066394775992 1.0660254037844386
0.5504470435180031 1.0660254037844386
0.5544874475584072 1.0660254037844386
0.5585278515988112 1.0660254037844386
0.5625682556392153 1.0660254037844386
0.5666086596796194 1.0660254037844386
0.5706490637200234 1.0660254037844386
0.5746894677604274 1.0660254037844386
0.5787298718008315 1.0660254037844386
0.5827702758412354 1.0660254037844386
0.5868106798816395 1.0660254037844386
0.5908510839220436 1.0660254037844386
0.5948914879624476 1.0660254037844386
0.5989318920028517 1.0660254037844386
0.6029722960432558 1.0660254037844386
0.6070127000836597 1.0660254037844386
0.6110531041240638 1.0660254037844386
0.6150935081644677 1.0660254037844386
0.6191339122048718 1.0660254037844386
0.6231743162452759 1.0660254037844386
0.6272147202856799 1.0660254037844386
0.631255124326084 1.0660254037844386
0.6352955283664881 1.0660254037844386
0.6393359324068921 1.0660254037844386
0.6433763364472961 1.0660254037844386
0.6474167404877001 1.0660254037844386
0.6514571445281041 1.0660254037844386
0.6554975485685082 1.0660254037844386
0.6595379526089122 1.0660254037844386
0.6635783566493163 1.0660254037844386
0.6676187606897204 1.0660254037844386
0.6716591647301244 1.0660254037844386
0.6756995687705284 1.0660254037844386
0.6797399728109325 1.0660254037844386
0.6837803768513364 1.0660254037844386
0.6878207808917405 1.0660254037844386
0.6918611849321445 1.0660254037844386
0.6959015889725486 1.0660254037844386
0.6999419930129527 1.0660254037844386
