# x y
0.29991386052862945 0.6660254037844386
0.3039542645690335 0.6660254037844386
0.3079946686094375 0.6660254037844386
0.31203507264984154 0.6660254037844386
0.3160754766902456 0.6660254037844386
0.32011588073064967 0.6660254037844386
0.3241562847710537 0.6660254037844386
0.32819668881145775 0.6660254037844386
0.33223709285186176 0.6660254037844386
0.3362774968922658 0.6660254037844386
0.34031790093266984 0.6660254037844386
0.3443583049730739 0.6660254037844386
0.3483987090134779 0.6660254037844386
0.352439113053882 0.6660254037844386
0.35647951709428605 0.6660254037844386
0.36051992113469006 0.6660254037844386
0.36456032517509407 0.6660254037844386
0.36860072921549814 0.6660254037844386
0.3726411332559022 0.6660254037844386
0.3766815372963062 0.6660254037844386
0.3807219413367102 0.6660254037844386
0.3847623453771143 0.6660254037844386
0.38880274941751836 0.6660254037844386
0.39284315345792237 0.6660254037844386
0.39688355749832643 0.6660254037844386
0.40092396153873044 0.6660254037844386
0.4049643655791345 0.6660254037844386
0.4090047696195385 0.6660254037844386
0.4130451736599426 0.6660254037844386
0.4170855777003466 0.6660254037844386
0.42112598174075067 0.6660254037844386
0.42516638578115473 0.6660254037844386
0.42920678982155874 0.6660254037844386
0.43324719386196275 0.6660254037844386
0.4372875979023668 0.6660254037844386
0.4413280019427709 0.6660254037844386
0.4453684059831749 0.6660254037844386
0.4494088100235789 0.6660254037844386
0.453449214063983 0.6660254037844386
0.45748961810438704 0.6660254037844386
0.46153002214479105 0.6660254037844386
0.4655704261851951 0.6660254037844386
0.46961083022559913 0.6660254037844386
0.4736512342660032 0.6660254037844386
0.47769163830640726 0.6660254037844386
0.4817320423468113 0.6660254037844386
0.4857724463872153 0.6660254037844386
0.48981285042761935 0.6660254037844386
0.4938532544680234 0.6660254037844386
0.49789365850842743 0.6660254037844386
0.5019340625488314 0.6660254037844386
0.5059744665892355 0.6660254037844386
0.5100148706296396 0.6660254037844386
0.5140552746700435 0.6660254037844386
0.5180956787104476 0.6660254037844386
0.5221360827508517 0.6660254037844386
0.5261764867912557 0.6660254037844386
0.5302168908316598 0.6660254037844386
0.5342572948720639 0.6660254037844386
0.5382976989124678 0.6660254037844386
0.5423381029528719 0.6660254037844386
0.546378506993276 0.6660254037844386
0.5504189110336799 0.6660254037844386
0.554459315074084 0.6660254037844386
0.558499719114488 0.6660254037844386
0.5625401231548921 0.6660254037844386
0.5665805271952962 0.6660254037844386
0.5706209312357002 0.6660254037844386
0.5746613352761042 0.6660254037844386
0.5787017393165083 0.6660254037844386
0.5827421433569122 0.6660254037844386
0.5867825473973163 0.6660254037844386
0.5908229514377203 0.6660254037844386
0.5948633554781244 0.6660254037844386
0.5989037595185285 0.6660254037844386
0.6029441635589325 0.6660254037844386
0.6069845675993365 0.6660254037844386
0.6110249716397406 0.6660254037844386
0.6150653756801445 0.6660254037844386
0.6191057797205486 0.6660254037844386
0.6231461837609527 0.6660254037844386
0.6271865878013567 0.6660254037844386
0.6312269918417608 0.6660254037844386
0.6352673958821649 0.6660254037844386
0.6393077999225689 0.6660254037844386
0.6433482039629729 0.6660254037844386
0.6473886080033769 0.6660254037844386
0.6514290120437809 0.6660254037844386
0.655469416084185 0.6660254037844386
0.659509820124589 0.6660254037844386
0.6635502241649931 0.6660254037844386
0.6675906282053972 0.6660254037844386
0.6716310322458012 0.6660254037844386
0.6756714362862052 0.6660254037844386
0.6797118403266093 0.6660254037844386
0.6837522443670132 0.6660254037844386
0.6877926484074173 0.6660254037844386
0.6918330524478213 0.6660254037844386
0.6958734564882254 0.6660254037844386
0.6999138605286295 0.6660254037844386
0.29991386052862945 0.6700658078248426
0.3039542645690335 0.6700658078248426
0.3079946686094375 0.6700658078248426
0.31203507264984154 0.6700658078248426
0.3160754766902456 0.6700658078248426
0.32011588073064967 0.6700658078248426
0.3241562847710537 0.6700658078248426
0.32819668881145775 0.6700658078248426
0.33223709285186176 0.6700658078248426
0.3362774968922658 0.6700658078248426
0.34031790093266984 0.6700658078248426
0.3443583049730739 0.6700658078248426
0.3483987090134779 0.6700658078248426
0.352439113053882 0.6700658078248426
0.35647951709428605 0.6700658078248426
0.36051992113469006 0.6700658078248426
0.36456032517509407 0.6700658078248426
0.36860072921549814 0.6700658078248426
0.3726411332559022 0.6700658078248426
0.3766815372963062 0.6700658078248426
0.3807219413367102 0.6700658078248426
0.3847623453771143 0.6700658078248426
0.38880274941751836 0.6700658078248426
0.39284315345792237 0.6700658078248426
0.39688355749832643 0.6700658078248426
0.40092396153873044 0.6700658078248426
0.4049643655791345 0.6700658078248426
0.4090047696195385 0.6700658078248426
0.4130451736599426 0.6700658078248426
0.4170855777003466 0.6700658078248426
0.42112598174075067 0.6700658078248426
0.42516638578115473 0.6700658078248426
0.42920678982155874 0.6700658078248426
0.43324719386196275 0.6700658078248426
0.4372875979023668 0.6700658078248426
0.4413280019427709 0.6700658078248426
0.4453684059831749 0.6700658078248426
0.4494088100235789 0.6700658078248426
0.453449214063983 0.6700658078248426
0.45748961810438704 0.6700658078248426
0.46153002214479105 0.6700658078248426
0.4655704261851951 0.6700658078248426
0.46961083022559913 0.6700658078248426
0.4736512342660032 0.6700658078248426
0.47769163830640726 0.6700658078248426
0.4817320423468113 0.6700658078248426
0.4857724463872153 0.6700658078248426
0.48981285042761935 0.6700658078248426
0.4938532544680234 0.6700658078248426
0.49789365850842743 0.6700658078248426
0.5019340625488314 0.6700658078248426
0.5059744665892355 0.6700658078248426
0.5100148706296396 0.6700658078248426
0.5140552746700435 0.6700658078248426
0.5180956787104476 0.6700658078248426
0.5221360827508517 0.6700658078248426
0.5261764867912557 0.6700658078248426
0.5302168908316598 0.6700658078248426
0.5342572948720639 0.6700658078248426
0.5382976989124678 0.6700658078248426
0.5423381029528719 0.6700658078248426
0.546378506993276 0.6700658078248426
0.5504189110336799 0.6700658078248426
0.554459315074084 0.6700658078248426
0.558499719114488 0.6700658078248426
0.5625401231548921 0.6700658078248426
0.5665805271952962 0.6700658078248426
0.5706209312357002 0.6700658078248426
0.5746613352761042 0.6700658078248426
0.5787017393165083 0.6700658078248426
0.5827421433569122 0.6700658078248426
0.5867825473973163 0.6700658078248426
0.5908229514377203 0.6700658078248426
0.5948633554781244 0.6700658078248426
0.5989037595185285 0.6700658078248426
0.6029441635589325 0.6700658078248426
0.6069845675993365 0.6700658078248426
0.6110249716397406 0.6700658078248426
0.6150653756801445 0.6700658078248426
0.6191057797205486 0.6700658078248426
0.6231461837609527 0.6700658078248426
0.6271865878013567 0.6700658078248426
0.6312269918417608 0.6700658078248426
0.6352673958821649 0.6700658078248426
0.6393077999225689 0.6700658078248426
0.6433482039629729 0.6700658078248426
0.6473886080033769 0.6700658078248426
0.6514290120437809 0.6700658078248426
0.655469416084185 0.6700658078248426
0.659509820124589 0.6700658078248426
0.6635502241649931 0.6700658078248426
0.6675906282053972 0.6700658078248426
0.6716310322458012 0.6700658078248426
0.6756714362862052 0.6700658078248426
0.6797118403266093 0.6700658078248426
0.6837522443670132 0.6700658078248426
0.6877926484074173 0.6700658078248426
0.6918330524478213 0.6700658078248426
0.6958734564882254 0.6700658078248426
0.6999138605286295 0.6700658078248426
0.29991386052862945 0.6741062118652467
0.3039542645690335 0.6741062118652467
0.3079946686094375 0.6741062118652467
0.31203507264984154 0.6741062118652467
0.3160754766902456 0.6741062118652467
0.32011588073064967 0.6741062118652467
0.3241562847710537 0.6741062118652467
0.32819668881145775 0.6741062118652467
0.33223709285186176 0.6741062118652467
0.3362774968922658 0.6741062118652467
0.34031790093266984 0.6741062118652467
0.3443583049730739 0.6741062118652467
0.3483987090134779 0.6741062118652467
0.352439113053882 0.6741062118652467
0.35647951709428605 0.6741062118652467
0.36051992113469006 0.6741062118652467
0.36456032517509407 0.6741062118652467
0.36860072921549814 0.6741062118652467
0.3726411332559022 0.6741062118652467
0.3766815372963062 0.6741062118652467
0.3807219413367102 0.6741062118652467
0.3847623453771143 0.6741062118652467
0.38880274941751836 0.6741062118652467
0.39284315345792237 0.6741062118652467
0.39688355749832643 0.6741062118652467
0.40092396153873044 0.6741062118652467
0.4049643655791345 0.6741062118652467
0.4090047696195385 0.6741062118652467
0.4130451736599426 0.6741062118652467
0.4170855777003466 0.6741062118652467
0.42112598174075067 0.6741062118652467
0.42516638578115473 0.6741062118652467
0.42920678982155874 0.6741062118652467
0.43324719386196275 0.6741062118652467
0.4372875979023668 0.6741062118652467
0.4413280019427709 0.6741062118652467
0.4453684059831749 0.6741062118652467
0.4494088100235789 0.6741062118652467
0.453449214063983 0.6741062118652467
0.45748961810438704 0.6741062118652467
0.46153002214479105 0.6741062118652467
0.4655704261851951 0.6741062118652467
0.46961083022559913 0.6741062118652467
0.4736512342660032 0.6741062118652467
0.47769163830640726 0.6741062118652467
0.4817320423468113 0.6741062118652467
0.4857724463872153 0.6741062118652467
0.48981285042761935 0.6741062118652467
0.4938532544680234 0.6741062118652467
0.49789365850842743 0.6741062118652467
0.5019340625488314 0.6741062118652467
0.5059744665892355 0.6741062118652467
0.5100148706296396 0.6741062118652467
0.5140552746700435 0.6741062118652467
0.5180956787104476 0.6741062118652467
0.5221360827508517 0.6741062118652467
0.5261764867912557 0.6741062118652467
0.5302168908316598 0.6741062118652467
0.5342572948720639 0.6741062118652467
0.5382976989124678 0.6741062118652467
0.5423381029528719 0.6741062118652467
0.546378506993276 0.6741062118652467
0.5504189110336799 0.6741062118652467
0.554459315074084 0.6741062118652467
0.558499719114488 0.6741062118652467
0.5625401231548921 0.6741062118652467
0.5665805271952962 0.6741062118652467
0.5706209312357002 0.6741062118652467
0.5746613352761042 0.6741062118652467
0.5787017393165083 0.6741062118652467
0.5827421433569122 0.6741062118652467
0.5867825473973163 0.6741062118652467
0.5908229514377203 0.6741062118652467
0.5948633554781244 0.6741062118652467
0.5989037595185285 0.6741062118652467
0.6029441635589325 0.6741062118652467
0.6069845675993365 0.6741062118652467
0.6110249716397406 0.6741062118652467
0.6150653756801445 0.6741062118652467
0.6191057797205486 0.6741062118652467
0.6231461837609527 0.6741062118652467
0.6271865878013567 0.6741062118652467
0.6312269918417608 0.6741062118652467
0.6352673958821649 0.6741062118652467
0.6393077999225689 0.6741062118652467
0.6433482039629729 0.6741062118652467
0.6473886080033769 0.6741062118652467
0.6514290120437809 0.6741062118652467
0.655469416084185 0.6741062118652467
0.659509820124589 0.6741062118652467
0.6635502241649931 0.6741062118652467
0.6675906282053972 0.6741062118652467
0.6716310322458012 0.6741062118652467
0.6756714362862052 0.6741062118652467
0.6797118403266093 0.6741062118652467
0.6837522443670132 0.6741062118652467
0.6877926484074173 0.6741062118652467
0.6918330524478213 0.6741062118652467
0.6958734564882254 0.6741062118652467
0.6999138605286295 0.6741062118652467
0.29991386052862945 0.6781466159056507
0.3039542645690335 0.6781466159056507
0.3079946686094375 0.6781466159056507
0.31203507264984154 0.6781466159056507
0.3160754766902456 0.6781466159056507
0.32011588073064967 0.6781466159056507
0.3241562847710537 0.6781466159056507
0.32819668881145775 0.6781466159056507
0.33223709285186176 0.6781466159056507
0.3362774968922658 0.6781466159056507
0.34031790093266984 0.6781466159056507
0.3443583049730739 0.6781466159056507
0.3483987090134779 0.6781466159056507
0.352439113053882 0.6781466159056507
0.35647951709428605 0.6781466159056507
0.36051992113469006 0.6781466159056507
0.36456032517509407 0.6781466159056507
0.36860072921549814 0.6781466159056507
0.3726411332559022 0.6781466159056507
0.3766815372963062 0.6781466159056507
0.3807219413367102 0.6781466159056507
0.3847623453771143 0.6781466159056507
0.38880274941751836 0.6781466159056507
0.39284315345792237 0.6781466159056507
0.39688355749832643 0.6781466159056507
0.40092396153873044 0.6781466159056507
0.4049643655791345 0.6781466159056507
0.4090047696195385 0.6781466159056507
0.4130451736599426 0.6781466159056507
0.4170855777003466 0.6781466159056507
0.42112598174075067 0.6781466159056507
0.42516638578115473 0.6781466159056507
0.42920678982155874 0.6781466159056507
0.43324719386196275 0.6781466159056507
0.4372875979023668 0.6781466159056507
0.4413280019427709 0.6781466159056507
0.4453684059831749 0.6781466159056507
0.4494088100235789 0.6781466159056507
0.453449214063983 0.6781466159056507
0.45748961810438704 0.6781466159056507
0.46153002214479105 0.6781466159056507
0.4655704261851951 0.6781466159056507
0.46961083022559913 0.6781466159056507
0.4736512342660032 0.6781466159056507
0.47769163830640726 0.6781466159056507
0.4817320423468113 0.6781466159056507
0.4857724463872153 0.6781466159056507
0.48981285042761935 0.6781466159056507
0.4938532544680234 0.6781466159056507
0.49789365850842743 0.6781466159056507
0.5019340625488314 0.6781466159056507
0.5059744665892355 0.6781466159056507
0.5100148706296396 0.6781466159056507
0.5140552746700435 0.6781466159056507
0.5180956787104476 0.6781466159056507
0.5221360827508517 0.6781466159056507
0.5261764867912557 0.6781466159056507
0.5302168908316598 0.6781466159056507
0.5342572948720639 0.6781466159056507
0.5382976989124678 0.6781466159056507
0.5423381029528719 0.6781466159056507
0.546378506993276 0.6781466159056507
0.5504189110336799 0.6781466159056507
0.554459315074084 0.6781466159056507
0.558499719114488 0.6781466159056507
0.5625401231548921 0.6781466159056507
0.5665805271952962 0.6781466159056507
0.5706209312357002 0.6781466159056507
0.5746613352761042 0.6781466159056507
0.5787017393165083 0.6781466159056507
0.5827421433569122 0.6781466159056507
0.5867825473973163 0.6781466159056507
0.5908229514377203 0.6781466159056507
0.5948633554781244 0.6781466159056507
0.5989037595185285 0.6781466159056507
0.6029441635589325 0.6781466159056507
0.6069845675993365 0.6781466159056507
0.6110249716397406 0.6781466159056507
0.6150653756801445 0.6781466159056507
0.6191057797205486 0.6781466159056507
0.6231461837609527 0.6781466159056507
0.6271865878013567 0.6781466159056507
0.6312269918417608 0.6781466159056507
0.6352673958821649 0.6781466159056507
0.6393077999225689 0.6781466159056507
0.6433482039629729 0.6781466159056507
0.6473886080033769 0.6781466159056507
0.6514290120437809 0.6781466159056507
0.655469416084185 0.6781466159056507
0.659509820124589 0.6781466159056507
0.6635502241649931 0.6781466159056507
0.6675906282053972 0.6781466159056507
0.6716310322458012 0.6781466159056507
0.6756714362862052 0.6781466159056507
0.6797118403266093 0.6781466159056507
0.6837522443670132 0.6781466159056507
0.6877926484074173 0.6781466159056507
0.6918330524478213 0.6781466159056507
0.6958734564882254 0.6781466159056507
0.6999138605286295 0.6781466159056507
0.29991386052862945 0.6821870199460547
0.3039542645690335 0.6821870199460547
0.3079946686094375 0.6821870199460547
0.31203507264984154 0.6821870199460547
0.3160754766902456 0.6821870199460547
0.32011588073064967 0.6821870199460547
0.3241562847710537 0.6821870199460547
0.32819668881145775 0.6821870199460547
0.33223709285186176 0.6821870199460547
0.3362774968922658 0.6821870199460547
0.34031790093266984 0.6821870199460547
0.3443583049730739 0.6821870199460547
0.3483987090134779 0.6821870199460547
0.352439113053882 0.6821870199460547
0.35647951709428605 0.6821870199460547
0.36051992113469006 0.6821870199460547
0.36456032517509407 0.6821870199460547
0.36860072921549814 0.6821870199460547
0.3726411332559022 0.6821870199460547
0.3766815372963062 0.6821870199460547
0.3807219413367102 0.6821870199460547
0.3847623453771143 0.6821870199460547
0.38880274941751836 0.6821870199460547
0.39284315345792237 0.6821870199460547
0.39688355749832643 0.6821870199460547
0.40092396153873044 0.6821870199460547
0.4049643655791345 0.6821870199460547
0.4090047696195385 0.6821870199460547
0.4130451736599426 0.6821870199460547
0.4170855777003466 0.6821870199460547
0.42112598174075067 0.6821870199460547
0.42516638578115473 0.6821870199460547
0.42920678982155874 0.6821870199460547
0.43324719386196275 0.6821870199460547
0.4372875979023668 0.6821870199460547
0.4413280019427709 0.6821870199460547
0.4453684059831749 0.6821870199460547
0.4494088100235789 0.6821870199460547
0.453449214063983 0.6821870199460547
0.45748961810438704 0.6821870199460547
0.46153002214479105 0.6821870199460547
0.4655704261851951 0.6821870199460547
0.46961083022559913 0.6821870199460547
0.4736512342660032 0.6821870199460547
0.47769163830640726 0.6821870199460547
0.4817320423468113 0.6821870199460547
0.4857724463872153 0.6821870199460547
0.48981285042761935 0.6821870199460547
0.4938532544680234 0.6821870199460547
0.49789365850842743 0.6821870199460547
0.5019340625488314 0.6821870199460547
0.5059744665892355 0.6821870199460547
0.5100148706296396 0.6821870199460547
0.5140552746700435 0.6821870199460547
0.5180956787104476 0.6821870199460547
0.5221360827508517 0.6821870199460547
0.5261764867912557 0.6821870199460547
0.5302168908316598 0.6821870199460547
0.5342572948720639 0.6821870199460547
0.5382976989124678 0.6821870199460547
0.5423381029528719 0.6821870199460547
0.546378506993276 0.6821870199460547
0.5504189110336799 0.6821870199460547
0.554459315074084 0.6821870199460547
0.558499719114488 0.6821870199460547
0.5625401231548921 0.6821870199460547
0.5665805271952962 0.6821870199460547
0.5706209312357002 0.6821870199460547
0.5746613352761042 0.6821870199460547
0.5787017393165083 0.6821870199460547
0.5827421433569122 0.6821870199460547
0.5867825473973163 0.6821870199460547
0.5908229514377203 0.6821870199460547
0.5948633554781244 0.6821870199460547
0.5989037595185285 0.6821870199460547
0.6029441635589325 0.6821870199460547
0.6069845675993365 0.6821870199460547
0.6110249716397406 0.6821870199460547
0.6150653756801445 0.6821870199460547
0.6191057797205486 0.6821870199460547
0.6231461837609527 0.6821870199460547
0.6271865878013567 0.6821870199460547
0.6312269918417608 0.6821870199460547
0.6352673958821649 0.6821870199460547
0.6393077999225689 0.6821870199460547
0.6433482039629729 0.6821870199460547
0.6473886080033769 0.6821870199460547
0.6514290120437809 0.6821870199460547
0.655469416084185 0.6821870199460547
0.659509820124589 0.6821870199460547
0.6635502241649931 0.6821870199460547
0.6675906282053972 0.6821870199460547
0.6716310322458012 0.6821870199460547
0.6756714362862052 0.6821870199460547
0.6797118403266093 0.6821870199460547
0.6837522443670132 0.6821870199460547
0.6877926484074173 0.6821870199460547
0.6918330524478213 0.6821870199460547
0.6958734564882254 0.6821870199460547
0.6999138605286295 0.6821870199460547
0.29991386052862945 0.6862274239864588
0.3039542645690335 0.6862274239864588
0.3079946686094375 0.6862274239864588
0.31203507264984154 0.6862274239864588
0.3160754766902456 0.6862274239864588
0.32011588073064967 0.6862274239864588
0.3241562847710537 0.6862274239864588
0.32819668881145775 0.6862274239864588
0.33223709285186176 0.6862274239864588
0.3362774968922658 0.6862274239864588
0.34031790093266984 0.6862274239864588
0.3443583049730739 0.6862274239864588
0.3483987090134779 0.6862274239864588
0.352439113053882 0.6862274239864588
0.35647951709428605 0.6862274239864588
0.36051992113469006 0.6862274239864588
0.36456032517509407 0.6862274239864588
0.36860072921549814 0.6862274239864588
0.3726411332559022 0.6862274239864588
0.3766815372963062 0.6862274239864588
0.3807219413367102 0.6862274239864588
0.3847623453771143 0.6862274239864588
0.38880274941751836 0.6862274239864588
0.39284315345792237 0.6862274239864588
0.39688355749832643 0.6862274239864588
0.40092396153873044 0.6862274239864588
0.4049643655791345 0.6862274239864588
0.4090047696195385 0.6862274239864588
0.4130451736599426 0.6862274239864588
0.4170855777003466 0.6862274239864588
0.42112598174075067 0.6862274239864588
0.42516638578115473 0.6862274239864588
0.42920678982155874 0.6862274239864588
0.43324719386196275 0.6862274239864588
0.4372875979023668 0.6862274239864588
0.4413280019427709 0.6862274239864588
0.4453684059831749 0.6862274239864588
0.4494088100235789 0.6862274239864588
0.453449214063983 0.6862274239864588
0.45748961810438704 0.6862274239864588
0.46153002214479105 0.6862274239864588
0.4655704261851951 0.6862274239864588
0.46961083022559913 0.6862274239864588
0.4736512342660032 0.6862274239864588
0.47769163830640726 0.6862274239864588
0.4817320423468113 0.6862274239864588
0.4857724463872153 0.6862274239864588
0.48981285042761935 0.6862274239864588
0.4938532544680234 0.6862274239864588
0.49789365850842743 0.6862274239864588
0.5019340625488314 0.6862274239864588
0.5059744665892355 0.6862274239864588
0.5100148706296396 0.6862274239864588
0.5140552746700435 0.6862274239864588
0.5180956787104476 0.6862274239864588
0.5221360827508517 0.6862274239864588
0.5261764867912557 0.6862274239864588
0.5302168908316598 0.6862274239864588
0.5342572948720639 0.6862274239864588
0.5382976989124678 0.6862274239864588
0.5423381029528719 0.6862274239864588
0.546378506993276 0.6862274239864588
0.5504189110336799 0.6862274239864588
0.554459315074084 0.6862274239864588
0.558499719114488 0.6862274239864588
0.5625401231548921 0.6862274239864588
0.5665805271952962 0.6862274239864588
0.5706209312357002 0.6862274239864588
0.5746613352761042 0.6862274239864588
0.5787017393165083 0.6862274239864588
0.5827421433569122 0.6862274239864588
0.5867825473973163 0.6862274239864588
0.5908229514377203 0.6862274239864588
0.5948633554781244 0.6862274239864588
0.5989037595185285 0.6862274239864588
0.6029441635589325 0.6862274239864588
0.6069845675993365 0.6862274239864588
0.6110249716397406 0.6862274239864588
0.6150653756801445 0.6862274239864588
0.6191057797205486 0.6862274239864588
0.6231461837609527 0.6862274239864588
0.6271865878013567 0.6862274239864588
0.6312269918417608 0.6862274239864588
0.6352673958821649 0.6862274239864588
0.6393077999225689 0.6862274239864588
0.6433482039629729 0.6862274239864588
0.6473886080033769 0.6862274239864588
0.6514290120437809 0.6862274239864588
0.655469416084185 0.6862274239864588
0.659509820124589 0.6862274239864588
0.6635502241649931 0.6862274239864588
0.6675906282053972 0.6862274239864588
0.6716310322458012 0.6862274239864588
0.6756714362862052 0.6862274239864588
0.6797118403266093 0.6862274239864588
0.6837522443670132 0.6862274239864588
0.6877926484074173 0.6862274239864588
0.6918330524478213 0.6862274239864588
0.6958734564882254 0.6862274239864588
0.6999138605286295 0.6862274239864588
0.29991386052862945 0.6902678280268628
0.3039542645690335 0.6902678280268628
0.3079946686094375 0.6902678280268628
0.31203507264984154 0.6902678280268628
0.3160754766902456 0.6902678280268628
0.32011588073064967 0.6902678280268628
0.3241562847710537 0.6902678280268628
0.32819668881145775 0.6902678280268628
0.33223709285186176 0.6902678280268628
0.3362774968922658 0.6902678280268628
0.34031790093266984 0.6902678280268628
0.3443583049730739 0.6902678280268628
0.3483987090134779 0.6902678280268628
0.352439113053882 0.6902678280268628
0.35647951709428605 0.6902678280268628
0.36051992113469006 0.6902678280268628
0.36456032517509407 0.6902678280268628
0.36860072921549814 0.6902678280268628
0.3726411332559022 0.6902678280268628
0.3766815372963062 0.6902678280268628
0.3807219413367102 0.6902678280268628
0.3847623453771143 0.6902678280268628
0.38880274941751836 0.6902678280268628
0.39284315345792237 0.6902678280268628
0.39688355749832643 0.6902678280268628
0.40092396153873044 0.6902678280268628
0.4049643655791345 0.6902678280268628
0.4090047696195385 0.6902678280268628
0.4130451736599426 0.6902678280268628
0.4170855777003466 0.6902678280268628
0.42112598174075067 0.6902678280268628
0.42516638578115473 0.6902678280268628
0.42920678982155874 0.6902678280268628
0.43324719386196275 0.6902678280268628
0.4372875979023668 0.6902678280268628
0.4413280019427709 0.6902678280268628
0.4453684059831749 0.6902678280268628
0.4494088100235789 0.6902678280268628
0.453449214063983 0.6902678280268628
0.45748961810438704 0.6902678280268628
0.46153002214479105 0.6902678280268628
0.4655704261851951 0.6902678280268628
0.46961083022559913 0.6902678280268628
0.4736512342660032 0.6902678280268628
0.47769163830640726 0.6902678280268628
0.4817320423468113 0.6902678280268628
0.4857724463872153 0.6902678280268628
0.48981285042761935 0.6902678280268628
0.4938532544680234 0.6902678280268628
0.49789365850842743 0.6902678280268628
0.5019340625488314 0.6902678280268628
0.5059744665892355 0.6902678280268628
0.5100148706296396 0.6902678280268628
0.5140552746700435 0.6902678280268628
0.5180956787104476 0.6902678280268628
0.5221360827508517 0.6902678280268628
0.5261764867912557 0.6902678280268628
0.5302168908316598 0.6902678280268628
0.5342572948720639 0.6902678280268628
0.5382976989124678 0.6902678280268628
0.5423381029528719 0.6902678280268628
0.546378506993276 0.6902678280268628
0.5504189110336799 0.6902678280268628
0.554459315074084 0.6902678280268628
0.558499719114488 0.6902678280268628
0.5625401231548921 0.6902678280268628
0.5665805271952962 0.6902678280268628
0.5706209312357002 0.6902678280268628
0.5746613352761042 0.6902678280268628
0.5787017393165083 0.6902678280268628
0.5827421433569122 0.6902678280268628
0.5867825473973163 0.6902678280268628
0.5908229514377203 0.6902678280268628
0.5948633554781244 0.6902678280268628
0.5989037595185285 0.6902678280268628
0.6029441635589325 0.6902678280268628
0.6069845675993365 0.6902678280268628
0.6110249716397406 0.6902678280268628
0.6150653756801445 0.6902678280268628
0.6191057797205486 0.6902678280268628
0.6231461837609527 0.6902678280268628
0.6271865878013567 0.6902678280268628
0.6312269918417608 0.6902678280268628
0.6352673958821649 0.6902678280268628
0.6393077999225689 0.6902678280268628
0.6433482039629729 0.6902678280268628
0.6473886080033769 0.6902678280268628
0.6514290120437809 0.6902678280268628
0.655469416084185 0.6902678280268628
0.659509820124589 0.6902678280268628
0.6635502241649931 0.6902678280268628
0.6675906282053972 0.6902678280268628
0.6716310322458012 0.6902678280268628
0.6756714362862052 0.6902678280268628
0.6797118403266093 0.6902678280268628
0.6837522443670132 0.6902678280268628
0.6877926484074173 0.6902678280268628
0.6918330524478213 0.6902678280268628
0.6958734564882254 0.6902678280268628
0.6999138605286295 0.6902678280268628
0.29991386052862945 0.6943082320672669
0.3039542645690335 0.6943082320672669
0.3079946686094375 0.6943082320672669
0.31203507264984154 0.6943082320672669
0.3160754766902456 0.6943082320672669
0.32011588073064967 0.6943082320672669
0.3241562847710537 0.6943082320672669
0.32819668881145775 0.6943082320672669
0.33223709285186176 0.6943082320672669
0.3362774968922658 0.6943082320672669
0.34031790093266984 0.6943082320672669
0.3443583049730739 0.6943082320672669
0.3483987090134779 0.6943082320672669
0.352439113053882 0.6943082320672669
0.35647951709428605 0.6943082320672669
0.36051992113469006 0.6943082320672669
0.36456032517509407 0.6943082320672669
0.36860072921549814 0.6943082320672669
0.3726411332559022 0.6943082320672669
0.3766815372963062 0.6943082320672669
0.3807219413367102 0.6943082320672669
0.3847623453771143 0.6943082320672669
0.38880274941751836 0.6943082320672669
0.39284315345792237 0.6943082320672669
0.39688355749832643 0.6943082320672669
0.40092396153873044 0.6943082320672669
0.4049643655791345 0.6943082320672669
0.4090047696195385 0.6943082320672669
0.4130451736599426 0.6943082320672669
0.4170855777003466 0.6943082320672669
0.42112598174075067 0.6943082320672669
0.42516638578115473 0.6943082320672669
0.42920678982155874 0.6943082320672669
0.43324719386196275 0.6943082320672669
0.4372875979023668 0.6943082320672669
0.4413280019427709 0.6943082320672669
0.4453684059831749 0.6943082320672669
0.4494088100235789 0.6943082320672669
0.453449214063983 0.6943082320672669
0.45748961810438704 0.6943082320672669
0.46153002214479105 0.6943082320672669
0.4655704261851951 0.6943082320672669
0.46961083022559913 0.6943082320672669
0.4736512342660032 0.6943082320672669
0.47769163830640726 0.6943082320672669
0.4817320423468113 0.6943082320672669
0.4857724463872153 0.6943082320672669
0.48981285042761935 0.6943082320672669
0.4938532544680234 0.6943082320672669
0.49789365850842743 0.6943082320672669
0.5019340625488314 0.6943082320672669
0.5059744665892355 0.6943082320672669
0.5100148706296396 0.6943082320672669
0.5140552746700435 0.6943082320672669
0.5180956787104476 0.6943082320672669
0.5221360827508517 0.6943082320672669
0.5261764867912557 0.6943082320672669
0.5302168908316598 0.6943082320672669
0.5342572948720639 0.6943082320672669
0.5382976989124678 0.6943082320672669
0.5423381029528719 0.6943082320672669
0.546378506993276 0.6943082320672669
0.5504189110336799 0.6943082320672669
0.554459315074084 0.6943082320672669
0.558499719114488 0.6943082320672669
0.5625401231548921 0.6943082320672669
0.5665805271952962 0.6943082320672669
0.5706209312357002 0.6943082320672669
0.5746613352761042 0.6943082320672669
0.5787017393165083 0.6943082320672669
0.5827421433569122 0.6943082320672669
0.5867825473973163 0.6943082320672669
0.5908229514377203 0.6943082320672669
0.5948633554781244 0.6943082320672669
0.5989037595185285 0.6943082320672669
0.6029441635589325 0.6943082320672669
0.6069845675993365 0.6943082320672669
0.6110249716397406 0.6943082320672669
0.6150653756801445 0.6943082320672669
0.6191057797205486 0.6943082320672669
0.6231461837609527 0.6943082320672669
0.6271865878013567 0.6943082320672669
0.6312269918417608 0.6943082320672669
0.6352673958821649 0.6943082320672669
0.6393077999225689 0.6943082320672669
0.6433482039629729 0.6943082320672669
0.6473886080033769 0.6943082320672669
0.6514290120437809 0.6943082320672669
0.655469416084185 0.6943082320672669
0.659509820124589 0.6943082320672669
0.6635502241649931 0.6943082320672669
0.6675906282053972 0.6943082320672669
0.6716310322458012 0.6943082320672669
0.6756714362862052 0.6943082320672669
0.6797118403266093 0.6943082320672669
0.6837522443670132 0.6943082320672669
0.6877926484074173 0.6943082320672669
0.6918330524478213 0.6943082320672669
0.6958734564882254 0.6943082320672669
0.6999138605286295 0.6943082320672669
0.29991386052862945 0.698348636107671
0.3039542645690335 0.698348636107671
0.3079946686094375 0.698348636107671
0.31203507264984154 0.698348636107671
0.3160754766902456 0.698348636107671
0.32011588073064967 0.698348636107671
0.3241562847710537 0.698348636107671
0.32819668881145775 0.698348636107671
0.33223709285186176 0.698348636107671
0.3362774968922658 0.698348636107671
0.34031790093266984 0.698348636107671
0.3443583049730739 0.698348636107671
0.3483987090134779 0.698348636107671
0.352439113053882 0.698348636107671
0.35647951709428605 0.698348636107671
0.36051992113469006 0.698348636107671
0.36456032517509407 0.698348636107671
0.36860072921549814 0.698348636107671
0.3726411332559022 0.698348636107671
0.3766815372963062 0.698348636107671
0.3807219413367102 0.698348636107671
0.3847623453771143 0.698348636107671
0.38880274941751836 0.698348636107671
0.39284315345792237 0.698348636107671
0.39688355749832643 0.698348636107671
0.40092396153873044 0.698348636107671
0.4049643655791345 0.698348636107671
0.4090047696195385 0.698348636107671
0.4130451736599426 0.698348636107671
0.4170855777003466 0.698348636107671
0.42112598174075067 0.698348636107671
0.42516638578115473 0.698348636107671
0.42920678982155874 0.698348636107671
0.43324719386196275 0.698348636107671
0.4372875979023668 0.698348636107671
0.4413280019427709 0.698348636107671
0.4453684059831749 0.698348636107671
0.4494088100235789 0.698348636107671
0.453449214063983 0.698348636107671
0.45748961810438704 0.698348636107671
0.46153002214479105 0.698348636107671
0.4655704261851951 0.698348636107671
0.46961083022559913 0.698348636107671
0.4736512342660032 0.698348636107671
0.47769163830640726 0.698348636107671
0.4817320423468113 0.698348636107671
0.4857724463872153 0.698348636107671
0.48981285042761935 0.698348636107671
0.4938532544680234 0.698348636107671
0.49789365850842743 0.698348636107671
0.5019340625488314 0.698348636107671
0.5059744665892355 0.698348636107671
0.5100148706296396 0.698348636107671
0.5140552746700435 0.698348636107671
0.5180956787104476 0.698348636107671
0.5221360827508517 0.698348636107671
0.5261764867912557 0.698348636107671
0.5302168908316598 0.698348636107671
0.5342572948720639 0.698348636107671
0.5382976989124678 0.698348636107671
0.5423381029528719 0.698348636107671
0.546378506993276 0.698348636107671
0.5504189110336799 0.698348636107671
0.554459315074084 0.698348636107671
0.558499719114488 0.698348636107671
0.5625401231548921 0.698348636107671
0.5665805271952962 0.698348636107671
0.5706209312357002 0.698348636107671
0.5746613352761042 0.698348636107671
0.5787017393165083 0.698348636107671
0.5827421433569122 0.698348636107671
0.5867825473973163 0.698348636107671
0.5908229514377203 0.698348636107671
0.5948633554781244 0.698348636107671
0.5989037595185285 0.698348636107671
0.6029441635589325 0.698348636107671
0.6069845675993365 0.698348636107671
0.6110249716397406 0.698348636107671
0.6150653756801445 0.698348636107671
0.6191057797205486 0.698348636107671
0.6231461837609527 0.698348636107671
0.6271865878013567 0.698348636107671
0.6312269918417608 0.698348636107671
0.6352673958821649 0.698348636107671
0.6393077999225689 0.698348636107671
0.6433482039629729 0.698348636107671
0.6473886080033769 0.698348636107671
0.6514290120437809 0.698348636107671
0.655469416084185 0.698348636107671
0.659509820124589 0.698348636107671
0.6635502241649931 0.698348636107671
0.6675906282053972 0.698348636107671
0.6716310322458012 0.698348636107671
0.6756714362862052 0.698348636107671
0.6797118403266093 0.698348636107671
0.6837522443670132 0.698348636107671
0.6877926484074173 0.698348636107671
0.6918330524478213 0.698348636107671
0.6958734564882254 0.698348636107671
0.6999138605286295 0.698348636107671
0.29991386052862945 0.702389040148075
0.3039542645690335 0.702389040148075
0.3079946686094375 0.702389040148075
0.31203507264984154 0.702389040148075
0.3160754766902456 0.702389040148075
0.32011588073064967 0.702389040148075
0.3241562847710537 0.702389040148075
0.32819668881145775 0.702389040148075
0.33223709285186176 0.702389040148075
0.3362774968922658 0.702389040148075
0.34031790093266984 0.702389040148075
0.3443583049730739 0.702389040148075
0.3483987090134779 0.702389040148075
0.352439113053882 0.702389040148075
0.35647951709428605 0.702389040148075
0.36051992113469006 0.702389040148075
0.36456032517509407 0.702389040148075
0.36860072921549814 0.702389040148075
0.3726411332559022 0.702389040148075
0.3766815372963062 0.702389040148075
0.3807219413367102 0.702389040148075
0.3847623453771143 0.702389040148075
0.38880274941751836 0.702389040148075
0.39284315345792237 0.702389040148075
0.39688355749832643 0.702389040148075
0.40092396153873044 0.702389040148075
0.4049643655791345 0.702389040148075
0.4090047696195385 0.702389040148075
0.4130451736599426 0.702389040148075
0.4170855777003466 0.702389040148075
0.42112598174075067 0.702389040148075
0.42516638578115473 0.702389040148075
0.42920678982155874 0.702389040148075
0.43324719386196275 0.702389040148075
0.4372875979023668 0.702389040148075
0.4413280019427709 0.702389040148075
0.4453684059831749 0.702389040148075
0.4494088100235789 0.702389040148075
0.453449214063983 0.702389040148075
0.45748961810438704 0.702389040148075
0.46153002214479105 0.702389040148075
0.4655704261851951 0.702389040148075
0.46961083022559913 0.702389040148075
0.4736512342660032 0.702389040148075
0.47769163830640726 0.702389040148075
0.4817320423468113 0.702389040148075
0.4857724463872153 0.702389040148075
0.48981285042761935 0.702389040148075
0.4938532544680234 0.702389040148075
0.49789365850842743 0.702389040148075
0.5019340625488314 0.702389040148075
0.5059744665892355 0.702389040148075
0.5100148706296396 0.702389040148075
0.5140552746700435 0.702389040148075
0.5180956787104476 0.702389040148075
0.5221360827508517 0.702389040148075
0.5261764867912557 0.702389040148075
0.5302168908316598 0.702389040148075
0.5342572948720639 0.702389040148075
0.5382976989124678 0.702389040148075
0.5423381029528719 0.702389040148075
0.546378506993276 0.702389040148075
0.5504189110336799 0.702389040148075
0.554459315074084 0.702389040148075
0.558499719114488 0.702389040148075
0.5625401231548921 0.702389040148075
0.5665805271952962 0.702389040148075
0.5706209312357002 0.702389040148075
0.5746613352761042 0.702389040148075
0.5787017393165083 0.702389040148075
0.5827421433569122 0.702389040148075
0.5867825473973163 0.702389040148075
0.5908229514377203 0.702389040148075
0.5948633554781244 0.702389040148075
0.5989037595185285 0.702389040148075
0.6029441635589325 0.702389040148075
0.6069845675993365 0.702389040148075
0.6110249716397406 0.702389040148075
0.6150653756801445 0.702389040148075
0.6191057797205486 0.702389040148075
0.6231461837609527 0.702389040148075
0.6271865878013567 0.702389040148075
0.6312269918417608 0.702389040148075
0.6352673958821649 0.702389040148075
0.6393077999225689 0.702389040148075
0.6433482039629729 0.702389040148075
0.6473886080033769 0.702389040148075
0.6514290120437809 0.702389040148075
0.655469416084185 0.702389040148075
0.659509820124589 0.702389040148075
0.6635502241649931 0.702389040148075
0.6675906282053972 0.702389040148075
0.6716310322458012 0.702389040148075
0.6756714362862052 0.702389040148075
0.6797118403266093 0.702389040148075
0.6837522443670132 0.702389040148075
0.6877926484074173 0.702389040148075
0.6918330524478213 0.702389040148075
0.6958734564882254 0.702389040148075
0.6999138605286295 0.702389040148075
0.29991386052862945 0.706429444188479
0.3039542645690335 0.706429444188479
0.3079946686094375 0.706429444188479
0.31203507264984154 0.706429444188479
0.3160754766902456 0.706429444188479
0.32011588073064967 0.706429444188479
0.3241562847710537 0.706429444188479
0.32819668881145775 0.706429444188479
0.33223709285186176 0.706429444188479
0.3362774968922658 0.706429444188479
0.34031790093266984 0.706429444188479
0.3443583049730739 0.706429444188479
0.3483987090134779 0.706429444188479
0.352439113053882 0.706429444188479
0.35647951709428605 0.706429444188479
0.36051992113469006 0.706429444188479
0.36456032517509407 0.706429444188479
0.36860072921549814 0.706429444188479
0.3726411332559022 0.706429444188479
0.3766815372963062 0.706429444188479
0.3807219413367102 0.706429444188479
0.3847623453771143 0.706429444188479
0.38880274941751836 0.706429444188479
0.39284315345792237 0.706429444188479
0.39688355749832643 0.706429444188479
0.40092396153873044 0.706429444188479
0.4049643655791345 0.706429444188479
0.4090047696195385 0.706429444188479
0.4130451736599426 0.706429444188479
0.4170855777003466 0.706429444188479
0.42112598174075067 0.706429444188479
0.42516638578115473 0.706429444188479
0.42920678982155874 0.706429444188479
0.43324719386196275 0.706429444188479
0.4372875979023668 0.706429444188479
0.4413280019427709 0.706429444188479
0.4453684059831749 0.706429444188479
0.4494088100235789 0.706429444188479
0.453449214063983 0.706429444188479
0.45748961810438704 0.706429444188479
0.46153002214479105 0.706429444188479
0.4655704261851951 0.706429444188479
0.46961083022559913 0.706429444188479
0.4736512342660032 0.706429444188479
0.47769163830640726 0.706429444188479
0.4817320423468113 0.706429444188479
0.4857724463872153 0.706429444188479
0.48981285042761935 0.706429444188479
0.4938532544680234 0.706429444188479
0.49789365850842743 0.706429444188479
0.5019340625488314 0.706429444188479
0.5059744665892355 0.706429444188479
0.5100148706296396 0.706429444188479
0.5140552746700435 0.706429444188479
0.5180956787104476 0.706429444188479
0.5221360827508517 0.706429444188479
0.5261764867912557 0.706429444188479
0.5302168908316598 0.706429444188479
0.5342572948720639 0.706429444188479
0.5382976989124678 0.706429444188479
0.5423381029528719 0.706429444188479
0.546378506993276 0.706429444188479
0.5504189110336799 0.706429444188479
0.554459315074084 0.706429444188479
0.558499719114488 0.706429444188479
0.5625401231548921 0.706429444188479
0.5665805271952962 0.706429444188479
0.5706209312357002 0.706429444188479
0.5746613352761042 0.706429444188479
0.5787017393165083 0.706429444188479
0.5827421433569122 0.706429444188479
0.5867825473973163 0.706429444188479
0.5908229514377203 0.706429444188479
0.5948633554781244 0.706429444188479
0.5989037595185285 0.706429444188479
0.6029441635589325 0.706429444188479
0.6069845675993365 0.706429444188479
0.6110249716397406 0.706429444188479
0.6150653756801445 0.706429444188479
0.6191057797205486 0.706429444188479
0.6231461837609527 0.706429444188479
0.6271865878013567 0.706429444188479
0.6312269918417608 0.706429444188479
0.6352673958821649 0.706429444188479
0.6393077999225689 0.706429444188479
0.6433482039629729 0.706429444188479
0.6473886080033769 0.706429444188479
0.6514290120437809 0.706429444188479
0.655469416084185 0.706429444188479
0.659509820124589 0.706429444188479
0.6635502241649931 0.706429444188479
0.6675906282053972 0.706429444188479
0.6716310322458012 0.706429444188479
0.6756714362862052 0.706429444188479
0.6797118403266093 0.706429444188479
0.6837522443670132 0.706429444188479
0.6877926484074173 0.706429444188479
0.6918330524478213 0.706429444188479
0.6958734564882254 0.706429444188479
0.6999138605286295 0.706429444188479
0.29991386052862945 0.710469848228883
0.3039542645690335 0.710469848228883
0.3079946686094375 0.710469848228883
0.31203507264984154 0.710469848228883
0.3160754766902456 0.710469848228883
0.32011588073064967 0.710469848228883
0.3241562847710537 0.710469848228883
0.32819668881145775 0.710469848228883
0.33223709285186176 0.710469848228883
0.3362774968922658 0.710469848228883
0.34031790093266984 0.710469848228883
0.3443583049730739 0.710469848228883
0.3483987090134779 0.710469848228883
0.352439113053882 0.710469848228883
0.35647951709428605 0.710469848228883
0.36051992113469006 0.710469848228883
0.36456032517509407 0.710469848228883
0.36860072921549814 0.710469848228883
0.3726411332559022 0.710469848228883
0.3766815372963062 0.710469848228883
0.3807219413367102 0.710469848228883
0.3847623453771143 0.710469848228883
0.38880274941751836 0.710469848228883
0.39284315345792237 0.710469848228883
0.39688355749832643 0.710469848228883
0.40092396153873044 0.710469848228883
0.4049643655791345 0.710469848228883
0.4090047696195385 0.710469848228883
0.4130451736599426 0.710469848228883
0.4170855777003466 0.710469848228883
0.42112598174075067 0.710469848228883
0.42516638578115473 0.710469848228883
0.42920678982155874 0.710469848228883
0.43324719386196275 0.710469848228883
0.4372875979023668 0.710469848228883
0.4413280019427709 0.710469848228883
0.4453684059831749 0.710469848228883
0.4494088100235789 0.710469848228883
0.453449214063983 0.710469848228883
0.45748961810438704 0.710469848228883
0.46153002214479105 0.710469848228883
0.4655704261851951 0.710469848228883
0.46961083022559913 0.710469848228883
0.4736512342660032 0.710469848228883
0.47769163830640726 0.710469848228883
0.4817320423468113 0.710469848228883
0.4857724463872153 0.710469848228883
0.48981285042761935 0.710469848228883
0.4938532544680234 0.710469848228883
0.49789365850842743 0.710469848228883
0.5019340625488314 0.710469848228883
0.5059744665892355 0.710469848228883
0.5100148706296396 0.710469848228883
0.5140552746700435 0.710469848228883
0.5180956787104476 0.710469848228883
0.5221360827508517 0.710469848228883
0.5261764867912557 0.710469848228883
0.5302168908316598 0.710469848228883
0.5342572948720639 0.710469848228883
0.5382976989124678 0.710469848228883
0.5423381029528719 0.710469848228883
0.546378506993276 0.710469848228883
0.5504189110336799 0.710469848228883
0.554459315074084 0.710469848228883
0.558499719114488 0.710469848228883
0.5625401231548921 0.710469848228883
0.5665805271952962 0.710469848228883
0.5706209312357002 0.710469848228883
0.5746613352761042 0.710469848228883
0.5787017393165083 0.710469848228883
0.5827421433569122 0.710469848228883
0.5867825473973163 0.710469848228883
0.5908229514377203 0.710469848228883
0.5948633554781244 0.710469848228883
0.5989037595185285 0.710469848228883
0.6029441635589325 0.710469848228883
0.6069845675993365 0.710469848228883
0.6110249716397406 0.710469848228883
0.6150653756801445 0.710469848228883
0.6191057797205486 0.710469848228883
0.6231461837609527 0.710469848228883
0.6271865878013567 0.710469848228883
0.6312269918417608 0.710469848228883
0.6352673958821649 0.710469848228883
0.6393077999225689 0.710469848228883
0.6433482039629729 0.710469848228883
0.6473886080033769 0.710469848228883
0.6514290120437809 0.710469848228883
0.655469416084185 0.710469848228883
0.659509820124589 0.710469848228883
0.6635502241649931 0.710469848228883
0.6675906282053972 0.710469848228883
0.6716310322458012 0.710469848228883
0.6756714362862052 0.710469848228883
0.6797118403266093 0.710469848228883
0.6837522443670132 0.710469848228883
0.6877926484074173 0.710469848228883
0.6918330524478213 0.710469848228883
0.6958734564882254 0.710469848228883
0.29991386052862945 0.7145102522692871
0.3039542645690335 0.7145102522692871
0.3079946686094375 0.7145102522692871
0.31203507264984154 0.7145102522692871
0.3160754766902456 0.7145102522692871
0.32011588073064967 0.7145102522692871
0.3241562847710537 0.7145102522692871
0.32819668881145775 0.7145102522692871
0.33223709285186176 0.7145102522692871
0.3362774968922658 0.7145102522692871
0.34031790093266984 0.7145102522692871
0.3443583049730739 0.7145102522692871
0.3483987090134779 0.7145102522692871
0.352439113053882 0.7145102522692871
0.35647951709428605 0.7145102522692871
0.36051992113469006 0.7145102522692871
0.36456032517509407 0.7145102522692871
0.36860072921549814 0.7145102522692871
0.3726411332559022 0.7145102522692871
0.3766815372963062 0.7145102522692871
0.3807219413367102 0.7145102522692871
0.3847623453771143 0.7145102522692871
0.38880274941751836 0.7145102522692871
0.39284315345792237 0.7145102522692871
0.39688355749832643 0.7145102522692871
0.40092396153873044 0.7145102522692871
0.4049643655791345 0.7145102522692871
0.4090047696195385 0.7145102522692871
0.4130451736599426 0.7145102522692871
0.4170855777003466 0.7145102522692871
0.42112598174075067 0.7145102522692871
0.42516638578115473 0.7145102522692871
0.42920678982155874 0.7145102522692871
0.43324719386196275 0.7145102522692871
0.4372875979023668 0.7145102522692871
0.4413280019427709 0.7145102522692871
0.4453684059831749 0.7145102522692871
0.4494088100235789 0.7145102522692871
0.453449214063983 0.7145102522692871
0.45748961810438704 0.7145102522692871
0.46153002214479105 0.7145102522692871
0.4655704261851951 0.7145102522692871
0.46961083022559913 0.7145102522692871
0.4736512342660032 0.7145102522692871
0.47769163830640726 0.7145102522692871
0.4817320423468113 0.7145102522692871
0.4857724463872153 0.7145102522692871
0.48981285042761935 0.7145102522692871
0.4938532544680234 0.7145102522692871
0.49789365850842743 0.7145102522692871
0.5019340625488314 0.7145102522692871
0.5059744665892355 0.7145102522692871
0.5100148706296396 0.7145102522692871
0.5140552746700435 0.7145102522692871
0.5180956787104476 0.7145102522692871
0.5221360827508517 0.7145102522692871
0.5261764867912557 0.7145102522692871
0.5302168908316598 0.7145102522692871
0.5342572948720639 0.7145102522692871
0.5382976989124678 0.7145102522692871
0.5423381029528719 0.7145102522692871
0.546378506993276 0.7145102522692871
0.5504189110336799 0.7145102522692871
0.554459315074084 0.7145102522692871
0.558499719114488 0.7145102522692871
0.5625401231548921 0.7145102522692871
0.5665805271952962 0.7145102522692871
0.5706209312357002 0.7145102522692871
0.5746613352761042 0.7145102522692871
0.5787017393165083 0.7145102522692871
0.5827421433569122 0.7145102522692871
0.5867825473973163 0.7145102522692871
0.5908229514377203 0.7145102522692871
0.5948633554781244 0.7145102522692871
0.5989037595185285 0.7145102522692871
0.6029441635589325 0.7145102522692871
0.6069845675993365 0.7145102522692871
0.6110249716397406 0.7145102522692871
0.6150653756801445 0.7145102522692871
0.6191057797205486 0.7145102522692871
0.6231461837609527 0.7145102522692871
0.6271865878013567 0.7145102522692871
0.6312269918417608 0.7145102522692871
0.6352673958821649 0.7145102522692871
0.6393077999225689 0.7145102522692871
0.6433482039629729 0.7145102522692871
0.6473886080033769 0.7145102522692871
0.6514290120437809 0.7145102522692871
0.655469416084185 0.7145102522692871
0.659509820124589 0.7145102522692871
0.6635502241649931 0.7145102522692871
0.6675906282053972 0.7145102522692871
0.6716310322458012 0.7145102522692871
0.6756714362862052 0.7145102522692871
0.6797118403266093 0.7145102522692871
0.6837522443670132 0.7145102522692871
0.6877926484074173 0.7145102522692871
0.6918330524478213 0.7145102522692871
0.29991386052862945 0.7185506563096911
0.3039542645690335 0.7185506563096911
0.3079946686094375 0.7185506563096911
0.31203507264984154 0.7185506563096911
0.3160754766902456 0.7185506563096911
0.32011588073064967 0.7185506563096911
0.3241562847710537 0.7185506563096911
0.32819668881145775 0.7185506563096911
0.33223709285186176 0.7185506563096911
0.3362774968922658 0.7185506563096911
0.34031790093266984 0.7185506563096911
0.3443583049730739 0.7185506563096911
0.3483987090134779 0.7185506563096911
0.352439113053882 0.7185506563096911
0.35647951709428605 0.7185506563096911
0.36051992113469006 0.7185506563096911
0.36456032517509407 0.7185506563096911
0.36860072921549814 0.7185506563096911
0.3726411332559022 0.7185506563096911
0.3766815372963062 0.7185506563096911
0.3807219413367102 0.7185506563096911
0.3847623453771143 0.7185506563096911
0.38880274941751836 0.7185506563096911
0.39284315345792237 0.7185506563096911
0.39688355749832643 0.7185506563096911
0.40092396153873044 0.7185506563096911
0.4049643655791345 0.7185506563096911
0.4090047696195385 0.7185506563096911
0.4130451736599426 0.7185506563096911
0.4170855777003466 0.7185506563096911
0.42112598174075067 0.7185506563096911
0.42516638578115473 0.7185506563096911
0.42920678982155874 0.7185506563096911
0.43324719386196275 0.7185506563096911
0.4372875979023668 0.7185506563096911
0.4413280019427709 0.7185506563096911
0.4453684059831749 0.7185506563096911
0.4494088100235789 0.7185506563096911
0.453449214063983 0.7185506563096911
0.45748961810438704 0.7185506563096911
0.46153002214479105 0.7185506563096911
0.4655704261851951 0.7185506563096911
0.46961083022559913 0.7185506563096911
0.4736512342660032 0.7185506563096911
0.47769163830640726 0.7185506563096911
0.4817320423468113 0.7185506563096911
0.4857724463872153 0.7185506563096911
0.48981285042761935 0.7185506563096911
0.4938532544680234 0.7185506563096911
0.49789365850842743 0.7185506563096911
0.5019340625488314 0.7185506563096911
0.5059744665892355 0.7185506563096911
0.5100148706296396 0.7185506563096911
0.5140552746700435 0.7185506563096911
0.5180956787104476 0.7185506563096911
0.5221360827508517 0.7185506563096911
0.5261764867912557 0.7185506563096911
0.5302168908316598 0.7185506563096911
0.5342572948720639 0.7185506563096911
0.5382976989124678 0.7185506563096911
0.5423381029528719 0.7185506563096911
0.546378506993276 0.7185506563096911
0.5504189110336799 0.7185506563096911
0.554459315074084 0.7185506563096911
0.558499719114488 0.7185506563096911
0.5625401231548921 0.7185506563096911
0.5665805271952962 0.7185506563096911
0.5706209312357002 0.7185506563096911
0.5746613352761042 0.7185506563096911
0.5787017393165083 0.7185506563096911
0.5827421433569122 0.7185506563096911
0.5867825473973163 0.7185506563096911
0.5908229514377203 0.7185506563096911
0.5948633554781244 0.7185506563096911
0.5989037595185285 0.7185506563096911
0.6029441635589325 0.7185506563096911
0.6069845675993365 0.7185506563096911
0.6110249716397406 0.7185506563096911
0.6150653756801445 0.7185506563096911
0.6191057797205486 0.7185506563096911
0.6231461837609527 0.7185506563096911
0.6271865878013567 0.7185506563096911
0.6312269918417608 0.7185506563096911
0.6352673958821649 0.7185506563096911
0.6393077999225689 0.7185506563096911
0.6433482039629729 0.7185506563096911
0.6473886080033769 0.7185506563096911
0.6514290120437809 0.7185506563096911
0.655469416084185 0.7185506563096911
0.659509820124589 0.7185506563096911
0.6635502241649931 0.7185506563096911
0.6675906282053972 0.7185506563096911
0.6716310322458012 0.7185506563096911
0.6756714362862052 0.7185506563096911
0.6797118403266093 0.7185506563096911
0.6837522443670132 0.7185506563096911
0.6877926484074173 0.7185506563096911
0.29991386052862945 0.7225910603500951
0.3039542645690335 0.7225910603500951
0.3079946686094375 0.7225910603500951
0.31203507264984154 0.7225910603500951
0.3160754766902456 0.7225910603500951
0.32011588073064967 0.7225910603500951
0.3241562847710537 0.7225910603500951
0.32819668881145775 0.7225910603500951
0.33223709285186176 0.7225910603500951
0.3362774968922658 0.7225910603500951
0.34031790093266984 0.7225910603500951
0.3443583049730739 0.7225910603500951
0.3483987090134779 0.7225910603500951
0.352439113053882 0.7225910603500951
0.35647951709428605 0.7225910603500951
0.36051992113469006 0.7225910603500951
0.36456032517509407 0.7225910603500951
0.36860072921549814 0.7225910603500951
0.3726411332559022 0.7225910603500951
0.3766815372963062 0.7225910603500951
0.3807219413367102 0.7225910603500951
0.3847623453771143 0.7225910603500951
0.38880274941751836 0.7225910603500951
0.39284315345792237 0.7225910603500951
0.39688355749832643 0.7225910603500951
0.40092396153873044 0.7225910603500951
0.4049643655791345 0.7225910603500951
0.4090047696195385 0.7225910603500951
0.4130451736599426 0.7225910603500951
0.4170855777003466 0.7225910603500951
0.42112598174075067 0.7225910603500951
0.42516638578115473 0.7225910603500951
0.42920678982155874 0.7225910603500951
0.43324719386196275 0.7225910603500951
0.4372875979023668 0.7225910603500951
0.4413280019427709 0.7225910603500951
0.4453684059831749 0.7225910603500951
0.4494088100235789 0.7225910603500951
0.453449214063983 0.7225910603500951
0.45748961810438704 0.7225910603500951
0.46153002214479105 0.7225910603500951
0.4655704261851951 0.7225910603500951
0.46961083022559913 0.7225910603500951
0.4736512342660032 0.7225910603500951
0.47769163830640726 0.7225910603500951
0.4817320423468113 0.7225910603500951
0.4857724463872153 0.7225910603500951
0.48981285042761935 0.7225910603500951
0.4938532544680234 0.7225910603500951
0.49789365850842743 0.7225910603500951
0.5019340625488314 0.7225910603500951
0.5059744665892355 0.7225910603500951
0.5100148706296396 0.7225910603500951
0.5140552746700435 0.7225910603500951
0.5180956787104476 0.7225910603500951
0.5221360827508517 0.7225910603500951
0.5261764867912557 0.7225910603500951
0.5302168908316598 0.7225910603500951
0.5342572948720639 0.7225910603500951
0.5382976989124678 0.7225910603500951
0.5423381029528719 0.7225910603500951
0.546378506993276 0.7225910603500951
0.5504189110336799 0.7225910603500951
0.554459315074084 0.7225910603500951
0.558499719114488 0.7225910603500951
0.5625401231548921 0.7225910603500951
0.5665805271952962 0.7225910603500951
0.5706209312357002 0.7225910603500951
0.5746613352761042 0.7225910603500951
0.5787017393165083 0.7225910603500951
0.5827421433569122 0.7225910603500951
0.5867825473973163 0.7225910603500951
0.5908229514377203 0.7225910603500951
0.5948633554781244 0.7225910603500951
0.5989037595185285 0.7225910603500951
0.6029441635589325 0.7225910603500951
0.6069845675993365 0.7225910603500951
0.6110249716397406 0.7225910603500951
0.6150653756801445 0.7225910603500951
0.6191057797205486 0.7225910603500951
0.6231461837609527 0.7225910603500951
0.6271865878013567 0.7225910603500951
0.6312269918417608 0.7225910603500951
0.6352673958821649 0.7225910603500951
0.6393077999225689 0.7225910603500951
0.6433482039629729 0.7225910603500951
0.6473886080033769 0.7225910603500951
0.6514290120437809 0.7225910603500951
0.655469416084185 0.7225910603500951
0.659509820124589 0.7225910603500951
0.6635502241649931 0.7225910603500951
0.6675906282053972 0.7225910603500951
0.6716310322458012 0.7225910603500951
0.6756714362862052 0.7225910603500951
0.6797118403266093 0.7225910603500951
0.6837522443670132 0.7225910603500951
0.6999138605286295 0.7225910603500951
0.29991386052862945 0.7266314643904992
0.3039542645690335 0.7266314643904992
0.3079946686094375 0.7266314643904992
0.31203507264984154 0.7266314643904992
0.3160754766902456 0.7266314643904992
0.32011588073064967 0.7266314643904992
0.3241562847710537 0.7266314643904992
0.32819668881145775 0.7266314643904992
0.33223709285186176 0.7266314643904992
0.3362774968922658 0.7266314643904992
0.34031790093266984 0.7266314643904992
0.3443583049730739 0.7266314643904992
0.3483987090134779 0.7266314643904992
0.352439113053882 0.7266314643904992
0.35647951709428605 0.7266314643904992
0.36051992113469006 0.7266314643904992
0.36456032517509407 0.7266314643904992
0.36860072921549814 0.7266314643904992
0.3726411332559022 0.7266314643904992
0.3766815372963062 0.7266314643904992
0.3807219413367102 0.7266314643904992
0.3847623453771143 0.7266314643904992
0.38880274941751836 0.7266314643904992
0.39284315345792237 0.7266314643904992
0.39688355749832643 0.7266314643904992
0.40092396153873044 0.7266314643904992
0.4049643655791345 0.7266314643904992
0.4090047696195385 0.7266314643904992
0.4130451736599426 0.7266314643904992
0.4170855777003466 0.7266314643904992
0.42112598174075067 0.7266314643904992
0.42516638578115473 0.7266314643904992
0.42920678982155874 0.7266314643904992
0.43324719386196275 0.7266314643904992
0.4372875979023668 0.7266314643904992
0.4413280019427709 0.7266314643904992
0.4453684059831749 0.7266314643904992
0.4494088100235789 0.7266314643904992
0.453449214063983 0.7266314643904992
0.45748961810438704 0.7266314643904992
0.46153002214479105 0.7266314643904992
0.4655704261851951 0.7266314643904992
0.46961083022559913 0.7266314643904992
0.4736512342660032 0.7266314643904992
0.47769163830640726 0.7266314643904992
0.4817320423468113 0.7266314643904992
0.4857724463872153 0.7266314643904992
0.48981285042761935 0.7266314643904992
0.4938532544680234 0.7266314643904992
0.49789365850842743 0.7266314643904992
0.5019340625488314 0.7266314643904992
0.5059744665892355 0.7266314643904992
0.5100148706296396 0.7266314643904992
0.5140552746700435 0.7266314643904992
0.5180956787104476 0.7266314643904992
0.5221360827508517 0.7266314643904992
0.5261764867912557 0.7266314643904992
0.5302168908316598 0.7266314643904992
0.5342572948720639 0.7266314643904992
0.5382976989124678 0.7266314643904992
0.5423381029528719 0.7266314643904992
0.546378506993276 0.7266314643904992
0.5504189110336799 0.7266314643904992
0.554459315074084 0.7266314643904992
0.558499719114488 0.7266314643904992
0.5625401231548921 0.7266314643904992
0.5665805271952962 0.7266314643904992
0.5706209312357002 0.7266314643904992
0.5746613352761042 0.7266314643904992
0.5787017393165083 0.7266314643904992
0.5827421433569122 0.7266314643904992
0.5867825473973163 0.7266314643904992
0.5908229514377203 0.7266314643904992
0.5948633554781244 0.7266314643904992
0.5989037595185285 0.7266314643904992
0.6029441635589325 0.7266314643904992
0.6069845675993365 0.7266314643904992
0.6110249716397406 0.7266314643904992
0.6150653756801445 0.7266314643904992
0.6191057797205486 0.7266314643904992
0.6231461837609527 0.7266314643904992
0.6271865878013567 0.7266314643904992
0.6312269918417608 0.7266314643904992
0.6352673958821649 0.7266314643904992
0.6393077999225689 0.7266314643904992
0.6433482039629729 0.7266314643904992
0.6473886080033769 0.7266314643904992
0.6514290120437809 0.7266314643904992
0.655469416084185 0.7266314643904992
0.659509820124589 0.7266314643904992
0.6635502241649931 0.7266314643904992
0.6675906282053972 0.7266314643904992
0.6716310322458012 0.7266314643904992
0.6756714362862052 0.7266314643904992
0.6797118403266093 0.7266314643904992
0.6958734564882254 0.7266314643904992
0.6999138605286295 0.7266314643904992
0.29991386052862945 0.7306718684309033
0.3039542645690335 0.7306718684309033
0.3079946686094375 0.7306718684309033
0.31203507264984154 0.7306718684309033
0.3160754766902456 0.7306718684309033
0.32011588073064967 0.7306718684309033
0.3241562847710537 0.7306718684309033
0.32819668881145775 0.7306718684309033
0.33223709285186176 0.7306718684309033
0.3362774968922658 0.7306718684309033
0.34031790093266984 0.7306718684309033
0.3443583049730739 0.7306718684309033
0.3483987090134779 0.7306718684309033
0.352439113053882 0.7306718684309033
0.35647951709428605 0.7306718684309033
0.36051992113469006 0.7306718684309033
0.36456032517509407 0.7306718684309033
0.36860072921549814 0.7306718684309033
0.3726411332559022 0.7306718684309033
0.3766815372963062 0.7306718684309033
0.3807219413367102 0.7306718684309033
0.3847623453771143 0.7306718684309033
0.38880274941751836 0.7306718684309033
0.39284315345792237 0.7306718684309033
0.39688355749832643 0.7306718684309033
0.40092396153873044 0.7306718684309033
0.4049643655791345 0.7306718684309033
0.4090047696195385 0.7306718684309033
0.4130451736599426 0.7306718684309033
0.4170855777003466 0.7306718684309033
0.42112598174075067 0.7306718684309033
0.42516638578115473 0.7306718684309033
0.42920678982155874 0.7306718684309033
0.43324719386196275 0.7306718684309033
0.4372875979023668 0.7306718684309033
0.4413280019427709 0.7306718684309033
0.4453684059831749 0.7306718684309033
0.4494088100235789 0.7306718684309033
0.453449214063983 0.7306718684309033
0.45748961810438704 0.7306718684309033
0.46153002214479105 0.7306718684309033
0.4655704261851951 0.7306718684309033
0.46961083022559913 0.7306718684309033
0.4736512342660032 0.7306718684309033
0.47769163830640726 0.7306718684309033
0.4817320423468113 0.7306718684309033
0.4857724463872153 0.7306718684309033
0.48981285042761935 0.7306718684309033
0.4938532544680234 0.7306718684309033
0.49789365850842743 0.7306718684309033
0.5019340625488314 0.7306718684309033
0.5059744665892355 0.7306718684309033
0.5100148706296396 0.7306718684309033
0.5140552746700435 0.7306718684309033
0.5180956787104476 0.7306718684309033
0.5221360827508517 0.7306718684309033
0.5261764867912557 0.7306718684309033
0.5302168908316598 0.7306718684309033
0.5342572948720639 0.7306718684309033
0.5382976989124678 0.7306718684309033
0.5423381029528719 0.7306718684309033
0.546378506993276 0.7306718684309033
0.5504189110336799 0.7306718684309033
0.554459315074084 0.7306718684309033
0.558499719114488 0.7306718684309033
0.5625401231548921 0.7306718684309033
0.5665805271952962 0.7306718684309033
0.5706209312357002 0.7306718684309033
0.5746613352761042 0.7306718684309033
0.5787017393165083 0.7306718684309033
0.5827421433569122 0.7306718684309033
0.5867825473973163 0.7306718684309033
0.5908229514377203 0.7306718684309033
0.5948633554781244 0.7306718684309033
0.5989037595185285 0.7306718684309033
0.6029441635589325 0.7306718684309033
0.6069845675993365 0.7306718684309033
0.6110249716397406 0.7306718684309033
0.6150653756801445 0.7306718684309033
0.6191057797205486 0.7306718684309033
0.6231461837609527 0.7306718684309033
0.6271865878013567 0.7306718684309033
0.6312269918417608 0.7306718684309033
0.6352673958821649 0.7306718684309033
0.6393077999225689 0.7306718684309033
0.6433482039629729 0.7306718684309033
0.6473886080033769 0.7306718684309033
0.6514290120437809 0.7306718684309033
0.655469416084185 0.7306718684309033
0.659509820124589 0.7306718684309033
0.6635502241649931 0.7306718684309033
0.6675906282053972 0.7306718684309033
0.6716310322458012 0.7306718684309033
0.6756714362862052 0.7306718684309033
0.6918330524478213 0.7306718684309033
0.6958734564882254 0.7306718684309033
0.6999138605286295 0.7306718684309033
0.29991386052862945 0.7347122724713073
0.3039542645690335 0.7347122724713073
0.3079946686094375 0.7347122724713073
0.31203507264984154 0.7347122724713073
0.3160754766902456 0.7347122724713073
0.32011588073064967 0.7347122724713073
0.3241562847710537 0.7347122724713073
0.32819668881145775 0.7347122724713073
0.33223709285186176 0.7347122724713073
0.3362774968922658 0.7347122724713073
0.34031790093266984 0.7347122724713073
0.3443583049730739 0.7347122724713073
0.3483987090134779 0.7347122724713073
0.352439113053882 0.7347122724713073
0.35647951709428605 0.7347122724713073
0.36051992113469006 0.7347122724713073
0.36456032517509407 0.7347122724713073
0.36860072921549814 0.7347122724713073
0.3726411332559022 0.7347122724713073
0.3766815372963062 0.7347122724713073
0.3807219413367102 0.7347122724713073
0.3847623453771143 0.7347122724713073
0.38880274941751836 0.7347122724713073
0.39284315345792237 0.7347122724713073
0.39688355749832643 0.7347122724713073
0.40092396153873044 0.7347122724713073
0.4049643655791345 0.7347122724713073
0.4090047696195385 0.7347122724713073
0.4130451736599426 0.7347122724713073
0.4170855777003466 0.7347122724713073
0.42112598174075067 0.7347122724713073
0.42516638578115473 0.7347122724713073
0.42920678982155874 0.7347122724713073
0.43324719386196275 0.7347122724713073
0.4372875979023668 0.7347122724713073
0.4413280019427709 0.7347122724713073
0.4453684059831749 0.7347122724713073
0.4494088100235789 0.7347122724713073
0.453449214063983 0.7347122724713073
0.45748961810438704 0.7347122724713073
0.46153002214479105 0.7347122724713073
0.4655704261851951 0.7347122724713073
0.46961083022559913 0.7347122724713073
0.4736512342660032 0.7347122724713073
0.47769163830640726 0.7347122724713073
0.4817320423468113 0.7347122724713073
0.4857724463872153 0.7347122724713073
0.48981285042761935 0.7347122724713073
0.4938532544680234 0.7347122724713073
0.49789365850842743 0.7347122724713073
0.5019340625488314 0.7347122724713073
0.5059744665892355 0.7347122724713073
0.5100148706296396 0.7347122724713073
0.5140552746700435 0.7347122724713073
0.5180956787104476 0.7347122724713073
0.5221360827508517 0.7347122724713073
0.5261764867912557 0.7347122724713073
0.5302168908316598 0.7347122724713073
0.5342572948720639 0.7347122724713073
0.5382976989124678 0.7347122724713073
0.5423381029528719 0.7347122724713073
0.546378506993276 0.7347122724713073
0.5504189110336799 0.7347122724713073
0.554459315074084 0.7347122724713073
0.558499719114488 0.7347122724713073
0.5625401231548921 0.7347122724713073
0.5665805271952962 0.7347122724713073
0.5706209312357002 0.7347122724713073
0.5746613352761042 0.7347122724713073
0.5787017393165083 0.7347122724713073
0.5827421433569122 0.7347122724713073
0.5867825473973163 0.7347122724713073
0.5908229514377203 0.7347122724713073
0.5948633554781244 0.7347122724713073
0.5989037595185285 0.7347122724713073
0.6029441635589325 0.7347122724713073
0.6069845675993365 0.7347122724713073
0.6110249716397406 0.7347122724713073
0.6150653756801445 0.7347122724713073
0.6191057797205486 0.7347122724713073
0.6231461837609527 0.7347122724713073
0.6271865878013567 0.7347122724713073
0.6312269918417608 0.7347122724713073
0.6352673958821649 0.7347122724713073
0.6393077999225689 0.7347122724713073
0.6433482039629729 0.7347122724713073
0.6473886080033769 0.7347122724713073
0.6514290120437809 0.7347122724713073
0.655469416084185 0.7347122724713073
0.659509820124589 0.7347122724713073
0.6635502241649931 0.7347122724713073
0.6675906282053972 0.7347122724713073
0.6716310322458012 0.7347122724713073
0.6837522443670132 0.7347122724713073
0.6877926484074173 0.7347122724713073
0.6918330524478213 0.7347122724713073
0.6958734564882254 0.7347122724713073
0.6999138605286295 0.7347122724713073
0.29991386052862945 0.7387526765117113
0.3039542645690335 0.7387526765117113
0.3079946686094375 0.7387526765117113
0.31203507264984154 0.7387526765117113
0.3160754766902456 0.7387526765117113
0.32011588073064967 0.7387526765117113
0.3241562847710537 0.7387526765117113
0.32819668881145775 0.7387526765117113
0.33223709285186176 0.7387526765117113
0.3362774968922658 0.7387526765117113
0.34031790093266984 0.7387526765117113
0.3443583049730739 0.7387526765117113
0.3483987090134779 0.7387526765117113
0.352439113053882 0.7387526765117113
0.35647951709428605 0.7387526765117113
0.36051992113469006 0.7387526765117113
0.36456032517509407 0.7387526765117113
0.36860072921549814 0.7387526765117113
0.3726411332559022 0.7387526765117113
0.3766815372963062 0.7387526765117113
0.3807219413367102 0.7387526765117113
0.3847623453771143 0.7387526765117113
0.38880274941751836 0.7387526765117113
0.39284315345792237 0.7387526765117113
0.39688355749832643 0.7387526765117113
0.40092396153873044 0.7387526765117113
0.4049643655791345 0.7387526765117113
0.4090047696195385 0.7387526765117113
0.4130451736599426 0.7387526765117113
0.4170855777003466 0.7387526765117113
0.42112598174075067 0.7387526765117113
0.42516638578115473 0.7387526765117113
0.42920678982155874 0.7387526765117113
0.43324719386196275 0.7387526765117113
0.4372875979023668 0.7387526765117113
0.4413280019427709 0.7387526765117113
0.4453684059831749 0.7387526765117113
0.4494088100235789 0.7387526765117113
0.453449214063983 0.7387526765117113
0.45748961810438704 0.7387526765117113
0.46153002214479105 0.7387526765117113
0.4655704261851951 0.7387526765117113
0.46961083022559913 0.7387526765117113
0.4736512342660032 0.7387526765117113
0.47769163830640726 0.7387526765117113
0.4817320423468113 0.7387526765117113
0.4857724463872153 0.7387526765117113
0.48981285042761935 0.7387526765117113
0.4938532544680234 0.7387526765117113
0.49789365850842743 0.7387526765117113
0.5019340625488314 0.7387526765117113
0.5059744665892355 0.7387526765117113
0.5100148706296396 0.7387526765117113
0.5140552746700435 0.7387526765117113
0.5180956787104476 0.7387526765117113
0.5221360827508517 0.7387526765117113
0.5261764867912557 0.7387526765117113
0.5302168908316598 0.7387526765117113
0.5342572948720639 0.7387526765117113
0.5382976989124678 0.7387526765117113
0.5423381029528719 0.7387526765117113
0.546378506993276 0.7387526765117113
0.5504189110336799 0.7387526765117113
0.554459315074084 0.7387526765117113
0.558499719114488 0.7387526765117113
0.5625401231548921 0.7387526765117113
0.5665805271952962 0.7387526765117113
0.5706209312357002 0.7387526765117113
0.5746613352761042 0.7387526765117113
0.5787017393165083 0.7387526765117113
0.5827421433569122 0.7387526765117113
0.5867825473973163 0.7387526765117113
0.5908229514377203 0.7387526765117113
0.5948633554781244 0.7387526765117113
0.5989037595185285 0.7387526765117113
0.6029441635589325 0.7387526765117113
0.6069845675993365 0.7387526765117113
0.6110249716397406 0.7387526765117113
0.6150653756801445 0.7387526765117113
0.6191057797205486 0.7387526765117113
0.6231461837609527 0.7387526765117113
0.6271865878013567 0.7387526765117113
0.6312269918417608 0.7387526765117113
0.6352673958821649 0.7387526765117113
0.6393077999225689 0.7387526765117113
0.6433482039629729 0.7387526765117113
0.6473886080033769 0.7387526765117113
0.6514290120437809 0.7387526765117113
0.655469416084185 0.7387526765117113
0.659509820124589 0.7387526765117113
0.6635502241649931 0.7387526765117113
0.6675906282053972 0.7387526765117113
0.6797118403266093 0.7387526765117113
0.6837522443670132 0.7387526765117113
0.6877926484074173 0.7387526765117113
0.6918330524478213 0.7387526765117113
0.6958734564882254 0.7387526765117113
0.6999138605286295 0.7387526765117113
0.29991386052862945 0.7427930805521153
0.3039542645690335 0.7427930805521153
0.3079946686094375 0.7427930805521153
0.31203507264984154 0.7427930805521153
0.3160754766902456 0.7427930805521153
0.32011588073064967 0.7427930805521153
0.3241562847710537 0.7427930805521153
0.32819668881145775 0.7427930805521153
0.33223709285186176 0.7427930805521153
0.3362774968922658 0.7427930805521153
0.34031790093266984 0.7427930805521153
0.3443583049730739 0.7427930805521153
0.3483987090134779 0.7427930805521153
0.352439113053882 0.7427930805521153
0.35647951709428605 0.7427930805521153
0.36051992113469006 0.7427930805521153
0.36456032517509407 0.7427930805521153
0.36860072921549814 0.7427930805521153
0.3726411332559022 0.7427930805521153
0.3766815372963062 0.7427930805521153
0.3807219413367102 0.7427930805521153
0.3847623453771143 0.7427930805521153
0.38880274941751836 0.7427930805521153
0.39284315345792237 0.7427930805521153
0.39688355749832643 0.7427930805521153
0.40092396153873044 0.7427930805521153
0.4049643655791345 0.7427930805521153
0.4090047696195385 0.7427930805521153
0.4130451736599426 0.7427930805521153
0.4170855777003466 0.7427930805521153
0.42112598174075067 0.7427930805521153
0.42516638578115473 0.7427930805521153
0.42920678982155874 0.7427930805521153
0.43324719386196275 0.7427930805521153
0.4372875979023668 0.7427930805521153
0.4413280019427709 0.7427930805521153
0.4453684059831749 0.7427930805521153
0.4494088100235789 0.7427930805521153
0.453449214063983 0.7427930805521153
0.45748961810438704 0.7427930805521153
0.46153002214479105 0.7427930805521153
0.4655704261851951 0.7427930805521153
0.46961083022559913 0.7427930805521153
0.4736512342660032 0.7427930805521153
0.47769163830640726 0.7427930805521153
0.4817320423468113 0.7427930805521153
0.4857724463872153 0.7427930805521153
0.48981285042761935 0.7427930805521153
0.4938532544680234 0.7427930805521153
0.49789365850842743 0.7427930805521153
0.5019340625488314 0.7427930805521153
0.5059744665892355 0.7427930805521153
0.5100148706296396 0.7427930805521153
0.5140552746700435 0.7427930805521153
0.5180956787104476 0.7427930805521153
0.5221360827508517 0.7427930805521153
0.5261764867912557 0.7427930805521153
0.5302168908316598 0.7427930805521153
0.5342572948720639 0.7427930805521153
0.5382976989124678 0.7427930805521153
0.5423381029528719 0.7427930805521153
0.546378506993276 0.7427930805521153
0.5504189110336799 0.7427930805521153
0.554459315074084 0.7427930805521153
0.558499719114488 0.7427930805521153
0.5625401231548921 0.7427930805521153
0.5665805271952962 0.7427930805521153
0.5706209312357002 0.7427930805521153
0.5746613352761042 0.7427930805521153
0.5787017393165083 0.7427930805521153
0.5827421433569122 0.7427930805521153
0.5867825473973163 0.7427930805521153
0.5908229514377203 0.7427930805521153
0.5948633554781244 0.7427930805521153
0.5989037595185285 0.7427930805521153
0.6029441635589325 0.7427930805521153
0.6069845675993365 0.7427930805521153
0.6110249716397406 0.7427930805521153
0.6150653756801445 0.7427930805521153
0.6191057797205486 0.7427930805521153
0.6231461837609527 0.7427930805521153
0.6271865878013567 0.7427930805521153
0.6312269918417608 0.7427930805521153
0.6352673958821649 0.7427930805521153
0.6393077999225689 0.7427930805521153
0.6433482039629729 0.7427930805521153
0.6473886080033769 0.7427930805521153
0.6514290120437809 0.7427930805521153
0.655469416084185 0.7427930805521153
0.659509820124589 0.7427930805521153
0.6635502241649931 0.7427930805521153
0.6756714362862052 0.7427930805521153
0.6797118403266093 0.7427930805521153
0.6837522443670132 0.7427930805521153
0.6877926484074173 0.7427930805521153
0.6918330524478213 0.7427930805521153
0.6958734564882254 0.7427930805521153
0.6999138605286295 0.7427930805521153
0.29991386052862945 0.7468334845925194
0.3039542645690335 0.7468334845925194
0.3079946686094375 0.7468334845925194
0.31203507264984154 0.7468334845925194
0.3160754766902456 0.7468334845925194
0.32011588073064967 0.7468334845925194
0.3241562847710537 0.7468334845925194
0.32819668881145775 0.7468334845925194
0.33223709285186176 0.7468334845925194
0.3362774968922658 0.7468334845925194
0.34031790093266984 0.7468334845925194
0.3443583049730739 0.7468334845925194
0.3483987090134779 0.7468334845925194
0.352439113053882 0.7468334845925194
0.35647951709428605 0.7468334845925194
0.36051992113469006 0.7468334845925194
0.36456032517509407 0.7468334845925194
0.36860072921549814 0.7468334845925194
0.3726411332559022 0.7468334845925194
0.3766815372963062 0.7468334845925194
0.3807219413367102 0.7468334845925194
0.3847623453771143 0.7468334845925194
0.38880274941751836 0.7468334845925194
0.39284315345792237 0.7468334845925194
0.39688355749832643 0.7468334845925194
0.40092396153873044 0.7468334845925194
0.4049643655791345 0.7468334845925194
0.4090047696195385 0.7468334845925194
0.4130451736599426 0.7468334845925194
0.4170855777003466 0.7468334845925194
0.42112598174075067 0.7468334845925194
0.42516638578115473 0.7468334845925194
0.42920678982155874 0.7468334845925194
0.43324719386196275 0.7468334845925194
0.4372875979023668 0.7468334845925194
0.4413280019427709 0.7468334845925194
0.4453684059831749 0.7468334845925194
0.4494088100235789 0.7468334845925194
0.453449214063983 0.7468334845925194
0.45748961810438704 0.7468334845925194
0.46153002214479105 0.7468334845925194
0.4655704261851951 0.7468334845925194
0.46961083022559913 0.7468334845925194
0.4736512342660032 0.7468334845925194
0.47769163830640726 0.7468334845925194
0.4817320423468113 0.7468334845925194
0.4857724463872153 0.7468334845925194
0.48981285042761935 0.7468334845925194
0.4938532544680234 0.7468334845925194
0.49789365850842743 0.7468334845925194
0.5019340625488314 0.7468334845925194
0.5059744665892355 0.7468334845925194
0.5100148706296396 0.7468334845925194
0.5140552746700435 0.7468334845925194
0.5180956787104476 0.7468334845925194
0.5221360827508517 0.7468334845925194
0.5261764867912557 0.7468334845925194
0.5302168908316598 0.7468334845925194
0.5342572948720639 0.7468334845925194
0.5382976989124678 0.7468334845925194
0.5423381029528719 0.7468334845925194
0.546378506993276 0.7468334845925194
0.5504189110336799 0.7468334845925194
0.554459315074084 0.7468334845925194
0.558499719114488 0.7468334845925194
0.5625401231548921 0.7468334845925194
0.5665805271952962 0.7468334845925194
0.5706209312357002 0.7468334845925194
0.5746613352761042 0.7468334845925194
0.5787017393165083 0.7468334845925194
0.5827421433569122 0.7468334845925194
0.5867825473973163 0.7468334845925194
0.5908229514377203 0.7468334845925194
0.5948633554781244 0.7468334845925194
0.5989037595185285 0.7468334845925194
0.6029441635589325 0.7468334845925194
0.6069845675993365 0.7468334845925194
0.6110249716397406 0.7468334845925194
0.6150653756801445 0.7468334845925194
0.6191057797205486 0.7468334845925194
0.6231461837609527 0.7468334845925194
0.6271865878013567 0.7468334845925194
0.6312269918417608 0.7468334845925194
0.6352673958821649 0.7468334845925194
0.6393077999225689 0.7468334845925194
0.6433482039629729 0.7468334845925194
0.6473886080033769 0.7468334845925194
0.6514290120437809 0.7468334845925194
0.655469416084185 0.7468334845925194
0.6716310322458012 0.7468334845925194
0.6756714362862052 0.7468334845925194
0.6797118403266093 0.7468334845925194
0.6837522443670132 0.7468334845925194
0.6877926484074173 0.7468334845925194
0.6918330524478213 0.7468334845925194
0.6958734564882254 0.7468334845925194
0.6999138605286295 0.7468334845925194
0.29991386052862945 0.7508738886329235
0.3039542645690335 0.7508738886329235
0.3079946686094375 0.7508738886329235
0.31203507264984154 0.7508738886329235
0.3160754766902456 0.7508738886329235
0.32011588073064967 0.7508738886329235
0.3241562847710537 0.7508738886329235
0.32819668881145775 0.7508738886329235
0.33223709285186176 0.7508738886329235
0.3362774968922658 0.7508738886329235
0.34031790093266984 0.7508738886329235
0.3443583049730739 0.7508738886329235
0.3483987090134779 0.7508738886329235
0.352439113053882 0.7508738886329235
0.35647951709428605 0.7508738886329235
0.36051992113469006 0.7508738886329235
0.36456032517509407 0.7508738886329235
0.36860072921549814 0.7508738886329235
0.3726411332559022 0.7508738886329235
0.3766815372963062 0.7508738886329235
0.3807219413367102 0.7508738886329235
0.3847623453771143 0.7508738886329235
0.38880274941751836 0.7508738886329235
0.39284315345792237 0.7508738886329235
0.39688355749832643 0.7508738886329235
0.40092396153873044 0.7508738886329235
0.4049643655791345 0.7508738886329235
0.4090047696195385 0.7508738886329235
0.4130451736599426 0.7508738886329235
0.4170855777003466 0.7508738886329235
0.42112598174075067 0.7508738886329235
0.42516638578115473 0.7508738886329235
0.42920678982155874 0.7508738886329235
0.43324719386196275 0.7508738886329235
0.4372875979023668 0.7508738886329235
0.4413280019427709 0.7508738886329235
0.4453684059831749 0.7508738886329235
0.4494088100235789 0.7508738886329235
0.453449214063983 0.7508738886329235
0.45748961810438704 0.7508738886329235
0.46153002214479105 0.7508738886329235
0.4655704261851951 0.7508738886329235
0.46961083022559913 0.7508738886329235
0.4736512342660032 0.7508738886329235
0.47769163830640726 0.7508738886329235
0.4817320423468113 0.7508738886329235
0.4857724463872153 0.7508738886329235
0.48981285042761935 0.7508738886329235
0.4938532544680234 0.7508738886329235
0.49789365850842743 0.7508738886329235
0.5019340625488314 0.7508738886329235
0.5059744665892355 0.7508738886329235
0.5100148706296396 0.7508738886329235
0.5140552746700435 0.7508738886329235
0.5180956787104476 0.7508738886329235
0.5221360827508517 0.7508738886329235
0.5261764867912557 0.7508738886329235
0.5302168908316598 0.7508738886329235
0.5342572948720639 0.7508738886329235
0.5382976989124678 0.7508738886329235
0.5423381029528719 0.7508738886329235
0.546378506993276 0.7508738886329235
0.5504189110336799 0.7508738886329235
0.554459315074084 0.7508738886329235
0.558499719114488 0.7508738886329235
0.5625401231548921 0.7508738886329235
0.5665805271952962 0.7508738886329235
0.5706209312357002 0.7508738886329235
0.5746613352761042 0.7508738886329235
0.5787017393165083 0.7508738886329235
0.5827421433569122 0.7508738886329235
0.5867825473973163 0.7508738886329235
0.5908229514377203 0.7508738886329235
0.5948633554781244 0.7508738886329235
0.5989037595185285 0.7508738886329235
0.6029441635589325 0.7508738886329235
0.6069845675993365 0.7508738886329235
0.6110249716397406 0.7508738886329235
0.6150653756801445 0.7508738886329235
0.6191057797205486 0.7508738886329235
0.6231461837609527 0.7508738886329235
0.6271865878013567 0.7508738886329235
0.6312269918417608 0.7508738886329235
0.6352673958821649 0.7508738886329235
0.6393077999225689 0.7508738886329235
0.6433482039629729 0.7508738886329235
0.6473886080033769 0.7508738886329235
0.6514290120437809 0.7508738886329235
0.6675906282053972 0.7508738886329235
0.6716310322458012 0.7508738886329235
0.6756714362862052 0.7508738886329235
0.6797118403266093 0.7508738886329235
0.6837522443670132 0.7508738886329235
0.6877926484074173 0.7508738886329235
0.6918330524478213 0.7508738886329235
0.6958734564882254 0.7508738886329235
0.6999138605286295 0.7508738886329235
0.29991386052862945 0.7549142926733274
0.3039542645690335 0.7549142926733274
0.3079946686094375 0.7549142926733274
0.31203507264984154 0.7549142926733274
0.3160754766902456 0.7549142926733274
0.32011588073064967 0.7549142926733274
0.3241562847710537 0.7549142926733274
0.32819668881145775 0.7549142926733274
0.33223709285186176 0.7549142926733274
0.3362774968922658 0.7549142926733274
0.34031790093266984 0.7549142926733274
0.3443583049730739 0.7549142926733274
0.3483987090134779 0.7549142926733274
0.352439113053882 0.7549142926733274
0.35647951709428605 0.7549142926733274
0.36051992113469006 0.7549142926733274
0.36456032517509407 0.7549142926733274
0.36860072921549814 0.7549142926733274
0.3726411332559022 0.7549142926733274
0.3766815372963062 0.7549142926733274
0.3807219413367102 0.7549142926733274
0.3847623453771143 0.7549142926733274
0.38880274941751836 0.7549142926733274
0.39284315345792237 0.7549142926733274
0.39688355749832643 0.7549142926733274
0.40092396153873044 0.7549142926733274
0.4049643655791345 0.7549142926733274
0.4090047696195385 0.7549142926733274
0.4130451736599426 0.7549142926733274
0.4170855777003466 0.7549142926733274
0.42112598174075067 0.7549142926733274
0.42516638578115473 0.7549142926733274
0.42920678982155874 0.7549142926733274
0.43324719386196275 0.7549142926733274
0.4372875979023668 0.7549142926733274
0.4413280019427709 0.7549142926733274
0.4453684059831749 0.7549142926733274
0.4494088100235789 0.7549142926733274
0.453449214063983 0.7549142926733274
0.45748961810438704 0.7549142926733274
0.46153002214479105 0.7549142926733274
0.4655704261851951 0.7549142926733274
0.46961083022559913 0.7549142926733274
0.4736512342660032 0.7549142926733274
0.47769163830640726 0.7549142926733274
0.4817320423468113 0.7549142926733274
0.4857724463872153 0.7549142926733274
0.48981285042761935 0.7549142926733274
0.4938532544680234 0.7549142926733274
0.49789365850842743 0.7549142926733274
0.5019340625488314 0.7549142926733274
0.5059744665892355 0.7549142926733274
0.5100148706296396 0.7549142926733274
0.5140552746700435 0.7549142926733274
0.5180956787104476 0.7549142926733274
0.5221360827508517 0.7549142926733274
0.5261764867912557 0.7549142926733274
0.5302168908316598 0.7549142926733274
0.5342572948720639 0.7549142926733274
0.5382976989124678 0.7549142926733274
0.5423381029528719 0.7549142926733274
0.546378506993276 0.7549142926733274
0.5504189110336799 0.7549142926733274
0.554459315074084 0.7549142926733274
0.558499719114488 0.7549142926733274
0.5625401231548921 0.7549142926733274
0.5665805271952962 0.7549142926733274
0.5706209312357002 0.7549142926733274
0.5746613352761042 0.7549142926733274
0.5787017393165083 0.7549142926733274
0.5827421433569122 0.7549142926733274
0.5867825473973163 0.7549142926733274
0.5908229514377203 0.7549142926733274
0.5948633554781244 0.7549142926733274
0.5989037595185285 0.7549142926733274
0.6029441635589325 0.7549142926733274
0.6069845675993365 0.7549142926733274
0.6110249716397406 0.7549142926733274
0.6150653756801445 0.7549142926733274
0.6191057797205486 0.7549142926733274
0.6231461837609527 0.7549142926733274
0.6271865878013567 0.7549142926733274
0.6312269918417608 0.7549142926733274
0.6352673958821649 0.7549142926733274
0.6393077999225689 0.7549142926733274
0.6433482039629729 0.7549142926733274
0.6473886080033769 0.7549142926733274
0.6635502241649931 0.7549142926733274
0.6675906282053972 0.7549142926733274
0.6716310322458012 0.7549142926733274
0.6756714362862052 0.7549142926733274
0.6797118403266093 0.7549142926733274
0.6837522443670132 0.7549142926733274
0.6877926484074173 0.7549142926733274
0.6918330524478213 0.7549142926733274
0.6958734564882254 0.7549142926733274
0.6999138605286295 0.7549142926733274
0.29991386052862945 0.7589546967137315
0.3039542645690335 0.7589546967137315
0.3079946686094375 0.7589546967137315
0.31203507264984154 0.7589546967137315
0.3160754766902456 0.7589546967137315
0.32011588073064967 0.7589546967137315
0.3241562847710537 0.7589546967137315
0.32819668881145775 0.7589546967137315
0.33223709285186176 0.7589546967137315
0.3362774968922658 0.7589546967137315
0.34031790093266984 0.7589546967137315
0.3443583049730739 0.7589546967137315
0.3483987090134779 0.7589546967137315
0.352439113053882 0.7589546967137315
0.35647951709428605 0.7589546967137315
0.36051992113469006 0.7589546967137315
0.36456032517509407 0.7589546967137315
0.36860072921549814 0.7589546967137315
0.3726411332559022 0.7589546967137315
0.3766815372963062 0.7589546967137315
0.3807219413367102 0.7589546967137315
0.3847623453771143 0.7589546967137315
0.38880274941751836 0.7589546967137315
0.39284315345792237 0.7589546967137315
0.39688355749832643 0.7589546967137315
0.40092396153873044 0.7589546967137315
0.4049643655791345 0.7589546967137315
0.4090047696195385 0.7589546967137315
0.4130451736599426 0.7589546967137315
0.4170855777003466 0.7589546967137315
0.42112598174075067 0.7589546967137315
0.42516638578115473 0.7589546967137315
0.42920678982155874 0.7589546967137315
0.43324719386196275 0.7589546967137315
0.4372875979023668 0.7589546967137315
0.4413280019427709 0.7589546967137315
0.4453684059831749 0.7589546967137315
0.4494088100235789 0.7589546967137315
0.453449214063983 0.7589546967137315
0.45748961810438704 0.7589546967137315
0.46153002214479105 0.7589546967137315
0.4655704261851951 0.7589546967137315
0.46961083022559913 0.7589546967137315
0.4736512342660032 0.7589546967137315
0.47769163830640726 0.7589546967137315
0.4817320423468113 0.7589546967137315
0.4857724463872153 0.7589546967137315
0.48981285042761935 0.7589546967137315
0.4938532544680234 0.7589546967137315
0.49789365850842743 0.7589546967137315
0.5019340625488314 0.7589546967137315
0.5059744665892355 0.7589546967137315
0.5100148706296396 0.7589546967137315
0.5140552746700435 0.7589546967137315
0.5180956787104476 0.7589546967137315
0.5221360827508517 0.7589546967137315
0.5261764867912557 0.7589546967137315
0.5302168908316598 0.7589546967137315
0.5342572948720639 0.7589546967137315
0.5382976989124678 0.7589546967137315
0.5423381029528719 0.7589546967137315
0.546378506993276 0.7589546967137315
0.5504189110336799 0.7589546967137315
0.554459315074084 0.7589546967137315
0.558499719114488 0.7589546967137315
0.5625401231548921 0.7589546967137315
0.5665805271952962 0.7589546967137315
0.5706209312357002 0.7589546967137315
0.5746613352761042 0.7589546967137315
0.5787017393165083 0.7589546967137315
0.5827421433569122 0.7589546967137315
0.5867825473973163 0.7589546967137315
0.5908229514377203 0.7589546967137315
0.5948633554781244 0.7589546967137315
0.5989037595185285 0.7589546967137315
0.6029441635589325 0.7589546967137315
0.6069845675993365 0.7589546967137315
0.6110249716397406 0.7589546967137315
0.6150653756801445 0.7589546967137315
0.6191057797205486 0.7589546967137315
0.6231461837609527 0.7589546967137315
0.6271865878013567 0.7589546967137315
0.6312269918417608 0.7589546967137315
0.6352673958821649 0.7589546967137315
0.6393077999225689 0.7589546967137315
0.6433482039629729 0.7589546967137315
0.659509820124589 0.7589546967137315
0.6635502241649931 0.7589546967137315
0.6675906282053972 0.7589546967137315
0.6716310322458012 0.7589546967137315
0.6756714362862052 0.7589546967137315
0.6797118403266093 0.7589546967137315
0.6837522443670132 0.7589546967137315
0.6877926484074173 0.7589546967137315
0.6918330524478213 0.7589546967137315
0.6958734564882254 0.7589546967137315
0.6999138605286295 0.7589546967137315
0.29991386052862945 0.7629951007541356
0.3039542645690335 0.7629951007541356
0.3079946686094375 0.7629951007541356
0.31203507264984154 0.7629951007541356
0.3160754766902456 0.7629951007541356
0.32011588073064967 0.7629951007541356
0.3241562847710537 0.7629951007541356
0.32819668881145775 0.7629951007541356
0.33223709285186176 0.7629951007541356
0.3362774968922658 0.7629951007541356
0.34031790093266984 0.7629951007541356
0.3443583049730739 0.7629951007541356
0.3483987090134779 0.7629951007541356
0.352439113053882 0.7629951007541356
0.35647951709428605 0.7629951007541356
0.36051992113469006 0.7629951007541356
0.36456032517509407 0.7629951007541356
0.36860072921549814 0.7629951007541356
0.3726411332559022 0.7629951007541356
0.3766815372963062 0.7629951007541356
0.3807219413367102 0.7629951007541356
0.3847623453771143 0.7629951007541356
0.38880274941751836 0.7629951007541356
0.39284315345792237 0.7629951007541356
0.39688355749832643 0.7629951007541356
0.40092396153873044 0.7629951007541356
0.4049643655791345 0.7629951007541356
0.4090047696195385 0.7629951007541356
0.4130451736599426 0.7629951007541356
0.4170855777003466 0.7629951007541356
0.42112598174075067 0.7629951007541356
0.42516638578115473 0.7629951007541356
0.42920678982155874 0.7629951007541356
0.43324719386196275 0.7629951007541356
0.4372875979023668 0.7629951007541356
0.4413280019427709 0.7629951007541356
0.4453684059831749 0.7629951007541356
0.4494088100235789 0.7629951007541356
0.453449214063983 0.7629951007541356
0.45748961810438704 0.7629951007541356
0.46153002214479105 0.7629951007541356
0.4655704261851951 0.7629951007541356
0.46961083022559913 0.7629951007541356
0.4736512342660032 0.7629951007541356
0.47769163830640726 0.7629951007541356
0.4817320423468113 0.7629951007541356
0.4857724463872153 0.7629951007541356
0.48981285042761935 0.7629951007541356
0.4938532544680234 0.7629951007541356
0.49789365850842743 0.7629951007541356
0.5019340625488314 0.7629951007541356
0.5059744665892355 0.7629951007541356
0.5100148706296396 0.7629951007541356
0.5140552746700435 0.7629951007541356
0.5180956787104476 0.7629951007541356
0.5221360827508517 0.7629951007541356
0.5261764867912557 0.7629951007541356
0.5302168908316598 0.7629951007541356
0.5342572948720639 0.7629951007541356
0.5382976989124678 0.7629951007541356
0.5423381029528719 0.7629951007541356
0.546378506993276 0.7629951007541356
0.5504189110336799 0.7629951007541356
0.554459315074084 0.7629951007541356
0.558499719114488 0.7629951007541356
0.5625401231548921 0.7629951007541356
0.5665805271952962 0.7629951007541356
0.5706209312357002 0.7629951007541356
0.5746613352761042 0.7629951007541356
0.5787017393165083 0.7629951007541356
0.5827421433569122 0.7629951007541356
0.5867825473973163 0.7629951007541356
0.5908229514377203 0.7629951007541356
0.5948633554781244 0.7629951007541356
0.5989037595185285 0.7629951007541356
0.6029441635589325 0.7629951007541356
0.6069845675993365 0.7629951007541356
0.6110249716397406 0.7629951007541356
0.6150653756801445 0.7629951007541356
0.6191057797205486 0.7629951007541356
0.6231461837609527 0.7629951007541356
0.6271865878013567 0.7629951007541356
0.6312269918417608 0.7629951007541356
0.6352673958821649 0.7629951007541356
0.6393077999225689 0.7629951007541356
0.655469416084185 0.7629951007541356
0.659509820124589 0.7629951007541356
0.6635502241649931 0.7629951007541356
0.6675906282053972 0.7629951007541356
0.6716310322458012 0.7629951007541356
0.6756714362862052 0.7629951007541356
0.6797118403266093 0.7629951007541356
0.6837522443670132 0.7629951007541356
0.6877926484074173 0.7629951007541356
0.6918330524478213 0.7629951007541356
0.6958734564882254 0.7629951007541356
0.6999138605286295 0.7629951007541356
0.29991386052862945 0.7670355047945396
0.3039542645690335 0.7670355047945396
0.3079946686094375 0.7670355047945396
0.31203507264984154 0.7670355047945396
0.3160754766902456 0.7670355047945396
0.32011588073064967 0.7670355047945396
0.3241562847710537 0.7670355047945396
0.32819668881145775 0.7670355047945396
0.33223709285186176 0.7670355047945396
0.3362774968922658 0.7670355047945396
0.34031790093266984 0.7670355047945396
0.3443583049730739 0.7670355047945396
0.3483987090134779 0.7670355047945396
0.352439113053882 0.7670355047945396
0.35647951709428605 0.7670355047945396
0.36051992113469006 0.7670355047945396
0.36456032517509407 0.7670355047945396
0.36860072921549814 0.7670355047945396
0.3726411332559022 0.7670355047945396
0.3766815372963062 0.7670355047945396
0.3807219413367102 0.7670355047945396
0.3847623453771143 0.7670355047945396
0.38880274941751836 0.7670355047945396
0.39284315345792237 0.7670355047945396
0.39688355749832643 0.7670355047945396
0.40092396153873044 0.7670355047945396
0.4049643655791345 0.7670355047945396
0.4090047696195385 0.7670355047945396
0.4130451736599426 0.7670355047945396
0.4170855777003466 0.7670355047945396
0.42112598174075067 0.7670355047945396
0.42516638578115473 0.7670355047945396
0.42920678982155874 0.7670355047945396
0.43324719386196275 0.7670355047945396
0.4372875979023668 0.7670355047945396
0.4413280019427709 0.7670355047945396
0.4453684059831749 0.7670355047945396
0.4494088100235789 0.7670355047945396
0.453449214063983 0.7670355047945396
0.45748961810438704 0.7670355047945396
0.46153002214479105 0.7670355047945396
0.4655704261851951 0.7670355047945396
0.46961083022559913 0.7670355047945396
0.4736512342660032 0.7670355047945396
0.47769163830640726 0.7670355047945396
0.4817320423468113 0.7670355047945396
0.4857724463872153 0.7670355047945396
0.48981285042761935 0.7670355047945396
0.4938532544680234 0.7670355047945396
0.49789365850842743 0.7670355047945396
0.5019340625488314 0.7670355047945396
0.5059744665892355 0.7670355047945396
0.5100148706296396 0.7670355047945396
0.5140552746700435 0.7670355047945396
0.5180956787104476 0.7670355047945396
0.5221360827508517 0.7670355047945396
0.5261764867912557 0.7670355047945396
0.5302168908316598 0.7670355047945396
0.5342572948720639 0.7670355047945396
0.5382976989124678 0.7670355047945396
0.5423381029528719 0.7670355047945396
0.546378506993276 0.7670355047945396
0.5504189110336799 0.7670355047945396
0.554459315074084 0.7670355047945396
0.558499719114488 0.7670355047945396
0.5625401231548921 0.7670355047945396
0.5665805271952962 0.7670355047945396
0.5706209312357002 0.7670355047945396
0.5746613352761042 0.7670355047945396
0.5787017393165083 0.7670355047945396
0.5827421433569122 0.7670355047945396
0.5867825473973163 0.7670355047945396
0.5908229514377203 0.7670355047945396
0.5948633554781244 0.7670355047945396
0.5989037595185285 0.7670355047945396
0.6029441635589325 0.7670355047945396
0.6069845675993365 0.7670355047945396
0.6110249716397406 0.7670355047945396
0.6150653756801445 0.7670355047945396
0.6191057797205486 0.7670355047945396
0.6231461837609527 0.7670355047945396
0.6271865878013567 0.7670355047945396
0.6312269918417608 0.7670355047945396
0.6352673958821649 0.7670355047945396
0.6473886080033769 0.7670355047945396
0.6514290120437809 0.7670355047945396
0.655469416084185 0.7670355047945396
0.659509820124589 0.7670355047945396
0.6635502241649931 0.7670355047945396
0.6675906282053972 0.7670355047945396
0.6716310322458012 0.7670355047945396
0.6756714362862052 0.7670355047945396
0.6797118403266093 0.7670355047945396
0.6837522443670132 0.7670355047945396
0.6877926484074173 0.7670355047945396
0.6918330524478213 0.7670355047945396
0.6958734564882254 0.7670355047945396
0.6999138605286295 0.7670355047945396
0.29991386052862945 0.7710759088349436
0.3039542645690335 0.7710759088349436
0.3079946686094375 0.7710759088349436
0.31203507264984154 0.7710759088349436
0.3160754766902456 0.7710759088349436
0.32011588073064967 0.7710759088349436
0.3241562847710537 0.7710759088349436
0.32819668881145775 0.7710759088349436
0.33223709285186176 0.7710759088349436
0.3362774968922658 0.7710759088349436
0.34031790093266984 0.7710759088349436
0.3443583049730739 0.7710759088349436
0.3483987090134779 0.7710759088349436
0.352439113053882 0.7710759088349436
0.35647951709428605 0.7710759088349436
0.36051992113469006 0.7710759088349436
0.36456032517509407 0.7710759088349436
0.36860072921549814 0.7710759088349436
0.3726411332559022 0.7710759088349436
0.3766815372963062 0.7710759088349436
0.3807219413367102 0.7710759088349436
0.3847623453771143 0.7710759088349436
0.38880274941751836 0.7710759088349436
0.39284315345792237 0.7710759088349436
0.39688355749832643 0.7710759088349436
0.40092396153873044 0.7710759088349436
0.4049643655791345 0.7710759088349436
0.4090047696195385 0.7710759088349436
0.4130451736599426 0.7710759088349436
0.4170855777003466 0.7710759088349436
0.42112598174075067 0.7710759088349436
0.42516638578115473 0.7710759088349436
0.42920678982155874 0.7710759088349436
0.43324719386196275 0.7710759088349436
0.4372875979023668 0.7710759088349436
0.4413280019427709 0.7710759088349436
0.4453684059831749 0.7710759088349436
0.4494088100235789 0.7710759088349436
0.453449214063983 0.7710759088349436
0.45748961810438704 0.7710759088349436
0.46153002214479105 0.7710759088349436
0.4655704261851951 0.7710759088349436
0.46961083022559913 0.7710759088349436
0.4736512342660032 0.7710759088349436
0.47769163830640726 0.7710759088349436
0.4817320423468113 0.7710759088349436
0.4857724463872153 0.7710759088349436
0.48981285042761935 0.7710759088349436
0.4938532544680234 0.7710759088349436
0.49789365850842743 0.7710759088349436
0.5019340625488314 0.7710759088349436
0.5059744665892355 0.7710759088349436
0.5100148706296396 0.7710759088349436
0.5140552746700435 0.7710759088349436
0.5180956787104476 0.7710759088349436
0.5221360827508517 0.7710759088349436
0.5261764867912557 0.7710759088349436
0.5302168908316598 0.7710759088349436
0.5342572948720639 0.7710759088349436
0.5382976989124678 0.7710759088349436
0.5423381029528719 0.7710759088349436
0.546378506993276 0.7710759088349436
0.5504189110336799 0.7710759088349436
0.554459315074084 0.7710759088349436
0.558499719114488 0.7710759088349436
0.5625401231548921 0.7710759088349436
0.5665805271952962 0.7710759088349436
0.5706209312357002 0.7710759088349436
0.5746613352761042 0.7710759088349436
0.5787017393165083 0.7710759088349436
0.5827421433569122 0.7710759088349436
0.5867825473973163 0.7710759088349436
0.5908229514377203 0.7710759088349436
0.5948633554781244 0.7710759088349436
0.5989037595185285 0.7710759088349436
0.6029441635589325 0.7710759088349436
0.6069845675993365 0.7710759088349436
0.6110249716397406 0.7710759088349436
0.6150653756801445 0.7710759088349436
0.6191057797205486 0.7710759088349436
0.6231461837609527 0.7710759088349436
0.6271865878013567 0.7710759088349436
0.6433482039629729 0.7710759088349436
0.6473886080033769 0.7710759088349436
0.6514290120437809 0.7710759088349436
0.655469416084185 0.7710759088349436
0.659509820124589 0.7710759088349436
0.6635502241649931 0.7710759088349436
0.6675906282053972 0.7710759088349436
0.6716310322458012 0.7710759088349436
0.6756714362862052 0.7710759088349436
0.6797118403266093 0.7710759088349436
0.6837522443670132 0.7710759088349436
0.6877926484074173 0.7710759088349436
0.6918330524478213 0.7710759088349436
0.6958734564882254 0.7710759088349436
0.6999138605286295 0.7710759088349436
0.29991386052862945 0.7751163128753477
0.3039542645690335 0.7751163128753477
0.3079946686094375 0.7751163128753477
0.31203507264984154 0.7751163128753477
0.3160754766902456 0.7751163128753477
0.32011588073064967 0.7751163128753477
0.3241562847710537 0.7751163128753477
0.32819668881145775 0.7751163128753477
0.33223709285186176 0.7751163128753477
0.3362774968922658 0.7751163128753477
0.34031790093266984 0.7751163128753477
0.3443583049730739 0.7751163128753477
0.3483987090134779 0.7751163128753477
0.352439113053882 0.7751163128753477
0.35647951709428605 0.7751163128753477
0.36051992113469006 0.7751163128753477
0.36456032517509407 0.7751163128753477
0.36860072921549814 0.7751163128753477
0.3726411332559022 0.7751163128753477
0.3766815372963062 0.7751163128753477
0.3807219413367102 0.7751163128753477
0.3847623453771143 0.7751163128753477
0.38880274941751836 0.7751163128753477
0.39284315345792237 0.7751163128753477
0.39688355749832643 0.7751163128753477
0.40092396153873044 0.7751163128753477
0.4049643655791345 0.7751163128753477
0.4090047696195385 0.7751163128753477
0.4130451736599426 0.7751163128753477
0.4170855777003466 0.7751163128753477
0.42112598174075067 0.7751163128753477
0.42516638578115473 0.7751163128753477
0.42920678982155874 0.7751163128753477
0.43324719386196275 0.7751163128753477
0.4372875979023668 0.7751163128753477
0.4413280019427709 0.7751163128753477
0.4453684059831749 0.7751163128753477
0.4494088100235789 0.7751163128753477
0.453449214063983 0.7751163128753477
0.45748961810438704 0.7751163128753477
0.46153002214479105 0.7751163128753477
0.4655704261851951 0.7751163128753477
0.46961083022559913 0.7751163128753477
0.4736512342660032 0.7751163128753477
0.47769163830640726 0.7751163128753477
0.4817320423468113 0.7751163128753477
0.4857724463872153 0.7751163128753477
0.48981285042761935 0.7751163128753477
0.4938532544680234 0.7751163128753477
0.49789365850842743 0.7751163128753477
0.5019340625488314 0.7751163128753477
0.5059744665892355 0.7751163128753477
0.5100148706296396 0.7751163128753477
0.5140552746700435 0.7751163128753477
0.5180956787104476 0.7751163128753477
0.5221360827508517 0.7751163128753477
0.5261764867912557 0.7751163128753477
0.5302168908316598 0.7751163128753477
0.5342572948720639 0.7751163128753477
0.5382976989124678 0.7751163128753477
0.5423381029528719 0.7751163128753477
0.546378506993276 0.7751163128753477
0.5504189110336799 0.7751163128753477
0.554459315074084 0.7751163128753477
0.558499719114488 0.7751163128753477
0.5625401231548921 0.7751163128753477
0.5665805271952962 0.7751163128753477
0.5706209312357002 0.7751163128753477
0.5746613352761042 0.7751163128753477
0.5787017393165083 0.7751163128753477
0.5827421433569122 0.7751163128753477
0.5867825473973163 0.7751163128753477
0.5908229514377203 0.7751163128753477
0.5948633554781244 0.7751163128753477
0.5989037595185285 0.7751163128753477
0.6029441635589325 0.7751163128753477
0.6069845675993365 0.7751163128753477
0.6110249716397406 0.7751163128753477
0.6150653756801445 0.7751163128753477
0.6191057797205486 0.7751163128753477
0.6231461837609527 0.7751163128753477
0.6393077999225689 0.7751163128753477
0.6433482039629729 0.7751163128753477
0.6473886080033769 0.7751163128753477
0.6514290120437809 0.7751163128753477
0.655469416084185 0.7751163128753477
0.659509820124589 0.7751163128753477
0.6635502241649931 0.7751163128753477
0.6675906282053972 0.7751163128753477
0.6716310322458012 0.7751163128753477
0.6756714362862052 0.7751163128753477
0.6797118403266093 0.7751163128753477
0.6837522443670132 0.7751163128753477
0.6877926484074173 0.7751163128753477
0.6918330524478213 0.7751163128753477
0.6958734564882254 0.7751163128753477
0.6999138605286295 0.7751163128753477
0.29991386052862945 0.7791567169157517
0.3039542645690335 0.7791567169157517
0.3079946686094375 0.7791567169157517
0.31203507264984154 0.7791567169157517
0.3160754766902456 0.7791567169157517
0.32011588073064967 0.7791567169157517
0.3241562847710537 0.7791567169157517
0.32819668881145775 0.7791567169157517
0.33223709285186176 0.7791567169157517
0.3362774968922658 0.7791567169157517
0.34031790093266984 0.7791567169157517
0.3443583049730739 0.7791567169157517
0.3483987090134779 0.7791567169157517
0.352439113053882 0.7791567169157517
0.35647951709428605 0.7791567169157517
0.36051992113469006 0.7791567169157517
0.36456032517509407 0.7791567169157517
0.36860072921549814 0.7791567169157517
0.3726411332559022 0.7791567169157517
0.3766815372963062 0.7791567169157517
0.3807219413367102 0.7791567169157517
0.3847623453771143 0.7791567169157517
0.38880274941751836 0.7791567169157517
0.39284315345792237 0.7791567169157517
0.39688355749832643 0.7791567169157517
0.40092396153873044 0.7791567169157517
0.4049643655791345 0.7791567169157517
0.4090047696195385 0.7791567169157517
0.4130451736599426 0.7791567169157517
0.4170855777003466 0.7791567169157517
0.42112598174075067 0.7791567169157517
0.42516638578115473 0.7791567169157517
0.42920678982155874 0.7791567169157517
0.43324719386196275 0.7791567169157517
0.4372875979023668 0.7791567169157517
0.4413280019427709 0.7791567169157517
0.4453684059831749 0.7791567169157517
0.4494088100235789 0.7791567169157517
0.453449214063983 0.7791567169157517
0.45748961810438704 0.7791567169157517
0.46153002214479105 0.7791567169157517
0.4655704261851951 0.7791567169157517
0.46961083022559913 0.7791567169157517
0.4736512342660032 0.7791567169157517
0.47769163830640726 0.7791567169157517
0.4817320423468113 0.7791567169157517
0.4857724463872153 0.7791567169157517
0.48981285042761935 0.7791567169157517
0.4938532544680234 0.7791567169157517
0.49789365850842743 0.7791567169157517
0.5019340625488314 0.7791567169157517
0.5059744665892355 0.7791567169157517
0.5100148706296396 0.7791567169157517
0.5140552746700435 0.7791567169157517
0.5180956787104476 0.7791567169157517
0.5221360827508517 0.7791567169157517
0.5261764867912557 0.7791567169157517
0.5302168908316598 0.7791567169157517
0.5342572948720639 0.7791567169157517
0.5382976989124678 0.7791567169157517
0.5423381029528719 0.7791567169157517
0.546378506993276 0.7791567169157517
0.5504189110336799 0.7791567169157517
0.554459315074084 0.7791567169157517
0.558499719114488 0.7791567169157517
0.5625401231548921 0.7791567169157517
0.5665805271952962 0.7791567169157517
0.5706209312357002 0.7791567169157517
0.5746613352761042 0.7791567169157517
0.5787017393165083 0.7791567169157517
0.5827421433569122 0.7791567169157517
0.5867825473973163 0.7791567169157517
0.5908229514377203 0.7791567169157517
0.5948633554781244 0.7791567169157517
0.5989037595185285 0.7791567169157517
0.6029441635589325 0.7791567169157517
0.6069845675993365 0.7791567169157517
0.6110249716397406 0.7791567169157517
0.6150653756801445 0.7791567169157517
0.6191057797205486 0.7791567169157517
0.6352673958821649 0.7791567169157517
0.6393077999225689 0.7791567169157517
0.6433482039629729 0.7791567169157517
0.6473886080033769 0.7791567169157517
0.6514290120437809 0.7791567169157517
0.655469416084185 0.7791567169157517
0.659509820124589 0.7791567169157517
0.6635502241649931 0.7791567169157517
0.6675906282053972 0.7791567169157517
0.6716310322458012 0.7791567169157517
0.6756714362862052 0.7791567169157517
0.6797118403266093 0.7791567169157517
0.6837522443670132 0.7791567169157517
0.6877926484074173 0.7791567169157517
0.6918330524478213 0.7791567169157517
0.6958734564882254 0.7791567169157517
0.6999138605286295 0.7791567169157517
0.29991386052862945 0.7831971209561558
0.3039542645690335 0.7831971209561558
0.3079946686094375 0.7831971209561558
0.31203507264984154 0.7831971209561558
0.3160754766902456 0.7831971209561558
0.32011588073064967 0.7831971209561558
0.3241562847710537 0.7831971209561558
0.32819668881145775 0.7831971209561558
0.33223709285186176 0.7831971209561558
0.3362774968922658 0.7831971209561558
0.34031790093266984 0.7831971209561558
0.3443583049730739 0.7831971209561558
0.3483987090134779 0.7831971209561558
0.352439113053882 0.7831971209561558
0.35647951709428605 0.7831971209561558
0.36051992113469006 0.7831971209561558
0.36456032517509407 0.7831971209561558
0.36860072921549814 0.7831971209561558
0.3726411332559022 0.7831971209561558
0.3766815372963062 0.7831971209561558
0.3807219413367102 0.7831971209561558
0.3847623453771143 0.7831971209561558
0.38880274941751836 0.7831971209561558
0.39284315345792237 0.7831971209561558
0.39688355749832643 0.7831971209561558
0.40092396153873044 0.7831971209561558
0.4049643655791345 0.7831971209561558
0.4090047696195385 0.7831971209561558
0.4130451736599426 0.7831971209561558
0.4170855777003466 0.7831971209561558
0.42112598174075067 0.7831971209561558
0.42516638578115473 0.7831971209561558
0.42920678982155874 0.7831971209561558
0.43324719386196275 0.7831971209561558
0.4372875979023668 0.7831971209561558
0.4413280019427709 0.7831971209561558
0.4453684059831749 0.7831971209561558
0.4494088100235789 0.7831971209561558
0.453449214063983 0.7831971209561558
0.45748961810438704 0.7831971209561558
0.46153002214479105 0.7831971209561558
0.4655704261851951 0.7831971209561558
0.46961083022559913 0.7831971209561558
0.4736512342660032 0.7831971209561558
0.47769163830640726 0.7831971209561558
0.4817320423468113 0.7831971209561558
0.4857724463872153 0.7831971209561558
0.48981285042761935 0.7831971209561558
0.4938532544680234 0.7831971209561558
0.49789365850842743 0.7831971209561558
0.5019340625488314 0.7831971209561558
0.5059744665892355 0.7831971209561558
0.5100148706296396 0.7831971209561558
0.5140552746700435 0.7831971209561558
0.5180956787104476 0.7831971209561558
0.5221360827508517 0.7831971209561558
0.5261764867912557 0.7831971209561558
0.5302168908316598 0.7831971209561558
0.5342572948720639 0.7831971209561558
0.5382976989124678 0.7831971209561558
0.5423381029528719 0.7831971209561558
0.546378506993276 0.7831971209561558
0.5504189110336799 0.7831971209561558
0.554459315074084 0.7831971209561558
0.558499719114488 0.7831971209561558
0.5625401231548921 0.7831971209561558
0.5665805271952962 0.7831971209561558
0.5706209312357002 0.7831971209561558
0.5746613352761042 0.7831971209561558
0.5787017393165083 0.7831971209561558
0.5827421433569122 0.7831971209561558
0.5867825473973163 0.7831971209561558
0.5908229514377203 0.7831971209561558
0.5948633554781244 0.7831971209561558
0.5989037595185285 0.7831971209561558
0.6029441635589325 0.7831971209561558
0.6069845675993365 0.7831971209561558
0.6110249716397406 0.7831971209561558
0.6150653756801445 0.7831971209561558
0.6312269918417608 0.7831971209561558
0.6352673958821649 0.7831971209561558
0.6393077999225689 0.7831971209561558
0.6433482039629729 0.7831971209561558
0.6473886080033769 0.7831971209561558
0.6514290120437809 0.7831971209561558
0.655469416084185 0.7831971209561558
0.659509820124589 0.7831971209561558
0.6635502241649931 0.7831971209561558
0.6675906282053972 0.7831971209561558
0.6716310322458012 0.7831971209561558
0.6756714362862052 0.7831971209561558
0.6797118403266093 0.7831971209561558
0.6837522443670132 0.7831971209561558
0.6877926484074173 0.7831971209561558
0.6918330524478213 0.7831971209561558
0.6958734564882254 0.7831971209561558
0.6999138605286295 0.7831971209561558
0.29991386052862945 0.7872375249965597
0.3039542645690335 0.7872375249965597
0.3079946686094375 0.7872375249965597
0.31203507264984154 0.7872375249965597
0.3160754766902456 0.7872375249965597
0.32011588073064967 0.7872375249965597
0.3241562847710537 0.7872375249965597
0.32819668881145775 0.7872375249965597
0.33223709285186176 0.7872375249965597
0.3362774968922658 0.7872375249965597
0.34031790093266984 0.7872375249965597
0.3443583049730739 0.7872375249965597
0.3483987090134779 0.7872375249965597
0.352439113053882 0.7872375249965597
0.35647951709428605 0.7872375249965597
0.36051992113469006 0.7872375249965597
0.36456032517509407 0.7872375249965597
0.36860072921549814 0.7872375249965597
0.3726411332559022 0.7872375249965597
0.3766815372963062 0.7872375249965597
0.3807219413367102 0.7872375249965597
0.3847623453771143 0.7872375249965597
0.38880274941751836 0.7872375249965597
0.39284315345792237 0.7872375249965597
0.39688355749832643 0.7872375249965597
0.40092396153873044 0.7872375249965597
0.4049643655791345 0.7872375249965597
0.4090047696195385 0.7872375249965597
0.4130451736599426 0.7872375249965597
0.4170855777003466 0.7872375249965597
0.42112598174075067 0.7872375249965597
0.42516638578115473 0.7872375249965597
0.42920678982155874 0.7872375249965597
0.43324719386196275 0.7872375249965597
0.4372875979023668 0.7872375249965597
0.4413280019427709 0.7872375249965597
0.4453684059831749 0.7872375249965597
0.4494088100235789 0.7872375249965597
0.453449214063983 0.7872375249965597
0.45748961810438704 0.7872375249965597
0.46153002214479105 0.7872375249965597
0.4655704261851951 0.7872375249965597
0.46961083022559913 0.7872375249965597
0.4736512342660032 0.7872375249965597
0.47769163830640726 0.7872375249965597
0.4817320423468113 0.7872375249965597
0.4857724463872153 0.7872375249965597
0.48981285042761935 0.7872375249965597
0.4938532544680234 0.7872375249965597
0.49789365850842743 0.7872375249965597
0.5019340625488314 0.7872375249965597
0.5059744665892355 0.7872375249965597
0.5100148706296396 0.7872375249965597
0.5140552746700435 0.7872375249965597
0.5180956787104476 0.7872375249965597
0.5221360827508517 0.7872375249965597
0.5261764867912557 0.7872375249965597
0.5302168908316598 0.7872375249965597
0.5342572948720639 0.7872375249965597
0.5382976989124678 0.7872375249965597
0.5423381029528719 0.7872375249965597
0.546378506993276 0.7872375249965597
0.5504189110336799 0.7872375249965597
0.554459315074084 0.7872375249965597
0.558499719114488 0.7872375249965597
0.5625401231548921 0.7872375249965597
0.5665805271952962 0.7872375249965597
0.5706209312357002 0.7872375249965597
0.5746613352761042 0.7872375249965597
0.5787017393165083 0.7872375249965597
0.5827421433569122 0.7872375249965597
0.5867825473973163 0.7872375249965597
0.5908229514377203 0.7872375249965597
0.5948633554781244 0.7872375249965597
0.5989037595185285 0.7872375249965597
0.6029441635589325 0.7872375249965597
0.6069845675993365 0.7872375249965597
0.6231461837609527 0.7872375249965597
0.6271865878013567 0.7872375249965597
0.6312269918417608 0.7872375249965597
0.6352673958821649 0.7872375249965597
0.6393077999225689 0.7872375249965597
0.6433482039629729 0.7872375249965597
0.6473886080033769 0.7872375249965597
0.6514290120437809 0.7872375249965597
0.655469416084185 0.7872375249965597
0.659509820124589 0.7872375249965597
0.6635502241649931 0.7872375249965597
0.6675906282053972 0.7872375249965597
0.6716310322458012 0.7872375249965597
0.6756714362862052 0.7872375249965597
0.6797118403266093 0.7872375249965597
0.6837522443670132 0.7872375249965597
0.6877926484074173 0.7872375249965597
0.6918330524478213 0.7872375249965597
0.6958734564882254 0.7872375249965597
0.6999138605286295 0.7872375249965597
0.29991386052862945 0.7912779290369638
0.3039542645690335 0.7912779290369638
0.3079946686094375 0.7912779290369638
0.31203507264984154 0.7912779290369638
0.3160754766902456 0.7912779290369638
0.32011588073064967 0.7912779290369638
0.3241562847710537 0.7912779290369638
0.32819668881145775 0.7912779290369638
0.33223709285186176 0.7912779290369638
0.3362774968922658 0.7912779290369638
0.34031790093266984 0.7912779290369638
0.3443583049730739 0.7912779290369638
0.3483987090134779 0.7912779290369638
0.352439113053882 0.7912779290369638
0.35647951709428605 0.7912779290369638
0.36051992113469006 0.7912779290369638
0.36456032517509407 0.7912779290369638
0.36860072921549814 0.7912779290369638
0.3726411332559022 0.7912779290369638
0.3766815372963062 0.7912779290369638
0.3807219413367102 0.7912779290369638
0.3847623453771143 0.7912779290369638
0.38880274941751836 0.7912779290369638
0.39284315345792237 0.7912779290369638
0.39688355749832643 0.7912779290369638
0.40092396153873044 0.7912779290369638
0.4049643655791345 0.7912779290369638
0.4090047696195385 0.7912779290369638
0.4130451736599426 0.7912779290369638
0.4170855777003466 0.7912779290369638
0.42112598174075067 0.7912779290369638
0.42516638578115473 0.7912779290369638
0.42920678982155874 0.7912779290369638
0.43324719386196275 0.7912779290369638
0.4372875979023668 0.7912779290369638
0.4413280019427709 0.7912779290369638
0.4453684059831749 0.7912779290369638
0.4494088100235789 0.7912779290369638
0.453449214063983 0.7912779290369638
0.45748961810438704 0.7912779290369638
0.46153002214479105 0.7912779290369638
0.4655704261851951 0.7912779290369638
0.46961083022559913 0.7912779290369638
0.4736512342660032 0.7912779290369638
0.47769163830640726 0.7912779290369638
0.4817320423468113 0.7912779290369638
0.4857724463872153 0.7912779290369638
0.48981285042761935 0.7912779290369638
0.4938532544680234 0.7912779290369638
0.49789365850842743 0.7912779290369638
0.5019340625488314 0.7912779290369638
0.5059744665892355 0.7912779290369638
0.5100148706296396 0.7912779290369638
0.5140552746700435 0.7912779290369638
0.5180956787104476 0.7912779290369638
0.5221360827508517 0.7912779290369638
0.5261764867912557 0.7912779290369638
0.5302168908316598 0.7912779290369638
0.5342572948720639 0.7912779290369638
0.5382976989124678 0.7912779290369638
0.5423381029528719 0.7912779290369638
0.546378506993276 0.7912779290369638
0.5504189110336799 0.7912779290369638
0.554459315074084 0.7912779290369638
0.558499719114488 0.7912779290369638
0.5625401231548921 0.7912779290369638
0.5665805271952962 0.7912779290369638
0.5706209312357002 0.7912779290369638
0.5746613352761042 0.7912779290369638
0.5787017393165083 0.7912779290369638
0.5827421433569122 0.7912779290369638
0.5867825473973163 0.7912779290369638
0.5908229514377203 0.7912779290369638
0.5948633554781244 0.7912779290369638
0.5989037595185285 0.7912779290369638
0.6029441635589325 0.7912779290369638
0.6191057797205486 0.7912779290369638
0.6231461837609527 0.7912779290369638
0.6271865878013567 0.7912779290369638
0.6312269918417608 0.7912779290369638
0.6352673958821649 0.7912779290369638
0.6393077999225689 0.7912779290369638
0.6433482039629729 0.7912779290369638
0.6473886080033769 0.7912779290369638
0.6514290120437809 0.7912779290369638
0.655469416084185 0.7912779290369638
0.659509820124589 0.7912779290369638
0.6635502241649931 0.7912779290369638
0.6675906282053972 0.7912779290369638
0.6716310322458012 0.7912779290369638
0.6756714362862052 0.7912779290369638
0.6797118403266093 0.7912779290369638
0.6837522443670132 0.7912779290369638
0.6877926484074173 0.7912779290369638
0.6918330524478213 0.7912779290369638
0.6958734564882254 0.7912779290369638
0.6999138605286295 0.7912779290369638
0.29991386052862945 0.7953183330773679
0.3039542645690335 0.7953183330773679
0.3079946686094375 0.7953183330773679
0.31203507264984154 0.7953183330773679
0.3160754766902456 0.7953183330773679
0.32011588073064967 0.7953183330773679
0.3241562847710537 0.7953183330773679
0.32819668881145775 0.7953183330773679
0.33223709285186176 0.7953183330773679
0.3362774968922658 0.7953183330773679
0.34031790093266984 0.7953183330773679
0.3443583049730739 0.7953183330773679
0.3483987090134779 0.7953183330773679
0.352439113053882 0.7953183330773679
0.35647951709428605 0.7953183330773679
0.36051992113469006 0.7953183330773679
0.36456032517509407 0.7953183330773679
0.36860072921549814 0.7953183330773679
0.3726411332559022 0.7953183330773679
0.3766815372963062 0.7953183330773679
0.3807219413367102 0.7953183330773679
0.3847623453771143 0.7953183330773679
0.38880274941751836 0.7953183330773679
0.39284315345792237 0.7953183330773679
0.39688355749832643 0.7953183330773679
0.40092396153873044 0.7953183330773679
0.4049643655791345 0.7953183330773679
0.4090047696195385 0.7953183330773679
0.4130451736599426 0.7953183330773679
0.4170855777003466 0.7953183330773679
0.42112598174075067 0.7953183330773679
0.42516638578115473 0.7953183330773679
0.42920678982155874 0.7953183330773679
0.43324719386196275 0.7953183330773679
0.4372875979023668 0.7953183330773679
0.4413280019427709 0.7953183330773679
0.4453684059831749 0.7953183330773679
0.4494088100235789 0.7953183330773679
0.453449214063983 0.7953183330773679
0.45748961810438704 0.7953183330773679
0.46153002214479105 0.7953183330773679
0.4655704261851951 0.7953183330773679
0.46961083022559913 0.7953183330773679
0.4736512342660032 0.7953183330773679
0.47769163830640726 0.7953183330773679
0.4817320423468113 0.7953183330773679
0.4857724463872153 0.7953183330773679
0.48981285042761935 0.7953183330773679
0.4938532544680234 0.7953183330773679
0.49789365850842743 0.7953183330773679
0.5019340625488314 0.7953183330773679
0.5059744665892355 0.7953183330773679
0.5100148706296396 0.7953183330773679
0.5140552746700435 0.7953183330773679
0.5180956787104476 0.7953183330773679
0.5221360827508517 0.7953183330773679
0.5261764867912557 0.7953183330773679
0.5302168908316598 0.7953183330773679
0.5342572948720639 0.7953183330773679
0.5382976989124678 0.7953183330773679
0.5423381029528719 0.7953183330773679
0.546378506993276 0.7953183330773679
0.5504189110336799 0.7953183330773679
0.554459315074084 0.7953183330773679
0.558499719114488 0.7953183330773679
0.5625401231548921 0.7953183330773679
0.5665805271952962 0.7953183330773679
0.5706209312357002 0.7953183330773679
0.5746613352761042 0.7953183330773679
0.5787017393165083 0.7953183330773679
0.5827421433569122 0.7953183330773679
0.5867825473973163 0.7953183330773679
0.5908229514377203 0.7953183330773679
0.5948633554781244 0.7953183330773679
0.5989037595185285 0.7953183330773679
0.6150653756801445 0.7953183330773679
0.6191057797205486 0.7953183330773679
0.6231461837609527 0.7953183330773679
0.6271865878013567 0.7953183330773679
0.6312269918417608 0.7953183330773679
0.6352673958821649 0.7953183330773679
0.6393077999225689 0.7953183330773679
0.6433482039629729 0.7953183330773679
0.6473886080033769 0.7953183330773679
0.6514290120437809 0.7953183330773679
0.655469416084185 0.7953183330773679
0.659509820124589 0.7953183330773679
0.6635502241649931 0.7953183330773679
0.6675906282053972 0.7953183330773679
0.6716310322458012 0.7953183330773679
0.6756714362862052 0.7953183330773679
0.6797118403266093 0.7953183330773679
0.6837522443670132 0.7953183330773679
0.6877926484074173 0.7953183330773679
0.6918330524478213 0.7953183330773679
0.6958734564882254 0.7953183330773679
0.6999138605286295 0.7953183330773679
0.29991386052862945 0.799358737117772
0.3039542645690335 0.799358737117772
0.3079946686094375 0.799358737117772
0.31203507264984154 0.799358737117772
0.3160754766902456 0.799358737117772
0.32011588073064967 0.799358737117772
0.3241562847710537 0.799358737117772
0.32819668881145775 0.799358737117772
0.33223709285186176 0.799358737117772
0.3362774968922658 0.799358737117772
0.34031790093266984 0.799358737117772
0.3443583049730739 0.799358737117772
0.3483987090134779 0.799358737117772
0.352439113053882 0.799358737117772
0.35647951709428605 0.799358737117772
0.36051992113469006 0.799358737117772
0.36456032517509407 0.799358737117772
0.36860072921549814 0.799358737117772
0.3726411332559022 0.799358737117772
0.3766815372963062 0.799358737117772
0.3807219413367102 0.799358737117772
0.3847623453771143 0.799358737117772
0.38880274941751836 0.799358737117772
0.39284315345792237 0.799358737117772
0.39688355749832643 0.799358737117772
0.40092396153873044 0.799358737117772
0.4049643655791345 0.799358737117772
0.4090047696195385 0.799358737117772
0.4130451736599426 0.799358737117772
0.4170855777003466 0.799358737117772
0.42112598174075067 0.799358737117772
0.42516638578115473 0.799358737117772
0.42920678982155874 0.799358737117772
0.43324719386196275 0.799358737117772
0.4372875979023668 0.799358737117772
0.4413280019427709 0.799358737117772
0.4453684059831749 0.799358737117772
0.4494088100235789 0.799358737117772
0.453449214063983 0.799358737117772
0.45748961810438704 0.799358737117772
0.46153002214479105 0.799358737117772
0.4655704261851951 0.799358737117772
0.46961083022559913 0.799358737117772
0.4736512342660032 0.799358737117772
0.47769163830640726 0.799358737117772
0.4817320423468113 0.799358737117772
0.4857724463872153 0.799358737117772
0.48981285042761935 0.799358737117772
0.4938532544680234 0.799358737117772
0.49789365850842743 0.799358737117772
0.5019340625488314 0.799358737117772
0.5059744665892355 0.799358737117772
0.5100148706296396 0.799358737117772
0.5140552746700435 0.799358737117772
0.5180956787104476 0.799358737117772
0.5221360827508517 0.799358737117772
0.5261764867912557 0.799358737117772
0.5302168908316598 0.799358737117772
0.5342572948720639 0.799358737117772
0.5382976989124678 0.799358737117772
0.5423381029528719 0.799358737117772
0.546378506993276 0.799358737117772
0.5504189110336799 0.799358737117772
0.554459315074084 0.799358737117772
0.558499719114488 0.799358737117772
0.5625401231548921 0.799358737117772
0.5665805271952962 0.799358737117772
0.5706209312357002 0.799358737117772
0.5746613352761042 0.799358737117772
0.5787017393165083 0.799358737117772
0.5827421433569122 0.799358737117772
0.5867825473973163 0.799358737117772
0.5908229514377203 0.799358737117772
0.6069845675993365 0.799358737117772
0.6110249716397406 0.799358737117772
0.6150653756801445 0.799358737117772
0.6191057797205486 0.799358737117772
0.6231461837609527 0.799358737117772
0.6271865878013567 0.799358737117772
0.6312269918417608 0.799358737117772
0.6352673958821649 0.799358737117772
0.6393077999225689 0.799358737117772
0.6433482039629729 0.799358737117772
0.6473886080033769 0.799358737117772
0.6514290120437809 0.799358737117772
0.655469416084185 0.799358737117772
0.659509820124589 0.799358737117772
0.6635502241649931 0.799358737117772
0.6675906282053972 0.799358737117772
0.6716310322458012 0.799358737117772
0.6756714362862052 0.799358737117772
0.6797118403266093 0.799358737117772
0.6837522443670132 0.799358737117772
0.6877926484074173 0.799358737117772
0.6918330524478213 0.799358737117772
0.6958734564882254 0.799358737117772
0.6999138605286295 0.799358737117772
0.29991386052862945 0.803399141158176
0.3039542645690335 0.803399141158176
0.3079946686094375 0.803399141158176
0.31203507264984154 0.803399141158176
0.3160754766902456 0.803399141158176
0.32011588073064967 0.803399141158176
0.3241562847710537 0.803399141158176
0.32819668881145775 0.803399141158176
0.33223709285186176 0.803399141158176
0.3362774968922658 0.803399141158176
0.34031790093266984 0.803399141158176
0.3443583049730739 0.803399141158176
0.3483987090134779 0.803399141158176
0.352439113053882 0.803399141158176
0.35647951709428605 0.803399141158176
0.36051992113469006 0.803399141158176
0.36456032517509407 0.803399141158176
0.36860072921549814 0.803399141158176
0.3726411332559022 0.803399141158176
0.3766815372963062 0.803399141158176
0.3807219413367102 0.803399141158176
0.3847623453771143 0.803399141158176
0.38880274941751836 0.803399141158176
0.39284315345792237 0.803399141158176
0.39688355749832643 0.803399141158176
0.40092396153873044 0.803399141158176
0.4049643655791345 0.803399141158176
0.4090047696195385 0.803399141158176
0.4130451736599426 0.803399141158176
0.4170855777003466 0.803399141158176
0.42112598174075067 0.803399141158176
0.42516638578115473 0.803399141158176
0.42920678982155874 0.803399141158176
0.43324719386196275 0.803399141158176
0.4372875979023668 0.803399141158176
0.4413280019427709 0.803399141158176
0.4453684059831749 0.803399141158176
0.4494088100235789 0.803399141158176
0.453449214063983 0.803399141158176
0.45748961810438704 0.803399141158176
0.46153002214479105 0.803399141158176
0.4655704261851951 0.803399141158176
0.46961083022559913 0.803399141158176
0.4736512342660032 0.803399141158176
0.47769163830640726 0.803399141158176
0.4817320423468113 0.803399141158176
0.4857724463872153 0.803399141158176
0.48981285042761935 0.803399141158176
0.4938532544680234 0.803399141158176
0.49789365850842743 0.803399141158176
0.5019340625488314 0.803399141158176
0.5059744665892355 0.803399141158176
0.5100148706296396 0.803399141158176
0.5140552746700435 0.803399141158176
0.5180956787104476 0.803399141158176
0.5221360827508517 0.803399141158176
0.5261764867912557 0.803399141158176
0.5302168908316598 0.803399141158176
0.5342572948720639 0.803399141158176
0.5382976989124678 0.803399141158176
0.5423381029528719 0.803399141158176
0.546378506993276 0.803399141158176
0.5504189110336799 0.803399141158176
0.554459315074084 0.803399141158176
0.558499719114488 0.803399141158176
0.5625401231548921 0.803399141158176
0.5665805271952962 0.803399141158176
0.5706209312357002 0.803399141158176
0.5746613352761042 0.803399141158176
0.5787017393165083 0.803399141158176
0.5827421433569122 0.803399141158176
0.5867825473973163 0.803399141158176
0.6029441635589325 0.803399141158176
0.6069845675993365 0.803399141158176
0.6110249716397406 0.803399141158176
0.6150653756801445 0.803399141158176
0.6191057797205486 0.803399141158176
0.6231461837609527 0.803399141158176
0.6271865878013567 0.803399141158176
0.6312269918417608 0.803399141158176
0.6352673958821649 0.803399141158176
0.6393077999225689 0.803399141158176
0.6433482039629729 0.803399141158176
0.6473886080033769 0.803399141158176
0.6514290120437809 0.803399141158176
0.655469416084185 0.803399141158176
0.659509820124589 0.803399141158176
0.6635502241649931 0.803399141158176
0.6675906282053972 0.803399141158176
0.6716310322458012 0.803399141158176
0.6756714362862052 0.803399141158176
0.6797118403266093 0.803399141158176
0.6837522443670132 0.803399141158176
0.6877926484074173 0.803399141158176
0.6918330524478213 0.803399141158176
0.6958734564882254 0.803399141158176
0.6999138605286295 0.803399141158176
0.29991386052862945 0.80743954519858
0.3039542645690335 0.80743954519858
0.3079946686094375 0.80743954519858
0.31203507264984154 0.80743954519858
0.3160754766902456 0.80743954519858
0.32011588073064967 0.80743954519858
0.3241562847710537 0.80743954519858
0.32819668881145775 0.80743954519858
0.33223709285186176 0.80743954519858
0.3362774968922658 0.80743954519858
0.34031790093266984 0.80743954519858
0.3443583049730739 0.80743954519858
0.3483987090134779 0.80743954519858
0.352439113053882 0.80743954519858
0.35647951709428605 0.80743954519858
0.36051992113469006 0.80743954519858
0.36456032517509407 0.80743954519858
0.36860072921549814 0.80743954519858
0.3726411332559022 0.80743954519858
0.3766815372963062 0.80743954519858
0.3807219413367102 0.80743954519858
0.3847623453771143 0.80743954519858
0.38880274941751836 0.80743954519858
0.39284315345792237 0.80743954519858
0.39688355749832643 0.80743954519858
0.40092396153873044 0.80743954519858
0.4049643655791345 0.80743954519858
0.4090047696195385 0.80743954519858
0.4130451736599426 0.80743954519858
0.4170855777003466 0.80743954519858
0.42112598174075067 0.80743954519858
0.42516638578115473 0.80743954519858
0.42920678982155874 0.80743954519858
0.43324719386196275 0.80743954519858
0.4372875979023668 0.80743954519858
0.4413280019427709 0.80743954519858
0.4453684059831749 0.80743954519858
0.4494088100235789 0.80743954519858
0.453449214063983 0.80743954519858
0.45748961810438704 0.80743954519858
0.46153002214479105 0.80743954519858
0.4655704261851951 0.80743954519858
0.46961083022559913 0.80743954519858
0.4736512342660032 0.80743954519858
0.47769163830640726 0.80743954519858
0.4817320423468113 0.80743954519858
0.4857724463872153 0.80743954519858
0.48981285042761935 0.80743954519858
0.4938532544680234 0.80743954519858
0.49789365850842743 0.80743954519858
0.5019340625488314 0.80743954519858
0.5059744665892355 0.80743954519858
0.5100148706296396 0.80743954519858
0.5140552746700435 0.80743954519858
0.5180956787104476 0.80743954519858
0.5221360827508517 0.80743954519858
0.5261764867912557 0.80743954519858
0.5302168908316598 0.80743954519858
0.5342572948720639 0.80743954519858
0.5382976989124678 0.80743954519858
0.5423381029528719 0.80743954519858
0.546378506993276 0.80743954519858
0.5504189110336799 0.80743954519858
0.554459315074084 0.80743954519858
0.558499719114488 0.80743954519858
0.5625401231548921 0.80743954519858
0.5665805271952962 0.80743954519858
0.5706209312357002 0.80743954519858
0.5746613352761042 0.80743954519858
0.5787017393165083 0.80743954519858
0.5827421433569122 0.80743954519858
0.5989037595185285 0.80743954519858
0.6029441635589325 0.80743954519858
0.6069845675993365 0.80743954519858
0.6110249716397406 0.80743954519858
0.6150653756801445 0.80743954519858
0.6191057797205486 0.80743954519858
0.6231461837609527 0.80743954519858
0.6271865878013567 0.80743954519858
0.6312269918417608 0.80743954519858
0.6352673958821649 0.80743954519858
0.6393077999225689 0.80743954519858
0.6433482039629729 0.80743954519858
0.6473886080033769 0.80743954519858
0.6514290120437809 0.80743954519858
0.655469416084185 0.80743954519858
0.659509820124589 0.80743954519858
0.6635502241649931 0.80743954519858
0.6675906282053972 0.80743954519858
0.6716310322458012 0.80743954519858
0.6756714362862052 0.80743954519858
0.6797118403266093 0.80743954519858
0.6837522443670132 0.80743954519858
0.6877926484074173 0.80743954519858
0.6918330524478213 0.80743954519858
0.6958734564882254 0.80743954519858
0.6999138605286295 0.80743954519858
0.29991386052862945 0.811479949238984
0.3039542645690335 0.811479949238984
0.3079946686094375 0.811479949238984
0.31203507264984154 0.811479949238984
0.3160754766902456 0.811479949238984
0.32011588073064967 0.811479949238984
0.3241562847710537 0.811479949238984
0.32819668881145775 0.811479949238984
0.33223709285186176 0.811479949238984
0.3362774968922658 0.811479949238984
0.34031790093266984 0.811479949238984
0.3443583049730739 0.811479949238984
0.3483987090134779 0.811479949238984
0.352439113053882 0.811479949238984
0.35647951709428605 0.811479949238984
0.36051992113469006 0.811479949238984
0.36456032517509407 0.811479949238984
0.36860072921549814 0.811479949238984
0.3726411332559022 0.811479949238984
0.3766815372963062 0.811479949238984
0.3807219413367102 0.811479949238984
0.3847623453771143 0.811479949238984
0.38880274941751836 0.811479949238984
0.39284315345792237 0.811479949238984
0.39688355749832643 0.811479949238984
0.40092396153873044 0.811479949238984
0.4049643655791345 0.811479949238984
0.4090047696195385 0.811479949238984
0.4130451736599426 0.811479949238984
0.4170855777003466 0.811479949238984
0.42112598174075067 0.811479949238984
0.42516638578115473 0.811479949238984
0.42920678982155874 0.811479949238984
0.43324719386196275 0.811479949238984
0.4372875979023668 0.811479949238984
0.4413280019427709 0.811479949238984
0.4453684059831749 0.811479949238984
0.4494088100235789 0.811479949238984
0.453449214063983 0.811479949238984
0.45748961810438704 0.811479949238984
0.46153002214479105 0.811479949238984
0.4655704261851951 0.811479949238984
0.46961083022559913 0.811479949238984
0.4736512342660032 0.811479949238984
0.47769163830640726 0.811479949238984
0.4817320423468113 0.811479949238984
0.4857724463872153 0.811479949238984
0.48981285042761935 0.811479949238984
0.4938532544680234 0.811479949238984
0.49789365850842743 0.811479949238984
0.5019340625488314 0.811479949238984
0.5059744665892355 0.811479949238984
0.5100148706296396 0.811479949238984
0.5140552746700435 0.811479949238984
0.5180956787104476 0.811479949238984
0.5221360827508517 0.811479949238984
0.5261764867912557 0.811479949238984
0.5302168908316598 0.811479949238984
0.5342572948720639 0.811479949238984
0.5382976989124678 0.811479949238984
0.5423381029528719 0.811479949238984
0.546378506993276 0.811479949238984
0.5504189110336799 0.811479949238984
0.554459315074084 0.811479949238984
0.558499719114488 0.811479949238984
0.5625401231548921 0.811479949238984
0.5665805271952962 0.811479949238984
0.5706209312357002 0.811479949238984
0.5746613352761042 0.811479949238984
0.5908229514377203 0.811479949238984
0.5948633554781244 0.811479949238984
0.5989037595185285 0.811479949238984
0.6029441635589325 0.811479949238984
0.6069845675993365 0.811479949238984
0.6110249716397406 0.811479949238984
0.6150653756801445 0.811479949238984
0.6191057797205486 0.811479949238984
0.6231461837609527 0.811479949238984
0.6271865878013567 0.811479949238984
0.6312269918417608 0.811479949238984
0.6352673958821649 0.811479949238984
0.6393077999225689 0.811479949238984
0.6433482039629729 0.811479949238984
0.6473886080033769 0.811479949238984
0.6514290120437809 0.811479949238984
0.655469416084185 0.811479949238984
0.659509820124589 0.811479949238984
0.6635502241649931 0.811479949238984
0.6675906282053972 0.811479949238984
0.6716310322458012 0.811479949238984
0.6756714362862052 0.811479949238984
0.6797118403266093 0.811479949238984
0.6837522443670132 0.811479949238984
0.6877926484074173 0.811479949238984
0.6918330524478213 0.811479949238984
0.6958734564882254 0.811479949238984
0.6999138605286295 0.811479949238984
0.29991386052862945 0.8155203532793881
0.3039542645690335 0.8155203532793881
0.3079946686094375 0.8155203532793881
0.31203507264984154 0.8155203532793881
0.3160754766902456 0.8155203532793881
0.32011588073064967 0.8155203532793881
0.3241562847710537 0.8155203532793881
0.32819668881145775 0.8155203532793881
0.33223709285186176 0.8155203532793881
0.3362774968922658 0.8155203532793881
0.34031790093266984 0.8155203532793881
0.3443583049730739 0.8155203532793881
0.3483987090134779 0.8155203532793881
0.352439113053882 0.8155203532793881
0.35647951709428605 0.8155203532793881
0.36051992113469006 0.8155203532793881
0.36456032517509407 0.8155203532793881
0.36860072921549814 0.8155203532793881
0.3726411332559022 0.8155203532793881
0.3766815372963062 0.8155203532793881
0.3807219413367102 0.8155203532793881
0.3847623453771143 0.8155203532793881
0.38880274941751836 0.8155203532793881
0.39284315345792237 0.8155203532793881
0.39688355749832643 0.8155203532793881
0.40092396153873044 0.8155203532793881
0.4049643655791345 0.8155203532793881
0.4090047696195385 0.8155203532793881
0.4130451736599426 0.8155203532793881
0.4170855777003466 0.8155203532793881
0.42112598174075067 0.8155203532793881
0.42516638578115473 0.8155203532793881
0.42920678982155874 0.8155203532793881
0.43324719386196275 0.8155203532793881
0.4372875979023668 0.8155203532793881
0.4413280019427709 0.8155203532793881
0.4453684059831749 0.8155203532793881
0.4494088100235789 0.8155203532793881
0.453449214063983 0.8155203532793881
0.45748961810438704 0.8155203532793881
0.46153002214479105 0.8155203532793881
0.4655704261851951 0.8155203532793881
0.46961083022559913 0.8155203532793881
0.4736512342660032 0.8155203532793881
0.47769163830640726 0.8155203532793881
0.4817320423468113 0.8155203532793881
0.4857724463872153 0.8155203532793881
0.48981285042761935 0.8155203532793881
0.4938532544680234 0.8155203532793881
0.49789365850842743 0.8155203532793881
0.5019340625488314 0.8155203532793881
0.5059744665892355 0.8155203532793881
0.5100148706296396 0.8155203532793881
0.5140552746700435 0.8155203532793881
0.5180956787104476 0.8155203532793881
0.5221360827508517 0.8155203532793881
0.5261764867912557 0.8155203532793881
0.5302168908316598 0.8155203532793881
0.5342572948720639 0.8155203532793881
0.5382976989124678 0.8155203532793881
0.5423381029528719 0.8155203532793881
0.546378506993276 0.8155203532793881
0.5504189110336799 0.8155203532793881
0.554459315074084 0.8155203532793881
0.558499719114488 0.8155203532793881
0.5625401231548921 0.8155203532793881
0.5665805271952962 0.8155203532793881
0.5706209312357002 0.8155203532793881
0.5867825473973163 0.8155203532793881
0.5908229514377203 0.8155203532793881
0.5948633554781244 0.8155203532793881
0.5989037595185285 0.8155203532793881
0.6029441635589325 0.8155203532793881
0.6069845675993365 0.8155203532793881
0.6110249716397406 0.8155203532793881
0.6150653756801445 0.8155203532793881
0.6191057797205486 0.8155203532793881
0.6231461837609527 0.8155203532793881
0.6271865878013567 0.8155203532793881
0.6312269918417608 0.8155203532793881
0.6352673958821649 0.8155203532793881
0.6393077999225689 0.8155203532793881
0.6433482039629729 0.8155203532793881
0.6473886080033769 0.8155203532793881
0.6514290120437809 0.8155203532793881
0.655469416084185 0.8155203532793881
0.659509820124589 0.8155203532793881
0.6635502241649931 0.8155203532793881
0.6675906282053972 0.8155203532793881
0.6716310322458012 0.8155203532793881
0.6756714362862052 0.8155203532793881
0.6797118403266093 0.8155203532793881
0.6837522443670132 0.8155203532793881
0.6877926484074173 0.8155203532793881
0.6918330524478213 0.8155203532793881
0.6958734564882254 0.8155203532793881
0.6999138605286295 0.8155203532793881
0.29991386052862945 0.819560757319792
0.3039542645690335 0.819560757319792
0.3079946686094375 0.819560757319792
0.31203507264984154 0.819560757319792
0.3160754766902456 0.819560757319792
0.32011588073064967 0.819560757319792
0.3241562847710537 0.819560757319792
0.32819668881145775 0.819560757319792
0.33223709285186176 0.819560757319792
0.3362774968922658 0.819560757319792
0.34031790093266984 0.819560757319792
0.3443583049730739 0.819560757319792
0.3483987090134779 0.819560757319792
0.352439113053882 0.819560757319792
0.35647951709428605 0.819560757319792
0.36051992113469006 0.819560757319792
0.36456032517509407 0.819560757319792
0.36860072921549814 0.819560757319792
0.3726411332559022 0.819560757319792
0.3766815372963062 0.819560757319792
0.3807219413367102 0.819560757319792
0.3847623453771143 0.819560757319792
0.38880274941751836 0.819560757319792
0.39284315345792237 0.819560757319792
0.39688355749832643 0.819560757319792
0.40092396153873044 0.819560757319792
0.4049643655791345 0.819560757319792
0.4090047696195385 0.819560757319792
0.4130451736599426 0.819560757319792
0.4170855777003466 0.819560757319792
0.42112598174075067 0.819560757319792
0.42516638578115473 0.819560757319792
0.42920678982155874 0.819560757319792
0.43324719386196275 0.819560757319792
0.4372875979023668 0.819560757319792
0.4413280019427709 0.819560757319792
0.4453684059831749 0.819560757319792
0.4494088100235789 0.819560757319792
0.453449214063983 0.819560757319792
0.45748961810438704 0.819560757319792
0.46153002214479105 0.819560757319792
0.4655704261851951 0.819560757319792
0.46961083022559913 0.819560757319792
0.4736512342660032 0.819560757319792
0.47769163830640726 0.819560757319792
0.4817320423468113 0.819560757319792
0.4857724463872153 0.819560757319792
0.48981285042761935 0.819560757319792
0.4938532544680234 0.819560757319792
0.49789365850842743 0.819560757319792
0.5019340625488314 0.819560757319792
0.5059744665892355 0.819560757319792
0.5100148706296396 0.819560757319792
0.5140552746700435 0.819560757319792
0.5180956787104476 0.819560757319792
0.5221360827508517 0.819560757319792
0.5261764867912557 0.819560757319792
0.5302168908316598 0.819560757319792
0.5342572948720639 0.819560757319792
0.5382976989124678 0.819560757319792
0.5423381029528719 0.819560757319792
0.546378506993276 0.819560757319792
0.5504189110336799 0.819560757319792
0.554459315074084 0.819560757319792
0.558499719114488 0.819560757319792
0.5625401231548921 0.819560757319792
0.5827421433569122 0.819560757319792
0.5867825473973163 0.819560757319792
0.5908229514377203 0.819560757319792
0.5948633554781244 0.819560757319792
0.5989037595185285 0.819560757319792
0.6029441635589325 0.819560757319792
0.6069845675993365 0.819560757319792
0.6110249716397406 0.819560757319792
0.6150653756801445 0.819560757319792
0.6191057797205486 0.819560757319792
0.6231461837609527 0.819560757319792
0.6271865878013567 0.819560757319792
0.6312269918417608 0.819560757319792
0.6352673958821649 0.819560757319792
0.6393077999225689 0.819560757319792
0.6433482039629729 0.819560757319792
0.6473886080033769 0.819560757319792
0.6514290120437809 0.819560757319792
0.655469416084185 0.819560757319792
0.659509820124589 0.819560757319792
0.6635502241649931 0.819560757319792
0.6675906282053972 0.819560757319792
0.6716310322458012 0.819560757319792
0.6756714362862052 0.819560757319792
0.6797118403266093 0.819560757319792
0.6837522443670132 0.819560757319792
0.6877926484074173 0.819560757319792
0.6918330524478213 0.819560757319792
0.6958734564882254 0.819560757319792
0.6999138605286295 0.819560757319792
0.29991386052862945 0.8236011613601961
0.3039542645690335 0.8236011613601961
0.3079946686094375 0.8236011613601961
0.31203507264984154 0.8236011613601961
0.3160754766902456 0.8236011613601961
0.32011588073064967 0.8236011613601961
0.3241562847710537 0.8236011613601961
0.32819668881145775 0.8236011613601961
0.33223709285186176 0.8236011613601961
0.3362774968922658 0.8236011613601961
0.34031790093266984 0.8236011613601961
0.3443583049730739 0.8236011613601961
0.3483987090134779 0.8236011613601961
0.352439113053882 0.8236011613601961
0.35647951709428605 0.8236011613601961
0.36051992113469006 0.8236011613601961
0.36456032517509407 0.8236011613601961
0.36860072921549814 0.8236011613601961
0.3726411332559022 0.8236011613601961
0.3766815372963062 0.8236011613601961
0.3807219413367102 0.8236011613601961
0.3847623453771143 0.8236011613601961
0.38880274941751836 0.8236011613601961
0.39284315345792237 0.8236011613601961
0.39688355749832643 0.8236011613601961
0.40092396153873044 0.8236011613601961
0.4049643655791345 0.8236011613601961
0.4090047696195385 0.8236011613601961
0.4130451736599426 0.8236011613601961
0.4170855777003466 0.8236011613601961
0.42112598174075067 0.8236011613601961
0.42516638578115473 0.8236011613601961
0.42920678982155874 0.8236011613601961
0.43324719386196275 0.8236011613601961
0.4372875979023668 0.8236011613601961
0.4413280019427709 0.8236011613601961
0.4453684059831749 0.8236011613601961
0.4494088100235789 0.8236011613601961
0.453449214063983 0.8236011613601961
0.45748961810438704 0.8236011613601961
0.46153002214479105 0.8236011613601961
0.4655704261851951 0.8236011613601961
0.46961083022559913 0.8236011613601961
0.4736512342660032 0.8236011613601961
0.47769163830640726 0.8236011613601961
0.4817320423468113 0.8236011613601961
0.4857724463872153 0.8236011613601961
0.48981285042761935 0.8236011613601961
0.4938532544680234 0.8236011613601961
0.49789365850842743 0.8236011613601961
0.5019340625488314 0.8236011613601961
0.5059744665892355 0.8236011613601961
0.5100148706296396 0.8236011613601961
0.5140552746700435 0.8236011613601961
0.5180956787104476 0.8236011613601961
0.5221360827508517 0.8236011613601961
0.5261764867912557 0.8236011613601961
0.5302168908316598 0.8236011613601961
0.5342572948720639 0.8236011613601961
0.5382976989124678 0.8236011613601961
0.5423381029528719 0.8236011613601961
0.546378506993276 0.8236011613601961
0.5504189110336799 0.8236011613601961
0.554459315074084 0.8236011613601961
0.558499719114488 0.8236011613601961
0.5746613352761042 0.8236011613601961
0.5787017393165083 0.8236011613601961
0.5827421433569122 0.8236011613601961
0.5867825473973163 0.8236011613601961
0.5908229514377203 0.8236011613601961
0.5948633554781244 0.8236011613601961
0.5989037595185285 0.8236011613601961
0.6069845675993365 0.8236011613601961
0.6110249716397406 0.8236011613601961
0.6150653756801445 0.8236011613601961
0.6191057797205486 0.8236011613601961
0.6231461837609527 0.8236011613601961
0.6271865878013567 0.8236011613601961
0.6312269918417608 0.8236011613601961
0.6352673958821649 0.8236011613601961
0.6393077999225689 0.8236011613601961
0.6433482039629729 0.8236011613601961
0.6473886080033769 0.8236011613601961
0.6514290120437809 0.8236011613601961
0.655469416084185 0.8236011613601961
0.659509820124589 0.8236011613601961
0.6635502241649931 0.8236011613601961
0.6675906282053972 0.8236011613601961
0.6716310322458012 0.8236011613601961
0.6756714362862052 0.8236011613601961
0.6797118403266093 0.8236011613601961
0.6837522443670132 0.8236011613601961
0.6877926484074173 0.8236011613601961
0.6918330524478213 0.8236011613601961
0.6958734564882254 0.8236011613601961
0.6999138605286295 0.8236011613601961
0.29991386052862945 0.8276415654006002
0.3039542645690335 0.8276415654006002
0.3079946686094375 0.8276415654006002
0.31203507264984154 0.8276415654006002
0.3160754766902456 0.8276415654006002
0.32011588073064967 0.8276415654006002
0.3241562847710537 0.8276415654006002
0.32819668881145775 0.8276415654006002
0.33223709285186176 0.8276415654006002
0.3362774968922658 0.8276415654006002
0.34031790093266984 0.8276415654006002
0.3443583049730739 0.8276415654006002
0.3483987090134779 0.8276415654006002
0.352439113053882 0.8276415654006002
0.35647951709428605 0.8276415654006002
0.36051992113469006 0.8276415654006002
0.36456032517509407 0.8276415654006002
0.36860072921549814 0.8276415654006002
0.3726411332559022 0.8276415654006002
0.3766815372963062 0.8276415654006002
0.3807219413367102 0.8276415654006002
0.3847623453771143 0.8276415654006002
0.38880274941751836 0.8276415654006002
0.39284315345792237 0.8276415654006002
0.39688355749832643 0.8276415654006002
0.40092396153873044 0.8276415654006002
0.4049643655791345 0.8276415654006002
0.4090047696195385 0.8276415654006002
0.4130451736599426 0.8276415654006002
0.4170855777003466 0.8276415654006002
0.42112598174075067 0.8276415654006002
0.42516638578115473 0.8276415654006002
0.42920678982155874 0.8276415654006002
0.43324719386196275 0.8276415654006002
0.4372875979023668 0.8276415654006002
0.4413280019427709 0.8276415654006002
0.4453684059831749 0.8276415654006002
0.4494088100235789 0.8276415654006002
0.453449214063983 0.8276415654006002
0.45748961810438704 0.8276415654006002
0.46153002214479105 0.8276415654006002
0.4655704261851951 0.8276415654006002
0.46961083022559913 0.8276415654006002
0.4736512342660032 0.8276415654006002
0.47769163830640726 0.8276415654006002
0.4817320423468113 0.8276415654006002
0.4857724463872153 0.8276415654006002
0.48981285042761935 0.8276415654006002
0.4938532544680234 0.8276415654006002
0.49789365850842743 0.8276415654006002
0.5019340625488314 0.8276415654006002
0.5059744665892355 0.8276415654006002
0.5100148706296396 0.8276415654006002
0.5140552746700435 0.8276415654006002
0.5180956787104476 0.8276415654006002
0.5221360827508517 0.8276415654006002
0.5261764867912557 0.8276415654006002
0.5302168908316598 0.8276415654006002
0.5342572948720639 0.8276415654006002
0.5382976989124678 0.8276415654006002
0.5423381029528719 0.8276415654006002
0.546378506993276 0.8276415654006002
0.5504189110336799 0.8276415654006002
0.5706209312357002 0.8276415654006002
0.5746613352761042 0.8276415654006002
0.5787017393165083 0.8276415654006002
0.5827421433569122 0.8276415654006002
0.5867825473973163 0.8276415654006002
0.5908229514377203 0.8276415654006002
0.5948633554781244 0.8276415654006002
0.5989037595185285 0.8276415654006002
0.6029441635589325 0.8276415654006002
0.6069845675993365 0.8276415654006002
0.6110249716397406 0.8276415654006002
0.6150653756801445 0.8276415654006002
0.6191057797205486 0.8276415654006002
0.6231461837609527 0.8276415654006002
0.6271865878013567 0.8276415654006002
0.6312269918417608 0.8276415654006002
0.6352673958821649 0.8276415654006002
0.6393077999225689 0.8276415654006002
0.6433482039629729 0.8276415654006002
0.6473886080033769 0.8276415654006002
0.6514290120437809 0.8276415654006002
0.655469416084185 0.8276415654006002
0.659509820124589 0.8276415654006002
0.6635502241649931 0.8276415654006002
0.6675906282053972 0.8276415654006002
0.6716310322458012 0.8276415654006002
0.6756714362862052 0.8276415654006002
0.6797118403266093 0.8276415654006002
0.6837522443670132 0.8276415654006002
0.6877926484074173 0.8276415654006002
0.6918330524478213 0.8276415654006002
0.6958734564882254 0.8276415654006002
0.6999138605286295 0.8276415654006002
0.29991386052862945 0.8316819694410043
0.3039542645690335 0.8316819694410043
0.3079946686094375 0.8316819694410043
0.31203507264984154 0.8316819694410043
0.3160754766902456 0.8316819694410043
0.32011588073064967 0.8316819694410043
0.3241562847710537 0.8316819694410043
0.32819668881145775 0.8316819694410043
0.33223709285186176 0.8316819694410043
0.3362774968922658 0.8316819694410043
0.34031790093266984 0.8316819694410043
0.3443583049730739 0.8316819694410043
0.3483987090134779 0.8316819694410043
0.352439113053882 0.8316819694410043
0.35647951709428605 0.8316819694410043
0.36051992113469006 0.8316819694410043
0.36456032517509407 0.8316819694410043
0.36860072921549814 0.8316819694410043
0.3726411332559022 0.8316819694410043
0.3766815372963062 0.8316819694410043
0.3807219413367102 0.8316819694410043
0.3847623453771143 0.8316819694410043
0.38880274941751836 0.8316819694410043
0.39284315345792237 0.8316819694410043
0.39688355749832643 0.8316819694410043
0.40092396153873044 0.8316819694410043
0.4049643655791345 0.8316819694410043
0.4090047696195385 0.8316819694410043
0.4130451736599426 0.8316819694410043
0.4170855777003466 0.8316819694410043
0.42112598174075067 0.8316819694410043
0.42516638578115473 0.8316819694410043
0.42920678982155874 0.8316819694410043
0.43324719386196275 0.8316819694410043
0.4372875979023668 0.8316819694410043
0.4413280019427709 0.8316819694410043
0.4453684059831749 0.8316819694410043
0.4494088100235789 0.8316819694410043
0.453449214063983 0.8316819694410043
0.45748961810438704 0.8316819694410043
0.46153002214479105 0.8316819694410043
0.4655704261851951 0.8316819694410043
0.46961083022559913 0.8316819694410043
0.4736512342660032 0.8316819694410043
0.47769163830640726 0.8316819694410043
0.4817320423468113 0.8316819694410043
0.4857724463872153 0.8316819694410043
0.48981285042761935 0.8316819694410043
0.4938532544680234 0.8316819694410043
0.49789365850842743 0.8316819694410043
0.5019340625488314 0.8316819694410043
0.5059744665892355 0.8316819694410043
0.5100148706296396 0.8316819694410043
0.5140552746700435 0.8316819694410043
0.5180956787104476 0.8316819694410043
0.5221360827508517 0.8316819694410043
0.5261764867912557 0.8316819694410043
0.5302168908316598 0.8316819694410043
0.5342572948720639 0.8316819694410043
0.5382976989124678 0.8316819694410043
0.5423381029528719 0.8316819694410043
0.546378506993276 0.8316819694410043
0.5625401231548921 0.8316819694410043
0.5665805271952962 0.8316819694410043
0.5706209312357002 0.8316819694410043
0.5746613352761042 0.8316819694410043
0.5787017393165083 0.8316819694410043
0.5827421433569122 0.8316819694410043
0.5867825473973163 0.8316819694410043
0.5908229514377203 0.8316819694410043
0.5948633554781244 0.8316819694410043
0.5989037595185285 0.8316819694410043
0.6029441635589325 0.8316819694410043
0.6069845675993365 0.8316819694410043
0.6110249716397406 0.8316819694410043
0.6150653756801445 0.8316819694410043
0.6191057797205486 0.8316819694410043
0.6231461837609527 0.8316819694410043
0.6271865878013567 0.8316819694410043
0.6312269918417608 0.8316819694410043
0.6352673958821649 0.8316819694410043
0.6393077999225689 0.8316819694410043
0.6433482039629729 0.8316819694410043
0.6473886080033769 0.8316819694410043
0.6514290120437809 0.8316819694410043
0.655469416084185 0.8316819694410043
0.659509820124589 0.8316819694410043
0.6635502241649931 0.8316819694410043
0.6675906282053972 0.8316819694410043
0.6716310322458012 0.8316819694410043
0.6756714362862052 0.8316819694410043
0.6797118403266093 0.8316819694410043
0.6837522443670132 0.8316819694410043
0.6877926484074173 0.8316819694410043
0.6918330524478213 0.8316819694410043
0.6958734564882254 0.8316819694410043
0.6999138605286295 0.8316819694410043
0.29991386052862945 0.8357223734814083
0.3039542645690335 0.8357223734814083
0.3079946686094375 0.8357223734814083
0.31203507264984154 0.8357223734814083
0.3160754766902456 0.8357223734814083
0.32011588073064967 0.8357223734814083
0.3241562847710537 0.8357223734814083
0.32819668881145775 0.8357223734814083
0.33223709285186176 0.8357223734814083
0.3362774968922658 0.8357223734814083
0.34031790093266984 0.8357223734814083
0.3443583049730739 0.8357223734814083
0.3483987090134779 0.8357223734814083
0.352439113053882 0.8357223734814083
0.35647951709428605 0.8357223734814083
0.36051992113469006 0.8357223734814083
0.36456032517509407 0.8357223734814083
0.36860072921549814 0.8357223734814083
0.3726411332559022 0.8357223734814083
0.3766815372963062 0.8357223734814083
0.3807219413367102 0.8357223734814083
0.3847623453771143 0.8357223734814083
0.38880274941751836 0.8357223734814083
0.39284315345792237 0.8357223734814083
0.39688355749832643 0.8357223734814083
0.40092396153873044 0.8357223734814083
0.4049643655791345 0.8357223734814083
0.4090047696195385 0.8357223734814083
0.4130451736599426 0.8357223734814083
0.4170855777003466 0.8357223734814083
0.42112598174075067 0.8357223734814083
0.42516638578115473 0.8357223734814083
0.42920678982155874 0.8357223734814083
0.43324719386196275 0.8357223734814083
0.4372875979023668 0.8357223734814083
0.4413280019427709 0.8357223734814083
0.4453684059831749 0.8357223734814083
0.4494088100235789 0.8357223734814083
0.453449214063983 0.8357223734814083
0.45748961810438704 0.8357223734814083
0.46153002214479105 0.8357223734814083
0.4655704261851951 0.8357223734814083
0.46961083022559913 0.8357223734814083
0.4736512342660032 0.8357223734814083
0.47769163830640726 0.8357223734814083
0.4817320423468113 0.8357223734814083
0.4857724463872153 0.8357223734814083
0.48981285042761935 0.8357223734814083
0.4938532544680234 0.8357223734814083
0.49789365850842743 0.8357223734814083
0.5019340625488314 0.8357223734814083
0.5059744665892355 0.8357223734814083
0.5100148706296396 0.8357223734814083
0.5140552746700435 0.8357223734814083
0.5180956787104476 0.8357223734814083
0.5221360827508517 0.8357223734814083
0.5261764867912557 0.8357223734814083
0.5302168908316598 0.8357223734814083
0.5342572948720639 0.8357223734814083
0.5382976989124678 0.8357223734814083
0.558499719114488 0.8357223734814083
0.5625401231548921 0.8357223734814083
0.5665805271952962 0.8357223734814083
0.5706209312357002 0.8357223734814083
0.5746613352761042 0.8357223734814083
0.5787017393165083 0.8357223734814083
0.5827421433569122 0.8357223734814083
0.5867825473973163 0.8357223734814083
0.5908229514377203 0.8357223734814083
0.5948633554781244 0.8357223734814083
0.5989037595185285 0.8357223734814083
0.6029441635589325 0.8357223734814083
0.6069845675993365 0.8357223734814083
0.6110249716397406 0.8357223734814083
0.6150653756801445 0.8357223734814083
0.6191057797205486 0.8357223734814083
0.6231461837609527 0.8357223734814083
0.6271865878013567 0.8357223734814083
0.6312269918417608 0.8357223734814083
0.6352673958821649 0.8357223734814083
0.6393077999225689 0.8357223734814083
0.6433482039629729 0.8357223734814083
0.6473886080033769 0.8357223734814083
0.6514290120437809 0.8357223734814083
0.655469416084185 0.8357223734814083
0.659509820124589 0.8357223734814083
0.6635502241649931 0.8357223734814083
0.6675906282053972 0.8357223734814083
0.6716310322458012 0.8357223734814083
0.6756714362862052 0.8357223734814083
0.6797118403266093 0.8357223734814083
0.6837522443670132 0.8357223734814083
0.6877926484074173 0.8357223734814083
0.6918330524478213 0.8357223734814083
0.6958734564882254 0.8357223734814083
0.6999138605286295 0.8357223734814083
0.29991386052862945 0.8397627775218124
0.3039542645690335 0.8397627775218124
0.3079946686094375 0.8397627775218124
0.31203507264984154 0.8397627775218124
0.3160754766902456 0.8397627775218124
0.32011588073064967 0.8397627775218124
0.3241562847710537 0.8397627775218124
0.32819668881145775 0.8397627775218124
0.33223709285186176 0.8397627775218124
0.3362774968922658 0.8397627775218124
0.34031790093266984 0.8397627775218124
0.3443583049730739 0.8397627775218124
0.3483987090134779 0.8397627775218124
0.352439113053882 0.8397627775218124
0.35647951709428605 0.8397627775218124
0.36051992113469006 0.8397627775218124
0.36456032517509407 0.8397627775218124
0.36860072921549814 0.8397627775218124
0.3726411332559022 0.8397627775218124
0.3766815372963062 0.8397627775218124
0.3807219413367102 0.8397627775218124
0.3847623453771143 0.8397627775218124
0.38880274941751836 0.8397627775218124
0.39284315345792237 0.8397627775218124
0.39688355749832643 0.8397627775218124
0.40092396153873044 0.8397627775218124
0.4049643655791345 0.8397627775218124
0.4090047696195385 0.8397627775218124
0.4130451736599426 0.8397627775218124
0.4170855777003466 0.8397627775218124
0.42112598174075067 0.8397627775218124
0.42516638578115473 0.8397627775218124
0.42920678982155874 0.8397627775218124
0.43324719386196275 0.8397627775218124
0.4372875979023668 0.8397627775218124
0.4413280019427709 0.8397627775218124
0.4453684059831749 0.8397627775218124
0.4494088100235789 0.8397627775218124
0.453449214063983 0.8397627775218124
0.45748961810438704 0.8397627775218124
0.46153002214479105 0.8397627775218124
0.4655704261851951 0.8397627775218124
0.46961083022559913 0.8397627775218124
0.4736512342660032 0.8397627775218124
0.47769163830640726 0.8397627775218124
0.4817320423468113 0.8397627775218124
0.4857724463872153 0.8397627775218124
0.48981285042761935 0.8397627775218124
0.4938532544680234 0.8397627775218124
0.49789365850842743 0.8397627775218124
0.5019340625488314 0.8397627775218124
0.5059744665892355 0.8397627775218124
0.5100148706296396 0.8397627775218124
0.5140552746700435 0.8397627775218124
0.5180956787104476 0.8397627775218124
0.5221360827508517 0.8397627775218124
0.5261764867912557 0.8397627775218124
0.5302168908316598 0.8397627775218124
0.5342572948720639 0.8397627775218124
0.5504189110336799 0.8397627775218124
0.554459315074084 0.8397627775218124
0.558499719114488 0.8397627775218124
0.5625401231548921 0.8397627775218124
0.5665805271952962 0.8397627775218124
0.5706209312357002 0.8397627775218124
0.5746613352761042 0.8397627775218124
0.5787017393165083 0.8397627775218124
0.5827421433569122 0.8397627775218124
0.5867825473973163 0.8397627775218124
0.5908229514377203 0.8397627775218124
0.5948633554781244 0.8397627775218124
0.5989037595185285 0.8397627775218124
0.6029441635589325 0.8397627775218124
0.6069845675993365 0.8397627775218124
0.6110249716397406 0.8397627775218124
0.6150653756801445 0.8397627775218124
0.6191057797205486 0.8397627775218124
0.6231461837609527 0.8397627775218124
0.6271865878013567 0.8397627775218124
0.6312269918417608 0.8397627775218124
0.6352673958821649 0.8397627775218124
0.6393077999225689 0.8397627775218124
0.6433482039629729 0.8397627775218124
0.6473886080033769 0.8397627775218124
0.6514290120437809 0.8397627775218124
0.655469416084185 0.8397627775218124
0.659509820124589 0.8397627775218124
0.6635502241649931 0.8397627775218124
0.6675906282053972 0.8397627775218124
0.6716310322458012 0.8397627775218124
0.6756714362862052 0.8397627775218124
0.6797118403266093 0.8397627775218124
0.6837522443670132 0.8397627775218124
0.6877926484074173 0.8397627775218124
0.6918330524478213 0.8397627775218124
0.6958734564882254 0.8397627775218124
0.6999138605286295 0.8397627775218124
0.29991386052862945 0.8438031815622163
0.3039542645690335 0.8438031815622163
0.3079946686094375 0.8438031815622163
0.31203507264984154 0.8438031815622163
0.3160754766902456 0.8438031815622163
0.32011588073064967 0.8438031815622163
0.3241562847710537 0.8438031815622163
0.32819668881145775 0.8438031815622163
0.33223709285186176 0.8438031815622163
0.3362774968922658 0.8438031815622163
0.34031790093266984 0.8438031815622163
0.3443583049730739 0.8438031815622163
0.3483987090134779 0.8438031815622163
0.352439113053882 0.8438031815622163
0.35647951709428605 0.8438031815622163
0.36051992113469006 0.8438031815622163
0.36456032517509407 0.8438031815622163
0.36860072921549814 0.8438031815622163
0.3726411332559022 0.8438031815622163
0.3766815372963062 0.8438031815622163
0.3807219413367102 0.8438031815622163
0.3847623453771143 0.8438031815622163
0.38880274941751836 0.8438031815622163
0.39284315345792237 0.8438031815622163
0.39688355749832643 0.8438031815622163
0.40092396153873044 0.8438031815622163
0.4049643655791345 0.8438031815622163
0.4090047696195385 0.8438031815622163
0.4130451736599426 0.8438031815622163
0.4170855777003466 0.8438031815622163
0.42112598174075067 0.8438031815622163
0.42516638578115473 0.8438031815622163
0.42920678982155874 0.8438031815622163
0.43324719386196275 0.8438031815622163
0.4372875979023668 0.8438031815622163
0.4413280019427709 0.8438031815622163
0.4453684059831749 0.8438031815622163
0.4494088100235789 0.8438031815622163
0.453449214063983 0.8438031815622163
0.45748961810438704 0.8438031815622163
0.46153002214479105 0.8438031815622163
0.4655704261851951 0.8438031815622163
0.46961083022559913 0.8438031815622163
0.4736512342660032 0.8438031815622163
0.47769163830640726 0.8438031815622163
0.4817320423468113 0.8438031815622163
0.4857724463872153 0.8438031815622163
0.48981285042761935 0.8438031815622163
0.4938532544680234 0.8438031815622163
0.49789365850842743 0.8438031815622163
0.5019340625488314 0.8438031815622163
0.5059744665892355 0.8438031815622163
0.5100148706296396 0.8438031815622163
0.5140552746700435 0.8438031815622163
0.5180956787104476 0.8438031815622163
0.5221360827508517 0.8438031815622163
0.5261764867912557 0.8438031815622163
0.546378506993276 0.8438031815622163
0.5504189110336799 0.8438031815622163
0.554459315074084 0.8438031815622163
0.558499719114488 0.8438031815622163
0.5625401231548921 0.8438031815622163
0.5665805271952962 0.8438031815622163
0.5706209312357002 0.8438031815622163
0.5746613352761042 0.8438031815622163
0.5787017393165083 0.8438031815622163
0.5827421433569122 0.8438031815622163
0.5867825473973163 0.8438031815622163
0.5908229514377203 0.8438031815622163
0.5948633554781244 0.8438031815622163
0.5989037595185285 0.8438031815622163
0.6029441635589325 0.8438031815622163
0.6069845675993365 0.8438031815622163
0.6110249716397406 0.8438031815622163
0.6150653756801445 0.8438031815622163
0.6191057797205486 0.8438031815622163
0.6231461837609527 0.8438031815622163
0.6271865878013567 0.8438031815622163
0.6312269918417608 0.8438031815622163
0.6352673958821649 0.8438031815622163
0.6393077999225689 0.8438031815622163
0.6433482039629729 0.8438031815622163
0.6473886080033769 0.8438031815622163
0.6514290120437809 0.8438031815622163
0.655469416084185 0.8438031815622163
0.659509820124589 0.8438031815622163
0.6635502241649931 0.8438031815622163
0.6675906282053972 0.8438031815622163
0.6716310322458012 0.8438031815622163
0.6756714362862052 0.8438031815622163
0.6797118403266093 0.8438031815622163
0.6837522443670132 0.8438031815622163
0.6877926484074173 0.8438031815622163
0.6918330524478213 0.8438031815622163
0.6958734564882254 0.8438031815622163
0.6999138605286295 0.8438031815622163
0.29991386052862945 0.8478435856026204
0.3039542645690335 0.8478435856026204
0.3079946686094375 0.8478435856026204
0.31203507264984154 0.8478435856026204
0.3160754766902456 0.8478435856026204
0.32011588073064967 0.8478435856026204
0.3241562847710537 0.8478435856026204
0.32819668881145775 0.8478435856026204
0.33223709285186176 0.8478435856026204
0.3362774968922658 0.8478435856026204
0.34031790093266984 0.8478435856026204
0.3443583049730739 0.8478435856026204
0.3483987090134779 0.8478435856026204
0.352439113053882 0.8478435856026204
0.35647951709428605 0.8478435856026204
0.36051992113469006 0.8478435856026204
0.36456032517509407 0.8478435856026204
0.36860072921549814 0.8478435856026204
0.3726411332559022 0.8478435856026204
0.3766815372963062 0.8478435856026204
0.3807219413367102 0.8478435856026204
0.3847623453771143 0.8478435856026204
0.38880274941751836 0.8478435856026204
0.39284315345792237 0.8478435856026204
0.39688355749832643 0.8478435856026204
0.40092396153873044 0.8478435856026204
0.4049643655791345 0.8478435856026204
0.4090047696195385 0.8478435856026204
0.4130451736599426 0.8478435856026204
0.4170855777003466 0.8478435856026204
0.42112598174075067 0.8478435856026204
0.42516638578115473 0.8478435856026204
0.42920678982155874 0.8478435856026204
0.43324719386196275 0.8478435856026204
0.4372875979023668 0.8478435856026204
0.4413280019427709 0.8478435856026204
0.4453684059831749 0.8478435856026204
0.4494088100235789 0.8478435856026204
0.453449214063983 0.8478435856026204
0.45748961810438704 0.8478435856026204
0.46153002214479105 0.8478435856026204
0.4655704261851951 0.8478435856026204
0.46961083022559913 0.8478435856026204
0.4736512342660032 0.8478435856026204
0.47769163830640726 0.8478435856026204
0.4817320423468113 0.8478435856026204
0.4857724463872153 0.8478435856026204
0.48981285042761935 0.8478435856026204
0.4938532544680234 0.8478435856026204
0.49789365850842743 0.8478435856026204
0.5019340625488314 0.8478435856026204
0.5059744665892355 0.8478435856026204
0.5100148706296396 0.8478435856026204
0.5140552746700435 0.8478435856026204
0.5180956787104476 0.8478435856026204
0.5221360827508517 0.8478435856026204
0.5382976989124678 0.8478435856026204
0.5423381029528719 0.8478435856026204
0.546378506993276 0.8478435856026204
0.5504189110336799 0.8478435856026204
0.554459315074084 0.8478435856026204
0.558499719114488 0.8478435856026204
0.5625401231548921 0.8478435856026204
0.5665805271952962 0.8478435856026204
0.5706209312357002 0.8478435856026204
0.5746613352761042 0.8478435856026204
0.5787017393165083 0.8478435856026204
0.5827421433569122 0.8478435856026204
0.5867825473973163 0.8478435856026204
0.5908229514377203 0.8478435856026204
0.5948633554781244 0.8478435856026204
0.5989037595185285 0.8478435856026204
0.6029441635589325 0.8478435856026204
0.6069845675993365 0.8478435856026204
0.6110249716397406 0.8478435856026204
0.6150653756801445 0.8478435856026204
0.6191057797205486 0.8478435856026204
0.6231461837609527 0.8478435856026204
0.6271865878013567 0.8478435856026204
0.6312269918417608 0.8478435856026204
0.6352673958821649 0.8478435856026204
0.6393077999225689 0.8478435856026204
0.6433482039629729 0.8478435856026204
0.6473886080033769 0.8478435856026204
0.6514290120437809 0.8478435856026204
0.655469416084185 0.8478435856026204
0.659509820124589 0.8478435856026204
0.6635502241649931 0.8478435856026204
0.6675906282053972 0.8478435856026204
0.6716310322458012 0.8478435856026204
0.6756714362862052 0.8478435856026204
0.6797118403266093 0.8478435856026204
0.6837522443670132 0.8478435856026204
0.6877926484074173 0.8478435856026204
0.6918330524478213 0.8478435856026204
0.6958734564882254 0.8478435856026204
0.6999138605286295 0.8478435856026204
0.29991386052862945 0.8518839896430245
0.3039542645690335 0.8518839896430245
0.3079946686094375 0.8518839896430245
0.31203507264984154 0.8518839896430245
0.3160754766902456 0.8518839896430245
0.32011588073064967 0.8518839896430245
0.3241562847710537 0.8518839896430245
0.32819668881145775 0.8518839896430245
0.33223709285186176 0.8518839896430245
0.3362774968922658 0.8518839896430245
0.34031790093266984 0.8518839896430245
0.3443583049730739 0.8518839896430245
0.3483987090134779 0.8518839896430245
0.352439113053882 0.8518839896430245
0.35647951709428605 0.8518839896430245
0.36051992113469006 0.8518839896430245
0.36456032517509407 0.8518839896430245
0.36860072921549814 0.8518839896430245
0.3726411332559022 0.8518839896430245
0.3766815372963062 0.8518839896430245
0.3807219413367102 0.8518839896430245
0.3847623453771143 0.8518839896430245
0.38880274941751836 0.8518839896430245
0.39284315345792237 0.8518839896430245
0.39688355749832643 0.8518839896430245
0.40092396153873044 0.8518839896430245
0.4049643655791345 0.8518839896430245
0.4090047696195385 0.8518839896430245
0.4130451736599426 0.8518839896430245
0.4170855777003466 0.8518839896430245
0.42112598174075067 0.8518839896430245
0.42516638578115473 0.8518839896430245
0.42920678982155874 0.8518839896430245
0.43324719386196275 0.8518839896430245
0.4372875979023668 0.8518839896430245
0.4413280019427709 0.8518839896430245
0.4453684059831749 0.8518839896430245
0.4494088100235789 0.8518839896430245
0.453449214063983 0.8518839896430245
0.45748961810438704 0.8518839896430245
0.46153002214479105 0.8518839896430245
0.4655704261851951 0.8518839896430245
0.46961083022559913 0.8518839896430245
0.4736512342660032 0.8518839896430245
0.47769163830640726 0.8518839896430245
0.4817320423468113 0.8518839896430245
0.4857724463872153 0.8518839896430245
0.48981285042761935 0.8518839896430245
0.4938532544680234 0.8518839896430245
0.49789365850842743 0.8518839896430245
0.5019340625488314 0.8518839896430245
0.5059744665892355 0.8518839896430245
0.5100148706296396 0.8518839896430245
0.5140552746700435 0.8518839896430245
0.5342572948720639 0.8518839896430245
0.5382976989124678 0.8518839896430245
0.5423381029528719 0.8518839896430245
0.546378506993276 0.8518839896430245
0.5504189110336799 0.8518839896430245
0.554459315074084 0.8518839896430245
0.558499719114488 0.8518839896430245
0.5625401231548921 0.8518839896430245
0.5665805271952962 0.8518839896430245
0.5706209312357002 0.8518839896430245
0.5746613352761042 0.8518839896430245
0.5787017393165083 0.8518839896430245
0.5827421433569122 0.8518839896430245
0.5867825473973163 0.8518839896430245
0.5908229514377203 0.8518839896430245
0.5948633554781244 0.8518839896430245
0.5989037595185285 0.8518839896430245
0.6029441635589325 0.8518839896430245
0.6069845675993365 0.8518839896430245
0.6110249716397406 0.8518839896430245
0.6150653756801445 0.8518839896430245
0.6191057797205486 0.8518839896430245
0.6231461837609527 0.8518839896430245
0.6271865878013567 0.8518839896430245
0.6312269918417608 0.8518839896430245
0.6352673958821649 0.8518839896430245
0.6393077999225689 0.8518839896430245
0.6433482039629729 0.8518839896430245
0.6473886080033769 0.8518839896430245
0.6514290120437809 0.8518839896430245
0.655469416084185 0.8518839896430245
0.659509820124589 0.8518839896430245
0.6635502241649931 0.8518839896430245
0.6675906282053972 0.8518839896430245
0.6716310322458012 0.8518839896430245
0.6756714362862052 0.8518839896430245
0.6797118403266093 0.8518839896430245
0.6837522443670132 0.8518839896430245
0.6877926484074173 0.8518839896430245
0.6918330524478213 0.8518839896430245
0.6958734564882254 0.8518839896430245
0.6999138605286295 0.8518839896430245
0.29991386052862945 0.8559243936834284
0.3039542645690335 0.8559243936834284
0.3079946686094375 0.8559243936834284
0.31203507264984154 0.8559243936834284
0.3160754766902456 0.8559243936834284
0.32011588073064967 0.8559243936834284
0.3241562847710537 0.8559243936834284
0.32819668881145775 0.8559243936834284
0.33223709285186176 0.8559243936834284
0.3362774968922658 0.8559243936834284
0.34031790093266984 0.8559243936834284
0.3443583049730739 0.8559243936834284
0.3483987090134779 0.8559243936834284
0.352439113053882 0.8559243936834284
0.35647951709428605 0.8559243936834284
0.36051992113469006 0.8559243936834284
0.36456032517509407 0.8559243936834284
0.36860072921549814 0.8559243936834284
0.3726411332559022 0.8559243936834284
0.3766815372963062 0.8559243936834284
0.3807219413367102 0.8559243936834284
0.3847623453771143 0.8559243936834284
0.38880274941751836 0.8559243936834284
0.39284315345792237 0.8559243936834284
0.39688355749832643 0.8559243936834284
0.40092396153873044 0.8559243936834284
0.4049643655791345 0.8559243936834284
0.4090047696195385 0.8559243936834284
0.4130451736599426 0.8559243936834284
0.4170855777003466 0.8559243936834284
0.42112598174075067 0.8559243936834284
0.42516638578115473 0.8559243936834284
0.42920678982155874 0.8559243936834284
0.43324719386196275 0.8559243936834284
0.4372875979023668 0.8559243936834284
0.4413280019427709 0.8559243936834284
0.4453684059831749 0.8559243936834284
0.4494088100235789 0.8559243936834284
0.453449214063983 0.8559243936834284
0.45748961810438704 0.8559243936834284
0.46153002214479105 0.8559243936834284
0.4655704261851951 0.8559243936834284
0.46961083022559913 0.8559243936834284
0.4736512342660032 0.8559243936834284
0.47769163830640726 0.8559243936834284
0.4817320423468113 0.8559243936834284
0.4857724463872153 0.8559243936834284
0.48981285042761935 0.8559243936834284
0.4938532544680234 0.8559243936834284
0.49789365850842743 0.8559243936834284
0.5019340625488314 0.8559243936834284
0.5059744665892355 0.8559243936834284
0.5261764867912557 0.8559243936834284
0.5302168908316598 0.8559243936834284
0.5342572948720639 0.8559243936834284
0.5382976989124678 0.8559243936834284
0.5423381029528719 0.8559243936834284
0.546378506993276 0.8559243936834284
0.5504189110336799 0.8559243936834284
0.554459315074084 0.8559243936834284
0.558499719114488 0.8559243936834284
0.5625401231548921 0.8559243936834284
0.5665805271952962 0.8559243936834284
0.5706209312357002 0.8559243936834284
0.5746613352761042 0.8559243936834284
0.5787017393165083 0.8559243936834284
0.5827421433569122 0.8559243936834284
0.5867825473973163 0.8559243936834284
0.5908229514377203 0.8559243936834284
0.5948633554781244 0.8559243936834284
0.5989037595185285 0.8559243936834284
0.6029441635589325 0.8559243936834284
0.6069845675993365 0.8559243936834284
0.6110249716397406 0.8559243936834284
0.6150653756801445 0.8559243936834284
0.6191057797205486 0.8559243936834284
0.6231461837609527 0.8559243936834284
0.6271865878013567 0.8559243936834284
0.6312269918417608 0.8559243936834284
0.6352673958821649 0.8559243936834284
0.6393077999225689 0.8559243936834284
0.6433482039629729 0.8559243936834284
0.6473886080033769 0.8559243936834284
0.6514290120437809 0.8559243936834284
0.655469416084185 0.8559243936834284
0.659509820124589 0.8559243936834284
0.6635502241649931 0.8559243936834284
0.6675906282053972 0.8559243936834284
0.6716310322458012 0.8559243936834284
0.6756714362862052 0.8559243936834284
0.6797118403266093 0.8559243936834284
0.6837522443670132 0.8559243936834284
0.6877926484074173 0.8559243936834284
0.6918330524478213 0.8559243936834284
0.6958734564882254 0.8559243936834284
0.6999138605286295 0.8559243936834284
0.29991386052862945 0.8599647977238325
0.3039542645690335 0.8599647977238325
0.3079946686094375 0.8599647977238325
0.31203507264984154 0.8599647977238325
0.3160754766902456 0.8599647977238325
0.32011588073064967 0.8599647977238325
0.3241562847710537 0.8599647977238325
0.32819668881145775 0.8599647977238325
0.33223709285186176 0.8599647977238325
0.3362774968922658 0.8599647977238325
0.34031790093266984 0.8599647977238325
0.3443583049730739 0.8599647977238325
0.3483987090134779 0.8599647977238325
0.352439113053882 0.8599647977238325
0.35647951709428605 0.8599647977238325
0.36051992113469006 0.8599647977238325
0.36456032517509407 0.8599647977238325
0.36860072921549814 0.8599647977238325
0.3726411332559022 0.8599647977238325
0.3766815372963062 0.8599647977238325
0.3807219413367102 0.8599647977238325
0.3847623453771143 0.8599647977238325
0.38880274941751836 0.8599647977238325
0.39284315345792237 0.8599647977238325
0.39688355749832643 0.8599647977238325
0.40092396153873044 0.8599647977238325
0.4049643655791345 0.8599647977238325
0.4090047696195385 0.8599647977238325
0.4130451736599426 0.8599647977238325
0.4170855777003466 0.8599647977238325
0.42112598174075067 0.8599647977238325
0.42516638578115473 0.8599647977238325
0.42920678982155874 0.8599647977238325
0.43324719386196275 0.8599647977238325
0.4372875979023668 0.8599647977238325
0.4413280019427709 0.8599647977238325
0.4453684059831749 0.8599647977238325
0.4494088100235789 0.8599647977238325
0.453449214063983 0.8599647977238325
0.45748961810438704 0.8599647977238325
0.46153002214479105 0.8599647977238325
0.4655704261851951 0.8599647977238325
0.46961083022559913 0.8599647977238325
0.4736512342660032 0.8599647977238325
0.47769163830640726 0.8599647977238325
0.4817320423468113 0.8599647977238325
0.4857724463872153 0.8599647977238325
0.48981285042761935 0.8599647977238325
0.4938532544680234 0.8599647977238325
0.49789365850842743 0.8599647977238325
0.5019340625488314 0.8599647977238325
0.5180956787104476 0.8599647977238325
0.5221360827508517 0.8599647977238325
0.5261764867912557 0.8599647977238325
0.5342572948720639 0.8599647977238325
0.5382976989124678 0.8599647977238325
0.5423381029528719 0.8599647977238325
0.546378506993276 0.8599647977238325
0.5504189110336799 0.8599647977238325
0.554459315074084 0.8599647977238325
0.558499719114488 0.8599647977238325
0.5625401231548921 0.8599647977238325
0.5665805271952962 0.8599647977238325
0.5706209312357002 0.8599647977238325
0.5746613352761042 0.8599647977238325
0.5787017393165083 0.8599647977238325
0.5827421433569122 0.8599647977238325
0.5867825473973163 0.8599647977238325
0.5908229514377203 0.8599647977238325
0.5948633554781244 0.8599647977238325
0.5989037595185285 0.8599647977238325
0.6029441635589325 0.8599647977238325
0.6069845675993365 0.8599647977238325
0.6110249716397406 0.8599647977238325
0.6150653756801445 0.8599647977238325
0.6191057797205486 0.8599647977238325
0.6231461837609527 0.8599647977238325
0.6271865878013567 0.8599647977238325
0.6312269918417608 0.8599647977238325
0.6352673958821649 0.8599647977238325
0.6393077999225689 0.8599647977238325
0.6433482039629729 0.8599647977238325
0.6473886080033769 0.8599647977238325
0.6514290120437809 0.8599647977238325
0.655469416084185 0.8599647977238325
0.659509820124589 0.8599647977238325
0.6635502241649931 0.8599647977238325
0.6675906282053972 0.8599647977238325
0.6716310322458012 0.8599647977238325
0.6756714362862052 0.8599647977238325
0.6797118403266093 0.8599647977238325
0.6837522443670132 0.8599647977238325
0.6877926484074173 0.8599647977238325
0.6918330524478213 0.8599647977238325
0.6958734564882254 0.8599647977238325
0.6999138605286295 0.8599647977238325
0.29991386052862945 0.8640052017642366
0.3039542645690335 0.8640052017642366
0.3079946686094375 0.8640052017642366
0.31203507264984154 0.8640052017642366
0.3160754766902456 0.8640052017642366
0.32011588073064967 0.8640052017642366
0.3241562847710537 0.8640052017642366
0.32819668881145775 0.8640052017642366
0.33223709285186176 0.8640052017642366
0.3362774968922658 0.8640052017642366
0.34031790093266984 0.8640052017642366
0.3443583049730739 0.8640052017642366
0.3483987090134779 0.8640052017642366
0.352439113053882 0.8640052017642366
0.35647951709428605 0.8640052017642366
0.36051992113469006 0.8640052017642366
0.36456032517509407 0.8640052017642366
0.36860072921549814 0.8640052017642366
0.3726411332559022 0.8640052017642366
0.3766815372963062 0.8640052017642366
0.3807219413367102 0.8640052017642366
0.3847623453771143 0.8640052017642366
0.38880274941751836 0.8640052017642366
0.39284315345792237 0.8640052017642366
0.39688355749832643 0.8640052017642366
0.40092396153873044 0.8640052017642366
0.4049643655791345 0.8640052017642366
0.4090047696195385 0.8640052017642366
0.4130451736599426 0.8640052017642366
0.4170855777003466 0.8640052017642366
0.42112598174075067 0.8640052017642366
0.42516638578115473 0.8640052017642366
0.42920678982155874 0.8640052017642366
0.43324719386196275 0.8640052017642366
0.4372875979023668 0.8640052017642366
0.4413280019427709 0.8640052017642366
0.4453684059831749 0.8640052017642366
0.4494088100235789 0.8640052017642366
0.453449214063983 0.8640052017642366
0.45748961810438704 0.8640052017642366
0.46153002214479105 0.8640052017642366
0.4655704261851951 0.8640052017642366
0.46961083022559913 0.8640052017642366
0.4736512342660032 0.8640052017642366
0.47769163830640726 0.8640052017642366
0.4817320423468113 0.8640052017642366
0.4857724463872153 0.8640052017642366
0.48981285042761935 0.8640052017642366
0.4938532544680234 0.8640052017642366
0.5140552746700435 0.8640052017642366
0.5180956787104476 0.8640052017642366
0.5221360827508517 0.8640052017642366
0.5261764867912557 0.8640052017642366
0.5302168908316598 0.8640052017642366
0.5342572948720639 0.8640052017642366
0.5382976989124678 0.8640052017642366
0.5423381029528719 0.8640052017642366
0.546378506993276 0.8640052017642366
0.5504189110336799 0.8640052017642366
0.554459315074084 0.8640052017642366
0.558499719114488 0.8640052017642366
0.5625401231548921 0.8640052017642366
0.5665805271952962 0.8640052017642366
0.5706209312357002 0.8640052017642366
0.5746613352761042 0.8640052017642366
0.5787017393165083 0.8640052017642366
0.5827421433569122 0.8640052017642366
0.5867825473973163 0.8640052017642366
0.5908229514377203 0.8640052017642366
0.5948633554781244 0.8640052017642366
0.5989037595185285 0.8640052017642366
0.6029441635589325 0.8640052017642366
0.6069845675993365 0.8640052017642366
0.6110249716397406 0.8640052017642366
0.6150653756801445 0.8640052017642366
0.6191057797205486 0.8640052017642366
0.6231461837609527 0.8640052017642366
0.6271865878013567 0.8640052017642366
0.6312269918417608 0.8640052017642366
0.6352673958821649 0.8640052017642366
0.6393077999225689 0.8640052017642366
0.6433482039629729 0.8640052017642366
0.6473886080033769 0.8640052017642366
0.6514290120437809 0.8640052017642366
0.655469416084185 0.8640052017642366
0.659509820124589 0.8640052017642366
0.6635502241649931 0.8640052017642366
0.6675906282053972 0.8640052017642366
0.6716310322458012 0.8640052017642366
0.6756714362862052 0.8640052017642366
0.6797118403266093 0.8640052017642366
0.6837522443670132 0.8640052017642366
0.6877926484074173 0.8640052017642366
0.6918330524478213 0.8640052017642366
0.6958734564882254 0.8640052017642366
0.6999138605286295 0.8640052017642366
0.29991386052862945 0.8680456058046406
0.3039542645690335 0.8680456058046406
0.3079946686094375 0.8680456058046406
0.31203507264984154 0.8680456058046406
0.3160754766902456 0.8680456058046406
0.32011588073064967 0.8680456058046406
0.3241562847710537 0.8680456058046406
0.32819668881145775 0.8680456058046406
0.33223709285186176 0.8680456058046406
0.3362774968922658 0.8680456058046406
0.34031790093266984 0.8680456058046406
0.3443583049730739 0.8680456058046406
0.3483987090134779 0.8680456058046406
0.352439113053882 0.8680456058046406
0.35647951709428605 0.8680456058046406
0.36051992113469006 0.8680456058046406
0.36456032517509407 0.8680456058046406
0.36860072921549814 0.8680456058046406
0.3726411332559022 0.8680456058046406
0.3766815372963062 0.8680456058046406
0.3807219413367102 0.8680456058046406
0.3847623453771143 0.8680456058046406
0.38880274941751836 0.8680456058046406
0.39284315345792237 0.8680456058046406
0.39688355749832643 0.8680456058046406
0.40092396153873044 0.8680456058046406
0.4049643655791345 0.8680456058046406
0.4090047696195385 0.8680456058046406
0.4130451736599426 0.8680456058046406
0.4170855777003466 0.8680456058046406
0.42112598174075067 0.8680456058046406
0.42516638578115473 0.8680456058046406
0.42920678982155874 0.8680456058046406
0.43324719386196275 0.8680456058046406
0.4372875979023668 0.8680456058046406
0.4413280019427709 0.8680456058046406
0.4453684059831749 0.8680456058046406
0.4494088100235789 0.8680456058046406
0.453449214063983 0.8680456058046406
0.45748961810438704 0.8680456058046406
0.46153002214479105 0.8680456058046406
0.4655704261851951 0.8680456058046406
0.46961083022559913 0.8680456058046406
0.4736512342660032 0.8680456058046406
0.47769163830640726 0.8680456058046406
0.4817320423468113 0.8680456058046406
0.4857724463872153 0.8680456058046406
0.5059744665892355 0.8680456058046406
0.5100148706296396 0.8680456058046406
0.5140552746700435 0.8680456058046406
0.5180956787104476 0.8680456058046406
0.5221360827508517 0.8680456058046406
0.5261764867912557 0.8680456058046406
0.5302168908316598 0.8680456058046406
0.5342572948720639 0.8680456058046406
0.5382976989124678 0.8680456058046406
0.5423381029528719 0.8680456058046406
0.546378506993276 0.8680456058046406
0.5504189110336799 0.8680456058046406
0.554459315074084 0.8680456058046406
0.558499719114488 0.8680456058046406
0.5625401231548921 0.8680456058046406
0.5665805271952962 0.8680456058046406
0.5706209312357002 0.8680456058046406
0.5746613352761042 0.8680456058046406
0.5787017393165083 0.8680456058046406
0.5827421433569122 0.8680456058046406
0.5867825473973163 0.8680456058046406
0.5908229514377203 0.8680456058046406
0.5948633554781244 0.8680456058046406
0.5989037595185285 0.8680456058046406
0.6029441635589325 0.8680456058046406
0.6069845675993365 0.8680456058046406
0.6110249716397406 0.8680456058046406
0.6150653756801445 0.8680456058046406
0.6191057797205486 0.8680456058046406
0.6231461837609527 0.8680456058046406
0.6271865878013567 0.8680456058046406
0.6312269918417608 0.8680456058046406
0.6352673958821649 0.8680456058046406
0.6393077999225689 0.8680456058046406
0.6433482039629729 0.8680456058046406
0.6473886080033769 0.8680456058046406
0.6514290120437809 0.8680456058046406
0.655469416084185 0.8680456058046406
0.659509820124589 0.8680456058046406
0.6635502241649931 0.8680456058046406
0.6675906282053972 0.8680456058046406
0.6716310322458012 0.8680456058046406
0.6756714362862052 0.8680456058046406
0.6797118403266093 0.8680456058046406
0.6837522443670132 0.8680456058046406
0.6877926484074173 0.8680456058046406
0.6918330524478213 0.8680456058046406
0.6958734564882254 0.8680456058046406
0.6999138605286295 0.8680456058046406
0.29991386052862945 0.8720860098450447
0.3039542645690335 0.8720860098450447
0.3079946686094375 0.8720860098450447
0.31203507264984154 0.8720860098450447
0.3160754766902456 0.8720860098450447
0.32011588073064967 0.8720860098450447
0.3241562847710537 0.8720860098450447
0.32819668881145775 0.8720860098450447
0.33223709285186176 0.8720860098450447
0.3362774968922658 0.8720860098450447
0.34031790093266984 0.8720860098450447
0.3443583049730739 0.8720860098450447
0.3483987090134779 0.8720860098450447
0.352439113053882 0.8720860098450447
0.35647951709428605 0.8720860098450447
0.36051992113469006 0.8720860098450447
0.36456032517509407 0.8720860098450447
0.36860072921549814 0.8720860098450447
0.3726411332559022 0.8720860098450447
0.3766815372963062 0.8720860098450447
0.3807219413367102 0.8720860098450447
0.3847623453771143 0.8720860098450447
0.38880274941751836 0.8720860098450447
0.39284315345792237 0.8720860098450447
0.39688355749832643 0.8720860098450447
0.40092396153873044 0.8720860098450447
0.4049643655791345 0.8720860098450447
0.4090047696195385 0.8720860098450447
0.4130451736599426 0.8720860098450447
0.4170855777003466 0.8720860098450447
0.42112598174075067 0.8720860098450447
0.42516638578115473 0.8720860098450447
0.42920678982155874 0.8720860098450447
0.43324719386196275 0.8720860098450447
0.4372875979023668 0.8720860098450447
0.4413280019427709 0.8720860098450447
0.4453684059831749 0.8720860098450447
0.4494088100235789 0.8720860098450447
0.453449214063983 0.8720860098450447
0.45748961810438704 0.8720860098450447
0.46153002214479105 0.8720860098450447
0.4655704261851951 0.8720860098450447
0.46961083022559913 0.8720860098450447
0.4736512342660032 0.8720860098450447
0.47769163830640726 0.8720860098450447
0.49789365850842743 0.8720860098450447
0.5019340625488314 0.8720860098450447
0.5059744665892355 0.8720860098450447
0.5100148706296396 0.8720860098450447
0.5140552746700435 0.8720860098450447
0.5180956787104476 0.8720860098450447
0.5221360827508517 0.8720860098450447
0.5261764867912557 0.8720860098450447
0.5302168908316598 0.8720860098450447
0.5382976989124678 0.8720860098450447
0.5423381029528719 0.8720860098450447
0.546378506993276 0.8720860098450447
0.5504189110336799 0.8720860098450447
0.554459315074084 0.8720860098450447
0.558499719114488 0.8720860098450447
0.5625401231548921 0.8720860098450447
0.5665805271952962 0.8720860098450447
0.5706209312357002 0.8720860098450447
0.5746613352761042 0.8720860098450447
0.5787017393165083 0.8720860098450447
0.5827421433569122 0.8720860098450447
0.5867825473973163 0.8720860098450447
0.5908229514377203 0.8720860098450447
0.5948633554781244 0.8720860098450447
0.5989037595185285 0.8720860098450447
0.6029441635589325 0.8720860098450447
0.6069845675993365 0.8720860098450447
0.6110249716397406 0.8720860098450447
0.6150653756801445 0.8720860098450447
0.6191057797205486 0.8720860098450447
0.6231461837609527 0.8720860098450447
0.6271865878013567 0.8720860098450447
0.6312269918417608 0.8720860098450447
0.6352673958821649 0.8720860098450447
0.6393077999225689 0.8720860098450447
0.6433482039629729 0.8720860098450447
0.6473886080033769 0.8720860098450447
0.6514290120437809 0.8720860098450447
0.655469416084185 0.8720860098450447
0.659509820124589 0.8720860098450447
0.6635502241649931 0.8720860098450447
0.6675906282053972 0.8720860098450447
0.6716310322458012 0.8720860098450447
0.6756714362862052 0.8720860098450447
0.6797118403266093 0.8720860098450447
0.6837522443670132 0.8720860098450447
0.6877926484074173 0.8720860098450447
0.6918330524478213 0.8720860098450447
0.6958734564882254 0.8720860098450447
0.6999138605286295 0.8720860098450447
0.29991386052862945 0.8761264138854487
0.3039542645690335 0.8761264138854487
0.3079946686094375 0.8761264138854487
0.31203507264984154 0.8761264138854487
0.3160754766902456 0.8761264138854487
0.32011588073064967 0.8761264138854487
0.3241562847710537 0.8761264138854487
0.32819668881145775 0.8761264138854487
0.33223709285186176 0.8761264138854487
0.3362774968922658 0.8761264138854487
0.34031790093266984 0.8761264138854487
0.3443583049730739 0.8761264138854487
0.3483987090134779 0.8761264138854487
0.352439113053882 0.8761264138854487
0.35647951709428605 0.8761264138854487
0.36051992113469006 0.8761264138854487
0.36456032517509407 0.8761264138854487
0.36860072921549814 0.8761264138854487
0.3726411332559022 0.8761264138854487
0.3766815372963062 0.8761264138854487
0.3807219413367102 0.8761264138854487
0.3847623453771143 0.8761264138854487
0.38880274941751836 0.8761264138854487
0.39284315345792237 0.8761264138854487
0.39688355749832643 0.8761264138854487
0.40092396153873044 0.8761264138854487
0.4049643655791345 0.8761264138854487
0.4090047696195385 0.8761264138854487
0.4130451736599426 0.8761264138854487
0.4170855777003466 0.8761264138854487
0.42112598174075067 0.8761264138854487
0.42516638578115473 0.8761264138854487
0.42920678982155874 0.8761264138854487
0.43324719386196275 0.8761264138854487
0.4372875979023668 0.8761264138854487
0.4413280019427709 0.8761264138854487
0.4453684059831749 0.8761264138854487
0.4494088100235789 0.8761264138854487
0.453449214063983 0.8761264138854487
0.45748961810438704 0.8761264138854487
0.46153002214479105 0.8761264138854487
0.4655704261851951 0.8761264138854487
0.46961083022559913 0.8761264138854487
0.4736512342660032 0.8761264138854487
0.48981285042761935 0.8761264138854487
0.4938532544680234 0.8761264138854487
0.49789365850842743 0.8761264138854487
0.5019340625488314 0.8761264138854487
0.5059744665892355 0.8761264138854487
0.5100148706296396 0.8761264138854487
0.5140552746700435 0.8761264138854487
0.5180956787104476 0.8761264138854487
0.5221360827508517 0.8761264138854487
0.5261764867912557 0.8761264138854487
0.5342572948720639 0.8761264138854487
0.5382976989124678 0.8761264138854487
0.5423381029528719 0.8761264138854487
0.546378506993276 0.8761264138854487
0.5504189110336799 0.8761264138854487
0.554459315074084 0.8761264138854487
0.558499719114488 0.8761264138854487
0.5625401231548921 0.8761264138854487
0.5665805271952962 0.8761264138854487
0.5706209312357002 0.8761264138854487
0.5746613352761042 0.8761264138854487
0.5787017393165083 0.8761264138854487
0.5827421433569122 0.8761264138854487
0.5867825473973163 0.8761264138854487
0.5908229514377203 0.8761264138854487
0.5948633554781244 0.8761264138854487
0.5989037595185285 0.8761264138854487
0.6029441635589325 0.8761264138854487
0.6069845675993365 0.8761264138854487
0.6110249716397406 0.8761264138854487
0.6150653756801445 0.8761264138854487
0.6191057797205486 0.8761264138854487
0.6231461837609527 0.8761264138854487
0.6271865878013567 0.8761264138854487
0.6312269918417608 0.8761264138854487
0.6352673958821649 0.8761264138854487
0.6393077999225689 0.8761264138854487
0.6433482039629729 0.8761264138854487
0.6473886080033769 0.8761264138854487
0.6514290120437809 0.8761264138854487
0.655469416084185 0.8761264138854487
0.659509820124589 0.8761264138854487
0.6635502241649931 0.8761264138854487
0.6675906282053972 0.8761264138854487
0.6716310322458012 0.8761264138854487
0.6756714362862052 0.8761264138854487
0.6797118403266093 0.8761264138854487
0.6837522443670132 0.8761264138854487
0.6877926484074173 0.8761264138854487
0.6918330524478213 0.8761264138854487
0.6958734564882254 0.8761264138854487
0.6999138605286295 0.8761264138854487
0.29991386052862945 0.8801668179258527
0.3039542645690335 0.8801668179258527
0.3079946686094375 0.8801668179258527
0.31203507264984154 0.8801668179258527
0.3160754766902456 0.8801668179258527
0.32011588073064967 0.8801668179258527
0.3241562847710537 0.8801668179258527
0.32819668881145775 0.8801668179258527
0.33223709285186176 0.8801668179258527
0.3362774968922658 0.8801668179258527
0.34031790093266984 0.8801668179258527
0.3443583049730739 0.8801668179258527
0.3483987090134779 0.8801668179258527
0.352439113053882 0.8801668179258527
0.35647951709428605 0.8801668179258527
0.36051992113469006 0.8801668179258527
0.36456032517509407 0.8801668179258527
0.36860072921549814 0.8801668179258527
0.3726411332559022 0.8801668179258527
0.3766815372963062 0.8801668179258527
0.3807219413367102 0.8801668179258527
0.3847623453771143 0.8801668179258527
0.38880274941751836 0.8801668179258527
0.39284315345792237 0.8801668179258527
0.39688355749832643 0.8801668179258527
0.40092396153873044 0.8801668179258527
0.4049643655791345 0.8801668179258527
0.4090047696195385 0.8801668179258527
0.4130451736599426 0.8801668179258527
0.4170855777003466 0.8801668179258527
0.42112598174075067 0.8801668179258527
0.42516638578115473 0.8801668179258527
0.42920678982155874 0.8801668179258527
0.43324719386196275 0.8801668179258527
0.4372875979023668 0.8801668179258527
0.4413280019427709 0.8801668179258527
0.4453684059831749 0.8801668179258527
0.4494088100235789 0.8801668179258527
0.453449214063983 0.8801668179258527
0.45748961810438704 0.8801668179258527
0.46153002214479105 0.8801668179258527
0.4655704261851951 0.8801668179258527
0.4857724463872153 0.8801668179258527
0.48981285042761935 0.8801668179258527
0.4938532544680234 0.8801668179258527
0.49789365850842743 0.8801668179258527
0.5019340625488314 0.8801668179258527
0.5059744665892355 0.8801668179258527
0.5100148706296396 0.8801668179258527
0.5140552746700435 0.8801668179258527
0.5180956787104476 0.8801668179258527
0.5221360827508517 0.8801668179258527
0.5261764867912557 0.8801668179258527
0.5302168908316598 0.8801668179258527
0.5342572948720639 0.8801668179258527
0.5382976989124678 0.8801668179258527
0.5423381029528719 0.8801668179258527
0.546378506993276 0.8801668179258527
0.5504189110336799 0.8801668179258527
0.554459315074084 0.8801668179258527
0.558499719114488 0.8801668179258527
0.5625401231548921 0.8801668179258527
0.5665805271952962 0.8801668179258527
0.5706209312357002 0.8801668179258527
0.5746613352761042 0.8801668179258527
0.5787017393165083 0.8801668179258527
0.5827421433569122 0.8801668179258527
0.5867825473973163 0.8801668179258527
0.5908229514377203 0.8801668179258527
0.5948633554781244 0.8801668179258527
0.5989037595185285 0.8801668179258527
0.6029441635589325 0.8801668179258527
0.6069845675993365 0.8801668179258527
0.6110249716397406 0.8801668179258527
0.6150653756801445 0.8801668179258527
0.6191057797205486 0.8801668179258527
0.6231461837609527 0.8801668179258527
0.6271865878013567 0.8801668179258527
0.6312269918417608 0.8801668179258527
0.6352673958821649 0.8801668179258527
0.6393077999225689 0.8801668179258527
0.6433482039629729 0.8801668179258527
0.6473886080033769 0.8801668179258527
0.6514290120437809 0.8801668179258527
0.655469416084185 0.8801668179258527
0.659509820124589 0.8801668179258527
0.6635502241649931 0.8801668179258527
0.6675906282053972 0.8801668179258527
0.6716310322458012 0.8801668179258527
0.6756714362862052 0.8801668179258527
0.6797118403266093 0.8801668179258527
0.6837522443670132 0.8801668179258527
0.6877926484074173 0.8801668179258527
0.6918330524478213 0.8801668179258527
0.6958734564882254 0.8801668179258527
0.6999138605286295 0.8801668179258527
0.29991386052862945 0.8842072219662568
0.3039542645690335 0.8842072219662568
0.3079946686094375 0.8842072219662568
0.31203507264984154 0.8842072219662568
0.3160754766902456 0.8842072219662568
0.32011588073064967 0.8842072219662568
0.3241562847710537 0.8842072219662568
0.32819668881145775 0.8842072219662568
0.33223709285186176 0.8842072219662568
0.3362774968922658 0.8842072219662568
0.34031790093266984 0.8842072219662568
0.3443583049730739 0.8842072219662568
0.3483987090134779 0.8842072219662568
0.352439113053882 0.8842072219662568
0.35647951709428605 0.8842072219662568
0.36051992113469006 0.8842072219662568
0.36456032517509407 0.8842072219662568
0.36860072921549814 0.8842072219662568
0.3726411332559022 0.8842072219662568
0.3766815372963062 0.8842072219662568
0.3807219413367102 0.8842072219662568
0.3847623453771143 0.8842072219662568
0.38880274941751836 0.8842072219662568
0.39284315345792237 0.8842072219662568
0.39688355749832643 0.8842072219662568
0.40092396153873044 0.8842072219662568
0.4049643655791345 0.8842072219662568
0.4090047696195385 0.8842072219662568
0.4130451736599426 0.8842072219662568
0.4170855777003466 0.8842072219662568
0.42112598174075067 0.8842072219662568
0.42516638578115473 0.8842072219662568
0.42920678982155874 0.8842072219662568
0.43324719386196275 0.8842072219662568
0.4372875979023668 0.8842072219662568
0.4413280019427709 0.8842072219662568
0.4453684059831749 0.8842072219662568
0.4494088100235789 0.8842072219662568
0.453449214063983 0.8842072219662568
0.45748961810438704 0.8842072219662568
0.47769163830640726 0.8842072219662568
0.4817320423468113 0.8842072219662568
0.4857724463872153 0.8842072219662568
0.48981285042761935 0.8842072219662568
0.4938532544680234 0.8842072219662568
0.49789365850842743 0.8842072219662568
0.5019340625488314 0.8842072219662568
0.5059744665892355 0.8842072219662568
0.5100148706296396 0.8842072219662568
0.5140552746700435 0.8842072219662568
0.5180956787104476 0.8842072219662568
0.5221360827508517 0.8842072219662568
0.5261764867912557 0.8842072219662568
0.5302168908316598 0.8842072219662568
0.5342572948720639 0.8842072219662568
0.5382976989124678 0.8842072219662568
0.5423381029528719 0.8842072219662568
0.546378506993276 0.8842072219662568
0.5504189110336799 0.8842072219662568
0.554459315074084 0.8842072219662568
0.558499719114488 0.8842072219662568
0.5625401231548921 0.8842072219662568
0.5665805271952962 0.8842072219662568
0.5706209312357002 0.8842072219662568
0.5746613352761042 0.8842072219662568
0.5787017393165083 0.8842072219662568
0.5827421433569122 0.8842072219662568
0.5867825473973163 0.8842072219662568
0.5908229514377203 0.8842072219662568
0.5948633554781244 0.8842072219662568
0.5989037595185285 0.8842072219662568
0.6029441635589325 0.8842072219662568
0.6069845675993365 0.8842072219662568
0.6110249716397406 0.8842072219662568
0.6150653756801445 0.8842072219662568
0.6191057797205486 0.8842072219662568
0.6231461837609527 0.8842072219662568
0.6271865878013567 0.8842072219662568
0.6312269918417608 0.8842072219662568
0.6352673958821649 0.8842072219662568
0.6393077999225689 0.8842072219662568
0.6433482039629729 0.8842072219662568
0.6473886080033769 0.8842072219662568
0.6514290120437809 0.8842072219662568
0.655469416084185 0.8842072219662568
0.659509820124589 0.8842072219662568
0.6635502241649931 0.8842072219662568
0.6675906282053972 0.8842072219662568
0.6716310322458012 0.8842072219662568
0.6756714362862052 0.8842072219662568
0.6797118403266093 0.8842072219662568
0.6837522443670132 0.8842072219662568
0.6877926484074173 0.8842072219662568
0.6918330524478213 0.8842072219662568
0.6958734564882254 0.8842072219662568
0.6999138605286295 0.8842072219662568
0.29991386052862945 0.8882476260066607
0.3039542645690335 0.8882476260066607
0.3079946686094375 0.8882476260066607
0.31203507264984154 0.8882476260066607
0.3160754766902456 0.8882476260066607
0.32011588073064967 0.8882476260066607
0.3241562847710537 0.8882476260066607
0.32819668881145775 0.8882476260066607
0.33223709285186176 0.8882476260066607
0.3362774968922658 0.8882476260066607
0.34031790093266984 0.8882476260066607
0.3443583049730739 0.8882476260066607
0.3483987090134779 0.8882476260066607
0.352439113053882 0.8882476260066607
0.35647951709428605 0.8882476260066607
0.36051992113469006 0.8882476260066607
0.36456032517509407 0.8882476260066607
0.36860072921549814 0.8882476260066607
0.3726411332559022 0.8882476260066607
0.3766815372963062 0.8882476260066607
0.3807219413367102 0.8882476260066607
0.3847623453771143 0.8882476260066607
0.38880274941751836 0.8882476260066607
0.39284315345792237 0.8882476260066607
0.39688355749832643 0.8882476260066607
0.40092396153873044 0.8882476260066607
0.4049643655791345 0.8882476260066607
0.4090047696195385 0.8882476260066607
0.4130451736599426 0.8882476260066607
0.4170855777003466 0.8882476260066607
0.42112598174075067 0.8882476260066607
0.42516638578115473 0.8882476260066607
0.42920678982155874 0.8882476260066607
0.43324719386196275 0.8882476260066607
0.4372875979023668 0.8882476260066607
0.4413280019427709 0.8882476260066607
0.4453684059831749 0.8882476260066607
0.4494088100235789 0.8882476260066607
0.46961083022559913 0.8882476260066607
0.4736512342660032 0.8882476260066607
0.47769163830640726 0.8882476260066607
0.4817320423468113 0.8882476260066607
0.4857724463872153 0.8882476260066607
0.48981285042761935 0.8882476260066607
0.4938532544680234 0.8882476260066607
0.49789365850842743 0.8882476260066607
0.5019340625488314 0.8882476260066607
0.5059744665892355 0.8882476260066607
0.5100148706296396 0.8882476260066607
0.5140552746700435 0.8882476260066607
0.5180956787104476 0.8882476260066607
0.5221360827508517 0.8882476260066607
0.5261764867912557 0.8882476260066607
0.5302168908316598 0.8882476260066607
0.5342572948720639 0.8882476260066607
0.5382976989124678 0.8882476260066607
0.5423381029528719 0.8882476260066607
0.546378506993276 0.8882476260066607
0.5504189110336799 0.8882476260066607
0.554459315074084 0.8882476260066607
0.558499719114488 0.8882476260066607
0.5625401231548921 0.8882476260066607
0.5665805271952962 0.8882476260066607
0.5706209312357002 0.8882476260066607
0.5746613352761042 0.8882476260066607
0.5787017393165083 0.8882476260066607
0.5827421433569122 0.8882476260066607
0.5867825473973163 0.8882476260066607
0.5908229514377203 0.8882476260066607
0.5948633554781244 0.8882476260066607
0.5989037595185285 0.8882476260066607
0.6029441635589325 0.8882476260066607
0.6069845675993365 0.8882476260066607
0.6110249716397406 0.8882476260066607
0.6150653756801445 0.8882476260066607
0.6191057797205486 0.8882476260066607
0.6231461837609527 0.8882476260066607
0.6271865878013567 0.8882476260066607
0.6312269918417608 0.8882476260066607
0.6352673958821649 0.8882476260066607
0.6393077999225689 0.8882476260066607
0.6433482039629729 0.8882476260066607
0.6473886080033769 0.8882476260066607
0.6514290120437809 0.8882476260066607
0.655469416084185 0.8882476260066607
0.659509820124589 0.8882476260066607
0.6635502241649931 0.8882476260066607
0.6675906282053972 0.8882476260066607
0.6716310322458012 0.8882476260066607
0.6756714362862052 0.8882476260066607
0.6797118403266093 0.8882476260066607
0.6837522443670132 0.8882476260066607
0.6877926484074173 0.8882476260066607
0.6918330524478213 0.8882476260066607
0.6958734564882254 0.8882476260066607
0.6999138605286295 0.8882476260066607
0.29991386052862945 0.8922880300470648
0.3039542645690335 0.8922880300470648
0.3079946686094375 0.8922880300470648
0.31203507264984154 0.8922880300470648
0.3160754766902456 0.8922880300470648
0.32011588073064967 0.8922880300470648
0.3241562847710537 0.8922880300470648
0.32819668881145775 0.8922880300470648
0.33223709285186176 0.8922880300470648
0.3362774968922658 0.8922880300470648
0.34031790093266984 0.8922880300470648
0.3443583049730739 0.8922880300470648
0.3483987090134779 0.8922880300470648
0.352439113053882 0.8922880300470648
0.35647951709428605 0.8922880300470648
0.36051992113469006 0.8922880300470648
0.36456032517509407 0.8922880300470648
0.36860072921549814 0.8922880300470648
0.3726411332559022 0.8922880300470648
0.3766815372963062 0.8922880300470648
0.3807219413367102 0.8922880300470648
0.3847623453771143 0.8922880300470648
0.38880274941751836 0.8922880300470648
0.39284315345792237 0.8922880300470648
0.39688355749832643 0.8922880300470648
0.40092396153873044 0.8922880300470648
0.4049643655791345 0.8922880300470648
0.4090047696195385 0.8922880300470648
0.4130451736599426 0.8922880300470648
0.4170855777003466 0.8922880300470648
0.42112598174075067 0.8922880300470648
0.42516638578115473 0.8922880300470648
0.42920678982155874 0.8922880300470648
0.43324719386196275 0.8922880300470648
0.4372875979023668 0.8922880300470648
0.4413280019427709 0.8922880300470648
0.46153002214479105 0.8922880300470648
0.4655704261851951 0.8922880300470648
0.46961083022559913 0.8922880300470648
0.4736512342660032 0.8922880300470648
0.47769163830640726 0.8922880300470648
0.4817320423468113 0.8922880300470648
0.4857724463872153 0.8922880300470648
0.48981285042761935 0.8922880300470648
0.4938532544680234 0.8922880300470648
0.49789365850842743 0.8922880300470648
0.5019340625488314 0.8922880300470648
0.5059744665892355 0.8922880300470648
0.5100148706296396 0.8922880300470648
0.5140552746700435 0.8922880300470648
0.5180956787104476 0.8922880300470648
0.5221360827508517 0.8922880300470648
0.5261764867912557 0.8922880300470648
0.5302168908316598 0.8922880300470648
0.5342572948720639 0.8922880300470648
0.5382976989124678 0.8922880300470648
0.5423381029528719 0.8922880300470648
0.546378506993276 0.8922880300470648
0.5504189110336799 0.8922880300470648
0.554459315074084 0.8922880300470648
0.558499719114488 0.8922880300470648
0.5625401231548921 0.8922880300470648
0.5665805271952962 0.8922880300470648
0.5706209312357002 0.8922880300470648
0.5746613352761042 0.8922880300470648
0.5787017393165083 0.8922880300470648
0.5827421433569122 0.8922880300470648
0.5867825473973163 0.8922880300470648
0.5908229514377203 0.8922880300470648
0.5948633554781244 0.8922880300470648
0.5989037595185285 0.8922880300470648
0.6029441635589325 0.8922880300470648
0.6069845675993365 0.8922880300470648
0.6110249716397406 0.8922880300470648
0.6150653756801445 0.8922880300470648
0.6191057797205486 0.8922880300470648
0.6231461837609527 0.8922880300470648
0.6271865878013567 0.8922880300470648
0.6312269918417608 0.8922880300470648
0.6352673958821649 0.8922880300470648
0.6393077999225689 0.8922880300470648
0.6433482039629729 0.8922880300470648
0.6473886080033769 0.8922880300470648
0.6514290120437809 0.8922880300470648
0.655469416084185 0.8922880300470648
0.659509820124589 0.8922880300470648
0.6635502241649931 0.8922880300470648
0.6675906282053972 0.8922880300470648
0.6716310322458012 0.8922880300470648
0.6756714362862052 0.8922880300470648
0.6797118403266093 0.8922880300470648
0.6837522443670132 0.8922880300470648
0.6877926484074173 0.8922880300470648
0.6918330524478213 0.8922880300470648
0.6958734564882254 0.8922880300470648
0.6999138605286295 0.8922880300470648
0.29991386052862945 0.8963284340874689
0.3039542645690335 0.8963284340874689
0.3079946686094375 0.8963284340874689
0.31203507264984154 0.8963284340874689
0.3160754766902456 0.8963284340874689
0.32011588073064967 0.8963284340874689
0.3241562847710537 0.8963284340874689
0.32819668881145775 0.8963284340874689
0.33223709285186176 0.8963284340874689
0.3362774968922658 0.8963284340874689
0.34031790093266984 0.8963284340874689
0.3443583049730739 0.8963284340874689
0.3483987090134779 0.8963284340874689
0.352439113053882 0.8963284340874689
0.35647951709428605 0.8963284340874689
0.36051992113469006 0.8963284340874689
0.36456032517509407 0.8963284340874689
0.36860072921549814 0.8963284340874689
0.3726411332559022 0.8963284340874689
0.3766815372963062 0.8963284340874689
0.3807219413367102 0.8963284340874689
0.3847623453771143 0.8963284340874689
0.38880274941751836 0.8963284340874689
0.39284315345792237 0.8963284340874689
0.39688355749832643 0.8963284340874689
0.40092396153873044 0.8963284340874689
0.4049643655791345 0.8963284340874689
0.4090047696195385 0.8963284340874689
0.4130451736599426 0.8963284340874689
0.4170855777003466 0.8963284340874689
0.42112598174075067 0.8963284340874689
0.42516638578115473 0.8963284340874689
0.42920678982155874 0.8963284340874689
0.43324719386196275 0.8963284340874689
0.453449214063983 0.8963284340874689
0.45748961810438704 0.8963284340874689
0.46153002214479105 0.8963284340874689
0.4655704261851951 0.8963284340874689
0.46961083022559913 0.8963284340874689
0.4736512342660032 0.8963284340874689
0.47769163830640726 0.8963284340874689
0.4817320423468113 0.8963284340874689
0.4857724463872153 0.8963284340874689
0.48981285042761935 0.8963284340874689
0.4938532544680234 0.8963284340874689
0.49789365850842743 0.8963284340874689
0.5019340625488314 0.8963284340874689
0.5059744665892355 0.8963284340874689
0.5100148706296396 0.8963284340874689
0.5140552746700435 0.8963284340874689
0.5180956787104476 0.8963284340874689
0.5221360827508517 0.8963284340874689
0.5261764867912557 0.8963284340874689
0.5302168908316598 0.8963284340874689
0.5342572948720639 0.8963284340874689
0.5382976989124678 0.8963284340874689
0.5423381029528719 0.8963284340874689
0.546378506993276 0.8963284340874689
0.5504189110336799 0.8963284340874689
0.554459315074084 0.8963284340874689
0.558499719114488 0.8963284340874689
0.5625401231548921 0.8963284340874689
0.5665805271952962 0.8963284340874689
0.5706209312357002 0.8963284340874689
0.5746613352761042 0.8963284340874689
0.5787017393165083 0.8963284340874689
0.5827421433569122 0.8963284340874689
0.5867825473973163 0.8963284340874689
0.5908229514377203 0.8963284340874689
0.5948633554781244 0.8963284340874689
0.5989037595185285 0.8963284340874689
0.6029441635589325 0.8963284340874689
0.6069845675993365 0.8963284340874689
0.6110249716397406 0.8963284340874689
0.6150653756801445 0.8963284340874689
0.6191057797205486 0.8963284340874689
0.6231461837609527 0.8963284340874689
0.6271865878013567 0.8963284340874689
0.6312269918417608 0.8963284340874689
0.6352673958821649 0.8963284340874689
0.6393077999225689 0.8963284340874689
0.6433482039629729 0.8963284340874689
0.6473886080033769 0.8963284340874689
0.6514290120437809 0.8963284340874689
0.655469416084185 0.8963284340874689
0.659509820124589 0.8963284340874689
0.6635502241649931 0.8963284340874689
0.6675906282053972 0.8963284340874689
0.6716310322458012 0.8963284340874689
0.6756714362862052 0.8963284340874689
0.6797118403266093 0.8963284340874689
0.6837522443670132 0.8963284340874689
0.6877926484074173 0.8963284340874689
0.6918330524478213 0.8963284340874689
0.6958734564882254 0.8963284340874689
0.6999138605286295 0.8963284340874689
0.29991386052862945 0.9003688381278729
0.3039542645690335 0.9003688381278729
0.3079946686094375 0.9003688381278729
0.31203507264984154 0.9003688381278729
0.3160754766902456 0.9003688381278729
0.32011588073064967 0.9003688381278729
0.3241562847710537 0.9003688381278729
0.32819668881145775 0.9003688381278729
0.33223709285186176 0.9003688381278729
0.3362774968922658 0.9003688381278729
0.34031790093266984 0.9003688381278729
0.3443583049730739 0.9003688381278729
0.3483987090134779 0.9003688381278729
0.352439113053882 0.9003688381278729
0.35647951709428605 0.9003688381278729
0.36051992113469006 0.9003688381278729
0.36456032517509407 0.9003688381278729
0.36860072921549814 0.9003688381278729
0.3726411332559022 0.9003688381278729
0.3766815372963062 0.9003688381278729
0.3807219413367102 0.9003688381278729
0.3847623453771143 0.9003688381278729
0.38880274941751836 0.9003688381278729
0.39284315345792237 0.9003688381278729
0.39688355749832643 0.9003688381278729
0.40092396153873044 0.9003688381278729
0.4049643655791345 0.9003688381278729
0.4090047696195385 0.9003688381278729
0.4130451736599426 0.9003688381278729
0.4170855777003466 0.9003688381278729
0.42112598174075067 0.9003688381278729
0.42516638578115473 0.9003688381278729
0.4453684059831749 0.9003688381278729
0.4494088100235789 0.9003688381278729
0.453449214063983 0.9003688381278729
0.45748961810438704 0.9003688381278729
0.46153002214479105 0.9003688381278729
0.4655704261851951 0.9003688381278729
0.46961083022559913 0.9003688381278729
0.4736512342660032 0.9003688381278729
0.47769163830640726 0.9003688381278729
0.4817320423468113 0.9003688381278729
0.4857724463872153 0.9003688381278729
0.48981285042761935 0.9003688381278729
0.4938532544680234 0.9003688381278729
0.49789365850842743 0.9003688381278729
0.5019340625488314 0.9003688381278729
0.5059744665892355 0.9003688381278729
0.5100148706296396 0.9003688381278729
0.5140552746700435 0.9003688381278729
0.5180956787104476 0.9003688381278729
0.5221360827508517 0.9003688381278729
0.5261764867912557 0.9003688381278729
0.5302168908316598 0.9003688381278729
0.5342572948720639 0.9003688381278729
0.5382976989124678 0.9003688381278729
0.5423381029528719 0.9003688381278729
0.546378506993276 0.9003688381278729
0.5504189110336799 0.9003688381278729
0.554459315074084 0.9003688381278729
0.558499719114488 0.9003688381278729
0.5625401231548921 0.9003688381278729
0.5665805271952962 0.9003688381278729
0.5706209312357002 0.9003688381278729
0.5746613352761042 0.9003688381278729
0.5787017393165083 0.9003688381278729
0.5827421433569122 0.9003688381278729
0.5867825473973163 0.9003688381278729
0.5908229514377203 0.9003688381278729
0.5948633554781244 0.9003688381278729
0.5989037595185285 0.9003688381278729
0.6029441635589325 0.9003688381278729
0.6069845675993365 0.9003688381278729
0.6110249716397406 0.9003688381278729
0.6150653756801445 0.9003688381278729
0.6191057797205486 0.9003688381278729
0.6231461837609527 0.9003688381278729
0.6271865878013567 0.9003688381278729
0.6312269918417608 0.9003688381278729
0.6352673958821649 0.9003688381278729
0.6393077999225689 0.9003688381278729
0.6433482039629729 0.9003688381278729
0.6473886080033769 0.9003688381278729
0.6514290120437809 0.9003688381278729
0.655469416084185 0.9003688381278729
0.659509820124589 0.9003688381278729
0.6635502241649931 0.9003688381278729
0.6675906282053972 0.9003688381278729
0.6716310322458012 0.9003688381278729
0.6756714362862052 0.9003688381278729
0.6797118403266093 0.9003688381278729
0.6837522443670132 0.9003688381278729
0.6877926484074173 0.9003688381278729
0.6918330524478213 0.9003688381278729
0.6958734564882254 0.9003688381278729
0.6999138605286295 0.9003688381278729
0.29991386052862945 0.904409242168277
0.3039542645690335 0.904409242168277
0.3079946686094375 0.904409242168277
0.31203507264984154 0.904409242168277
0.3160754766902456 0.904409242168277
0.32011588073064967 0.904409242168277
0.3241562847710537 0.904409242168277
0.32819668881145775 0.904409242168277
0.33223709285186176 0.904409242168277
0.3362774968922658 0.904409242168277
0.34031790093266984 0.904409242168277
0.3443583049730739 0.904409242168277
0.3483987090134779 0.904409242168277
0.352439113053882 0.904409242168277
0.35647951709428605 0.904409242168277
0.36051992113469006 0.904409242168277
0.36456032517509407 0.904409242168277
0.36860072921549814 0.904409242168277
0.3726411332559022 0.904409242168277
0.3766815372963062 0.904409242168277
0.3807219413367102 0.904409242168277
0.3847623453771143 0.904409242168277
0.38880274941751836 0.904409242168277
0.39284315345792237 0.904409242168277
0.39688355749832643 0.904409242168277
0.40092396153873044 0.904409242168277
0.4049643655791345 0.904409242168277
0.4090047696195385 0.904409242168277
0.4130451736599426 0.904409242168277
0.4170855777003466 0.904409242168277
0.4372875979023668 0.904409242168277
0.4413280019427709 0.904409242168277
0.4453684059831749 0.904409242168277
0.4494088100235789 0.904409242168277
0.453449214063983 0.904409242168277
0.45748961810438704 0.904409242168277
0.46153002214479105 0.904409242168277
0.4655704261851951 0.904409242168277
0.46961083022559913 0.904409242168277
0.4736512342660032 0.904409242168277
0.47769163830640726 0.904409242168277
0.4817320423468113 0.904409242168277
0.4857724463872153 0.904409242168277
0.48981285042761935 0.904409242168277
0.4938532544680234 0.904409242168277
0.49789365850842743 0.904409242168277
0.5019340625488314 0.904409242168277
0.5059744665892355 0.904409242168277
0.5100148706296396 0.904409242168277
0.5140552746700435 0.904409242168277
0.5180956787104476 0.904409242168277
0.5221360827508517 0.904409242168277
0.5261764867912557 0.904409242168277
0.5302168908316598 0.904409242168277
0.5342572948720639 0.904409242168277
0.5382976989124678 0.904409242168277
0.5423381029528719 0.904409242168277
0.546378506993276 0.904409242168277
0.5504189110336799 0.904409242168277
0.554459315074084 0.904409242168277
0.558499719114488 0.904409242168277
0.5625401231548921 0.904409242168277
0.5665805271952962 0.904409242168277
0.5706209312357002 0.904409242168277
0.5746613352761042 0.904409242168277
0.5787017393165083 0.904409242168277
0.5827421433569122 0.904409242168277
0.5867825473973163 0.904409242168277
0.5908229514377203 0.904409242168277
0.5948633554781244 0.904409242168277
0.5989037595185285 0.904409242168277
0.6029441635589325 0.904409242168277
0.6069845675993365 0.904409242168277
0.6110249716397406 0.904409242168277
0.6150653756801445 0.904409242168277
0.6191057797205486 0.904409242168277
0.6231461837609527 0.904409242168277
0.6271865878013567 0.904409242168277
0.6312269918417608 0.904409242168277
0.6352673958821649 0.904409242168277
0.6393077999225689 0.904409242168277
0.6433482039629729 0.904409242168277
0.6473886080033769 0.904409242168277
0.6514290120437809 0.904409242168277
0.655469416084185 0.904409242168277
0.659509820124589 0.904409242168277
0.6635502241649931 0.904409242168277
0.6675906282053972 0.904409242168277
0.6716310322458012 0.904409242168277
0.6756714362862052 0.904409242168277
0.6797118403266093 0.904409242168277
0.6837522443670132 0.904409242168277
0.6877926484074173 0.904409242168277
0.6918330524478213 0.904409242168277
0.6958734564882254 0.904409242168277
0.6999138605286295 0.904409242168277
0.29991386052862945 0.9084496462086811
0.3039542645690335 0.9084496462086811
0.3079946686094375 0.9084496462086811
0.31203507264984154 0.9084496462086811
0.3160754766902456 0.9084496462086811
0.32011588073064967 0.9084496462086811
0.3241562847710537 0.9084496462086811
0.32819668881145775 0.9084496462086811
0.33223709285186176 0.9084496462086811
0.3362774968922658 0.9084496462086811
0.34031790093266984 0.9084496462086811
0.3443583049730739 0.9084496462086811
0.3483987090134779 0.9084496462086811
0.352439113053882 0.9084496462086811
0.35647951709428605 0.9084496462086811
0.36051992113469006 0.9084496462086811
0.36456032517509407 0.9084496462086811
0.36860072921549814 0.9084496462086811
0.3726411332559022 0.9084496462086811
0.3766815372963062 0.9084496462086811
0.3807219413367102 0.9084496462086811
0.3847623453771143 0.9084496462086811
0.38880274941751836 0.9084496462086811
0.39284315345792237 0.9084496462086811
0.39688355749832643 0.9084496462086811
0.40092396153873044 0.9084496462086811
0.4049643655791345 0.9084496462086811
0.42920678982155874 0.9084496462086811
0.43324719386196275 0.9084496462086811
0.4372875979023668 0.9084496462086811
0.4413280019427709 0.9084496462086811
0.4453684059831749 0.9084496462086811
0.4494088100235789 0.9084496462086811
0.453449214063983 0.9084496462086811
0.45748961810438704 0.9084496462086811
0.46153002214479105 0.9084496462086811
0.4655704261851951 0.9084496462086811
0.46961083022559913 0.9084496462086811
0.4736512342660032 0.9084496462086811
0.47769163830640726 0.9084496462086811
0.4817320423468113 0.9084496462086811
0.4857724463872153 0.9084496462086811
0.48981285042761935 0.9084496462086811
0.4938532544680234 0.9084496462086811
0.49789365850842743 0.9084496462086811
0.5019340625488314 0.9084496462086811
0.5059744665892355 0.9084496462086811
0.5100148706296396 0.9084496462086811
0.5140552746700435 0.9084496462086811
0.5180956787104476 0.9084496462086811
0.5221360827508517 0.9084496462086811
0.5261764867912557 0.9084496462086811
0.5302168908316598 0.9084496462086811
0.5342572948720639 0.9084496462086811
0.5382976989124678 0.9084496462086811
0.5423381029528719 0.9084496462086811
0.546378506993276 0.9084496462086811
0.5504189110336799 0.9084496462086811
0.554459315074084 0.9084496462086811
0.558499719114488 0.9084496462086811
0.5625401231548921 0.9084496462086811
0.5665805271952962 0.9084496462086811
0.5706209312357002 0.9084496462086811
0.5746613352761042 0.9084496462086811
0.5787017393165083 0.9084496462086811
0.5827421433569122 0.9084496462086811
0.5867825473973163 0.9084496462086811
0.5908229514377203 0.9084496462086811
0.5948633554781244 0.9084496462086811
0.5989037595185285 0.9084496462086811
0.6029441635589325 0.9084496462086811
0.6069845675993365 0.9084496462086811
0.6110249716397406 0.9084496462086811
0.6150653756801445 0.9084496462086811
0.6191057797205486 0.9084496462086811
0.6231461837609527 0.9084496462086811
0.6271865878013567 0.9084496462086811
0.6312269918417608 0.9084496462086811
0.6352673958821649 0.9084496462086811
0.6393077999225689 0.9084496462086811
0.6433482039629729 0.9084496462086811
0.6473886080033769 0.9084496462086811
0.6514290120437809 0.9084496462086811
0.655469416084185 0.9084496462086811
0.659509820124589 0.9084496462086811
0.6635502241649931 0.9084496462086811
0.6675906282053972 0.9084496462086811
0.6716310322458012 0.9084496462086811
0.6756714362862052 0.9084496462086811
0.6797118403266093 0.9084496462086811
0.6837522443670132 0.9084496462086811
0.6877926484074173 0.9084496462086811
0.6918330524478213 0.9084496462086811
0.6958734564882254 0.9084496462086811
0.6999138605286295 0.9084496462086811
0.29991386052862945 0.912490050249085
0.3039542645690335 0.912490050249085
0.3079946686094375 0.912490050249085
0.31203507264984154 0.912490050249085
0.3160754766902456 0.912490050249085
0.32011588073064967 0.912490050249085
0.3241562847710537 0.912490050249085
0.32819668881145775 0.912490050249085
0.33223709285186176 0.912490050249085
0.3362774968922658 0.912490050249085
0.34031790093266984 0.912490050249085
0.3443583049730739 0.912490050249085
0.3483987090134779 0.912490050249085
0.352439113053882 0.912490050249085
0.35647951709428605 0.912490050249085
0.36051992113469006 0.912490050249085
0.36456032517509407 0.912490050249085
0.36860072921549814 0.912490050249085
0.3726411332559022 0.912490050249085
0.3766815372963062 0.912490050249085
0.3807219413367102 0.912490050249085
0.3847623453771143 0.912490050249085
0.38880274941751836 0.912490050249085
0.39284315345792237 0.912490050249085
0.39688355749832643 0.912490050249085
0.42112598174075067 0.912490050249085
0.42516638578115473 0.912490050249085
0.42920678982155874 0.912490050249085
0.43324719386196275 0.912490050249085
0.4372875979023668 0.912490050249085
0.4413280019427709 0.912490050249085
0.4453684059831749 0.912490050249085
0.4494088100235789 0.912490050249085
0.453449214063983 0.912490050249085
0.45748961810438704 0.912490050249085
0.46153002214479105 0.912490050249085
0.4655704261851951 0.912490050249085
0.46961083022559913 0.912490050249085
0.4736512342660032 0.912490050249085
0.47769163830640726 0.912490050249085
0.4817320423468113 0.912490050249085
0.4857724463872153 0.912490050249085
0.48981285042761935 0.912490050249085
0.4938532544680234 0.912490050249085
0.49789365850842743 0.912490050249085
0.5019340625488314 0.912490050249085
0.5059744665892355 0.912490050249085
0.5100148706296396 0.912490050249085
0.5140552746700435 0.912490050249085
0.5180956787104476 0.912490050249085
0.5221360827508517 0.912490050249085
0.5261764867912557 0.912490050249085
0.5302168908316598 0.912490050249085
0.5342572948720639 0.912490050249085
0.5382976989124678 0.912490050249085
0.5423381029528719 0.912490050249085
0.546378506993276 0.912490050249085
0.5504189110336799 0.912490050249085
0.554459315074084 0.912490050249085
0.558499719114488 0.912490050249085
0.5625401231548921 0.912490050249085
0.5665805271952962 0.912490050249085
0.5706209312357002 0.912490050249085
0.5746613352761042 0.912490050249085
0.5787017393165083 0.912490050249085
0.5827421433569122 0.912490050249085
0.5867825473973163 0.912490050249085
0.5908229514377203 0.912490050249085
0.5948633554781244 0.912490050249085
0.5989037595185285 0.912490050249085
0.6029441635589325 0.912490050249085
0.6069845675993365 0.912490050249085
0.6110249716397406 0.912490050249085
0.6150653756801445 0.912490050249085
0.6191057797205486 0.912490050249085
0.6231461837609527 0.912490050249085
0.6271865878013567 0.912490050249085
0.6312269918417608 0.912490050249085
0.6352673958821649 0.912490050249085
0.6393077999225689 0.912490050249085
0.6433482039629729 0.912490050249085
0.6473886080033769 0.912490050249085
0.6514290120437809 0.912490050249085
0.655469416084185 0.912490050249085
0.659509820124589 0.912490050249085
0.6635502241649931 0.912490050249085
0.6675906282053972 0.912490050249085
0.6716310322458012 0.912490050249085
0.6756714362862052 0.912490050249085
0.6797118403266093 0.912490050249085
0.6837522443670132 0.912490050249085
0.6877926484074173 0.912490050249085
0.6918330524478213 0.912490050249085
0.6958734564882254 0.912490050249085
0.6999138605286295 0.912490050249085
0.29991386052862945 0.9165304542894891
0.3039542645690335 0.9165304542894891
0.3079946686094375 0.9165304542894891
0.31203507264984154 0.9165304542894891
0.3160754766902456 0.9165304542894891
0.32011588073064967 0.9165304542894891
0.3241562847710537 0.9165304542894891
0.32819668881145775 0.9165304542894891
0.33223709285186176 0.9165304542894891
0.3362774968922658 0.9165304542894891
0.34031790093266984 0.9165304542894891
0.3443583049730739 0.9165304542894891
0.3483987090134779 0.9165304542894891
0.352439113053882 0.9165304542894891
0.35647951709428605 0.9165304542894891
0.36051992113469006 0.9165304542894891
0.36456032517509407 0.9165304542894891
0.36860072921549814 0.9165304542894891
0.3726411332559022 0.9165304542894891
0.3766815372963062 0.9165304542894891
0.3807219413367102 0.9165304542894891
0.3847623453771143 0.9165304542894891
0.38880274941751836 0.9165304542894891
0.4130451736599426 0.9165304542894891
0.4170855777003466 0.9165304542894891
0.42112598174075067 0.9165304542894891
0.42516638578115473 0.9165304542894891
0.42920678982155874 0.9165304542894891
0.43324719386196275 0.9165304542894891
0.4372875979023668 0.9165304542894891
0.4413280019427709 0.9165304542894891
0.4453684059831749 0.9165304542894891
0.4494088100235789 0.9165304542894891
0.453449214063983 0.9165304542894891
0.45748961810438704 0.9165304542894891
0.46153002214479105 0.9165304542894891
0.4655704261851951 0.9165304542894891
0.46961083022559913 0.9165304542894891
0.4736512342660032 0.9165304542894891
0.47769163830640726 0.9165304542894891
0.4817320423468113 0.9165304542894891
0.4857724463872153 0.9165304542894891
0.48981285042761935 0.9165304542894891
0.4938532544680234 0.9165304542894891
0.49789365850842743 0.9165304542894891
0.5019340625488314 0.9165304542894891
0.5059744665892355 0.9165304542894891
0.5100148706296396 0.9165304542894891
0.5140552746700435 0.9165304542894891
0.5180956787104476 0.9165304542894891
0.5221360827508517 0.9165304542894891
0.5261764867912557 0.9165304542894891
0.5302168908316598 0.9165304542894891
0.5342572948720639 0.9165304542894891
0.5382976989124678 0.9165304542894891
0.5423381029528719 0.9165304542894891
0.546378506993276 0.9165304542894891
0.5504189110336799 0.9165304542894891
0.554459315074084 0.9165304542894891
0.558499719114488 0.9165304542894891
0.5625401231548921 0.9165304542894891
0.5665805271952962 0.9165304542894891
0.5706209312357002 0.9165304542894891
0.5746613352761042 0.9165304542894891
0.5787017393165083 0.9165304542894891
0.5827421433569122 0.9165304542894891
0.5867825473973163 0.9165304542894891
0.5908229514377203 0.9165304542894891
0.5948633554781244 0.9165304542894891
0.5989037595185285 0.9165304542894891
0.6029441635589325 0.9165304542894891
0.6069845675993365 0.9165304542894891
0.6110249716397406 0.9165304542894891
0.6150653756801445 0.9165304542894891
0.6191057797205486 0.9165304542894891
0.6231461837609527 0.9165304542894891
0.6271865878013567 0.9165304542894891
0.6312269918417608 0.9165304542894891
0.6352673958821649 0.9165304542894891
0.6393077999225689 0.9165304542894891
0.6433482039629729 0.9165304542894891
0.6473886080033769 0.9165304542894891
0.6514290120437809 0.9165304542894891
0.655469416084185 0.9165304542894891
0.659509820124589 0.9165304542894891
0.6635502241649931 0.9165304542894891
0.6675906282053972 0.9165304542894891
0.6716310322458012 0.9165304542894891
0.6756714362862052 0.9165304542894891
0.6797118403266093 0.9165304542894891
0.6837522443670132 0.9165304542894891
0.6877926484074173 0.9165304542894891
0.6918330524478213 0.9165304542894891
0.6958734564882254 0.9165304542894891
0.6999138605286295 0.9165304542894891
0.29991386052862945 0.920570858329893
0.3039542645690335 0.920570858329893
0.3079946686094375 0.920570858329893
0.31203507264984154 0.920570858329893
0.3160754766902456 0.920570858329893
0.32011588073064967 0.920570858329893
0.3241562847710537 0.920570858329893
0.32819668881145775 0.920570858329893
0.33223709285186176 0.920570858329893
0.3362774968922658 0.920570858329893
0.34031790093266984 0.920570858329893
0.3443583049730739 0.920570858329893
0.3483987090134779 0.920570858329893
0.352439113053882 0.920570858329893
0.35647951709428605 0.920570858329893
0.36051992113469006 0.920570858329893
0.36456032517509407 0.920570858329893
0.36860072921549814 0.920570858329893
0.3726411332559022 0.920570858329893
0.3766815372963062 0.920570858329893
0.40092396153873044 0.920570858329893
0.4049643655791345 0.920570858329893
0.4090047696195385 0.920570858329893
0.4130451736599426 0.920570858329893
0.42112598174075067 0.920570858329893
0.42516638578115473 0.920570858329893
0.42920678982155874 0.920570858329893
0.43324719386196275 0.920570858329893
0.4372875979023668 0.920570858329893
0.4413280019427709 0.920570858329893
0.4453684059831749 0.920570858329893
0.4494088100235789 0.920570858329893
0.45748961810438704 0.920570858329893
0.46153002214479105 0.920570858329893
0.4655704261851951 0.920570858329893
0.46961083022559913 0.920570858329893
0.4736512342660032 0.920570858329893
0.47769163830640726 0.920570858329893
0.4817320423468113 0.920570858329893
0.4857724463872153 0.920570858329893
0.48981285042761935 0.920570858329893
0.4938532544680234 0.920570858329893
0.49789365850842743 0.920570858329893
0.5019340625488314 0.920570858329893
0.5059744665892355 0.920570858329893
0.5100148706296396 0.920570858329893
0.5140552746700435 0.920570858329893
0.5180956787104476 0.920570858329893
0.5221360827508517 0.920570858329893
0.5261764867912557 0.920570858329893
0.5302168908316598 0.920570858329893
0.5342572948720639 0.920570858329893
0.5382976989124678 0.920570858329893
0.5423381029528719 0.920570858329893
0.546378506993276 0.920570858329893
0.5504189110336799 0.920570858329893
0.554459315074084 0.920570858329893
0.558499719114488 0.920570858329893
0.5625401231548921 0.920570858329893
0.5665805271952962 0.920570858329893
0.5706209312357002 0.920570858329893
0.5746613352761042 0.920570858329893
0.5787017393165083 0.920570858329893
0.5827421433569122 0.920570858329893
0.5867825473973163 0.920570858329893
0.5908229514377203 0.920570858329893
0.5948633554781244 0.920570858329893
0.5989037595185285 0.920570858329893
0.6029441635589325 0.920570858329893
0.6069845675993365 0.920570858329893
0.6110249716397406 0.920570858329893
0.6150653756801445 0.920570858329893
0.6191057797205486 0.920570858329893
0.6231461837609527 0.920570858329893
0.6271865878013567 0.920570858329893
0.6312269918417608 0.920570858329893
0.6352673958821649 0.920570858329893
0.6393077999225689 0.920570858329893
0.6433482039629729 0.920570858329893
0.6473886080033769 0.920570858329893
0.6514290120437809 0.920570858329893
0.655469416084185 0.920570858329893
0.659509820124589 0.920570858329893
0.6635502241649931 0.920570858329893
0.6675906282053972 0.920570858329893
0.6716310322458012 0.920570858329893
0.6756714362862052 0.920570858329893
0.6797118403266093 0.920570858329893
0.6837522443670132 0.920570858329893
0.6877926484074173 0.920570858329893
0.6918330524478213 0.920570858329893
0.6958734564882254 0.920570858329893
0.6999138605286295 0.920570858329893
0.29991386052862945 0.9246112623702971
0.3039542645690335 0.9246112623702971
0.3079946686094375 0.9246112623702971
0.31203507264984154 0.9246112623702971
0.3160754766902456 0.9246112623702971
0.32011588073064967 0.9246112623702971
0.3241562847710537 0.9246112623702971
0.32819668881145775 0.9246112623702971
0.33223709285186176 0.9246112623702971
0.3362774968922658 0.9246112623702971
0.34031790093266984 0.9246112623702971
0.3443583049730739 0.9246112623702971
0.3483987090134779 0.9246112623702971
0.352439113053882 0.9246112623702971
0.35647951709428605 0.9246112623702971
0.36051992113469006 0.9246112623702971
0.36456032517509407 0.9246112623702971
0.36860072921549814 0.9246112623702971
0.39284315345792237 0.9246112623702971
0.39688355749832643 0.9246112623702971
0.40092396153873044 0.9246112623702971
0.4049643655791345 0.9246112623702971
0.4090047696195385 0.9246112623702971
0.4130451736599426 0.9246112623702971
0.4170855777003466 0.9246112623702971
0.42112598174075067 0.9246112623702971
0.42516638578115473 0.9246112623702971
0.42920678982155874 0.9246112623702971
0.43324719386196275 0.9246112623702971
0.4372875979023668 0.9246112623702971
0.4413280019427709 0.9246112623702971
0.4494088100235789 0.9246112623702971
0.453449214063983 0.9246112623702971
0.45748961810438704 0.9246112623702971
0.46153002214479105 0.9246112623702971
0.4655704261851951 0.9246112623702971
0.46961083022559913 0.9246112623702971
0.4736512342660032 0.9246112623702971
0.47769163830640726 0.9246112623702971
0.4817320423468113 0.9246112623702971
0.4857724463872153 0.9246112623702971
0.48981285042761935 0.9246112623702971
0.4938532544680234 0.9246112623702971
0.49789365850842743 0.9246112623702971
0.5019340625488314 0.9246112623702971
0.5059744665892355 0.9246112623702971
0.5100148706296396 0.9246112623702971
0.5140552746700435 0.9246112623702971
0.5180956787104476 0.9246112623702971
0.5221360827508517 0.9246112623702971
0.5261764867912557 0.9246112623702971
0.5302168908316598 0.9246112623702971
0.5342572948720639 0.9246112623702971
0.5382976989124678 0.9246112623702971
0.5423381029528719 0.9246112623702971
0.546378506993276 0.9246112623702971
0.5504189110336799 0.9246112623702971
0.554459315074084 0.9246112623702971
0.558499719114488 0.9246112623702971
0.5625401231548921 0.9246112623702971
0.5665805271952962 0.9246112623702971
0.5706209312357002 0.9246112623702971
0.5746613352761042 0.9246112623702971
0.5787017393165083 0.9246112623702971
0.5827421433569122 0.9246112623702971
0.5867825473973163 0.9246112623702971
0.5908229514377203 0.9246112623702971
0.5948633554781244 0.9246112623702971
0.5989037595185285 0.9246112623702971
0.6029441635589325 0.9246112623702971
0.6069845675993365 0.9246112623702971
0.6110249716397406 0.9246112623702971
0.6150653756801445 0.9246112623702971
0.6191057797205486 0.9246112623702971
0.6231461837609527 0.9246112623702971
0.6271865878013567 0.9246112623702971
0.6312269918417608 0.9246112623702971
0.6352673958821649 0.9246112623702971
0.6393077999225689 0.9246112623702971
0.6433482039629729 0.9246112623702971
0.6473886080033769 0.9246112623702971
0.6514290120437809 0.9246112623702971
0.655469416084185 0.9246112623702971
0.659509820124589 0.9246112623702971
0.6635502241649931 0.9246112623702971
0.6675906282053972 0.9246112623702971
0.6716310322458012 0.9246112623702971
0.6756714362862052 0.9246112623702971
0.6797118403266093 0.9246112623702971
0.6837522443670132 0.9246112623702971
0.6877926484074173 0.9246112623702971
0.6918330524478213 0.9246112623702971
0.6958734564882254 0.9246112623702971
0.6999138605286295 0.9246112623702971
0.29991386052862945 0.9286516664107012
0.3039542645690335 0.9286516664107012
0.3079946686094375 0.9286516664107012
0.31203507264984154 0.9286516664107012
0.3160754766902456 0.9286516664107012
0.32011588073064967 0.9286516664107012
0.3241562847710537 0.9286516664107012
0.32819668881145775 0.9286516664107012
0.33223709285186176 0.9286516664107012
0.3362774968922658 0.9286516664107012
0.34031790093266984 0.9286516664107012
0.3443583049730739 0.9286516664107012
0.3483987090134779 0.9286516664107012
0.352439113053882 0.9286516664107012
0.35647951709428605 0.9286516664107012
0.36051992113469006 0.9286516664107012
0.3847623453771143 0.9286516664107012
0.38880274941751836 0.9286516664107012
0.39284315345792237 0.9286516664107012
0.39688355749832643 0.9286516664107012
0.40092396153873044 0.9286516664107012
0.4049643655791345 0.9286516664107012
0.4090047696195385 0.9286516664107012
0.4130451736599426 0.9286516664107012
0.4170855777003466 0.9286516664107012
0.42112598174075067 0.9286516664107012
0.42516638578115473 0.9286516664107012
0.42920678982155874 0.9286516664107012
0.43324719386196275 0.9286516664107012
0.4372875979023668 0.9286516664107012
0.4413280019427709 0.9286516664107012
0.4453684059831749 0.9286516664107012
0.4494088100235789 0.9286516664107012
0.453449214063983 0.9286516664107012
0.45748961810438704 0.9286516664107012
0.46153002214479105 0.9286516664107012
0.4655704261851951 0.9286516664107012
0.46961083022559913 0.9286516664107012
0.4736512342660032 0.9286516664107012
0.47769163830640726 0.9286516664107012
0.4817320423468113 0.9286516664107012
0.4857724463872153 0.9286516664107012
0.48981285042761935 0.9286516664107012
0.4938532544680234 0.9286516664107012
0.49789365850842743 0.9286516664107012
0.5019340625488314 0.9286516664107012
0.5059744665892355 0.9286516664107012
0.5100148706296396 0.9286516664107012
0.5140552746700435 0.9286516664107012
0.5180956787104476 0.9286516664107012
0.5221360827508517 0.9286516664107012
0.5261764867912557 0.9286516664107012
0.5302168908316598 0.9286516664107012
0.5342572948720639 0.9286516664107012
0.5382976989124678 0.9286516664107012
0.5423381029528719 0.9286516664107012
0.546378506993276 0.9286516664107012
0.5504189110336799 0.9286516664107012
0.554459315074084 0.9286516664107012
0.558499719114488 0.9286516664107012
0.5625401231548921 0.9286516664107012
0.5665805271952962 0.9286516664107012
0.5706209312357002 0.9286516664107012
0.5746613352761042 0.9286516664107012
0.5787017393165083 0.9286516664107012
0.5827421433569122 0.9286516664107012
0.5867825473973163 0.9286516664107012
0.5908229514377203 0.9286516664107012
0.5948633554781244 0.9286516664107012
0.5989037595185285 0.9286516664107012
0.6029441635589325 0.9286516664107012
0.6069845675993365 0.9286516664107012
0.6110249716397406 0.9286516664107012
0.6150653756801445 0.9286516664107012
0.6191057797205486 0.9286516664107012
0.6231461837609527 0.9286516664107012
0.6271865878013567 0.9286516664107012
0.6312269918417608 0.9286516664107012
0.6352673958821649 0.9286516664107012
0.6393077999225689 0.9286516664107012
0.6433482039629729 0.9286516664107012
0.6473886080033769 0.9286516664107012
0.6514290120437809 0.9286516664107012
0.655469416084185 0.9286516664107012
0.659509820124589 0.9286516664107012
0.6635502241649931 0.9286516664107012
0.6675906282053972 0.9286516664107012
0.6716310322458012 0.9286516664107012
0.6756714362862052 0.9286516664107012
0.6797118403266093 0.9286516664107012
0.6837522443670132 0.9286516664107012
0.6877926484074173 0.9286516664107012
0.6918330524478213 0.9286516664107012
0.6958734564882254 0.9286516664107012
0.6999138605286295 0.9286516664107012
0.29991386052862945 0.9326920704511052
0.3039542645690335 0.9326920704511052
0.3079946686094375 0.9326920704511052
0.31203507264984154 0.9326920704511052
0.3160754766902456 0.9326920704511052
0.32011588073064967 0.9326920704511052
0.3241562847710537 0.9326920704511052
0.32819668881145775 0.9326920704511052
0.33223709285186176 0.9326920704511052
0.3362774968922658 0.9326920704511052
0.34031790093266984 0.9326920704511052
0.3443583049730739 0.9326920704511052
0.3483987090134779 0.9326920704511052
0.3726411332559022 0.9326920704511052
0.3766815372963062 0.9326920704511052
0.3807219413367102 0.9326920704511052
0.3847623453771143 0.9326920704511052
0.38880274941751836 0.9326920704511052
0.39284315345792237 0.9326920704511052
0.39688355749832643 0.9326920704511052
0.40092396153873044 0.9326920704511052
0.4049643655791345 0.9326920704511052
0.4090047696195385 0.9326920704511052
0.4130451736599426 0.9326920704511052
0.4170855777003466 0.9326920704511052
0.42112598174075067 0.9326920704511052
0.42516638578115473 0.9326920704511052
0.42920678982155874 0.9326920704511052
0.43324719386196275 0.9326920704511052
0.4372875979023668 0.9326920704511052
0.4413280019427709 0.9326920704511052
0.4453684059831749 0.9326920704511052
0.4494088100235789 0.9326920704511052
0.453449214063983 0.9326920704511052
0.45748961810438704 0.9326920704511052
0.46153002214479105 0.9326920704511052
0.4655704261851951 0.9326920704511052
0.46961083022559913 0.9326920704511052
0.4736512342660032 0.9326920704511052
0.47769163830640726 0.9326920704511052
0.4817320423468113 0.9326920704511052
0.4857724463872153 0.9326920704511052
0.48981285042761935 0.9326920704511052
0.4938532544680234 0.9326920704511052
0.49789365850842743 0.9326920704511052
0.5019340625488314 0.9326920704511052
0.5059744665892355 0.9326920704511052
0.5100148706296396 0.9326920704511052
0.5140552746700435 0.9326920704511052
0.5180956787104476 0.9326920704511052
0.5221360827508517 0.9326920704511052
0.5261764867912557 0.9326920704511052
0.5302168908316598 0.9326920704511052
0.5342572948720639 0.9326920704511052
0.5382976989124678 0.9326920704511052
0.5423381029528719 0.9326920704511052
0.546378506993276 0.9326920704511052
0.5504189110336799 0.9326920704511052
0.554459315074084 0.9326920704511052
0.558499719114488 0.9326920704511052
0.5625401231548921 0.9326920704511052
0.5665805271952962 0.9326920704511052
0.5706209312357002 0.9326920704511052
0.5746613352761042 0.9326920704511052
0.5787017393165083 0.9326920704511052
0.5827421433569122 0.9326920704511052
0.5867825473973163 0.9326920704511052
0.5908229514377203 0.9326920704511052
0.5948633554781244 0.9326920704511052
0.5989037595185285 0.9326920704511052
0.6029441635589325 0.9326920704511052
0.6069845675993365 0.9326920704511052
0.6110249716397406 0.9326920704511052
0.6150653756801445 0.9326920704511052
0.6191057797205486 0.9326920704511052
0.6231461837609527 0.9326920704511052
0.6271865878013567 0.9326920704511052
0.6312269918417608 0.9326920704511052
0.6352673958821649 0.9326920704511052
0.6393077999225689 0.9326920704511052
0.6433482039629729 0.9326920704511052
0.6473886080033769 0.9326920704511052
0.6514290120437809 0.9326920704511052
0.655469416084185 0.9326920704511052
0.659509820124589 0.9326920704511052
0.6635502241649931 0.9326920704511052
0.6675906282053972 0.9326920704511052
0.6716310322458012 0.9326920704511052
0.6756714362862052 0.9326920704511052
0.6797118403266093 0.9326920704511052
0.6837522443670132 0.9326920704511052
0.6877926484074173 0.9326920704511052
0.6918330524478213 0.9326920704511052
0.6958734564882254 0.9326920704511052
0.6999138605286295 0.9326920704511052
0.29991386052862945 0.9367324744915093
0.3039542645690335 0.9367324744915093
0.3079946686094375 0.9367324744915093
0.31203507264984154 0.9367324744915093
0.3160754766902456 0.9367324744915093
0.32011588073064967 0.9367324744915093
0.3241562847710537 0.9367324744915093
0.32819668881145775 0.9367324744915093
0.33223709285186176 0.9367324744915093
0.3362774968922658 0.9367324744915093
0.36051992113469006 0.9367324744915093
0.36456032517509407 0.9367324744915093
0.36860072921549814 0.9367324744915093
0.3726411332559022 0.9367324744915093
0.3766815372963062 0.9367324744915093
0.3807219413367102 0.9367324744915093
0.3847623453771143 0.9367324744915093
0.38880274941751836 0.9367324744915093
0.39284315345792237 0.9367324744915093
0.39688355749832643 0.9367324744915093
0.40092396153873044 0.9367324744915093
0.4049643655791345 0.9367324744915093
0.4090047696195385 0.9367324744915093
0.4130451736599426 0.9367324744915093
0.4170855777003466 0.9367324744915093
0.42112598174075067 0.9367324744915093
0.42516638578115473 0.9367324744915093
0.42920678982155874 0.9367324744915093
0.43324719386196275 0.9367324744915093
0.4372875979023668 0.9367324744915093
0.4413280019427709 0.9367324744915093
0.4453684059831749 0.9367324744915093
0.4494088100235789 0.9367324744915093
0.453449214063983 0.9367324744915093
0.45748961810438704 0.9367324744915093
0.46153002214479105 0.9367324744915093
0.4655704261851951 0.9367324744915093
0.46961083022559913 0.9367324744915093
0.4736512342660032 0.9367324744915093
0.47769163830640726 0.9367324744915093
0.4817320423468113 0.9367324744915093
0.4857724463872153 0.9367324744915093
0.48981285042761935 0.9367324744915093
0.4938532544680234 0.9367324744915093
0.49789365850842743 0.9367324744915093
0.5019340625488314 0.9367324744915093
0.5059744665892355 0.9367324744915093
0.5100148706296396 0.9367324744915093
0.5140552746700435 0.9367324744915093
0.5180956787104476 0.9367324744915093
0.5221360827508517 0.9367324744915093
0.5261764867912557 0.9367324744915093
0.5302168908316598 0.9367324744915093
0.5342572948720639 0.9367324744915093
0.5382976989124678 0.9367324744915093
0.5423381029528719 0.9367324744915093
0.546378506993276 0.9367324744915093
0.5504189110336799 0.9367324744915093
0.554459315074084 0.9367324744915093
0.558499719114488 0.9367324744915093
0.5625401231548921 0.9367324744915093
0.5665805271952962 0.9367324744915093
0.5706209312357002 0.9367324744915093
0.5746613352761042 0.9367324744915093
0.5787017393165083 0.9367324744915093
0.5827421433569122 0.9367324744915093
0.5867825473973163 0.9367324744915093
0.5908229514377203 0.9367324744915093
0.5948633554781244 0.9367324744915093
0.5989037595185285 0.9367324744915093
0.6029441635589325 0.9367324744915093
0.6069845675993365 0.9367324744915093
0.6110249716397406 0.9367324744915093
0.6150653756801445 0.9367324744915093
0.6191057797205486 0.9367324744915093
0.6231461837609527 0.9367324744915093
0.6271865878013567 0.9367324744915093
0.6312269918417608 0.9367324744915093
0.6352673958821649 0.9367324744915093
0.6393077999225689 0.9367324744915093
0.6433482039629729 0.9367324744915093
0.6473886080033769 0.9367324744915093
0.6514290120437809 0.9367324744915093
0.655469416084185 0.9367324744915093
0.659509820124589 0.9367324744915093
0.6635502241649931 0.9367324744915093
0.6675906282053972 0.9367324744915093
0.6716310322458012 0.9367324744915093
0.6756714362862052 0.9367324744915093
0.6797118403266093 0.9367324744915093
0.6837522443670132 0.9367324744915093
0.6877926484074173 0.9367324744915093
0.6918330524478213 0.9367324744915093
0.6958734564882254 0.9367324744915093
0.6999138605286295 0.9367324744915093
0.29991386052862945 0.9407728785319134
0.3039542645690335 0.9407728785319134
0.3079946686094375 0.9407728785319134
0.31203507264984154 0.9407728785319134
0.3160754766902456 0.9407728785319134
0.32011588073064967 0.9407728785319134
0.3241562847710537 0.9407728785319134
0.352439113053882 0.9407728785319134
0.35647951709428605 0.9407728785319134
0.36051992113469006 0.9407728785319134
0.36456032517509407 0.9407728785319134
0.36860072921549814 0.9407728785319134
0.3726411332559022 0.9407728785319134
0.3766815372963062 0.9407728785319134
0.3807219413367102 0.9407728785319134
0.3847623453771143 0.9407728785319134
0.38880274941751836 0.9407728785319134
0.39284315345792237 0.9407728785319134
0.39688355749832643 0.9407728785319134
0.40092396153873044 0.9407728785319134
0.4049643655791345 0.9407728785319134
0.4090047696195385 0.9407728785319134
0.4130451736599426 0.9407728785319134
0.4170855777003466 0.9407728785319134
0.42112598174075067 0.9407728785319134
0.42516638578115473 0.9407728785319134
0.42920678982155874 0.9407728785319134
0.43324719386196275 0.9407728785319134
0.4372875979023668 0.9407728785319134
0.4413280019427709 0.9407728785319134
0.4453684059831749 0.9407728785319134
0.4494088100235789 0.9407728785319134
0.453449214063983 0.9407728785319134
0.45748961810438704 0.9407728785319134
0.46153002214479105 0.9407728785319134
0.4655704261851951 0.9407728785319134
0.46961083022559913 0.9407728785319134
0.4736512342660032 0.9407728785319134
0.47769163830640726 0.9407728785319134
0.4817320423468113 0.9407728785319134
0.4857724463872153 0.9407728785319134
0.48981285042761935 0.9407728785319134
0.4938532544680234 0.9407728785319134
0.49789365850842743 0.9407728785319134
0.5019340625488314 0.9407728785319134
0.5059744665892355 0.9407728785319134
0.5100148706296396 0.9407728785319134
0.5140552746700435 0.9407728785319134
0.5180956787104476 0.9407728785319134
0.5221360827508517 0.9407728785319134
0.5261764867912557 0.9407728785319134
0.5302168908316598 0.9407728785319134
0.5342572948720639 0.9407728785319134
0.5382976989124678 0.9407728785319134
0.5423381029528719 0.9407728785319134
0.546378506993276 0.9407728785319134
0.5504189110336799 0.9407728785319134
0.554459315074084 0.9407728785319134
0.558499719114488 0.9407728785319134
0.5625401231548921 0.9407728785319134
0.5665805271952962 0.9407728785319134
0.5706209312357002 0.9407728785319134
0.5746613352761042 0.9407728785319134
0.5787017393165083 0.9407728785319134
0.5827421433569122 0.9407728785319134
0.5867825473973163 0.9407728785319134
0.5908229514377203 0.9407728785319134
0.5948633554781244 0.9407728785319134
0.5989037595185285 0.9407728785319134
0.6029441635589325 0.9407728785319134
0.6069845675993365 0.9407728785319134
0.6110249716397406 0.9407728785319134
0.6150653756801445 0.9407728785319134
0.6191057797205486 0.9407728785319134
0.6231461837609527 0.9407728785319134
0.6271865878013567 0.9407728785319134
0.6312269918417608 0.9407728785319134
0.6352673958821649 0.9407728785319134
0.6393077999225689 0.9407728785319134
0.6433482039629729 0.9407728785319134
0.6473886080033769 0.9407728785319134
0.6514290120437809 0.9407728785319134
0.655469416084185 0.9407728785319134
0.659509820124589 0.9407728785319134
0.6635502241649931 0.9407728785319134
0.6675906282053972 0.9407728785319134
0.6716310322458012 0.9407728785319134
0.6756714362862052 0.9407728785319134
0.6797118403266093 0.9407728785319134
0.6837522443670132 0.9407728785319134
0.6877926484074173 0.9407728785319134
0.6918330524478213 0.9407728785319134
0.6958734564882254 0.9407728785319134
0.6999138605286295 0.9407728785319134
0.29991386052862945 0.9448132825723174
0.3039542645690335 0.9448132825723174
0.3079946686094375 0.9448132825723174
0.31203507264984154 0.9448132825723174
0.34031790093266984 0.9448132825723174
0.3443583049730739 0.9448132825723174
0.3483987090134779 0.9448132825723174
0.352439113053882 0.9448132825723174
0.35647951709428605 0.9448132825723174
0.36456032517509407 0.9448132825723174
0.36860072921549814 0.9448132825723174
0.3726411332559022 0.9448132825723174
0.3766815372963062 0.9448132825723174
0.3807219413367102 0.9448132825723174
0.3847623453771143 0.9448132825723174
0.38880274941751836 0.9448132825723174
0.39284315345792237 0.9448132825723174
0.39688355749832643 0.9448132825723174
0.40092396153873044 0.9448132825723174
0.4049643655791345 0.9448132825723174
0.4090047696195385 0.9448132825723174
0.4130451736599426 0.9448132825723174
0.4170855777003466 0.9448132825723174
0.42112598174075067 0.9448132825723174
0.42516638578115473 0.9448132825723174
0.42920678982155874 0.9448132825723174
0.43324719386196275 0.9448132825723174
0.4372875979023668 0.9448132825723174
0.4413280019427709 0.9448132825723174
0.4453684059831749 0.9448132825723174
0.4494088100235789 0.9448132825723174
0.453449214063983 0.9448132825723174
0.45748961810438704 0.9448132825723174
0.46153002214479105 0.9448132825723174
0.4655704261851951 0.9448132825723174
0.46961083022559913 0.9448132825723174
0.4736512342660032 0.9448132825723174
0.47769163830640726 0.9448132825723174
0.4817320423468113 0.9448132825723174
0.4857724463872153 0.9448132825723174
0.48981285042761935 0.9448132825723174
0.4938532544680234 0.9448132825723174
0.49789365850842743 0.9448132825723174
0.5019340625488314 0.9448132825723174
0.5059744665892355 0.9448132825723174
0.5100148706296396 0.9448132825723174
0.5140552746700435 0.9448132825723174
0.5180956787104476 0.9448132825723174
0.5221360827508517 0.9448132825723174
0.5261764867912557 0.9448132825723174
0.5302168908316598 0.9448132825723174
0.5342572948720639 0.9448132825723174
0.5382976989124678 0.9448132825723174
0.5423381029528719 0.9448132825723174
0.546378506993276 0.9448132825723174
0.5504189110336799 0.9448132825723174
0.554459315074084 0.9448132825723174
0.558499719114488 0.9448132825723174
0.5625401231548921 0.9448132825723174
0.5665805271952962 0.9448132825723174
0.5706209312357002 0.9448132825723174
0.5746613352761042 0.9448132825723174
0.5787017393165083 0.9448132825723174
0.5827421433569122 0.9448132825723174
0.5867825473973163 0.9448132825723174
0.5908229514377203 0.9448132825723174
0.5948633554781244 0.9448132825723174
0.5989037595185285 0.9448132825723174
0.6029441635589325 0.9448132825723174
0.6069845675993365 0.9448132825723174
0.6110249716397406 0.9448132825723174
0.6150653756801445 0.9448132825723174
0.6191057797205486 0.9448132825723174
0.6231461837609527 0.9448132825723174
0.6271865878013567 0.9448132825723174
0.6312269918417608 0.9448132825723174
0.6352673958821649 0.9448132825723174
0.6393077999225689 0.9448132825723174
0.6433482039629729 0.9448132825723174
0.6473886080033769 0.9448132825723174
0.6514290120437809 0.9448132825723174
0.655469416084185 0.9448132825723174
0.659509820124589 0.9448132825723174
0.6635502241649931 0.9448132825723174
0.6675906282053972 0.9448132825723174
0.6716310322458012 0.9448132825723174
0.6756714362862052 0.9448132825723174
0.6797118403266093 0.9448132825723174
0.6837522443670132 0.9448132825723174
0.6877926484074173 0.9448132825723174
0.6918330524478213 0.9448132825723174
0.6958734564882254 0.9448132825723174
0.6999138605286295 0.9448132825723174
0.29991386052862945 0.9488536866127214
0.32819668881145775 0.9488536866127214
0.33223709285186176 0.9488536866127214
0.3362774968922658 0.9488536866127214
0.34031790093266984 0.9488536866127214
0.3443583049730739 0.9488536866127214
0.3483987090134779 0.9488536866127214
0.352439113053882 0.9488536866127214
0.35647951709428605 0.9488536866127214
0.36051992113469006 0.9488536866127214
0.36456032517509407 0.9488536866127214
0.36860072921549814 0.9488536866127214
0.3726411332559022 0.9488536866127214
0.3766815372963062 0.9488536866127214
0.3807219413367102 0.9488536866127214
0.3847623453771143 0.9488536866127214
0.38880274941751836 0.9488536866127214
0.39284315345792237 0.9488536866127214
0.39688355749832643 0.9488536866127214
0.40092396153873044 0.9488536866127214
0.4049643655791345 0.9488536866127214
0.4090047696195385 0.9488536866127214
0.4130451736599426 0.9488536866127214
0.4170855777003466 0.9488536866127214
0.42112598174075067 0.9488536866127214
0.42516638578115473 0.9488536866127214
0.42920678982155874 0.9488536866127214
0.43324719386196275 0.9488536866127214
0.4372875979023668 0.9488536866127214
0.4413280019427709 0.9488536866127214
0.4453684059831749 0.9488536866127214
0.4494088100235789 0.9488536866127214
0.453449214063983 0.9488536866127214
0.45748961810438704 0.9488536866127214
0.46153002214479105 0.9488536866127214
0.4655704261851951 0.9488536866127214
0.46961083022559913 0.9488536866127214
0.4736512342660032 0.9488536866127214
0.47769163830640726 0.9488536866127214
0.4817320423468113 0.9488536866127214
0.4857724463872153 0.9488536866127214
0.48981285042761935 0.9488536866127214
0.4938532544680234 0.9488536866127214
0.49789365850842743 0.9488536866127214
0.5019340625488314 0.9488536866127214
0.5059744665892355 0.9488536866127214
0.5100148706296396 0.9488536866127214
0.5140552746700435 0.9488536866127214
0.5180956787104476 0.9488536866127214
0.5221360827508517 0.9488536866127214
0.5261764867912557 0.9488536866127214
0.5302168908316598 0.9488536866127214
0.5342572948720639 0.9488536866127214
0.5382976989124678 0.9488536866127214
0.5423381029528719 0.9488536866127214
0.546378506993276 0.9488536866127214
0.5504189110336799 0.9488536866127214
0.554459315074084 0.9488536866127214
0.558499719114488 0.9488536866127214
0.5625401231548921 0.9488536866127214
0.5665805271952962 0.9488536866127214
0.5706209312357002 0.9488536866127214
0.5746613352761042 0.9488536866127214
0.5787017393165083 0.9488536866127214
0.5827421433569122 0.9488536866127214
0.5867825473973163 0.9488536866127214
0.5908229514377203 0.9488536866127214
0.5948633554781244 0.9488536866127214
0.5989037595185285 0.9488536866127214
0.6029441635589325 0.9488536866127214
0.6069845675993365 0.9488536866127214
0.6110249716397406 0.9488536866127214
0.6150653756801445 0.9488536866127214
0.6191057797205486 0.9488536866127214
0.6231461837609527 0.9488536866127214
0.6271865878013567 0.9488536866127214
0.6312269918417608 0.9488536866127214
0.6352673958821649 0.9488536866127214
0.6393077999225689 0.9488536866127214
0.6433482039629729 0.9488536866127214
0.6473886080033769 0.9488536866127214
0.6514290120437809 0.9488536866127214
0.655469416084185 0.9488536866127214
0.659509820124589 0.9488536866127214
0.6635502241649931 0.9488536866127214
0.6675906282053972 0.9488536866127214
0.6716310322458012 0.9488536866127214
0.6756714362862052 0.9488536866127214
0.6797118403266093 0.9488536866127214
0.6837522443670132 0.9488536866127214
0.6877926484074173 0.9488536866127214
0.6918330524478213 0.9488536866127214
0.6958734564882254 0.9488536866127214
0.6999138605286295 0.9488536866127214
0.3160754766902456 0.9528940906531255
0.32011588073064967 0.9528940906531255
0.3241562847710537 0.9528940906531255
0.32819668881145775 0.9528940906531255
0.33223709285186176 0.9528940906531255
0.3362774968922658 0.9528940906531255
0.34031790093266984 0.9528940906531255
0.3443583049730739 0.9528940906531255
0.3483987090134779 0.9528940906531255
0.352439113053882 0.9528940906531255
0.35647951709428605 0.9528940906531255
0.36051992113469006 0.9528940906531255
0.36456032517509407 0.9528940906531255
0.36860072921549814 0.9528940906531255
0.3726411332559022 0.9528940906531255
0.3766815372963062 0.9528940906531255
0.3807219413367102 0.9528940906531255
0.3847623453771143 0.9528940906531255
0.38880274941751836 0.9528940906531255
0.39284315345792237 0.9528940906531255
0.39688355749832643 0.9528940906531255
0.40092396153873044 0.9528940906531255
0.4049643655791345 0.9528940906531255
0.4090047696195385 0.9528940906531255
0.4130451736599426 0.9528940906531255
0.4170855777003466 0.9528940906531255
0.42112598174075067 0.9528940906531255
0.42516638578115473 0.9528940906531255
0.42920678982155874 0.9528940906531255
0.43324719386196275 0.9528940906531255
0.4372875979023668 0.9528940906531255
0.4413280019427709 0.9528940906531255
0.4453684059831749 0.9528940906531255
0.4494088100235789 0.9528940906531255
0.453449214063983 0.9528940906531255
0.45748961810438704 0.9528940906531255
0.46153002214479105 0.9528940906531255
0.4655704261851951 0.9528940906531255
0.46961083022559913 0.9528940906531255
0.4736512342660032 0.9528940906531255
0.47769163830640726 0.9528940906531255
0.4817320423468113 0.9528940906531255
0.4857724463872153 0.9528940906531255
0.48981285042761935 0.9528940906531255
0.4938532544680234 0.9528940906531255
0.49789365850842743 0.9528940906531255
0.5019340625488314 0.9528940906531255
0.5059744665892355 0.9528940906531255
0.5100148706296396 0.9528940906531255
0.5140552746700435 0.9528940906531255
0.5180956787104476 0.9528940906531255
0.5221360827508517 0.9528940906531255
0.5261764867912557 0.9528940906531255
0.5302168908316598 0.9528940906531255
0.5342572948720639 0.9528940906531255
0.5382976989124678 0.9528940906531255
0.5423381029528719 0.9528940906531255
0.546378506993276 0.9528940906531255
0.5504189110336799 0.9528940906531255
0.554459315074084 0.9528940906531255
0.558499719114488 0.9528940906531255
0.5625401231548921 0.9528940906531255
0.5665805271952962 0.9528940906531255
0.5706209312357002 0.9528940906531255
0.5746613352761042 0.9528940906531255
0.5787017393165083 0.9528940906531255
0.5827421433569122 0.9528940906531255
0.5867825473973163 0.9528940906531255
0.5908229514377203 0.9528940906531255
0.5948633554781244 0.9528940906531255
0.5989037595185285 0.9528940906531255
0.6029441635589325 0.9528940906531255
0.6069845675993365 0.9528940906531255
0.6110249716397406 0.9528940906531255
0.6150653756801445 0.9528940906531255
0.6191057797205486 0.9528940906531255
0.6231461837609527 0.9528940906531255
0.6271865878013567 0.9528940906531255
0.6312269918417608 0.9528940906531255
0.6352673958821649 0.9528940906531255
0.6393077999225689 0.9528940906531255
0.6433482039629729 0.9528940906531255
0.6473886080033769 0.9528940906531255
0.6514290120437809 0.9528940906531255
0.655469416084185 0.9528940906531255
0.659509820124589 0.9528940906531255
0.6635502241649931 0.9528940906531255
0.6675906282053972 0.9528940906531255
0.6716310322458012 0.9528940906531255
0.6756714362862052 0.9528940906531255
0.6797118403266093 0.9528940906531255
0.6837522443670132 0.9528940906531255
0.6877926484074173 0.9528940906531255
0.6918330524478213 0.9528940906531255
0.6958734564882254 0.9528940906531255
0.6999138605286295 0.9528940906531255
0.3039542645690335 0.9569344946935294
0.3079946686094375 0.9569344946935294
0.31203507264984154 0.9569344946935294
0.3160754766902456 0.9569344946935294
0.32011588073064967 0.9569344946935294
0.3241562847710537 0.9569344946935294
0.32819668881145775 0.9569344946935294
0.33223709285186176 0.9569344946935294
0.3362774968922658 0.9569344946935294
0.34031790093266984 0.9569344946935294
0.3443583049730739 0.9569344946935294
0.3483987090134779 0.9569344946935294
0.352439113053882 0.9569344946935294
0.35647951709428605 0.9569344946935294
0.36051992113469006 0.9569344946935294
0.36456032517509407 0.9569344946935294
0.36860072921549814 0.9569344946935294
0.3726411332559022 0.9569344946935294
0.3766815372963062 0.9569344946935294
0.3807219413367102 0.9569344946935294
0.3847623453771143 0.9569344946935294
0.38880274941751836 0.9569344946935294
0.39284315345792237 0.9569344946935294
0.39688355749832643 0.9569344946935294
0.40092396153873044 0.9569344946935294
0.4049643655791345 0.9569344946935294
0.4090047696195385 0.9569344946935294
0.4130451736599426 0.9569344946935294
0.4170855777003466 0.9569344946935294
0.42112598174075067 0.9569344946935294
0.42516638578115473 0.9569344946935294
0.42920678982155874 0.9569344946935294
0.43324719386196275 0.9569344946935294
0.4372875979023668 0.9569344946935294
0.4413280019427709 0.9569344946935294
0.4453684059831749 0.9569344946935294
0.4494088100235789 0.9569344946935294
0.453449214063983 0.9569344946935294
0.45748961810438704 0.9569344946935294
0.46153002214479105 0.9569344946935294
0.4655704261851951 0.9569344946935294
0.46961083022559913 0.9569344946935294
0.4736512342660032 0.9569344946935294
0.47769163830640726 0.9569344946935294
0.4817320423468113 0.9569344946935294
0.4857724463872153 0.9569344946935294
0.48981285042761935 0.9569344946935294
0.4938532544680234 0.9569344946935294
0.49789365850842743 0.9569344946935294
0.5019340625488314 0.9569344946935294
0.5059744665892355 0.9569344946935294
0.5100148706296396 0.9569344946935294
0.5140552746700435 0.9569344946935294
0.5180956787104476 0.9569344946935294
0.5221360827508517 0.9569344946935294
0.5261764867912557 0.9569344946935294
0.5302168908316598 0.9569344946935294
0.5342572948720639 0.9569344946935294
0.5382976989124678 0.9569344946935294
0.5423381029528719 0.9569344946935294
0.546378506993276 0.9569344946935294
0.5504189110336799 0.9569344946935294
0.554459315074084 0.9569344946935294
0.558499719114488 0.9569344946935294
0.5625401231548921 0.9569344946935294
0.5665805271952962 0.9569344946935294
0.5706209312357002 0.9569344946935294
0.5746613352761042 0.9569344946935294
0.5787017393165083 0.9569344946935294
0.5827421433569122 0.9569344946935294
0.5867825473973163 0.9569344946935294
0.5908229514377203 0.9569344946935294
0.5948633554781244 0.9569344946935294
0.5989037595185285 0.9569344946935294
0.6029441635589325 0.9569344946935294
0.6069845675993365 0.9569344946935294
0.6110249716397406 0.9569344946935294
0.6150653756801445 0.9569344946935294
0.6191057797205486 0.9569344946935294
0.6231461837609527 0.9569344946935294
0.6271865878013567 0.9569344946935294
0.6312269918417608 0.9569344946935294
0.6352673958821649 0.9569344946935294
0.6393077999225689 0.9569344946935294
0.6433482039629729 0.9569344946935294
0.6473886080033769 0.9569344946935294
0.6514290120437809 0.9569344946935294
0.655469416084185 0.9569344946935294
0.659509820124589 0.9569344946935294
0.6635502241649931 0.9569344946935294
0.6675906282053972 0.9569344946935294
0.6716310322458012 0.9569344946935294
0.6756714362862052 0.9569344946935294
0.6797118403266093 0.9569344946935294
0.6837522443670132 0.9569344946935294
0.6877926484074173 0.9569344946935294
0.6918330524478213 0.9569344946935294
0.6958734564882254 0.9569344946935294
0.6999138605286295 0.9569344946935294
0.29991386052862945 0.9609748987339335
0.3039542645690335 0.9609748987339335
0.3079946686094375 0.9609748987339335
0.31203507264984154 0.9609748987339335
0.3160754766902456 0.9609748987339335
0.32011588073064967 0.9609748987339335
0.3241562847710537 0.9609748987339335
0.33223709285186176 0.9609748987339335
0.3362774968922658 0.9609748987339335
0.34031790093266984 0.9609748987339335
0.3443583049730739 0.9609748987339335
0.3483987090134779 0.9609748987339335
0.352439113053882 0.9609748987339335
0.35647951709428605 0.9609748987339335
0.36051992113469006 0.9609748987339335
0.36456032517509407 0.9609748987339335
0.36860072921549814 0.9609748987339335
0.3726411332559022 0.9609748987339335
0.3766815372963062 0.9609748987339335
0.3807219413367102 0.9609748987339335
0.3847623453771143 0.9609748987339335
0.38880274941751836 0.9609748987339335
0.39284315345792237 0.9609748987339335
0.39688355749832643 0.9609748987339335
0.40092396153873044 0.9609748987339335
0.4049643655791345 0.9609748987339335
0.4090047696195385 0.9609748987339335
0.4130451736599426 0.9609748987339335
0.4170855777003466 0.9609748987339335
0.42112598174075067 0.9609748987339335
0.42516638578115473 0.9609748987339335
0.42920678982155874 0.9609748987339335
0.43324719386196275 0.9609748987339335
0.4372875979023668 0.9609748987339335
0.4413280019427709 0.9609748987339335
0.4453684059831749 0.9609748987339335
0.4494088100235789 0.9609748987339335
0.453449214063983 0.9609748987339335
0.45748961810438704 0.9609748987339335
0.46153002214479105 0.9609748987339335
0.4655704261851951 0.9609748987339335
0.46961083022559913 0.9609748987339335
0.4736512342660032 0.9609748987339335
0.47769163830640726 0.9609748987339335
0.4817320423468113 0.9609748987339335
0.4857724463872153 0.9609748987339335
0.48981285042761935 0.9609748987339335
0.4938532544680234 0.9609748987339335
0.49789365850842743 0.9609748987339335
0.5019340625488314 0.9609748987339335
0.5059744665892355 0.9609748987339335
0.5100148706296396 0.9609748987339335
0.5140552746700435 0.9609748987339335
0.5180956787104476 0.9609748987339335
0.5221360827508517 0.9609748987339335
0.5261764867912557 0.9609748987339335
0.5302168908316598 0.9609748987339335
0.5342572948720639 0.9609748987339335
0.5382976989124678 0.9609748987339335
0.5423381029528719 0.9609748987339335
0.546378506993276 0.9609748987339335
0.5504189110336799 0.9609748987339335
0.554459315074084 0.9609748987339335
0.558499719114488 0.9609748987339335
0.5625401231548921 0.9609748987339335
0.5665805271952962 0.9609748987339335
0.5706209312357002 0.9609748987339335
0.5746613352761042 0.9609748987339335
0.5787017393165083 0.9609748987339335
0.5827421433569122 0.9609748987339335
0.5867825473973163 0.9609748987339335
0.5908229514377203 0.9609748987339335
0.5948633554781244 0.9609748987339335
0.5989037595185285 0.9609748987339335
0.6029441635589325 0.9609748987339335
0.6069845675993365 0.9609748987339335
0.6110249716397406 0.9609748987339335
0.6150653756801445 0.9609748987339335
0.6191057797205486 0.9609748987339335
0.6231461837609527 0.9609748987339335
0.6271865878013567 0.9609748987339335
0.6312269918417608 0.9609748987339335
0.6352673958821649 0.9609748987339335
0.6393077999225689 0.9609748987339335
0.6433482039629729 0.9609748987339335
0.6473886080033769 0.9609748987339335
0.6514290120437809 0.9609748987339335
0.655469416084185 0.9609748987339335
0.659509820124589 0.9609748987339335
0.6635502241649931 0.9609748987339335
0.6675906282053972 0.9609748987339335
0.6716310322458012 0.9609748987339335
0.6756714362862052 0.9609748987339335
0.6797118403266093 0.9609748987339335
0.6837522443670132 0.9609748987339335
0.6877926484074173 0.9609748987339335
0.6918330524478213 0.9609748987339335
0.6958734564882254 0.9609748987339335
0.6999138605286295 0.9609748987339335
0.29991386052862945 0.9650153027743376
0.3039542645690335 0.9650153027743376
0.3079946686094375 0.9650153027743376
0.31203507264984154 0.9650153027743376
0.3160754766902456 0.9650153027743376
0.32011588073064967 0.9650153027743376
0.3241562847710537 0.9650153027743376
0.32819668881145775 0.9650153027743376
0.33223709285186176 0.9650153027743376
0.3362774968922658 0.9650153027743376
0.34031790093266984 0.9650153027743376
0.3443583049730739 0.9650153027743376
0.3483987090134779 0.9650153027743376
0.352439113053882 0.9650153027743376
0.35647951709428605 0.9650153027743376
0.36051992113469006 0.9650153027743376
0.36456032517509407 0.9650153027743376
0.36860072921549814 0.9650153027743376
0.3726411332559022 0.9650153027743376
0.3766815372963062 0.9650153027743376
0.3807219413367102 0.9650153027743376
0.3847623453771143 0.9650153027743376
0.38880274941751836 0.9650153027743376
0.39284315345792237 0.9650153027743376
0.39688355749832643 0.9650153027743376
0.40092396153873044 0.9650153027743376
0.4049643655791345 0.9650153027743376
0.4090047696195385 0.9650153027743376
0.4130451736599426 0.9650153027743376
0.4170855777003466 0.9650153027743376
0.42112598174075067 0.9650153027743376
0.42516638578115473 0.9650153027743376
0.42920678982155874 0.9650153027743376
0.43324719386196275 0.9650153027743376
0.4372875979023668 0.9650153027743376
0.4413280019427709 0.9650153027743376
0.4453684059831749 0.9650153027743376
0.4494088100235789 0.9650153027743376
0.453449214063983 0.9650153027743376
0.45748961810438704 0.9650153027743376
0.46153002214479105 0.9650153027743376
0.4655704261851951 0.9650153027743376
0.46961083022559913 0.9650153027743376
0.4736512342660032 0.9650153027743376
0.47769163830640726 0.9650153027743376
0.4817320423468113 0.9650153027743376
0.4857724463872153 0.9650153027743376
0.48981285042761935 0.9650153027743376
0.4938532544680234 0.9650153027743376
0.49789365850842743 0.9650153027743376
0.5019340625488314 0.9650153027743376
0.5059744665892355 0.9650153027743376
0.5100148706296396 0.9650153027743376
0.5140552746700435 0.9650153027743376
0.5180956787104476 0.9650153027743376
0.5221360827508517 0.9650153027743376
0.5261764867912557 0.9650153027743376
0.5302168908316598 0.9650153027743376
0.5342572948720639 0.9650153027743376
0.5382976989124678 0.9650153027743376
0.5423381029528719 0.9650153027743376
0.546378506993276 0.9650153027743376
0.5504189110336799 0.9650153027743376
0.554459315074084 0.9650153027743376
0.558499719114488 0.9650153027743376
0.5625401231548921 0.9650153027743376
0.5665805271952962 0.9650153027743376
0.5706209312357002 0.9650153027743376
0.5746613352761042 0.9650153027743376
0.5787017393165083 0.9650153027743376
0.5827421433569122 0.9650153027743376
0.5867825473973163 0.9650153027743376
0.5908229514377203 0.9650153027743376
0.5948633554781244 0.9650153027743376
0.5989037595185285 0.9650153027743376
0.6029441635589325 0.9650153027743376
0.6069845675993365 0.9650153027743376
0.6110249716397406 0.9650153027743376
0.6150653756801445 0.9650153027743376
0.6191057797205486 0.9650153027743376
0.6231461837609527 0.9650153027743376
0.6271865878013567 0.9650153027743376
0.6312269918417608 0.9650153027743376
0.6352673958821649 0.9650153027743376
0.6393077999225689 0.9650153027743376
0.6433482039629729 0.9650153027743376
0.6473886080033769 0.9650153027743376
0.6514290120437809 0.9650153027743376
0.655469416084185 0.9650153027743376
0.659509820124589 0.9650153027743376
0.6635502241649931 0.9650153027743376
0.6675906282053972 0.9650153027743376
0.6716310322458012 0.9650153027743376
0.6756714362862052 0.9650153027743376
0.6797118403266093 0.9650153027743376
0.6837522443670132 0.9650153027743376
0.6877926484074173 0.9650153027743376
0.6918330524478213 0.9650153027743376
0.6958734564882254 0.9650153027743376
0.6999138605286295 0.9650153027743376
0.29991386052862945 0.9690557068147416
0.3039542645690335 0.9690557068147416
0.3079946686094375 0.9690557068147416
0.31203507264984154 0.9690557068147416
0.3160754766902456 0.9690557068147416
0.32011588073064967 0.9690557068147416
0.3241562847710537 0.9690557068147416
0.32819668881145775 0.9690557068147416
0.33223709285186176 0.9690557068147416
0.3362774968922658 0.9690557068147416
0.34031790093266984 0.9690557068147416
0.3483987090134779 0.9690557068147416
0.352439113053882 0.9690557068147416
0.35647951709428605 0.9690557068147416
0.36051992113469006 0.9690557068147416
0.36456032517509407 0.9690557068147416
0.36860072921549814 0.9690557068147416
0.3726411332559022 0.9690557068147416
0.3766815372963062 0.9690557068147416
0.3807219413367102 0.9690557068147416
0.3847623453771143 0.9690557068147416
0.38880274941751836 0.9690557068147416
0.39284315345792237 0.9690557068147416
0.39688355749832643 0.9690557068147416
0.40092396153873044 0.9690557068147416
0.4049643655791345 0.9690557068147416
0.4090047696195385 0.9690557068147416
0.4130451736599426 0.9690557068147416
0.4170855777003466 0.9690557068147416
0.42112598174075067 0.9690557068147416
0.42516638578115473 0.9690557068147416
0.42920678982155874 0.9690557068147416
0.43324719386196275 0.9690557068147416
0.4372875979023668 0.9690557068147416
0.4413280019427709 0.9690557068147416
0.4453684059831749 0.9690557068147416
0.4494088100235789 0.9690557068147416
0.453449214063983 0.9690557068147416
0.45748961810438704 0.9690557068147416
0.46153002214479105 0.9690557068147416
0.4655704261851951 0.9690557068147416
0.46961083022559913 0.9690557068147416
0.4736512342660032 0.9690557068147416
0.47769163830640726 0.9690557068147416
0.4817320423468113 0.9690557068147416
0.4857724463872153 0.9690557068147416
0.48981285042761935 0.9690557068147416
0.4938532544680234 0.9690557068147416
0.49789365850842743 0.9690557068147416
0.5019340625488314 0.9690557068147416
0.5059744665892355 0.9690557068147416
0.5100148706296396 0.9690557068147416
0.5140552746700435 0.9690557068147416
0.5180956787104476 0.9690557068147416
0.5221360827508517 0.9690557068147416
0.5261764867912557 0.9690557068147416
0.5302168908316598 0.9690557068147416
0.5342572948720639 0.9690557068147416
0.5382976989124678 0.9690557068147416
0.5423381029528719 0.9690557068147416
0.546378506993276 0.9690557068147416
0.5504189110336799 0.9690557068147416
0.554459315074084 0.9690557068147416
0.558499719114488 0.9690557068147416
0.5625401231548921 0.9690557068147416
0.5665805271952962 0.9690557068147416
0.5706209312357002 0.9690557068147416
0.5746613352761042 0.9690557068147416
0.5787017393165083 0.9690557068147416
0.5827421433569122 0.9690557068147416
0.5867825473973163 0.9690557068147416
0.5908229514377203 0.9690557068147416
0.5948633554781244 0.9690557068147416
0.5989037595185285 0.9690557068147416
0.6029441635589325 0.9690557068147416
0.6069845675993365 0.9690557068147416
0.6110249716397406 0.9690557068147416
0.6150653756801445 0.9690557068147416
0.6191057797205486 0.9690557068147416
0.6231461837609527 0.9690557068147416
0.6271865878013567 0.9690557068147416
0.6312269918417608 0.9690557068147416
0.6352673958821649 0.9690557068147416
0.6393077999225689 0.9690557068147416
0.6433482039629729 0.9690557068147416
0.6473886080033769 0.9690557068147416
0.6514290120437809 0.9690557068147416
0.655469416084185 0.9690557068147416
0.659509820124589 0.9690557068147416
0.6635502241649931 0.9690557068147416
0.6675906282053972 0.9690557068147416
0.6716310322458012 0.9690557068147416
0.6756714362862052 0.9690557068147416
0.6797118403266093 0.9690557068147416
0.6837522443670132 0.9690557068147416
0.6877926484074173 0.9690557068147416
0.6918330524478213 0.9690557068147416
0.6958734564882254 0.9690557068147416
0.6999138605286295 0.9690557068147416
0.29991386052862945 0.9730961108551457
0.3039542645690335 0.9730961108551457
0.3079946686094375 0.9730961108551457
0.31203507264984154 0.9730961108551457
0.3160754766902456 0.9730961108551457
0.32011588073064967 0.9730961108551457
0.3241562847710537 0.9730961108551457
0.32819668881145775 0.9730961108551457
0.33223709285186176 0.9730961108551457
0.3362774968922658 0.9730961108551457
0.34031790093266984 0.9730961108551457
0.3443583049730739 0.9730961108551457
0.3483987090134779 0.9730961108551457
0.352439113053882 0.9730961108551457
0.35647951709428605 0.9730961108551457
0.36051992113469006 0.9730961108551457
0.36456032517509407 0.9730961108551457
0.36860072921549814 0.9730961108551457
0.3726411332559022 0.9730961108551457
0.3766815372963062 0.9730961108551457
0.3807219413367102 0.9730961108551457
0.3847623453771143 0.9730961108551457
0.38880274941751836 0.9730961108551457
0.39284315345792237 0.9730961108551457
0.39688355749832643 0.9730961108551457
0.40092396153873044 0.9730961108551457
0.4049643655791345 0.9730961108551457
0.4090047696195385 0.9730961108551457
0.4130451736599426 0.9730961108551457
0.4170855777003466 0.9730961108551457
0.42112598174075067 0.9730961108551457
0.42516638578115473 0.9730961108551457
0.42920678982155874 0.9730961108551457
0.43324719386196275 0.9730961108551457
0.4372875979023668 0.9730961108551457
0.4413280019427709 0.9730961108551457
0.4453684059831749 0.9730961108551457
0.4494088100235789 0.9730961108551457
0.453449214063983 0.9730961108551457
0.45748961810438704 0.9730961108551457
0.46153002214479105 0.9730961108551457
0.4655704261851951 0.9730961108551457
0.46961083022559913 0.9730961108551457
0.4736512342660032 0.9730961108551457
0.47769163830640726 0.9730961108551457
0.4817320423468113 0.9730961108551457
0.4857724463872153 0.9730961108551457
0.48981285042761935 0.9730961108551457
0.4938532544680234 0.9730961108551457
0.49789365850842743 0.9730961108551457
0.5019340625488314 0.9730961108551457
0.5059744665892355 0.9730961108551457
0.5100148706296396 0.9730961108551457
0.5140552746700435 0.9730961108551457
0.5180956787104476 0.9730961108551457
0.5221360827508517 0.9730961108551457
0.5261764867912557 0.9730961108551457
0.5302168908316598 0.9730961108551457
0.5342572948720639 0.9730961108551457
0.5382976989124678 0.9730961108551457
0.5423381029528719 0.9730961108551457
0.546378506993276 0.9730961108551457
0.5504189110336799 0.9730961108551457
0.554459315074084 0.9730961108551457
0.558499719114488 0.9730961108551457
0.5625401231548921 0.9730961108551457
0.5665805271952962 0.9730961108551457
0.5706209312357002 0.9730961108551457
0.5746613352761042 0.9730961108551457
0.5787017393165083 0.9730961108551457
0.5827421433569122 0.9730961108551457
0.5867825473973163 0.9730961108551457
0.5908229514377203 0.9730961108551457
0.5948633554781244 0.9730961108551457
0.5989037595185285 0.9730961108551457
0.6029441635589325 0.9730961108551457
0.6069845675993365 0.9730961108551457
0.6110249716397406 0.9730961108551457
0.6150653756801445 0.9730961108551457
0.6191057797205486 0.9730961108551457
0.6231461837609527 0.9730961108551457
0.6271865878013567 0.9730961108551457
0.6312269918417608 0.9730961108551457
0.6352673958821649 0.9730961108551457
0.6393077999225689 0.9730961108551457
0.6433482039629729 0.9730961108551457
0.6473886080033769 0.9730961108551457
0.6514290120437809 0.9730961108551457
0.655469416084185 0.9730961108551457
0.659509820124589 0.9730961108551457
0.6635502241649931 0.9730961108551457
0.6675906282053972 0.9730961108551457
0.6716310322458012 0.9730961108551457
0.6756714362862052 0.9730961108551457
0.6797118403266093 0.9730961108551457
0.6837522443670132 0.9730961108551457
0.6877926484074173 0.9730961108551457
0.6918330524478213 0.9730961108551457
0.6958734564882254 0.9730961108551457
0.6999138605286295 0.9730961108551457
0.29991386052862945 0.9771365148955498
0.3039542645690335 0.9771365148955498
0.3079946686094375 0.9771365148955498
0.31203507264984154 0.9771365148955498
0.3160754766902456 0.9771365148955498
0.32011588073064967 0.9771365148955498
0.3241562847710537 0.9771365148955498
0.32819668881145775 0.9771365148955498
0.33223709285186176 0.9771365148955498
0.3362774968922658 0.9771365148955498
0.34031790093266984 0.9771365148955498
0.3443583049730739 0.9771365148955498
0.3483987090134779 0.9771365148955498
0.352439113053882 0.9771365148955498
0.35647951709428605 0.9771365148955498
0.36051992113469006 0.9771365148955498
0.36456032517509407 0.9771365148955498
0.36860072921549814 0.9771365148955498
0.3726411332559022 0.9771365148955498
0.3766815372963062 0.9771365148955498
0.3807219413367102 0.9771365148955498
0.3847623453771143 0.9771365148955498
0.38880274941751836 0.9771365148955498
0.39284315345792237 0.9771365148955498
0.39688355749832643 0.9771365148955498
0.40092396153873044 0.9771365148955498
0.4049643655791345 0.9771365148955498
0.4090047696195385 0.9771365148955498
0.4130451736599426 0.9771365148955498
0.4170855777003466 0.9771365148955498
0.42112598174075067 0.9771365148955498
0.42516638578115473 0.9771365148955498
0.42920678982155874 0.9771365148955498
0.43324719386196275 0.9771365148955498
0.4372875979023668 0.9771365148955498
0.4413280019427709 0.9771365148955498
0.4453684059831749 0.9771365148955498
0.4494088100235789 0.9771365148955498
0.453449214063983 0.9771365148955498
0.45748961810438704 0.9771365148955498
0.46153002214479105 0.9771365148955498
0.4655704261851951 0.9771365148955498
0.46961083022559913 0.9771365148955498
0.4736512342660032 0.9771365148955498
0.47769163830640726 0.9771365148955498
0.4817320423468113 0.9771365148955498
0.4857724463872153 0.9771365148955498
0.48981285042761935 0.9771365148955498
0.4938532544680234 0.9771365148955498
0.49789365850842743 0.9771365148955498
0.5019340625488314 0.9771365148955498
0.5059744665892355 0.9771365148955498
0.5100148706296396 0.9771365148955498
0.5140552746700435 0.9771365148955498
0.5180956787104476 0.9771365148955498
0.5221360827508517 0.9771365148955498
0.5261764867912557 0.9771365148955498
0.5302168908316598 0.9771365148955498
0.5342572948720639 0.9771365148955498
0.5382976989124678 0.9771365148955498
0.5423381029528719 0.9771365148955498
0.546378506993276 0.9771365148955498
0.5504189110336799 0.9771365148955498
0.554459315074084 0.9771365148955498
0.558499719114488 0.9771365148955498
0.5625401231548921 0.9771365148955498
0.5665805271952962 0.9771365148955498
0.5706209312357002 0.9771365148955498
0.5746613352761042 0.9771365148955498
0.5787017393165083 0.9771365148955498
0.5827421433569122 0.9771365148955498
0.5867825473973163 0.9771365148955498
0.5908229514377203 0.9771365148955498
0.5948633554781244 0.9771365148955498
0.5989037595185285 0.9771365148955498
0.6029441635589325 0.9771365148955498
0.6069845675993365 0.9771365148955498
0.6110249716397406 0.9771365148955498
0.6150653756801445 0.9771365148955498
0.6191057797205486 0.9771365148955498
0.6231461837609527 0.9771365148955498
0.6271865878013567 0.9771365148955498
0.6312269918417608 0.9771365148955498
0.6352673958821649 0.9771365148955498
0.6393077999225689 0.9771365148955498
0.6433482039629729 0.9771365148955498
0.6473886080033769 0.9771365148955498
0.6514290120437809 0.9771365148955498
0.655469416084185 0.9771365148955498
0.659509820124589 0.9771365148955498
0.6635502241649931 0.9771365148955498
0.6675906282053972 0.9771365148955498
0.6716310322458012 0.9771365148955498
0.6756714362862052 0.9771365148955498
0.6797118403266093 0.9771365148955498
0.6837522443670132 0.9771365148955498
0.6877926484074173 0.9771365148955498
0.6918330524478213 0.9771365148955498
0.6958734564882254 0.9771365148955498
0.6999138605286295 0.9771365148955498
0.29991386052862945 0.9811769189359537
0.3039542645690335 0.9811769189359537
0.3079946686094375 0.9811769189359537
0.31203507264984154 0.9811769189359537
0.3160754766902456 0.9811769189359537
0.32011588073064967 0.9811769189359537
0.3241562847710537 0.9811769189359537
0.32819668881145775 0.9811769189359537
0.33223709285186176 0.9811769189359537
0.3362774968922658 0.9811769189359537
0.34031790093266984 0.9811769189359537
0.3443583049730739 0.9811769189359537
0.3483987090134779 0.9811769189359537
0.352439113053882 0.9811769189359537
0.35647951709428605 0.9811769189359537
0.36051992113469006 0.9811769189359537
0.36456032517509407 0.9811769189359537
0.36860072921549814 0.9811769189359537
0.3726411332559022 0.9811769189359537
0.3766815372963062 0.9811769189359537
0.3807219413367102 0.9811769189359537
0.3847623453771143 0.9811769189359537
0.38880274941751836 0.9811769189359537
0.39284315345792237 0.9811769189359537
0.39688355749832643 0.9811769189359537
0.40092396153873044 0.9811769189359537
0.4049643655791345 0.9811769189359537
0.4090047696195385 0.9811769189359537
0.4130451736599426 0.9811769189359537
0.4170855777003466 0.9811769189359537
0.42112598174075067 0.9811769189359537
0.42516638578115473 0.9811769189359537
0.42920678982155874 0.9811769189359537
0.43324719386196275 0.9811769189359537
0.4372875979023668 0.9811769189359537
0.4413280019427709 0.9811769189359537
0.4453684059831749 0.9811769189359537
0.4494088100235789 0.9811769189359537
0.453449214063983 0.9811769189359537
0.45748961810438704 0.9811769189359537
0.46153002214479105 0.9811769189359537
0.4655704261851951 0.9811769189359537
0.46961083022559913 0.9811769189359537
0.4736512342660032 0.9811769189359537
0.47769163830640726 0.9811769189359537
0.4817320423468113 0.9811769189359537
0.4857724463872153 0.9811769189359537
0.48981285042761935 0.9811769189359537
0.4938532544680234 0.9811769189359537
0.49789365850842743 0.9811769189359537
0.5019340625488314 0.9811769189359537
0.5059744665892355 0.9811769189359537
0.5100148706296396 0.9811769189359537
0.5140552746700435 0.9811769189359537
0.5180956787104476 0.9811769189359537
0.5221360827508517 0.9811769189359537
0.5261764867912557 0.9811769189359537
0.5302168908316598 0.9811769189359537
0.5342572948720639 0.9811769189359537
0.5382976989124678 0.9811769189359537
0.5423381029528719 0.9811769189359537
0.546378506993276 0.9811769189359537
0.5504189110336799 0.9811769189359537
0.554459315074084 0.9811769189359537
0.558499719114488 0.9811769189359537
0.5625401231548921 0.9811769189359537
0.5665805271952962 0.9811769189359537
0.5706209312357002 0.9811769189359537
0.5746613352761042 0.9811769189359537
0.5787017393165083 0.9811769189359537
0.5827421433569122 0.9811769189359537
0.5867825473973163 0.9811769189359537
0.5908229514377203 0.9811769189359537
0.5948633554781244 0.9811769189359537
0.5989037595185285 0.9811769189359537
0.6029441635589325 0.9811769189359537
0.6069845675993365 0.9811769189359537
0.6110249716397406 0.9811769189359537
0.6150653756801445 0.9811769189359537
0.6191057797205486 0.9811769189359537
0.6231461837609527 0.9811769189359537
0.6271865878013567 0.9811769189359537
0.6312269918417608 0.9811769189359537
0.6352673958821649 0.9811769189359537
0.6393077999225689 0.9811769189359537
0.6433482039629729 0.9811769189359537
0.6473886080033769 0.9811769189359537
0.6514290120437809 0.9811769189359537
0.655469416084185 0.9811769189359537
0.659509820124589 0.9811769189359537
0.6635502241649931 0.9811769189359537
0.6675906282053972 0.9811769189359537
0.6716310322458012 0.9811769189359537
0.6756714362862052 0.9811769189359537
0.6797118403266093 0.9811769189359537
0.6837522443670132 0.9811769189359537
0.6877926484074173 0.9811769189359537
0.6918330524478213 0.9811769189359537
0.6958734564882254 0.9811769189359537
0.6999138605286295 0.9811769189359537
0.29991386052862945 0.9852173229763578
0.3039542645690335 0.9852173229763578
0.3079946686094375 0.9852173229763578
0.31203507264984154 0.9852173229763578
0.3160754766902456 0.9852173229763578
0.32011588073064967 0.9852173229763578
0.3241562847710537 0.9852173229763578
0.32819668881145775 0.9852173229763578
0.33223709285186176 0.9852173229763578
0.3362774968922658 0.9852173229763578
0.34031790093266984 0.9852173229763578
0.3443583049730739 0.9852173229763578
0.3483987090134779 0.9852173229763578
0.352439113053882 0.9852173229763578
0.35647951709428605 0.9852173229763578
0.36051992113469006 0.9852173229763578
0.36456032517509407 0.9852173229763578
0.36860072921549814 0.9852173229763578
0.3726411332559022 0.9852173229763578
0.3766815372963062 0.9852173229763578
0.3807219413367102 0.9852173229763578
0.3847623453771143 0.9852173229763578
0.38880274941751836 0.9852173229763578
0.39284315345792237 0.9852173229763578
0.39688355749832643 0.9852173229763578
0.40092396153873044 0.9852173229763578
0.4049643655791345 0.9852173229763578
0.4090047696195385 0.9852173229763578
0.4130451736599426 0.9852173229763578
0.4170855777003466 0.9852173229763578
0.42112598174075067 0.9852173229763578
0.42516638578115473 0.9852173229763578
0.42920678982155874 0.9852173229763578
0.43324719386196275 0.9852173229763578
0.4372875979023668 0.9852173229763578
0.4413280019427709 0.9852173229763578
0.4453684059831749 0.9852173229763578
0.4494088100235789 0.9852173229763578
0.453449214063983 0.9852173229763578
0.45748961810438704 0.9852173229763578
0.46153002214479105 0.9852173229763578
0.4655704261851951 0.9852173229763578
0.46961083022559913 0.9852173229763578
0.4736512342660032 0.9852173229763578
0.47769163830640726 0.9852173229763578
0.4817320423468113 0.9852173229763578
0.4857724463872153 0.9852173229763578
0.48981285042761935 0.9852173229763578
0.4938532544680234 0.9852173229763578
0.49789365850842743 0.9852173229763578
0.5019340625488314 0.9852173229763578
0.5059744665892355 0.9852173229763578
0.5100148706296396 0.9852173229763578
0.5140552746700435 0.9852173229763578
0.5180956787104476 0.9852173229763578
0.5221360827508517 0.9852173229763578
0.5261764867912557 0.9852173229763578
0.5302168908316598 0.9852173229763578
0.5342572948720639 0.9852173229763578
0.5382976989124678 0.9852173229763578
0.5423381029528719 0.9852173229763578
0.546378506993276 0.9852173229763578
0.5504189110336799 0.9852173229763578
0.554459315074084 0.9852173229763578
0.558499719114488 0.9852173229763578
0.5625401231548921 0.9852173229763578
0.5665805271952962 0.9852173229763578
0.5706209312357002 0.9852173229763578
0.5746613352761042 0.9852173229763578
0.5787017393165083 0.9852173229763578
0.5827421433569122 0.9852173229763578
0.5867825473973163 0.9852173229763578
0.5908229514377203 0.9852173229763578
0.5948633554781244 0.9852173229763578
0.5989037595185285 0.9852173229763578
0.6029441635589325 0.9852173229763578
0.6069845675993365 0.9852173229763578
0.6110249716397406 0.9852173229763578
0.6150653756801445 0.9852173229763578
0.6191057797205486 0.9852173229763578
0.6231461837609527 0.9852173229763578
0.6271865878013567 0.9852173229763578
0.6312269918417608 0.9852173229763578
0.6352673958821649 0.9852173229763578
0.6393077999225689 0.9852173229763578
0.6433482039629729 0.9852173229763578
0.6473886080033769 0.9852173229763578
0.6514290120437809 0.9852173229763578
0.655469416084185 0.9852173229763578
0.659509820124589 0.9852173229763578
0.6635502241649931 0.9852173229763578
0.6675906282053972 0.9852173229763578
0.6716310322458012 0.9852173229763578
0.6756714362862052 0.9852173229763578
0.6797118403266093 0.9852173229763578
0.6837522443670132 0.9852173229763578
0.6877926484074173 0.9852173229763578
0.6918330524478213 0.9852173229763578
0.6958734564882254 0.9852173229763578
0.6999138605286295 0.9852173229763578
0.29991386052862945 0.9892577270167617
0.3039542645690335 0.9892577270167617
0.3079946686094375 0.9892577270167617
0.31203507264984154 0.9892577270167617
0.3160754766902456 0.9892577270167617
0.32011588073064967 0.9892577270167617
0.3241562847710537 0.9892577270167617
0.32819668881145775 0.9892577270167617
0.33223709285186176 0.9892577270167617
0.3362774968922658 0.9892577270167617
0.34031790093266984 0.9892577270167617
0.3443583049730739 0.9892577270167617
0.3483987090134779 0.9892577270167617
0.352439113053882 0.9892577270167617
0.35647951709428605 0.9892577270167617
0.36051992113469006 0.9892577270167617
0.36456032517509407 0.9892577270167617
0.36860072921549814 0.9892577270167617
0.3726411332559022 0.9892577270167617
0.3766815372963062 0.9892577270167617
0.3807219413367102 0.9892577270167617
0.3847623453771143 0.9892577270167617
0.38880274941751836 0.9892577270167617
0.39284315345792237 0.9892577270167617
0.39688355749832643 0.9892577270167617
0.40092396153873044 0.9892577270167617
0.4049643655791345 0.9892577270167617
0.4090047696195385 0.9892577270167617
0.4130451736599426 0.9892577270167617
0.4170855777003466 0.9892577270167617
0.42112598174075067 0.9892577270167617
0.42516638578115473 0.9892577270167617
0.42920678982155874 0.9892577270167617
0.43324719386196275 0.9892577270167617
0.4372875979023668 0.9892577270167617
0.4413280019427709 0.9892577270167617
0.4453684059831749 0.9892577270167617
0.4494088100235789 0.9892577270167617
0.453449214063983 0.9892577270167617
0.45748961810438704 0.9892577270167617
0.46153002214479105 0.9892577270167617
0.4655704261851951 0.9892577270167617
0.46961083022559913 0.9892577270167617
0.4736512342660032 0.9892577270167617
0.47769163830640726 0.9892577270167617
0.4817320423468113 0.9892577270167617
0.4857724463872153 0.9892577270167617
0.48981285042761935 0.9892577270167617
0.4938532544680234 0.9892577270167617
0.49789365850842743 0.9892577270167617
0.5019340625488314 0.9892577270167617
0.5059744665892355 0.9892577270167617
0.5100148706296396 0.9892577270167617
0.5140552746700435 0.9892577270167617
0.5180956787104476 0.9892577270167617
0.5221360827508517 0.9892577270167617
0.5261764867912557 0.9892577270167617
0.5302168908316598 0.9892577270167617
0.5342572948720639 0.9892577270167617
0.5382976989124678 0.9892577270167617
0.5423381029528719 0.9892577270167617
0.546378506993276 0.9892577270167617
0.5504189110336799 0.9892577270167617
0.554459315074084 0.9892577270167617
0.558499719114488 0.9892577270167617
0.5625401231548921 0.9892577270167617
0.5665805271952962 0.9892577270167617
0.5706209312357002 0.9892577270167617
0.5746613352761042 0.9892577270167617
0.5787017393165083 0.9892577270167617
0.5827421433569122 0.9892577270167617
0.5867825473973163 0.9892577270167617
0.5908229514377203 0.9892577270167617
0.5948633554781244 0.9892577270167617
0.5989037595185285 0.9892577270167617
0.6029441635589325 0.9892577270167617
0.6069845675993365 0.9892577270167617
0.6110249716397406 0.9892577270167617
0.6150653756801445 0.9892577270167617
0.6191057797205486 0.9892577270167617
0.6231461837609527 0.9892577270167617
0.6271865878013567 0.9892577270167617
0.6312269918417608 0.9892577270167617
0.6352673958821649 0.9892577270167617
0.6393077999225689 0.9892577270167617
0.6433482039629729 0.9892577270167617
0.6473886080033769 0.9892577270167617
0.6514290120437809 0.9892577270167617
0.655469416084185 0.9892577270167617
0.659509820124589 0.9892577270167617
0.6635502241649931 0.9892577270167617
0.6675906282053972 0.9892577270167617
0.6716310322458012 0.9892577270167617
0.6756714362862052 0.9892577270167617
0.6797118403266093 0.9892577270167617
0.6837522443670132 0.9892577270167617
0.6877926484074173 0.9892577270167617
0.6918330524478213 0.9892577270167617
0.6958734564882254 0.9892577270167617
0.6999138605286295 0.9892577270167617
0.29991386052862945 0.9932981310571658
0.3039542645690335 0.9932981310571658
0.3079946686094375 0.9932981310571658
0.31203507264984154 0.9932981310571658
0.3160754766902456 0.9932981310571658
0.32011588073064967 0.9932981310571658
0.3241562847710537 0.9932981310571658
0.32819668881145775 0.9932981310571658
0.33223709285186176 0.9932981310571658
0.3362774968922658 0.9932981310571658
0.34031790093266984 0.9932981310571658
0.3443583049730739 0.9932981310571658
0.3483987090134779 0.9932981310571658
0.352439113053882 0.9932981310571658
0.35647951709428605 0.9932981310571658
0.36051992113469006 0.9932981310571658
0.36456032517509407 0.9932981310571658
0.36860072921549814 0.9932981310571658
0.3726411332559022 0.9932981310571658
0.3766815372963062 0.9932981310571658
0.3807219413367102 0.9932981310571658
0.3847623453771143 0.9932981310571658
0.38880274941751836 0.9932981310571658
0.39284315345792237 0.9932981310571658
0.39688355749832643 0.9932981310571658
0.40092396153873044 0.9932981310571658
0.4049643655791345 0.9932981310571658
0.4090047696195385 0.9932981310571658
0.4130451736599426 0.9932981310571658
0.4170855777003466 0.9932981310571658
0.42112598174075067 0.9932981310571658
0.42516638578115473 0.9932981310571658
0.42920678982155874 0.9932981310571658
0.43324719386196275 0.9932981310571658
0.4372875979023668 0.9932981310571658
0.4413280019427709 0.9932981310571658
0.4453684059831749 0.9932981310571658
0.4494088100235789 0.9932981310571658
0.453449214063983 0.9932981310571658
0.45748961810438704 0.9932981310571658
0.46153002214479105 0.9932981310571658
0.4655704261851951 0.9932981310571658
0.46961083022559913 0.9932981310571658
0.4736512342660032 0.9932981310571658
0.47769163830640726 0.9932981310571658
0.4817320423468113 0.9932981310571658
0.4857724463872153 0.9932981310571658
0.48981285042761935 0.9932981310571658
0.4938532544680234 0.9932981310571658
0.49789365850842743 0.9932981310571658
0.5019340625488314 0.9932981310571658
0.5059744665892355 0.9932981310571658
0.5100148706296396 0.9932981310571658
0.5140552746700435 0.9932981310571658
0.5180956787104476 0.9932981310571658
0.5221360827508517 0.9932981310571658
0.5261764867912557 0.9932981310571658
0.5302168908316598 0.9932981310571658
0.5342572948720639 0.9932981310571658
0.5382976989124678 0.9932981310571658
0.5423381029528719 0.9932981310571658
0.546378506993276 0.9932981310571658
0.5504189110336799 0.9932981310571658
0.554459315074084 0.9932981310571658
0.558499719114488 0.9932981310571658
0.5625401231548921 0.9932981310571658
0.5665805271952962 0.9932981310571658
0.5706209312357002 0.9932981310571658
0.5746613352761042 0.9932981310571658
0.5787017393165083 0.9932981310571658
0.5827421433569122 0.9932981310571658
0.5867825473973163 0.9932981310571658
0.5908229514377203 0.9932981310571658
0.5948633554781244 0.9932981310571658
0.5989037595185285 0.9932981310571658
0.6029441635589325 0.9932981310571658
0.6069845675993365 0.9932981310571658
0.6110249716397406 0.9932981310571658
0.6150653756801445 0.9932981310571658
0.6191057797205486 0.9932981310571658
0.6231461837609527 0.9932981310571658
0.6271865878013567 0.9932981310571658
0.6312269918417608 0.9932981310571658
0.6352673958821649 0.9932981310571658
0.6393077999225689 0.9932981310571658
0.6433482039629729 0.9932981310571658
0.6473886080033769 0.9932981310571658
0.6514290120437809 0.9932981310571658
0.655469416084185 0.9932981310571658
0.659509820124589 0.9932981310571658
0.6635502241649931 0.9932981310571658
0.6675906282053972 0.9932981310571658
0.6716310322458012 0.9932981310571658
0.6756714362862052 0.9932981310571658
0.6797118403266093 0.9932981310571658
0.6837522443670132 0.9932981310571658
0.6877926484074173 0.9932981310571658
0.6918330524478213 0.9932981310571658
0.6958734564882254 0.9932981310571658
0.6999138605286295 0.9932981310571658
0.29991386052862945 0.9973385350975699
0.3039542645690335 0.9973385350975699
0.3079946686094375 0.9973385350975699
0.31203507264984154 0.9973385350975699
0.3160754766902456 0.9973385350975699
0.32011588073064967 0.9973385350975699
0.3241562847710537 0.9973385350975699
0.32819668881145775 0.9973385350975699
0.33223709285186176 0.9973385350975699
0.3362774968922658 0.9973385350975699
0.34031790093266984 0.9973385350975699
0.3443583049730739 0.9973385350975699
0.3483987090134779 0.9973385350975699
0.352439113053882 0.9973385350975699
0.35647951709428605 0.9973385350975699
0.36051992113469006 0.9973385350975699
0.36456032517509407 0.9973385350975699
0.36860072921549814 0.9973385350975699
0.3726411332559022 0.9973385350975699
0.3766815372963062 0.9973385350975699
0.3807219413367102 0.9973385350975699
0.3847623453771143 0.9973385350975699
0.38880274941751836 0.9973385350975699
0.39284315345792237 0.9973385350975699
0.39688355749832643 0.9973385350975699
0.40092396153873044 0.9973385350975699
0.4049643655791345 0.9973385350975699
0.4090047696195385 0.9973385350975699
0.4130451736599426 0.9973385350975699
0.4170855777003466 0.9973385350975699
0.42112598174075067 0.9973385350975699
0.42516638578115473 0.9973385350975699
0.42920678982155874 0.9973385350975699
0.43324719386196275 0.9973385350975699
0.4372875979023668 0.9973385350975699
0.4413280019427709 0.9973385350975699
0.4453684059831749 0.9973385350975699
0.4494088100235789 0.9973385350975699
0.453449214063983 0.9973385350975699
0.45748961810438704 0.9973385350975699
0.46153002214479105 0.9973385350975699
0.4655704261851951 0.9973385350975699
0.46961083022559913 0.9973385350975699
0.4736512342660032 0.9973385350975699
0.47769163830640726 0.9973385350975699
0.4817320423468113 0.9973385350975699
0.4857724463872153 0.9973385350975699
0.48981285042761935 0.9973385350975699
0.4938532544680234 0.9973385350975699
0.49789365850842743 0.9973385350975699
0.5019340625488314 0.9973385350975699
0.5059744665892355 0.9973385350975699
0.5100148706296396 0.9973385350975699
0.5140552746700435 0.9973385350975699
0.5180956787104476 0.9973385350975699
0.5221360827508517 0.9973385350975699
0.5261764867912557 0.9973385350975699
0.5302168908316598 0.9973385350975699
0.5342572948720639 0.9973385350975699
0.5382976989124678 0.9973385350975699
0.5423381029528719 0.9973385350975699
0.546378506993276 0.9973385350975699
0.5504189110336799 0.9973385350975699
0.554459315074084 0.9973385350975699
0.558499719114488 0.9973385350975699
0.5625401231548921 0.9973385350975699
0.5665805271952962 0.9973385350975699
0.5706209312357002 0.9973385350975699
0.5746613352761042 0.9973385350975699
0.5787017393165083 0.9973385350975699
0.5827421433569122 0.9973385350975699
0.5867825473973163 0.9973385350975699
0.5908229514377203 0.9973385350975699
0.5948633554781244 0.9973385350975699
0.5989037595185285 0.9973385350975699
0.6029441635589325 0.9973385350975699
0.6069845675993365 0.9973385350975699
0.6110249716397406 0.9973385350975699
0.6150653756801445 0.9973385350975699
0.6191057797205486 0.9973385350975699
0.6231461837609527 0.9973385350975699
0.6271865878013567 0.9973385350975699
0.6312269918417608 0.9973385350975699
0.6352673958821649 0.9973385350975699
0.6393077999225689 0.9973385350975699
0.6433482039629729 0.9973385350975699
0.6473886080033769 0.9973385350975699
0.6514290120437809 0.9973385350975699
0.655469416084185 0.9973385350975699
0.659509820124589 0.9973385350975699
0.6635502241649931 0.9973385350975699
0.6675906282053972 0.9973385350975699
0.6716310322458012 0.9973385350975699
0.6756714362862052 0.9973385350975699
0.6797118403266093 0.9973385350975699
0.6837522443670132 0.9973385350975699
0.6877926484074173 0.9973385350975699
0.6918330524478213 0.9973385350975699
0.6958734564882254 0.9973385350975699
0.6999138605286295 0.9973385350975699
0.29991386052862945 1.001378939137974
0.3039542645690335 1.001378939137974
0.3079946686094375 1.001378939137974
0.31203507264984154 1.001378939137974
0.3160754766902456 1.001378939137974
0.32011588073064967 1.001378939137974
0.3241562847710537 1.001378939137974
0.32819668881145775 1.001378939137974
0.33223709285186176 1.001378939137974
0.3362774968922658 1.001378939137974
0.34031790093266984 1.001378939137974
0.3443583049730739 1.001378939137974
0.3483987090134779 1.001378939137974
0.352439113053882 1.001378939137974
0.35647951709428605 1.001378939137974
0.36051992113469006 1.001378939137974
0.36456032517509407 1.001378939137974
0.36860072921549814 1.001378939137974
0.3726411332559022 1.001378939137974
0.3766815372963062 1.001378939137974
0.3807219413367102 1.001378939137974
0.3847623453771143 1.001378939137974
0.38880274941751836 1.001378939137974
0.39284315345792237 1.001378939137974
0.39688355749832643 1.001378939137974
0.40092396153873044 1.001378939137974
0.4049643655791345 1.001378939137974
0.4090047696195385 1.001378939137974
0.4130451736599426 1.001378939137974
0.4170855777003466 1.001378939137974
0.42112598174075067 1.001378939137974
0.42516638578115473 1.001378939137974
0.42920678982155874 1.001378939137974
0.43324719386196275 1.001378939137974
0.4372875979023668 1.001378939137974
0.4413280019427709 1.001378939137974
0.4453684059831749 1.001378939137974
0.4494088100235789 1.001378939137974
0.453449214063983 1.001378939137974
0.45748961810438704 1.001378939137974
0.46153002214479105 1.001378939137974
0.4655704261851951 1.001378939137974
0.46961083022559913 1.001378939137974
0.4736512342660032 1.001378939137974
0.47769163830640726 1.001378939137974
0.4817320423468113 1.001378939137974
0.4857724463872153 1.001378939137974
0.48981285042761935 1.001378939137974
0.4938532544680234 1.001378939137974
0.49789365850842743 1.001378939137974
0.5019340625488314 1.001378939137974
0.5059744665892355 1.001378939137974
0.5100148706296396 1.001378939137974
0.5140552746700435 1.001378939137974
0.5180956787104476 1.001378939137974
0.5221360827508517 1.001378939137974
0.5261764867912557 1.001378939137974
0.5302168908316598 1.001378939137974
0.5342572948720639 1.001378939137974
0.5382976989124678 1.001378939137974
0.5423381029528719 1.001378939137974
0.546378506993276 1.001378939137974
0.5504189110336799 1.001378939137974
0.554459315074084 1.001378939137974
0.558499719114488 1.001378939137974
0.5625401231548921 1.001378939137974
0.5665805271952962 1.001378939137974
0.5706209312357002 1.001378939137974
0.5746613352761042 1.001378939137974
0.5787017393165083 1.001378939137974
0.5827421433569122 1.001378939137974
0.5867825473973163 1.001378939137974
0.5908229514377203 1.001378939137974
0.5948633554781244 1.001378939137974
0.5989037595185285 1.001378939137974
0.6029441635589325 1.001378939137974
0.6069845675993365 1.001378939137974
0.6110249716397406 1.001378939137974
0.6150653756801445 1.001378939137974
0.6191057797205486 1.001378939137974
0.6231461837609527 1.001378939137974
0.6271865878013567 1.001378939137974
0.6312269918417608 1.001378939137974
0.6352673958821649 1.001378939137974
0.6393077999225689 1.001378939137974
0.6433482039629729 1.001378939137974
0.6473886080033769 1.001378939137974
0.6514290120437809 1.001378939137974
0.655469416084185 1.001378939137974
0.659509820124589 1.001378939137974
0.6635502241649931 1.001378939137974
0.6675906282053972 1.001378939137974
0.6716310322458012 1.001378939137974
0.6756714362862052 1.001378939137974
0.6797118403266093 1.001378939137974
0.6837522443670132 1.001378939137974
0.6877926484074173 1.001378939137974
0.6918330524478213 1.001378939137974
0.6958734564882254 1.001378939137974
0.6999138605286295 1.001378939137974
0.29991386052862945 1.005419343178378
0.3039542645690335 1.005419343178378
0.3079946686094375 1.005419343178378
0.31203507264984154 1.005419343178378
0.3160754766902456 1.005419343178378
0.32011588073064967 1.005419343178378
0.3241562847710537 1.005419343178378
0.32819668881145775 1.005419343178378
0.33223709285186176 1.005419343178378
0.3362774968922658 1.005419343178378
0.34031790093266984 1.005419343178378
0.3443583049730739 1.005419343178378
0.3483987090134779 1.005419343178378
0.352439113053882 1.005419343178378
0.35647951709428605 1.005419343178378
0.36051992113469006 1.005419343178378
0.36456032517509407 1.005419343178378
0.36860072921549814 1.005419343178378
0.3726411332559022 1.005419343178378
0.3766815372963062 1.005419343178378
0.3807219413367102 1.005419343178378
0.3847623453771143 1.005419343178378
0.38880274941751836 1.005419343178378
0.39284315345792237 1.005419343178378
0.39688355749832643 1.005419343178378
0.40092396153873044 1.005419343178378
0.4049643655791345 1.005419343178378
0.4090047696195385 1.005419343178378
0.4130451736599426 1.005419343178378
0.4170855777003466 1.005419343178378
0.42112598174075067 1.005419343178378
0.42516638578115473 1.005419343178378
0.42920678982155874 1.005419343178378
0.43324719386196275 1.005419343178378
0.4372875979023668 1.005419343178378
0.4413280019427709 1.005419343178378
0.4453684059831749 1.005419343178378
0.4494088100235789 1.005419343178378
0.453449214063983 1.005419343178378
0.45748961810438704 1.005419343178378
0.46153002214479105 1.005419343178378
0.4655704261851951 1.005419343178378
0.46961083022559913 1.005419343178378
0.4736512342660032 1.005419343178378
0.47769163830640726 1.005419343178378
0.4817320423468113 1.005419343178378
0.4857724463872153 1.005419343178378
0.48981285042761935 1.005419343178378
0.4938532544680234 1.005419343178378
0.49789365850842743 1.005419343178378
0.5019340625488314 1.005419343178378
0.5059744665892355 1.005419343178378
0.5100148706296396 1.005419343178378
0.5140552746700435 1.005419343178378
0.5180956787104476 1.005419343178378
0.5221360827508517 1.005419343178378
0.5261764867912557 1.005419343178378
0.5302168908316598 1.005419343178378
0.5342572948720639 1.005419343178378
0.5382976989124678 1.005419343178378
0.5423381029528719 1.005419343178378
0.546378506993276 1.005419343178378
0.5504189110336799 1.005419343178378
0.554459315074084 1.005419343178378
0.558499719114488 1.005419343178378
0.5625401231548921 1.005419343178378
0.5665805271952962 1.005419343178378
0.5706209312357002 1.005419343178378
0.5746613352761042 1.005419343178378
0.5787017393165083 1.005419343178378
0.5827421433569122 1.005419343178378
0.5867825473973163 1.005419343178378
0.5908229514377203 1.005419343178378
0.5948633554781244 1.005419343178378
0.5989037595185285 1.005419343178378
0.6029441635589325 1.005419343178378
0.6069845675993365 1.005419343178378
0.6110249716397406 1.005419343178378
0.6150653756801445 1.005419343178378
0.6191057797205486 1.005419343178378
0.6231461837609527 1.005419343178378
0.6271865878013567 1.005419343178378
0.6312269918417608 1.005419343178378
0.6352673958821649 1.005419343178378
0.6393077999225689 1.005419343178378
0.6433482039629729 1.005419343178378
0.6473886080033769 1.005419343178378
0.6514290120437809 1.005419343178378
0.655469416084185 1.005419343178378
0.659509820124589 1.005419343178378
0.6635502241649931 1.005419343178378
0.6675906282053972 1.005419343178378
0.6716310322458012 1.005419343178378
0.6756714362862052 1.005419343178378
0.6797118403266093 1.005419343178378
0.6837522443670132 1.005419343178378
0.6877926484074173 1.005419343178378
0.6918330524478213 1.005419343178378
0.6958734564882254 1.005419343178378
0.6999138605286295 1.005419343178378
0.29991386052862945 1.009459747218782
0.3039542645690335 1.009459747218782
0.3079946686094375 1.009459747218782
0.31203507264984154 1.009459747218782
0.3160754766902456 1.009459747218782
0.32011588073064967 1.009459747218782
0.3241562847710537 1.009459747218782
0.32819668881145775 1.009459747218782
0.33223709285186176 1.009459747218782
0.3362774968922658 1.009459747218782
0.34031790093266984 1.009459747218782
0.3443583049730739 1.009459747218782
0.3483987090134779 1.009459747218782
0.352439113053882 1.009459747218782
0.35647951709428605 1.009459747218782
0.36051992113469006 1.009459747218782
0.36456032517509407 1.009459747218782
0.36860072921549814 1.009459747218782
0.3726411332559022 1.009459747218782
0.3766815372963062 1.009459747218782
0.3807219413367102 1.009459747218782
0.3847623453771143 1.009459747218782
0.38880274941751836 1.009459747218782
0.39284315345792237 1.009459747218782
0.39688355749832643 1.009459747218782
0.40092396153873044 1.009459747218782
0.4049643655791345 1.009459747218782
0.4090047696195385 1.009459747218782
0.4130451736599426 1.009459747218782
0.4170855777003466 1.009459747218782
0.42112598174075067 1.009459747218782
0.42516638578115473 1.009459747218782
0.42920678982155874 1.009459747218782
0.43324719386196275 1.009459747218782
0.4372875979023668 1.009459747218782
0.4413280019427709 1.009459747218782
0.4453684059831749 1.009459747218782
0.4494088100235789 1.009459747218782
0.453449214063983 1.009459747218782
0.45748961810438704 1.009459747218782
0.46153002214479105 1.009459747218782
0.4655704261851951 1.009459747218782
0.46961083022559913 1.009459747218782
0.4736512342660032 1.009459747218782
0.47769163830640726 1.009459747218782
0.4817320423468113 1.009459747218782
0.4857724463872153 1.009459747218782
0.48981285042761935 1.009459747218782
0.4938532544680234 1.009459747218782
0.49789365850842743 1.009459747218782
0.5019340625488314 1.009459747218782
0.5059744665892355 1.009459747218782
0.5100148706296396 1.009459747218782
0.5140552746700435 1.009459747218782
0.5180956787104476 1.009459747218782
0.5221360827508517 1.009459747218782
0.5261764867912557 1.009459747218782
0.5302168908316598 1.009459747218782
0.5342572948720639 1.009459747218782
0.5382976989124678 1.009459747218782
0.5423381029528719 1.009459747218782
0.546378506993276 1.009459747218782
0.5504189110336799 1.009459747218782
0.554459315074084 1.009459747218782
0.558499719114488 1.009459747218782
0.5625401231548921 1.009459747218782
0.5665805271952962 1.009459747218782
0.5706209312357002 1.009459747218782
0.5746613352761042 1.009459747218782
0.5787017393165083 1.009459747218782
0.5827421433569122 1.009459747218782
0.5867825473973163 1.009459747218782
0.5908229514377203 1.009459747218782
0.5948633554781244 1.009459747218782
0.5989037595185285 1.009459747218782
0.6029441635589325 1.009459747218782
0.6069845675993365 1.009459747218782
0.6110249716397406 1.009459747218782
0.6150653756801445 1.009459747218782
0.6191057797205486 1.009459747218782
0.6231461837609527 1.009459747218782
0.6271865878013567 1.009459747218782
0.6312269918417608 1.009459747218782
0.6352673958821649 1.009459747218782
0.6393077999225689 1.009459747218782
0.6433482039629729 1.009459747218782
0.6473886080033769 1.009459747218782
0.6514290120437809 1.009459747218782
0.655469416084185 1.009459747218782
0.659509820124589 1.009459747218782
0.6635502241649931 1.009459747218782
0.6675906282053972 1.009459747218782
0.6716310322458012 1.009459747218782
0.6756714362862052 1.009459747218782
0.6797118403266093 1.009459747218782
0.6837522443670132 1.009459747218782
0.6877926484074173 1.009459747218782
0.6918330524478213 1.009459747218782
0.6958734564882254 1.009459747218782
0.6999138605286295 1.009459747218782
0.29991386052862945 1.0135001512591861
0.3039542645690335 1.0135001512591861
0.3079946686094375 1.0135001512591861
0.31203507264984154 1.0135001512591861
0.3160754766902456 1.0135001512591861
0.32011588073064967 1.0135001512591861
0.3241562847710537 1.0135001512591861
0.32819668881145775 1.0135001512591861
0.33223709285186176 1.0135001512591861
0.3362774968922658 1.0135001512591861
0.34031790093266984 1.0135001512591861
0.3443583049730739 1.0135001512591861
0.3483987090134779 1.0135001512591861
0.352439113053882 1.0135001512591861
0.35647951709428605 1.0135001512591861
0.36051992113469006 1.0135001512591861
0.36456032517509407 1.0135001512591861
0.36860072921549814 1.0135001512591861
0.3726411332559022 1.0135001512591861
0.3766815372963062 1.0135001512591861
0.3807219413367102 1.0135001512591861
0.3847623453771143 1.0135001512591861
0.38880274941751836 1.0135001512591861
0.39284315345792237 1.0135001512591861
0.39688355749832643 1.0135001512591861
0.40092396153873044 1.0135001512591861
0.4049643655791345 1.0135001512591861
0.4090047696195385 1.0135001512591861
0.4130451736599426 1.0135001512591861
0.4170855777003466 1.0135001512591861
0.42112598174075067 1.0135001512591861
0.42516638578115473 1.0135001512591861
0.42920678982155874 1.0135001512591861
0.43324719386196275 1.0135001512591861
0.4372875979023668 1.0135001512591861
0.4413280019427709 1.0135001512591861
0.4453684059831749 1.0135001512591861
0.4494088100235789 1.0135001512591861
0.453449214063983 1.0135001512591861
0.45748961810438704 1.0135001512591861
0.46153002214479105 1.0135001512591861
0.4655704261851951 1.0135001512591861
0.46961083022559913 1.0135001512591861
0.4736512342660032 1.0135001512591861
0.47769163830640726 1.0135001512591861
0.4817320423468113 1.0135001512591861
0.4857724463872153 1.0135001512591861
0.48981285042761935 1.0135001512591861
0.4938532544680234 1.0135001512591861
0.49789365850842743 1.0135001512591861
0.5019340625488314 1.0135001512591861
0.5059744665892355 1.0135001512591861
0.5100148706296396 1.0135001512591861
0.5140552746700435 1.0135001512591861
0.5180956787104476 1.0135001512591861
0.5221360827508517 1.0135001512591861
0.5261764867912557 1.0135001512591861
0.5302168908316598 1.0135001512591861
0.5342572948720639 1.0135001512591861
0.5382976989124678 1.0135001512591861
0.5423381029528719 1.0135001512591861
0.546378506993276 1.0135001512591861
0.5504189110336799 1.0135001512591861
0.554459315074084 1.0135001512591861
0.558499719114488 1.0135001512591861
0.5625401231548921 1.0135001512591861
0.5665805271952962 1.0135001512591861
0.5706209312357002 1.0135001512591861
0.5746613352761042 1.0135001512591861
0.5787017393165083 1.0135001512591861
0.5827421433569122 1.0135001512591861
0.5867825473973163 1.0135001512591861
0.5908229514377203 1.0135001512591861
0.5948633554781244 1.0135001512591861
0.5989037595185285 1.0135001512591861
0.6029441635589325 1.0135001512591861
0.6069845675993365 1.0135001512591861
0.6110249716397406 1.0135001512591861
0.6150653756801445 1.0135001512591861
0.6191057797205486 1.0135001512591861
0.6231461837609527 1.0135001512591861
0.6271865878013567 1.0135001512591861
0.6312269918417608 1.0135001512591861
0.6352673958821649 1.0135001512591861
0.6393077999225689 1.0135001512591861
0.6433482039629729 1.0135001512591861
0.6473886080033769 1.0135001512591861
0.6514290120437809 1.0135001512591861
0.655469416084185 1.0135001512591861
0.659509820124589 1.0135001512591861
0.6635502241649931 1.0135001512591861
0.6675906282053972 1.0135001512591861
0.6716310322458012 1.0135001512591861
0.6756714362862052 1.0135001512591861
0.6797118403266093 1.0135001512591861
0.6837522443670132 1.0135001512591861
0.6877926484074173 1.0135001512591861
0.6918330524478213 1.0135001512591861
0.6958734564882254 1.0135001512591861
0.6999138605286295 1.0135001512591861
0.29991386052862945 1.0175405552995902
0.3039542645690335 1.0175405552995902
0.3079946686094375 1.0175405552995902
0.31203507264984154 1.0175405552995902
0.3160754766902456 1.0175405552995902
0.32011588073064967 1.0175405552995902
0.3241562847710537 1.0175405552995902
0.32819668881145775 1.0175405552995902
0.33223709285186176 1.0175405552995902
0.3362774968922658 1.0175405552995902
0.34031790093266984 1.0175405552995902
0.3443583049730739 1.0175405552995902
0.3483987090134779 1.0175405552995902
0.352439113053882 1.0175405552995902
0.35647951709428605 1.0175405552995902
0.36051992113469006 1.0175405552995902
0.36456032517509407 1.0175405552995902
0.36860072921549814 1.0175405552995902
0.3726411332559022 1.0175405552995902
0.3766815372963062 1.0175405552995902
0.3807219413367102 1.0175405552995902
0.3847623453771143 1.0175405552995902
0.38880274941751836 1.0175405552995902
0.39284315345792237 1.0175405552995902
0.39688355749832643 1.0175405552995902
0.40092396153873044 1.0175405552995902
0.4049643655791345 1.0175405552995902
0.4090047696195385 1.0175405552995902
0.4130451736599426 1.0175405552995902
0.4170855777003466 1.0175405552995902
0.42112598174075067 1.0175405552995902
0.42516638578115473 1.0175405552995902
0.42920678982155874 1.0175405552995902
0.43324719386196275 1.0175405552995902
0.4372875979023668 1.0175405552995902
0.4413280019427709 1.0175405552995902
0.4453684059831749 1.0175405552995902
0.4494088100235789 1.0175405552995902
0.453449214063983 1.0175405552995902
0.45748961810438704 1.0175405552995902
0.46153002214479105 1.0175405552995902
0.4655704261851951 1.0175405552995902
0.46961083022559913 1.0175405552995902
0.4736512342660032 1.0175405552995902
0.47769163830640726 1.0175405552995902
0.4817320423468113 1.0175405552995902
0.4857724463872153 1.0175405552995902
0.48981285042761935 1.0175405552995902
0.4938532544680234 1.0175405552995902
0.49789365850842743 1.0175405552995902
0.5019340625488314 1.0175405552995902
0.5059744665892355 1.0175405552995902
0.5100148706296396 1.0175405552995902
0.5140552746700435 1.0175405552995902
0.5180956787104476 1.0175405552995902
0.5221360827508517 1.0175405552995902
0.5261764867912557 1.0175405552995902
0.5302168908316598 1.0175405552995902
0.5342572948720639 1.0175405552995902
0.5382976989124678 1.0175405552995902
0.5423381029528719 1.0175405552995902
0.546378506993276 1.0175405552995902
0.5504189110336799 1.0175405552995902
0.554459315074084 1.0175405552995902
0.558499719114488 1.0175405552995902
0.5625401231548921 1.0175405552995902
0.5665805271952962 1.0175405552995902
0.5706209312357002 1.0175405552995902
0.5746613352761042 1.0175405552995902
0.5787017393165083 1.0175405552995902
0.5827421433569122 1.0175405552995902
0.5867825473973163 1.0175405552995902
0.5908229514377203 1.0175405552995902
0.5948633554781244 1.0175405552995902
0.5989037595185285 1.0175405552995902
0.6029441635589325 1.0175405552995902
0.6069845675993365 1.0175405552995902
0.6110249716397406 1.0175405552995902
0.6150653756801445 1.0175405552995902
0.6191057797205486 1.0175405552995902
0.6231461837609527 1.0175405552995902
0.6271865878013567 1.0175405552995902
0.6312269918417608 1.0175405552995902
0.6352673958821649 1.0175405552995902
0.6393077999225689 1.0175405552995902
0.6433482039629729 1.0175405552995902
0.6473886080033769 1.0175405552995902
0.6514290120437809 1.0175405552995902
0.655469416084185 1.0175405552995902
0.659509820124589 1.0175405552995902
0.6635502241649931 1.0175405552995902
0.6675906282053972 1.0175405552995902
0.6716310322458012 1.0175405552995902
0.6756714362862052 1.0175405552995902
0.6797118403266093 1.0175405552995902
0.6837522443670132 1.0175405552995902
0.6877926484074173 1.0175405552995902
0.6918330524478213 1.0175405552995902
0.6958734564882254 1.0175405552995902
0.6999138605286295 1.0175405552995902
0.29991386052862945 1.0215809593399943
0.3039542645690335 1.0215809593399943
0.3079946686094375 1.0215809593399943
0.31203507264984154 1.0215809593399943
0.3160754766902456 1.0215809593399943
0.32011588073064967 1.0215809593399943
0.3241562847710537 1.0215809593399943
0.32819668881145775 1.0215809593399943
0.33223709285186176 1.0215809593399943
0.3362774968922658 1.0215809593399943
0.34031790093266984 1.0215809593399943
0.3443583049730739 1.0215809593399943
0.3483987090134779 1.0215809593399943
0.352439113053882 1.0215809593399943
0.35647951709428605 1.0215809593399943
0.36051992113469006 1.0215809593399943
0.36456032517509407 1.0215809593399943
0.36860072921549814 1.0215809593399943
0.3726411332559022 1.0215809593399943
0.3766815372963062 1.0215809593399943
0.3807219413367102 1.0215809593399943
0.3847623453771143 1.0215809593399943
0.38880274941751836 1.0215809593399943
0.39284315345792237 1.0215809593399943
0.39688355749832643 1.0215809593399943
0.40092396153873044 1.0215809593399943
0.4049643655791345 1.0215809593399943
0.4090047696195385 1.0215809593399943
0.4130451736599426 1.0215809593399943
0.4170855777003466 1.0215809593399943
0.42112598174075067 1.0215809593399943
0.42516638578115473 1.0215809593399943
0.42920678982155874 1.0215809593399943
0.43324719386196275 1.0215809593399943
0.4372875979023668 1.0215809593399943
0.4413280019427709 1.0215809593399943
0.4453684059831749 1.0215809593399943
0.4494088100235789 1.0215809593399943
0.453449214063983 1.0215809593399943
0.45748961810438704 1.0215809593399943
0.46153002214479105 1.0215809593399943
0.4655704261851951 1.0215809593399943
0.46961083022559913 1.0215809593399943
0.4736512342660032 1.0215809593399943
0.47769163830640726 1.0215809593399943
0.4817320423468113 1.0215809593399943
0.4857724463872153 1.0215809593399943
0.48981285042761935 1.0215809593399943
0.4938532544680234 1.0215809593399943
0.49789365850842743 1.0215809593399943
0.5019340625488314 1.0215809593399943
0.5059744665892355 1.0215809593399943
0.5100148706296396 1.0215809593399943
0.5140552746700435 1.0215809593399943
0.5180956787104476 1.0215809593399943
0.5221360827508517 1.0215809593399943
0.5261764867912557 1.0215809593399943
0.5302168908316598 1.0215809593399943
0.5342572948720639 1.0215809593399943
0.5382976989124678 1.0215809593399943
0.5423381029528719 1.0215809593399943
0.546378506993276 1.0215809593399943
0.5504189110336799 1.0215809593399943
0.554459315074084 1.0215809593399943
0.558499719114488 1.0215809593399943
0.5625401231548921 1.0215809593399943
0.5665805271952962 1.0215809593399943
0.5706209312357002 1.0215809593399943
0.5746613352761042 1.0215809593399943
0.5787017393165083 1.0215809593399943
0.5827421433569122 1.0215809593399943
0.5867825473973163 1.0215809593399943
0.5908229514377203 1.0215809593399943
0.5948633554781244 1.0215809593399943
0.5989037595185285 1.0215809593399943
0.6029441635589325 1.0215809593399943
0.6069845675993365 1.0215809593399943
0.6110249716397406 1.0215809593399943
0.6150653756801445 1.0215809593399943
0.6191057797205486 1.0215809593399943
0.6231461837609527 1.0215809593399943
0.6271865878013567 1.0215809593399943
0.6312269918417608 1.0215809593399943
0.6352673958821649 1.0215809593399943
0.6393077999225689 1.0215809593399943
0.6433482039629729 1.0215809593399943
0.6473886080033769 1.0215809593399943
0.6514290120437809 1.0215809593399943
0.655469416084185 1.0215809593399943
0.659509820124589 1.0215809593399943
0.6635502241649931 1.0215809593399943
0.6675906282053972 1.0215809593399943
0.6716310322458012 1.0215809593399943
0.6756714362862052 1.0215809593399943
0.6797118403266093 1.0215809593399943
0.6837522443670132 1.0215809593399943
0.6877926484074173 1.0215809593399943
0.6918330524478213 1.0215809593399943
0.6958734564882254 1.0215809593399943
0.6999138605286295 1.0215809593399943
0.29991386052862945 1.025621363380398
0.3039542645690335 1.025621363380398
0.3079946686094375 1.025621363380398
0.31203507264984154 1.025621363380398
0.3160754766902456 1.025621363380398
0.32011588073064967 1.025621363380398
0.3241562847710537 1.025621363380398
0.32819668881145775 1.025621363380398
0.33223709285186176 1.025621363380398
0.3362774968922658 1.025621363380398
0.34031790093266984 1.025621363380398
0.3443583049730739 1.025621363380398
0.3483987090134779 1.025621363380398
0.352439113053882 1.025621363380398
0.35647951709428605 1.025621363380398
0.36051992113469006 1.025621363380398
0.36456032517509407 1.025621363380398
0.36860072921549814 1.025621363380398
0.3726411332559022 1.025621363380398
0.3766815372963062 1.025621363380398
0.3807219413367102 1.025621363380398
0.3847623453771143 1.025621363380398
0.38880274941751836 1.025621363380398
0.39284315345792237 1.025621363380398
0.39688355749832643 1.025621363380398
0.40092396153873044 1.025621363380398
0.4049643655791345 1.025621363380398
0.4090047696195385 1.025621363380398
0.4130451736599426 1.025621363380398
0.4170855777003466 1.025621363380398
0.42112598174075067 1.025621363380398
0.42516638578115473 1.025621363380398
0.42920678982155874 1.025621363380398
0.43324719386196275 1.025621363380398
0.4372875979023668 1.025621363380398
0.4413280019427709 1.025621363380398
0.4453684059831749 1.025621363380398
0.4494088100235789 1.025621363380398
0.453449214063983 1.025621363380398
0.45748961810438704 1.025621363380398
0.46153002214479105 1.025621363380398
0.4655704261851951 1.025621363380398
0.46961083022559913 1.025621363380398
0.4736512342660032 1.025621363380398
0.47769163830640726 1.025621363380398
0.4817320423468113 1.025621363380398
0.4857724463872153 1.025621363380398
0.48981285042761935 1.025621363380398
0.4938532544680234 1.025621363380398
0.49789365850842743 1.025621363380398
0.5019340625488314 1.025621363380398
0.5059744665892355 1.025621363380398
0.5100148706296396 1.025621363380398
0.5140552746700435 1.025621363380398
0.5180956787104476 1.025621363380398
0.5221360827508517 1.025621363380398
0.5261764867912557 1.025621363380398
0.5302168908316598 1.025621363380398
0.5342572948720639 1.025621363380398
0.5382976989124678 1.025621363380398
0.5423381029528719 1.025621363380398
0.546378506993276 1.025621363380398
0.5504189110336799 1.025621363380398
0.554459315074084 1.025621363380398
0.558499719114488 1.025621363380398
0.5625401231548921 1.025621363380398
0.5665805271952962 1.025621363380398
0.5706209312357002 1.025621363380398
0.5746613352761042 1.025621363380398
0.5787017393165083 1.025621363380398
0.5827421433569122 1.025621363380398
0.5867825473973163 1.025621363380398
0.5908229514377203 1.025621363380398
0.5948633554781244 1.025621363380398
0.5989037595185285 1.025621363380398
0.6029441635589325 1.025621363380398
0.6069845675993365 1.025621363380398
0.6110249716397406 1.025621363380398
0.6150653756801445 1.025621363380398
0.6191057797205486 1.025621363380398
0.6231461837609527 1.025621363380398
0.6271865878013567 1.025621363380398
0.6312269918417608 1.025621363380398
0.6352673958821649 1.025621363380398
0.6393077999225689 1.025621363380398
0.6433482039629729 1.025621363380398
0.6473886080033769 1.025621363380398
0.6514290120437809 1.025621363380398
0.655469416084185 1.025621363380398
0.659509820124589 1.025621363380398
0.6635502241649931 1.025621363380398
0.6675906282053972 1.025621363380398
0.6716310322458012 1.025621363380398
0.6756714362862052 1.025621363380398
0.6797118403266093 1.025621363380398
0.6837522443670132 1.025621363380398
0.6877926484074173 1.025621363380398
0.6918330524478213 1.025621363380398
0.6958734564882254 1.025621363380398
0.6999138605286295 1.025621363380398
0.29991386052862945 1.0296617674208022
0.3039542645690335 1.0296617674208022
0.3079946686094375 1.0296617674208022
0.31203507264984154 1.0296617674208022
0.3160754766902456 1.0296617674208022
0.32011588073064967 1.0296617674208022
0.3241562847710537 1.0296617674208022
0.32819668881145775 1.0296617674208022
0.33223709285186176 1.0296617674208022
0.3362774968922658 1.0296617674208022
0.34031790093266984 1.0296617674208022
0.3443583049730739 1.0296617674208022
0.3483987090134779 1.0296617674208022
0.352439113053882 1.0296617674208022
0.35647951709428605 1.0296617674208022
0.36051992113469006 1.0296617674208022
0.36456032517509407 1.0296617674208022
0.36860072921549814 1.0296617674208022
0.3726411332559022 1.0296617674208022
0.3766815372963062 1.0296617674208022
0.3807219413367102 1.0296617674208022
0.3847623453771143 1.0296617674208022
0.38880274941751836 1.0296617674208022
0.39284315345792237 1.0296617674208022
0.39688355749832643 1.0296617674208022
0.40092396153873044 1.0296617674208022
0.4049643655791345 1.0296617674208022
0.4090047696195385 1.0296617674208022
0.4130451736599426 1.0296617674208022
0.4170855777003466 1.0296617674208022
0.42112598174075067 1.0296617674208022
0.42516638578115473 1.0296617674208022
0.42920678982155874 1.0296617674208022
0.43324719386196275 1.0296617674208022
0.4372875979023668 1.0296617674208022
0.4413280019427709 1.0296617674208022
0.4453684059831749 1.0296617674208022
0.4494088100235789 1.0296617674208022
0.453449214063983 1.0296617674208022
0.45748961810438704 1.0296617674208022
0.46153002214479105 1.0296617674208022
0.4655704261851951 1.0296617674208022
0.46961083022559913 1.0296617674208022
0.4736512342660032 1.0296617674208022
0.47769163830640726 1.0296617674208022
0.4817320423468113 1.0296617674208022
0.4857724463872153 1.0296617674208022
0.48981285042761935 1.0296617674208022
0.4938532544680234 1.0296617674208022
0.49789365850842743 1.0296617674208022
0.5019340625488314 1.0296617674208022
0.5059744665892355 1.0296617674208022
0.5100148706296396 1.0296617674208022
0.5140552746700435 1.0296617674208022
0.5180956787104476 1.0296617674208022
0.5221360827508517 1.0296617674208022
0.5261764867912557 1.0296617674208022
0.5302168908316598 1.0296617674208022
0.5342572948720639 1.0296617674208022
0.5382976989124678 1.0296617674208022
0.5423381029528719 1.0296617674208022
0.546378506993276 1.0296617674208022
0.5504189110336799 1.0296617674208022
0.554459315074084 1.0296617674208022
0.558499719114488 1.0296617674208022
0.5625401231548921 1.0296617674208022
0.5665805271952962 1.0296617674208022
0.5706209312357002 1.0296617674208022
0.5746613352761042 1.0296617674208022
0.5787017393165083 1.0296617674208022
0.5827421433569122 1.0296617674208022
0.5867825473973163 1.0296617674208022
0.5908229514377203 1.0296617674208022
0.5948633554781244 1.0296617674208022
0.5989037595185285 1.0296617674208022
0.6029441635589325 1.0296617674208022
0.6069845675993365 1.0296617674208022
0.6110249716397406 1.0296617674208022
0.6150653756801445 1.0296617674208022
0.6191057797205486 1.0296617674208022
0.6231461837609527 1.0296617674208022
0.6271865878013567 1.0296617674208022
0.6312269918417608 1.0296617674208022
0.6352673958821649 1.0296617674208022
0.6393077999225689 1.0296617674208022
0.6433482039629729 1.0296617674208022
0.6473886080033769 1.0296617674208022
0.6514290120437809 1.0296617674208022
0.655469416084185 1.0296617674208022
0.659509820124589 1.0296617674208022
0.6635502241649931 1.0296617674208022
0.6675906282053972 1.0296617674208022
0.6716310322458012 1.0296617674208022
0.6756714362862052 1.0296617674208022
0.6797118403266093 1.0296617674208022
0.6837522443670132 1.0296617674208022
0.6877926484074173 1.0296617674208022
0.6918330524478213 1.0296617674208022
0.6958734564882254 1.0296617674208022
0.6999138605286295 1.0296617674208022
0.29991386052862945 1.0337021714612062
0.3039542645690335 1.0337021714612062
0.3079946686094375 1.0337021714612062
0.31203507264984154 1.0337021714612062
0.3160754766902456 1.0337021714612062
0.32011588073064967 1.0337021714612062
0.3241562847710537 1.0337021714612062
0.32819668881145775 1.0337021714612062
0.33223709285186176 1.0337021714612062
0.3362774968922658 1.0337021714612062
0.34031790093266984 1.0337021714612062
0.3443583049730739 1.0337021714612062
0.3483987090134779 1.0337021714612062
0.352439113053882 1.0337021714612062
0.35647951709428605 1.0337021714612062
0.36051992113469006 1.0337021714612062
0.36456032517509407 1.0337021714612062
0.36860072921549814 1.0337021714612062
0.3726411332559022 1.0337021714612062
0.3766815372963062 1.0337021714612062
0.3807219413367102 1.0337021714612062
0.3847623453771143 1.0337021714612062
0.38880274941751836 1.0337021714612062
0.39284315345792237 1.0337021714612062
0.39688355749832643 1.0337021714612062
0.40092396153873044 1.0337021714612062
0.4049643655791345 1.0337021714612062
0.4090047696195385 1.0337021714612062
0.4130451736599426 1.0337021714612062
0.4170855777003466 1.0337021714612062
0.42112598174075067 1.0337021714612062
0.42516638578115473 1.0337021714612062
0.42920678982155874 1.0337021714612062
0.43324719386196275 1.0337021714612062
0.4372875979023668 1.0337021714612062
0.4413280019427709 1.0337021714612062
0.4453684059831749 1.0337021714612062
0.4494088100235789 1.0337021714612062
0.453449214063983 1.0337021714612062
0.45748961810438704 1.0337021714612062
0.46153002214479105 1.0337021714612062
0.4655704261851951 1.0337021714612062
0.46961083022559913 1.0337021714612062
0.4736512342660032 1.0337021714612062
0.47769163830640726 1.0337021714612062
0.4817320423468113 1.0337021714612062
0.4857724463872153 1.0337021714612062
0.48981285042761935 1.0337021714612062
0.4938532544680234 1.0337021714612062
0.49789365850842743 1.0337021714612062
0.5019340625488314 1.0337021714612062
0.5059744665892355 1.0337021714612062
0.5100148706296396 1.0337021714612062
0.5140552746700435 1.0337021714612062
0.5180956787104476 1.0337021714612062
0.5221360827508517 1.0337021714612062
0.5261764867912557 1.0337021714612062
0.5302168908316598 1.0337021714612062
0.5342572948720639 1.0337021714612062
0.5382976989124678 1.0337021714612062
0.5423381029528719 1.0337021714612062
0.546378506993276 1.0337021714612062
0.5504189110336799 1.0337021714612062
0.554459315074084 1.0337021714612062
0.558499719114488 1.0337021714612062
0.5625401231548921 1.0337021714612062
0.5665805271952962 1.0337021714612062
0.5706209312357002 1.0337021714612062
0.5746613352761042 1.0337021714612062
0.5787017393165083 1.0337021714612062
0.5827421433569122 1.0337021714612062
0.5867825473973163 1.0337021714612062
0.5908229514377203 1.0337021714612062
0.5948633554781244 1.0337021714612062
0.5989037595185285 1.0337021714612062
0.6029441635589325 1.0337021714612062
0.6069845675993365 1.0337021714612062
0.6110249716397406 1.0337021714612062
0.6150653756801445 1.0337021714612062
0.6191057797205486 1.0337021714612062
0.6231461837609527 1.0337021714612062
0.6271865878013567 1.0337021714612062
0.6312269918417608 1.0337021714612062
0.6352673958821649 1.0337021714612062
0.6393077999225689 1.0337021714612062
0.6433482039629729 1.0337021714612062
0.6473886080033769 1.0337021714612062
0.6514290120437809 1.0337021714612062
0.655469416084185 1.0337021714612062
0.659509820124589 1.0337021714612062
0.6635502241649931 1.0337021714612062
0.6675906282053972 1.0337021714612062
0.6716310322458012 1.0337021714612062
0.6756714362862052 1.0337021714612062
0.6797118403266093 1.0337021714612062
0.6837522443670132 1.0337021714612062
0.6877926484074173 1.0337021714612062
0.6918330524478213 1.0337021714612062
0.6958734564882254 1.0337021714612062
0.6999138605286295 1.0337021714612062
0.29991386052862945 1.0377425755016103
0.3039542645690335 1.0377425755016103
0.3079946686094375 1.0377425755016103
0.31203507264984154 1.0377425755016103
0.3160754766902456 1.0377425755016103
0.32011588073064967 1.0377425755016103
0.3241562847710537 1.0377425755016103
0.32819668881145775 1.0377425755016103
0.33223709285186176 1.0377425755016103
0.3362774968922658 1.0377425755016103
0.34031790093266984 1.0377425755016103
0.3443583049730739 1.0377425755016103
0.3483987090134779 1.0377425755016103
0.352439113053882 1.0377425755016103
0.35647951709428605 1.0377425755016103
0.36051992113469006 1.0377425755016103
0.36456032517509407 1.0377425755016103
0.36860072921549814 1.0377425755016103
0.3726411332559022 1.0377425755016103
0.3766815372963062 1.0377425755016103
0.3807219413367102 1.0377425755016103
0.3847623453771143 1.0377425755016103
0.38880274941751836 1.0377425755016103
0.39284315345792237 1.0377425755016103
0.39688355749832643 1.0377425755016103
0.40092396153873044 1.0377425755016103
0.4049643655791345 1.0377425755016103
0.4090047696195385 1.0377425755016103
0.4130451736599426 1.0377425755016103
0.4170855777003466 1.0377425755016103
0.42112598174075067 1.0377425755016103
0.42516638578115473 1.0377425755016103
0.42920678982155874 1.0377425755016103
0.43324719386196275 1.0377425755016103
0.4372875979023668 1.0377425755016103
0.4413280019427709 1.0377425755016103
0.4453684059831749 1.0377425755016103
0.4494088100235789 1.0377425755016103
0.453449214063983 1.0377425755016103
0.45748961810438704 1.0377425755016103
0.46153002214479105 1.0377425755016103
0.4655704261851951 1.0377425755016103
0.46961083022559913 1.0377425755016103
0.4736512342660032 1.0377425755016103
0.47769163830640726 1.0377425755016103
0.4817320423468113 1.0377425755016103
0.4857724463872153 1.0377425755016103
0.48981285042761935 1.0377425755016103
0.4938532544680234 1.0377425755016103
0.49789365850842743 1.0377425755016103
0.5019340625488314 1.0377425755016103
0.5059744665892355 1.0377425755016103
0.5100148706296396 1.0377425755016103
0.5140552746700435 1.0377425755016103
0.5180956787104476 1.0377425755016103
0.5221360827508517 1.0377425755016103
0.5261764867912557 1.0377425755016103
0.5302168908316598 1.0377425755016103
0.5342572948720639 1.0377425755016103
0.5382976989124678 1.0377425755016103
0.5423381029528719 1.0377425755016103
0.546378506993276 1.0377425755016103
0.5504189110336799 1.0377425755016103
0.554459315074084 1.0377425755016103
0.558499719114488 1.0377425755016103
0.5625401231548921 1.0377425755016103
0.5665805271952962 1.0377425755016103
0.5706209312357002 1.0377425755016103
0.5746613352761042 1.0377425755016103
0.5787017393165083 1.0377425755016103
0.5827421433569122 1.0377425755016103
0.5867825473973163 1.0377425755016103
0.5908229514377203 1.0377425755016103
0.5948633554781244 1.0377425755016103
0.5989037595185285 1.0377425755016103
0.6029441635589325 1.0377425755016103
0.6069845675993365 1.0377425755016103
0.6110249716397406 1.0377425755016103
0.6150653756801445 1.0377425755016103
0.6191057797205486 1.0377425755016103
0.6231461837609527 1.0377425755016103
0.6271865878013567 1.0377425755016103
0.6312269918417608 1.0377425755016103
0.6352673958821649 1.0377425755016103
0.6393077999225689 1.0377425755016103
0.6433482039629729 1.0377425755016103
0.6473886080033769 1.0377425755016103
0.6514290120437809 1.0377425755016103
0.655469416084185 1.0377425755016103
0.659509820124589 1.0377425755016103
0.6635502241649931 1.0377425755016103
0.6675906282053972 1.0377425755016103
0.6716310322458012 1.0377425755016103
0.6756714362862052 1.0377425755016103
0.6797118403266093 1.0377425755016103
0.6837522443670132 1.0377425755016103
0.6877926484074173 1.0377425755016103
0.6918330524478213 1.0377425755016103
0.6958734564882254 1.0377425755016103
0.6999138605286295 1.0377425755016103
0.29991386052862945 1.0417829795420144
0.3039542645690335 1.0417829795420144
0.3079946686094375 1.0417829795420144
0.31203507264984154 1.0417829795420144
0.3160754766902456 1.0417829795420144
0.32011588073064967 1.0417829795420144
0.3241562847710537 1.0417829795420144
0.32819668881145775 1.0417829795420144
0.33223709285186176 1.0417829795420144
0.3362774968922658 1.0417829795420144
0.34031790093266984 1.0417829795420144
0.3443583049730739 1.0417829795420144
0.3483987090134779 1.0417829795420144
0.352439113053882 1.0417829795420144
0.35647951709428605 1.0417829795420144
0.36051992113469006 1.0417829795420144
0.36456032517509407 1.0417829795420144
0.36860072921549814 1.0417829795420144
0.3726411332559022 1.0417829795420144
0.3766815372963062 1.0417829795420144
0.3807219413367102 1.0417829795420144
0.3847623453771143 1.0417829795420144
0.38880274941751836 1.0417829795420144
0.39284315345792237 1.0417829795420144
0.39688355749832643 1.0417829795420144
0.40092396153873044 1.0417829795420144
0.4049643655791345 1.0417829795420144
0.4090047696195385 1.0417829795420144
0.4130451736599426 1.0417829795420144
0.4170855777003466 1.0417829795420144
0.42112598174075067 1.0417829795420144
0.42516638578115473 1.0417829795420144
0.42920678982155874 1.0417829795420144
0.43324719386196275 1.0417829795420144
0.4372875979023668 1.0417829795420144
0.4413280019427709 1.0417829795420144
0.4453684059831749 1.0417829795420144
0.4494088100235789 1.0417829795420144
0.453449214063983 1.0417829795420144
0.45748961810438704 1.0417829795420144
0.46153002214479105 1.0417829795420144
0.4655704261851951 1.0417829795420144
0.46961083022559913 1.0417829795420144
0.4736512342660032 1.0417829795420144
0.47769163830640726 1.0417829795420144
0.4817320423468113 1.0417829795420144
0.4857724463872153 1.0417829795420144
0.48981285042761935 1.0417829795420144
0.4938532544680234 1.0417829795420144
0.49789365850842743 1.0417829795420144
0.5019340625488314 1.0417829795420144
0.5059744665892355 1.0417829795420144
0.5100148706296396 1.0417829795420144
0.5140552746700435 1.0417829795420144
0.5180956787104476 1.0417829795420144
0.5221360827508517 1.0417829795420144
0.5261764867912557 1.0417829795420144
0.5302168908316598 1.0417829795420144
0.5342572948720639 1.0417829795420144
0.5382976989124678 1.0417829795420144
0.5423381029528719 1.0417829795420144
0.546378506993276 1.0417829795420144
0.5504189110336799 1.0417829795420144
0.554459315074084 1.0417829795420144
0.558499719114488 1.0417829795420144
0.5625401231548921 1.0417829795420144
0.5665805271952962 1.0417829795420144
0.5706209312357002 1.0417829795420144
0.5746613352761042 1.0417829795420144
0.5787017393165083 1.0417829795420144
0.5827421433569122 1.0417829795420144
0.5867825473973163 1.0417829795420144
0.5908229514377203 1.0417829795420144
0.5948633554781244 1.0417829795420144
0.5989037595185285 1.0417829795420144
0.6029441635589325 1.0417829795420144
0.6069845675993365 1.0417829795420144
0.6110249716397406 1.0417829795420144
0.6150653756801445 1.0417829795420144
0.6191057797205486 1.0417829795420144
0.6231461837609527 1.0417829795420144
0.6271865878013567 1.0417829795420144
0.6312269918417608 1.0417829795420144
0.6352673958821649 1.0417829795420144
0.6393077999225689 1.0417829795420144
0.6433482039629729 1.0417829795420144
0.6473886080033769 1.0417829795420144
0.6514290120437809 1.0417829795420144
0.655469416084185 1.0417829795420144
0.659509820124589 1.0417829795420144
0.6635502241649931 1.0417829795420144
0.6675906282053972 1.0417829795420144
0.6716310322458012 1.0417829795420144
0.6756714362862052 1.0417829795420144
0.6797118403266093 1.0417829795420144
0.6837522443670132 1.0417829795420144
0.6877926484074173 1.0417829795420144
0.6918330524478213 1.0417829795420144
0.6958734564882254 1.0417829795420144
0.6999138605286295 1.0417829795420144
0.29991386052862945 1.0458233835824184
0.3039542645690335 1.0458233835824184
0.3079946686094375 1.0458233835824184
0.31203507264984154 1.0458233835824184
0.3160754766902456 1.0458233835824184
0.32011588073064967 1.0458233835824184
0.3241562847710537 1.0458233835824184
0.32819668881145775 1.0458233835824184
0.33223709285186176 1.0458233835824184
0.3362774968922658 1.0458233835824184
0.34031790093266984 1.0458233835824184
0.3443583049730739 1.0458233835824184
0.3483987090134779 1.0458233835824184
0.352439113053882 1.0458233835824184
0.35647951709428605 1.0458233835824184
0.36051992113469006 1.0458233835824184
0.36456032517509407 1.0458233835824184
0.36860072921549814 1.0458233835824184
0.3726411332559022 1.0458233835824184
0.3766815372963062 1.0458233835824184
0.3807219413367102 1.0458233835824184
0.3847623453771143 1.0458233835824184
0.38880274941751836 1.0458233835824184
0.39284315345792237 1.0458233835824184
0.39688355749832643 1.0458233835824184
0.40092396153873044 1.0458233835824184
0.4049643655791345 1.0458233835824184
0.4090047696195385 1.0458233835824184
0.4130451736599426 1.0458233835824184
0.4170855777003466 1.0458233835824184
0.42112598174075067 1.0458233835824184
0.42516638578115473 1.0458233835824184
0.42920678982155874 1.0458233835824184
0.43324719386196275 1.0458233835824184
0.4372875979023668 1.0458233835824184
0.4413280019427709 1.0458233835824184
0.4453684059831749 1.0458233835824184
0.4494088100235789 1.0458233835824184
0.453449214063983 1.0458233835824184
0.45748961810438704 1.0458233835824184
0.46153002214479105 1.0458233835824184
0.4655704261851951 1.0458233835824184
0.46961083022559913 1.0458233835824184
0.4736512342660032 1.0458233835824184
0.47769163830640726 1.0458233835824184
0.4817320423468113 1.0458233835824184
0.4857724463872153 1.0458233835824184
0.48981285042761935 1.0458233835824184
0.4938532544680234 1.0458233835824184
0.49789365850842743 1.0458233835824184
0.5019340625488314 1.0458233835824184
0.5059744665892355 1.0458233835824184
0.5100148706296396 1.0458233835824184
0.5140552746700435 1.0458233835824184
0.5180956787104476 1.0458233835824184
0.5221360827508517 1.0458233835824184
0.5261764867912557 1.0458233835824184
0.5302168908316598 1.0458233835824184
0.5342572948720639 1.0458233835824184
0.5382976989124678 1.0458233835824184
0.5423381029528719 1.0458233835824184
0.546378506993276 1.0458233835824184
0.5504189110336799 1.0458233835824184
0.554459315074084 1.0458233835824184
0.558499719114488 1.0458233835824184
0.5625401231548921 1.0458233835824184
0.5665805271952962 1.0458233835824184
0.5706209312357002 1.0458233835824184
0.5746613352761042 1.0458233835824184
0.5787017393165083 1.0458233835824184
0.5827421433569122 1.0458233835824184
0.5867825473973163 1.0458233835824184
0.5908229514377203 1.0458233835824184
0.5948633554781244 1.0458233835824184
0.5989037595185285 1.0458233835824184
0.6029441635589325 1.0458233835824184
0.6069845675993365 1.0458233835824184
0.6110249716397406 1.0458233835824184
0.6150653756801445 1.0458233835824184
0.6191057797205486 1.0458233835824184
0.6231461837609527 1.0458233835824184
0.6271865878013567 1.0458233835824184
0.6312269918417608 1.0458233835824184
0.6352673958821649 1.0458233835824184
0.6393077999225689 1.0458233835824184
0.6433482039629729 1.0458233835824184
0.6473886080033769 1.0458233835824184
0.6514290120437809 1.0458233835824184
0.655469416084185 1.0458233835824184
0.659509820124589 1.0458233835824184
0.6635502241649931 1.0458233835824184
0.6675906282053972 1.0458233835824184
0.6716310322458012 1.0458233835824184
0.6756714362862052 1.0458233835824184
0.6797118403266093 1.0458233835824184
0.6837522443670132 1.0458233835824184
0.6877926484074173 1.0458233835824184
0.6918330524478213 1.0458233835824184
0.6958734564882254 1.0458233835824184
0.6999138605286295 1.0458233835824184
0.29991386052862945 1.0498637876228223
0.3039542645690335 1.0498637876228223
0.3079946686094375 1.0498637876228223
0.31203507264984154 1.0498637876228223
0.3160754766902456 1.0498637876228223
0.32011588073064967 1.0498637876228223
0.3241562847710537 1.0498637876228223
0.32819668881145775 1.0498637876228223
0.33223709285186176 1.0498637876228223
0.3362774968922658 1.0498637876228223
0.34031790093266984 1.0498637876228223
0.3443583049730739 1.0498637876228223
0.3483987090134779 1.0498637876228223
0.352439113053882 1.0498637876228223
0.35647951709428605 1.0498637876228223
0.36051992113469006 1.0498637876228223
0.36456032517509407 1.0498637876228223
0.36860072921549814 1.0498637876228223
0.3726411332559022 1.0498637876228223
0.3766815372963062 1.0498637876228223
0.3807219413367102 1.0498637876228223
0.3847623453771143 1.0498637876228223
0.38880274941751836 1.0498637876228223
0.39284315345792237 1.0498637876228223
0.39688355749832643 1.0498637876228223
0.40092396153873044 1.0498637876228223
0.4049643655791345 1.0498637876228223
0.4090047696195385 1.0498637876228223
0.4130451736599426 1.0498637876228223
0.4170855777003466 1.0498637876228223
0.42112598174075067 1.0498637876228223
0.42516638578115473 1.0498637876228223
0.42920678982155874 1.0498637876228223
0.43324719386196275 1.0498637876228223
0.4372875979023668 1.0498637876228223
0.4413280019427709 1.0498637876228223
0.4453684059831749 1.0498637876228223
0.4494088100235789 1.0498637876228223
0.453449214063983 1.0498637876228223
0.45748961810438704 1.0498637876228223
0.46153002214479105 1.0498637876228223
0.4655704261851951 1.0498637876228223
0.46961083022559913 1.0498637876228223
0.4736512342660032 1.0498637876228223
0.47769163830640726 1.0498637876228223
0.4817320423468113 1.0498637876228223
0.4857724463872153 1.0498637876228223
0.48981285042761935 1.0498637876228223
0.4938532544680234 1.0498637876228223
0.49789365850842743 1.0498637876228223
0.5019340625488314 1.0498637876228223
0.5059744665892355 1.0498637876228223
0.5100148706296396 1.0498637876228223
0.5140552746700435 1.0498637876228223
0.5180956787104476 1.0498637876228223
0.5221360827508517 1.0498637876228223
0.5261764867912557 1.0498637876228223
0.5302168908316598 1.0498637876228223
0.5342572948720639 1.0498637876228223
0.5382976989124678 1.0498637876228223
0.5423381029528719 1.0498637876228223
0.546378506993276 1.0498637876228223
0.5504189110336799 1.0498637876228223
0.554459315074084 1.0498637876228223
0.558499719114488 1.0498637876228223
0.5625401231548921 1.0498637876228223
0.5665805271952962 1.0498637876228223
0.5706209312357002 1.0498637876228223
0.5746613352761042 1.0498637876228223
0.5787017393165083 1.0498637876228223
0.5827421433569122 1.0498637876228223
0.5867825473973163 1.0498637876228223
0.5908229514377203 1.0498637876228223
0.5948633554781244 1.0498637876228223
0.5989037595185285 1.0498637876228223
0.6029441635589325 1.0498637876228223
0.6069845675993365 1.0498637876228223
0.6110249716397406 1.0498637876228223
0.6150653756801445 1.0498637876228223
0.6191057797205486 1.0498637876228223
0.6231461837609527 1.0498637876228223
0.6271865878013567 1.0498637876228223
0.6312269918417608 1.0498637876228223
0.6352673958821649 1.0498637876228223
0.6393077999225689 1.0498637876228223
0.6433482039629729 1.0498637876228223
0.6473886080033769 1.0498637876228223
0.6514290120437809 1.0498637876228223
0.655469416084185 1.0498637876228223
0.659509820124589 1.0498637876228223
0.6635502241649931 1.0498637876228223
0.6675906282053972 1.0498637876228223
0.6716310322458012 1.0498637876228223
0.6756714362862052 1.0498637876228223
0.6797118403266093 1.0498637876228223
0.6837522443670132 1.0498637876228223
0.6877926484074173 1.0498637876228223
0.6918330524478213 1.0498637876228223
0.6958734564882254 1.0498637876228223
0.6999138605286295 1.0498637876228223
0.29991386052862945 1.0539041916632264
0.3039542645690335 1.0539041916632264
0.3079946686094375 1.0539041916632264
0.31203507264984154 1.0539041916632264
0.3160754766902456 1.0539041916632264
0.32011588073064967 1.0539041916632264
0.3241562847710537 1.0539041916632264
0.32819668881145775 1.0539041916632264
0.33223709285186176 1.0539041916632264
0.3362774968922658 1.0539041916632264
0.34031790093266984 1.0539041916632264
0.3443583049730739 1.0539041916632264
0.3483987090134779 1.0539041916632264
0.352439113053882 1.0539041916632264
0.35647951709428605 1.0539041916632264
0.36051992113469006 1.0539041916632264
0.36456032517509407 1.0539041916632264
0.36860072921549814 1.0539041916632264
0.3726411332559022 1.0539041916632264
0.3766815372963062 1.0539041916632264
0.3807219413367102 1.0539041916632264
0.3847623453771143 1.0539041916632264
0.38880274941751836 1.0539041916632264
0.39284315345792237 1.0539041916632264
0.39688355749832643 1.0539041916632264
0.40092396153873044 1.0539041916632264
0.4049643655791345 1.0539041916632264
0.4090047696195385 1.0539041916632264
0.4130451736599426 1.0539041916632264
0.4170855777003466 1.0539041916632264
0.42112598174075067 1.0539041916632264
0.42516638578115473 1.0539041916632264
0.42920678982155874 1.0539041916632264
0.43324719386196275 1.0539041916632264
0.4372875979023668 1.0539041916632264
0.4413280019427709 1.0539041916632264
0.4453684059831749 1.0539041916632264
0.4494088100235789 1.0539041916632264
0.453449214063983 1.0539041916632264
0.45748961810438704 1.0539041916632264
0.46153002214479105 1.0539041916632264
0.4655704261851951 1.0539041916632264
0.46961083022559913 1.0539041916632264
0.4736512342660032 1.0539041916632264
0.47769163830640726 1.0539041916632264
0.4817320423468113 1.0539041916632264
0.4857724463872153 1.0539041916632264
0.48981285042761935 1.0539041916632264
0.4938532544680234 1.0539041916632264
0.49789365850842743 1.0539041916632264
0.5019340625488314 1.0539041916632264
0.5059744665892355 1.0539041916632264
0.5100148706296396 1.0539041916632264
0.5140552746700435 1.0539041916632264
0.5180956787104476 1.0539041916632264
0.5221360827508517 1.0539041916632264
0.5261764867912557 1.0539041916632264
0.5302168908316598 1.0539041916632264
0.5342572948720639 1.0539041916632264
0.5382976989124678 1.0539041916632264
0.5423381029528719 1.0539041916632264
0.546378506993276 1.0539041916632264
0.5504189110336799 1.0539041916632264
0.554459315074084 1.0539041916632264
0.558499719114488 1.0539041916632264
0.5625401231548921 1.0539041916632264
0.5665805271952962 1.0539041916632264
0.5706209312357002 1.0539041916632264
0.5746613352761042 1.0539041916632264
0.5787017393165083 1.0539041916632264
0.5827421433569122 1.0539041916632264
0.5867825473973163 1.0539041916632264
0.5908229514377203 1.0539041916632264
0.5948633554781244 1.0539041916632264
0.5989037595185285 1.0539041916632264
0.6029441635589325 1.0539041916632264
0.6069845675993365 1.0539041916632264
0.6110249716397406 1.0539041916632264
0.6150653756801445 1.0539041916632264
0.6191057797205486 1.0539041916632264
0.6231461837609527 1.0539041916632264
0.6271865878013567 1.0539041916632264
0.6312269918417608 1.0539041916632264
0.6352673958821649 1.0539041916632264
0.6393077999225689 1.0539041916632264
0.6433482039629729 1.0539041916632264
0.6473886080033769 1.0539041916632264
0.6514290120437809 1.0539041916632264
0.655469416084185 1.0539041916632264
0.659509820124589 1.0539041916632264
0.6635502241649931 1.0539041916632264
0.6675906282053972 1.0539041916632264
0.6716310322458012 1.0539041916632264
0.6756714362862052 1.0539041916632264
0.6797118403266093 1.0539041916632264
0.6837522443670132 1.0539041916632264
0.6877926484074173 1.0539041916632264
0.6918330524478213 1.0539041916632264
0.6958734564882254 1.0539041916632264
0.6999138605286295 1.0539041916632264
0.29991386052862945 1.0579445957036304
0.3039542645690335 1.0579445957036304
0.3079946686094375 1.0579445957036304
0.31203507264984154 1.0579445957036304
0.3160754766902456 1.0579445957036304
0.32011588073064967 1.0579445957036304
0.3241562847710537 1.0579445957036304
0.32819668881145775 1.0579445957036304
0.33223709285186176 1.0579445957036304
0.3362774968922658 1.0579445957036304
0.34031790093266984 1.0579445957036304
0.3443583049730739 1.0579445957036304
0.3483987090134779 1.0579445957036304
0.352439113053882 1.0579445957036304
0.35647951709428605 1.0579445957036304
0.36051992113469006 1.0579445957036304
0.36456032517509407 1.0579445957036304
0.36860072921549814 1.0579445957036304
0.3726411332559022 1.0579445957036304
0.3766815372963062 1.0579445957036304
0.3807219413367102 1.0579445957036304
0.3847623453771143 1.0579445957036304
0.38880274941751836 1.0579445957036304
0.39284315345792237 1.0579445957036304
0.39688355749832643 1.0579445957036304
0.40092396153873044 1.0579445957036304
0.4049643655791345 1.0579445957036304
0.4090047696195385 1.0579445957036304
0.4130451736599426 1.0579445957036304
0.4170855777003466 1.0579445957036304
0.42112598174075067 1.0579445957036304
0.42516638578115473 1.0579445957036304
0.42920678982155874 1.0579445957036304
0.43324719386196275 1.0579445957036304
0.4372875979023668 1.0579445957036304
0.4413280019427709 1.0579445957036304
0.4453684059831749 1.0579445957036304
0.4494088100235789 1.0579445957036304
0.453449214063983 1.0579445957036304
0.45748961810438704 1.0579445957036304
0.46153002214479105 1.0579445957036304
0.4655704261851951 1.0579445957036304
0.46961083022559913 1.0579445957036304
0.4736512342660032 1.0579445957036304
0.47769163830640726 1.0579445957036304
0.4817320423468113 1.0579445957036304
0.4857724463872153 1.0579445957036304
0.48981285042761935 1.0579445957036304
0.4938532544680234 1.0579445957036304
0.49789365850842743 1.0579445957036304
0.5019340625488314 1.0579445957036304
0.5059744665892355 1.0579445957036304
0.5100148706296396 1.0579445957036304
0.5140552746700435 1.0579445957036304
0.5180956787104476 1.0579445957036304
0.5221360827508517 1.0579445957036304
0.5261764867912557 1.0579445957036304
0.5302168908316598 1.0579445957036304
0.5342572948720639 1.0579445957036304
0.5382976989124678 1.0579445957036304
0.5423381029528719 1.0579445957036304
0.546378506993276 1.0579445957036304
0.5504189110336799 1.0579445957036304
0.554459315074084 1.0579445957036304
0.558499719114488 1.0579445957036304
0.5625401231548921 1.0579445957036304
0.5665805271952962 1.0579445957036304
0.5706209312357002 1.0579445957036304
0.5746613352761042 1.0579445957036304
0.5787017393165083 1.0579445957036304
0.5827421433569122 1.0579445957036304
0.5867825473973163 1.0579445957036304
0.5908229514377203 1.0579445957036304
0.5948633554781244 1.0579445957036304
0.5989037595185285 1.0579445957036304
0.6029441635589325 1.0579445957036304
0.6069845675993365 1.0579445957036304
0.6110249716397406 1.0579445957036304
0.6150653756801445 1.0579445957036304
0.6191057797205486 1.0579445957036304
0.6231461837609527 1.0579445957036304
0.6271865878013567 1.0579445957036304
0.6312269918417608 1.0579445957036304
0.6352673958821649 1.0579445957036304
0.6393077999225689 1.0579445957036304
0.6433482039629729 1.0579445957036304
0.6473886080033769 1.0579445957036304
0.6514290120437809 1.0579445957036304
0.655469416084185 1.0579445957036304
0.659509820124589 1.0579445957036304
0.6635502241649931 1.0579445957036304
0.6675906282053972 1.0579445957036304
0.6716310322458012 1.0579445957036304
0.6756714362862052 1.0579445957036304
0.6797118403266093 1.0579445957036304
0.6837522443670132 1.0579445957036304
0.6877926484074173 1.0579445957036304
0.6918330524478213 1.0579445957036304
0.6958734564882254 1.0579445957036304
0.6999138605286295 1.0579445957036304
0.29991386052862945 1.0619849997440345
0.3039542645690335 1.0619849997440345
0.3079946686094375 1.0619849997440345
0.31203507264984154 1.0619849997440345
0.3160754766902456 1.0619849997440345
0.32011588073064967 1.0619849997440345
0.3241562847710537 1.0619849997440345
0.32819668881145775 1.0619849997440345
0.33223709285186176 1.0619849997440345
0.3362774968922658 1.0619849997440345
0.34031790093266984 1.0619849997440345
0.3443583049730739 1.0619849997440345
0.3483987090134779 1.0619849997440345
0.352439113053882 1.0619849997440345
0.35647951709428605 1.0619849997440345
0.36051992113469006 1.0619849997440345
0.36456032517509407 1.0619849997440345
0.36860072921549814 1.0619849997440345
0.3726411332559022 1.0619849997440345
0.3766815372963062 1.0619849997440345
0.3807219413367102 1.0619849997440345
0.3847623453771143 1.0619849997440345
0.38880274941751836 1.0619849997440345
0.39284315345792237 1.0619849997440345
0.39688355749832643 1.0619849997440345
0.40092396153873044 1.0619849997440345
0.4049643655791345 1.0619849997440345
0.4090047696195385 1.0619849997440345
0.4130451736599426 1.0619849997440345
0.4170855777003466 1.0619849997440345
0.42112598174075067 1.0619849997440345
0.42516638578115473 1.0619849997440345
0.42920678982155874 1.0619849997440345
0.43324719386196275 1.0619849997440345
0.4372875979023668 1.0619849997440345
0.4413280019427709 1.0619849997440345
0.4453684059831749 1.0619849997440345
0.4494088100235789 1.0619849997440345
0.453449214063983 1.0619849997440345
0.45748961810438704 1.0619849997440345
0.46153002214479105 1.0619849997440345
0.4655704261851951 1.0619849997440345
0.46961083022559913 1.0619849997440345
0.4736512342660032 1.0619849997440345
0.47769163830640726 1.0619849997440345
0.4817320423468113 1.0619849997440345
0.4857724463872153 1.0619849997440345
0.48981285042761935 1.0619849997440345
0.4938532544680234 1.0619849997440345
0.49789365850842743 1.0619849997440345
0.5019340625488314 1.0619849997440345
0.5059744665892355 1.0619849997440345
0.5100148706296396 1.0619849997440345
0.5140552746700435 1.0619849997440345
0.5180956787104476 1.0619849997440345
0.5221360827508517 1.0619849997440345
0.5261764867912557 1.0619849997440345
0.5302168908316598 1.0619849997440345
0.5342572948720639 1.0619849997440345
0.5382976989124678 1.0619849997440345
0.5423381029528719 1.0619849997440345
0.546378506993276 1.0619849997440345
0.5504189110336799 1.0619849997440345
0.554459315074084 1.0619849997440345
0.558499719114488 1.0619849997440345
0.5625401231548921 1.0619849997440345
0.5665805271952962 1.0619849997440345
0.5706209312357002 1.0619849997440345
0.5746613352761042 1.0619849997440345
0.5787017393165083 1.0619849997440345
0.5827421433569122 1.0619849997440345
0.5867825473973163 1.0619849997440345
0.5908229514377203 1.0619849997440345
0.5948633554781244 1.0619849997440345
0.5989037595185285 1.0619849997440345
0.6029441635589325 1.0619849997440345
0.6069845675993365 1.0619849997440345
0.6110249716397406 1.0619849997440345
0.6150653756801445 1.0619849997440345
0.6191057797205486 1.0619849997440345
0.6231461837609527 1.0619849997440345
0.6271865878013567 1.0619849997440345
0.6312269918417608 1.0619849997440345
0.6352673958821649 1.0619849997440345
0.6393077999225689 1.0619849997440345
0.6433482039629729 1.0619849997440345
0.6473886080033769 1.0619849997440345
0.6514290120437809 1.0619849997440345
0.655469416084185 1.0619849997440345
0.659509820124589 1.0619849997440345
0.6635502241649931 1.0619849997440345
0.6675906282053972 1.0619849997440345
0.6716310322458012 1.0619849997440345
0.6756714362862052 1.0619849997440345
0.6797118403266093 1.0619849997440345
0.6837522443670132 1.0619849997440345
0.6877926484074173 1.0619849997440345
0.6918330524478213 1.0619849997440345
0.6958734564882254 1.0619849997440345
0.6999138605286295 1.0619849997440345
0.29991386052862945 1.0660254037844386
0.3039542645690335 1.0660254037844386
0.3079946686094375 1.0660254037844386
0.31203507264984154 1.0660254037844386
0.3160754766902456 1.0660254037844386
0.32011588073064967 1.0660254037844386
0.3241562847710537 1.0660254037844386
0.32819668881145775 1.0660254037844386
0.33223709285186176 1.0660254037844386
0.3362774968922658 1.0660254037844386
0.34031790093266984 1.0660254037844386
0.3443583049730739 1.0660254037844386
0.3483987090134779 1.0660254037844386
0.352439113053882 1.0660254037844386
0.35647951709428605 1.0660254037844386
0.36051992113469006 1.0660254037844386
0.36456032517509407 1.0660254037844386
0.36860072921549814 1.0660254037844386
0.3726411332559022 1.0660254037844386
0.3766815372963062 1.0660254037844386
0.3807219413367102 1.0660254037844386
0.3847623453771143 1.0660254037844386
0.38880274941751836 1.0660254037844386
0.39284315345792237 1.0660254037844386
0.39688355749832643 1.0660254037844386
0.40092396153873044 1.0660254037844386
0.4049643655791345 1.0660254037844386
0.4090047696195385 1.0660254037844386
0.4130451736599426 1.0660254037844386
0.4170855777003466 1.0660254037844386
0.42112598174075067 1.0660254037844386
0.42516638578115473 1.0660254037844386
0.42920678982155874 1.0660254037844386
0.43324719386196275 1.0660254037844386
0.4372875979023668 1.0660254037844386
0.4413280019427709 1.0660254037844386
0.4453684059831749 1.0660254037844386
0.4494088100235789 1.0660254037844386
0.453449214063983 1.0660254037844386
0.45748961810438704 1.0660254037844386
0.46153002214479105 1.0660254037844386
0.4655704261851951 1.0660254037844386
0.46961083022559913 1.0660254037844386
0.4736512342660032 1.0660254037844386
0.47769163830640726 1.0660254037844386
0.4817320423468113 1.0660254037844386
0.4857724463872153 1.0660254037844386
0.48981285042761935 1.0660254037844386
0.4938532544680234 1.0660254037844386
0.49789365850842743 1.0660254037844386
0.5019340625488314 1.0660254037844386
0.5059744665892355 1.0660254037844386
0.5100148706296396 1.0660254037844386
0.5140552746700435 1.0660254037844386
0.5180956787104476 1.0660254037844386
0.5221360827508517 1.0660254037844386
0.5261764867912557 1.0660254037844386
0.5302168908316598 1.0660254037844386
0.5342572948720639 1.0660254037844386
0.5382976989124678 1.0660254037844386
0.5423381029528719 1.0660254037844386
0.546378506993276 1.0660254037844386
0.5504189110336799 1.0660254037844386
0.554459315074084 1.0660254037844386
0.558499719114488 1.0660254037844386
0.5625401231548921 1.0660254037844386
0.5665805271952962 1.0660254037844386
0.5706209312357002 1.0660254037844386
0.5746613352761042 1.0660254037844386
0.5787017393165083 1.0660254037844386
0.5827421433569122 1.0660254037844386
0.5867825473973163 1.0660254037844386
0.5908229514377203 1.0660254037844386
0.5948633554781244 1.0660254037844386
0.5989037595185285 1.0660254037844386
0.6029441635589325 1.0660254037844386
0.6069845675993365 1.0660254037844386
0.6110249716397406 1.0660254037844386
0.6150653756801445 1.0660254037844386
0.6191057797205486 1.0660254037844386
0.6231461837609527 1.0660254037844386
0.6271865878013567 1.0660254037844386
0.6312269918417608 1.0660254037844386
0.6352673958821649 1.0660254037844386
0.6393077999225689 1.0660254037844386
0.6433482039629729 1.0660254037844386
0.6473886080033769 1.0660254037844386
0.6514290120437809 1.0660254037844386
0.655469416084185 1.0660254037844386
0.659509820124589 1.0660254037844386
0.6635502241649931 1.0660254037844386
0.6675906282053972 1.0660254037844386
0.6716310322458012 1.0660254037844386
0.6756714362862052 1.0660254037844386
0.6797118403266093 1.0660254037844386
0.6837522443670132 1.0660254037844386
0.6877926484074173 1.0660254037844386
0.6918330524478213 1.0660254037844386
0.6958734564882254 1.0660254037844386
0.6999138605286295 1.0660254037844386
