# x y
0.2999956916641131 0.6660254037844386
0.3040360957045172 0.6660254037844386
0.3080764997449212 0.6660254037844386
0.3121169037853252 0.6660254037844386
0.31615730782572926 0.6660254037844386
0.3201977118661333 0.6660254037844386
0.32423811590653734 0.6660254037844386
0.3282785199469414 0.6660254037844386
0.3323189239873454 0.6660254037844386
0.3363593280277495 0.6660254037844386
0.3403997320681535 0.6660254037844386
0.34444013610855756 0.6660254037844386
0.34848054014896157 0.6660254037844386
0.35252094418936564 0.6660254037844386
0.3565613482297697 0.6660254037844386
0.3606017522701737 0.6660254037844386
0.3646421563105777 0.6660254037844386
0.3686825603509818 0.6660254037844386
0.37272296439138586 0.6660254037844386
0.37676336843178987 0.6660254037844386
0.3808037724721939 0.6660254037844386
0.38484417651259795 0.6660254037844386
0.388884580553002 0.6660254037844386
0.392924984593406 0.6660254037844386
0.3969653886338101 0.6660254037844386
0.4010057926742141 0.6660254037844386
0.40504619671461817 0.6660254037844386
0.4090866007550222 0.6660254037844386
0.41312700479542624 0.6660254037844386
0.41716740883583026 0.6660254037844386
0.4212078128762343 0.6660254037844386
0.4252482169166384 0.6660254037844386
0.4292886209570424 0.6660254037844386
0.4333290249974464 0.6660254037844386
0.4373694290378505 0.6660254037844386
0.44140983307825454 0.6660254037844386
0.44545023711865855 0.6660254037844386
0.44949064115906257 0.6660254037844386
0.45353104519946663 0.6660254037844386
0.4575714492398707 0.6660254037844386
0.4616118532802747 0.6660254037844386
0.4656522573206788 0.6660254037844386
0.4696926613610828 0.6660254037844386
0.47373306540148685 0.6660254037844386
0.4777734694418909 0.6660254037844386
0.48181387348229493 0.6660254037844386
0.48585427752269894 0.6660254037844386
0.489894681563103 0.6660254037844386
0.4939350856035071 0.6660254037844386
0.4979754896439111 0.6660254037844386
0.5020158936843151 0.6660254037844386
0.5060562977247192 0.6660254037844386
0.5100967017651232 0.6660254037844386
0.5141371058055273 0.6660254037844386
0.5181775098459313 0.6660254037844386
0.5222179138863353 0.6660254037844386
0.5262583179267394 0.6660254037844386
0.5302987219671434 0.6660254037844386
0.5343391260075474 0.6660254037844386
0.5383795300479515 0.6660254037844386
0.5424199340883555 0.6660254037844386
0.5464603381287596 0.6660254037844386
0.5505007421691637 0.6660254037844386
0.5545411462095676 0.6660254037844386
0.5585815502499717 0.6660254037844386
0.5626219542903758 0.6660254037844386
0.5666623583307797 0.6660254037844386
0.5707027623711838 0.6660254037844386
0.5747431664115878 0.6660254037844386
0.5787835704519919 0.6660254037844386
0.582823974492396 0.6660254037844386
0.5868643785328 0.6660254037844386
0.590904782573204 0.6660254037844386
0.5949451866136081 0.6660254037844386
0.598985590654012 0.6660254037844386
0.6030259946944161 0.6660254037844386
0.6070663987348202 0.6660254037844386
0.6111068027752242 0.6660254037844386
0.6151472068156283 0.6660254037844386
0.6191876108560324 0.6660254037844386
0.6232280148964363 0.6660254037844386
0.6272684189368404 0.6660254037844386
0.6313088229772444 0.6660254037844386
0.6353492270176484 0.6660254037844386
0.6393896310580525 0.6660254037844386
0.6434300350984565 0.6660254037844386
0.6474704391388606 0.6660254037844386
0.6515108431792647 0.6660254037844386
0.6555512472196687 0.6660254037844386
0.6595916512600727 0.6660254037844386
0.6636320553004768 0.6660254037844386
0.6676724593408807 0.6660254037844386
0.6717128633812848 0.6660254037844386
0.6757532674216888 0.6660254037844386
0.6797936714620929 0.6660254037844386
0.683834075502497 0.6660254037844386
0.687874479542901 0.6660254037844386
0.6919148835833051 0.6660254037844386
0.6959552876237091 0.6660254037844386
0.6999956916641131 0.6660254037844386
0.2999956916641131 0.6700658078248426
0.3040360957045172 0.6700658078248426
0.3080764997449212 0.6700658078248426
0.3121169037853252 0.6700658078248426
0.31615730782572926 0.6700658078248426
0.3201977118661333 0.6700658078248426
0.32423811590653734 0.6700658078248426
0.3282785199469414 0.6700658078248426
0.3323189239873454 0.6700658078248426
0.3363593280277495 0.6700658078248426
0.3403997320681535 0.6700658078248426
0.34444013610855756 0.6700658078248426
0.34848054014896157 0.6700658078248426
0.35252094418936564 0.6700658078248426
0.3565613482297697 0.6700658078248426
0.3606017522701737 0.6700658078248426
0.3646421563105777 0.6700658078248426
0.3686825603509818 0.6700658078248426
0.37272296439138586 0.6700658078248426
0.37676336843178987 0.6700658078248426
0.3808037724721939 0.6700658078248426
0.38484417651259795 0.6700658078248426
0.388884580553002 0.6700658078248426
0.392924984593406 0.6700658078248426
0.3969653886338101 0.6700658078248426
0.4010057926742141 0.6700658078248426
0.40504619671461817 0.6700658078248426
0.4090866007550222 0.6700658078248426
0.41312700479542624 0.6700658078248426
0.41716740883583026 0.6700658078248426
0.4212078128762343 0.6700658078248426
0.4252482169166384 0.6700658078248426
0.4292886209570424 0.6700658078248426
0.4333290249974464 0.6700658078248426
0.4373694290378505 0.6700658078248426
0.44140983307825454 0.6700658078248426
0.44545023711865855 0.6700658078248426
0.44949064115906257 0.6700658078248426
0.45353104519946663 0.6700658078248426
0.4575714492398707 0.6700658078248426
0.4616118532802747 0.6700658078248426
0.4656522573206788 0.6700658078248426
0.4696926613610828 0.6700658078248426
0.47373306540148685 0.6700658078248426
0.4777734694418909 0.6700658078248426
0.48181387348229493 0.6700658078248426
0.48585427752269894 0.6700658078248426
0.489894681563103 0.6700658078248426
0.4939350856035071 0.6700658078248426
0.4979754896439111 0.6700658078248426
0.5020158936843151 0.6700658078248426
0.5060562977247192 0.6700658078248426
0.5100967017651232 0.6700658078248426
0.5141371058055273 0.6700658078248426
0.5181775098459313 0.6700658078248426
0.5222179138863353 0.6700658078248426
0.5262583179267394 0.6700658078248426
0.5302987219671434 0.6700658078248426
0.5343391260075474 0.6700658078248426
0.5383795300479515 0.6700658078248426
0.5424199340883555 0.6700658078248426
0.5464603381287596 0.6700658078248426
0.5505007421691637 0.6700658078248426
0.5545411462095676 0.6700658078248426
0.5585815502499717 0.6700658078248426
0.5626219542903758 0.6700658078248426
0.5666623583307797 0.6700658078248426
0.5707027623711838 0.6700658078248426
0.5747431664115878 0.6700658078248426
0.5787835704519919 0.6700658078248426
0.582823974492396 0.6700658078248426
0.5868643785328 0.6700658078248426
0.590904782573204 0.6700658078248426
0.5949451866136081 0.6700658078248426
0.598985590654012 0.6700658078248426
0.6030259946944161 0.6700658078248426
0.6070663987348202 0.6700658078248426
0.6111068027752242 0.6700658078248426
0.6151472068156283 0.6700658078248426
0.6191876108560324 0.6700658078248426
0.6232280148964363 0.6700658078248426
0.6272684189368404 0.6700658078248426
0.6313088229772444 0.6700658078248426
0.6353492270176484 0.6700658078248426
0.6393896310580525 0.6700658078248426
0.6434300350984565 0.6700658078248426
0.6474704391388606 0.6700658078248426
0.6515108431792647 0.6700658078248426
0.6555512472196687 0.6700658078248426
0.6595916512600727 0.6700658078248426
0.6636320553004768 0.6700658078248426
0.6676724593408807 0.6700658078248426
0.6717128633812848 0.6700658078248426
0.6757532674216888 0.6700658078248426
0.6797936714620929 0.6700658078248426
0.683834075502497 0.6700658078248426
0.687874479542901 0.6700658078248426
0.6919148835833051 0.6700658078248426
0.6959552876237091 0.6700658078248426
0.6999956916641131 0.6700658078248426
0.2999956916641131 0.6741062118652467
0.3040360957045172 0.6741062118652467
0.3080764997449212 0.6741062118652467
0.3121169037853252 0.6741062118652467
0.31615730782572926 0.6741062118652467
0.3201977118661333 0.6741062118652467
0.32423811590653734 0.6741062118652467
0.3282785199469414 0.6741062118652467
0.3323189239873454 0.6741062118652467
0.3363593280277495 0.6741062118652467
0.3403997320681535 0.6741062118652467
0.34444013610855756 0.6741062118652467
0.34848054014896157 0.6741062118652467
0.35252094418936564 0.6741062118652467
0.3565613482297697 0.6741062118652467
0.3606017522701737 0.6741062118652467
0.3646421563105777 0.6741062118652467
0.3686825603509818 0.6741062118652467
0.37272296439138586 0.6741062118652467
0.37676336843178987 0.6741062118652467
0.3808037724721939 0.6741062118652467
0.38484417651259795 0.6741062118652467
0.388884580553002 0.6741062118652467
0.392924984593406 0.6741062118652467
0.3969653886338101 0.6741062118652467
0.4010057926742141 0.6741062118652467
0.40504619671461817 0.6741062118652467
0.4090866007550222 0.6741062118652467
0.41312700479542624 0.6741062118652467
0.41716740883583026 0.6741062118652467
0.4212078128762343 0.6741062118652467
0.4252482169166384 0.6741062118652467
0.4292886209570424 0.6741062118652467
0.4333290249974464 0.6741062118652467
0.4373694290378505 0.6741062118652467
0.44140983307825454 0.6741062118652467
0.44545023711865855 0.6741062118652467
0.44949064115906257 0.6741062118652467
0.45353104519946663 0.6741062118652467
0.4575714492398707 0.6741062118652467
0.4616118532802747 0.6741062118652467
0.4656522573206788 0.6741062118652467
0.4696926613610828 0.6741062118652467
0.47373306540148685 0.6741062118652467
0.4777734694418909 0.6741062118652467
0.48181387348229493 0.6741062118652467
0.48585427752269894 0.6741062118652467
0.489894681563103 0.6741062118652467
0.4939350856035071 0.6741062118652467
0.4979754896439111 0.6741062118652467
0.5020158936843151 0.6741062118652467
0.5060562977247192 0.6741062118652467
0.5100967017651232 0.6741062118652467
0.5141371058055273 0.6741062118652467
0.5181775098459313 0.6741062118652467
0.5222179138863353 0.6741062118652467
0.5262583179267394 0.6741062118652467
0.5302987219671434 0.6741062118652467
0.5343391260075474 0.6741062118652467
0.5383795300479515 0.6741062118652467
0.5424199340883555 0.6741062118652467
0.5464603381287596 0.6741062118652467
0.5505007421691637 0.6741062118652467
0.5545411462095676 0.6741062118652467
0.5585815502499717 0.6741062118652467
0.5626219542903758 0.6741062118652467
0.5666623583307797 0.6741062118652467
0.5707027623711838 0.6741062118652467
0.5747431664115878 0.6741062118652467
0.5787835704519919 0.6741062118652467
0.582823974492396 0.6741062118652467
0.5868643785328 0.6741062118652467
0.590904782573204 0.6741062118652467
0.5949451866136081 0.6741062118652467
0.598985590654012 0.6741062118652467
0.6030259946944161 0.6741062118652467
0.6070663987348202 0.6741062118652467
0.6111068027752242 0.6741062118652467
0.6151472068156283 0.6741062118652467
0.6191876108560324 0.6741062118652467
0.6232280148964363 0.6741062118652467
0.6272684189368404 0.6741062118652467
0.6313088229772444 0.6741062118652467
0.6353492270176484 0.6741062118652467
0.6393896310580525 0.6741062118652467
0.6434300350984565 0.6741062118652467
0.6474704391388606 0.6741062118652467
0.6515108431792647 0.6741062118652467
0.6555512472196687 0.6741062118652467
0.6595916512600727 0.6741062118652467
0.6636320553004768 0.6741062118652467
0.6676724593408807 0.6741062118652467
0.6717128633812848 0.6741062118652467
0.6757532674216888 0.6741062118652467
0.6797936714620929 0.6741062118652467
0.683834075502497 0.6741062118652467
0.687874479542901 0.6741062118652467
0.6919148835833051 0.6741062118652467
0.6959552876237091 0.6741062118652467
0.6999956916641131 0.6741062118652467
0.2999956916641131 0.6781466159056507
0.3040360957045172 0.6781466159056507
0.3080764997449212 0.6781466159056507
0.3121169037853252 0.6781466159056507
0.31615730782572926 0.6781466159056507
0.3201977118661333 0.6781466159056507
0.32423811590653734 0.6781466159056507
0.3282785199469414 0.6781466159056507
0.3323189239873454 0.6781466159056507
0.3363593280277495 0.6781466159056507
0.3403997320681535 0.6781466159056507
0.34444013610855756 0.6781466159056507
0.34848054014896157 0.6781466159056507
0.35252094418936564 0.6781466159056507
0.3565613482297697 0.6781466159056507
0.3606017522701737 0.6781466159056507
0.3646421563105777 0.6781466159056507
0.3686825603509818 0.6781466159056507
0.37272296439138586 0.6781466159056507
0.37676336843178987 0.6781466159056507
0.3808037724721939 0.6781466159056507
0.38484417651259795 0.6781466159056507
0.388884580553002 0.6781466159056507
0.392924984593406 0.6781466159056507
0.3969653886338101 0.6781466159056507
0.4010057926742141 0.6781466159056507
0.40504619671461817 0.6781466159056507
0.4090866007550222 0.6781466159056507
0.41312700479542624 0.6781466159056507
0.41716740883583026 0.6781466159056507
0.4212078128762343 0.6781466159056507
0.4252482169166384 0.6781466159056507
0.4292886209570424 0.6781466159056507
0.4333290249974464 0.6781466159056507
0.4373694290378505 0.6781466159056507
0.44140983307825454 0.6781466159056507
0.44545023711865855 0.6781466159056507
0.44949064115906257 0.6781466159056507
0.45353104519946663 0.6781466159056507
0.4575714492398707 0.6781466159056507
0.4616118532802747 0.6781466159056507
0.4656522573206788 0.6781466159056507
0.4696926613610828 0.6781466159056507
0.47373306540148685 0.6781466159056507
0.4777734694418909 0.6781466159056507
0.48181387348229493 0.6781466159056507
0.48585427752269894 0.6781466159056507
0.489894681563103 0.6781466159056507
0.4939350856035071 0.6781466159056507
0.4979754896439111 0.6781466159056507
0.5020158936843151 0.6781466159056507
0.5060562977247192 0.6781466159056507
0.5100967017651232 0.6781466159056507
0.5141371058055273 0.6781466159056507
0.5181775098459313 0.6781466159056507
0.5222179138863353 0.6781466159056507
0.5262583179267394 0.6781466159056507
0.5302987219671434 0.6781466159056507
0.5343391260075474 0.6781466159056507
0.5383795300479515 0.6781466159056507
0.5424199340883555 0.6781466159056507
0.5464603381287596 0.6781466159056507
0.5505007421691637 0.6781466159056507
0.5545411462095676 0.6781466159056507
0.5585815502499717 0.6781466159056507
0.5626219542903758 0.6781466159056507
0.5666623583307797 0.6781466159056507
0.5707027623711838 0.6781466159056507
0.5747431664115878 0.6781466159056507
0.5787835704519919 0.6781466159056507
0.582823974492396 0.6781466159056507
0.5868643785328 0.6781466159056507
0.590904782573204 0.6781466159056507
0.5949451866136081 0.6781466159056507
0.598985590654012 0.6781466159056507
0.6030259946944161 0.6781466159056507
0.6070663987348202 0.6781466159056507
0.6111068027752242 0.6781466159056507
0.6151472068156283 0.6781466159056507
0.6191876108560324 0.6781466159056507
0.6232280148964363 0.6781466159056507
0.6272684189368404 0.6781466159056507
0.6313088229772444 0.6781466159056507
0.6353492270176484 0.6781466159056507
0.6393896310580525 0.6781466159056507
0.6434300350984565 0.6781466159056507
0.6474704391388606 0.6781466159056507
0.6515108431792647 0.6781466159056507
0.6555512472196687 0.6781466159056507
0.6595916512600727 0.6781466159056507
0.6636320553004768 0.6781466159056507
0.6676724593408807 0.6781466159056507
0.6717128633812848 0.6781466159056507
0.6757532674216888 0.6781466159056507
0.6797936714620929 0.6781466159056507
0.683834075502497 0.6781466159056507
0.687874479542901 0.6781466159056507
0.6919148835833051 0.6781466159056507
0.6959552876237091 0.6781466159056507
0.6999956916641131 0.6781466159056507
0.2999956916641131 0.6821870199460547
0.3040360957045172 0.6821870199460547
0.3080764997449212 0.6821870199460547
0.3121169037853252 0.6821870199460547
0.31615730782572926 0.6821870199460547
0.3201977118661333 0.6821870199460547
0.32423811590653734 0.6821870199460547
0.3282785199469414 0.6821870199460547
0.3323189239873454 0.6821870199460547
0.3363593280277495 0.6821870199460547
0.3403997320681535 0.6821870199460547
0.34444013610855756 0.6821870199460547
0.34848054014896157 0.6821870199460547
0.35252094418936564 0.6821870199460547
0.3565613482297697 0.6821870199460547
0.3606017522701737 0.6821870199460547
0.3646421563105777 0.6821870199460547
0.3686825603509818 0.6821870199460547
0.37272296439138586 0.6821870199460547
0.37676336843178987 0.6821870199460547
0.3808037724721939 0.6821870199460547
0.38484417651259795 0.6821870199460547
0.388884580553002 0.6821870199460547
0.392924984593406 0.6821870199460547
0.3969653886338101 0.6821870199460547
0.4010057926742141 0.6821870199460547
0.40504619671461817 0.6821870199460547
0.4090866007550222 0.6821870199460547
0.41312700479542624 0.6821870199460547
0.41716740883583026 0.6821870199460547
0.4212078128762343 0.6821870199460547
0.4252482169166384 0.6821870199460547
0.4292886209570424 0.6821870199460547
0.4333290249974464 0.6821870199460547
0.4373694290378505 0.6821870199460547
0.44140983307825454 0.6821870199460547
0.44545023711865855 0.6821870199460547
0.44949064115906257 0.6821870199460547
0.45353104519946663 0.6821870199460547
0.4575714492398707 0.6821870199460547
0.4616118532802747 0.6821870199460547
0.4656522573206788 0.6821870199460547
0.4696926613610828 0.6821870199460547
0.47373306540148685 0.6821870199460547
0.4777734694418909 0.6821870199460547
0.48181387348229493 0.6821870199460547
0.48585427752269894 0.6821870199460547
0.489894681563103 0.6821870199460547
0.4939350856035071 0.6821870199460547
0.4979754896439111 0.6821870199460547
0.5020158936843151 0.6821870199460547
0.5060562977247192 0.6821870199460547
0.5100967017651232 0.6821870199460547
0.5141371058055273 0.6821870199460547
0.5181775098459313 0.6821870199460547
0.5222179138863353 0.6821870199460547
0.5262583179267394 0.6821870199460547
0.5302987219671434 0.6821870199460547
0.5343391260075474 0.6821870199460547
0.5383795300479515 0.6821870199460547
0.5424199340883555 0.6821870199460547
0.5464603381287596 0.6821870199460547
0.5505007421691637 0.6821870199460547
0.5545411462095676 0.6821870199460547
0.5585815502499717 0.6821870199460547
0.5626219542903758 0.6821870199460547
0.5666623583307797 0.6821870199460547
0.5707027623711838 0.6821870199460547
0.5747431664115878 0.6821870199460547
0.5787835704519919 0.6821870199460547
0.582823974492396 0.6821870199460547
0.5868643785328 0.6821870199460547
0.590904782573204 0.6821870199460547
0.5949451866136081 0.6821870199460547
0.598985590654012 0.6821870199460547
0.6030259946944161 0.6821870199460547
0.6070663987348202 0.6821870199460547
0.6111068027752242 0.6821870199460547
0.6151472068156283 0.6821870199460547
0.6191876108560324 0.6821870199460547
0.6232280148964363 0.6821870199460547
0.6272684189368404 0.6821870199460547
0.6313088229772444 0.6821870199460547
0.6353492270176484 0.6821870199460547
0.6393896310580525 0.6821870199460547
0.6434300350984565 0.6821870199460547
0.6474704391388606 0.6821870199460547
0.6515108431792647 0.6821870199460547
0.6555512472196687 0.6821870199460547
0.6595916512600727 0.6821870199460547
0.6636320553004768 0.6821870199460547
0.6676724593408807 0.6821870199460547
0.6717128633812848 0.6821870199460547
0.6757532674216888 0.6821870199460547
0.6797936714620929 0.6821870199460547
0.683834075502497 0.6821870199460547
0.687874479542901 0.6821870199460547
0.6919148835833051 0.6821870199460547
0.6959552876237091 0.6821870199460547
0.6999956916641131 0.6821870199460547
0.2999956916641131 0.6862274239864588
0.3040360957045172 0.6862274239864588
0.3080764997449212 0.6862274239864588
0.3121169037853252 0.6862274239864588
0.31615730782572926 0.6862274239864588
0.3201977118661333 0.6862274239864588
0.32423811590653734 0.6862274239864588
0.3282785199469414 0.6862274239864588
0.3323189239873454 0.6862274239864588
0.3363593280277495 0.6862274239864588
0.3403997320681535 0.6862274239864588
0.34444013610855756 0.6862274239864588
0.34848054014896157 0.6862274239864588
0.35252094418936564 0.6862274239864588
0.3565613482297697 0.6862274239864588
0.3606017522701737 0.6862274239864588
0.3646421563105777 0.6862274239864588
0.3686825603509818 0.6862274239864588
0.37272296439138586 0.6862274239864588
0.37676336843178987 0.6862274239864588
0.3808037724721939 0.6862274239864588
0.38484417651259795 0.6862274239864588
0.388884580553002 0.6862274239864588
0.392924984593406 0.6862274239864588
0.3969653886338101 0.6862274239864588
0.4010057926742141 0.6862274239864588
0.40504619671461817 0.6862274239864588
0.4090866007550222 0.6862274239864588
0.41312700479542624 0.6862274239864588
0.41716740883583026 0.6862274239864588
0.4212078128762343 0.6862274239864588
0.4252482169166384 0.6862274239864588
0.4292886209570424 0.6862274239864588
0.4333290249974464 0.6862274239864588
0.4373694290378505 0.6862274239864588
0.44140983307825454 0.6862274239864588
0.44545023711865855 0.6862274239864588
0.44949064115906257 0.6862274239864588
0.45353104519946663 0.6862274239864588
0.4575714492398707 0.6862274239864588
0.4616118532802747 0.6862274239864588
0.4656522573206788 0.6862274239864588
0.4696926613610828 0.6862274239864588
0.47373306540148685 0.6862274239864588
0.4777734694418909 0.6862274239864588
0.48181387348229493 0.6862274239864588
0.48585427752269894 0.6862274239864588
0.489894681563103 0.6862274239864588
0.4939350856035071 0.6862274239864588
0.4979754896439111 0.6862274239864588
0.5020158936843151 0.6862274239864588
0.5060562977247192 0.6862274239864588
0.5100967017651232 0.6862274239864588
0.5141371058055273 0.6862274239864588
0.5181775098459313 0.6862274239864588
0.5222179138863353 0.6862274239864588
0.5262583179267394 0.6862274239864588
0.5302987219671434 0.6862274239864588
0.5343391260075474 0.6862274239864588
0.5383795300479515 0.6862274239864588
0.5424199340883555 0.6862274239864588
0.5464603381287596 0.6862274239864588
0.5505007421691637 0.6862274239864588
0.5545411462095676 0.6862274239864588
0.5585815502499717 0.6862274239864588
0.5626219542903758 0.6862274239864588
0.5666623583307797 0.6862274239864588
0.5707027623711838 0.6862274239864588
0.5747431664115878 0.6862274239864588
0.5787835704519919 0.6862274239864588
0.582823974492396 0.6862274239864588
0.5868643785328 0.6862274239864588
0.590904782573204 0.6862274239864588
0.5949451866136081 0.6862274239864588
0.598985590654012 0.6862274239864588
0.6030259946944161 0.6862274239864588
0.6070663987348202 0.6862274239864588
0.6111068027752242 0.6862274239864588
0.6151472068156283 0.6862274239864588
0.6191876108560324 0.6862274239864588
0.6232280148964363 0.6862274239864588
0.6272684189368404 0.6862274239864588
0.6313088229772444 0.6862274239864588
0.6353492270176484 0.6862274239864588
0.6393896310580525 0.6862274239864588
0.6434300350984565 0.6862274239864588
0.6474704391388606 0.6862274239864588
0.6515108431792647 0.6862274239864588
0.6555512472196687 0.6862274239864588
0.6595916512600727 0.6862274239864588
0.6636320553004768 0.6862274239864588
0.6676724593408807 0.6862274239864588
0.6717128633812848 0.6862274239864588
0.6757532674216888 0.6862274239864588
0.6797936714620929 0.6862274239864588
0.683834075502497 0.6862274239864588
0.687874479542901 0.6862274239864588
0.6919148835833051 0.6862274239864588
0.6959552876237091 0.6862274239864588
0.6999956916641131 0.6862274239864588
0.2999956916641131 0.6902678280268628
0.3040360957045172 0.6902678280268628
0.3080764997449212 0.6902678280268628
0.3121169037853252 0.6902678280268628
0.31615730782572926 0.6902678280268628
0.3201977118661333 0.6902678280268628
0.32423811590653734 0.6902678280268628
0.3282785199469414 0.6902678280268628
0.3323189239873454 0.6902678280268628
0.3363593280277495 0.6902678280268628
0.3403997320681535 0.6902678280268628
0.34444013610855756 0.6902678280268628
0.34848054014896157 0.6902678280268628
0.35252094418936564 0.6902678280268628
0.3565613482297697 0.6902678280268628
0.3606017522701737 0.6902678280268628
0.3646421563105777 0.6902678280268628
0.3686825603509818 0.6902678280268628
0.37272296439138586 0.6902678280268628
0.37676336843178987 0.6902678280268628
0.3808037724721939 0.6902678280268628
0.38484417651259795 0.6902678280268628
0.388884580553002 0.6902678280268628
0.392924984593406 0.6902678280268628
0.3969653886338101 0.6902678280268628
0.4010057926742141 0.6902678280268628
0.40504619671461817 0.6902678280268628
0.4090866007550222 0.6902678280268628
0.41312700479542624 0.6902678280268628
0.41716740883583026 0.6902678280268628
0.4212078128762343 0.6902678280268628
0.4252482169166384 0.6902678280268628
0.4292886209570424 0.6902678280268628
0.4333290249974464 0.6902678280268628
0.4373694290378505 0.6902678280268628
0.44140983307825454 0.6902678280268628
0.44545023711865855 0.6902678280268628
0.44949064115906257 0.6902678280268628
0.45353104519946663 0.6902678280268628
0.4575714492398707 0.6902678280268628
0.4616118532802747 0.6902678280268628
0.4656522573206788 0.6902678280268628
0.4696926613610828 0.6902678280268628
0.47373306540148685 0.6902678280268628
0.4777734694418909 0.6902678280268628
0.48181387348229493 0.6902678280268628
0.48585427752269894 0.6902678280268628
0.489894681563103 0.6902678280268628
0.4939350856035071 0.6902678280268628
0.4979754896439111 0.6902678280268628
0.5020158936843151 0.6902678280268628
0.5060562977247192 0.6902678280268628
0.5100967017651232 0.6902678280268628
0.5141371058055273 0.6902678280268628
0.5181775098459313 0.6902678280268628
0.5222179138863353 0.6902678280268628
0.5262583179267394 0.6902678280268628
0.5302987219671434 0.6902678280268628
0.5343391260075474 0.6902678280268628
0.5383795300479515 0.6902678280268628
0.5424199340883555 0.6902678280268628
0.5464603381287596 0.6902678280268628
0.5505007421691637 0.6902678280268628
0.5545411462095676 0.6902678280268628
0.5585815502499717 0.6902678280268628
0.5626219542903758 0.6902678280268628
0.5666623583307797 0.6902678280268628
0.5707027623711838 0.6902678280268628
0.5747431664115878 0.6902678280268628
0.5787835704519919 0.6902678280268628
0.582823974492396 0.6902678280268628
0.5868643785328 0.6902678280268628
0.590904782573204 0.6902678280268628
0.5949451866136081 0.6902678280268628
0.598985590654012 0.6902678280268628
0.6030259946944161 0.6902678280268628
0.6070663987348202 0.6902678280268628
0.6111068027752242 0.6902678280268628
0.6151472068156283 0.6902678280268628
0.6191876108560324 0.6902678280268628
0.6232280148964363 0.6902678280268628
0.6272684189368404 0.6902678280268628
0.6313088229772444 0.6902678280268628
0.6353492270176484 0.6902678280268628
0.6393896310580525 0.6902678280268628
0.6434300350984565 0.6902678280268628
0.6474704391388606 0.6902678280268628
0.6515108431792647 0.6902678280268628
0.6555512472196687 0.6902678280268628
0.6595916512600727 0.6902678280268628
0.6636320553004768 0.6902678280268628
0.6676724593408807 0.6902678280268628
0.6717128633812848 0.6902678280268628
0.6757532674216888 0.6902678280268628
0.6797936714620929 0.6902678280268628
0.683834075502497 0.6902678280268628
0.687874479542901 0.6902678280268628
0.6919148835833051 0.6902678280268628
0.6959552876237091 0.6902678280268628
0.6999956916641131 0.6902678280268628
0.2999956916641131 0.6943082320672669
0.3040360957045172 0.6943082320672669
0.3080764997449212 0.6943082320672669
0.3121169037853252 0.6943082320672669
0.31615730782572926 0.6943082320672669
0.3201977118661333 0.6943082320672669
0.32423811590653734 0.6943082320672669
0.3282785199469414 0.6943082320672669
0.3323189239873454 0.6943082320672669
0.3363593280277495 0.6943082320672669
0.3403997320681535 0.6943082320672669
0.34444013610855756 0.6943082320672669
0.34848054014896157 0.6943082320672669
0.35252094418936564 0.6943082320672669
0.3565613482297697 0.6943082320672669
0.3606017522701737 0.6943082320672669
0.3646421563105777 0.6943082320672669
0.3686825603509818 0.6943082320672669
0.37272296439138586 0.6943082320672669
0.37676336843178987 0.6943082320672669
0.3808037724721939 0.6943082320672669
0.38484417651259795 0.6943082320672669
0.388884580553002 0.6943082320672669
0.392924984593406 0.6943082320672669
0.3969653886338101 0.6943082320672669
0.4010057926742141 0.6943082320672669
0.40504619671461817 0.6943082320672669
0.4090866007550222 0.6943082320672669
0.41312700479542624 0.6943082320672669
0.41716740883583026 0.6943082320672669
0.4212078128762343 0.6943082320672669
0.4252482169166384 0.6943082320672669
0.4292886209570424 0.6943082320672669
0.4333290249974464 0.6943082320672669
0.4373694290378505 0.6943082320672669
0.44140983307825454 0.6943082320672669
0.44545023711865855 0.6943082320672669
0.44949064115906257 0.6943082320672669
0.45353104519946663 0.6943082320672669
0.4575714492398707 0.6943082320672669
0.4616118532802747 0.6943082320672669
0.4656522573206788 0.6943082320672669
0.4696926613610828 0.6943082320672669
0.47373306540148685 0.6943082320672669
0.4777734694418909 0.6943082320672669
0.48181387348229493 0.6943082320672669
0.48585427752269894 0.6943082320672669
0.489894681563103 0.6943082320672669
0.4939350856035071 0.6943082320672669
0.4979754896439111 0.6943082320672669
0.5020158936843151 0.6943082320672669
0.5060562977247192 0.6943082320672669
0.5100967017651232 0.6943082320672669
0.5141371058055273 0.6943082320672669
0.5181775098459313 0.6943082320672669
0.5222179138863353 0.6943082320672669
0.5262583179267394 0.6943082320672669
0.5302987219671434 0.6943082320672669
0.5343391260075474 0.6943082320672669
0.5383795300479515 0.6943082320672669
0.5424199340883555 0.6943082320672669
0.5464603381287596 0.6943082320672669
0.5505007421691637 0.6943082320672669
0.5545411462095676 0.6943082320672669
0.5585815502499717 0.6943082320672669
0.5626219542903758 0.6943082320672669
0.5666623583307797 0.6943082320672669
0.5707027623711838 0.6943082320672669
0.5747431664115878 0.6943082320672669
0.5787835704519919 0.6943082320672669
0.582823974492396 0.6943082320672669
0.5868643785328 0.6943082320672669
0.590904782573204 0.6943082320672669
0.5949451866136081 0.6943082320672669
0.598985590654012 0.6943082320672669
0.6030259946944161 0.6943082320672669
0.6070663987348202 0.6943082320672669
0.6111068027752242 0.6943082320672669
0.6151472068156283 0.6943082320672669
0.6191876108560324 0.6943082320672669
0.6232280148964363 0.6943082320672669
0.6272684189368404 0.6943082320672669
0.6313088229772444 0.6943082320672669
0.6353492270176484 0.6943082320672669
0.6393896310580525 0.6943082320672669
0.6434300350984565 0.6943082320672669
0.6474704391388606 0.6943082320672669
0.6515108431792647 0.6943082320672669
0.6555512472196687 0.6943082320672669
0.6595916512600727 0.6943082320672669
0.6636320553004768 0.6943082320672669
0.6676724593408807 0.6943082320672669
0.6717128633812848 0.6943082320672669
0.6757532674216888 0.6943082320672669
0.6797936714620929 0.6943082320672669
0.683834075502497 0.6943082320672669
0.687874479542901 0.6943082320672669
0.6919148835833051 0.6943082320672669
0.6959552876237091 0.6943082320672669
0.6999956916641131 0.6943082320672669
0.2999956916641131 0.698348636107671
0.3040360957045172 0.698348636107671
0.3080764997449212 0.698348636107671
0.3121169037853252 0.698348636107671
0.31615730782572926 0.698348636107671
0.3201977118661333 0.698348636107671
0.32423811590653734 0.698348636107671
0.3282785199469414 0.698348636107671
0.3323189239873454 0.698348636107671
0.3363593280277495 0.698348636107671
0.3403997320681535 0.698348636107671
0.34444013610855756 0.698348636107671
0.34848054014896157 0.698348636107671
0.35252094418936564 0.698348636107671
0.3565613482297697 0.698348636107671
0.3606017522701737 0.698348636107671
0.3646421563105777 0.698348636107671
0.3686825603509818 0.698348636107671
0.37272296439138586 0.698348636107671
0.37676336843178987 0.698348636107671
0.3808037724721939 0.698348636107671
0.38484417651259795 0.698348636107671
0.388884580553002 0.698348636107671
0.392924984593406 0.698348636107671
0.3969653886338101 0.698348636107671
0.4010057926742141 0.698348636107671
0.40504619671461817 0.698348636107671
0.4090866007550222 0.698348636107671
0.41312700479542624 0.698348636107671
0.41716740883583026 0.698348636107671
0.4212078128762343 0.698348636107671
0.4252482169166384 0.698348636107671
0.4292886209570424 0.698348636107671
0.4333290249974464 0.698348636107671
0.4373694290378505 0.698348636107671
0.44140983307825454 0.698348636107671
0.44545023711865855 0.698348636107671
0.44949064115906257 0.698348636107671
0.45353104519946663 0.698348636107671
0.4575714492398707 0.698348636107671
0.4616118532802747 0.698348636107671
0.4656522573206788 0.698348636107671
0.4696926613610828 0.698348636107671
0.47373306540148685 0.698348636107671
0.4777734694418909 0.698348636107671
0.48181387348229493 0.698348636107671
0.48585427752269894 0.698348636107671
0.489894681563103 0.698348636107671
0.4939350856035071 0.698348636107671
0.4979754896439111 0.698348636107671
0.5020158936843151 0.698348636107671
0.5060562977247192 0.698348636107671
0.5100967017651232 0.698348636107671
0.5141371058055273 0.698348636107671
0.5181775098459313 0.698348636107671
0.5222179138863353 0.698348636107671
0.5262583179267394 0.698348636107671
0.5302987219671434 0.698348636107671
0.5343391260075474 0.698348636107671
0.5383795300479515 0.698348636107671
0.5424199340883555 0.698348636107671
0.5464603381287596 0.698348636107671
0.5505007421691637 0.698348636107671
0.5545411462095676 0.698348636107671
0.5585815502499717 0.698348636107671
0.5626219542903758 0.698348636107671
0.5666623583307797 0.698348636107671
0.5707027623711838 0.698348636107671
0.5747431664115878 0.698348636107671
0.5787835704519919 0.698348636107671
0.582823974492396 0.698348636107671
0.5868643785328 0.698348636107671
0.590904782573204 0.698348636107671
0.5949451866136081 0.698348636107671
0.598985590654012 0.698348636107671
0.6030259946944161 0.698348636107671
0.6070663987348202 0.698348636107671
0.6111068027752242 0.698348636107671
0.6151472068156283 0.698348636107671
0.6191876108560324 0.698348636107671
0.6232280148964363 0.698348636107671
0.6272684189368404 0.698348636107671
0.6313088229772444 0.698348636107671
0.6353492270176484 0.698348636107671
0.6393896310580525 0.698348636107671
0.6434300350984565 0.698348636107671
0.6474704391388606 0.698348636107671
0.6515108431792647 0.698348636107671
0.6555512472196687 0.698348636107671
0.6595916512600727 0.698348636107671
0.6636320553004768 0.698348636107671
0.6676724593408807 0.698348636107671
0.6717128633812848 0.698348636107671
0.6757532674216888 0.698348636107671
0.6797936714620929 0.698348636107671
0.683834075502497 0.698348636107671
0.687874479542901 0.698348636107671
0.6919148835833051 0.698348636107671
0.6959552876237091 0.698348636107671
0.6999956916641131 0.698348636107671
0.2999956916641131 0.702389040148075
0.3040360957045172 0.702389040148075
0.3080764997449212 0.702389040148075
0.3121169037853252 0.702389040148075
0.31615730782572926 0.702389040148075
0.3201977118661333 0.702389040148075
0.32423811590653734 0.702389040148075
0.3282785199469414 0.702389040148075
0.3323189239873454 0.702389040148075
0.3363593280277495 0.702389040148075
0.3403997320681535 0.702389040148075
0.34444013610855756 0.702389040148075
0.34848054014896157 0.702389040148075
0.35252094418936564 0.702389040148075
0.3565613482297697 0.702389040148075
0.3606017522701737 0.702389040148075
0.3646421563105777 0.702389040148075
0.3686825603509818 0.702389040148075
0.37272296439138586 0.702389040148075
0.37676336843178987 0.702389040148075
0.3808037724721939 0.702389040148075
0.38484417651259795 0.702389040148075
0.388884580553002 0.702389040148075
0.392924984593406 0.702389040148075
0.3969653886338101 0.702389040148075
0.4010057926742141 0.702389040148075
0.40504619671461817 0.702389040148075
0.4090866007550222 0.702389040148075
0.41312700479542624 0.702389040148075
0.41716740883583026 0.702389040148075
0.4212078128762343 0.702389040148075
0.4252482169166384 0.702389040148075
0.4292886209570424 0.702389040148075
0.4333290249974464 0.702389040148075
0.4373694290378505 0.702389040148075
0.44140983307825454 0.702389040148075
0.44545023711865855 0.702389040148075
0.44949064115906257 0.702389040148075
0.45353104519946663 0.702389040148075
0.4575714492398707 0.702389040148075
0.4616118532802747 0.702389040148075
0.4656522573206788 0.702389040148075
0.4696926613610828 0.702389040148075
0.47373306540148685 0.702389040148075
0.4777734694418909 0.702389040148075
0.48181387348229493 0.702389040148075
0.48585427752269894 0.702389040148075
0.489894681563103 0.702389040148075
0.4939350856035071 0.702389040148075
0.4979754896439111 0.702389040148075
0.5020158936843151 0.702389040148075
0.5060562977247192 0.702389040148075
0.5100967017651232 0.702389040148075
0.5141371058055273 0.702389040148075
0.5181775098459313 0.702389040148075
0.5222179138863353 0.702389040148075
0.5262583179267394 0.702389040148075
0.5302987219671434 0.702389040148075
0.5343391260075474 0.702389040148075
0.5383795300479515 0.702389040148075
0.5424199340883555 0.702389040148075
0.5464603381287596 0.702389040148075
0.5505007421691637 0.702389040148075
0.5545411462095676 0.702389040148075
0.5585815502499717 0.702389040148075
0.5626219542903758 0.702389040148075
0.5666623583307797 0.702389040148075
0.5707027623711838 0.702389040148075
0.5747431664115878 0.702389040148075
0.5787835704519919 0.702389040148075
0.582823974492396 0.702389040148075
0.5868643785328 0.702389040148075
0.590904782573204 0.702389040148075
0.5949451866136081 0.702389040148075
0.598985590654012 0.702389040148075
0.6030259946944161 0.702389040148075
0.6070663987348202 0.702389040148075
0.6111068027752242 0.702389040148075
0.6151472068156283 0.702389040148075
0.6191876108560324 0.702389040148075
0.6232280148964363 0.702389040148075
0.6272684189368404 0.702389040148075
0.6313088229772444 0.702389040148075
0.6353492270176484 0.702389040148075
0.6393896310580525 0.702389040148075
0.6434300350984565 0.702389040148075
0.6474704391388606 0.702389040148075
0.6515108431792647 0.702389040148075
0.6555512472196687 0.702389040148075
0.6595916512600727 0.702389040148075
0.6636320553004768 0.702389040148075
0.6676724593408807 0.702389040148075
0.6717128633812848 0.702389040148075
0.6757532674216888 0.702389040148075
0.6797936714620929 0.702389040148075
0.683834075502497 0.702389040148075
0.687874479542901 0.702389040148075
0.6919148835833051 0.702389040148075
0.6959552876237091 0.702389040148075
0.6999956916641131 0.702389040148075
0.2999956916641131 0.706429444188479
0.3040360957045172 0.706429444188479
0.3080764997449212 0.706429444188479
0.3121169037853252 0.706429444188479
0.31615730782572926 0.706429444188479
0.3201977118661333 0.706429444188479
0.32423811590653734 0.706429444188479
0.3282785199469414 0.706429444188479
0.3323189239873454 0.706429444188479
0.3363593280277495 0.706429444188479
0.3403997320681535 0.706429444188479
0.34444013610855756 0.706429444188479
0.34848054014896157 0.706429444188479
0.35252094418936564 0.706429444188479
0.3565613482297697 0.706429444188479
0.3606017522701737 0.706429444188479
0.3646421563105777 0.706429444188479
0.3686825603509818 0.706429444188479
0.37272296439138586 0.706429444188479
0.37676336843178987 0.706429444188479
0.3808037724721939 0.706429444188479
0.38484417651259795 0.706429444188479
0.388884580553002 0.706429444188479
0.392924984593406 0.706429444188479
0.3969653886338101 0.706429444188479
0.4010057926742141 0.706429444188479
0.40504619671461817 0.706429444188479
0.4090866007550222 0.706429444188479
0.41312700479542624 0.706429444188479
0.41716740883583026 0.706429444188479
0.4212078128762343 0.706429444188479
0.4252482169166384 0.706429444188479
0.4292886209570424 0.706429444188479
0.4333290249974464 0.706429444188479
0.4373694290378505 0.706429444188479
0.44140983307825454 0.706429444188479
0.44545023711865855 0.706429444188479
0.44949064115906257 0.706429444188479
0.45353104519946663 0.706429444188479
0.4575714492398707 0.706429444188479
0.4616118532802747 0.706429444188479
0.4656522573206788 0.706429444188479
0.4696926613610828 0.706429444188479
0.47373306540148685 0.706429444188479
0.4777734694418909 0.706429444188479
0.48181387348229493 0.706429444188479
0.48585427752269894 0.706429444188479
0.489894681563103 0.706429444188479
0.4939350856035071 0.706429444188479
0.4979754896439111 0.706429444188479
0.5020158936843151 0.706429444188479
0.5060562977247192 0.706429444188479
0.5100967017651232 0.706429444188479
0.5141371058055273 0.706429444188479
0.5181775098459313 0.706429444188479
0.5222179138863353 0.706429444188479
0.5262583179267394 0.706429444188479
0.5302987219671434 0.706429444188479
0.5343391260075474 0.706429444188479
0.5383795300479515 0.706429444188479
0.5424199340883555 0.706429444188479
0.5464603381287596 0.706429444188479
0.5505007421691637 0.706429444188479
0.5545411462095676 0.706429444188479
0.5585815502499717 0.706429444188479
0.5626219542903758 0.706429444188479
0.5666623583307797 0.706429444188479
0.5707027623711838 0.706429444188479
0.5747431664115878 0.706429444188479
0.5787835704519919 0.706429444188479
0.582823974492396 0.706429444188479
0.5868643785328 0.706429444188479
0.590904782573204 0.706429444188479
0.5949451866136081 0.706429444188479
0.598985590654012 0.706429444188479
0.6030259946944161 0.706429444188479
0.6070663987348202 0.706429444188479
0.6111068027752242 0.706429444188479
0.6151472068156283 0.706429444188479
0.6191876108560324 0.706429444188479
0.6232280148964363 0.706429444188479
0.6272684189368404 0.706429444188479
0.6313088229772444 0.706429444188479
0.6353492270176484 0.706429444188479
0.6393896310580525 0.706429444188479
0.6434300350984565 0.706429444188479
0.6474704391388606 0.706429444188479
0.6515108431792647 0.706429444188479
0.6555512472196687 0.706429444188479
0.6595916512600727 0.706429444188479
0.6636320553004768 0.706429444188479
0.6676724593408807 0.706429444188479
0.6717128633812848 0.706429444188479
0.6757532674216888 0.706429444188479
0.6797936714620929 0.706429444188479
0.683834075502497 0.706429444188479
0.687874479542901 0.706429444188479
0.6919148835833051 0.706429444188479
0.6959552876237091 0.706429444188479
0.6999956916641131 0.706429444188479
0.2999956916641131 0.710469848228883
0.3040360957045172 0.710469848228883
0.3080764997449212 0.710469848228883
0.3121169037853252 0.710469848228883
0.31615730782572926 0.710469848228883
0.3201977118661333 0.710469848228883
0.32423811590653734 0.710469848228883
0.3282785199469414 0.710469848228883
0.3323189239873454 0.710469848228883
0.3363593280277495 0.710469848228883
0.3403997320681535 0.710469848228883
0.34444013610855756 0.710469848228883
0.34848054014896157 0.710469848228883
0.35252094418936564 0.710469848228883
0.3565613482297697 0.710469848228883
0.3606017522701737 0.710469848228883
0.3646421563105777 0.710469848228883
0.3686825603509818 0.710469848228883
0.37272296439138586 0.710469848228883
0.37676336843178987 0.710469848228883
0.3808037724721939 0.710469848228883
0.38484417651259795 0.710469848228883
0.388884580553002 0.710469848228883
0.392924984593406 0.710469848228883
0.3969653886338101 0.710469848228883
0.4010057926742141 0.710469848228883
0.40504619671461817 0.710469848228883
0.4090866007550222 0.710469848228883
0.41312700479542624 0.710469848228883
0.41716740883583026 0.710469848228883
0.4212078128762343 0.710469848228883
0.4252482169166384 0.710469848228883
0.4292886209570424 0.710469848228883
0.4333290249974464 0.710469848228883
0.4373694290378505 0.710469848228883
0.44140983307825454 0.710469848228883
0.44545023711865855 0.710469848228883
0.44949064115906257 0.710469848228883
0.45353104519946663 0.710469848228883
0.4575714492398707 0.710469848228883
0.4616118532802747 0.710469848228883
0.4656522573206788 0.710469848228883
0.4696926613610828 0.710469848228883
0.47373306540148685 0.710469848228883
0.4777734694418909 0.710469848228883
0.48181387348229493 0.710469848228883
0.48585427752269894 0.710469848228883
0.489894681563103 0.710469848228883
0.4939350856035071 0.710469848228883
0.4979754896439111 0.710469848228883
0.5020158936843151 0.710469848228883
0.5060562977247192 0.710469848228883
0.5100967017651232 0.710469848228883
0.5141371058055273 0.710469848228883
0.5181775098459313 0.710469848228883
0.5222179138863353 0.710469848228883
0.5262583179267394 0.710469848228883
0.5302987219671434 0.710469848228883
0.5343391260075474 0.710469848228883
0.5383795300479515 0.710469848228883
0.5424199340883555 0.710469848228883
0.5464603381287596 0.710469848228883
0.5505007421691637 0.710469848228883
0.5545411462095676 0.710469848228883
0.5585815502499717 0.710469848228883
0.5626219542903758 0.710469848228883
0.5666623583307797 0.710469848228883
0.5707027623711838 0.710469848228883
0.5747431664115878 0.710469848228883
0.5787835704519919 0.710469848228883
0.582823974492396 0.710469848228883
0.5868643785328 0.710469848228883
0.590904782573204 0.710469848228883
0.5949451866136081 0.710469848228883
0.598985590654012 0.710469848228883
0.6030259946944161 0.710469848228883
0.6070663987348202 0.710469848228883
0.6111068027752242 0.710469848228883
0.6151472068156283 0.710469848228883
0.6191876108560324 0.710469848228883
0.6232280148964363 0.710469848228883
0.6272684189368404 0.710469848228883
0.6313088229772444 0.710469848228883
0.6353492270176484 0.710469848228883
0.6393896310580525 0.710469848228883
0.6434300350984565 0.710469848228883
0.6474704391388606 0.710469848228883
0.6515108431792647 0.710469848228883
0.6555512472196687 0.710469848228883
0.6595916512600727 0.710469848228883
0.6636320553004768 0.710469848228883
0.6676724593408807 0.710469848228883
0.6717128633812848 0.710469848228883
0.6757532674216888 0.710469848228883
0.6797936714620929 0.710469848228883
0.683834075502497 0.710469848228883
0.687874479542901 0.710469848228883
0.6919148835833051 0.710469848228883
0.6959552876237091 0.710469848228883
0.6999956916641131 0.710469848228883
0.2999956916641131 0.7145102522692871
0.3040360957045172 0.7145102522692871
0.3080764997449212 0.7145102522692871
0.3121169037853252 0.7145102522692871
0.31615730782572926 0.7145102522692871
0.3201977118661333 0.7145102522692871
0.32423811590653734 0.7145102522692871
0.3282785199469414 0.7145102522692871
0.3323189239873454 0.7145102522692871
0.3363593280277495 0.7145102522692871
0.3403997320681535 0.7145102522692871
0.34444013610855756 0.7145102522692871
0.34848054014896157 0.7145102522692871
0.35252094418936564 0.7145102522692871
0.3565613482297697 0.7145102522692871
0.3606017522701737 0.7145102522692871
0.3646421563105777 0.7145102522692871
0.3686825603509818 0.7145102522692871
0.37272296439138586 0.7145102522692871
0.37676336843178987 0.7145102522692871
0.3808037724721939 0.7145102522692871
0.38484417651259795 0.7145102522692871
0.388884580553002 0.7145102522692871
0.392924984593406 0.7145102522692871
0.3969653886338101 0.7145102522692871
0.4010057926742141 0.7145102522692871
0.40504619671461817 0.7145102522692871
0.4090866007550222 0.7145102522692871
0.41312700479542624 0.7145102522692871
0.41716740883583026 0.7145102522692871
0.4212078128762343 0.7145102522692871
0.4252482169166384 0.7145102522692871
0.4292886209570424 0.7145102522692871
0.4333290249974464 0.7145102522692871
0.4373694290378505 0.7145102522692871
0.44140983307825454 0.7145102522692871
0.44545023711865855 0.7145102522692871
0.44949064115906257 0.7145102522692871
0.45353104519946663 0.7145102522692871
0.4575714492398707 0.7145102522692871
0.4616118532802747 0.7145102522692871
0.4656522573206788 0.7145102522692871
0.4696926613610828 0.7145102522692871
0.47373306540148685 0.7145102522692871
0.4777734694418909 0.7145102522692871
0.48181387348229493 0.7145102522692871
0.48585427752269894 0.7145102522692871
0.489894681563103 0.7145102522692871
0.4939350856035071 0.7145102522692871
0.4979754896439111 0.7145102522692871
0.5020158936843151 0.7145102522692871
0.5060562977247192 0.7145102522692871
0.5100967017651232 0.7145102522692871
0.5141371058055273 0.7145102522692871
0.5181775098459313 0.7145102522692871
0.5222179138863353 0.7145102522692871
0.5262583179267394 0.7145102522692871
0.5302987219671434 0.7145102522692871
0.5343391260075474 0.7145102522692871
0.5383795300479515 0.7145102522692871
0.5424199340883555 0.7145102522692871
0.5464603381287596 0.7145102522692871
0.5505007421691637 0.7145102522692871
0.5545411462095676 0.7145102522692871
0.5585815502499717 0.7145102522692871
0.5626219542903758 0.7145102522692871
0.5666623583307797 0.7145102522692871
0.5707027623711838 0.7145102522692871
0.5747431664115878 0.7145102522692871
0.5787835704519919 0.7145102522692871
0.582823974492396 0.7145102522692871
0.5868643785328 0.7145102522692871
0.590904782573204 0.7145102522692871
0.5949451866136081 0.7145102522692871
0.598985590654012 0.7145102522692871
0.6030259946944161 0.7145102522692871
0.6070663987348202 0.7145102522692871
0.6111068027752242 0.7145102522692871
0.6151472068156283 0.7145102522692871
0.6191876108560324 0.7145102522692871
0.6232280148964363 0.7145102522692871
0.6272684189368404 0.7145102522692871
0.6313088229772444 0.7145102522692871
0.6353492270176484 0.7145102522692871
0.6393896310580525 0.7145102522692871
0.6434300350984565 0.7145102522692871
0.6474704391388606 0.7145102522692871
0.6515108431792647 0.7145102522692871
0.6555512472196687 0.7145102522692871
0.6595916512600727 0.7145102522692871
0.6636320553004768 0.7145102522692871
0.6676724593408807 0.7145102522692871
0.6717128633812848 0.7145102522692871
0.6757532674216888 0.7145102522692871
0.6797936714620929 0.7145102522692871
0.683834075502497 0.7145102522692871
0.687874479542901 0.7145102522692871
0.6919148835833051 0.7145102522692871
0.6959552876237091 0.7145102522692871
0.2999956916641131 0.7185506563096911
0.3040360957045172 0.7185506563096911
0.3080764997449212 0.7185506563096911
0.3121169037853252 0.7185506563096911
0.31615730782572926 0.7185506563096911
0.3201977118661333 0.7185506563096911
0.32423811590653734 0.7185506563096911
0.3282785199469414 0.7185506563096911
0.3323189239873454 0.7185506563096911
0.3363593280277495 0.7185506563096911
0.3403997320681535 0.7185506563096911
0.34444013610855756 0.7185506563096911
0.34848054014896157 0.7185506563096911
0.35252094418936564 0.7185506563096911
0.3565613482297697 0.7185506563096911
0.3606017522701737 0.7185506563096911
0.3646421563105777 0.7185506563096911
0.3686825603509818 0.7185506563096911
0.37272296439138586 0.7185506563096911
0.37676336843178987 0.7185506563096911
0.3808037724721939 0.7185506563096911
0.38484417651259795 0.7185506563096911
0.388884580553002 0.7185506563096911
0.392924984593406 0.7185506563096911
0.3969653886338101 0.7185506563096911
0.4010057926742141 0.7185506563096911
0.40504619671461817 0.7185506563096911
0.4090866007550222 0.7185506563096911
0.41312700479542624 0.7185506563096911
0.41716740883583026 0.7185506563096911
0.4212078128762343 0.7185506563096911
0.4252482169166384 0.7185506563096911
0.4292886209570424 0.7185506563096911
0.4333290249974464 0.7185506563096911
0.4373694290378505 0.7185506563096911
0.44140983307825454 0.7185506563096911
0.44545023711865855 0.7185506563096911
0.44949064115906257 0.7185506563096911
0.45353104519946663 0.7185506563096911
0.4575714492398707 0.7185506563096911
0.4616118532802747 0.7185506563096911
0.4656522573206788 0.7185506563096911
0.4696926613610828 0.7185506563096911
0.47373306540148685 0.7185506563096911
0.4777734694418909 0.7185506563096911
0.48181387348229493 0.7185506563096911
0.48585427752269894 0.7185506563096911
0.489894681563103 0.7185506563096911
0.4939350856035071 0.7185506563096911
0.4979754896439111 0.7185506563096911
0.5020158936843151 0.7185506563096911
0.5060562977247192 0.7185506563096911
0.5100967017651232 0.7185506563096911
0.5141371058055273 0.7185506563096911
0.5181775098459313 0.7185506563096911
0.5222179138863353 0.7185506563096911
0.5262583179267394 0.7185506563096911
0.5302987219671434 0.7185506563096911
0.5343391260075474 0.7185506563096911
0.5383795300479515 0.7185506563096911
0.5424199340883555 0.7185506563096911
0.5464603381287596 0.7185506563096911
0.5505007421691637 0.7185506563096911
0.5545411462095676 0.7185506563096911
0.5585815502499717 0.7185506563096911
0.5626219542903758 0.7185506563096911
0.5666623583307797 0.7185506563096911
0.5707027623711838 0.7185506563096911
0.5747431664115878 0.7185506563096911
0.5787835704519919 0.7185506563096911
0.582823974492396 0.7185506563096911
0.5868643785328 0.7185506563096911
0.590904782573204 0.7185506563096911
0.5949451866136081 0.7185506563096911
0.598985590654012 0.7185506563096911
0.6030259946944161 0.7185506563096911
0.6070663987348202 0.7185506563096911
0.6111068027752242 0.7185506563096911
0.6151472068156283 0.7185506563096911
0.6191876108560324 0.7185506563096911
0.6232280148964363 0.7185506563096911
0.6272684189368404 0.7185506563096911
0.6313088229772444 0.7185506563096911
0.6353492270176484 0.7185506563096911
0.6393896310580525 0.7185506563096911
0.6434300350984565 0.7185506563096911
0.6474704391388606 0.7185506563096911
0.6515108431792647 0.7185506563096911
0.6555512472196687 0.7185506563096911
0.6595916512600727 0.7185506563096911
0.6636320553004768 0.7185506563096911
0.6676724593408807 0.7185506563096911
0.6717128633812848 0.7185506563096911
0.6757532674216888 0.7185506563096911
0.6797936714620929 0.7185506563096911
0.683834075502497 0.7185506563096911
0.687874479542901 0.7185506563096911
0.6919148835833051 0.7185506563096911
0.6999956916641131 0.7185506563096911
0.2999956916641131 0.7225910603500951
0.3040360957045172 0.7225910603500951
0.3080764997449212 0.7225910603500951
0.3121169037853252 0.7225910603500951
0.31615730782572926 0.7225910603500951
0.3201977118661333 0.7225910603500951
0.32423811590653734 0.7225910603500951
0.3282785199469414 0.7225910603500951
0.3323189239873454 0.7225910603500951
0.3363593280277495 0.7225910603500951
0.3403997320681535 0.7225910603500951
0.34444013610855756 0.7225910603500951
0.34848054014896157 0.7225910603500951
0.35252094418936564 0.7225910603500951
0.3565613482297697 0.7225910603500951
0.3606017522701737 0.7225910603500951
0.3646421563105777 0.7225910603500951
0.3686825603509818 0.7225910603500951
0.37272296439138586 0.7225910603500951
0.37676336843178987 0.7225910603500951
0.3808037724721939 0.7225910603500951
0.38484417651259795 0.7225910603500951
0.388884580553002 0.7225910603500951
0.392924984593406 0.7225910603500951
0.3969653886338101 0.7225910603500951
0.4010057926742141 0.7225910603500951
0.40504619671461817 0.7225910603500951
0.4090866007550222 0.7225910603500951
0.41312700479542624 0.7225910603500951
0.41716740883583026 0.7225910603500951
0.4212078128762343 0.7225910603500951
0.4252482169166384 0.7225910603500951
0.4292886209570424 0.7225910603500951
0.4333290249974464 0.7225910603500951
0.4373694290378505 0.7225910603500951
0.44140983307825454 0.7225910603500951
0.44545023711865855 0.7225910603500951
0.44949064115906257 0.7225910603500951
0.45353104519946663 0.7225910603500951
0.4575714492398707 0.7225910603500951
0.4616118532802747 0.7225910603500951
0.4656522573206788 0.7225910603500951
0.4696926613610828 0.7225910603500951
0.47373306540148685 0.7225910603500951
0.4777734694418909 0.7225910603500951
0.48181387348229493 0.7225910603500951
0.48585427752269894 0.7225910603500951
0.489894681563103 0.7225910603500951
0.4939350856035071 0.7225910603500951
0.4979754896439111 0.7225910603500951
0.5020158936843151 0.7225910603500951
0.5060562977247192 0.7225910603500951
0.5100967017651232 0.7225910603500951
0.5141371058055273 0.7225910603500951
0.5181775098459313 0.7225910603500951
0.5222179138863353 0.7225910603500951
0.5262583179267394 0.7225910603500951
0.5302987219671434 0.7225910603500951
0.5343391260075474 0.7225910603500951
0.5383795300479515 0.7225910603500951
0.5424199340883555 0.7225910603500951
0.5464603381287596 0.7225910603500951
0.5505007421691637 0.7225910603500951
0.5545411462095676 0.7225910603500951
0.5585815502499717 0.7225910603500951
0.5626219542903758 0.7225910603500951
0.5666623583307797 0.7225910603500951
0.5707027623711838 0.7225910603500951
0.5747431664115878 0.7225910603500951
0.5787835704519919 0.7225910603500951
0.582823974492396 0.7225910603500951
0.5868643785328 0.7225910603500951
0.590904782573204 0.7225910603500951
0.5949451866136081 0.7225910603500951
0.598985590654012 0.7225910603500951
0.6030259946944161 0.7225910603500951
0.6070663987348202 0.7225910603500951
0.6111068027752242 0.7225910603500951
0.6151472068156283 0.7225910603500951
0.6191876108560324 0.7225910603500951
0.6232280148964363 0.7225910603500951
0.6272684189368404 0.7225910603500951
0.6313088229772444 0.7225910603500951
0.6353492270176484 0.7225910603500951
0.6393896310580525 0.7225910603500951
0.6434300350984565 0.7225910603500951
0.6474704391388606 0.7225910603500951
0.6515108431792647 0.7225910603500951
0.6555512472196687 0.7225910603500951
0.6595916512600727 0.7225910603500951
0.6636320553004768 0.7225910603500951
0.6676724593408807 0.7225910603500951
0.6717128633812848 0.7225910603500951
0.6757532674216888 0.7225910603500951
0.6797936714620929 0.7225910603500951
0.683834075502497 0.7225910603500951
0.687874479542901 0.7225910603500951
0.6959552876237091 0.7225910603500951
0.6999956916641131 0.7225910603500951
0.2999956916641131 0.7266314643904992
0.3040360957045172 0.7266314643904992
0.3080764997449212 0.7266314643904992
0.3121169037853252 0.7266314643904992
0.31615730782572926 0.7266314643904992
0.3201977118661333 0.7266314643904992
0.32423811590653734 0.7266314643904992
0.3282785199469414 0.7266314643904992
0.3323189239873454 0.7266314643904992
0.3363593280277495 0.7266314643904992
0.3403997320681535 0.7266314643904992
0.34444013610855756 0.7266314643904992
0.34848054014896157 0.7266314643904992
0.35252094418936564 0.7266314643904992
0.3565613482297697 0.7266314643904992
0.3606017522701737 0.7266314643904992
0.3646421563105777 0.7266314643904992
0.3686825603509818 0.7266314643904992
0.37272296439138586 0.7266314643904992
0.37676336843178987 0.7266314643904992
0.3808037724721939 0.7266314643904992
0.38484417651259795 0.7266314643904992
0.388884580553002 0.7266314643904992
0.392924984593406 0.7266314643904992
0.3969653886338101 0.7266314643904992
0.4010057926742141 0.7266314643904992
0.40504619671461817 0.7266314643904992
0.4090866007550222 0.7266314643904992
0.41312700479542624 0.7266314643904992
0.41716740883583026 0.7266314643904992
0.4212078128762343 0.7266314643904992
0.4252482169166384 0.7266314643904992
0.4292886209570424 0.7266314643904992
0.4333290249974464 0.7266314643904992
0.4373694290378505 0.7266314643904992
0.44140983307825454 0.7266314643904992
0.44545023711865855 0.7266314643904992
0.44949064115906257 0.7266314643904992
0.45353104519946663 0.7266314643904992
0.4575714492398707 0.7266314643904992
0.4616118532802747 0.7266314643904992
0.4656522573206788 0.7266314643904992
0.4696926613610828 0.7266314643904992
0.47373306540148685 0.7266314643904992
0.4777734694418909 0.7266314643904992
0.48181387348229493 0.7266314643904992
0.48585427752269894 0.7266314643904992
0.489894681563103 0.7266314643904992
0.4939350856035071 0.7266314643904992
0.4979754896439111 0.7266314643904992
0.5020158936843151 0.7266314643904992
0.5060562977247192 0.7266314643904992
0.5100967017651232 0.7266314643904992
0.5141371058055273 0.7266314643904992
0.5181775098459313 0.7266314643904992
0.5222179138863353 0.7266314643904992
0.5262583179267394 0.7266314643904992
0.5302987219671434 0.7266314643904992
0.5343391260075474 0.7266314643904992
0.5383795300479515 0.7266314643904992
0.5424199340883555 0.7266314643904992
0.5464603381287596 0.7266314643904992
0.5505007421691637 0.7266314643904992
0.5545411462095676 0.7266314643904992
0.5585815502499717 0.7266314643904992
0.5626219542903758 0.7266314643904992
0.5666623583307797 0.7266314643904992
0.5707027623711838 0.7266314643904992
0.5747431664115878 0.7266314643904992
0.5787835704519919 0.7266314643904992
0.582823974492396 0.7266314643904992
0.5868643785328 0.7266314643904992
0.590904782573204 0.7266314643904992
0.5949451866136081 0.7266314643904992
0.598985590654012 0.7266314643904992
0.6030259946944161 0.7266314643904992
0.6070663987348202 0.7266314643904992
0.6111068027752242 0.7266314643904992
0.6151472068156283 0.7266314643904992
0.6191876108560324 0.7266314643904992
0.6232280148964363 0.7266314643904992
0.6272684189368404 0.7266314643904992
0.6313088229772444 0.7266314643904992
0.6353492270176484 0.7266314643904992
0.6393896310580525 0.7266314643904992
0.6434300350984565 0.7266314643904992
0.6474704391388606 0.7266314643904992
0.6515108431792647 0.7266314643904992
0.6555512472196687 0.7266314643904992
0.6595916512600727 0.7266314643904992
0.6636320553004768 0.7266314643904992
0.6676724593408807 0.7266314643904992
0.6717128633812848 0.7266314643904992
0.6757532674216888 0.7266314643904992
0.6797936714620929 0.7266314643904992
0.683834075502497 0.7266314643904992
0.6919148835833051 0.7266314643904992
0.6959552876237091 0.7266314643904992
0.6999956916641131 0.7266314643904992
0.2999956916641131 0.7306718684309033
0.3040360957045172 0.7306718684309033
0.3080764997449212 0.7306718684309033
0.3121169037853252 0.7306718684309033
0.31615730782572926 0.7306718684309033
0.3201977118661333 0.7306718684309033
0.32423811590653734 0.7306718684309033
0.3282785199469414 0.7306718684309033
0.3323189239873454 0.7306718684309033
0.3363593280277495 0.7306718684309033
0.3403997320681535 0.7306718684309033
0.34444013610855756 0.7306718684309033
0.34848054014896157 0.7306718684309033
0.35252094418936564 0.7306718684309033
0.3565613482297697 0.7306718684309033
0.3606017522701737 0.7306718684309033
0.3646421563105777 0.7306718684309033
0.3686825603509818 0.7306718684309033
0.37272296439138586 0.7306718684309033
0.37676336843178987 0.7306718684309033
0.3808037724721939 0.7306718684309033
0.38484417651259795 0.7306718684309033
0.388884580553002 0.7306718684309033
0.392924984593406 0.7306718684309033
0.3969653886338101 0.7306718684309033
0.4010057926742141 0.7306718684309033
0.40504619671461817 0.7306718684309033
0.4090866007550222 0.7306718684309033
0.41312700479542624 0.7306718684309033
0.41716740883583026 0.7306718684309033
0.4212078128762343 0.7306718684309033
0.4252482169166384 0.7306718684309033
0.4292886209570424 0.7306718684309033
0.4333290249974464 0.7306718684309033
0.4373694290378505 0.7306718684309033
0.44140983307825454 0.7306718684309033
0.44545023711865855 0.7306718684309033
0.44949064115906257 0.7306718684309033
0.45353104519946663 0.7306718684309033
0.4575714492398707 0.7306718684309033
0.4616118532802747 0.7306718684309033
0.4656522573206788 0.7306718684309033
0.4696926613610828 0.7306718684309033
0.47373306540148685 0.7306718684309033
0.4777734694418909 0.7306718684309033
0.48181387348229493 0.7306718684309033
0.48585427752269894 0.7306718684309033
0.489894681563103 0.7306718684309033
0.4939350856035071 0.7306718684309033
0.4979754896439111 0.7306718684309033
0.5020158936843151 0.7306718684309033
0.5060562977247192 0.7306718684309033
0.5100967017651232 0.7306718684309033
0.5141371058055273 0.7306718684309033
0.5181775098459313 0.7306718684309033
0.5222179138863353 0.7306718684309033
0.5262583179267394 0.7306718684309033
0.5302987219671434 0.7306718684309033
0.5343391260075474 0.7306718684309033
0.5383795300479515 0.7306718684309033
0.5424199340883555 0.7306718684309033
0.5464603381287596 0.7306718684309033
0.5505007421691637 0.7306718684309033
0.5545411462095676 0.7306718684309033
0.5585815502499717 0.7306718684309033
0.5626219542903758 0.7306718684309033
0.5666623583307797 0.7306718684309033
0.5707027623711838 0.7306718684309033
0.5747431664115878 0.7306718684309033
0.5787835704519919 0.7306718684309033
0.582823974492396 0.7306718684309033
0.5868643785328 0.7306718684309033
0.590904782573204 0.7306718684309033
0.5949451866136081 0.7306718684309033
0.598985590654012 0.7306718684309033
0.6030259946944161 0.7306718684309033
0.6070663987348202 0.7306718684309033
0.6111068027752242 0.7306718684309033
0.6151472068156283 0.7306718684309033
0.6191876108560324 0.7306718684309033
0.6232280148964363 0.7306718684309033
0.6272684189368404 0.7306718684309033
0.6313088229772444 0.7306718684309033
0.6353492270176484 0.7306718684309033
0.6393896310580525 0.7306718684309033
0.6434300350984565 0.7306718684309033
0.6474704391388606 0.7306718684309033
0.6515108431792647 0.7306718684309033
0.6555512472196687 0.7306718684309033
0.6595916512600727 0.7306718684309033
0.6636320553004768 0.7306718684309033
0.6676724593408807 0.7306718684309033
0.6717128633812848 0.7306718684309033
0.6757532674216888 0.7306718684309033
0.6797936714620929 0.7306718684309033
0.687874479542901 0.7306718684309033
0.6919148835833051 0.7306718684309033
0.6959552876237091 0.7306718684309033
0.6999956916641131 0.7306718684309033
0.2999956916641131 0.7347122724713073
0.3040360957045172 0.7347122724713073
0.3080764997449212 0.7347122724713073
0.3121169037853252 0.7347122724713073
0.31615730782572926 0.7347122724713073
0.3201977118661333 0.7347122724713073
0.32423811590653734 0.7347122724713073
0.3282785199469414 0.7347122724713073
0.3323189239873454 0.7347122724713073
0.3363593280277495 0.7347122724713073
0.3403997320681535 0.7347122724713073
0.34444013610855756 0.7347122724713073
0.34848054014896157 0.7347122724713073
0.35252094418936564 0.7347122724713073
0.3565613482297697 0.7347122724713073
0.3606017522701737 0.7347122724713073
0.3646421563105777 0.7347122724713073
0.3686825603509818 0.7347122724713073
0.37272296439138586 0.7347122724713073
0.37676336843178987 0.7347122724713073
0.3808037724721939 0.7347122724713073
0.38484417651259795 0.7347122724713073
0.388884580553002 0.7347122724713073
0.392924984593406 0.7347122724713073
0.3969653886338101 0.7347122724713073
0.4010057926742141 0.7347122724713073
0.40504619671461817 0.7347122724713073
0.4090866007550222 0.7347122724713073
0.41312700479542624 0.7347122724713073
0.41716740883583026 0.7347122724713073
0.4212078128762343 0.7347122724713073
0.4252482169166384 0.7347122724713073
0.4292886209570424 0.7347122724713073
0.4333290249974464 0.7347122724713073
0.4373694290378505 0.7347122724713073
0.44140983307825454 0.7347122724713073
0.44545023711865855 0.7347122724713073
0.44949064115906257 0.7347122724713073
0.45353104519946663 0.7347122724713073
0.4575714492398707 0.7347122724713073
0.4616118532802747 0.7347122724713073
0.4656522573206788 0.7347122724713073
0.4696926613610828 0.7347122724713073
0.47373306540148685 0.7347122724713073
0.4777734694418909 0.7347122724713073
0.48181387348229493 0.7347122724713073
0.48585427752269894 0.7347122724713073
0.489894681563103 0.7347122724713073
0.4939350856035071 0.7347122724713073
0.4979754896439111 0.7347122724713073
0.5020158936843151 0.7347122724713073
0.5060562977247192 0.7347122724713073
0.5100967017651232 0.7347122724713073
0.5141371058055273 0.7347122724713073
0.5181775098459313 0.7347122724713073
0.5222179138863353 0.7347122724713073
0.5262583179267394 0.7347122724713073
0.5302987219671434 0.7347122724713073
0.5343391260075474 0.7347122724713073
0.5383795300479515 0.7347122724713073
0.5424199340883555 0.7347122724713073
0.5464603381287596 0.7347122724713073
0.5505007421691637 0.7347122724713073
0.5545411462095676 0.7347122724713073
0.5585815502499717 0.7347122724713073
0.5626219542903758 0.7347122724713073
0.5666623583307797 0.7347122724713073
0.5707027623711838 0.7347122724713073
0.5747431664115878 0.7347122724713073
0.5787835704519919 0.7347122724713073
0.582823974492396 0.7347122724713073
0.5868643785328 0.7347122724713073
0.590904782573204 0.7347122724713073
0.5949451866136081 0.7347122724713073
0.598985590654012 0.7347122724713073
0.6030259946944161 0.7347122724713073
0.6070663987348202 0.7347122724713073
0.6111068027752242 0.7347122724713073
0.6151472068156283 0.7347122724713073
0.6191876108560324 0.7347122724713073
0.6232280148964363 0.7347122724713073
0.6272684189368404 0.7347122724713073
0.6313088229772444 0.7347122724713073
0.6353492270176484 0.7347122724713073
0.6393896310580525 0.7347122724713073
0.6434300350984565 0.7347122724713073
0.6474704391388606 0.7347122724713073
0.6515108431792647 0.7347122724713073
0.6555512472196687 0.7347122724713073
0.6595916512600727 0.7347122724713073
0.6636320553004768 0.7347122724713073
0.6676724593408807 0.7347122724713073
0.6717128633812848 0.7347122724713073
0.6757532674216888 0.7347122724713073
0.683834075502497 0.7347122724713073
0.687874479542901 0.7347122724713073
0.6919148835833051 0.7347122724713073
0.6959552876237091 0.7347122724713073
0.6999956916641131 0.7347122724713073
0.2999956916641131 0.7387526765117113
0.3040360957045172 0.7387526765117113
0.3080764997449212 0.7387526765117113
0.3121169037853252 0.7387526765117113
0.31615730782572926 0.7387526765117113
0.3201977118661333 0.7387526765117113
0.32423811590653734 0.7387526765117113
0.3282785199469414 0.7387526765117113
0.3323189239873454 0.7387526765117113
0.3363593280277495 0.7387526765117113
0.3403997320681535 0.7387526765117113
0.34444013610855756 0.7387526765117113
0.34848054014896157 0.7387526765117113
0.35252094418936564 0.7387526765117113
0.3565613482297697 0.7387526765117113
0.3606017522701737 0.7387526765117113
0.3646421563105777 0.7387526765117113
0.3686825603509818 0.7387526765117113
0.37272296439138586 0.7387526765117113
0.37676336843178987 0.7387526765117113
0.3808037724721939 0.7387526765117113
0.38484417651259795 0.7387526765117113
0.388884580553002 0.7387526765117113
0.392924984593406 0.7387526765117113
0.3969653886338101 0.7387526765117113
0.4010057926742141 0.7387526765117113
0.40504619671461817 0.7387526765117113
0.4090866007550222 0.7387526765117113
0.41312700479542624 0.7387526765117113
0.41716740883583026 0.7387526765117113
0.4212078128762343 0.7387526765117113
0.4252482169166384 0.7387526765117113
0.4292886209570424 0.7387526765117113
0.4333290249974464 0.7387526765117113
0.4373694290378505 0.7387526765117113
0.44140983307825454 0.7387526765117113
0.44545023711865855 0.7387526765117113
0.44949064115906257 0.7387526765117113
0.45353104519946663 0.7387526765117113
0.4575714492398707 0.7387526765117113
0.4616118532802747 0.7387526765117113
0.4656522573206788 0.7387526765117113
0.4696926613610828 0.7387526765117113
0.47373306540148685 0.7387526765117113
0.4777734694418909 0.7387526765117113
0.48181387348229493 0.7387526765117113
0.48585427752269894 0.7387526765117113
0.489894681563103 0.7387526765117113
0.4939350856035071 0.7387526765117113
0.4979754896439111 0.7387526765117113
0.5020158936843151 0.7387526765117113
0.5060562977247192 0.7387526765117113
0.5100967017651232 0.7387526765117113
0.5141371058055273 0.7387526765117113
0.5181775098459313 0.7387526765117113
0.5222179138863353 0.7387526765117113
0.5262583179267394 0.7387526765117113
0.5302987219671434 0.7387526765117113
0.5343391260075474 0.7387526765117113
0.5383795300479515 0.7387526765117113
0.5424199340883555 0.7387526765117113
0.5464603381287596 0.7387526765117113
0.5505007421691637 0.7387526765117113
0.5545411462095676 0.7387526765117113
0.5585815502499717 0.7387526765117113
0.5626219542903758 0.7387526765117113
0.5666623583307797 0.7387526765117113
0.5707027623711838 0.7387526765117113
0.5747431664115878 0.7387526765117113
0.5787835704519919 0.7387526765117113
0.582823974492396 0.7387526765117113
0.5868643785328 0.7387526765117113
0.590904782573204 0.7387526765117113
0.5949451866136081 0.7387526765117113
0.598985590654012 0.7387526765117113
0.6030259946944161 0.7387526765117113
0.6070663987348202 0.7387526765117113
0.6111068027752242 0.7387526765117113
0.6151472068156283 0.7387526765117113
0.6191876108560324 0.7387526765117113
0.6232280148964363 0.7387526765117113
0.6272684189368404 0.7387526765117113
0.6313088229772444 0.7387526765117113
0.6353492270176484 0.7387526765117113
0.6393896310580525 0.7387526765117113
0.6434300350984565 0.7387526765117113
0.6474704391388606 0.7387526765117113
0.6515108431792647 0.7387526765117113
0.6555512472196687 0.7387526765117113
0.6595916512600727 0.7387526765117113
0.6636320553004768 0.7387526765117113
0.6676724593408807 0.7387526765117113
0.6717128633812848 0.7387526765117113
0.683834075502497 0.7387526765117113
0.687874479542901 0.7387526765117113
0.6919148835833051 0.7387526765117113
0.6959552876237091 0.7387526765117113
0.6999956916641131 0.7387526765117113
0.2999956916641131 0.7427930805521153
0.3040360957045172 0.7427930805521153
0.3080764997449212 0.7427930805521153
0.3121169037853252 0.7427930805521153
0.31615730782572926 0.7427930805521153
0.3201977118661333 0.7427930805521153
0.32423811590653734 0.7427930805521153
0.3282785199469414 0.7427930805521153
0.3323189239873454 0.7427930805521153
0.3363593280277495 0.7427930805521153
0.3403997320681535 0.7427930805521153
0.34444013610855756 0.7427930805521153
0.34848054014896157 0.7427930805521153
0.35252094418936564 0.7427930805521153
0.3565613482297697 0.7427930805521153
0.3606017522701737 0.7427930805521153
0.3646421563105777 0.7427930805521153
0.3686825603509818 0.7427930805521153
0.37272296439138586 0.7427930805521153
0.37676336843178987 0.7427930805521153
0.3808037724721939 0.7427930805521153
0.38484417651259795 0.7427930805521153
0.388884580553002 0.7427930805521153
0.392924984593406 0.7427930805521153
0.3969653886338101 0.7427930805521153
0.4010057926742141 0.7427930805521153
0.40504619671461817 0.7427930805521153
0.4090866007550222 0.7427930805521153
0.41312700479542624 0.7427930805521153
0.41716740883583026 0.7427930805521153
0.4212078128762343 0.7427930805521153
0.4252482169166384 0.7427930805521153
0.4292886209570424 0.7427930805521153
0.4333290249974464 0.7427930805521153
0.4373694290378505 0.7427930805521153
0.44140983307825454 0.7427930805521153
0.44545023711865855 0.7427930805521153
0.44949064115906257 0.7427930805521153
0.45353104519946663 0.7427930805521153
0.4575714492398707 0.7427930805521153
0.4616118532802747 0.7427930805521153
0.4656522573206788 0.7427930805521153
0.4696926613610828 0.7427930805521153
0.47373306540148685 0.7427930805521153
0.4777734694418909 0.7427930805521153
0.48181387348229493 0.7427930805521153
0.48585427752269894 0.7427930805521153
0.489894681563103 0.7427930805521153
0.4939350856035071 0.7427930805521153
0.4979754896439111 0.7427930805521153
0.5020158936843151 0.7427930805521153
0.5060562977247192 0.7427930805521153
0.5100967017651232 0.7427930805521153
0.5141371058055273 0.7427930805521153
0.5181775098459313 0.7427930805521153
0.5222179138863353 0.7427930805521153
0.5262583179267394 0.7427930805521153
0.5302987219671434 0.7427930805521153
0.5343391260075474 0.7427930805521153
0.5383795300479515 0.7427930805521153
0.5424199340883555 0.7427930805521153
0.5464603381287596 0.7427930805521153
0.5505007421691637 0.7427930805521153
0.5545411462095676 0.7427930805521153
0.5585815502499717 0.7427930805521153
0.5626219542903758 0.7427930805521153
0.5666623583307797 0.7427930805521153
0.5707027623711838 0.7427930805521153
0.5747431664115878 0.7427930805521153
0.5787835704519919 0.7427930805521153
0.582823974492396 0.7427930805521153
0.5868643785328 0.7427930805521153
0.590904782573204 0.7427930805521153
0.5949451866136081 0.7427930805521153
0.598985590654012 0.7427930805521153
0.6030259946944161 0.7427930805521153
0.6070663987348202 0.7427930805521153
0.6111068027752242 0.7427930805521153
0.6151472068156283 0.7427930805521153
0.6191876108560324 0.7427930805521153
0.6232280148964363 0.7427930805521153
0.6272684189368404 0.7427930805521153
0.6313088229772444 0.7427930805521153
0.6353492270176484 0.7427930805521153
0.6393896310580525 0.7427930805521153
0.6434300350984565 0.7427930805521153
0.6474704391388606 0.7427930805521153
0.6515108431792647 0.7427930805521153
0.6555512472196687 0.7427930805521153
0.6595916512600727 0.7427930805521153
0.6636320553004768 0.7427930805521153
0.6676724593408807 0.7427930805521153
0.6717128633812848 0.7427930805521153
0.6757532674216888 0.7427930805521153
0.6797936714620929 0.7427930805521153
0.683834075502497 0.7427930805521153
0.687874479542901 0.7427930805521153
0.6919148835833051 0.7427930805521153
0.6959552876237091 0.7427930805521153
0.6999956916641131 0.7427930805521153
0.2999956916641131 0.7468334845925194
0.3040360957045172 0.7468334845925194
0.3080764997449212 0.7468334845925194
0.3121169037853252 0.7468334845925194
0.31615730782572926 0.7468334845925194
0.3201977118661333 0.7468334845925194
0.32423811590653734 0.7468334845925194
0.3282785199469414 0.7468334845925194
0.3323189239873454 0.7468334845925194
0.3363593280277495 0.7468334845925194
0.3403997320681535 0.7468334845925194
0.34444013610855756 0.7468334845925194
0.34848054014896157 0.7468334845925194
0.35252094418936564 0.7468334845925194
0.3565613482297697 0.7468334845925194
0.3606017522701737 0.7468334845925194
0.3646421563105777 0.7468334845925194
0.3686825603509818 0.7468334845925194
0.37272296439138586 0.7468334845925194
0.37676336843178987 0.7468334845925194
0.3808037724721939 0.7468334845925194
0.38484417651259795 0.7468334845925194
0.388884580553002 0.7468334845925194
0.392924984593406 0.7468334845925194
0.3969653886338101 0.7468334845925194
0.4010057926742141 0.7468334845925194
0.40504619671461817 0.7468334845925194
0.4090866007550222 0.7468334845925194
0.41312700479542624 0.7468334845925194
0.41716740883583026 0.7468334845925194
0.4212078128762343 0.7468334845925194
0.4252482169166384 0.7468334845925194
0.4292886209570424 0.7468334845925194
0.4333290249974464 0.7468334845925194
0.4373694290378505 0.7468334845925194
0.44140983307825454 0.7468334845925194
0.44545023711865855 0.7468334845925194
0.44949064115906257 0.7468334845925194
0.45353104519946663 0.7468334845925194
0.4575714492398707 0.7468334845925194
0.4616118532802747 0.7468334845925194
0.4656522573206788 0.7468334845925194
0.4696926613610828 0.7468334845925194
0.47373306540148685 0.7468334845925194
0.4777734694418909 0.7468334845925194
0.48181387348229493 0.7468334845925194
0.48585427752269894 0.7468334845925194
0.489894681563103 0.7468334845925194
0.4939350856035071 0.7468334845925194
0.4979754896439111 0.7468334845925194
0.5020158936843151 0.7468334845925194
0.5060562977247192 0.7468334845925194
0.5100967017651232 0.7468334845925194
0.5141371058055273 0.7468334845925194
0.5181775098459313 0.7468334845925194
0.5222179138863353 0.7468334845925194
0.5262583179267394 0.7468334845925194
0.5302987219671434 0.7468334845925194
0.5343391260075474 0.7468334845925194
0.5383795300479515 0.7468334845925194
0.5424199340883555 0.7468334845925194
0.5464603381287596 0.7468334845925194
0.5505007421691637 0.7468334845925194
0.5545411462095676 0.7468334845925194
0.5585815502499717 0.7468334845925194
0.5626219542903758 0.7468334845925194
0.5666623583307797 0.7468334845925194
0.5707027623711838 0.7468334845925194
0.5747431664115878 0.7468334845925194
0.5787835704519919 0.7468334845925194
0.582823974492396 0.7468334845925194
0.5868643785328 0.7468334845925194
0.590904782573204 0.7468334845925194
0.5949451866136081 0.7468334845925194
0.598985590654012 0.7468334845925194
0.6030259946944161 0.7468334845925194
0.6070663987348202 0.7468334845925194
0.6111068027752242 0.7468334845925194
0.6151472068156283 0.7468334845925194
0.6191876108560324 0.7468334845925194
0.6232280148964363 0.7468334845925194
0.6272684189368404 0.7468334845925194
0.6313088229772444 0.7468334845925194
0.6353492270176484 0.7468334845925194
0.6393896310580525 0.7468334845925194
0.6434300350984565 0.7468334845925194
0.6474704391388606 0.7468334845925194
0.6515108431792647 0.7468334845925194
0.6555512472196687 0.7468334845925194
0.6595916512600727 0.7468334845925194
0.6676724593408807 0.7468334845925194
0.6717128633812848 0.7468334845925194
0.6797936714620929 0.7468334845925194
0.683834075502497 0.7468334845925194
0.687874479542901 0.7468334845925194
0.6919148835833051 0.7468334845925194
0.6959552876237091 0.7468334845925194
0.6999956916641131 0.7468334845925194
0.2999956916641131 0.7508738886329235
0.3040360957045172 0.7508738886329235
0.3080764997449212 0.7508738886329235
0.3121169037853252 0.7508738886329235
0.31615730782572926 0.7508738886329235
0.3201977118661333 0.7508738886329235
0.32423811590653734 0.7508738886329235
0.3282785199469414 0.7508738886329235
0.3323189239873454 0.7508738886329235
0.3363593280277495 0.7508738886329235
0.3403997320681535 0.7508738886329235
0.34444013610855756 0.7508738886329235
0.34848054014896157 0.7508738886329235
0.35252094418936564 0.7508738886329235
0.3565613482297697 0.7508738886329235
0.3606017522701737 0.7508738886329235
0.3646421563105777 0.7508738886329235
0.3686825603509818 0.7508738886329235
0.37272296439138586 0.7508738886329235
0.37676336843178987 0.7508738886329235
0.3808037724721939 0.7508738886329235
0.38484417651259795 0.7508738886329235
0.388884580553002 0.7508738886329235
0.392924984593406 0.7508738886329235
0.3969653886338101 0.7508738886329235
0.4010057926742141 0.7508738886329235
0.40504619671461817 0.7508738886329235
0.4090866007550222 0.7508738886329235
0.41312700479542624 0.7508738886329235
0.41716740883583026 0.7508738886329235
0.4212078128762343 0.7508738886329235
0.4252482169166384 0.7508738886329235
0.4292886209570424 0.7508738886329235
0.4333290249974464 0.7508738886329235
0.4373694290378505 0.7508738886329235
0.44140983307825454 0.7508738886329235
0.44545023711865855 0.7508738886329235
0.44949064115906257 0.7508738886329235
0.45353104519946663 0.7508738886329235
0.4575714492398707 0.7508738886329235
0.4616118532802747 0.7508738886329235
0.4656522573206788 0.7508738886329235
0.4696926613610828 0.7508738886329235
0.47373306540148685 0.7508738886329235
0.4777734694418909 0.7508738886329235
0.48181387348229493 0.7508738886329235
0.48585427752269894 0.7508738886329235
0.489894681563103 0.7508738886329235
0.4939350856035071 0.7508738886329235
0.4979754896439111 0.7508738886329235
0.5020158936843151 0.7508738886329235
0.5060562977247192 0.7508738886329235
0.5100967017651232 0.7508738886329235
0.5141371058055273 0.7508738886329235
0.5181775098459313 0.7508738886329235
0.5222179138863353 0.7508738886329235
0.5262583179267394 0.7508738886329235
0.5302987219671434 0.7508738886329235
0.5343391260075474 0.7508738886329235
0.5383795300479515 0.7508738886329235
0.5424199340883555 0.7508738886329235
0.5464603381287596 0.7508738886329235
0.5505007421691637 0.7508738886329235
0.5545411462095676 0.7508738886329235
0.5585815502499717 0.7508738886329235
0.5626219542903758 0.7508738886329235
0.5666623583307797 0.7508738886329235
0.5707027623711838 0.7508738886329235
0.5747431664115878 0.7508738886329235
0.5787835704519919 0.7508738886329235
0.582823974492396 0.7508738886329235
0.5868643785328 0.7508738886329235
0.590904782573204 0.7508738886329235
0.5949451866136081 0.7508738886329235
0.598985590654012 0.7508738886329235
0.6030259946944161 0.7508738886329235
0.6070663987348202 0.7508738886329235
0.6111068027752242 0.7508738886329235
0.6151472068156283 0.7508738886329235
0.6191876108560324 0.7508738886329235
0.6232280148964363 0.7508738886329235
0.6272684189368404 0.7508738886329235
0.6313088229772444 0.7508738886329235
0.6353492270176484 0.7508738886329235
0.6393896310580525 0.7508738886329235
0.6434300350984565 0.7508738886329235
0.6474704391388606 0.7508738886329235
0.6515108431792647 0.7508738886329235
0.6555512472196687 0.7508738886329235
0.6636320553004768 0.7508738886329235
0.6676724593408807 0.7508738886329235
0.6717128633812848 0.7508738886329235
0.6757532674216888 0.7508738886329235
0.6797936714620929 0.7508738886329235
0.683834075502497 0.7508738886329235
0.687874479542901 0.7508738886329235
0.6919148835833051 0.7508738886329235
0.6959552876237091 0.7508738886329235
0.6999956916641131 0.7508738886329235
0.2999956916641131 0.7549142926733274
0.3040360957045172 0.7549142926733274
0.3080764997449212 0.7549142926733274
0.3121169037853252 0.7549142926733274
0.31615730782572926 0.7549142926733274
0.3201977118661333 0.7549142926733274
0.32423811590653734 0.7549142926733274
0.3282785199469414 0.7549142926733274
0.3323189239873454 0.7549142926733274
0.3363593280277495 0.7549142926733274
0.3403997320681535 0.7549142926733274
0.34444013610855756 0.7549142926733274
0.34848054014896157 0.7549142926733274
0.35252094418936564 0.7549142926733274
0.3565613482297697 0.7549142926733274
0.3606017522701737 0.7549142926733274
0.3646421563105777 0.7549142926733274
0.3686825603509818 0.7549142926733274
0.37272296439138586 0.7549142926733274
0.37676336843178987 0.7549142926733274
0.3808037724721939 0.7549142926733274
0.38484417651259795 0.7549142926733274
0.388884580553002 0.7549142926733274
0.392924984593406 0.7549142926733274
0.3969653886338101 0.7549142926733274
0.4010057926742141 0.7549142926733274
0.40504619671461817 0.7549142926733274
0.4090866007550222 0.7549142926733274
0.41312700479542624 0.7549142926733274
0.41716740883583026 0.7549142926733274
0.4212078128762343 0.7549142926733274
0.4252482169166384 0.7549142926733274
0.4292886209570424 0.7549142926733274
0.4333290249974464 0.7549142926733274
0.4373694290378505 0.7549142926733274
0.44140983307825454 0.7549142926733274
0.44545023711865855 0.7549142926733274
0.44949064115906257 0.7549142926733274
0.45353104519946663 0.7549142926733274
0.4575714492398707 0.7549142926733274
0.4616118532802747 0.7549142926733274
0.4656522573206788 0.7549142926733274
0.4696926613610828 0.7549142926733274
0.47373306540148685 0.7549142926733274
0.4777734694418909 0.7549142926733274
0.48181387348229493 0.7549142926733274
0.48585427752269894 0.7549142926733274
0.489894681563103 0.7549142926733274
0.4939350856035071 0.7549142926733274
0.4979754896439111 0.7549142926733274
0.5020158936843151 0.7549142926733274
0.5060562977247192 0.7549142926733274
0.5100967017651232 0.7549142926733274
0.5141371058055273 0.7549142926733274
0.5181775098459313 0.7549142926733274
0.5222179138863353 0.7549142926733274
0.5262583179267394 0.7549142926733274
0.5302987219671434 0.7549142926733274
0.5343391260075474 0.7549142926733274
0.5383795300479515 0.7549142926733274
0.5424199340883555 0.7549142926733274
0.5464603381287596 0.7549142926733274
0.5505007421691637 0.7549142926733274
0.5545411462095676 0.7549142926733274
0.5585815502499717 0.7549142926733274
0.5626219542903758 0.7549142926733274
0.5666623583307797 0.7549142926733274
0.5707027623711838 0.7549142926733274
0.5747431664115878 0.7549142926733274
0.5787835704519919 0.7549142926733274
0.582823974492396 0.7549142926733274
0.5868643785328 0.7549142926733274
0.590904782573204 0.7549142926733274
0.5949451866136081 0.7549142926733274
0.598985590654012 0.7549142926733274
0.6030259946944161 0.7549142926733274
0.6070663987348202 0.7549142926733274
0.6111068027752242 0.7549142926733274
0.6151472068156283 0.7549142926733274
0.6191876108560324 0.7549142926733274
0.6232280148964363 0.7549142926733274
0.6272684189368404 0.7549142926733274
0.6313088229772444 0.7549142926733274
0.6353492270176484 0.7549142926733274
0.6393896310580525 0.7549142926733274
0.6434300350984565 0.7549142926733274
0.6474704391388606 0.7549142926733274
0.6515108431792647 0.7549142926733274
0.6595916512600727 0.7549142926733274
0.6636320553004768 0.7549142926733274
0.6676724593408807 0.7549142926733274
0.6717128633812848 0.7549142926733274
0.6757532674216888 0.7549142926733274
0.6797936714620929 0.7549142926733274
0.683834075502497 0.7549142926733274
0.687874479542901 0.7549142926733274
0.6919148835833051 0.7549142926733274
0.6959552876237091 0.7549142926733274
0.6999956916641131 0.7549142926733274
0.2999956916641131 0.7589546967137315
0.3040360957045172 0.7589546967137315
0.3080764997449212 0.7589546967137315
0.3121169037853252 0.7589546967137315
0.31615730782572926 0.7589546967137315
0.3201977118661333 0.7589546967137315
0.32423811590653734 0.7589546967137315
0.3282785199469414 0.7589546967137315
0.3323189239873454 0.7589546967137315
0.3363593280277495 0.7589546967137315
0.3403997320681535 0.7589546967137315
0.34444013610855756 0.7589546967137315
0.34848054014896157 0.7589546967137315
0.35252094418936564 0.7589546967137315
0.3565613482297697 0.7589546967137315
0.3606017522701737 0.7589546967137315
0.3646421563105777 0.7589546967137315
0.3686825603509818 0.7589546967137315
0.37272296439138586 0.7589546967137315
0.37676336843178987 0.7589546967137315
0.3808037724721939 0.7589546967137315
0.38484417651259795 0.7589546967137315
0.388884580553002 0.7589546967137315
0.392924984593406 0.7589546967137315
0.3969653886338101 0.7589546967137315
0.4010057926742141 0.7589546967137315
0.40504619671461817 0.7589546967137315
0.4090866007550222 0.7589546967137315
0.41312700479542624 0.7589546967137315
0.41716740883583026 0.7589546967137315
0.4212078128762343 0.7589546967137315
0.4252482169166384 0.7589546967137315
0.4292886209570424 0.7589546967137315
0.4333290249974464 0.7589546967137315
0.4373694290378505 0.7589546967137315
0.44140983307825454 0.7589546967137315
0.44545023711865855 0.7589546967137315
0.44949064115906257 0.7589546967137315
0.45353104519946663 0.7589546967137315
0.4575714492398707 0.7589546967137315
0.4616118532802747 0.7589546967137315
0.4656522573206788 0.7589546967137315
0.4696926613610828 0.7589546967137315
0.47373306540148685 0.7589546967137315
0.4777734694418909 0.7589546967137315
0.48181387348229493 0.7589546967137315
0.48585427752269894 0.7589546967137315
0.489894681563103 0.7589546967137315
0.4939350856035071 0.7589546967137315
0.4979754896439111 0.7589546967137315
0.5020158936843151 0.7589546967137315
0.5060562977247192 0.7589546967137315
0.5100967017651232 0.7589546967137315
0.5141371058055273 0.7589546967137315
0.5181775098459313 0.7589546967137315
0.5222179138863353 0.7589546967137315
0.5262583179267394 0.7589546967137315
0.5302987219671434 0.7589546967137315
0.5343391260075474 0.7589546967137315
0.5383795300479515 0.7589546967137315
0.5424199340883555 0.7589546967137315
0.5464603381287596 0.7589546967137315
0.5505007421691637 0.7589546967137315
0.5545411462095676 0.7589546967137315
0.5585815502499717 0.7589546967137315
0.5626219542903758 0.7589546967137315
0.5666623583307797 0.7589546967137315
0.5707027623711838 0.7589546967137315
0.5747431664115878 0.7589546967137315
0.5787835704519919 0.7589546967137315
0.582823974492396 0.7589546967137315
0.5868643785328 0.7589546967137315
0.590904782573204 0.7589546967137315
0.5949451866136081 0.7589546967137315
0.598985590654012 0.7589546967137315
0.6030259946944161 0.7589546967137315
0.6070663987348202 0.7589546967137315
0.6111068027752242 0.7589546967137315
0.6151472068156283 0.7589546967137315
0.6191876108560324 0.7589546967137315
0.6232280148964363 0.7589546967137315
0.6272684189368404 0.7589546967137315
0.6313088229772444 0.7589546967137315
0.6353492270176484 0.7589546967137315
0.6393896310580525 0.7589546967137315
0.6434300350984565 0.7589546967137315
0.6474704391388606 0.7589546967137315
0.6555512472196687 0.7589546967137315
0.6595916512600727 0.7589546967137315
0.6636320553004768 0.7589546967137315
0.6676724593408807 0.7589546967137315
0.6717128633812848 0.7589546967137315
0.6757532674216888 0.7589546967137315
0.6797936714620929 0.7589546967137315
0.683834075502497 0.7589546967137315
0.687874479542901 0.7589546967137315
0.6919148835833051 0.7589546967137315
0.6959552876237091 0.7589546967137315
0.6999956916641131 0.7589546967137315
0.2999956916641131 0.7629951007541356
0.3040360957045172 0.7629951007541356
0.3080764997449212 0.7629951007541356
0.3121169037853252 0.7629951007541356
0.31615730782572926 0.7629951007541356
0.3201977118661333 0.7629951007541356
0.32423811590653734 0.7629951007541356
0.3282785199469414 0.7629951007541356
0.3323189239873454 0.7629951007541356
0.3363593280277495 0.7629951007541356
0.3403997320681535 0.7629951007541356
0.34444013610855756 0.7629951007541356
0.34848054014896157 0.7629951007541356
0.35252094418936564 0.7629951007541356
0.3565613482297697 0.7629951007541356
0.3606017522701737 0.7629951007541356
0.3646421563105777 0.7629951007541356
0.3686825603509818 0.7629951007541356
0.37272296439138586 0.7629951007541356
0.37676336843178987 0.7629951007541356
0.3808037724721939 0.7629951007541356
0.38484417651259795 0.7629951007541356
0.388884580553002 0.7629951007541356
0.392924984593406 0.7629951007541356
0.3969653886338101 0.7629951007541356
0.4010057926742141 0.7629951007541356
0.40504619671461817 0.7629951007541356
0.4090866007550222 0.7629951007541356
0.41312700479542624 0.7629951007541356
0.41716740883583026 0.7629951007541356
0.4212078128762343 0.7629951007541356
0.4252482169166384 0.7629951007541356
0.4292886209570424 0.7629951007541356
0.4333290249974464 0.7629951007541356
0.4373694290378505 0.7629951007541356
0.44140983307825454 0.7629951007541356
0.44545023711865855 0.7629951007541356
0.44949064115906257 0.7629951007541356
0.45353104519946663 0.7629951007541356
0.4575714492398707 0.7629951007541356
0.4616118532802747 0.7629951007541356
0.4656522573206788 0.7629951007541356
0.4696926613610828 0.7629951007541356
0.47373306540148685 0.7629951007541356
0.4777734694418909 0.7629951007541356
0.48181387348229493 0.7629951007541356
0.48585427752269894 0.7629951007541356
0.489894681563103 0.7629951007541356
0.4939350856035071 0.7629951007541356
0.4979754896439111 0.7629951007541356
0.5020158936843151 0.7629951007541356
0.5060562977247192 0.7629951007541356
0.5100967017651232 0.7629951007541356
0.5141371058055273 0.7629951007541356
0.5181775098459313 0.7629951007541356
0.5222179138863353 0.7629951007541356
0.5262583179267394 0.7629951007541356
0.5302987219671434 0.7629951007541356
0.5343391260075474 0.7629951007541356
0.5383795300479515 0.7629951007541356
0.5424199340883555 0.7629951007541356
0.5464603381287596 0.7629951007541356
0.5505007421691637 0.7629951007541356
0.5545411462095676 0.7629951007541356
0.5585815502499717 0.7629951007541356
0.5626219542903758 0.7629951007541356
0.5666623583307797 0.7629951007541356
0.5707027623711838 0.7629951007541356
0.5747431664115878 0.7629951007541356
0.5787835704519919 0.7629951007541356
0.582823974492396 0.7629951007541356
0.5868643785328 0.7629951007541356
0.590904782573204 0.7629951007541356
0.5949451866136081 0.7629951007541356
0.598985590654012 0.7629951007541356
0.6030259946944161 0.7629951007541356
0.6070663987348202 0.7629951007541356
0.6111068027752242 0.7629951007541356
0.6151472068156283 0.7629951007541356
0.6191876108560324 0.7629951007541356
0.6232280148964363 0.7629951007541356
0.6272684189368404 0.7629951007541356
0.6313088229772444 0.7629951007541356
0.6353492270176484 0.7629951007541356
0.6393896310580525 0.7629951007541356
0.6434300350984565 0.7629951007541356
0.6515108431792647 0.7629951007541356
0.6555512472196687 0.7629951007541356
0.6595916512600727 0.7629951007541356
0.6636320553004768 0.7629951007541356
0.6676724593408807 0.7629951007541356
0.6717128633812848 0.7629951007541356
0.6757532674216888 0.7629951007541356
0.6797936714620929 0.7629951007541356
0.683834075502497 0.7629951007541356
0.687874479542901 0.7629951007541356
0.6919148835833051 0.7629951007541356
0.6959552876237091 0.7629951007541356
0.6999956916641131 0.7629951007541356
0.2999956916641131 0.7670355047945396
0.3040360957045172 0.7670355047945396
0.3080764997449212 0.7670355047945396
0.3121169037853252 0.7670355047945396
0.31615730782572926 0.7670355047945396
0.3201977118661333 0.7670355047945396
0.32423811590653734 0.7670355047945396
0.3282785199469414 0.7670355047945396
0.3323189239873454 0.7670355047945396
0.3363593280277495 0.7670355047945396
0.3403997320681535 0.7670355047945396
0.34444013610855756 0.7670355047945396
0.34848054014896157 0.7670355047945396
0.35252094418936564 0.7670355047945396
0.3565613482297697 0.7670355047945396
0.3606017522701737 0.7670355047945396
0.3646421563105777 0.7670355047945396
0.3686825603509818 0.7670355047945396
0.37272296439138586 0.7670355047945396
0.37676336843178987 0.7670355047945396
0.3808037724721939 0.7670355047945396
0.38484417651259795 0.7670355047945396
0.388884580553002 0.7670355047945396
0.392924984593406 0.7670355047945396
0.3969653886338101 0.7670355047945396
0.4010057926742141 0.7670355047945396
0.40504619671461817 0.7670355047945396
0.4090866007550222 0.7670355047945396
0.41312700479542624 0.7670355047945396
0.41716740883583026 0.7670355047945396
0.4212078128762343 0.7670355047945396
0.4252482169166384 0.7670355047945396
0.4292886209570424 0.7670355047945396
0.4333290249974464 0.7670355047945396
0.4373694290378505 0.7670355047945396
0.44140983307825454 0.7670355047945396
0.44545023711865855 0.7670355047945396
0.44949064115906257 0.7670355047945396
0.45353104519946663 0.7670355047945396
0.4575714492398707 0.7670355047945396
0.4616118532802747 0.7670355047945396
0.4656522573206788 0.7670355047945396
0.4696926613610828 0.7670355047945396
0.47373306540148685 0.7670355047945396
0.4777734694418909 0.7670355047945396
0.48181387348229493 0.7670355047945396
0.48585427752269894 0.7670355047945396
0.489894681563103 0.7670355047945396
0.4939350856035071 0.7670355047945396
0.4979754896439111 0.7670355047945396
0.5020158936843151 0.7670355047945396
0.5060562977247192 0.7670355047945396
0.5100967017651232 0.7670355047945396
0.5141371058055273 0.7670355047945396
0.5181775098459313 0.7670355047945396
0.5222179138863353 0.7670355047945396
0.5262583179267394 0.7670355047945396
0.5302987219671434 0.7670355047945396
0.5343391260075474 0.7670355047945396
0.5383795300479515 0.7670355047945396
0.5424199340883555 0.7670355047945396
0.5464603381287596 0.7670355047945396
0.5505007421691637 0.7670355047945396
0.5545411462095676 0.7670355047945396
0.5585815502499717 0.7670355047945396
0.5626219542903758 0.7670355047945396
0.5666623583307797 0.7670355047945396
0.5707027623711838 0.7670355047945396
0.5747431664115878 0.7670355047945396
0.5787835704519919 0.7670355047945396
0.582823974492396 0.7670355047945396
0.5868643785328 0.7670355047945396
0.590904782573204 0.7670355047945396
0.5949451866136081 0.7670355047945396
0.598985590654012 0.7670355047945396
0.6030259946944161 0.7670355047945396
0.6070663987348202 0.7670355047945396
0.6111068027752242 0.7670355047945396
0.6151472068156283 0.7670355047945396
0.6191876108560324 0.7670355047945396
0.6232280148964363 0.7670355047945396
0.6272684189368404 0.7670355047945396
0.6313088229772444 0.7670355047945396
0.6353492270176484 0.7670355047945396
0.6393896310580525 0.7670355047945396
0.6474704391388606 0.7670355047945396
0.6515108431792647 0.7670355047945396
0.6555512472196687 0.7670355047945396
0.6595916512600727 0.7670355047945396
0.6636320553004768 0.7670355047945396
0.6676724593408807 0.7670355047945396
0.6717128633812848 0.7670355047945396
0.6757532674216888 0.7670355047945396
0.6797936714620929 0.7670355047945396
0.683834075502497 0.7670355047945396
0.687874479542901 0.7670355047945396
0.6919148835833051 0.7670355047945396
0.6959552876237091 0.7670355047945396
0.6999956916641131 0.7670355047945396
0.2999956916641131 0.7710759088349436
0.3040360957045172 0.7710759088349436
0.3080764997449212 0.7710759088349436
0.3121169037853252 0.7710759088349436
0.31615730782572926 0.7710759088349436
0.3201977118661333 0.7710759088349436
0.32423811590653734 0.7710759088349436
0.3282785199469414 0.7710759088349436
0.3323189239873454 0.7710759088349436
0.3363593280277495 0.7710759088349436
0.3403997320681535 0.7710759088349436
0.34444013610855756 0.7710759088349436
0.34848054014896157 0.7710759088349436
0.35252094418936564 0.7710759088349436
0.3565613482297697 0.7710759088349436
0.3606017522701737 0.7710759088349436
0.3646421563105777 0.7710759088349436
0.3686825603509818 0.7710759088349436
0.37272296439138586 0.7710759088349436
0.37676336843178987 0.7710759088349436
0.3808037724721939 0.7710759088349436
0.38484417651259795 0.7710759088349436
0.388884580553002 0.7710759088349436
0.392924984593406 0.7710759088349436
0.3969653886338101 0.7710759088349436
0.4010057926742141 0.7710759088349436
0.40504619671461817 0.7710759088349436
0.4090866007550222 0.7710759088349436
0.41312700479542624 0.7710759088349436
0.41716740883583026 0.7710759088349436
0.4212078128762343 0.7710759088349436
0.4252482169166384 0.7710759088349436
0.4292886209570424 0.7710759088349436
0.4333290249974464 0.7710759088349436
0.4373694290378505 0.7710759088349436
0.44140983307825454 0.7710759088349436
0.44545023711865855 0.7710759088349436
0.44949064115906257 0.7710759088349436
0.45353104519946663 0.7710759088349436
0.4575714492398707 0.7710759088349436
0.4616118532802747 0.7710759088349436
0.4656522573206788 0.7710759088349436
0.4696926613610828 0.7710759088349436
0.47373306540148685 0.7710759088349436
0.4777734694418909 0.7710759088349436
0.48181387348229493 0.7710759088349436
0.48585427752269894 0.7710759088349436
0.489894681563103 0.7710759088349436
0.4939350856035071 0.7710759088349436
0.4979754896439111 0.7710759088349436
0.5020158936843151 0.7710759088349436
0.5060562977247192 0.7710759088349436
0.5100967017651232 0.7710759088349436
0.5141371058055273 0.7710759088349436
0.5181775098459313 0.7710759088349436
0.5222179138863353 0.7710759088349436
0.5262583179267394 0.7710759088349436
0.5302987219671434 0.7710759088349436
0.5343391260075474 0.7710759088349436
0.5383795300479515 0.7710759088349436
0.5424199340883555 0.7710759088349436
0.5464603381287596 0.7710759088349436
0.5505007421691637 0.7710759088349436
0.5545411462095676 0.7710759088349436
0.5585815502499717 0.7710759088349436
0.5626219542903758 0.7710759088349436
0.5666623583307797 0.7710759088349436
0.5707027623711838 0.7710759088349436
0.5747431664115878 0.7710759088349436
0.5787835704519919 0.7710759088349436
0.582823974492396 0.7710759088349436
0.5868643785328 0.7710759088349436
0.590904782573204 0.7710759088349436
0.5949451866136081 0.7710759088349436
0.598985590654012 0.7710759088349436
0.6030259946944161 0.7710759088349436
0.6070663987348202 0.7710759088349436
0.6111068027752242 0.7710759088349436
0.6151472068156283 0.7710759088349436
0.6191876108560324 0.7710759088349436
0.6232280148964363 0.7710759088349436
0.6272684189368404 0.7710759088349436
0.6313088229772444 0.7710759088349436
0.6393896310580525 0.7710759088349436
0.6474704391388606 0.7710759088349436
0.6515108431792647 0.7710759088349436
0.6555512472196687 0.7710759088349436
0.6595916512600727 0.7710759088349436
0.6636320553004768 0.7710759088349436
0.6676724593408807 0.7710759088349436
0.6717128633812848 0.7710759088349436
0.6757532674216888 0.7710759088349436
0.6797936714620929 0.7710759088349436
0.683834075502497 0.7710759088349436
0.687874479542901 0.7710759088349436
0.6919148835833051 0.7710759088349436
0.6959552876237091 0.7710759088349436
0.6999956916641131 0.7710759088349436
0.2999956916641131 0.7751163128753477
0.3040360957045172 0.7751163128753477
0.3080764997449212 0.7751163128753477
0.3121169037853252 0.7751163128753477
0.31615730782572926 0.7751163128753477
0.3201977118661333 0.7751163128753477
0.32423811590653734 0.7751163128753477
0.3282785199469414 0.7751163128753477
0.3323189239873454 0.7751163128753477
0.3363593280277495 0.7751163128753477
0.3403997320681535 0.7751163128753477
0.34444013610855756 0.7751163128753477
0.34848054014896157 0.7751163128753477
0.35252094418936564 0.7751163128753477
0.3565613482297697 0.7751163128753477
0.3606017522701737 0.7751163128753477
0.3646421563105777 0.7751163128753477
0.3686825603509818 0.7751163128753477
0.37272296439138586 0.7751163128753477
0.37676336843178987 0.7751163128753477
0.3808037724721939 0.7751163128753477
0.38484417651259795 0.7751163128753477
0.388884580553002 0.7751163128753477
0.392924984593406 0.7751163128753477
0.3969653886338101 0.7751163128753477
0.4010057926742141 0.7751163128753477
0.40504619671461817 0.7751163128753477
0.4090866007550222 0.7751163128753477
0.41312700479542624 0.7751163128753477
0.41716740883583026 0.7751163128753477
0.4212078128762343 0.7751163128753477
0.4252482169166384 0.7751163128753477
0.4292886209570424 0.7751163128753477
0.4333290249974464 0.7751163128753477
0.4373694290378505 0.7751163128753477
0.44140983307825454 0.7751163128753477
0.44545023711865855 0.7751163128753477
0.44949064115906257 0.7751163128753477
0.45353104519946663 0.7751163128753477
0.4575714492398707 0.7751163128753477
0.4616118532802747 0.7751163128753477
0.4656522573206788 0.7751163128753477
0.4696926613610828 0.7751163128753477
0.47373306540148685 0.7751163128753477
0.4777734694418909 0.7751163128753477
0.48181387348229493 0.7751163128753477
0.48585427752269894 0.7751163128753477
0.489894681563103 0.7751163128753477
0.4939350856035071 0.7751163128753477
0.4979754896439111 0.7751163128753477
0.5020158936843151 0.7751163128753477
0.5060562977247192 0.7751163128753477
0.5100967017651232 0.7751163128753477
0.5141371058055273 0.7751163128753477
0.5181775098459313 0.7751163128753477
0.5222179138863353 0.7751163128753477
0.5262583179267394 0.7751163128753477
0.5302987219671434 0.7751163128753477
0.5343391260075474 0.7751163128753477
0.5383795300479515 0.7751163128753477
0.5424199340883555 0.7751163128753477
0.5464603381287596 0.7751163128753477
0.5505007421691637 0.7751163128753477
0.5545411462095676 0.7751163128753477
0.5585815502499717 0.7751163128753477
0.5626219542903758 0.7751163128753477
0.5666623583307797 0.7751163128753477
0.5707027623711838 0.7751163128753477
0.5747431664115878 0.7751163128753477
0.5787835704519919 0.7751163128753477
0.582823974492396 0.7751163128753477
0.5868643785328 0.7751163128753477
0.590904782573204 0.7751163128753477
0.5949451866136081 0.7751163128753477
0.598985590654012 0.7751163128753477
0.6030259946944161 0.7751163128753477
0.6070663987348202 0.7751163128753477
0.6111068027752242 0.7751163128753477
0.6151472068156283 0.7751163128753477
0.6191876108560324 0.7751163128753477
0.6232280148964363 0.7751163128753477
0.6272684189368404 0.7751163128753477
0.6353492270176484 0.7751163128753477
0.6434300350984565 0.7751163128753477
0.6474704391388606 0.7751163128753477
0.6515108431792647 0.7751163128753477
0.6555512472196687 0.7751163128753477
0.6595916512600727 0.7751163128753477
0.6636320553004768 0.7751163128753477
0.6676724593408807 0.7751163128753477
0.6717128633812848 0.7751163128753477
0.6757532674216888 0.7751163128753477
0.6797936714620929 0.7751163128753477
0.683834075502497 0.7751163128753477
0.687874479542901 0.7751163128753477
0.6919148835833051 0.7751163128753477
0.6959552876237091 0.7751163128753477
0.6999956916641131 0.7751163128753477
0.2999956916641131 0.7791567169157517
0.3040360957045172 0.7791567169157517
0.3080764997449212 0.7791567169157517
0.3121169037853252 0.7791567169157517
0.31615730782572926 0.7791567169157517
0.3201977118661333 0.7791567169157517
0.32423811590653734 0.7791567169157517
0.3282785199469414 0.7791567169157517
0.3323189239873454 0.7791567169157517
0.3363593280277495 0.7791567169157517
0.3403997320681535 0.7791567169157517
0.34444013610855756 0.7791567169157517
0.34848054014896157 0.7791567169157517
0.35252094418936564 0.7791567169157517
0.3565613482297697 0.7791567169157517
0.3606017522701737 0.7791567169157517
0.3646421563105777 0.7791567169157517
0.3686825603509818 0.7791567169157517
0.37272296439138586 0.7791567169157517
0.37676336843178987 0.7791567169157517
0.3808037724721939 0.7791567169157517
0.38484417651259795 0.7791567169157517
0.388884580553002 0.7791567169157517
0.392924984593406 0.7791567169157517
0.3969653886338101 0.7791567169157517
0.4010057926742141 0.7791567169157517
0.40504619671461817 0.7791567169157517
0.4090866007550222 0.7791567169157517
0.41312700479542624 0.7791567169157517
0.41716740883583026 0.7791567169157517
0.4212078128762343 0.7791567169157517
0.4252482169166384 0.7791567169157517
0.4292886209570424 0.7791567169157517
0.4333290249974464 0.7791567169157517
0.4373694290378505 0.7791567169157517
0.44140983307825454 0.7791567169157517
0.44545023711865855 0.7791567169157517
0.44949064115906257 0.7791567169157517
0.45353104519946663 0.7791567169157517
0.4575714492398707 0.7791567169157517
0.4616118532802747 0.7791567169157517
0.4656522573206788 0.7791567169157517
0.4696926613610828 0.7791567169157517
0.47373306540148685 0.7791567169157517
0.4777734694418909 0.7791567169157517
0.48181387348229493 0.7791567169157517
0.48585427752269894 0.7791567169157517
0.489894681563103 0.7791567169157517
0.4939350856035071 0.7791567169157517
0.4979754896439111 0.7791567169157517
0.5020158936843151 0.7791567169157517
0.5060562977247192 0.7791567169157517
0.5100967017651232 0.7791567169157517
0.5141371058055273 0.7791567169157517
0.5181775098459313 0.7791567169157517
0.5222179138863353 0.7791567169157517
0.5262583179267394 0.7791567169157517
0.5302987219671434 0.7791567169157517
0.5343391260075474 0.7791567169157517
0.5383795300479515 0.7791567169157517
0.5424199340883555 0.7791567169157517
0.5464603381287596 0.7791567169157517
0.5505007421691637 0.7791567169157517
0.5545411462095676 0.7791567169157517
0.5585815502499717 0.7791567169157517
0.5626219542903758 0.7791567169157517
0.5666623583307797 0.7791567169157517
0.5707027623711838 0.7791567169157517
0.5747431664115878 0.7791567169157517
0.5787835704519919 0.7791567169157517
0.582823974492396 0.7791567169157517
0.5868643785328 0.7791567169157517
0.590904782573204 0.7791567169157517
0.5949451866136081 0.7791567169157517
0.598985590654012 0.7791567169157517
0.6030259946944161 0.7791567169157517
0.6070663987348202 0.7791567169157517
0.6111068027752242 0.7791567169157517
0.6151472068156283 0.7791567169157517
0.6191876108560324 0.7791567169157517
0.6232280148964363 0.7791567169157517
0.6313088229772444 0.7791567169157517
0.6353492270176484 0.7791567169157517
0.6393896310580525 0.7791567169157517
0.6434300350984565 0.7791567169157517
0.6474704391388606 0.7791567169157517
0.6515108431792647 0.7791567169157517
0.6555512472196687 0.7791567169157517
0.6595916512600727 0.7791567169157517
0.6636320553004768 0.7791567169157517
0.6676724593408807 0.7791567169157517
0.6717128633812848 0.7791567169157517
0.6757532674216888 0.7791567169157517
0.6797936714620929 0.7791567169157517
0.683834075502497 0.7791567169157517
0.687874479542901 0.7791567169157517
0.6919148835833051 0.7791567169157517
0.6959552876237091 0.7791567169157517
0.6999956916641131 0.7791567169157517
0.2999956916641131 0.7831971209561558
0.3040360957045172 0.7831971209561558
0.3080764997449212 0.7831971209561558
0.3121169037853252 0.7831971209561558
0.31615730782572926 0.7831971209561558
0.3201977118661333 0.7831971209561558
0.32423811590653734 0.7831971209561558
0.3282785199469414 0.7831971209561558
0.3323189239873454 0.7831971209561558
0.3363593280277495 0.7831971209561558
0.3403997320681535 0.7831971209561558
0.34444013610855756 0.7831971209561558
0.34848054014896157 0.7831971209561558
0.35252094418936564 0.7831971209561558
0.3565613482297697 0.7831971209561558
0.3606017522701737 0.7831971209561558
0.3646421563105777 0.7831971209561558
0.3686825603509818 0.7831971209561558
0.37272296439138586 0.7831971209561558
0.37676336843178987 0.7831971209561558
0.3808037724721939 0.7831971209561558
0.38484417651259795 0.7831971209561558
0.388884580553002 0.7831971209561558
0.392924984593406 0.7831971209561558
0.3969653886338101 0.7831971209561558
0.4010057926742141 0.7831971209561558
0.40504619671461817 0.7831971209561558
0.4090866007550222 0.7831971209561558
0.41312700479542624 0.7831971209561558
0.41716740883583026 0.7831971209561558
0.4212078128762343 0.7831971209561558
0.4252482169166384 0.7831971209561558
0.4292886209570424 0.7831971209561558
0.4333290249974464 0.7831971209561558
0.4373694290378505 0.7831971209561558
0.44140983307825454 0.7831971209561558
0.44545023711865855 0.7831971209561558
0.44949064115906257 0.7831971209561558
0.45353104519946663 0.7831971209561558
0.4575714492398707 0.7831971209561558
0.4616118532802747 0.7831971209561558
0.4656522573206788 0.7831971209561558
0.4696926613610828 0.7831971209561558
0.47373306540148685 0.7831971209561558
0.4777734694418909 0.7831971209561558
0.48181387348229493 0.7831971209561558
0.48585427752269894 0.7831971209561558
0.489894681563103 0.7831971209561558
0.4939350856035071 0.7831971209561558
0.4979754896439111 0.7831971209561558
0.5020158936843151 0.7831971209561558
0.5060562977247192 0.7831971209561558
0.5100967017651232 0.7831971209561558
0.5141371058055273 0.7831971209561558
0.5181775098459313 0.7831971209561558
0.5222179138863353 0.7831971209561558
0.5262583179267394 0.7831971209561558
0.5302987219671434 0.7831971209561558
0.5343391260075474 0.7831971209561558
0.5383795300479515 0.7831971209561558
0.5424199340883555 0.7831971209561558
0.5464603381287596 0.7831971209561558
0.5505007421691637 0.7831971209561558
0.5545411462095676 0.7831971209561558
0.5585815502499717 0.7831971209561558
0.5626219542903758 0.7831971209561558
0.5666623583307797 0.7831971209561558
0.5707027623711838 0.7831971209561558
0.5747431664115878 0.7831971209561558
0.5787835704519919 0.7831971209561558
0.582823974492396 0.7831971209561558
0.5868643785328 0.7831971209561558
0.590904782573204 0.7831971209561558
0.5949451866136081 0.7831971209561558
0.598985590654012 0.7831971209561558
0.6030259946944161 0.7831971209561558
0.6070663987348202 0.7831971209561558
0.6111068027752242 0.7831971209561558
0.6151472068156283 0.7831971209561558
0.6191876108560324 0.7831971209561558
0.6272684189368404 0.7831971209561558
0.6313088229772444 0.7831971209561558
0.6353492270176484 0.7831971209561558
0.6393896310580525 0.7831971209561558
0.6434300350984565 0.7831971209561558
0.6474704391388606 0.7831971209561558
0.6515108431792647 0.7831971209561558
0.6555512472196687 0.7831971209561558
0.6595916512600727 0.7831971209561558
0.6636320553004768 0.7831971209561558
0.6676724593408807 0.7831971209561558
0.6717128633812848 0.7831971209561558
0.6757532674216888 0.7831971209561558
0.6797936714620929 0.7831971209561558
0.683834075502497 0.7831971209561558
0.687874479542901 0.7831971209561558
0.6919148835833051 0.7831971209561558
0.6959552876237091 0.7831971209561558
0.6999956916641131 0.7831971209561558
0.2999956916641131 0.7872375249965597
0.3040360957045172 0.7872375249965597
0.3080764997449212 0.7872375249965597
0.3121169037853252 0.7872375249965597
0.31615730782572926 0.7872375249965597
0.3201977118661333 0.7872375249965597
0.32423811590653734 0.7872375249965597
0.3282785199469414 0.7872375249965597
0.3323189239873454 0.7872375249965597
0.3363593280277495 0.7872375249965597
0.3403997320681535 0.7872375249965597
0.34444013610855756 0.7872375249965597
0.34848054014896157 0.7872375249965597
0.35252094418936564 0.7872375249965597
0.3565613482297697 0.7872375249965597
0.3606017522701737 0.7872375249965597
0.3646421563105777 0.7872375249965597
0.3686825603509818 0.7872375249965597
0.37272296439138586 0.7872375249965597
0.37676336843178987 0.7872375249965597
0.3808037724721939 0.7872375249965597
0.38484417651259795 0.7872375249965597
0.388884580553002 0.7872375249965597
0.392924984593406 0.7872375249965597
0.3969653886338101 0.7872375249965597
0.4010057926742141 0.7872375249965597
0.40504619671461817 0.7872375249965597
0.4090866007550222 0.7872375249965597
0.41312700479542624 0.7872375249965597
0.41716740883583026 0.7872375249965597
0.4212078128762343 0.7872375249965597
0.4252482169166384 0.7872375249965597
0.4292886209570424 0.7872375249965597
0.4333290249974464 0.7872375249965597
0.4373694290378505 0.7872375249965597
0.44140983307825454 0.7872375249965597
0.44545023711865855 0.7872375249965597
0.44949064115906257 0.7872375249965597
0.45353104519946663 0.7872375249965597
0.4575714492398707 0.7872375249965597
0.4616118532802747 0.7872375249965597
0.4656522573206788 0.7872375249965597
0.4696926613610828 0.7872375249965597
0.47373306540148685 0.7872375249965597
0.4777734694418909 0.7872375249965597
0.48181387348229493 0.7872375249965597
0.48585427752269894 0.7872375249965597
0.489894681563103 0.7872375249965597
0.4939350856035071 0.7872375249965597
0.4979754896439111 0.7872375249965597
0.5020158936843151 0.7872375249965597
0.5060562977247192 0.7872375249965597
0.5100967017651232 0.7872375249965597
0.5141371058055273 0.7872375249965597
0.5181775098459313 0.7872375249965597
0.5222179138863353 0.7872375249965597
0.5262583179267394 0.7872375249965597
0.5302987219671434 0.7872375249965597
0.5343391260075474 0.7872375249965597
0.5383795300479515 0.7872375249965597
0.5424199340883555 0.7872375249965597
0.5464603381287596 0.7872375249965597
0.5505007421691637 0.7872375249965597
0.5545411462095676 0.7872375249965597
0.5585815502499717 0.7872375249965597
0.5626219542903758 0.7872375249965597
0.5666623583307797 0.7872375249965597
0.5707027623711838 0.7872375249965597
0.5747431664115878 0.7872375249965597
0.5787835704519919 0.7872375249965597
0.582823974492396 0.7872375249965597
0.5868643785328 0.7872375249965597
0.590904782573204 0.7872375249965597
0.5949451866136081 0.7872375249965597
0.598985590654012 0.7872375249965597
0.6030259946944161 0.7872375249965597
0.6070663987348202 0.7872375249965597
0.6111068027752242 0.7872375249965597
0.6191876108560324 0.7872375249965597
0.6232280148964363 0.7872375249965597
0.6272684189368404 0.7872375249965597
0.6313088229772444 0.7872375249965597
0.6353492270176484 0.7872375249965597
0.6393896310580525 0.7872375249965597
0.6434300350984565 0.7872375249965597
0.6474704391388606 0.7872375249965597
0.6515108431792647 0.7872375249965597
0.6555512472196687 0.7872375249965597
0.6595916512600727 0.7872375249965597
0.6636320553004768 0.7872375249965597
0.6676724593408807 0.7872375249965597
0.6717128633812848 0.7872375249965597
0.6757532674216888 0.7872375249965597
0.6797936714620929 0.7872375249965597
0.683834075502497 0.7872375249965597
0.687874479542901 0.7872375249965597
0.6919148835833051 0.7872375249965597
0.6959552876237091 0.7872375249965597
0.6999956916641131 0.7872375249965597
0.2999956916641131 0.7912779290369638
0.3040360957045172 0.7912779290369638
0.3080764997449212 0.7912779290369638
0.3121169037853252 0.7912779290369638
0.31615730782572926 0.7912779290369638
0.3201977118661333 0.7912779290369638
0.32423811590653734 0.7912779290369638
0.3282785199469414 0.7912779290369638
0.3323189239873454 0.7912779290369638
0.3363593280277495 0.7912779290369638
0.3403997320681535 0.7912779290369638
0.34444013610855756 0.7912779290369638
0.34848054014896157 0.7912779290369638
0.35252094418936564 0.7912779290369638
0.3565613482297697 0.7912779290369638
0.3606017522701737 0.7912779290369638
0.3646421563105777 0.7912779290369638
0.3686825603509818 0.7912779290369638
0.37272296439138586 0.7912779290369638
0.37676336843178987 0.7912779290369638
0.3808037724721939 0.7912779290369638
0.38484417651259795 0.7912779290369638
0.388884580553002 0.7912779290369638
0.392924984593406 0.7912779290369638
0.3969653886338101 0.7912779290369638
0.4010057926742141 0.7912779290369638
0.40504619671461817 0.7912779290369638
0.4090866007550222 0.7912779290369638
0.41312700479542624 0.7912779290369638
0.41716740883583026 0.7912779290369638
0.4212078128762343 0.7912779290369638
0.4252482169166384 0.7912779290369638
0.4292886209570424 0.7912779290369638
0.4333290249974464 0.7912779290369638
0.4373694290378505 0.7912779290369638
0.44140983307825454 0.7912779290369638
0.44545023711865855 0.7912779290369638
0.44949064115906257 0.7912779290369638
0.45353104519946663 0.7912779290369638
0.4575714492398707 0.7912779290369638
0.4616118532802747 0.7912779290369638
0.4656522573206788 0.7912779290369638
0.4696926613610828 0.7912779290369638
0.47373306540148685 0.7912779290369638
0.4777734694418909 0.7912779290369638
0.48181387348229493 0.7912779290369638
0.48585427752269894 0.7912779290369638
0.489894681563103 0.7912779290369638
0.4939350856035071 0.7912779290369638
0.4979754896439111 0.7912779290369638
0.5020158936843151 0.7912779290369638
0.5060562977247192 0.7912779290369638
0.5100967017651232 0.7912779290369638
0.5141371058055273 0.7912779290369638
0.5181775098459313 0.7912779290369638
0.5222179138863353 0.7912779290369638
0.5262583179267394 0.7912779290369638
0.5302987219671434 0.7912779290369638
0.5343391260075474 0.7912779290369638
0.5383795300479515 0.7912779290369638
0.5424199340883555 0.7912779290369638
0.5464603381287596 0.7912779290369638
0.5505007421691637 0.7912779290369638
0.5545411462095676 0.7912779290369638
0.5585815502499717 0.7912779290369638
0.5626219542903758 0.7912779290369638
0.5666623583307797 0.7912779290369638
0.5707027623711838 0.7912779290369638
0.5747431664115878 0.7912779290369638
0.5787835704519919 0.7912779290369638
0.582823974492396 0.7912779290369638
0.5868643785328 0.7912779290369638
0.590904782573204 0.7912779290369638
0.5949451866136081 0.7912779290369638
0.598985590654012 0.7912779290369638
0.6030259946944161 0.7912779290369638
0.6070663987348202 0.7912779290369638
0.6151472068156283 0.7912779290369638
0.6191876108560324 0.7912779290369638
0.6232280148964363 0.7912779290369638
0.6272684189368404 0.7912779290369638
0.6313088229772444 0.7912779290369638
0.6353492270176484 0.7912779290369638
0.6393896310580525 0.7912779290369638
0.6434300350984565 0.7912779290369638
0.6474704391388606 0.7912779290369638
0.6515108431792647 0.7912779290369638
0.6555512472196687 0.7912779290369638
0.6595916512600727 0.7912779290369638
0.6636320553004768 0.7912779290369638
0.6676724593408807 0.7912779290369638
0.6717128633812848 0.7912779290369638
0.6757532674216888 0.7912779290369638
0.6797936714620929 0.7912779290369638
0.683834075502497 0.7912779290369638
0.687874479542901 0.7912779290369638
0.6919148835833051 0.7912779290369638
0.6959552876237091 0.7912779290369638
0.6999956916641131 0.7912779290369638
0.2999956916641131 0.7953183330773679
0.3040360957045172 0.7953183330773679
0.3080764997449212 0.7953183330773679
0.3121169037853252 0.7953183330773679
0.31615730782572926 0.7953183330773679
0.3201977118661333 0.7953183330773679
0.32423811590653734 0.7953183330773679
0.3282785199469414 0.7953183330773679
0.3323189239873454 0.7953183330773679
0.3363593280277495 0.7953183330773679
0.3403997320681535 0.7953183330773679
0.34444013610855756 0.7953183330773679
0.34848054014896157 0.7953183330773679
0.35252094418936564 0.7953183330773679
0.3565613482297697 0.7953183330773679
0.3606017522701737 0.7953183330773679
0.3646421563105777 0.7953183330773679
0.3686825603509818 0.7953183330773679
0.37272296439138586 0.7953183330773679
0.37676336843178987 0.7953183330773679
0.3808037724721939 0.7953183330773679
0.38484417651259795 0.7953183330773679
0.388884580553002 0.7953183330773679
0.392924984593406 0.7953183330773679
0.3969653886338101 0.7953183330773679
0.4010057926742141 0.7953183330773679
0.40504619671461817 0.7953183330773679
0.4090866007550222 0.7953183330773679
0.41312700479542624 0.7953183330773679
0.41716740883583026 0.7953183330773679
0.4212078128762343 0.7953183330773679
0.4252482169166384 0.7953183330773679
0.4292886209570424 0.7953183330773679
0.4333290249974464 0.7953183330773679
0.4373694290378505 0.7953183330773679
0.44140983307825454 0.7953183330773679
0.44545023711865855 0.7953183330773679
0.44949064115906257 0.7953183330773679
0.45353104519946663 0.7953183330773679
0.4575714492398707 0.7953183330773679
0.4616118532802747 0.7953183330773679
0.4656522573206788 0.7953183330773679
0.4696926613610828 0.7953183330773679
0.47373306540148685 0.7953183330773679
0.4777734694418909 0.7953183330773679
0.48181387348229493 0.7953183330773679
0.48585427752269894 0.7953183330773679
0.489894681563103 0.7953183330773679
0.4939350856035071 0.7953183330773679
0.4979754896439111 0.7953183330773679
0.5020158936843151 0.7953183330773679
0.5060562977247192 0.7953183330773679
0.5100967017651232 0.7953183330773679
0.5141371058055273 0.7953183330773679
0.5181775098459313 0.7953183330773679
0.5222179138863353 0.7953183330773679
0.5262583179267394 0.7953183330773679
0.5302987219671434 0.7953183330773679
0.5343391260075474 0.7953183330773679
0.5383795300479515 0.7953183330773679
0.5424199340883555 0.7953183330773679
0.5464603381287596 0.7953183330773679
0.5505007421691637 0.7953183330773679
0.5545411462095676 0.7953183330773679
0.5585815502499717 0.7953183330773679
0.5626219542903758 0.7953183330773679
0.5666623583307797 0.7953183330773679
0.5707027623711838 0.7953183330773679
0.5747431664115878 0.7953183330773679
0.5787835704519919 0.7953183330773679
0.582823974492396 0.7953183330773679
0.5868643785328 0.7953183330773679
0.590904782573204 0.7953183330773679
0.5949451866136081 0.7953183330773679
0.598985590654012 0.7953183330773679
0.6030259946944161 0.7953183330773679
0.6111068027752242 0.7953183330773679
0.6151472068156283 0.7953183330773679
0.6191876108560324 0.7953183330773679
0.6232280148964363 0.7953183330773679
0.6272684189368404 0.7953183330773679
0.6313088229772444 0.7953183330773679
0.6353492270176484 0.7953183330773679
0.6393896310580525 0.7953183330773679
0.6434300350984565 0.7953183330773679
0.6474704391388606 0.7953183330773679
0.6515108431792647 0.7953183330773679
0.6555512472196687 0.7953183330773679
0.6595916512600727 0.7953183330773679
0.6636320553004768 0.7953183330773679
0.6676724593408807 0.7953183330773679
0.6717128633812848 0.7953183330773679
0.6757532674216888 0.7953183330773679
0.6797936714620929 0.7953183330773679
0.683834075502497 0.7953183330773679
0.687874479542901 0.7953183330773679
0.6919148835833051 0.7953183330773679
0.6959552876237091 0.7953183330773679
0.6999956916641131 0.7953183330773679
0.2999956916641131 0.799358737117772
0.3040360957045172 0.799358737117772
0.3080764997449212 0.799358737117772
0.3121169037853252 0.799358737117772
0.31615730782572926 0.799358737117772
0.3201977118661333 0.799358737117772
0.32423811590653734 0.799358737117772
0.3282785199469414 0.799358737117772
0.3323189239873454 0.799358737117772
0.3363593280277495 0.799358737117772
0.3403997320681535 0.799358737117772
0.34444013610855756 0.799358737117772
0.34848054014896157 0.799358737117772
0.35252094418936564 0.799358737117772
0.3565613482297697 0.799358737117772
0.3606017522701737 0.799358737117772
0.3646421563105777 0.799358737117772
0.3686825603509818 0.799358737117772
0.37272296439138586 0.799358737117772
0.37676336843178987 0.799358737117772
0.3808037724721939 0.799358737117772
0.38484417651259795 0.799358737117772
0.388884580553002 0.799358737117772
0.392924984593406 0.799358737117772
0.3969653886338101 0.799358737117772
0.4010057926742141 0.799358737117772
0.40504619671461817 0.799358737117772
0.4090866007550222 0.799358737117772
0.41312700479542624 0.799358737117772
0.41716740883583026 0.799358737117772
0.4212078128762343 0.799358737117772
0.4252482169166384 0.799358737117772
0.4292886209570424 0.799358737117772
0.4333290249974464 0.799358737117772
0.4373694290378505 0.799358737117772
0.44140983307825454 0.799358737117772
0.44545023711865855 0.799358737117772
0.44949064115906257 0.799358737117772
0.45353104519946663 0.799358737117772
0.4575714492398707 0.799358737117772
0.4616118532802747 0.799358737117772
0.4656522573206788 0.799358737117772
0.4696926613610828 0.799358737117772
0.47373306540148685 0.799358737117772
0.4777734694418909 0.799358737117772
0.48181387348229493 0.799358737117772
0.48585427752269894 0.799358737117772
0.489894681563103 0.799358737117772
0.4939350856035071 0.799358737117772
0.4979754896439111 0.799358737117772
0.5020158936843151 0.799358737117772
0.5060562977247192 0.799358737117772
0.5100967017651232 0.799358737117772
0.5141371058055273 0.799358737117772
0.5181775098459313 0.799358737117772
0.5222179138863353 0.799358737117772
0.5262583179267394 0.799358737117772
0.5302987219671434 0.799358737117772
0.5343391260075474 0.799358737117772
0.5383795300479515 0.799358737117772
0.5424199340883555 0.799358737117772
0.5464603381287596 0.799358737117772
0.5505007421691637 0.799358737117772
0.5545411462095676 0.799358737117772
0.5585815502499717 0.799358737117772
0.5626219542903758 0.799358737117772
0.5666623583307797 0.799358737117772
0.5707027623711838 0.799358737117772
0.5747431664115878 0.799358737117772
0.5787835704519919 0.799358737117772
0.582823974492396 0.799358737117772
0.5868643785328 0.799358737117772
0.590904782573204 0.799358737117772
0.5949451866136081 0.799358737117772
0.598985590654012 0.799358737117772
0.6070663987348202 0.799358737117772
0.6111068027752242 0.799358737117772
0.6151472068156283 0.799358737117772
0.6191876108560324 0.799358737117772
0.6232280148964363 0.799358737117772
0.6272684189368404 0.799358737117772
0.6313088229772444 0.799358737117772
0.6353492270176484 0.799358737117772
0.6393896310580525 0.799358737117772
0.6434300350984565 0.799358737117772
0.6474704391388606 0.799358737117772
0.6515108431792647 0.799358737117772
0.6555512472196687 0.799358737117772
0.6595916512600727 0.799358737117772
0.6636320553004768 0.799358737117772
0.6676724593408807 0.799358737117772
0.6717128633812848 0.799358737117772
0.6757532674216888 0.799358737117772
0.6797936714620929 0.799358737117772
0.683834075502497 0.799358737117772
0.687874479542901 0.799358737117772
0.6919148835833051 0.799358737117772
0.6959552876237091 0.799358737117772
0.6999956916641131 0.799358737117772
0.2999956916641131 0.803399141158176
0.3040360957045172 0.803399141158176
0.3080764997449212 0.803399141158176
0.3121169037853252 0.803399141158176
0.31615730782572926 0.803399141158176
0.3201977118661333 0.803399141158176
0.32423811590653734 0.803399141158176
0.3282785199469414 0.803399141158176
0.3323189239873454 0.803399141158176
0.3363593280277495 0.803399141158176
0.3403997320681535 0.803399141158176
0.34444013610855756 0.803399141158176
0.34848054014896157 0.803399141158176
0.35252094418936564 0.803399141158176
0.3565613482297697 0.803399141158176
0.3606017522701737 0.803399141158176
0.3646421563105777 0.803399141158176
0.3686825603509818 0.803399141158176
0.37272296439138586 0.803399141158176
0.37676336843178987 0.803399141158176
0.3808037724721939 0.803399141158176
0.38484417651259795 0.803399141158176
0.388884580553002 0.803399141158176
0.392924984593406 0.803399141158176
0.3969653886338101 0.803399141158176
0.4010057926742141 0.803399141158176
0.40504619671461817 0.803399141158176
0.4090866007550222 0.803399141158176
0.41312700479542624 0.803399141158176
0.41716740883583026 0.803399141158176
0.4212078128762343 0.803399141158176
0.4252482169166384 0.803399141158176
0.4292886209570424 0.803399141158176
0.4333290249974464 0.803399141158176
0.4373694290378505 0.803399141158176
0.44140983307825454 0.803399141158176
0.44545023711865855 0.803399141158176
0.44949064115906257 0.803399141158176
0.45353104519946663 0.803399141158176
0.4575714492398707 0.803399141158176
0.4616118532802747 0.803399141158176
0.4656522573206788 0.803399141158176
0.4696926613610828 0.803399141158176
0.47373306540148685 0.803399141158176
0.4777734694418909 0.803399141158176
0.48181387348229493 0.803399141158176
0.48585427752269894 0.803399141158176
0.489894681563103 0.803399141158176
0.4939350856035071 0.803399141158176
0.4979754896439111 0.803399141158176
0.5020158936843151 0.803399141158176
0.5060562977247192 0.803399141158176
0.5100967017651232 0.803399141158176
0.5141371058055273 0.803399141158176
0.5181775098459313 0.803399141158176
0.5222179138863353 0.803399141158176
0.5262583179267394 0.803399141158176
0.5302987219671434 0.803399141158176
0.5343391260075474 0.803399141158176
0.5383795300479515 0.803399141158176
0.5424199340883555 0.803399141158176
0.5464603381287596 0.803399141158176
0.5505007421691637 0.803399141158176
0.5545411462095676 0.803399141158176
0.5585815502499717 0.803399141158176
0.5626219542903758 0.803399141158176
0.5666623583307797 0.803399141158176
0.5707027623711838 0.803399141158176
0.5747431664115878 0.803399141158176
0.5787835704519919 0.803399141158176
0.582823974492396 0.803399141158176
0.5868643785328 0.803399141158176
0.590904782573204 0.803399141158176
0.598985590654012 0.803399141158176
0.6030259946944161 0.803399141158176
0.6070663987348202 0.803399141158176
0.6111068027752242 0.803399141158176
0.6151472068156283 0.803399141158176
0.6191876108560324 0.803399141158176
0.6232280148964363 0.803399141158176
0.6272684189368404 0.803399141158176
0.6313088229772444 0.803399141158176
0.6353492270176484 0.803399141158176
0.6393896310580525 0.803399141158176
0.6434300350984565 0.803399141158176
0.6474704391388606 0.803399141158176
0.6515108431792647 0.803399141158176
0.6555512472196687 0.803399141158176
0.6595916512600727 0.803399141158176
0.6636320553004768 0.803399141158176
0.6676724593408807 0.803399141158176
0.6717128633812848 0.803399141158176
0.6757532674216888 0.803399141158176
0.6797936714620929 0.803399141158176
0.683834075502497 0.803399141158176
0.687874479542901 0.803399141158176
0.6919148835833051 0.803399141158176
0.6959552876237091 0.803399141158176
0.6999956916641131 0.803399141158176
0.2999956916641131 0.80743954519858
0.3040360957045172 0.80743954519858
0.3080764997449212 0.80743954519858
0.3121169037853252 0.80743954519858
0.31615730782572926 0.80743954519858
0.3201977118661333 0.80743954519858
0.32423811590653734 0.80743954519858
0.3282785199469414 0.80743954519858
0.3323189239873454 0.80743954519858
0.3363593280277495 0.80743954519858
0.3403997320681535 0.80743954519858
0.34444013610855756 0.80743954519858
0.34848054014896157 0.80743954519858
0.35252094418936564 0.80743954519858
0.3565613482297697 0.80743954519858
0.3606017522701737 0.80743954519858
0.3646421563105777 0.80743954519858
0.3686825603509818 0.80743954519858
0.37272296439138586 0.80743954519858
0.37676336843178987 0.80743954519858
0.3808037724721939 0.80743954519858
0.38484417651259795 0.80743954519858
0.388884580553002 0.80743954519858
0.392924984593406 0.80743954519858
0.3969653886338101 0.80743954519858
0.4010057926742141 0.80743954519858
0.40504619671461817 0.80743954519858
0.4090866007550222 0.80743954519858
0.41312700479542624 0.80743954519858
0.41716740883583026 0.80743954519858
0.4212078128762343 0.80743954519858
0.4252482169166384 0.80743954519858
0.4292886209570424 0.80743954519858
0.4333290249974464 0.80743954519858
0.4373694290378505 0.80743954519858
0.44140983307825454 0.80743954519858
0.44545023711865855 0.80743954519858
0.44949064115906257 0.80743954519858
0.45353104519946663 0.80743954519858
0.4575714492398707 0.80743954519858
0.4616118532802747 0.80743954519858
0.4656522573206788 0.80743954519858
0.4696926613610828 0.80743954519858
0.47373306540148685 0.80743954519858
0.4777734694418909 0.80743954519858
0.48181387348229493 0.80743954519858
0.48585427752269894 0.80743954519858
0.489894681563103 0.80743954519858
0.4939350856035071 0.80743954519858
0.4979754896439111 0.80743954519858
0.5020158936843151 0.80743954519858
0.5060562977247192 0.80743954519858
0.5100967017651232 0.80743954519858
0.5141371058055273 0.80743954519858
0.5181775098459313 0.80743954519858
0.5222179138863353 0.80743954519858
0.5262583179267394 0.80743954519858
0.5302987219671434 0.80743954519858
0.5343391260075474 0.80743954519858
0.5383795300479515 0.80743954519858
0.5424199340883555 0.80743954519858
0.5464603381287596 0.80743954519858
0.5505007421691637 0.80743954519858
0.5545411462095676 0.80743954519858
0.5585815502499717 0.80743954519858
0.5626219542903758 0.80743954519858
0.5666623583307797 0.80743954519858
0.5707027623711838 0.80743954519858
0.5747431664115878 0.80743954519858
0.5787835704519919 0.80743954519858
0.582823974492396 0.80743954519858
0.5868643785328 0.80743954519858
0.5949451866136081 0.80743954519858
0.598985590654012 0.80743954519858
0.6070663987348202 0.80743954519858
0.6111068027752242 0.80743954519858
0.6151472068156283 0.80743954519858
0.6191876108560324 0.80743954519858
0.6232280148964363 0.80743954519858
0.6272684189368404 0.80743954519858
0.6313088229772444 0.80743954519858
0.6353492270176484 0.80743954519858
0.6393896310580525 0.80743954519858
0.6434300350984565 0.80743954519858
0.6474704391388606 0.80743954519858
0.6515108431792647 0.80743954519858
0.6555512472196687 0.80743954519858
0.6595916512600727 0.80743954519858
0.6636320553004768 0.80743954519858
0.6676724593408807 0.80743954519858
0.6717128633812848 0.80743954519858
0.6757532674216888 0.80743954519858
0.6797936714620929 0.80743954519858
0.683834075502497 0.80743954519858
0.687874479542901 0.80743954519858
0.6919148835833051 0.80743954519858
0.6959552876237091 0.80743954519858
0.6999956916641131 0.80743954519858
0.2999956916641131 0.811479949238984
0.3040360957045172 0.811479949238984
0.3080764997449212 0.811479949238984
0.3121169037853252 0.811479949238984
0.31615730782572926 0.811479949238984
0.3201977118661333 0.811479949238984
0.32423811590653734 0.811479949238984
0.3282785199469414 0.811479949238984
0.3323189239873454 0.811479949238984
0.3363593280277495 0.811479949238984
0.3403997320681535 0.811479949238984
0.34444013610855756 0.811479949238984
0.34848054014896157 0.811479949238984
0.35252094418936564 0.811479949238984
0.3565613482297697 0.811479949238984
0.3606017522701737 0.811479949238984
0.3646421563105777 0.811479949238984
0.3686825603509818 0.811479949238984
0.37272296439138586 0.811479949238984
0.37676336843178987 0.811479949238984
0.3808037724721939 0.811479949238984
0.38484417651259795 0.811479949238984
0.388884580553002 0.811479949238984
0.392924984593406 0.811479949238984
0.3969653886338101 0.811479949238984
0.4010057926742141 0.811479949238984
0.40504619671461817 0.811479949238984
0.4090866007550222 0.811479949238984
0.41312700479542624 0.811479949238984
0.41716740883583026 0.811479949238984
0.4212078128762343 0.811479949238984
0.4252482169166384 0.811479949238984
0.4292886209570424 0.811479949238984
0.4333290249974464 0.811479949238984
0.4373694290378505 0.811479949238984
0.44140983307825454 0.811479949238984
0.44545023711865855 0.811479949238984
0.44949064115906257 0.811479949238984
0.45353104519946663 0.811479949238984
0.4575714492398707 0.811479949238984
0.4616118532802747 0.811479949238984
0.4656522573206788 0.811479949238984
0.4696926613610828 0.811479949238984
0.47373306540148685 0.811479949238984
0.4777734694418909 0.811479949238984
0.48181387348229493 0.811479949238984
0.48585427752269894 0.811479949238984
0.489894681563103 0.811479949238984
0.4939350856035071 0.811479949238984
0.4979754896439111 0.811479949238984
0.5020158936843151 0.811479949238984
0.5060562977247192 0.811479949238984
0.5100967017651232 0.811479949238984
0.5141371058055273 0.811479949238984
0.5181775098459313 0.811479949238984
0.5222179138863353 0.811479949238984
0.5262583179267394 0.811479949238984
0.5302987219671434 0.811479949238984
0.5343391260075474 0.811479949238984
0.5383795300479515 0.811479949238984
0.5424199340883555 0.811479949238984
0.5464603381287596 0.811479949238984
0.5505007421691637 0.811479949238984
0.5545411462095676 0.811479949238984
0.5585815502499717 0.811479949238984
0.5626219542903758 0.811479949238984
0.5666623583307797 0.811479949238984
0.5707027623711838 0.811479949238984
0.5747431664115878 0.811479949238984
0.5787835704519919 0.811479949238984
0.5868643785328 0.811479949238984
0.5949451866136081 0.811479949238984
0.598985590654012 0.811479949238984
0.6030259946944161 0.811479949238984
0.6070663987348202 0.811479949238984
0.6111068027752242 0.811479949238984
0.6151472068156283 0.811479949238984
0.6191876108560324 0.811479949238984
0.6232280148964363 0.811479949238984
0.6272684189368404 0.811479949238984
0.6313088229772444 0.811479949238984
0.6353492270176484 0.811479949238984
0.6393896310580525 0.811479949238984
0.6434300350984565 0.811479949238984
0.6474704391388606 0.811479949238984
0.6515108431792647 0.811479949238984
0.6555512472196687 0.811479949238984
0.6595916512600727 0.811479949238984
0.6636320553004768 0.811479949238984
0.6676724593408807 0.811479949238984
0.6717128633812848 0.811479949238984
0.6757532674216888 0.811479949238984
0.6797936714620929 0.811479949238984
0.683834075502497 0.811479949238984
0.687874479542901 0.811479949238984
0.6919148835833051 0.811479949238984
0.6959552876237091 0.811479949238984
0.6999956916641131 0.811479949238984
0.2999956916641131 0.8155203532793881
0.3040360957045172 0.8155203532793881
0.3080764997449212 0.8155203532793881
0.3121169037853252 0.8155203532793881
0.31615730782572926 0.8155203532793881
0.3201977118661333 0.8155203532793881
0.32423811590653734 0.8155203532793881
0.3282785199469414 0.8155203532793881
0.3323189239873454 0.8155203532793881
0.3363593280277495 0.8155203532793881
0.3403997320681535 0.8155203532793881
0.34444013610855756 0.8155203532793881
0.34848054014896157 0.8155203532793881
0.35252094418936564 0.8155203532793881
0.3565613482297697 0.8155203532793881
0.3606017522701737 0.8155203532793881
0.3646421563105777 0.8155203532793881
0.3686825603509818 0.8155203532793881
0.37272296439138586 0.8155203532793881
0.37676336843178987 0.8155203532793881
0.3808037724721939 0.8155203532793881
0.38484417651259795 0.8155203532793881
0.388884580553002 0.8155203532793881
0.392924984593406 0.8155203532793881
0.3969653886338101 0.8155203532793881
0.4010057926742141 0.8155203532793881
0.40504619671461817 0.8155203532793881
0.4090866007550222 0.8155203532793881
0.41312700479542624 0.8155203532793881
0.41716740883583026 0.8155203532793881
0.4212078128762343 0.8155203532793881
0.4252482169166384 0.8155203532793881
0.4292886209570424 0.8155203532793881
0.4333290249974464 0.8155203532793881
0.4373694290378505 0.8155203532793881
0.44140983307825454 0.8155203532793881
0.44545023711865855 0.8155203532793881
0.44949064115906257 0.8155203532793881
0.45353104519946663 0.8155203532793881
0.4575714492398707 0.8155203532793881
0.4616118532802747 0.8155203532793881
0.4656522573206788 0.8155203532793881
0.4696926613610828 0.8155203532793881
0.47373306540148685 0.8155203532793881
0.4777734694418909 0.8155203532793881
0.48181387348229493 0.8155203532793881
0.48585427752269894 0.8155203532793881
0.489894681563103 0.8155203532793881
0.4939350856035071 0.8155203532793881
0.4979754896439111 0.8155203532793881
0.5020158936843151 0.8155203532793881
0.5060562977247192 0.8155203532793881
0.5100967017651232 0.8155203532793881
0.5141371058055273 0.8155203532793881
0.5181775098459313 0.8155203532793881
0.5222179138863353 0.8155203532793881
0.5262583179267394 0.8155203532793881
0.5302987219671434 0.8155203532793881
0.5343391260075474 0.8155203532793881
0.5383795300479515 0.8155203532793881
0.5424199340883555 0.8155203532793881
0.5464603381287596 0.8155203532793881
0.5505007421691637 0.8155203532793881
0.5545411462095676 0.8155203532793881
0.5585815502499717 0.8155203532793881
0.5626219542903758 0.8155203532793881
0.5666623583307797 0.8155203532793881
0.5707027623711838 0.8155203532793881
0.5747431664115878 0.8155203532793881
0.582823974492396 0.8155203532793881
0.590904782573204 0.8155203532793881
0.5949451866136081 0.8155203532793881
0.598985590654012 0.8155203532793881
0.6030259946944161 0.8155203532793881
0.6070663987348202 0.8155203532793881
0.6111068027752242 0.8155203532793881
0.6151472068156283 0.8155203532793881
0.6191876108560324 0.8155203532793881
0.6232280148964363 0.8155203532793881
0.6272684189368404 0.8155203532793881
0.6313088229772444 0.8155203532793881
0.6353492270176484 0.8155203532793881
0.6393896310580525 0.8155203532793881
0.6434300350984565 0.8155203532793881
0.6474704391388606 0.8155203532793881
0.6515108431792647 0.8155203532793881
0.6555512472196687 0.8155203532793881
0.6595916512600727 0.8155203532793881
0.6636320553004768 0.8155203532793881
0.6676724593408807 0.8155203532793881
0.6717128633812848 0.8155203532793881
0.6757532674216888 0.8155203532793881
0.6797936714620929 0.8155203532793881
0.683834075502497 0.8155203532793881
0.687874479542901 0.8155203532793881
0.6919148835833051 0.8155203532793881
0.6959552876237091 0.8155203532793881
0.6999956916641131 0.8155203532793881
0.2999956916641131 0.819560757319792
0.3040360957045172 0.819560757319792
0.3080764997449212 0.819560757319792
0.3121169037853252 0.819560757319792
0.31615730782572926 0.819560757319792
0.3201977118661333 0.819560757319792
0.32423811590653734 0.819560757319792
0.3282785199469414 0.819560757319792
0.3323189239873454 0.819560757319792
0.3363593280277495 0.819560757319792
0.3403997320681535 0.819560757319792
0.34444013610855756 0.819560757319792
0.34848054014896157 0.819560757319792
0.35252094418936564 0.819560757319792
0.3565613482297697 0.819560757319792
0.3606017522701737 0.819560757319792
0.3646421563105777 0.819560757319792
0.3686825603509818 0.819560757319792
0.37272296439138586 0.819560757319792
0.37676336843178987 0.819560757319792
0.3808037724721939 0.819560757319792
0.38484417651259795 0.819560757319792
0.388884580553002 0.819560757319792
0.392924984593406 0.819560757319792
0.3969653886338101 0.819560757319792
0.4010057926742141 0.819560757319792
0.40504619671461817 0.819560757319792
0.4090866007550222 0.819560757319792
0.41312700479542624 0.819560757319792
0.41716740883583026 0.819560757319792
0.4212078128762343 0.819560757319792
0.4252482169166384 0.819560757319792
0.4292886209570424 0.819560757319792
0.4333290249974464 0.819560757319792
0.4373694290378505 0.819560757319792
0.44140983307825454 0.819560757319792
0.44545023711865855 0.819560757319792
0.44949064115906257 0.819560757319792
0.45353104519946663 0.819560757319792
0.4575714492398707 0.819560757319792
0.4616118532802747 0.819560757319792
0.4656522573206788 0.819560757319792
0.4696926613610828 0.819560757319792
0.47373306540148685 0.819560757319792
0.4777734694418909 0.819560757319792
0.48181387348229493 0.819560757319792
0.48585427752269894 0.819560757319792
0.489894681563103 0.819560757319792
0.4939350856035071 0.819560757319792
0.4979754896439111 0.819560757319792
0.5020158936843151 0.819560757319792
0.5060562977247192 0.819560757319792
0.5100967017651232 0.819560757319792
0.5141371058055273 0.819560757319792
0.5181775098459313 0.819560757319792
0.5222179138863353 0.819560757319792
0.5262583179267394 0.819560757319792
0.5302987219671434 0.819560757319792
0.5343391260075474 0.819560757319792
0.5383795300479515 0.819560757319792
0.5424199340883555 0.819560757319792
0.5464603381287596 0.819560757319792
0.5505007421691637 0.819560757319792
0.5545411462095676 0.819560757319792
0.5585815502499717 0.819560757319792
0.5626219542903758 0.819560757319792
0.5666623583307797 0.819560757319792
0.5707027623711838 0.819560757319792
0.5787835704519919 0.819560757319792
0.582823974492396 0.819560757319792
0.5868643785328 0.819560757319792
0.590904782573204 0.819560757319792
0.5949451866136081 0.819560757319792
0.598985590654012 0.819560757319792
0.6030259946944161 0.819560757319792
0.6070663987348202 0.819560757319792
0.6111068027752242 0.819560757319792
0.6151472068156283 0.819560757319792
0.6191876108560324 0.819560757319792
0.6232280148964363 0.819560757319792
0.6272684189368404 0.819560757319792
0.6313088229772444 0.819560757319792
0.6353492270176484 0.819560757319792
0.6393896310580525 0.819560757319792
0.6434300350984565 0.819560757319792
0.6474704391388606 0.819560757319792
0.6515108431792647 0.819560757319792
0.6555512472196687 0.819560757319792
0.6595916512600727 0.819560757319792
0.6636320553004768 0.819560757319792
0.6676724593408807 0.819560757319792
0.6717128633812848 0.819560757319792
0.6757532674216888 0.819560757319792
0.6797936714620929 0.819560757319792
0.683834075502497 0.819560757319792
0.687874479542901 0.819560757319792
0.6919148835833051 0.819560757319792
0.6959552876237091 0.819560757319792
0.6999956916641131 0.819560757319792
0.2999956916641131 0.8236011613601961
0.3040360957045172 0.8236011613601961
0.3080764997449212 0.8236011613601961
0.3121169037853252 0.8236011613601961
0.31615730782572926 0.8236011613601961
0.3201977118661333 0.8236011613601961
0.32423811590653734 0.8236011613601961
0.3282785199469414 0.8236011613601961
0.3323189239873454 0.8236011613601961
0.3363593280277495 0.8236011613601961
0.3403997320681535 0.8236011613601961
0.34444013610855756 0.8236011613601961
0.34848054014896157 0.8236011613601961
0.35252094418936564 0.8236011613601961
0.3565613482297697 0.8236011613601961
0.3606017522701737 0.8236011613601961
0.3646421563105777 0.8236011613601961
0.3686825603509818 0.8236011613601961
0.37272296439138586 0.8236011613601961
0.37676336843178987 0.8236011613601961
0.3808037724721939 0.8236011613601961
0.38484417651259795 0.8236011613601961
0.388884580553002 0.8236011613601961
0.392924984593406 0.8236011613601961
0.3969653886338101 0.8236011613601961
0.4010057926742141 0.8236011613601961
0.40504619671461817 0.8236011613601961
0.4090866007550222 0.8236011613601961
0.41312700479542624 0.8236011613601961
0.41716740883583026 0.8236011613601961
0.4212078128762343 0.8236011613601961
0.4252482169166384 0.8236011613601961
0.4292886209570424 0.8236011613601961
0.4333290249974464 0.8236011613601961
0.4373694290378505 0.8236011613601961
0.44140983307825454 0.8236011613601961
0.44545023711865855 0.8236011613601961
0.44949064115906257 0.8236011613601961
0.45353104519946663 0.8236011613601961
0.4575714492398707 0.8236011613601961
0.4616118532802747 0.8236011613601961
0.4656522573206788 0.8236011613601961
0.4696926613610828 0.8236011613601961
0.47373306540148685 0.8236011613601961
0.4777734694418909 0.8236011613601961
0.48181387348229493 0.8236011613601961
0.48585427752269894 0.8236011613601961
0.489894681563103 0.8236011613601961
0.4939350856035071 0.8236011613601961
0.4979754896439111 0.8236011613601961
0.5020158936843151 0.8236011613601961
0.5060562977247192 0.8236011613601961
0.5100967017651232 0.8236011613601961
0.5141371058055273 0.8236011613601961
0.5181775098459313 0.8236011613601961
0.5222179138863353 0.8236011613601961
0.5262583179267394 0.8236011613601961
0.5302987219671434 0.8236011613601961
0.5343391260075474 0.8236011613601961
0.5383795300479515 0.8236011613601961
0.5424199340883555 0.8236011613601961
0.5464603381287596 0.8236011613601961
0.5505007421691637 0.8236011613601961
0.5545411462095676 0.8236011613601961
0.5585815502499717 0.8236011613601961
0.5626219542903758 0.8236011613601961
0.5707027623711838 0.8236011613601961
0.5747431664115878 0.8236011613601961
0.5787835704519919 0.8236011613601961
0.582823974492396 0.8236011613601961
0.5868643785328 0.8236011613601961
0.590904782573204 0.8236011613601961
0.5949451866136081 0.8236011613601961
0.598985590654012 0.8236011613601961
0.6030259946944161 0.8236011613601961
0.6070663987348202 0.8236011613601961
0.6111068027752242 0.8236011613601961
0.6151472068156283 0.8236011613601961
0.6191876108560324 0.8236011613601961
0.6232280148964363 0.8236011613601961
0.6272684189368404 0.8236011613601961
0.6313088229772444 0.8236011613601961
0.6353492270176484 0.8236011613601961
0.6393896310580525 0.8236011613601961
0.6434300350984565 0.8236011613601961
0.6474704391388606 0.8236011613601961
0.6515108431792647 0.8236011613601961
0.6555512472196687 0.8236011613601961
0.6595916512600727 0.8236011613601961
0.6636320553004768 0.8236011613601961
0.6676724593408807 0.8236011613601961
0.6717128633812848 0.8236011613601961
0.6757532674216888 0.8236011613601961
0.6797936714620929 0.8236011613601961
0.683834075502497 0.8236011613601961
0.687874479542901 0.8236011613601961
0.6919148835833051 0.8236011613601961
0.6959552876237091 0.8236011613601961
0.6999956916641131 0.8236011613601961
0.2999956916641131 0.8276415654006002
0.3040360957045172 0.8276415654006002
0.3080764997449212 0.8276415654006002
0.3121169037853252 0.8276415654006002
0.31615730782572926 0.8276415654006002
0.3201977118661333 0.8276415654006002
0.32423811590653734 0.8276415654006002
0.3282785199469414 0.8276415654006002
0.3323189239873454 0.8276415654006002
0.3363593280277495 0.8276415654006002
0.3403997320681535 0.8276415654006002
0.34444013610855756 0.8276415654006002
0.34848054014896157 0.8276415654006002
0.35252094418936564 0.8276415654006002
0.3565613482297697 0.8276415654006002
0.3606017522701737 0.8276415654006002
0.3646421563105777 0.8276415654006002
0.3686825603509818 0.8276415654006002
0.37272296439138586 0.8276415654006002
0.37676336843178987 0.8276415654006002
0.3808037724721939 0.8276415654006002
0.38484417651259795 0.8276415654006002
0.388884580553002 0.8276415654006002
0.392924984593406 0.8276415654006002
0.3969653886338101 0.8276415654006002
0.4010057926742141 0.8276415654006002
0.40504619671461817 0.8276415654006002
0.4090866007550222 0.8276415654006002
0.41312700479542624 0.8276415654006002
0.41716740883583026 0.8276415654006002
0.4212078128762343 0.8276415654006002
0.4252482169166384 0.8276415654006002
0.4292886209570424 0.8276415654006002
0.4333290249974464 0.8276415654006002
0.4373694290378505 0.8276415654006002
0.44140983307825454 0.8276415654006002
0.44545023711865855 0.8276415654006002
0.44949064115906257 0.8276415654006002
0.45353104519946663 0.8276415654006002
0.4575714492398707 0.8276415654006002
0.4616118532802747 0.8276415654006002
0.4656522573206788 0.8276415654006002
0.4696926613610828 0.8276415654006002
0.47373306540148685 0.8276415654006002
0.4777734694418909 0.8276415654006002
0.48181387348229493 0.8276415654006002
0.48585427752269894 0.8276415654006002
0.489894681563103 0.8276415654006002
0.4939350856035071 0.8276415654006002
0.4979754896439111 0.8276415654006002
0.5020158936843151 0.8276415654006002
0.5060562977247192 0.8276415654006002
0.5100967017651232 0.8276415654006002
0.5141371058055273 0.8276415654006002
0.5181775098459313 0.8276415654006002
0.5222179138863353 0.8276415654006002
0.5262583179267394 0.8276415654006002
0.5302987219671434 0.8276415654006002
0.5343391260075474 0.8276415654006002
0.5383795300479515 0.8276415654006002
0.5424199340883555 0.8276415654006002
0.5464603381287596 0.8276415654006002
0.5505007421691637 0.8276415654006002
0.5545411462095676 0.8276415654006002
0.5585815502499717 0.8276415654006002
0.5666623583307797 0.8276415654006002
0.5707027623711838 0.8276415654006002
0.5747431664115878 0.8276415654006002
0.5787835704519919 0.8276415654006002
0.582823974492396 0.8276415654006002
0.5868643785328 0.8276415654006002
0.590904782573204 0.8276415654006002
0.5949451866136081 0.8276415654006002
0.598985590654012 0.8276415654006002
0.6030259946944161 0.8276415654006002
0.6070663987348202 0.8276415654006002
0.6111068027752242 0.8276415654006002
0.6151472068156283 0.8276415654006002
0.6191876108560324 0.8276415654006002
0.6232280148964363 0.8276415654006002
0.6272684189368404 0.8276415654006002
0.6313088229772444 0.8276415654006002
0.6353492270176484 0.8276415654006002
0.6393896310580525 0.8276415654006002
0.6434300350984565 0.8276415654006002
0.6474704391388606 0.8276415654006002
0.6515108431792647 0.8276415654006002
0.6555512472196687 0.8276415654006002
0.6595916512600727 0.8276415654006002
0.6636320553004768 0.8276415654006002
0.6676724593408807 0.8276415654006002
0.6717128633812848 0.8276415654006002
0.6757532674216888 0.8276415654006002
0.6797936714620929 0.8276415654006002
0.683834075502497 0.8276415654006002
0.687874479542901 0.8276415654006002
0.6919148835833051 0.8276415654006002
0.6959552876237091 0.8276415654006002
0.6999956916641131 0.8276415654006002
0.2999956916641131 0.8316819694410043
0.3040360957045172 0.8316819694410043
0.3080764997449212 0.8316819694410043
0.3121169037853252 0.8316819694410043
0.31615730782572926 0.8316819694410043
0.3201977118661333 0.8316819694410043
0.32423811590653734 0.8316819694410043
0.3282785199469414 0.8316819694410043
0.3323189239873454 0.8316819694410043
0.3363593280277495 0.8316819694410043
0.3403997320681535 0.8316819694410043
0.34444013610855756 0.8316819694410043
0.34848054014896157 0.8316819694410043
0.35252094418936564 0.8316819694410043
0.3565613482297697 0.8316819694410043
0.3606017522701737 0.8316819694410043
0.3646421563105777 0.8316819694410043
0.3686825603509818 0.8316819694410043
0.37272296439138586 0.8316819694410043
0.37676336843178987 0.8316819694410043
0.3808037724721939 0.8316819694410043
0.38484417651259795 0.8316819694410043
0.388884580553002 0.8316819694410043
0.392924984593406 0.8316819694410043
0.3969653886338101 0.8316819694410043
0.4010057926742141 0.8316819694410043
0.40504619671461817 0.8316819694410043
0.4090866007550222 0.8316819694410043
0.41312700479542624 0.8316819694410043
0.41716740883583026 0.8316819694410043
0.4212078128762343 0.8316819694410043
0.4252482169166384 0.8316819694410043
0.4292886209570424 0.8316819694410043
0.4333290249974464 0.8316819694410043
0.4373694290378505 0.8316819694410043
0.44140983307825454 0.8316819694410043
0.44545023711865855 0.8316819694410043
0.44949064115906257 0.8316819694410043
0.45353104519946663 0.8316819694410043
0.4575714492398707 0.8316819694410043
0.4616118532802747 0.8316819694410043
0.4656522573206788 0.8316819694410043
0.4696926613610828 0.8316819694410043
0.47373306540148685 0.8316819694410043
0.4777734694418909 0.8316819694410043
0.48181387348229493 0.8316819694410043
0.48585427752269894 0.8316819694410043
0.489894681563103 0.8316819694410043
0.4939350856035071 0.8316819694410043
0.4979754896439111 0.8316819694410043
0.5020158936843151 0.8316819694410043
0.5060562977247192 0.8316819694410043
0.5100967017651232 0.8316819694410043
0.5141371058055273 0.8316819694410043
0.5181775098459313 0.8316819694410043
0.5222179138863353 0.8316819694410043
0.5262583179267394 0.8316819694410043
0.5302987219671434 0.8316819694410043
0.5343391260075474 0.8316819694410043
0.5383795300479515 0.8316819694410043
0.5424199340883555 0.8316819694410043
0.5464603381287596 0.8316819694410043
0.5505007421691637 0.8316819694410043
0.5585815502499717 0.8316819694410043
0.5626219542903758 0.8316819694410043
0.5666623583307797 0.8316819694410043
0.5707027623711838 0.8316819694410043
0.5747431664115878 0.8316819694410043
0.5787835704519919 0.8316819694410043
0.582823974492396 0.8316819694410043
0.5868643785328 0.8316819694410043
0.590904782573204 0.8316819694410043
0.5949451866136081 0.8316819694410043
0.598985590654012 0.8316819694410043
0.6030259946944161 0.8316819694410043
0.6070663987348202 0.8316819694410043
0.6111068027752242 0.8316819694410043
0.6151472068156283 0.8316819694410043
0.6191876108560324 0.8316819694410043
0.6232280148964363 0.8316819694410043
0.6272684189368404 0.8316819694410043
0.6313088229772444 0.8316819694410043
0.6353492270176484 0.8316819694410043
0.6393896310580525 0.8316819694410043
0.6434300350984565 0.8316819694410043
0.6474704391388606 0.8316819694410043
0.6515108431792647 0.8316819694410043
0.6555512472196687 0.8316819694410043
0.6595916512600727 0.8316819694410043
0.6636320553004768 0.8316819694410043
0.6676724593408807 0.8316819694410043
0.6717128633812848 0.8316819694410043
0.6757532674216888 0.8316819694410043
0.6797936714620929 0.8316819694410043
0.683834075502497 0.8316819694410043
0.687874479542901 0.8316819694410043
0.6919148835833051 0.8316819694410043
0.6959552876237091 0.8316819694410043
0.6999956916641131 0.8316819694410043
0.2999956916641131 0.8357223734814083
0.3040360957045172 0.8357223734814083
0.3080764997449212 0.8357223734814083
0.3121169037853252 0.8357223734814083
0.31615730782572926 0.8357223734814083
0.3201977118661333 0.8357223734814083
0.32423811590653734 0.8357223734814083
0.3282785199469414 0.8357223734814083
0.3323189239873454 0.8357223734814083
0.3363593280277495 0.8357223734814083
0.3403997320681535 0.8357223734814083
0.34444013610855756 0.8357223734814083
0.34848054014896157 0.8357223734814083
0.35252094418936564 0.8357223734814083
0.3565613482297697 0.8357223734814083
0.3606017522701737 0.8357223734814083
0.3646421563105777 0.8357223734814083
0.3686825603509818 0.8357223734814083
0.37272296439138586 0.8357223734814083
0.37676336843178987 0.8357223734814083
0.3808037724721939 0.8357223734814083
0.38484417651259795 0.8357223734814083
0.388884580553002 0.8357223734814083
0.392924984593406 0.8357223734814083
0.3969653886338101 0.8357223734814083
0.4010057926742141 0.8357223734814083
0.40504619671461817 0.8357223734814083
0.4090866007550222 0.8357223734814083
0.41312700479542624 0.8357223734814083
0.41716740883583026 0.8357223734814083
0.4212078128762343 0.8357223734814083
0.4252482169166384 0.8357223734814083
0.4292886209570424 0.8357223734814083
0.4333290249974464 0.8357223734814083
0.4373694290378505 0.8357223734814083
0.44140983307825454 0.8357223734814083
0.44545023711865855 0.8357223734814083
0.44949064115906257 0.8357223734814083
0.45353104519946663 0.8357223734814083
0.4575714492398707 0.8357223734814083
0.4616118532802747 0.8357223734814083
0.4656522573206788 0.8357223734814083
0.4696926613610828 0.8357223734814083
0.47373306540148685 0.8357223734814083
0.4777734694418909 0.8357223734814083
0.48181387348229493 0.8357223734814083
0.48585427752269894 0.8357223734814083
0.489894681563103 0.8357223734814083
0.4939350856035071 0.8357223734814083
0.4979754896439111 0.8357223734814083
0.5020158936843151 0.8357223734814083
0.5060562977247192 0.8357223734814083
0.5100967017651232 0.8357223734814083
0.5141371058055273 0.8357223734814083
0.5181775098459313 0.8357223734814083
0.5222179138863353 0.8357223734814083
0.5262583179267394 0.8357223734814083
0.5302987219671434 0.8357223734814083
0.5343391260075474 0.8357223734814083
0.5383795300479515 0.8357223734814083
0.5424199340883555 0.8357223734814083
0.5464603381287596 0.8357223734814083
0.5545411462095676 0.8357223734814083
0.5626219542903758 0.8357223734814083
0.5666623583307797 0.8357223734814083
0.5707027623711838 0.8357223734814083
0.5747431664115878 0.8357223734814083
0.5787835704519919 0.8357223734814083
0.582823974492396 0.8357223734814083
0.5868643785328 0.8357223734814083
0.590904782573204 0.8357223734814083
0.5949451866136081 0.8357223734814083
0.598985590654012 0.8357223734814083
0.6030259946944161 0.8357223734814083
0.6070663987348202 0.8357223734814083
0.6111068027752242 0.8357223734814083
0.6151472068156283 0.8357223734814083
0.6191876108560324 0.8357223734814083
0.6232280148964363 0.8357223734814083
0.6272684189368404 0.8357223734814083
0.6313088229772444 0.8357223734814083
0.6353492270176484 0.8357223734814083
0.6393896310580525 0.8357223734814083
0.6434300350984565 0.8357223734814083
0.6474704391388606 0.8357223734814083
0.6515108431792647 0.8357223734814083
0.6555512472196687 0.8357223734814083
0.6595916512600727 0.8357223734814083
0.6636320553004768 0.8357223734814083
0.6676724593408807 0.8357223734814083
0.6717128633812848 0.8357223734814083
0.6757532674216888 0.8357223734814083
0.6797936714620929 0.8357223734814083
0.683834075502497 0.8357223734814083
0.687874479542901 0.8357223734814083
0.6919148835833051 0.8357223734814083
0.6959552876237091 0.8357223734814083
0.6999956916641131 0.8357223734814083
0.2999956916641131 0.8397627775218124
0.3040360957045172 0.8397627775218124
0.3080764997449212 0.8397627775218124
0.3121169037853252 0.8397627775218124
0.31615730782572926 0.8397627775218124
0.3201977118661333 0.8397627775218124
0.32423811590653734 0.8397627775218124
0.3282785199469414 0.8397627775218124
0.3323189239873454 0.8397627775218124
0.3363593280277495 0.8397627775218124
0.3403997320681535 0.8397627775218124
0.34444013610855756 0.8397627775218124
0.34848054014896157 0.8397627775218124
0.35252094418936564 0.8397627775218124
0.3565613482297697 0.8397627775218124
0.3606017522701737 0.8397627775218124
0.3646421563105777 0.8397627775218124
0.3686825603509818 0.8397627775218124
0.37272296439138586 0.8397627775218124
0.37676336843178987 0.8397627775218124
0.3808037724721939 0.8397627775218124
0.38484417651259795 0.8397627775218124
0.388884580553002 0.8397627775218124
0.392924984593406 0.8397627775218124
0.3969653886338101 0.8397627775218124
0.4010057926742141 0.8397627775218124
0.40504619671461817 0.8397627775218124
0.4090866007550222 0.8397627775218124
0.41312700479542624 0.8397627775218124
0.41716740883583026 0.8397627775218124
0.4212078128762343 0.8397627775218124
0.4252482169166384 0.8397627775218124
0.4292886209570424 0.8397627775218124
0.4333290249974464 0.8397627775218124
0.4373694290378505 0.8397627775218124
0.44140983307825454 0.8397627775218124
0.44545023711865855 0.8397627775218124
0.44949064115906257 0.8397627775218124
0.45353104519946663 0.8397627775218124
0.4575714492398707 0.8397627775218124
0.4616118532802747 0.8397627775218124
0.4656522573206788 0.8397627775218124
0.4696926613610828 0.8397627775218124
0.47373306540148685 0.8397627775218124
0.4777734694418909 0.8397627775218124
0.48181387348229493 0.8397627775218124
0.48585427752269894 0.8397627775218124
0.489894681563103 0.8397627775218124
0.4939350856035071 0.8397627775218124
0.4979754896439111 0.8397627775218124
0.5020158936843151 0.8397627775218124
0.5060562977247192 0.8397627775218124
0.5100967017651232 0.8397627775218124
0.5141371058055273 0.8397627775218124
0.5181775098459313 0.8397627775218124
0.5222179138863353 0.8397627775218124
0.5262583179267394 0.8397627775218124
0.5302987219671434 0.8397627775218124
0.5343391260075474 0.8397627775218124
0.5383795300479515 0.8397627775218124
0.5464603381287596 0.8397627775218124
0.5545411462095676 0.8397627775218124
0.5585815502499717 0.8397627775218124
0.5626219542903758 0.8397627775218124
0.5666623583307797 0.8397627775218124
0.5707027623711838 0.8397627775218124
0.5747431664115878 0.8397627775218124
0.5787835704519919 0.8397627775218124
0.582823974492396 0.8397627775218124
0.5868643785328 0.8397627775218124
0.590904782573204 0.8397627775218124
0.5949451866136081 0.8397627775218124
0.598985590654012 0.8397627775218124
0.6030259946944161 0.8397627775218124
0.6070663987348202 0.8397627775218124
0.6111068027752242 0.8397627775218124
0.6151472068156283 0.8397627775218124
0.6191876108560324 0.8397627775218124
0.6232280148964363 0.8397627775218124
0.6272684189368404 0.8397627775218124
0.6313088229772444 0.8397627775218124
0.6353492270176484 0.8397627775218124
0.6393896310580525 0.8397627775218124
0.6434300350984565 0.8397627775218124
0.6474704391388606 0.8397627775218124
0.6515108431792647 0.8397627775218124
0.6555512472196687 0.8397627775218124
0.6595916512600727 0.8397627775218124
0.6636320553004768 0.8397627775218124
0.6676724593408807 0.8397627775218124
0.6717128633812848 0.8397627775218124
0.6757532674216888 0.8397627775218124
0.6797936714620929 0.8397627775218124
0.683834075502497 0.8397627775218124
0.687874479542901 0.8397627775218124
0.6919148835833051 0.8397627775218124
0.6959552876237091 0.8397627775218124
0.6999956916641131 0.8397627775218124
0.2999956916641131 0.8438031815622163
0.3040360957045172 0.8438031815622163
0.3080764997449212 0.8438031815622163
0.3121169037853252 0.8438031815622163
0.31615730782572926 0.8438031815622163
0.3201977118661333 0.8438031815622163
0.32423811590653734 0.8438031815622163
0.3282785199469414 0.8438031815622163
0.3323189239873454 0.8438031815622163
0.3363593280277495 0.8438031815622163
0.3403997320681535 0.8438031815622163
0.34444013610855756 0.8438031815622163
0.34848054014896157 0.8438031815622163
0.35252094418936564 0.8438031815622163
0.3565613482297697 0.8438031815622163
0.3606017522701737 0.8438031815622163
0.3646421563105777 0.8438031815622163
0.3686825603509818 0.8438031815622163
0.37272296439138586 0.8438031815622163
0.37676336843178987 0.8438031815622163
0.3808037724721939 0.8438031815622163
0.38484417651259795 0.8438031815622163
0.388884580553002 0.8438031815622163
0.392924984593406 0.8438031815622163
0.3969653886338101 0.8438031815622163
0.4010057926742141 0.8438031815622163
0.40504619671461817 0.8438031815622163
0.4090866007550222 0.8438031815622163
0.41312700479542624 0.8438031815622163
0.41716740883583026 0.8438031815622163
0.4212078128762343 0.8438031815622163
0.4252482169166384 0.8438031815622163
0.4292886209570424 0.8438031815622163
0.4333290249974464 0.8438031815622163
0.4373694290378505 0.8438031815622163
0.44140983307825454 0.8438031815622163
0.44545023711865855 0.8438031815622163
0.44949064115906257 0.8438031815622163
0.45353104519946663 0.8438031815622163
0.4575714492398707 0.8438031815622163
0.4616118532802747 0.8438031815622163
0.4656522573206788 0.8438031815622163
0.4696926613610828 0.8438031815622163
0.47373306540148685 0.8438031815622163
0.4777734694418909 0.8438031815622163
0.48181387348229493 0.8438031815622163
0.48585427752269894 0.8438031815622163
0.489894681563103 0.8438031815622163
0.4939350856035071 0.8438031815622163
0.4979754896439111 0.8438031815622163
0.5020158936843151 0.8438031815622163
0.5060562977247192 0.8438031815622163
0.5100967017651232 0.8438031815622163
0.5141371058055273 0.8438031815622163
0.5181775098459313 0.8438031815622163
0.5222179138863353 0.8438031815622163
0.5262583179267394 0.8438031815622163
0.5302987219671434 0.8438031815622163
0.5343391260075474 0.8438031815622163
0.5424199340883555 0.8438031815622163
0.5464603381287596 0.8438031815622163
0.5505007421691637 0.8438031815622163
0.5545411462095676 0.8438031815622163
0.5585815502499717 0.8438031815622163
0.5626219542903758 0.8438031815622163
0.5666623583307797 0.8438031815622163
0.5707027623711838 0.8438031815622163
0.5747431664115878 0.8438031815622163
0.5787835704519919 0.8438031815622163
0.582823974492396 0.8438031815622163
0.5868643785328 0.8438031815622163
0.590904782573204 0.8438031815622163
0.5949451866136081 0.8438031815622163
0.598985590654012 0.8438031815622163
0.6030259946944161 0.8438031815622163
0.6070663987348202 0.8438031815622163
0.6111068027752242 0.8438031815622163
0.6151472068156283 0.8438031815622163
0.6191876108560324 0.8438031815622163
0.6232280148964363 0.8438031815622163
0.6272684189368404 0.8438031815622163
0.6313088229772444 0.8438031815622163
0.6353492270176484 0.8438031815622163
0.6393896310580525 0.8438031815622163
0.6434300350984565 0.8438031815622163
0.6474704391388606 0.8438031815622163
0.6515108431792647 0.8438031815622163
0.6555512472196687 0.8438031815622163
0.6595916512600727 0.8438031815622163
0.6636320553004768 0.8438031815622163
0.6676724593408807 0.8438031815622163
0.6717128633812848 0.8438031815622163
0.6757532674216888 0.8438031815622163
0.6797936714620929 0.8438031815622163
0.683834075502497 0.8438031815622163
0.687874479542901 0.8438031815622163
0.6919148835833051 0.8438031815622163
0.6959552876237091 0.8438031815622163
0.6999956916641131 0.8438031815622163
0.2999956916641131 0.8478435856026204
0.3040360957045172 0.8478435856026204
0.3080764997449212 0.8478435856026204
0.3121169037853252 0.8478435856026204
0.31615730782572926 0.8478435856026204
0.3201977118661333 0.8478435856026204
0.32423811590653734 0.8478435856026204
0.3282785199469414 0.8478435856026204
0.3323189239873454 0.8478435856026204
0.3363593280277495 0.8478435856026204
0.3403997320681535 0.8478435856026204
0.34444013610855756 0.8478435856026204
0.34848054014896157 0.8478435856026204
0.35252094418936564 0.8478435856026204
0.3565613482297697 0.8478435856026204
0.3606017522701737 0.8478435856026204
0.3646421563105777 0.8478435856026204
0.3686825603509818 0.8478435856026204
0.37272296439138586 0.8478435856026204
0.37676336843178987 0.8478435856026204
0.3808037724721939 0.8478435856026204
0.38484417651259795 0.8478435856026204
0.388884580553002 0.8478435856026204
0.392924984593406 0.8478435856026204
0.3969653886338101 0.8478435856026204
0.4010057926742141 0.8478435856026204
0.40504619671461817 0.8478435856026204
0.4090866007550222 0.8478435856026204
0.41312700479542624 0.8478435856026204
0.41716740883583026 0.8478435856026204
0.4212078128762343 0.8478435856026204
0.4252482169166384 0.8478435856026204
0.4292886209570424 0.8478435856026204
0.4333290249974464 0.8478435856026204
0.4373694290378505 0.8478435856026204
0.44140983307825454 0.8478435856026204
0.44545023711865855 0.8478435856026204
0.44949064115906257 0.8478435856026204
0.45353104519946663 0.8478435856026204
0.4575714492398707 0.8478435856026204
0.4616118532802747 0.8478435856026204
0.4656522573206788 0.8478435856026204
0.4696926613610828 0.8478435856026204
0.47373306540148685 0.8478435856026204
0.4777734694418909 0.8478435856026204
0.48181387348229493 0.8478435856026204
0.48585427752269894 0.8478435856026204
0.489894681563103 0.8478435856026204
0.4939350856035071 0.8478435856026204
0.4979754896439111 0.8478435856026204
0.5020158936843151 0.8478435856026204
0.5060562977247192 0.8478435856026204
0.5100967017651232 0.8478435856026204
0.5141371058055273 0.8478435856026204
0.5181775098459313 0.8478435856026204
0.5222179138863353 0.8478435856026204
0.5262583179267394 0.8478435856026204
0.5343391260075474 0.8478435856026204
0.5383795300479515 0.8478435856026204
0.5464603381287596 0.8478435856026204
0.5505007421691637 0.8478435856026204
0.5545411462095676 0.8478435856026204
0.5585815502499717 0.8478435856026204
0.5626219542903758 0.8478435856026204
0.5666623583307797 0.8478435856026204
0.5707027623711838 0.8478435856026204
0.5747431664115878 0.8478435856026204
0.5787835704519919 0.8478435856026204
0.582823974492396 0.8478435856026204
0.5868643785328 0.8478435856026204
0.590904782573204 0.8478435856026204
0.5949451866136081 0.8478435856026204
0.598985590654012 0.8478435856026204
0.6030259946944161 0.8478435856026204
0.6070663987348202 0.8478435856026204
0.6111068027752242 0.8478435856026204
0.6151472068156283 0.8478435856026204
0.6191876108560324 0.8478435856026204
0.6232280148964363 0.8478435856026204
0.6272684189368404 0.8478435856026204
0.6313088229772444 0.8478435856026204
0.6353492270176484 0.8478435856026204
0.6393896310580525 0.8478435856026204
0.6434300350984565 0.8478435856026204
0.6474704391388606 0.8478435856026204
0.6515108431792647 0.8478435856026204
0.6555512472196687 0.8478435856026204
0.6595916512600727 0.8478435856026204
0.6636320553004768 0.8478435856026204
0.6676724593408807 0.8478435856026204
0.6717128633812848 0.8478435856026204
0.6757532674216888 0.8478435856026204
0.6797936714620929 0.8478435856026204
0.683834075502497 0.8478435856026204
0.687874479542901 0.8478435856026204
0.6919148835833051 0.8478435856026204
0.6959552876237091 0.8478435856026204
0.6999956916641131 0.8478435856026204
0.2999956916641131 0.8518839896430245
0.3040360957045172 0.8518839896430245
0.3080764997449212 0.8518839896430245
0.3121169037853252 0.8518839896430245
0.31615730782572926 0.8518839896430245
0.3201977118661333 0.8518839896430245
0.32423811590653734 0.8518839896430245
0.3282785199469414 0.8518839896430245
0.3323189239873454 0.8518839896430245
0.3363593280277495 0.8518839896430245
0.3403997320681535 0.8518839896430245
0.34444013610855756 0.8518839896430245
0.34848054014896157 0.8518839896430245
0.35252094418936564 0.8518839896430245
0.3565613482297697 0.8518839896430245
0.3606017522701737 0.8518839896430245
0.3646421563105777 0.8518839896430245
0.3686825603509818 0.8518839896430245
0.37272296439138586 0.8518839896430245
0.37676336843178987 0.8518839896430245
0.3808037724721939 0.8518839896430245
0.38484417651259795 0.8518839896430245
0.388884580553002 0.8518839896430245
0.392924984593406 0.8518839896430245
0.3969653886338101 0.8518839896430245
0.4010057926742141 0.8518839896430245
0.40504619671461817 0.8518839896430245
0.4090866007550222 0.8518839896430245
0.41312700479542624 0.8518839896430245
0.41716740883583026 0.8518839896430245
0.4212078128762343 0.8518839896430245
0.4252482169166384 0.8518839896430245
0.4292886209570424 0.8518839896430245
0.4333290249974464 0.8518839896430245
0.4373694290378505 0.8518839896430245
0.44140983307825454 0.8518839896430245
0.44545023711865855 0.8518839896430245
0.44949064115906257 0.8518839896430245
0.45353104519946663 0.8518839896430245
0.4575714492398707 0.8518839896430245
0.4616118532802747 0.8518839896430245
0.4656522573206788 0.8518839896430245
0.4696926613610828 0.8518839896430245
0.47373306540148685 0.8518839896430245
0.4777734694418909 0.8518839896430245
0.48181387348229493 0.8518839896430245
0.48585427752269894 0.8518839896430245
0.489894681563103 0.8518839896430245
0.4939350856035071 0.8518839896430245
0.4979754896439111 0.8518839896430245
0.5020158936843151 0.8518839896430245
0.5060562977247192 0.8518839896430245
0.5100967017651232 0.8518839896430245
0.5141371058055273 0.8518839896430245
0.5181775098459313 0.8518839896430245
0.5302987219671434 0.8518839896430245
0.5343391260075474 0.8518839896430245
0.5383795300479515 0.8518839896430245
0.5424199340883555 0.8518839896430245
0.5464603381287596 0.8518839896430245
0.5505007421691637 0.8518839896430245
0.5545411462095676 0.8518839896430245
0.5585815502499717 0.8518839896430245
0.5626219542903758 0.8518839896430245
0.5666623583307797 0.8518839896430245
0.5707027623711838 0.8518839896430245
0.5747431664115878 0.8518839896430245
0.5787835704519919 0.8518839896430245
0.582823974492396 0.8518839896430245
0.5868643785328 0.8518839896430245
0.590904782573204 0.8518839896430245
0.5949451866136081 0.8518839896430245
0.598985590654012 0.8518839896430245
0.6030259946944161 0.8518839896430245
0.6070663987348202 0.8518839896430245
0.6111068027752242 0.8518839896430245
0.6151472068156283 0.8518839896430245
0.6191876108560324 0.8518839896430245
0.6232280148964363 0.8518839896430245
0.6272684189368404 0.8518839896430245
0.6313088229772444 0.8518839896430245
0.6353492270176484 0.8518839896430245
0.6393896310580525 0.8518839896430245
0.6434300350984565 0.8518839896430245
0.6474704391388606 0.8518839896430245
0.6515108431792647 0.8518839896430245
0.6555512472196687 0.8518839896430245
0.6595916512600727 0.8518839896430245
0.6636320553004768 0.8518839896430245
0.6676724593408807 0.8518839896430245
0.6717128633812848 0.8518839896430245
0.6757532674216888 0.8518839896430245
0.6797936714620929 0.8518839896430245
0.683834075502497 0.8518839896430245
0.687874479542901 0.8518839896430245
0.6919148835833051 0.8518839896430245
0.6959552876237091 0.8518839896430245
0.6999956916641131 0.8518839896430245
0.2999956916641131 0.8559243936834284
0.3040360957045172 0.8559243936834284
0.3080764997449212 0.8559243936834284
0.3121169037853252 0.8559243936834284
0.31615730782572926 0.8559243936834284
0.3201977118661333 0.8559243936834284
0.32423811590653734 0.8559243936834284
0.3282785199469414 0.8559243936834284
0.3323189239873454 0.8559243936834284
0.3363593280277495 0.8559243936834284
0.3403997320681535 0.8559243936834284
0.34444013610855756 0.8559243936834284
0.34848054014896157 0.8559243936834284
0.35252094418936564 0.8559243936834284
0.3565613482297697 0.8559243936834284
0.3606017522701737 0.8559243936834284
0.3646421563105777 0.8559243936834284
0.3686825603509818 0.8559243936834284
0.37272296439138586 0.8559243936834284
0.37676336843178987 0.8559243936834284
0.3808037724721939 0.8559243936834284
0.38484417651259795 0.8559243936834284
0.388884580553002 0.8559243936834284
0.392924984593406 0.8559243936834284
0.3969653886338101 0.8559243936834284
0.4010057926742141 0.8559243936834284
0.40504619671461817 0.8559243936834284
0.4090866007550222 0.8559243936834284
0.41312700479542624 0.8559243936834284
0.41716740883583026 0.8559243936834284
0.4212078128762343 0.8559243936834284
0.4252482169166384 0.8559243936834284
0.4292886209570424 0.8559243936834284
0.4333290249974464 0.8559243936834284
0.4373694290378505 0.8559243936834284
0.44140983307825454 0.8559243936834284
0.44545023711865855 0.8559243936834284
0.44949064115906257 0.8559243936834284
0.45353104519946663 0.8559243936834284
0.4575714492398707 0.8559243936834284
0.4616118532802747 0.8559243936834284
0.4656522573206788 0.8559243936834284
0.4696926613610828 0.8559243936834284
0.47373306540148685 0.8559243936834284
0.4777734694418909 0.8559243936834284
0.48181387348229493 0.8559243936834284
0.48585427752269894 0.8559243936834284
0.489894681563103 0.8559243936834284
0.4939350856035071 0.8559243936834284
0.4979754896439111 0.8559243936834284
0.5020158936843151 0.8559243936834284
0.5060562977247192 0.8559243936834284
0.5100967017651232 0.8559243936834284
0.5141371058055273 0.8559243936834284
0.5222179138863353 0.8559243936834284
0.5262583179267394 0.8559243936834284
0.5302987219671434 0.8559243936834284
0.5343391260075474 0.8559243936834284
0.5383795300479515 0.8559243936834284
0.5424199340883555 0.8559243936834284
0.5464603381287596 0.8559243936834284
0.5505007421691637 0.8559243936834284
0.5545411462095676 0.8559243936834284
0.5585815502499717 0.8559243936834284
0.5626219542903758 0.8559243936834284
0.5666623583307797 0.8559243936834284
0.5707027623711838 0.8559243936834284
0.5747431664115878 0.8559243936834284
0.5787835704519919 0.8559243936834284
0.582823974492396 0.8559243936834284
0.5868643785328 0.8559243936834284
0.590904782573204 0.8559243936834284
0.5949451866136081 0.8559243936834284
0.598985590654012 0.8559243936834284
0.6030259946944161 0.8559243936834284
0.6070663987348202 0.8559243936834284
0.6111068027752242 0.8559243936834284
0.6151472068156283 0.8559243936834284
0.6191876108560324 0.8559243936834284
0.6232280148964363 0.8559243936834284
0.6272684189368404 0.8559243936834284
0.6313088229772444 0.8559243936834284
0.6353492270176484 0.8559243936834284
0.6393896310580525 0.8559243936834284
0.6434300350984565 0.8559243936834284
0.6474704391388606 0.8559243936834284
0.6515108431792647 0.8559243936834284
0.6555512472196687 0.8559243936834284
0.6595916512600727 0.8559243936834284
0.6636320553004768 0.8559243936834284
0.6676724593408807 0.8559243936834284
0.6717128633812848 0.8559243936834284
0.6757532674216888 0.8559243936834284
0.6797936714620929 0.8559243936834284
0.683834075502497 0.8559243936834284
0.687874479542901 0.8559243936834284
0.6919148835833051 0.8559243936834284
0.6959552876237091 0.8559243936834284
0.6999956916641131 0.8559243936834284
0.2999956916641131 0.8599647977238325
0.3040360957045172 0.8599647977238325
0.3080764997449212 0.8599647977238325
0.3121169037853252 0.8599647977238325
0.31615730782572926 0.8599647977238325
0.3201977118661333 0.8599647977238325
0.32423811590653734 0.8599647977238325
0.3282785199469414 0.8599647977238325
0.3323189239873454 0.8599647977238325
0.3363593280277495 0.8599647977238325
0.3403997320681535 0.8599647977238325
0.34444013610855756 0.8599647977238325
0.34848054014896157 0.8599647977238325
0.35252094418936564 0.8599647977238325
0.3565613482297697 0.8599647977238325
0.3606017522701737 0.8599647977238325
0.3646421563105777 0.8599647977238325
0.3686825603509818 0.8599647977238325
0.37272296439138586 0.8599647977238325
0.37676336843178987 0.8599647977238325
0.3808037724721939 0.8599647977238325
0.38484417651259795 0.8599647977238325
0.388884580553002 0.8599647977238325
0.392924984593406 0.8599647977238325
0.3969653886338101 0.8599647977238325
0.4010057926742141 0.8599647977238325
0.40504619671461817 0.8599647977238325
0.4090866007550222 0.8599647977238325
0.41312700479542624 0.8599647977238325
0.41716740883583026 0.8599647977238325
0.4212078128762343 0.8599647977238325
0.4252482169166384 0.8599647977238325
0.4292886209570424 0.8599647977238325
0.4333290249974464 0.8599647977238325
0.4373694290378505 0.8599647977238325
0.44140983307825454 0.8599647977238325
0.44545023711865855 0.8599647977238325
0.44949064115906257 0.8599647977238325
0.45353104519946663 0.8599647977238325
0.4575714492398707 0.8599647977238325
0.4616118532802747 0.8599647977238325
0.4656522573206788 0.8599647977238325
0.4696926613610828 0.8599647977238325
0.47373306540148685 0.8599647977238325
0.4777734694418909 0.8599647977238325
0.48181387348229493 0.8599647977238325
0.48585427752269894 0.8599647977238325
0.489894681563103 0.8599647977238325
0.4939350856035071 0.8599647977238325
0.4979754896439111 0.8599647977238325
0.5020158936843151 0.8599647977238325
0.5060562977247192 0.8599647977238325
0.5141371058055273 0.8599647977238325
0.5181775098459313 0.8599647977238325
0.5222179138863353 0.8599647977238325
0.5262583179267394 0.8599647977238325
0.5302987219671434 0.8599647977238325
0.5343391260075474 0.8599647977238325
0.5383795300479515 0.8599647977238325
0.5424199340883555 0.8599647977238325
0.5464603381287596 0.8599647977238325
0.5505007421691637 0.8599647977238325
0.5545411462095676 0.8599647977238325
0.5585815502499717 0.8599647977238325
0.5626219542903758 0.8599647977238325
0.5666623583307797 0.8599647977238325
0.5707027623711838 0.8599647977238325
0.5747431664115878 0.8599647977238325
0.5787835704519919 0.8599647977238325
0.582823974492396 0.8599647977238325
0.5868643785328 0.8599647977238325
0.590904782573204 0.8599647977238325
0.5949451866136081 0.8599647977238325
0.598985590654012 0.8599647977238325
0.6030259946944161 0.8599647977238325
0.6070663987348202 0.8599647977238325
0.6111068027752242 0.8599647977238325
0.6151472068156283 0.8599647977238325
0.6191876108560324 0.8599647977238325
0.6232280148964363 0.8599647977238325
0.6272684189368404 0.8599647977238325
0.6313088229772444 0.8599647977238325
0.6353492270176484 0.8599647977238325
0.6393896310580525 0.8599647977238325
0.6434300350984565 0.8599647977238325
0.6474704391388606 0.8599647977238325
0.6515108431792647 0.8599647977238325
0.6555512472196687 0.8599647977238325
0.6595916512600727 0.8599647977238325
0.6636320553004768 0.8599647977238325
0.6676724593408807 0.8599647977238325
0.6717128633812848 0.8599647977238325
0.6757532674216888 0.8599647977238325
0.6797936714620929 0.8599647977238325
0.683834075502497 0.8599647977238325
0.687874479542901 0.8599647977238325
0.6919148835833051 0.8599647977238325
0.6959552876237091 0.8599647977238325
0.6999956916641131 0.8599647977238325
0.2999956916641131 0.8640052017642366
0.3040360957045172 0.8640052017642366
0.3080764997449212 0.8640052017642366
0.3121169037853252 0.8640052017642366
0.31615730782572926 0.8640052017642366
0.3201977118661333 0.8640052017642366
0.32423811590653734 0.8640052017642366
0.3282785199469414 0.8640052017642366
0.3323189239873454 0.8640052017642366
0.3363593280277495 0.8640052017642366
0.3403997320681535 0.8640052017642366
0.34444013610855756 0.8640052017642366
0.34848054014896157 0.8640052017642366
0.35252094418936564 0.8640052017642366
0.3565613482297697 0.8640052017642366
0.3606017522701737 0.8640052017642366
0.3646421563105777 0.8640052017642366
0.3686825603509818 0.8640052017642366
0.37272296439138586 0.8640052017642366
0.37676336843178987 0.8640052017642366
0.3808037724721939 0.8640052017642366
0.38484417651259795 0.8640052017642366
0.388884580553002 0.8640052017642366
0.392924984593406 0.8640052017642366
0.3969653886338101 0.8640052017642366
0.4010057926742141 0.8640052017642366
0.40504619671461817 0.8640052017642366
0.4090866007550222 0.8640052017642366
0.41312700479542624 0.8640052017642366
0.41716740883583026 0.8640052017642366
0.4212078128762343 0.8640052017642366
0.4252482169166384 0.8640052017642366
0.4292886209570424 0.8640052017642366
0.4333290249974464 0.8640052017642366
0.4373694290378505 0.8640052017642366
0.44140983307825454 0.8640052017642366
0.44545023711865855 0.8640052017642366
0.44949064115906257 0.8640052017642366
0.45353104519946663 0.8640052017642366
0.4575714492398707 0.8640052017642366
0.4616118532802747 0.8640052017642366
0.4656522573206788 0.8640052017642366
0.4696926613610828 0.8640052017642366
0.47373306540148685 0.8640052017642366
0.4777734694418909 0.8640052017642366
0.48181387348229493 0.8640052017642366
0.48585427752269894 0.8640052017642366
0.489894681563103 0.8640052017642366
0.4939350856035071 0.8640052017642366
0.4979754896439111 0.8640052017642366
0.5100967017651232 0.8640052017642366
0.5141371058055273 0.8640052017642366
0.5181775098459313 0.8640052017642366
0.5222179138863353 0.8640052017642366
0.5262583179267394 0.8640052017642366
0.5302987219671434 0.8640052017642366
0.5343391260075474 0.8640052017642366
0.5383795300479515 0.8640052017642366
0.5424199340883555 0.8640052017642366
0.5464603381287596 0.8640052017642366
0.5505007421691637 0.8640052017642366
0.5545411462095676 0.8640052017642366
0.5585815502499717 0.8640052017642366
0.5626219542903758 0.8640052017642366
0.5666623583307797 0.8640052017642366
0.5707027623711838 0.8640052017642366
0.5747431664115878 0.8640052017642366
0.5787835704519919 0.8640052017642366
0.582823974492396 0.8640052017642366
0.5868643785328 0.8640052017642366
0.590904782573204 0.8640052017642366
0.5949451866136081 0.8640052017642366
0.598985590654012 0.8640052017642366
0.6030259946944161 0.8640052017642366
0.6070663987348202 0.8640052017642366
0.6111068027752242 0.8640052017642366
0.6151472068156283 0.8640052017642366
0.6191876108560324 0.8640052017642366
0.6232280148964363 0.8640052017642366
0.6272684189368404 0.8640052017642366
0.6313088229772444 0.8640052017642366
0.6353492270176484 0.8640052017642366
0.6393896310580525 0.8640052017642366
0.6434300350984565 0.8640052017642366
0.6474704391388606 0.8640052017642366
0.6515108431792647 0.8640052017642366
0.6555512472196687 0.8640052017642366
0.6595916512600727 0.8640052017642366
0.6636320553004768 0.8640052017642366
0.6676724593408807 0.8640052017642366
0.6717128633812848 0.8640052017642366
0.6757532674216888 0.8640052017642366
0.6797936714620929 0.8640052017642366
0.683834075502497 0.8640052017642366
0.687874479542901 0.8640052017642366
0.6919148835833051 0.8640052017642366
0.6959552876237091 0.8640052017642366
0.6999956916641131 0.8640052017642366
0.2999956916641131 0.8680456058046406
0.3040360957045172 0.8680456058046406
0.3080764997449212 0.8680456058046406
0.3121169037853252 0.8680456058046406
0.31615730782572926 0.8680456058046406
0.3201977118661333 0.8680456058046406
0.32423811590653734 0.8680456058046406
0.3282785199469414 0.8680456058046406
0.3323189239873454 0.8680456058046406
0.3363593280277495 0.8680456058046406
0.3403997320681535 0.8680456058046406
0.34444013610855756 0.8680456058046406
0.34848054014896157 0.8680456058046406
0.35252094418936564 0.8680456058046406
0.3565613482297697 0.8680456058046406
0.3606017522701737 0.8680456058046406
0.3646421563105777 0.8680456058046406
0.3686825603509818 0.8680456058046406
0.37272296439138586 0.8680456058046406
0.37676336843178987 0.8680456058046406
0.3808037724721939 0.8680456058046406
0.38484417651259795 0.8680456058046406
0.388884580553002 0.8680456058046406
0.392924984593406 0.8680456058046406
0.3969653886338101 0.8680456058046406
0.4010057926742141 0.8680456058046406
0.40504619671461817 0.8680456058046406
0.4090866007550222 0.8680456058046406
0.41312700479542624 0.8680456058046406
0.41716740883583026 0.8680456058046406
0.4212078128762343 0.8680456058046406
0.4252482169166384 0.8680456058046406
0.4292886209570424 0.8680456058046406
0.4333290249974464 0.8680456058046406
0.4373694290378505 0.8680456058046406
0.44140983307825454 0.8680456058046406
0.44545023711865855 0.8680456058046406
0.44949064115906257 0.8680456058046406
0.45353104519946663 0.8680456058046406
0.4575714492398707 0.8680456058046406
0.4616118532802747 0.8680456058046406
0.4656522573206788 0.8680456058046406
0.4696926613610828 0.8680456058046406
0.47373306540148685 0.8680456058046406
0.4777734694418909 0.8680456058046406
0.48181387348229493 0.8680456058046406
0.48585427752269894 0.8680456058046406
0.489894681563103 0.8680456058046406
0.4939350856035071 0.8680456058046406
0.5020158936843151 0.8680456058046406
0.5060562977247192 0.8680456058046406
0.5100967017651232 0.8680456058046406
0.5141371058055273 0.8680456058046406
0.5181775098459313 0.8680456058046406
0.5222179138863353 0.8680456058046406
0.5262583179267394 0.8680456058046406
0.5302987219671434 0.8680456058046406
0.5343391260075474 0.8680456058046406
0.5383795300479515 0.8680456058046406
0.5424199340883555 0.8680456058046406
0.5464603381287596 0.8680456058046406
0.5505007421691637 0.8680456058046406
0.5545411462095676 0.8680456058046406
0.5585815502499717 0.8680456058046406
0.5626219542903758 0.8680456058046406
0.5666623583307797 0.8680456058046406
0.5707027623711838 0.8680456058046406
0.5747431664115878 0.8680456058046406
0.5787835704519919 0.8680456058046406
0.582823974492396 0.8680456058046406
0.5868643785328 0.8680456058046406
0.590904782573204 0.8680456058046406
0.5949451866136081 0.8680456058046406
0.598985590654012 0.8680456058046406
0.6030259946944161 0.8680456058046406
0.6070663987348202 0.8680456058046406
0.6111068027752242 0.8680456058046406
0.6151472068156283 0.8680456058046406
0.6191876108560324 0.8680456058046406
0.6232280148964363 0.8680456058046406
0.6272684189368404 0.8680456058046406
0.6313088229772444 0.8680456058046406
0.6353492270176484 0.8680456058046406
0.6393896310580525 0.8680456058046406
0.6434300350984565 0.8680456058046406
0.6474704391388606 0.8680456058046406
0.6515108431792647 0.8680456058046406
0.6555512472196687 0.8680456058046406
0.6595916512600727 0.8680456058046406
0.6636320553004768 0.8680456058046406
0.6676724593408807 0.8680456058046406
0.6717128633812848 0.8680456058046406
0.6757532674216888 0.8680456058046406
0.6797936714620929 0.8680456058046406
0.683834075502497 0.8680456058046406
0.687874479542901 0.8680456058046406
0.6919148835833051 0.8680456058046406
0.6959552876237091 0.8680456058046406
0.6999956916641131 0.8680456058046406
0.2999956916641131 0.8720860098450447
0.3040360957045172 0.8720860098450447
0.3080764997449212 0.8720860098450447
0.3121169037853252 0.8720860098450447
0.31615730782572926 0.8720860098450447
0.3201977118661333 0.8720860098450447
0.32423811590653734 0.8720860098450447
0.3282785199469414 0.8720860098450447
0.3323189239873454 0.8720860098450447
0.3363593280277495 0.8720860098450447
0.3403997320681535 0.8720860098450447
0.34444013610855756 0.8720860098450447
0.34848054014896157 0.8720860098450447
0.35252094418936564 0.8720860098450447
0.3565613482297697 0.8720860098450447
0.3606017522701737 0.8720860098450447
0.3646421563105777 0.8720860098450447
0.3686825603509818 0.8720860098450447
0.37272296439138586 0.8720860098450447
0.37676336843178987 0.8720860098450447
0.3808037724721939 0.8720860098450447
0.38484417651259795 0.8720860098450447
0.388884580553002 0.8720860098450447
0.392924984593406 0.8720860098450447
0.3969653886338101 0.8720860098450447
0.4010057926742141 0.8720860098450447
0.40504619671461817 0.8720860098450447
0.4090866007550222 0.8720860098450447
0.41312700479542624 0.8720860098450447
0.41716740883583026 0.8720860098450447
0.4212078128762343 0.8720860098450447
0.4252482169166384 0.8720860098450447
0.4292886209570424 0.8720860098450447
0.4333290249974464 0.8720860098450447
0.4373694290378505 0.8720860098450447
0.44140983307825454 0.8720860098450447
0.44545023711865855 0.8720860098450447
0.44949064115906257 0.8720860098450447
0.45353104519946663 0.8720860098450447
0.4575714492398707 0.8720860098450447
0.4616118532802747 0.8720860098450447
0.4656522573206788 0.8720860098450447
0.4696926613610828 0.8720860098450447
0.47373306540148685 0.8720860098450447
0.4777734694418909 0.8720860098450447
0.48181387348229493 0.8720860098450447
0.48585427752269894 0.8720860098450447
0.4939350856035071 0.8720860098450447
0.4979754896439111 0.8720860098450447
0.5020158936843151 0.8720860098450447
0.5060562977247192 0.8720860098450447
0.5100967017651232 0.8720860098450447
0.5141371058055273 0.8720860098450447
0.5181775098459313 0.8720860098450447
0.5222179138863353 0.8720860098450447
0.5262583179267394 0.8720860098450447
0.5302987219671434 0.8720860098450447
0.5343391260075474 0.8720860098450447
0.5383795300479515 0.8720860098450447
0.5424199340883555 0.8720860098450447
0.5464603381287596 0.8720860098450447
0.5505007421691637 0.8720860098450447
0.5545411462095676 0.8720860098450447
0.5585815502499717 0.8720860098450447
0.5626219542903758 0.8720860098450447
0.5666623583307797 0.8720860098450447
0.5707027623711838 0.8720860098450447
0.5747431664115878 0.8720860098450447
0.5787835704519919 0.8720860098450447
0.582823974492396 0.8720860098450447
0.5868643785328 0.8720860098450447
0.590904782573204 0.8720860098450447
0.5949451866136081 0.8720860098450447
0.598985590654012 0.8720860098450447
0.6030259946944161 0.8720860098450447
0.6070663987348202 0.8720860098450447
0.6111068027752242 0.8720860098450447
0.6151472068156283 0.8720860098450447
0.6191876108560324 0.8720860098450447
0.6232280148964363 0.8720860098450447
0.6272684189368404 0.8720860098450447
0.6313088229772444 0.8720860098450447
0.6353492270176484 0.8720860098450447
0.6393896310580525 0.8720860098450447
0.6434300350984565 0.8720860098450447
0.6474704391388606 0.8720860098450447
0.6515108431792647 0.8720860098450447
0.6555512472196687 0.8720860098450447
0.6595916512600727 0.8720860098450447
0.6636320553004768 0.8720860098450447
0.6676724593408807 0.8720860098450447
0.6717128633812848 0.8720860098450447
0.6757532674216888 0.8720860098450447
0.6797936714620929 0.8720860098450447
0.683834075502497 0.8720860098450447
0.687874479542901 0.8720860098450447
0.6919148835833051 0.8720860098450447
0.6959552876237091 0.8720860098450447
0.6999956916641131 0.8720860098450447
0.2999956916641131 0.8761264138854487
0.3040360957045172 0.8761264138854487
0.3080764997449212 0.8761264138854487
0.3121169037853252 0.8761264138854487
0.31615730782572926 0.8761264138854487
0.3201977118661333 0.8761264138854487
0.32423811590653734 0.8761264138854487
0.3282785199469414 0.8761264138854487
0.3323189239873454 0.8761264138854487
0.3363593280277495 0.8761264138854487
0.3403997320681535 0.8761264138854487
0.34444013610855756 0.8761264138854487
0.34848054014896157 0.8761264138854487
0.35252094418936564 0.8761264138854487
0.3565613482297697 0.8761264138854487
0.3606017522701737 0.8761264138854487
0.3646421563105777 0.8761264138854487
0.3686825603509818 0.8761264138854487
0.37272296439138586 0.8761264138854487
0.37676336843178987 0.8761264138854487
0.3808037724721939 0.8761264138854487
0.38484417651259795 0.8761264138854487
0.388884580553002 0.8761264138854487
0.392924984593406 0.8761264138854487
0.3969653886338101 0.8761264138854487
0.4010057926742141 0.8761264138854487
0.40504619671461817 0.8761264138854487
0.4090866007550222 0.8761264138854487
0.41312700479542624 0.8761264138854487
0.41716740883583026 0.8761264138854487
0.4212078128762343 0.8761264138854487
0.4252482169166384 0.8761264138854487
0.4292886209570424 0.8761264138854487
0.4333290249974464 0.8761264138854487
0.4373694290378505 0.8761264138854487
0.44140983307825454 0.8761264138854487
0.44545023711865855 0.8761264138854487
0.44949064115906257 0.8761264138854487
0.45353104519946663 0.8761264138854487
0.4575714492398707 0.8761264138854487
0.4616118532802747 0.8761264138854487
0.4656522573206788 0.8761264138854487
0.4696926613610828 0.8761264138854487
0.47373306540148685 0.8761264138854487
0.4777734694418909 0.8761264138854487
0.48585427752269894 0.8761264138854487
0.489894681563103 0.8761264138854487
0.4939350856035071 0.8761264138854487
0.4979754896439111 0.8761264138854487
0.5020158936843151 0.8761264138854487
0.5060562977247192 0.8761264138854487
0.5100967017651232 0.8761264138854487
0.5141371058055273 0.8761264138854487
0.5181775098459313 0.8761264138854487
0.5222179138863353 0.8761264138854487
0.5262583179267394 0.8761264138854487
0.5302987219671434 0.8761264138854487
0.5343391260075474 0.8761264138854487
0.5383795300479515 0.8761264138854487
0.5424199340883555 0.8761264138854487
0.5464603381287596 0.8761264138854487
0.5505007421691637 0.8761264138854487
0.5545411462095676 0.8761264138854487
0.5585815502499717 0.8761264138854487
0.5626219542903758 0.8761264138854487
0.5666623583307797 0.8761264138854487
0.5707027623711838 0.8761264138854487
0.5747431664115878 0.8761264138854487
0.5787835704519919 0.8761264138854487
0.582823974492396 0.8761264138854487
0.5868643785328 0.8761264138854487
0.590904782573204 0.8761264138854487
0.5949451866136081 0.8761264138854487
0.598985590654012 0.8761264138854487
0.6030259946944161 0.8761264138854487
0.6070663987348202 0.8761264138854487
0.6111068027752242 0.8761264138854487
0.6151472068156283 0.8761264138854487
0.6191876108560324 0.8761264138854487
0.6232280148964363 0.8761264138854487
0.6272684189368404 0.8761264138854487
0.6313088229772444 0.8761264138854487
0.6353492270176484 0.8761264138854487
0.6393896310580525 0.8761264138854487
0.6434300350984565 0.8761264138854487
0.6474704391388606 0.8761264138854487
0.6515108431792647 0.8761264138854487
0.6555512472196687 0.8761264138854487
0.6595916512600727 0.8761264138854487
0.6636320553004768 0.8761264138854487
0.6676724593408807 0.8761264138854487
0.6717128633812848 0.8761264138854487
0.6757532674216888 0.8761264138854487
0.6797936714620929 0.8761264138854487
0.683834075502497 0.8761264138854487
0.687874479542901 0.8761264138854487
0.6919148835833051 0.8761264138854487
0.6959552876237091 0.8761264138854487
0.6999956916641131 0.8761264138854487
0.2999956916641131 0.8801668179258527
0.3040360957045172 0.8801668179258527
0.3080764997449212 0.8801668179258527
0.3121169037853252 0.8801668179258527
0.31615730782572926 0.8801668179258527
0.3201977118661333 0.8801668179258527
0.32423811590653734 0.8801668179258527
0.3282785199469414 0.8801668179258527
0.3323189239873454 0.8801668179258527
0.3363593280277495 0.8801668179258527
0.3403997320681535 0.8801668179258527
0.34444013610855756 0.8801668179258527
0.34848054014896157 0.8801668179258527
0.35252094418936564 0.8801668179258527
0.3565613482297697 0.8801668179258527
0.3606017522701737 0.8801668179258527
0.3646421563105777 0.8801668179258527
0.3686825603509818 0.8801668179258527
0.37272296439138586 0.8801668179258527
0.37676336843178987 0.8801668179258527
0.3808037724721939 0.8801668179258527
0.38484417651259795 0.8801668179258527
0.388884580553002 0.8801668179258527
0.392924984593406 0.8801668179258527
0.3969653886338101 0.8801668179258527
0.4010057926742141 0.8801668179258527
0.40504619671461817 0.8801668179258527
0.4090866007550222 0.8801668179258527
0.41312700479542624 0.8801668179258527
0.41716740883583026 0.8801668179258527
0.4212078128762343 0.8801668179258527
0.4252482169166384 0.8801668179258527
0.4292886209570424 0.8801668179258527
0.4333290249974464 0.8801668179258527
0.4373694290378505 0.8801668179258527
0.44140983307825454 0.8801668179258527
0.44545023711865855 0.8801668179258527
0.44949064115906257 0.8801668179258527
0.45353104519946663 0.8801668179258527
0.4575714492398707 0.8801668179258527
0.4616118532802747 0.8801668179258527
0.4656522573206788 0.8801668179258527
0.4696926613610828 0.8801668179258527
0.4777734694418909 0.8801668179258527
0.48181387348229493 0.8801668179258527
0.48585427752269894 0.8801668179258527
0.489894681563103 0.8801668179258527
0.4939350856035071 0.8801668179258527
0.4979754896439111 0.8801668179258527
0.5020158936843151 0.8801668179258527
0.5060562977247192 0.8801668179258527
0.5100967017651232 0.8801668179258527
0.5141371058055273 0.8801668179258527
0.5181775098459313 0.8801668179258527
0.5222179138863353 0.8801668179258527
0.5262583179267394 0.8801668179258527
0.5302987219671434 0.8801668179258527
0.5343391260075474 0.8801668179258527
0.5383795300479515 0.8801668179258527
0.5424199340883555 0.8801668179258527
0.5464603381287596 0.8801668179258527
0.5505007421691637 0.8801668179258527
0.5545411462095676 0.8801668179258527
0.5585815502499717 0.8801668179258527
0.5626219542903758 0.8801668179258527
0.5666623583307797 0.8801668179258527
0.5707027623711838 0.8801668179258527
0.5747431664115878 0.8801668179258527
0.5787835704519919 0.8801668179258527
0.582823974492396 0.8801668179258527
0.5868643785328 0.8801668179258527
0.590904782573204 0.8801668179258527
0.5949451866136081 0.8801668179258527
0.598985590654012 0.8801668179258527
0.6030259946944161 0.8801668179258527
0.6070663987348202 0.8801668179258527
0.6111068027752242 0.8801668179258527
0.6151472068156283 0.8801668179258527
0.6191876108560324 0.8801668179258527
0.6232280148964363 0.8801668179258527
0.6272684189368404 0.8801668179258527
0.6313088229772444 0.8801668179258527
0.6353492270176484 0.8801668179258527
0.6393896310580525 0.8801668179258527
0.6434300350984565 0.8801668179258527
0.6474704391388606 0.8801668179258527
0.6515108431792647 0.8801668179258527
0.6555512472196687 0.8801668179258527
0.6595916512600727 0.8801668179258527
0.6636320553004768 0.8801668179258527
0.6676724593408807 0.8801668179258527
0.6717128633812848 0.8801668179258527
0.6757532674216888 0.8801668179258527
0.6797936714620929 0.8801668179258527
0.683834075502497 0.8801668179258527
0.687874479542901 0.8801668179258527
0.6919148835833051 0.8801668179258527
0.6959552876237091 0.8801668179258527
0.6999956916641131 0.8801668179258527
0.2999956916641131 0.8842072219662568
0.3040360957045172 0.8842072219662568
0.3080764997449212 0.8842072219662568
0.3121169037853252 0.8842072219662568
0.31615730782572926 0.8842072219662568
0.3201977118661333 0.8842072219662568
0.32423811590653734 0.8842072219662568
0.3282785199469414 0.8842072219662568
0.3323189239873454 0.8842072219662568
0.3363593280277495 0.8842072219662568
0.3403997320681535 0.8842072219662568
0.34444013610855756 0.8842072219662568
0.34848054014896157 0.8842072219662568
0.35252094418936564 0.8842072219662568
0.3565613482297697 0.8842072219662568
0.3606017522701737 0.8842072219662568
0.3646421563105777 0.8842072219662568
0.3686825603509818 0.8842072219662568
0.37272296439138586 0.8842072219662568
0.37676336843178987 0.8842072219662568
0.3808037724721939 0.8842072219662568
0.38484417651259795 0.8842072219662568
0.388884580553002 0.8842072219662568
0.392924984593406 0.8842072219662568
0.3969653886338101 0.8842072219662568
0.4010057926742141 0.8842072219662568
0.40504619671461817 0.8842072219662568
0.4090866007550222 0.8842072219662568
0.41312700479542624 0.8842072219662568
0.41716740883583026 0.8842072219662568
0.4212078128762343 0.8842072219662568
0.4252482169166384 0.8842072219662568
0.4292886209570424 0.8842072219662568
0.4333290249974464 0.8842072219662568
0.4373694290378505 0.8842072219662568
0.44140983307825454 0.8842072219662568
0.44545023711865855 0.8842072219662568
0.44949064115906257 0.8842072219662568
0.45353104519946663 0.8842072219662568
0.4575714492398707 0.8842072219662568
0.4616118532802747 0.8842072219662568
0.47373306540148685 0.8842072219662568
0.4777734694418909 0.8842072219662568
0.48585427752269894 0.8842072219662568
0.489894681563103 0.8842072219662568
0.4939350856035071 0.8842072219662568
0.4979754896439111 0.8842072219662568
0.5020158936843151 0.8842072219662568
0.5060562977247192 0.8842072219662568
0.5100967017651232 0.8842072219662568
0.5141371058055273 0.8842072219662568
0.5181775098459313 0.8842072219662568
0.5222179138863353 0.8842072219662568
0.5262583179267394 0.8842072219662568
0.5302987219671434 0.8842072219662568
0.5343391260075474 0.8842072219662568
0.5383795300479515 0.8842072219662568
0.5424199340883555 0.8842072219662568
0.5464603381287596 0.8842072219662568
0.5505007421691637 0.8842072219662568
0.5545411462095676 0.8842072219662568
0.5585815502499717 0.8842072219662568
0.5626219542903758 0.8842072219662568
0.5666623583307797 0.8842072219662568
0.5707027623711838 0.8842072219662568
0.5747431664115878 0.8842072219662568
0.5787835704519919 0.8842072219662568
0.582823974492396 0.8842072219662568
0.5868643785328 0.8842072219662568
0.590904782573204 0.8842072219662568
0.5949451866136081 0.8842072219662568
0.598985590654012 0.8842072219662568
0.6030259946944161 0.8842072219662568
0.6070663987348202 0.8842072219662568
0.6111068027752242 0.8842072219662568
0.6151472068156283 0.8842072219662568
0.6191876108560324 0.8842072219662568
0.6232280148964363 0.8842072219662568
0.6272684189368404 0.8842072219662568
0.6313088229772444 0.8842072219662568
0.6353492270176484 0.8842072219662568
0.6393896310580525 0.8842072219662568
0.6434300350984565 0.8842072219662568
0.6474704391388606 0.8842072219662568
0.6515108431792647 0.8842072219662568
0.6555512472196687 0.8842072219662568
0.6595916512600727 0.8842072219662568
0.6636320553004768 0.8842072219662568
0.6676724593408807 0.8842072219662568
0.6717128633812848 0.8842072219662568
0.6757532674216888 0.8842072219662568
0.6797936714620929 0.8842072219662568
0.683834075502497 0.8842072219662568
0.687874479542901 0.8842072219662568
0.6919148835833051 0.8842072219662568
0.6959552876237091 0.8842072219662568
0.6999956916641131 0.8842072219662568
0.2999956916641131 0.8882476260066607
0.3040360957045172 0.8882476260066607
0.3080764997449212 0.8882476260066607
0.3121169037853252 0.8882476260066607
0.31615730782572926 0.8882476260066607
0.3201977118661333 0.8882476260066607
0.32423811590653734 0.8882476260066607
0.3282785199469414 0.8882476260066607
0.3323189239873454 0.8882476260066607
0.3363593280277495 0.8882476260066607
0.3403997320681535 0.8882476260066607
0.34444013610855756 0.8882476260066607
0.34848054014896157 0.8882476260066607
0.35252094418936564 0.8882476260066607
0.3565613482297697 0.8882476260066607
0.3606017522701737 0.8882476260066607
0.3646421563105777 0.8882476260066607
0.3686825603509818 0.8882476260066607
0.37272296439138586 0.8882476260066607
0.37676336843178987 0.8882476260066607
0.3808037724721939 0.8882476260066607
0.38484417651259795 0.8882476260066607
0.388884580553002 0.8882476260066607
0.392924984593406 0.8882476260066607
0.3969653886338101 0.8882476260066607
0.4010057926742141 0.8882476260066607
0.40504619671461817 0.8882476260066607
0.4090866007550222 0.8882476260066607
0.41312700479542624 0.8882476260066607
0.41716740883583026 0.8882476260066607
0.4212078128762343 0.8882476260066607
0.4252482169166384 0.8882476260066607
0.4292886209570424 0.8882476260066607
0.4333290249974464 0.8882476260066607
0.4373694290378505 0.8882476260066607
0.44140983307825454 0.8882476260066607
0.44545023711865855 0.8882476260066607
0.44949064115906257 0.8882476260066607
0.45353104519946663 0.8882476260066607
0.4656522573206788 0.8882476260066607
0.4696926613610828 0.8882476260066607
0.47373306540148685 0.8882476260066607
0.4777734694418909 0.8882476260066607
0.48181387348229493 0.8882476260066607
0.48585427752269894 0.8882476260066607
0.489894681563103 0.8882476260066607
0.4939350856035071 0.8882476260066607
0.4979754896439111 0.8882476260066607
0.5020158936843151 0.8882476260066607
0.5060562977247192 0.8882476260066607
0.5100967017651232 0.8882476260066607
0.5141371058055273 0.8882476260066607
0.5181775098459313 0.8882476260066607
0.5222179138863353 0.8882476260066607
0.5262583179267394 0.8882476260066607
0.5302987219671434 0.8882476260066607
0.5343391260075474 0.8882476260066607
0.5383795300479515 0.8882476260066607
0.5424199340883555 0.8882476260066607
0.5464603381287596 0.8882476260066607
0.5505007421691637 0.8882476260066607
0.5545411462095676 0.8882476260066607
0.5585815502499717 0.8882476260066607
0.5626219542903758 0.8882476260066607
0.5666623583307797 0.8882476260066607
0.5707027623711838 0.8882476260066607
0.5747431664115878 0.8882476260066607
0.5787835704519919 0.8882476260066607
0.582823974492396 0.8882476260066607
0.5868643785328 0.8882476260066607
0.590904782573204 0.8882476260066607
0.5949451866136081 0.8882476260066607
0.598985590654012 0.8882476260066607
0.6030259946944161 0.8882476260066607
0.6070663987348202 0.8882476260066607
0.6111068027752242 0.8882476260066607
0.6151472068156283 0.8882476260066607
0.6191876108560324 0.8882476260066607
0.6232280148964363 0.8882476260066607
0.6272684189368404 0.8882476260066607
0.6313088229772444 0.8882476260066607
0.6353492270176484 0.8882476260066607
0.6393896310580525 0.8882476260066607
0.6434300350984565 0.8882476260066607
0.6474704391388606 0.8882476260066607
0.6515108431792647 0.8882476260066607
0.6555512472196687 0.8882476260066607
0.6595916512600727 0.8882476260066607
0.6636320553004768 0.8882476260066607
0.6676724593408807 0.8882476260066607
0.6717128633812848 0.8882476260066607
0.6757532674216888 0.8882476260066607
0.6797936714620929 0.8882476260066607
0.683834075502497 0.8882476260066607
0.687874479542901 0.8882476260066607
0.6919148835833051 0.8882476260066607
0.6959552876237091 0.8882476260066607
0.6999956916641131 0.8882476260066607
0.2999956916641131 0.8922880300470648
0.3040360957045172 0.8922880300470648
0.3080764997449212 0.8922880300470648
0.3121169037853252 0.8922880300470648
0.31615730782572926 0.8922880300470648
0.3201977118661333 0.8922880300470648
0.32423811590653734 0.8922880300470648
0.3282785199469414 0.8922880300470648
0.3323189239873454 0.8922880300470648
0.3363593280277495 0.8922880300470648
0.3403997320681535 0.8922880300470648
0.34444013610855756 0.8922880300470648
0.34848054014896157 0.8922880300470648
0.35252094418936564 0.8922880300470648
0.3565613482297697 0.8922880300470648
0.3606017522701737 0.8922880300470648
0.3646421563105777 0.8922880300470648
0.3686825603509818 0.8922880300470648
0.37272296439138586 0.8922880300470648
0.37676336843178987 0.8922880300470648
0.3808037724721939 0.8922880300470648
0.38484417651259795 0.8922880300470648
0.388884580553002 0.8922880300470648
0.392924984593406 0.8922880300470648
0.3969653886338101 0.8922880300470648
0.4010057926742141 0.8922880300470648
0.40504619671461817 0.8922880300470648
0.4090866007550222 0.8922880300470648
0.41312700479542624 0.8922880300470648
0.41716740883583026 0.8922880300470648
0.4212078128762343 0.8922880300470648
0.4252482169166384 0.8922880300470648
0.4292886209570424 0.8922880300470648
0.4333290249974464 0.8922880300470648
0.4373694290378505 0.8922880300470648
0.44140983307825454 0.8922880300470648
0.44545023711865855 0.8922880300470648
0.4575714492398707 0.8922880300470648
0.4656522573206788 0.8922880300470648
0.4696926613610828 0.8922880300470648
0.47373306540148685 0.8922880300470648
0.4777734694418909 0.8922880300470648
0.48181387348229493 0.8922880300470648
0.48585427752269894 0.8922880300470648
0.489894681563103 0.8922880300470648
0.4939350856035071 0.8922880300470648
0.4979754896439111 0.8922880300470648
0.5020158936843151 0.8922880300470648
0.5060562977247192 0.8922880300470648
0.5100967017651232 0.8922880300470648
0.5141371058055273 0.8922880300470648
0.5181775098459313 0.8922880300470648
0.5222179138863353 0.8922880300470648
0.5262583179267394 0.8922880300470648
0.5302987219671434 0.8922880300470648
0.5343391260075474 0.8922880300470648
0.5383795300479515 0.8922880300470648
0.5424199340883555 0.8922880300470648
0.5464603381287596 0.8922880300470648
0.5505007421691637 0.8922880300470648
0.5545411462095676 0.8922880300470648
0.5585815502499717 0.8922880300470648
0.5626219542903758 0.8922880300470648
0.5666623583307797 0.8922880300470648
0.5707027623711838 0.8922880300470648
0.5747431664115878 0.8922880300470648
0.5787835704519919 0.8922880300470648
0.582823974492396 0.8922880300470648
0.5868643785328 0.8922880300470648
0.590904782573204 0.8922880300470648
0.5949451866136081 0.8922880300470648
0.598985590654012 0.8922880300470648
0.6030259946944161 0.8922880300470648
0.6070663987348202 0.8922880300470648
0.6111068027752242 0.8922880300470648
0.6151472068156283 0.8922880300470648
0.6191876108560324 0.8922880300470648
0.6232280148964363 0.8922880300470648
0.6272684189368404 0.8922880300470648
0.6313088229772444 0.8922880300470648
0.6353492270176484 0.8922880300470648
0.6393896310580525 0.8922880300470648
0.6434300350984565 0.8922880300470648
0.6474704391388606 0.8922880300470648
0.6515108431792647 0.8922880300470648
0.6555512472196687 0.8922880300470648
0.6595916512600727 0.8922880300470648
0.6636320553004768 0.8922880300470648
0.6676724593408807 0.8922880300470648
0.6717128633812848 0.8922880300470648
0.6757532674216888 0.8922880300470648
0.6797936714620929 0.8922880300470648
0.683834075502497 0.8922880300470648
0.687874479542901 0.8922880300470648
0.6919148835833051 0.8922880300470648
0.6959552876237091 0.8922880300470648
0.6999956916641131 0.8922880300470648
0.2999956916641131 0.8963284340874689
0.3040360957045172 0.8963284340874689
0.3080764997449212 0.8963284340874689
0.3121169037853252 0.8963284340874689
0.31615730782572926 0.8963284340874689
0.3201977118661333 0.8963284340874689
0.32423811590653734 0.8963284340874689
0.3282785199469414 0.8963284340874689
0.3323189239873454 0.8963284340874689
0.3363593280277495 0.8963284340874689
0.3403997320681535 0.8963284340874689
0.34444013610855756 0.8963284340874689
0.34848054014896157 0.8963284340874689
0.35252094418936564 0.8963284340874689
0.3565613482297697 0.8963284340874689
0.3606017522701737 0.8963284340874689
0.3646421563105777 0.8963284340874689
0.3686825603509818 0.8963284340874689
0.37272296439138586 0.8963284340874689
0.37676336843178987 0.8963284340874689
0.3808037724721939 0.8963284340874689
0.38484417651259795 0.8963284340874689
0.388884580553002 0.8963284340874689
0.392924984593406 0.8963284340874689
0.3969653886338101 0.8963284340874689
0.4010057926742141 0.8963284340874689
0.40504619671461817 0.8963284340874689
0.4090866007550222 0.8963284340874689
0.41312700479542624 0.8963284340874689
0.41716740883583026 0.8963284340874689
0.4212078128762343 0.8963284340874689
0.4252482169166384 0.8963284340874689
0.4292886209570424 0.8963284340874689
0.4333290249974464 0.8963284340874689
0.4373694290378505 0.8963284340874689
0.44949064115906257 0.8963284340874689
0.45353104519946663 0.8963284340874689
0.4575714492398707 0.8963284340874689
0.4616118532802747 0.8963284340874689
0.4656522573206788 0.8963284340874689
0.4696926613610828 0.8963284340874689
0.47373306540148685 0.8963284340874689
0.4777734694418909 0.8963284340874689
0.48181387348229493 0.8963284340874689
0.48585427752269894 0.8963284340874689
0.489894681563103 0.8963284340874689
0.4939350856035071 0.8963284340874689
0.4979754896439111 0.8963284340874689
0.5020158936843151 0.8963284340874689
0.5060562977247192 0.8963284340874689
0.5100967017651232 0.8963284340874689
0.5141371058055273 0.8963284340874689
0.5181775098459313 0.8963284340874689
0.5222179138863353 0.8963284340874689
0.5262583179267394 0.8963284340874689
0.5302987219671434 0.8963284340874689
0.5343391260075474 0.8963284340874689
0.5383795300479515 0.8963284340874689
0.5424199340883555 0.8963284340874689
0.5464603381287596 0.8963284340874689
0.5505007421691637 0.8963284340874689
0.5545411462095676 0.8963284340874689
0.5585815502499717 0.8963284340874689
0.5626219542903758 0.8963284340874689
0.5666623583307797 0.8963284340874689
0.5707027623711838 0.8963284340874689
0.5747431664115878 0.8963284340874689
0.5787835704519919 0.8963284340874689
0.582823974492396 0.8963284340874689
0.5868643785328 0.8963284340874689
0.590904782573204 0.8963284340874689
0.5949451866136081 0.8963284340874689
0.598985590654012 0.8963284340874689
0.6030259946944161 0.8963284340874689
0.6070663987348202 0.8963284340874689
0.6111068027752242 0.8963284340874689
0.6151472068156283 0.8963284340874689
0.6191876108560324 0.8963284340874689
0.6232280148964363 0.8963284340874689
0.6272684189368404 0.8963284340874689
0.6313088229772444 0.8963284340874689
0.6353492270176484 0.8963284340874689
0.6393896310580525 0.8963284340874689
0.6434300350984565 0.8963284340874689
0.6474704391388606 0.8963284340874689
0.6515108431792647 0.8963284340874689
0.6555512472196687 0.8963284340874689
0.6595916512600727 0.8963284340874689
0.6636320553004768 0.8963284340874689
0.6676724593408807 0.8963284340874689
0.6717128633812848 0.8963284340874689
0.6757532674216888 0.8963284340874689
0.6797936714620929 0.8963284340874689
0.683834075502497 0.8963284340874689
0.687874479542901 0.8963284340874689
0.6919148835833051 0.8963284340874689
0.6959552876237091 0.8963284340874689
0.6999956916641131 0.8963284340874689
0.2999956916641131 0.9003688381278729
0.3040360957045172 0.9003688381278729
0.3080764997449212 0.9003688381278729
0.3121169037853252 0.9003688381278729
0.31615730782572926 0.9003688381278729
0.3201977118661333 0.9003688381278729
0.32423811590653734 0.9003688381278729
0.3282785199469414 0.9003688381278729
0.3323189239873454 0.9003688381278729
0.3363593280277495 0.9003688381278729
0.3403997320681535 0.9003688381278729
0.34444013610855756 0.9003688381278729
0.34848054014896157 0.9003688381278729
0.35252094418936564 0.9003688381278729
0.3565613482297697 0.9003688381278729
0.3606017522701737 0.9003688381278729
0.3646421563105777 0.9003688381278729
0.3686825603509818 0.9003688381278729
0.37272296439138586 0.9003688381278729
0.37676336843178987 0.9003688381278729
0.3808037724721939 0.9003688381278729
0.38484417651259795 0.9003688381278729
0.388884580553002 0.9003688381278729
0.392924984593406 0.9003688381278729
0.3969653886338101 0.9003688381278729
0.4010057926742141 0.9003688381278729
0.40504619671461817 0.9003688381278729
0.4090866007550222 0.9003688381278729
0.41312700479542624 0.9003688381278729
0.41716740883583026 0.9003688381278729
0.4212078128762343 0.9003688381278729
0.4252482169166384 0.9003688381278729
0.4292886209570424 0.9003688381278729
0.44140983307825454 0.9003688381278729
0.44545023711865855 0.9003688381278729
0.44949064115906257 0.9003688381278729
0.45353104519946663 0.9003688381278729
0.4575714492398707 0.9003688381278729
0.4616118532802747 0.9003688381278729
0.4656522573206788 0.9003688381278729
0.4696926613610828 0.9003688381278729
0.47373306540148685 0.9003688381278729
0.4777734694418909 0.9003688381278729
0.48181387348229493 0.9003688381278729
0.48585427752269894 0.9003688381278729
0.489894681563103 0.9003688381278729
0.4939350856035071 0.9003688381278729
0.4979754896439111 0.9003688381278729
0.5020158936843151 0.9003688381278729
0.5060562977247192 0.9003688381278729
0.5100967017651232 0.9003688381278729
0.5141371058055273 0.9003688381278729
0.5181775098459313 0.9003688381278729
0.5222179138863353 0.9003688381278729
0.5262583179267394 0.9003688381278729
0.5302987219671434 0.9003688381278729
0.5343391260075474 0.9003688381278729
0.5383795300479515 0.9003688381278729
0.5424199340883555 0.9003688381278729
0.5464603381287596 0.9003688381278729
0.5505007421691637 0.9003688381278729
0.5545411462095676 0.9003688381278729
0.5585815502499717 0.9003688381278729
0.5626219542903758 0.9003688381278729
0.5666623583307797 0.9003688381278729
0.5707027623711838 0.9003688381278729
0.5747431664115878 0.9003688381278729
0.5787835704519919 0.9003688381278729
0.582823974492396 0.9003688381278729
0.5868643785328 0.9003688381278729
0.590904782573204 0.9003688381278729
0.5949451866136081 0.9003688381278729
0.598985590654012 0.9003688381278729
0.6030259946944161 0.9003688381278729
0.6070663987348202 0.9003688381278729
0.6111068027752242 0.9003688381278729
0.6151472068156283 0.9003688381278729
0.6191876108560324 0.9003688381278729
0.6232280148964363 0.9003688381278729
0.6272684189368404 0.9003688381278729
0.6313088229772444 0.9003688381278729
0.6353492270176484 0.9003688381278729
0.6393896310580525 0.9003688381278729
0.6434300350984565 0.9003688381278729
0.6474704391388606 0.9003688381278729
0.6515108431792647 0.9003688381278729
0.6555512472196687 0.9003688381278729
0.6595916512600727 0.9003688381278729
0.6636320553004768 0.9003688381278729
0.6676724593408807 0.9003688381278729
0.6717128633812848 0.9003688381278729
0.6757532674216888 0.9003688381278729
0.6797936714620929 0.9003688381278729
0.683834075502497 0.9003688381278729
0.687874479542901 0.9003688381278729
0.6919148835833051 0.9003688381278729
0.6959552876237091 0.9003688381278729
0.6999956916641131 0.9003688381278729
0.2999956916641131 0.904409242168277
0.3040360957045172 0.904409242168277
0.3080764997449212 0.904409242168277
0.3121169037853252 0.904409242168277
0.31615730782572926 0.904409242168277
0.3201977118661333 0.904409242168277
0.32423811590653734 0.904409242168277
0.3282785199469414 0.904409242168277
0.3323189239873454 0.904409242168277
0.3363593280277495 0.904409242168277
0.3403997320681535 0.904409242168277
0.34444013610855756 0.904409242168277
0.34848054014896157 0.904409242168277
0.35252094418936564 0.904409242168277
0.3565613482297697 0.904409242168277
0.3606017522701737 0.904409242168277
0.3646421563105777 0.904409242168277
0.3686825603509818 0.904409242168277
0.37272296439138586 0.904409242168277
0.37676336843178987 0.904409242168277
0.3808037724721939 0.904409242168277
0.38484417651259795 0.904409242168277
0.388884580553002 0.904409242168277
0.392924984593406 0.904409242168277
0.3969653886338101 0.904409242168277
0.4010057926742141 0.904409242168277
0.40504619671461817 0.904409242168277
0.4090866007550222 0.904409242168277
0.41312700479542624 0.904409242168277
0.41716740883583026 0.904409242168277
0.4212078128762343 0.904409242168277
0.4333290249974464 0.904409242168277
0.4373694290378505 0.904409242168277
0.44140983307825454 0.904409242168277
0.44545023711865855 0.904409242168277
0.44949064115906257 0.904409242168277
0.45353104519946663 0.904409242168277
0.4616118532802747 0.904409242168277
0.4656522573206788 0.904409242168277
0.4696926613610828 0.904409242168277
0.47373306540148685 0.904409242168277
0.4777734694418909 0.904409242168277
0.48181387348229493 0.904409242168277
0.48585427752269894 0.904409242168277
0.489894681563103 0.904409242168277
0.4939350856035071 0.904409242168277
0.4979754896439111 0.904409242168277
0.5020158936843151 0.904409242168277
0.5060562977247192 0.904409242168277
0.5100967017651232 0.904409242168277
0.5141371058055273 0.904409242168277
0.5181775098459313 0.904409242168277
0.5222179138863353 0.904409242168277
0.5262583179267394 0.904409242168277
0.5302987219671434 0.904409242168277
0.5343391260075474 0.904409242168277
0.5383795300479515 0.904409242168277
0.5424199340883555 0.904409242168277
0.5464603381287596 0.904409242168277
0.5505007421691637 0.904409242168277
0.5545411462095676 0.904409242168277
0.5585815502499717 0.904409242168277
0.5626219542903758 0.904409242168277
0.5666623583307797 0.904409242168277
0.5707027623711838 0.904409242168277
0.5747431664115878 0.904409242168277
0.5787835704519919 0.904409242168277
0.582823974492396 0.904409242168277
0.5868643785328 0.904409242168277
0.590904782573204 0.904409242168277
0.5949451866136081 0.904409242168277
0.598985590654012 0.904409242168277
0.6030259946944161 0.904409242168277
0.6070663987348202 0.904409242168277
0.6111068027752242 0.904409242168277
0.6151472068156283 0.904409242168277
0.6191876108560324 0.904409242168277
0.6232280148964363 0.904409242168277
0.6272684189368404 0.904409242168277
0.6313088229772444 0.904409242168277
0.6353492270176484 0.904409242168277
0.6393896310580525 0.904409242168277
0.6434300350984565 0.904409242168277
0.6474704391388606 0.904409242168277
0.6515108431792647 0.904409242168277
0.6555512472196687 0.904409242168277
0.6595916512600727 0.904409242168277
0.6636320553004768 0.904409242168277
0.6676724593408807 0.904409242168277
0.6717128633812848 0.904409242168277
0.6757532674216888 0.904409242168277
0.6797936714620929 0.904409242168277
0.683834075502497 0.904409242168277
0.687874479542901 0.904409242168277
0.6919148835833051 0.904409242168277
0.6959552876237091 0.904409242168277
0.6999956916641131 0.904409242168277
0.2999956916641131 0.9084496462086811
0.3040360957045172 0.9084496462086811
0.3080764997449212 0.9084496462086811
0.3121169037853252 0.9084496462086811
0.31615730782572926 0.9084496462086811
0.3201977118661333 0.9084496462086811
0.32423811590653734 0.9084496462086811
0.3282785199469414 0.9084496462086811
0.3323189239873454 0.9084496462086811
0.3363593280277495 0.9084496462086811
0.3403997320681535 0.9084496462086811
0.34444013610855756 0.9084496462086811
0.34848054014896157 0.9084496462086811
0.35252094418936564 0.9084496462086811
0.3565613482297697 0.9084496462086811
0.3606017522701737 0.9084496462086811
0.3646421563105777 0.9084496462086811
0.3686825603509818 0.9084496462086811
0.37272296439138586 0.9084496462086811
0.37676336843178987 0.9084496462086811
0.3808037724721939 0.9084496462086811
0.38484417651259795 0.9084496462086811
0.388884580553002 0.9084496462086811
0.392924984593406 0.9084496462086811
0.3969653886338101 0.9084496462086811
0.4010057926742141 0.9084496462086811
0.40504619671461817 0.9084496462086811
0.4090866007550222 0.9084496462086811
0.41312700479542624 0.9084496462086811
0.4252482169166384 0.9084496462086811
0.4333290249974464 0.9084496462086811
0.4373694290378505 0.9084496462086811
0.44140983307825454 0.9084496462086811
0.44545023711865855 0.9084496462086811
0.44949064115906257 0.9084496462086811
0.45353104519946663 0.9084496462086811
0.4575714492398707 0.9084496462086811
0.4616118532802747 0.9084496462086811
0.4656522573206788 0.9084496462086811
0.4696926613610828 0.9084496462086811
0.47373306540148685 0.9084496462086811
0.4777734694418909 0.9084496462086811
0.48181387348229493 0.9084496462086811
0.48585427752269894 0.9084496462086811
0.489894681563103 0.9084496462086811
0.4939350856035071 0.9084496462086811
0.4979754896439111 0.9084496462086811
0.5020158936843151 0.9084496462086811
0.5060562977247192 0.9084496462086811
0.5100967017651232 0.9084496462086811
0.5141371058055273 0.9084496462086811
0.5181775098459313 0.9084496462086811
0.5222179138863353 0.9084496462086811
0.5262583179267394 0.9084496462086811
0.5302987219671434 0.9084496462086811
0.5343391260075474 0.9084496462086811
0.5383795300479515 0.9084496462086811
0.5424199340883555 0.9084496462086811
0.5464603381287596 0.9084496462086811
0.5505007421691637 0.9084496462086811
0.5545411462095676 0.9084496462086811
0.5585815502499717 0.9084496462086811
0.5626219542903758 0.9084496462086811
0.5666623583307797 0.9084496462086811
0.5707027623711838 0.9084496462086811
0.5747431664115878 0.9084496462086811
0.5787835704519919 0.9084496462086811
0.582823974492396 0.9084496462086811
0.5868643785328 0.9084496462086811
0.590904782573204 0.9084496462086811
0.5949451866136081 0.9084496462086811
0.598985590654012 0.9084496462086811
0.6030259946944161 0.9084496462086811
0.6070663987348202 0.9084496462086811
0.6111068027752242 0.9084496462086811
0.6151472068156283 0.9084496462086811
0.6191876108560324 0.9084496462086811
0.6232280148964363 0.9084496462086811
0.6272684189368404 0.9084496462086811
0.6313088229772444 0.9084496462086811
0.6353492270176484 0.9084496462086811
0.6393896310580525 0.9084496462086811
0.6434300350984565 0.9084496462086811
0.6474704391388606 0.9084496462086811
0.6515108431792647 0.9084496462086811
0.6555512472196687 0.9084496462086811
0.6595916512600727 0.9084496462086811
0.6636320553004768 0.9084496462086811
0.6676724593408807 0.9084496462086811
0.6717128633812848 0.9084496462086811
0.6757532674216888 0.9084496462086811
0.6797936714620929 0.9084496462086811
0.683834075502497 0.9084496462086811
0.687874479542901 0.9084496462086811
0.6919148835833051 0.9084496462086811
0.6959552876237091 0.9084496462086811
0.6999956916641131 0.9084496462086811
0.2999956916641131 0.912490050249085
0.3040360957045172 0.912490050249085
0.3080764997449212 0.912490050249085
0.3121169037853252 0.912490050249085
0.31615730782572926 0.912490050249085
0.3201977118661333 0.912490050249085
0.32423811590653734 0.912490050249085
0.3282785199469414 0.912490050249085
0.3323189239873454 0.912490050249085
0.3363593280277495 0.912490050249085
0.3403997320681535 0.912490050249085
0.34444013610855756 0.912490050249085
0.34848054014896157 0.912490050249085
0.35252094418936564 0.912490050249085
0.3565613482297697 0.912490050249085
0.3606017522701737 0.912490050249085
0.3646421563105777 0.912490050249085
0.3686825603509818 0.912490050249085
0.37272296439138586 0.912490050249085
0.37676336843178987 0.912490050249085
0.3808037724721939 0.912490050249085
0.38484417651259795 0.912490050249085
0.388884580553002 0.912490050249085
0.392924984593406 0.912490050249085
0.3969653886338101 0.912490050249085
0.4010057926742141 0.912490050249085
0.40504619671461817 0.912490050249085
0.41312700479542624 0.912490050249085
0.41716740883583026 0.912490050249085
0.4252482169166384 0.912490050249085
0.4292886209570424 0.912490050249085
0.4333290249974464 0.912490050249085
0.4373694290378505 0.912490050249085
0.44140983307825454 0.912490050249085
0.44545023711865855 0.912490050249085
0.44949064115906257 0.912490050249085
0.45353104519946663 0.912490050249085
0.4575714492398707 0.912490050249085
0.4616118532802747 0.912490050249085
0.4656522573206788 0.912490050249085
0.4696926613610828 0.912490050249085
0.47373306540148685 0.912490050249085
0.4777734694418909 0.912490050249085
0.48181387348229493 0.912490050249085
0.48585427752269894 0.912490050249085
0.489894681563103 0.912490050249085
0.4939350856035071 0.912490050249085
0.4979754896439111 0.912490050249085
0.5020158936843151 0.912490050249085
0.5060562977247192 0.912490050249085
0.5100967017651232 0.912490050249085
0.5141371058055273 0.912490050249085
0.5181775098459313 0.912490050249085
0.5222179138863353 0.912490050249085
0.5262583179267394 0.912490050249085
0.5302987219671434 0.912490050249085
0.5343391260075474 0.912490050249085
0.5383795300479515 0.912490050249085
0.5424199340883555 0.912490050249085
0.5464603381287596 0.912490050249085
0.5505007421691637 0.912490050249085
0.5545411462095676 0.912490050249085
0.5585815502499717 0.912490050249085
0.5626219542903758 0.912490050249085
0.5666623583307797 0.912490050249085
0.5707027623711838 0.912490050249085
0.5747431664115878 0.912490050249085
0.5787835704519919 0.912490050249085
0.582823974492396 0.912490050249085
0.5868643785328 0.912490050249085
0.590904782573204 0.912490050249085
0.5949451866136081 0.912490050249085
0.598985590654012 0.912490050249085
0.6030259946944161 0.912490050249085
0.6070663987348202 0.912490050249085
0.6111068027752242 0.912490050249085
0.6151472068156283 0.912490050249085
0.6191876108560324 0.912490050249085
0.6232280148964363 0.912490050249085
0.6272684189368404 0.912490050249085
0.6313088229772444 0.912490050249085
0.6353492270176484 0.912490050249085
0.6393896310580525 0.912490050249085
0.6434300350984565 0.912490050249085
0.6474704391388606 0.912490050249085
0.6515108431792647 0.912490050249085
0.6555512472196687 0.912490050249085
0.6595916512600727 0.912490050249085
0.6636320553004768 0.912490050249085
0.6676724593408807 0.912490050249085
0.6717128633812848 0.912490050249085
0.6757532674216888 0.912490050249085
0.6797936714620929 0.912490050249085
0.683834075502497 0.912490050249085
0.687874479542901 0.912490050249085
0.6919148835833051 0.912490050249085
0.6959552876237091 0.912490050249085
0.6999956916641131 0.912490050249085
0.2999956916641131 0.9165304542894891
0.3040360957045172 0.9165304542894891
0.3080764997449212 0.9165304542894891
0.3121169037853252 0.9165304542894891
0.31615730782572926 0.9165304542894891
0.3201977118661333 0.9165304542894891
0.32423811590653734 0.9165304542894891
0.3282785199469414 0.9165304542894891
0.3323189239873454 0.9165304542894891
0.3363593280277495 0.9165304542894891
0.3403997320681535 0.9165304542894891
0.34444013610855756 0.9165304542894891
0.34848054014896157 0.9165304542894891
0.35252094418936564 0.9165304542894891
0.3565613482297697 0.9165304542894891
0.3606017522701737 0.9165304542894891
0.3646421563105777 0.9165304542894891
0.3686825603509818 0.9165304542894891
0.37272296439138586 0.9165304542894891
0.37676336843178987 0.9165304542894891
0.3808037724721939 0.9165304542894891
0.38484417651259795 0.9165304542894891
0.388884580553002 0.9165304542894891
0.392924984593406 0.9165304542894891
0.3969653886338101 0.9165304542894891
0.40504619671461817 0.9165304542894891
0.4090866007550222 0.9165304542894891
0.41312700479542624 0.9165304542894891
0.41716740883583026 0.9165304542894891
0.4212078128762343 0.9165304542894891
0.4252482169166384 0.9165304542894891
0.4292886209570424 0.9165304542894891
0.4333290249974464 0.9165304542894891
0.4373694290378505 0.9165304542894891
0.44140983307825454 0.9165304542894891
0.44545023711865855 0.9165304542894891
0.44949064115906257 0.9165304542894891
0.45353104519946663 0.9165304542894891
0.4575714492398707 0.9165304542894891
0.4616118532802747 0.9165304542894891
0.4656522573206788 0.9165304542894891
0.4696926613610828 0.9165304542894891
0.47373306540148685 0.9165304542894891
0.4777734694418909 0.9165304542894891
0.48181387348229493 0.9165304542894891
0.48585427752269894 0.9165304542894891
0.489894681563103 0.9165304542894891
0.4939350856035071 0.9165304542894891
0.4979754896439111 0.9165304542894891
0.5020158936843151 0.9165304542894891
0.5060562977247192 0.9165304542894891
0.5100967017651232 0.9165304542894891
0.5141371058055273 0.9165304542894891
0.5181775098459313 0.9165304542894891
0.5222179138863353 0.9165304542894891
0.5262583179267394 0.9165304542894891
0.5302987219671434 0.9165304542894891
0.5343391260075474 0.9165304542894891
0.5383795300479515 0.9165304542894891
0.5424199340883555 0.9165304542894891
0.5464603381287596 0.9165304542894891
0.5505007421691637 0.9165304542894891
0.5545411462095676 0.9165304542894891
0.5585815502499717 0.9165304542894891
0.5626219542903758 0.9165304542894891
0.5666623583307797 0.9165304542894891
0.5707027623711838 0.9165304542894891
0.5747431664115878 0.9165304542894891
0.5787835704519919 0.9165304542894891
0.582823974492396 0.9165304542894891
0.5868643785328 0.9165304542894891
0.590904782573204 0.9165304542894891
0.5949451866136081 0.9165304542894891
0.598985590654012 0.9165304542894891
0.6030259946944161 0.9165304542894891
0.6070663987348202 0.9165304542894891
0.6111068027752242 0.9165304542894891
0.6151472068156283 0.9165304542894891
0.6191876108560324 0.9165304542894891
0.6232280148964363 0.9165304542894891
0.6272684189368404 0.9165304542894891
0.6313088229772444 0.9165304542894891
0.6353492270176484 0.9165304542894891
0.6393896310580525 0.9165304542894891
0.6434300350984565 0.9165304542894891
0.6474704391388606 0.9165304542894891
0.6515108431792647 0.9165304542894891
0.6555512472196687 0.9165304542894891
0.6595916512600727 0.9165304542894891
0.6636320553004768 0.9165304542894891
0.6676724593408807 0.9165304542894891
0.6717128633812848 0.9165304542894891
0.6757532674216888 0.9165304542894891
0.6797936714620929 0.9165304542894891
0.683834075502497 0.9165304542894891
0.687874479542901 0.9165304542894891
0.6919148835833051 0.9165304542894891
0.6959552876237091 0.9165304542894891
0.6999956916641131 0.9165304542894891
0.2999956916641131 0.920570858329893
0.3040360957045172 0.920570858329893
0.3080764997449212 0.920570858329893
0.3121169037853252 0.920570858329893
0.31615730782572926 0.920570858329893
0.3201977118661333 0.920570858329893
0.32423811590653734 0.920570858329893
0.3282785199469414 0.920570858329893
0.3323189239873454 0.920570858329893
0.3363593280277495 0.920570858329893
0.3403997320681535 0.920570858329893
0.34444013610855756 0.920570858329893
0.34848054014896157 0.920570858329893
0.35252094418936564 0.920570858329893
0.3565613482297697 0.920570858329893
0.3606017522701737 0.920570858329893
0.3646421563105777 0.920570858329893
0.3686825603509818 0.920570858329893
0.37272296439138586 0.920570858329893
0.37676336843178987 0.920570858329893
0.3808037724721939 0.920570858329893
0.38484417651259795 0.920570858329893
0.3969653886338101 0.920570858329893
0.40504619671461817 0.920570858329893
0.4090866007550222 0.920570858329893
0.41312700479542624 0.920570858329893
0.41716740883583026 0.920570858329893
0.4212078128762343 0.920570858329893
0.4292886209570424 0.920570858329893
0.4333290249974464 0.920570858329893
0.4373694290378505 0.920570858329893
0.44140983307825454 0.920570858329893
0.44545023711865855 0.920570858329893
0.44949064115906257 0.920570858329893
0.45353104519946663 0.920570858329893
0.4575714492398707 0.920570858329893
0.4616118532802747 0.920570858329893
0.4656522573206788 0.920570858329893
0.4696926613610828 0.920570858329893
0.47373306540148685 0.920570858329893
0.4777734694418909 0.920570858329893
0.48181387348229493 0.920570858329893
0.48585427752269894 0.920570858329893
0.489894681563103 0.920570858329893
0.4939350856035071 0.920570858329893
0.4979754896439111 0.920570858329893
0.5020158936843151 0.920570858329893
0.5060562977247192 0.920570858329893
0.5100967017651232 0.920570858329893
0.5141371058055273 0.920570858329893
0.5181775098459313 0.920570858329893
0.5222179138863353 0.920570858329893
0.5262583179267394 0.920570858329893
0.5302987219671434 0.920570858329893
0.5343391260075474 0.920570858329893
0.5383795300479515 0.920570858329893
0.5424199340883555 0.920570858329893
0.5464603381287596 0.920570858329893
0.5505007421691637 0.920570858329893
0.5545411462095676 0.920570858329893
0.5585815502499717 0.920570858329893
0.5626219542903758 0.920570858329893
0.5666623583307797 0.920570858329893
0.5707027623711838 0.920570858329893
0.5747431664115878 0.920570858329893
0.5787835704519919 0.920570858329893
0.582823974492396 0.920570858329893
0.5868643785328 0.920570858329893
0.590904782573204 0.920570858329893
0.5949451866136081 0.920570858329893
0.598985590654012 0.920570858329893
0.6030259946944161 0.920570858329893
0.6070663987348202 0.920570858329893
0.6111068027752242 0.920570858329893
0.6151472068156283 0.920570858329893
0.6191876108560324 0.920570858329893
0.6232280148964363 0.920570858329893
0.6272684189368404 0.920570858329893
0.6313088229772444 0.920570858329893
0.6353492270176484 0.920570858329893
0.6393896310580525 0.920570858329893
0.6434300350984565 0.920570858329893
0.6474704391388606 0.920570858329893
0.6515108431792647 0.920570858329893
0.6555512472196687 0.920570858329893
0.6595916512600727 0.920570858329893
0.6636320553004768 0.920570858329893
0.6676724593408807 0.920570858329893
0.6717128633812848 0.920570858329893
0.6757532674216888 0.920570858329893
0.6797936714620929 0.920570858329893
0.683834075502497 0.920570858329893
0.687874479542901 0.920570858329893
0.6919148835833051 0.920570858329893
0.6959552876237091 0.920570858329893
0.6999956916641131 0.920570858329893
0.2999956916641131 0.9246112623702971
0.3040360957045172 0.9246112623702971
0.3080764997449212 0.9246112623702971
0.3121169037853252 0.9246112623702971
0.31615730782572926 0.9246112623702971
0.3201977118661333 0.9246112623702971
0.32423811590653734 0.9246112623702971
0.3282785199469414 0.9246112623702971
0.3323189239873454 0.9246112623702971
0.3363593280277495 0.9246112623702971
0.3403997320681535 0.9246112623702971
0.34444013610855756 0.9246112623702971
0.34848054014896157 0.9246112623702971
0.35252094418936564 0.9246112623702971
0.3565613482297697 0.9246112623702971
0.3606017522701737 0.9246112623702971
0.3646421563105777 0.9246112623702971
0.3686825603509818 0.9246112623702971
0.37272296439138586 0.9246112623702971
0.37676336843178987 0.9246112623702971
0.388884580553002 0.9246112623702971
0.392924984593406 0.9246112623702971
0.3969653886338101 0.9246112623702971
0.4010057926742141 0.9246112623702971
0.40504619671461817 0.9246112623702971
0.4090866007550222 0.9246112623702971
0.41312700479542624 0.9246112623702971
0.41716740883583026 0.9246112623702971
0.4212078128762343 0.9246112623702971
0.4252482169166384 0.9246112623702971
0.4292886209570424 0.9246112623702971
0.4333290249974464 0.9246112623702971
0.4373694290378505 0.9246112623702971
0.44140983307825454 0.9246112623702971
0.44545023711865855 0.9246112623702971
0.44949064115906257 0.9246112623702971
0.45353104519946663 0.9246112623702971
0.4575714492398707 0.9246112623702971
0.4616118532802747 0.9246112623702971
0.4656522573206788 0.9246112623702971
0.4696926613610828 0.9246112623702971
0.47373306540148685 0.9246112623702971
0.4777734694418909 0.9246112623702971
0.48181387348229493 0.9246112623702971
0.48585427752269894 0.9246112623702971
0.489894681563103 0.9246112623702971
0.4939350856035071 0.9246112623702971
0.4979754896439111 0.9246112623702971
0.5020158936843151 0.9246112623702971
0.5060562977247192 0.9246112623702971
0.5100967017651232 0.9246112623702971
0.5141371058055273 0.9246112623702971
0.5181775098459313 0.9246112623702971
0.5222179138863353 0.9246112623702971
0.5262583179267394 0.9246112623702971
0.5302987219671434 0.9246112623702971
0.5343391260075474 0.9246112623702971
0.5383795300479515 0.9246112623702971
0.5424199340883555 0.9246112623702971
0.5464603381287596 0.9246112623702971
0.5505007421691637 0.9246112623702971
0.5545411462095676 0.9246112623702971
0.5585815502499717 0.9246112623702971
0.5626219542903758 0.9246112623702971
0.5666623583307797 0.9246112623702971
0.5707027623711838 0.9246112623702971
0.5747431664115878 0.9246112623702971
0.5787835704519919 0.9246112623702971
0.582823974492396 0.9246112623702971
0.5868643785328 0.9246112623702971
0.590904782573204 0.9246112623702971
0.5949451866136081 0.9246112623702971
0.598985590654012 0.9246112623702971
0.6030259946944161 0.9246112623702971
0.6070663987348202 0.9246112623702971
0.6111068027752242 0.9246112623702971
0.6151472068156283 0.9246112623702971
0.6191876108560324 0.9246112623702971
0.6232280148964363 0.9246112623702971
0.6272684189368404 0.9246112623702971
0.6313088229772444 0.9246112623702971
0.6353492270176484 0.9246112623702971
0.6393896310580525 0.9246112623702971
0.6434300350984565 0.9246112623702971
0.6474704391388606 0.9246112623702971
0.6515108431792647 0.9246112623702971
0.6555512472196687 0.9246112623702971
0.6595916512600727 0.9246112623702971
0.6636320553004768 0.9246112623702971
0.6676724593408807 0.9246112623702971
0.6717128633812848 0.9246112623702971
0.6757532674216888 0.9246112623702971
0.6797936714620929 0.9246112623702971
0.683834075502497 0.9246112623702971
0.687874479542901 0.9246112623702971
0.6919148835833051 0.9246112623702971
0.6959552876237091 0.9246112623702971
0.6999956916641131 0.9246112623702971
0.2999956916641131 0.9286516664107012
0.3040360957045172 0.9286516664107012
0.3080764997449212 0.9286516664107012
0.3121169037853252 0.9286516664107012
0.31615730782572926 0.9286516664107012
0.3201977118661333 0.9286516664107012
0.32423811590653734 0.9286516664107012
0.3282785199469414 0.9286516664107012
0.3323189239873454 0.9286516664107012
0.3363593280277495 0.9286516664107012
0.3403997320681535 0.9286516664107012
0.34444013610855756 0.9286516664107012
0.34848054014896157 0.9286516664107012
0.35252094418936564 0.9286516664107012
0.3565613482297697 0.9286516664107012
0.3606017522701737 0.9286516664107012
0.3646421563105777 0.9286516664107012
0.37676336843178987 0.9286516664107012
0.3808037724721939 0.9286516664107012
0.38484417651259795 0.9286516664107012
0.388884580553002 0.9286516664107012
0.392924984593406 0.9286516664107012
0.3969653886338101 0.9286516664107012
0.4010057926742141 0.9286516664107012
0.40504619671461817 0.9286516664107012
0.4090866007550222 0.9286516664107012
0.41312700479542624 0.9286516664107012
0.41716740883583026 0.9286516664107012
0.4212078128762343 0.9286516664107012
0.4252482169166384 0.9286516664107012
0.4292886209570424 0.9286516664107012
0.4333290249974464 0.9286516664107012
0.4373694290378505 0.9286516664107012
0.44140983307825454 0.9286516664107012
0.44545023711865855 0.9286516664107012
0.44949064115906257 0.9286516664107012
0.45353104519946663 0.9286516664107012
0.4575714492398707 0.9286516664107012
0.4616118532802747 0.9286516664107012
0.4656522573206788 0.9286516664107012
0.4696926613610828 0.9286516664107012
0.47373306540148685 0.9286516664107012
0.4777734694418909 0.9286516664107012
0.48181387348229493 0.9286516664107012
0.48585427752269894 0.9286516664107012
0.489894681563103 0.9286516664107012
0.4939350856035071 0.9286516664107012
0.4979754896439111 0.9286516664107012
0.5020158936843151 0.9286516664107012
0.5060562977247192 0.9286516664107012
0.5100967017651232 0.9286516664107012
0.5141371058055273 0.9286516664107012
0.5181775098459313 0.9286516664107012
0.5222179138863353 0.9286516664107012
0.5262583179267394 0.9286516664107012
0.5302987219671434 0.9286516664107012
0.5343391260075474 0.9286516664107012
0.5383795300479515 0.9286516664107012
0.5424199340883555 0.9286516664107012
0.5464603381287596 0.9286516664107012
0.5505007421691637 0.9286516664107012
0.5545411462095676 0.9286516664107012
0.5585815502499717 0.9286516664107012
0.5626219542903758 0.9286516664107012
0.5666623583307797 0.9286516664107012
0.5707027623711838 0.9286516664107012
0.5747431664115878 0.9286516664107012
0.5787835704519919 0.9286516664107012
0.582823974492396 0.9286516664107012
0.5868643785328 0.9286516664107012
0.590904782573204 0.9286516664107012
0.5949451866136081 0.9286516664107012
0.598985590654012 0.9286516664107012
0.6030259946944161 0.9286516664107012
0.6070663987348202 0.9286516664107012
0.6111068027752242 0.9286516664107012
0.6151472068156283 0.9286516664107012
0.6191876108560324 0.9286516664107012
0.6232280148964363 0.9286516664107012
0.6272684189368404 0.9286516664107012
0.6313088229772444 0.9286516664107012
0.6353492270176484 0.9286516664107012
0.6393896310580525 0.9286516664107012
0.6434300350984565 0.9286516664107012
0.6474704391388606 0.9286516664107012
0.6515108431792647 0.9286516664107012
0.6555512472196687 0.9286516664107012
0.6595916512600727 0.9286516664107012
0.6636320553004768 0.9286516664107012
0.6676724593408807 0.9286516664107012
0.6717128633812848 0.9286516664107012
0.6757532674216888 0.9286516664107012
0.6797936714620929 0.9286516664107012
0.683834075502497 0.9286516664107012
0.687874479542901 0.9286516664107012
0.6919148835833051 0.9286516664107012
0.6959552876237091 0.9286516664107012
0.6999956916641131 0.9286516664107012
0.2999956916641131 0.9326920704511052
0.3040360957045172 0.9326920704511052
0.3080764997449212 0.9326920704511052
0.3121169037853252 0.9326920704511052
0.31615730782572926 0.9326920704511052
0.3201977118661333 0.9326920704511052
0.32423811590653734 0.9326920704511052
0.3282785199469414 0.9326920704511052
0.3323189239873454 0.9326920704511052
0.3363593280277495 0.9326920704511052
0.3403997320681535 0.9326920704511052
0.34444013610855756 0.9326920704511052
0.34848054014896157 0.9326920704511052
0.35252094418936564 0.9326920704511052
0.3565613482297697 0.9326920704511052
0.3686825603509818 0.9326920704511052
0.37272296439138586 0.9326920704511052
0.37676336843178987 0.9326920704511052
0.38484417651259795 0.9326920704511052
0.388884580553002 0.9326920704511052
0.392924984593406 0.9326920704511052
0.3969653886338101 0.9326920704511052
0.4010057926742141 0.9326920704511052
0.40504619671461817 0.9326920704511052
0.4090866007550222 0.9326920704511052
0.41312700479542624 0.9326920704511052
0.41716740883583026 0.9326920704511052
0.4212078128762343 0.9326920704511052
0.4252482169166384 0.9326920704511052
0.4292886209570424 0.9326920704511052
0.4333290249974464 0.9326920704511052
0.4373694290378505 0.9326920704511052
0.44140983307825454 0.9326920704511052
0.44545023711865855 0.9326920704511052
0.44949064115906257 0.9326920704511052
0.45353104519946663 0.9326920704511052
0.4575714492398707 0.9326920704511052
0.4616118532802747 0.9326920704511052
0.4656522573206788 0.9326920704511052
0.4696926613610828 0.9326920704511052
0.47373306540148685 0.9326920704511052
0.4777734694418909 0.9326920704511052
0.48181387348229493 0.9326920704511052
0.48585427752269894 0.9326920704511052
0.489894681563103 0.9326920704511052
0.4939350856035071 0.9326920704511052
0.4979754896439111 0.9326920704511052
0.5020158936843151 0.9326920704511052
0.5060562977247192 0.9326920704511052
0.5100967017651232 0.9326920704511052
0.5141371058055273 0.9326920704511052
0.5181775098459313 0.9326920704511052
0.5222179138863353 0.9326920704511052
0.5262583179267394 0.9326920704511052
0.5302987219671434 0.9326920704511052
0.5343391260075474 0.9326920704511052
0.5383795300479515 0.9326920704511052
0.5424199340883555 0.9326920704511052
0.5464603381287596 0.9326920704511052
0.5505007421691637 0.9326920704511052
0.5545411462095676 0.9326920704511052
0.5585815502499717 0.9326920704511052
0.5626219542903758 0.9326920704511052
0.5666623583307797 0.9326920704511052
0.5707027623711838 0.9326920704511052
0.5747431664115878 0.9326920704511052
0.5787835704519919 0.9326920704511052
0.582823974492396 0.9326920704511052
0.5868643785328 0.9326920704511052
0.590904782573204 0.9326920704511052
0.5949451866136081 0.9326920704511052
0.598985590654012 0.9326920704511052
0.6030259946944161 0.9326920704511052
0.6070663987348202 0.9326920704511052
0.6111068027752242 0.9326920704511052
0.6151472068156283 0.9326920704511052
0.6191876108560324 0.9326920704511052
0.6232280148964363 0.9326920704511052
0.6272684189368404 0.9326920704511052
0.6313088229772444 0.9326920704511052
0.6353492270176484 0.9326920704511052
0.6393896310580525 0.9326920704511052
0.6434300350984565 0.9326920704511052
0.6474704391388606 0.9326920704511052
0.6515108431792647 0.9326920704511052
0.6555512472196687 0.9326920704511052
0.6595916512600727 0.9326920704511052
0.6636320553004768 0.9326920704511052
0.6676724593408807 0.9326920704511052
0.6717128633812848 0.9326920704511052
0.6757532674216888 0.9326920704511052
0.6797936714620929 0.9326920704511052
0.683834075502497 0.9326920704511052
0.687874479542901 0.9326920704511052
0.6919148835833051 0.9326920704511052
0.6959552876237091 0.9326920704511052
0.6999956916641131 0.9326920704511052
0.2999956916641131 0.9367324744915093
0.3040360957045172 0.9367324744915093
0.3080764997449212 0.9367324744915093
0.3121169037853252 0.9367324744915093
0.31615730782572926 0.9367324744915093
0.3201977118661333 0.9367324744915093
0.32423811590653734 0.9367324744915093
0.3282785199469414 0.9367324744915093
0.3323189239873454 0.9367324744915093
0.3363593280277495 0.9367324744915093
0.3403997320681535 0.9367324744915093
0.34444013610855756 0.9367324744915093
0.3565613482297697 0.9367324744915093
0.3606017522701737 0.9367324744915093
0.3646421563105777 0.9367324744915093
0.3686825603509818 0.9367324744915093
0.37272296439138586 0.9367324744915093
0.37676336843178987 0.9367324744915093
0.3808037724721939 0.9367324744915093
0.38484417651259795 0.9367324744915093
0.388884580553002 0.9367324744915093
0.392924984593406 0.9367324744915093
0.3969653886338101 0.9367324744915093
0.4010057926742141 0.9367324744915093
0.40504619671461817 0.9367324744915093
0.4090866007550222 0.9367324744915093
0.41312700479542624 0.9367324744915093
0.41716740883583026 0.9367324744915093
0.4212078128762343 0.9367324744915093
0.4252482169166384 0.9367324744915093
0.4292886209570424 0.9367324744915093
0.4333290249974464 0.9367324744915093
0.4373694290378505 0.9367324744915093
0.44140983307825454 0.9367324744915093
0.44545023711865855 0.9367324744915093
0.44949064115906257 0.9367324744915093
0.45353104519946663 0.9367324744915093
0.4575714492398707 0.9367324744915093
0.4616118532802747 0.9367324744915093
0.4656522573206788 0.9367324744915093
0.4696926613610828 0.9367324744915093
0.47373306540148685 0.9367324744915093
0.4777734694418909 0.9367324744915093
0.48181387348229493 0.9367324744915093
0.48585427752269894 0.9367324744915093
0.489894681563103 0.9367324744915093
0.4939350856035071 0.9367324744915093
0.4979754896439111 0.9367324744915093
0.5020158936843151 0.9367324744915093
0.5060562977247192 0.9367324744915093
0.5100967017651232 0.9367324744915093
0.5141371058055273 0.9367324744915093
0.5181775098459313 0.9367324744915093
0.5222179138863353 0.9367324744915093
0.5262583179267394 0.9367324744915093
0.5302987219671434 0.9367324744915093
0.5343391260075474 0.9367324744915093
0.5383795300479515 0.9367324744915093
0.5424199340883555 0.9367324744915093
0.5464603381287596 0.9367324744915093
0.5505007421691637 0.9367324744915093
0.5545411462095676 0.9367324744915093
0.5585815502499717 0.9367324744915093
0.5626219542903758 0.9367324744915093
0.5666623583307797 0.9367324744915093
0.5707027623711838 0.9367324744915093
0.5747431664115878 0.9367324744915093
0.5787835704519919 0.9367324744915093
0.582823974492396 0.9367324744915093
0.5868643785328 0.9367324744915093
0.590904782573204 0.9367324744915093
0.5949451866136081 0.9367324744915093
0.598985590654012 0.9367324744915093
0.6030259946944161 0.9367324744915093
0.6070663987348202 0.9367324744915093
0.6111068027752242 0.9367324744915093
0.6151472068156283 0.9367324744915093
0.6191876108560324 0.9367324744915093
0.6232280148964363 0.9367324744915093
0.6272684189368404 0.9367324744915093
0.6313088229772444 0.9367324744915093
0.6353492270176484 0.9367324744915093
0.6393896310580525 0.9367324744915093
0.6434300350984565 0.9367324744915093
0.6474704391388606 0.9367324744915093
0.6515108431792647 0.9367324744915093
0.6555512472196687 0.9367324744915093
0.6595916512600727 0.9367324744915093
0.6636320553004768 0.9367324744915093
0.6676724593408807 0.9367324744915093
0.6717128633812848 0.9367324744915093
0.6757532674216888 0.9367324744915093
0.6797936714620929 0.9367324744915093
0.683834075502497 0.9367324744915093
0.687874479542901 0.9367324744915093
0.6919148835833051 0.9367324744915093
0.6959552876237091 0.9367324744915093
0.6999956916641131 0.9367324744915093
0.2999956916641131 0.9407728785319134
0.3040360957045172 0.9407728785319134
0.3080764997449212 0.9407728785319134
0.3121169037853252 0.9407728785319134
0.31615730782572926 0.9407728785319134
0.3201977118661333 0.9407728785319134
0.32423811590653734 0.9407728785319134
0.3282785199469414 0.9407728785319134
0.3323189239873454 0.9407728785319134
0.34444013610855756 0.9407728785319134
0.34848054014896157 0.9407728785319134
0.3565613482297697 0.9407728785319134
0.3606017522701737 0.9407728785319134
0.3646421563105777 0.9407728785319134
0.3686825603509818 0.9407728785319134
0.37272296439138586 0.9407728785319134
0.37676336843178987 0.9407728785319134
0.3808037724721939 0.9407728785319134
0.38484417651259795 0.9407728785319134
0.388884580553002 0.9407728785319134
0.392924984593406 0.9407728785319134
0.3969653886338101 0.9407728785319134
0.4010057926742141 0.9407728785319134
0.40504619671461817 0.9407728785319134
0.4090866007550222 0.9407728785319134
0.41312700479542624 0.9407728785319134
0.41716740883583026 0.9407728785319134
0.4212078128762343 0.9407728785319134
0.4252482169166384 0.9407728785319134
0.4292886209570424 0.9407728785319134
0.4333290249974464 0.9407728785319134
0.4373694290378505 0.9407728785319134
0.44140983307825454 0.9407728785319134
0.44545023711865855 0.9407728785319134
0.44949064115906257 0.9407728785319134
0.45353104519946663 0.9407728785319134
0.4575714492398707 0.9407728785319134
0.4616118532802747 0.9407728785319134
0.4656522573206788 0.9407728785319134
0.4696926613610828 0.9407728785319134
0.47373306540148685 0.9407728785319134
0.4777734694418909 0.9407728785319134
0.48181387348229493 0.9407728785319134
0.48585427752269894 0.9407728785319134
0.489894681563103 0.9407728785319134
0.4939350856035071 0.9407728785319134
0.4979754896439111 0.9407728785319134
0.5020158936843151 0.9407728785319134
0.5060562977247192 0.9407728785319134
0.5100967017651232 0.9407728785319134
0.5141371058055273 0.9407728785319134
0.5181775098459313 0.9407728785319134
0.5222179138863353 0.9407728785319134
0.5262583179267394 0.9407728785319134
0.5302987219671434 0.9407728785319134
0.5343391260075474 0.9407728785319134
0.5383795300479515 0.9407728785319134
0.5424199340883555 0.9407728785319134
0.5464603381287596 0.9407728785319134
0.5505007421691637 0.9407728785319134
0.5545411462095676 0.9407728785319134
0.5585815502499717 0.9407728785319134
0.5626219542903758 0.9407728785319134
0.5666623583307797 0.9407728785319134
0.5707027623711838 0.9407728785319134
0.5747431664115878 0.9407728785319134
0.5787835704519919 0.9407728785319134
0.582823974492396 0.9407728785319134
0.5868643785328 0.9407728785319134
0.590904782573204 0.9407728785319134
0.5949451866136081 0.9407728785319134
0.598985590654012 0.9407728785319134
0.6030259946944161 0.9407728785319134
0.6070663987348202 0.9407728785319134
0.6111068027752242 0.9407728785319134
0.6151472068156283 0.9407728785319134
0.6191876108560324 0.9407728785319134
0.6232280148964363 0.9407728785319134
0.6272684189368404 0.9407728785319134
0.6313088229772444 0.9407728785319134
0.6353492270176484 0.9407728785319134
0.6393896310580525 0.9407728785319134
0.6434300350984565 0.9407728785319134
0.6474704391388606 0.9407728785319134
0.6515108431792647 0.9407728785319134
0.6555512472196687 0.9407728785319134
0.6595916512600727 0.9407728785319134
0.6636320553004768 0.9407728785319134
0.6676724593408807 0.9407728785319134
0.6717128633812848 0.9407728785319134
0.6757532674216888 0.9407728785319134
0.6797936714620929 0.9407728785319134
0.683834075502497 0.9407728785319134
0.687874479542901 0.9407728785319134
0.6919148835833051 0.9407728785319134
0.6959552876237091 0.9407728785319134
0.6999956916641131 0.9407728785319134
0.2999956916641131 0.9448132825723174
0.3040360957045172 0.9448132825723174
0.3080764997449212 0.9448132825723174
0.3121169037853252 0.9448132825723174
0.31615730782572926 0.9448132825723174
0.3201977118661333 0.9448132825723174
0.32423811590653734 0.9448132825723174
0.3323189239873454 0.9448132825723174
0.3363593280277495 0.9448132825723174
0.3403997320681535 0.9448132825723174
0.34444013610855756 0.9448132825723174
0.34848054014896157 0.9448132825723174
0.35252094418936564 0.9448132825723174
0.3565613482297697 0.9448132825723174
0.3606017522701737 0.9448132825723174
0.3646421563105777 0.9448132825723174
0.3686825603509818 0.9448132825723174
0.37272296439138586 0.9448132825723174
0.37676336843178987 0.9448132825723174
0.3808037724721939 0.9448132825723174
0.38484417651259795 0.9448132825723174
0.388884580553002 0.9448132825723174
0.392924984593406 0.9448132825723174
0.3969653886338101 0.9448132825723174
0.4010057926742141 0.9448132825723174
0.40504619671461817 0.9448132825723174
0.4090866007550222 0.9448132825723174
0.41312700479542624 0.9448132825723174
0.41716740883583026 0.9448132825723174
0.4212078128762343 0.9448132825723174
0.4252482169166384 0.9448132825723174
0.4292886209570424 0.9448132825723174
0.4333290249974464 0.9448132825723174
0.4373694290378505 0.9448132825723174
0.44140983307825454 0.9448132825723174
0.44545023711865855 0.9448132825723174
0.44949064115906257 0.9448132825723174
0.45353104519946663 0.9448132825723174
0.4575714492398707 0.9448132825723174
0.4616118532802747 0.9448132825723174
0.4656522573206788 0.9448132825723174
0.4696926613610828 0.9448132825723174
0.47373306540148685 0.9448132825723174
0.4777734694418909 0.9448132825723174
0.48181387348229493 0.9448132825723174
0.48585427752269894 0.9448132825723174
0.489894681563103 0.9448132825723174
0.4939350856035071 0.9448132825723174
0.4979754896439111 0.9448132825723174
0.5020158936843151 0.9448132825723174
0.5060562977247192 0.9448132825723174
0.5100967017651232 0.9448132825723174
0.5141371058055273 0.9448132825723174
0.5181775098459313 0.9448132825723174
0.5222179138863353 0.9448132825723174
0.5262583179267394 0.9448132825723174
0.5302987219671434 0.9448132825723174
0.5343391260075474 0.9448132825723174
0.5383795300479515 0.9448132825723174
0.5424199340883555 0.9448132825723174
0.5464603381287596 0.9448132825723174
0.5505007421691637 0.9448132825723174
0.5545411462095676 0.9448132825723174
0.5585815502499717 0.9448132825723174
0.5626219542903758 0.9448132825723174
0.5666623583307797 0.9448132825723174
0.5707027623711838 0.9448132825723174
0.5747431664115878 0.9448132825723174
0.5787835704519919 0.9448132825723174
0.582823974492396 0.9448132825723174
0.5868643785328 0.9448132825723174
0.590904782573204 0.9448132825723174
0.5949451866136081 0.9448132825723174
0.598985590654012 0.9448132825723174
0.6030259946944161 0.9448132825723174
0.6070663987348202 0.9448132825723174
0.6111068027752242 0.9448132825723174
0.6151472068156283 0.9448132825723174
0.6191876108560324 0.9448132825723174
0.6232280148964363 0.9448132825723174
0.6272684189368404 0.9448132825723174
0.6313088229772444 0.9448132825723174
0.6353492270176484 0.9448132825723174
0.6393896310580525 0.9448132825723174
0.6434300350984565 0.9448132825723174
0.6474704391388606 0.9448132825723174
0.6515108431792647 0.9448132825723174
0.6555512472196687 0.9448132825723174
0.6595916512600727 0.9448132825723174
0.6636320553004768 0.9448132825723174
0.6676724593408807 0.9448132825723174
0.6717128633812848 0.9448132825723174
0.6757532674216888 0.9448132825723174
0.6797936714620929 0.9448132825723174
0.683834075502497 0.9448132825723174
0.687874479542901 0.9448132825723174
0.6919148835833051 0.9448132825723174
0.6959552876237091 0.9448132825723174
0.6999956916641131 0.9448132825723174
0.2999956916641131 0.9488536866127214
0.3040360957045172 0.9488536866127214
0.3080764997449212 0.9488536866127214
0.3121169037853252 0.9488536866127214
0.32423811590653734 0.9488536866127214
0.3282785199469414 0.9488536866127214
0.3323189239873454 0.9488536866127214
0.3363593280277495 0.9488536866127214
0.3403997320681535 0.9488536866127214
0.34444013610855756 0.9488536866127214
0.34848054014896157 0.9488536866127214
0.35252094418936564 0.9488536866127214
0.3565613482297697 0.9488536866127214
0.3606017522701737 0.9488536866127214
0.3646421563105777 0.9488536866127214
0.3686825603509818 0.9488536866127214
0.37272296439138586 0.9488536866127214
0.37676336843178987 0.9488536866127214
0.3808037724721939 0.9488536866127214
0.38484417651259795 0.9488536866127214
0.388884580553002 0.9488536866127214
0.392924984593406 0.9488536866127214
0.3969653886338101 0.9488536866127214
0.4010057926742141 0.9488536866127214
0.40504619671461817 0.9488536866127214
0.4090866007550222 0.9488536866127214
0.41312700479542624 0.9488536866127214
0.41716740883583026 0.9488536866127214
0.4212078128762343 0.9488536866127214
0.4252482169166384 0.9488536866127214
0.4292886209570424 0.9488536866127214
0.4333290249974464 0.9488536866127214
0.4373694290378505 0.9488536866127214
0.44140983307825454 0.9488536866127214
0.44545023711865855 0.9488536866127214
0.44949064115906257 0.9488536866127214
0.45353104519946663 0.9488536866127214
0.4575714492398707 0.9488536866127214
0.4616118532802747 0.9488536866127214
0.4656522573206788 0.9488536866127214
0.4696926613610828 0.9488536866127214
0.47373306540148685 0.9488536866127214
0.4777734694418909 0.9488536866127214
0.48181387348229493 0.9488536866127214
0.48585427752269894 0.9488536866127214
0.489894681563103 0.9488536866127214
0.4939350856035071 0.9488536866127214
0.4979754896439111 0.9488536866127214
0.5020158936843151 0.9488536866127214
0.5060562977247192 0.9488536866127214
0.5100967017651232 0.9488536866127214
0.5141371058055273 0.9488536866127214
0.5181775098459313 0.9488536866127214
0.5222179138863353 0.9488536866127214
0.5262583179267394 0.9488536866127214
0.5302987219671434 0.9488536866127214
0.5343391260075474 0.9488536866127214
0.5383795300479515 0.9488536866127214
0.5424199340883555 0.9488536866127214
0.5464603381287596 0.9488536866127214
0.5505007421691637 0.9488536866127214
0.5545411462095676 0.9488536866127214
0.5585815502499717 0.9488536866127214
0.5626219542903758 0.9488536866127214
0.5666623583307797 0.9488536866127214
0.5707027623711838 0.9488536866127214
0.5747431664115878 0.9488536866127214
0.5787835704519919 0.9488536866127214
0.582823974492396 0.9488536866127214
0.5868643785328 0.9488536866127214
0.590904782573204 0.9488536866127214
0.5949451866136081 0.9488536866127214
0.598985590654012 0.9488536866127214
0.6030259946944161 0.9488536866127214
0.6070663987348202 0.9488536866127214
0.6111068027752242 0.9488536866127214
0.6151472068156283 0.9488536866127214
0.6191876108560324 0.9488536866127214
0.6232280148964363 0.9488536866127214
0.6272684189368404 0.9488536866127214
0.6313088229772444 0.9488536866127214
0.6353492270176484 0.9488536866127214
0.6393896310580525 0.9488536866127214
0.6434300350984565 0.9488536866127214
0.6474704391388606 0.9488536866127214
0.6515108431792647 0.9488536866127214
0.6555512472196687 0.9488536866127214
0.6595916512600727 0.9488536866127214
0.6636320553004768 0.9488536866127214
0.6676724593408807 0.9488536866127214
0.6717128633812848 0.9488536866127214
0.6757532674216888 0.9488536866127214
0.6797936714620929 0.9488536866127214
0.683834075502497 0.9488536866127214
0.687874479542901 0.9488536866127214
0.6919148835833051 0.9488536866127214
0.6959552876237091 0.9488536866127214
0.6999956916641131 0.9488536866127214
0.2999956916641131 0.9528940906531255
0.3121169037853252 0.9528940906531255
0.31615730782572926 0.9528940906531255
0.32423811590653734 0.9528940906531255
0.3282785199469414 0.9528940906531255
0.3323189239873454 0.9528940906531255
0.3363593280277495 0.9528940906531255
0.3403997320681535 0.9528940906531255
0.34444013610855756 0.9528940906531255
0.34848054014896157 0.9528940906531255
0.35252094418936564 0.9528940906531255
0.3565613482297697 0.9528940906531255
0.3606017522701737 0.9528940906531255
0.3646421563105777 0.9528940906531255
0.3686825603509818 0.9528940906531255
0.37272296439138586 0.9528940906531255
0.37676336843178987 0.9528940906531255
0.3808037724721939 0.9528940906531255
0.38484417651259795 0.9528940906531255
0.388884580553002 0.9528940906531255
0.392924984593406 0.9528940906531255
0.3969653886338101 0.9528940906531255
0.4010057926742141 0.9528940906531255
0.40504619671461817 0.9528940906531255
0.4090866007550222 0.9528940906531255
0.41312700479542624 0.9528940906531255
0.41716740883583026 0.9528940906531255
0.4212078128762343 0.9528940906531255
0.4252482169166384 0.9528940906531255
0.4292886209570424 0.9528940906531255
0.4333290249974464 0.9528940906531255
0.4373694290378505 0.9528940906531255
0.44140983307825454 0.9528940906531255
0.44545023711865855 0.9528940906531255
0.44949064115906257 0.9528940906531255
0.45353104519946663 0.9528940906531255
0.4575714492398707 0.9528940906531255
0.4616118532802747 0.9528940906531255
0.4656522573206788 0.9528940906531255
0.4696926613610828 0.9528940906531255
0.47373306540148685 0.9528940906531255
0.4777734694418909 0.9528940906531255
0.48181387348229493 0.9528940906531255
0.48585427752269894 0.9528940906531255
0.489894681563103 0.9528940906531255
0.4939350856035071 0.9528940906531255
0.4979754896439111 0.9528940906531255
0.5020158936843151 0.9528940906531255
0.5060562977247192 0.9528940906531255
0.5100967017651232 0.9528940906531255
0.5141371058055273 0.9528940906531255
0.5181775098459313 0.9528940906531255
0.5222179138863353 0.9528940906531255
0.5262583179267394 0.9528940906531255
0.5302987219671434 0.9528940906531255
0.5343391260075474 0.9528940906531255
0.5383795300479515 0.9528940906531255
0.5424199340883555 0.9528940906531255
0.5464603381287596 0.9528940906531255
0.5505007421691637 0.9528940906531255
0.5545411462095676 0.9528940906531255
0.5585815502499717 0.9528940906531255
0.5626219542903758 0.9528940906531255
0.5666623583307797 0.9528940906531255
0.5707027623711838 0.9528940906531255
0.5747431664115878 0.9528940906531255
0.5787835704519919 0.9528940906531255
0.582823974492396 0.9528940906531255
0.5868643785328 0.9528940906531255
0.590904782573204 0.9528940906531255
0.5949451866136081 0.9528940906531255
0.598985590654012 0.9528940906531255
0.6030259946944161 0.9528940906531255
0.6070663987348202 0.9528940906531255
0.6111068027752242 0.9528940906531255
0.6151472068156283 0.9528940906531255
0.6191876108560324 0.9528940906531255
0.6232280148964363 0.9528940906531255
0.6272684189368404 0.9528940906531255
0.6313088229772444 0.9528940906531255
0.6353492270176484 0.9528940906531255
0.6393896310580525 0.9528940906531255
0.6434300350984565 0.9528940906531255
0.6474704391388606 0.9528940906531255
0.6515108431792647 0.9528940906531255
0.6555512472196687 0.9528940906531255
0.6595916512600727 0.9528940906531255
0.6636320553004768 0.9528940906531255
0.6676724593408807 0.9528940906531255
0.6717128633812848 0.9528940906531255
0.6757532674216888 0.9528940906531255
0.6797936714620929 0.9528940906531255
0.683834075502497 0.9528940906531255
0.687874479542901 0.9528940906531255
0.6919148835833051 0.9528940906531255
0.6959552876237091 0.9528940906531255
0.6999956916641131 0.9528940906531255
0.2999956916641131 0.9569344946935294
0.3040360957045172 0.9569344946935294
0.3080764997449212 0.9569344946935294
0.3121169037853252 0.9569344946935294
0.31615730782572926 0.9569344946935294
0.3201977118661333 0.9569344946935294
0.32423811590653734 0.9569344946935294
0.3282785199469414 0.9569344946935294
0.3323189239873454 0.9569344946935294
0.3363593280277495 0.9569344946935294
0.3403997320681535 0.9569344946935294
0.34444013610855756 0.9569344946935294
0.34848054014896157 0.9569344946935294
0.35252094418936564 0.9569344946935294
0.3565613482297697 0.9569344946935294
0.3606017522701737 0.9569344946935294
0.3646421563105777 0.9569344946935294
0.3686825603509818 0.9569344946935294
0.37272296439138586 0.9569344946935294
0.37676336843178987 0.9569344946935294
0.3808037724721939 0.9569344946935294
0.38484417651259795 0.9569344946935294
0.388884580553002 0.9569344946935294
0.392924984593406 0.9569344946935294
0.3969653886338101 0.9569344946935294
0.4010057926742141 0.9569344946935294
0.40504619671461817 0.9569344946935294
0.4090866007550222 0.9569344946935294
0.41312700479542624 0.9569344946935294
0.41716740883583026 0.9569344946935294
0.4212078128762343 0.9569344946935294
0.4252482169166384 0.9569344946935294
0.4292886209570424 0.9569344946935294
0.4333290249974464 0.9569344946935294
0.4373694290378505 0.9569344946935294
0.44140983307825454 0.9569344946935294
0.44545023711865855 0.9569344946935294
0.44949064115906257 0.9569344946935294
0.45353104519946663 0.9569344946935294
0.4575714492398707 0.9569344946935294
0.4616118532802747 0.9569344946935294
0.4656522573206788 0.9569344946935294
0.4696926613610828 0.9569344946935294
0.47373306540148685 0.9569344946935294
0.4777734694418909 0.9569344946935294
0.48181387348229493 0.9569344946935294
0.48585427752269894 0.9569344946935294
0.489894681563103 0.9569344946935294
0.4939350856035071 0.9569344946935294
0.4979754896439111 0.9569344946935294
0.5020158936843151 0.9569344946935294
0.5060562977247192 0.9569344946935294
0.5100967017651232 0.9569344946935294
0.5141371058055273 0.9569344946935294
0.5181775098459313 0.9569344946935294
0.5222179138863353 0.9569344946935294
0.5262583179267394 0.9569344946935294
0.5302987219671434 0.9569344946935294
0.5343391260075474 0.9569344946935294
0.5383795300479515 0.9569344946935294
0.5424199340883555 0.9569344946935294
0.5464603381287596 0.9569344946935294
0.5505007421691637 0.9569344946935294
0.5545411462095676 0.9569344946935294
0.5585815502499717 0.9569344946935294
0.5626219542903758 0.9569344946935294
0.5666623583307797 0.9569344946935294
0.5707027623711838 0.9569344946935294
0.5747431664115878 0.9569344946935294
0.5787835704519919 0.9569344946935294
0.582823974492396 0.9569344946935294
0.5868643785328 0.9569344946935294
0.590904782573204 0.9569344946935294
0.5949451866136081 0.9569344946935294
0.598985590654012 0.9569344946935294
0.6030259946944161 0.9569344946935294
0.6070663987348202 0.9569344946935294
0.6111068027752242 0.9569344946935294
0.6151472068156283 0.9569344946935294
0.6191876108560324 0.9569344946935294
0.6232280148964363 0.9569344946935294
0.6272684189368404 0.9569344946935294
0.6313088229772444 0.9569344946935294
0.6353492270176484 0.9569344946935294
0.6393896310580525 0.9569344946935294
0.6434300350984565 0.9569344946935294
0.6474704391388606 0.9569344946935294
0.6515108431792647 0.9569344946935294
0.6555512472196687 0.9569344946935294
0.6595916512600727 0.9569344946935294
0.6636320553004768 0.9569344946935294
0.6676724593408807 0.9569344946935294
0.6717128633812848 0.9569344946935294
0.6757532674216888 0.9569344946935294
0.6797936714620929 0.9569344946935294
0.683834075502497 0.9569344946935294
0.687874479542901 0.9569344946935294
0.6919148835833051 0.9569344946935294
0.6959552876237091 0.9569344946935294
0.6999956916641131 0.9569344946935294
0.2999956916641131 0.9609748987339335
0.3040360957045172 0.9609748987339335
0.3080764997449212 0.9609748987339335
0.3121169037853252 0.9609748987339335
0.31615730782572926 0.9609748987339335
0.3201977118661333 0.9609748987339335
0.32423811590653734 0.9609748987339335
0.3282785199469414 0.9609748987339335
0.3323189239873454 0.9609748987339335
0.3363593280277495 0.9609748987339335
0.3403997320681535 0.9609748987339335
0.34444013610855756 0.9609748987339335
0.34848054014896157 0.9609748987339335
0.35252094418936564 0.9609748987339335
0.3565613482297697 0.9609748987339335
0.3606017522701737 0.9609748987339335
0.3646421563105777 0.9609748987339335
0.3686825603509818 0.9609748987339335
0.37272296439138586 0.9609748987339335
0.37676336843178987 0.9609748987339335
0.3808037724721939 0.9609748987339335
0.38484417651259795 0.9609748987339335
0.388884580553002 0.9609748987339335
0.392924984593406 0.9609748987339335
0.3969653886338101 0.9609748987339335
0.4010057926742141 0.9609748987339335
0.40504619671461817 0.9609748987339335
0.4090866007550222 0.9609748987339335
0.41312700479542624 0.9609748987339335
0.41716740883583026 0.9609748987339335
0.4212078128762343 0.9609748987339335
0.4252482169166384 0.9609748987339335
0.4292886209570424 0.9609748987339335
0.4333290249974464 0.9609748987339335
0.4373694290378505 0.9609748987339335
0.44140983307825454 0.9609748987339335
0.44545023711865855 0.9609748987339335
0.44949064115906257 0.9609748987339335
0.45353104519946663 0.9609748987339335
0.4575714492398707 0.9609748987339335
0.4616118532802747 0.9609748987339335
0.4656522573206788 0.9609748987339335
0.4696926613610828 0.9609748987339335
0.47373306540148685 0.9609748987339335
0.4777734694418909 0.9609748987339335
0.48181387348229493 0.9609748987339335
0.48585427752269894 0.9609748987339335
0.489894681563103 0.9609748987339335
0.4939350856035071 0.9609748987339335
0.4979754896439111 0.9609748987339335
0.5020158936843151 0.9609748987339335
0.5060562977247192 0.9609748987339335
0.5100967017651232 0.9609748987339335
0.5141371058055273 0.9609748987339335
0.5181775098459313 0.9609748987339335
0.5222179138863353 0.9609748987339335
0.5262583179267394 0.9609748987339335
0.5302987219671434 0.9609748987339335
0.5343391260075474 0.9609748987339335
0.5383795300479515 0.9609748987339335
0.5424199340883555 0.9609748987339335
0.5464603381287596 0.9609748987339335
0.5505007421691637 0.9609748987339335
0.5545411462095676 0.9609748987339335
0.5585815502499717 0.9609748987339335
0.5626219542903758 0.9609748987339335
0.5666623583307797 0.9609748987339335
0.5707027623711838 0.9609748987339335
0.5747431664115878 0.9609748987339335
0.5787835704519919 0.9609748987339335
0.582823974492396 0.9609748987339335
0.5868643785328 0.9609748987339335
0.590904782573204 0.9609748987339335
0.5949451866136081 0.9609748987339335
0.598985590654012 0.9609748987339335
0.6030259946944161 0.9609748987339335
0.6070663987348202 0.9609748987339335
0.6111068027752242 0.9609748987339335
0.6151472068156283 0.9609748987339335
0.6191876108560324 0.9609748987339335
0.6232280148964363 0.9609748987339335
0.6272684189368404 0.9609748987339335
0.6313088229772444 0.9609748987339335
0.6353492270176484 0.9609748987339335
0.6393896310580525 0.9609748987339335
0.6434300350984565 0.9609748987339335
0.6474704391388606 0.9609748987339335
0.6515108431792647 0.9609748987339335
0.6555512472196687 0.9609748987339335
0.6595916512600727 0.9609748987339335
0.6636320553004768 0.9609748987339335
0.6676724593408807 0.9609748987339335
0.6717128633812848 0.9609748987339335
0.6757532674216888 0.9609748987339335
0.6797936714620929 0.9609748987339335
0.683834075502497 0.9609748987339335
0.687874479542901 0.9609748987339335
0.6919148835833051 0.9609748987339335
0.6959552876237091 0.9609748987339335
0.6999956916641131 0.9609748987339335
0.2999956916641131 0.9650153027743376
0.3040360957045172 0.9650153027743376
0.3080764997449212 0.9650153027743376
0.3121169037853252 0.9650153027743376
0.31615730782572926 0.9650153027743376
0.3201977118661333 0.9650153027743376
0.32423811590653734 0.9650153027743376
0.3282785199469414 0.9650153027743376
0.3323189239873454 0.9650153027743376
0.3363593280277495 0.9650153027743376
0.3403997320681535 0.9650153027743376
0.34444013610855756 0.9650153027743376
0.34848054014896157 0.9650153027743376
0.35252094418936564 0.9650153027743376
0.3565613482297697 0.9650153027743376
0.3606017522701737 0.9650153027743376
0.3646421563105777 0.9650153027743376
0.3686825603509818 0.9650153027743376
0.37272296439138586 0.9650153027743376
0.37676336843178987 0.9650153027743376
0.3808037724721939 0.9650153027743376
0.38484417651259795 0.9650153027743376
0.388884580553002 0.9650153027743376
0.392924984593406 0.9650153027743376
0.3969653886338101 0.9650153027743376
0.4010057926742141 0.9650153027743376
0.40504619671461817 0.9650153027743376
0.4090866007550222 0.9650153027743376
0.41312700479542624 0.9650153027743376
0.41716740883583026 0.9650153027743376
0.4212078128762343 0.9650153027743376
0.4252482169166384 0.9650153027743376
0.4292886209570424 0.9650153027743376
0.4333290249974464 0.9650153027743376
0.4373694290378505 0.9650153027743376
0.44140983307825454 0.9650153027743376
0.44545023711865855 0.9650153027743376
0.44949064115906257 0.9650153027743376
0.45353104519946663 0.9650153027743376
0.4575714492398707 0.9650153027743376
0.4616118532802747 0.9650153027743376
0.4656522573206788 0.9650153027743376
0.4696926613610828 0.9650153027743376
0.47373306540148685 0.9650153027743376
0.4777734694418909 0.9650153027743376
0.48181387348229493 0.9650153027743376
0.48585427752269894 0.9650153027743376
0.489894681563103 0.9650153027743376
0.4939350856035071 0.9650153027743376
0.4979754896439111 0.9650153027743376
0.5020158936843151 0.9650153027743376
0.5060562977247192 0.9650153027743376
0.5100967017651232 0.9650153027743376
0.5141371058055273 0.9650153027743376
0.5181775098459313 0.9650153027743376
0.5222179138863353 0.9650153027743376
0.5262583179267394 0.9650153027743376
0.5302987219671434 0.9650153027743376
0.5343391260075474 0.9650153027743376
0.5383795300479515 0.9650153027743376
0.5424199340883555 0.9650153027743376
0.5464603381287596 0.9650153027743376
0.5505007421691637 0.9650153027743376
0.5545411462095676 0.9650153027743376
0.5585815502499717 0.9650153027743376
0.5626219542903758 0.9650153027743376
0.5666623583307797 0.9650153027743376
0.5707027623711838 0.9650153027743376
0.5747431664115878 0.9650153027743376
0.5787835704519919 0.9650153027743376
0.582823974492396 0.9650153027743376
0.5868643785328 0.9650153027743376
0.590904782573204 0.9650153027743376
0.5949451866136081 0.9650153027743376
0.598985590654012 0.9650153027743376
0.6030259946944161 0.9650153027743376
0.6070663987348202 0.9650153027743376
0.6111068027752242 0.9650153027743376
0.6151472068156283 0.9650153027743376
0.6191876108560324 0.9650153027743376
0.6232280148964363 0.9650153027743376
0.6272684189368404 0.9650153027743376
0.6313088229772444 0.9650153027743376
0.6353492270176484 0.9650153027743376
0.6393896310580525 0.9650153027743376
0.6434300350984565 0.9650153027743376
0.6474704391388606 0.9650153027743376
0.6515108431792647 0.9650153027743376
0.6555512472196687 0.9650153027743376
0.6595916512600727 0.9650153027743376
0.6636320553004768 0.9650153027743376
0.6676724593408807 0.9650153027743376
0.6717128633812848 0.9650153027743376
0.6757532674216888 0.9650153027743376
0.6797936714620929 0.9650153027743376
0.683834075502497 0.9650153027743376
0.687874479542901 0.9650153027743376
0.6919148835833051 0.9650153027743376
0.6959552876237091 0.9650153027743376
0.6999956916641131 0.9650153027743376
0.2999956916641131 0.9690557068147416
0.3040360957045172 0.9690557068147416
0.3080764997449212 0.9690557068147416
0.3121169037853252 0.9690557068147416
0.31615730782572926 0.9690557068147416
0.3201977118661333 0.9690557068147416
0.32423811590653734 0.9690557068147416
0.3282785199469414 0.9690557068147416
0.3323189239873454 0.9690557068147416
0.3363593280277495 0.9690557068147416
0.3403997320681535 0.9690557068147416
0.34444013610855756 0.9690557068147416
0.34848054014896157 0.9690557068147416
0.35252094418936564 0.9690557068147416
0.3565613482297697 0.9690557068147416
0.3606017522701737 0.9690557068147416
0.3646421563105777 0.9690557068147416
0.3686825603509818 0.9690557068147416
0.37272296439138586 0.9690557068147416
0.37676336843178987 0.9690557068147416
0.3808037724721939 0.9690557068147416
0.38484417651259795 0.9690557068147416
0.388884580553002 0.9690557068147416
0.392924984593406 0.9690557068147416
0.3969653886338101 0.9690557068147416
0.4010057926742141 0.9690557068147416
0.40504619671461817 0.9690557068147416
0.4090866007550222 0.9690557068147416
0.41312700479542624 0.9690557068147416
0.41716740883583026 0.9690557068147416
0.4212078128762343 0.9690557068147416
0.4252482169166384 0.9690557068147416
0.4292886209570424 0.9690557068147416
0.4333290249974464 0.9690557068147416
0.4373694290378505 0.9690557068147416
0.44140983307825454 0.9690557068147416
0.44545023711865855 0.9690557068147416
0.44949064115906257 0.9690557068147416
0.45353104519946663 0.9690557068147416
0.4575714492398707 0.9690557068147416
0.4616118532802747 0.9690557068147416
0.4656522573206788 0.9690557068147416
0.4696926613610828 0.9690557068147416
0.47373306540148685 0.9690557068147416
0.4777734694418909 0.9690557068147416
0.48181387348229493 0.9690557068147416
0.48585427752269894 0.9690557068147416
0.489894681563103 0.9690557068147416
0.4939350856035071 0.9690557068147416
0.4979754896439111 0.9690557068147416
0.5020158936843151 0.9690557068147416
0.5060562977247192 0.9690557068147416
0.5100967017651232 0.9690557068147416
0.5141371058055273 0.9690557068147416
0.5181775098459313 0.9690557068147416
0.5222179138863353 0.9690557068147416
0.5262583179267394 0.9690557068147416
0.5302987219671434 0.9690557068147416
0.5343391260075474 0.9690557068147416
0.5383795300479515 0.9690557068147416
0.5424199340883555 0.9690557068147416
0.5464603381287596 0.9690557068147416
0.5505007421691637 0.9690557068147416
0.5545411462095676 0.9690557068147416
0.5585815502499717 0.9690557068147416
0.5626219542903758 0.9690557068147416
0.5666623583307797 0.9690557068147416
0.5707027623711838 0.9690557068147416
0.5747431664115878 0.9690557068147416
0.5787835704519919 0.9690557068147416
0.582823974492396 0.9690557068147416
0.5868643785328 0.9690557068147416
0.590904782573204 0.9690557068147416
0.5949451866136081 0.9690557068147416
0.598985590654012 0.9690557068147416
0.6030259946944161 0.9690557068147416
0.6070663987348202 0.9690557068147416
0.6111068027752242 0.9690557068147416
0.6151472068156283 0.9690557068147416
0.6191876108560324 0.9690557068147416
0.6232280148964363 0.9690557068147416
0.6272684189368404 0.9690557068147416
0.6313088229772444 0.9690557068147416
0.6353492270176484 0.9690557068147416
0.6393896310580525 0.9690557068147416
0.6434300350984565 0.9690557068147416
0.6474704391388606 0.9690557068147416
0.6515108431792647 0.9690557068147416
0.6555512472196687 0.9690557068147416
0.6595916512600727 0.9690557068147416
0.6636320553004768 0.9690557068147416
0.6676724593408807 0.9690557068147416
0.6717128633812848 0.9690557068147416
0.6757532674216888 0.9690557068147416
0.6797936714620929 0.9690557068147416
0.683834075502497 0.9690557068147416
0.687874479542901 0.9690557068147416
0.6919148835833051 0.9690557068147416
0.6959552876237091 0.9690557068147416
0.6999956916641131 0.9690557068147416
0.2999956916641131 0.9730961108551457
0.3040360957045172 0.9730961108551457
0.3080764997449212 0.9730961108551457
0.3121169037853252 0.9730961108551457
0.31615730782572926 0.9730961108551457
0.3201977118661333 0.9730961108551457
0.32423811590653734 0.9730961108551457
0.3282785199469414 0.9730961108551457
0.3323189239873454 0.9730961108551457
0.3363593280277495 0.9730961108551457
0.3403997320681535 0.9730961108551457
0.34444013610855756 0.9730961108551457
0.34848054014896157 0.9730961108551457
0.35252094418936564 0.9730961108551457
0.3565613482297697 0.9730961108551457
0.3606017522701737 0.9730961108551457
0.3646421563105777 0.9730961108551457
0.3686825603509818 0.9730961108551457
0.37272296439138586 0.9730961108551457
0.37676336843178987 0.9730961108551457
0.3808037724721939 0.9730961108551457
0.38484417651259795 0.9730961108551457
0.388884580553002 0.9730961108551457
0.392924984593406 0.9730961108551457
0.3969653886338101 0.9730961108551457
0.4010057926742141 0.9730961108551457
0.40504619671461817 0.9730961108551457
0.4090866007550222 0.9730961108551457
0.41312700479542624 0.9730961108551457
0.41716740883583026 0.9730961108551457
0.4212078128762343 0.9730961108551457
0.4252482169166384 0.9730961108551457
0.4292886209570424 0.9730961108551457
0.4333290249974464 0.9730961108551457
0.4373694290378505 0.9730961108551457
0.44140983307825454 0.9730961108551457
0.44545023711865855 0.9730961108551457
0.44949064115906257 0.9730961108551457
0.45353104519946663 0.9730961108551457
0.4575714492398707 0.9730961108551457
0.4616118532802747 0.9730961108551457
0.4656522573206788 0.9730961108551457
0.4696926613610828 0.9730961108551457
0.47373306540148685 0.9730961108551457
0.4777734694418909 0.9730961108551457
0.48181387348229493 0.9730961108551457
0.48585427752269894 0.9730961108551457
0.489894681563103 0.9730961108551457
0.4939350856035071 0.9730961108551457
0.4979754896439111 0.9730961108551457
0.5020158936843151 0.9730961108551457
0.5060562977247192 0.9730961108551457
0.5100967017651232 0.9730961108551457
0.5141371058055273 0.9730961108551457
0.5181775098459313 0.9730961108551457
0.5222179138863353 0.9730961108551457
0.5262583179267394 0.9730961108551457
0.5302987219671434 0.9730961108551457
0.5343391260075474 0.9730961108551457
0.5383795300479515 0.9730961108551457
0.5424199340883555 0.9730961108551457
0.5464603381287596 0.9730961108551457
0.5505007421691637 0.9730961108551457
0.5545411462095676 0.9730961108551457
0.5585815502499717 0.9730961108551457
0.5626219542903758 0.9730961108551457
0.5666623583307797 0.9730961108551457
0.5707027623711838 0.9730961108551457
0.5747431664115878 0.9730961108551457
0.5787835704519919 0.9730961108551457
0.582823974492396 0.9730961108551457
0.5868643785328 0.9730961108551457
0.590904782573204 0.9730961108551457
0.5949451866136081 0.9730961108551457
0.598985590654012 0.9730961108551457
0.6030259946944161 0.9730961108551457
0.6070663987348202 0.9730961108551457
0.6111068027752242 0.9730961108551457
0.6151472068156283 0.9730961108551457
0.6191876108560324 0.9730961108551457
0.6232280148964363 0.9730961108551457
0.6272684189368404 0.9730961108551457
0.6313088229772444 0.9730961108551457
0.6353492270176484 0.9730961108551457
0.6393896310580525 0.9730961108551457
0.6434300350984565 0.9730961108551457
0.6474704391388606 0.9730961108551457
0.6515108431792647 0.9730961108551457
0.6555512472196687 0.9730961108551457
0.6595916512600727 0.9730961108551457
0.6636320553004768 0.9730961108551457
0.6676724593408807 0.9730961108551457
0.6717128633812848 0.9730961108551457
0.6757532674216888 0.9730961108551457
0.6797936714620929 0.9730961108551457
0.683834075502497 0.9730961108551457
0.687874479542901 0.9730961108551457
0.6919148835833051 0.9730961108551457
0.6959552876237091 0.9730961108551457
0.6999956916641131 0.9730961108551457
0.2999956916641131 0.9771365148955498
0.3040360957045172 0.9771365148955498
0.3080764997449212 0.9771365148955498
0.3121169037853252 0.9771365148955498
0.31615730782572926 0.9771365148955498
0.3201977118661333 0.9771365148955498
0.32423811590653734 0.9771365148955498
0.3282785199469414 0.9771365148955498
0.3323189239873454 0.9771365148955498
0.3363593280277495 0.9771365148955498
0.3403997320681535 0.9771365148955498
0.34444013610855756 0.9771365148955498
0.34848054014896157 0.9771365148955498
0.35252094418936564 0.9771365148955498
0.3565613482297697 0.9771365148955498
0.3606017522701737 0.9771365148955498
0.3646421563105777 0.9771365148955498
0.3686825603509818 0.9771365148955498
0.37272296439138586 0.9771365148955498
0.37676336843178987 0.9771365148955498
0.3808037724721939 0.9771365148955498
0.38484417651259795 0.9771365148955498
0.388884580553002 0.9771365148955498
0.392924984593406 0.9771365148955498
0.3969653886338101 0.9771365148955498
0.4010057926742141 0.9771365148955498
0.40504619671461817 0.9771365148955498
0.4090866007550222 0.9771365148955498
0.41312700479542624 0.9771365148955498
0.41716740883583026 0.9771365148955498
0.4212078128762343 0.9771365148955498
0.4252482169166384 0.9771365148955498
0.4292886209570424 0.9771365148955498
0.4333290249974464 0.9771365148955498
0.4373694290378505 0.9771365148955498
0.44140983307825454 0.9771365148955498
0.44545023711865855 0.9771365148955498
0.44949064115906257 0.9771365148955498
0.45353104519946663 0.9771365148955498
0.4575714492398707 0.9771365148955498
0.4616118532802747 0.9771365148955498
0.4656522573206788 0.9771365148955498
0.4696926613610828 0.9771365148955498
0.47373306540148685 0.9771365148955498
0.4777734694418909 0.9771365148955498
0.48181387348229493 0.9771365148955498
0.48585427752269894 0.9771365148955498
0.489894681563103 0.9771365148955498
0.4939350856035071 0.9771365148955498
0.4979754896439111 0.9771365148955498
0.5020158936843151 0.9771365148955498
0.5060562977247192 0.9771365148955498
0.5100967017651232 0.9771365148955498
0.5141371058055273 0.9771365148955498
0.5181775098459313 0.9771365148955498
0.5222179138863353 0.9771365148955498
0.5262583179267394 0.9771365148955498
0.5302987219671434 0.9771365148955498
0.5343391260075474 0.9771365148955498
0.5383795300479515 0.9771365148955498
0.5424199340883555 0.9771365148955498
0.5464603381287596 0.9771365148955498
0.5505007421691637 0.9771365148955498
0.5545411462095676 0.9771365148955498
0.5585815502499717 0.9771365148955498
0.5626219542903758 0.9771365148955498
0.5666623583307797 0.9771365148955498
0.5707027623711838 0.9771365148955498
0.5747431664115878 0.9771365148955498
0.5787835704519919 0.9771365148955498
0.582823974492396 0.9771365148955498
0.5868643785328 0.9771365148955498
0.590904782573204 0.9771365148955498
0.5949451866136081 0.9771365148955498
0.598985590654012 0.9771365148955498
0.6030259946944161 0.9771365148955498
0.6070663987348202 0.9771365148955498
0.6111068027752242 0.9771365148955498
0.6151472068156283 0.9771365148955498
0.6191876108560324 0.9771365148955498
0.6232280148964363 0.9771365148955498
0.6272684189368404 0.9771365148955498
0.6313088229772444 0.9771365148955498
0.6353492270176484 0.9771365148955498
0.6393896310580525 0.9771365148955498
0.6434300350984565 0.9771365148955498
0.6474704391388606 0.9771365148955498
0.6515108431792647 0.9771365148955498
0.6555512472196687 0.9771365148955498
0.6595916512600727 0.9771365148955498
0.6636320553004768 0.9771365148955498
0.6676724593408807 0.9771365148955498
0.6717128633812848 0.9771365148955498
0.6757532674216888 0.9771365148955498
0.6797936714620929 0.9771365148955498
0.683834075502497 0.9771365148955498
0.687874479542901 0.9771365148955498
0.6919148835833051 0.9771365148955498
0.6959552876237091 0.9771365148955498
0.6999956916641131 0.9771365148955498
0.2999956916641131 0.9811769189359537
0.3040360957045172 0.9811769189359537
0.3080764997449212 0.9811769189359537
0.3121169037853252 0.9811769189359537
0.31615730782572926 0.9811769189359537
0.3201977118661333 0.9811769189359537
0.32423811590653734 0.9811769189359537
0.3282785199469414 0.9811769189359537
0.3323189239873454 0.9811769189359537
0.3363593280277495 0.9811769189359537
0.3403997320681535 0.9811769189359537
0.34444013610855756 0.9811769189359537
0.34848054014896157 0.9811769189359537
0.35252094418936564 0.9811769189359537
0.3565613482297697 0.9811769189359537
0.3606017522701737 0.9811769189359537
0.3646421563105777 0.9811769189359537
0.3686825603509818 0.9811769189359537
0.37272296439138586 0.9811769189359537
0.37676336843178987 0.9811769189359537
0.3808037724721939 0.9811769189359537
0.38484417651259795 0.9811769189359537
0.388884580553002 0.9811769189359537
0.392924984593406 0.9811769189359537
0.3969653886338101 0.9811769189359537
0.4010057926742141 0.9811769189359537
0.40504619671461817 0.9811769189359537
0.4090866007550222 0.9811769189359537
0.41312700479542624 0.9811769189359537
0.41716740883583026 0.9811769189359537
0.4212078128762343 0.9811769189359537
0.4252482169166384 0.9811769189359537
0.4292886209570424 0.9811769189359537
0.4333290249974464 0.9811769189359537
0.4373694290378505 0.9811769189359537
0.44140983307825454 0.9811769189359537
0.44545023711865855 0.9811769189359537
0.44949064115906257 0.9811769189359537
0.45353104519946663 0.9811769189359537
0.4575714492398707 0.9811769189359537
0.4616118532802747 0.9811769189359537
0.4656522573206788 0.9811769189359537
0.4696926613610828 0.9811769189359537
0.47373306540148685 0.9811769189359537
0.4777734694418909 0.9811769189359537
0.48181387348229493 0.9811769189359537
0.48585427752269894 0.9811769189359537
0.489894681563103 0.9811769189359537
0.4939350856035071 0.9811769189359537
0.4979754896439111 0.9811769189359537
0.5020158936843151 0.9811769189359537
0.5060562977247192 0.9811769189359537
0.5100967017651232 0.9811769189359537
0.5141371058055273 0.9811769189359537
0.5181775098459313 0.9811769189359537
0.5222179138863353 0.9811769189359537
0.5262583179267394 0.9811769189359537
0.5302987219671434 0.9811769189359537
0.5343391260075474 0.9811769189359537
0.5383795300479515 0.9811769189359537
0.5424199340883555 0.9811769189359537
0.5464603381287596 0.9811769189359537
0.5505007421691637 0.9811769189359537
0.5545411462095676 0.9811769189359537
0.5585815502499717 0.9811769189359537
0.5626219542903758 0.9811769189359537
0.5666623583307797 0.9811769189359537
0.5707027623711838 0.9811769189359537
0.5747431664115878 0.9811769189359537
0.5787835704519919 0.9811769189359537
0.582823974492396 0.9811769189359537
0.5868643785328 0.9811769189359537
0.590904782573204 0.9811769189359537
0.5949451866136081 0.9811769189359537
0.598985590654012 0.9811769189359537
0.6030259946944161 0.9811769189359537
0.6070663987348202 0.9811769189359537
0.6111068027752242 0.9811769189359537
0.6151472068156283 0.9811769189359537
0.6191876108560324 0.9811769189359537
0.6232280148964363 0.9811769189359537
0.6272684189368404 0.9811769189359537
0.6313088229772444 0.9811769189359537
0.6353492270176484 0.9811769189359537
0.6393896310580525 0.9811769189359537
0.6434300350984565 0.9811769189359537
0.6474704391388606 0.9811769189359537
0.6515108431792647 0.9811769189359537
0.6555512472196687 0.9811769189359537
0.6595916512600727 0.9811769189359537
0.6636320553004768 0.9811769189359537
0.6676724593408807 0.9811769189359537
0.6717128633812848 0.9811769189359537
0.6757532674216888 0.9811769189359537
0.6797936714620929 0.9811769189359537
0.683834075502497 0.9811769189359537
0.687874479542901 0.9811769189359537
0.6919148835833051 0.9811769189359537
0.6959552876237091 0.9811769189359537
0.6999956916641131 0.9811769189359537
0.2999956916641131 0.9852173229763578
0.3040360957045172 0.9852173229763578
0.3080764997449212 0.9852173229763578
0.3121169037853252 0.9852173229763578
0.31615730782572926 0.9852173229763578
0.3201977118661333 0.9852173229763578
0.32423811590653734 0.9852173229763578
0.3282785199469414 0.9852173229763578
0.3323189239873454 0.9852173229763578
0.3363593280277495 0.9852173229763578
0.3403997320681535 0.9852173229763578
0.34444013610855756 0.9852173229763578
0.34848054014896157 0.9852173229763578
0.35252094418936564 0.9852173229763578
0.3565613482297697 0.9852173229763578
0.3606017522701737 0.9852173229763578
0.3646421563105777 0.9852173229763578
0.3686825603509818 0.9852173229763578
0.37272296439138586 0.9852173229763578
0.37676336843178987 0.9852173229763578
0.3808037724721939 0.9852173229763578
0.38484417651259795 0.9852173229763578
0.388884580553002 0.9852173229763578
0.392924984593406 0.9852173229763578
0.3969653886338101 0.9852173229763578
0.4010057926742141 0.9852173229763578
0.40504619671461817 0.9852173229763578
0.4090866007550222 0.9852173229763578
0.41312700479542624 0.9852173229763578
0.41716740883583026 0.9852173229763578
0.4212078128762343 0.9852173229763578
0.4252482169166384 0.9852173229763578
0.4292886209570424 0.9852173229763578
0.4333290249974464 0.9852173229763578
0.4373694290378505 0.9852173229763578
0.44140983307825454 0.9852173229763578
0.44545023711865855 0.9852173229763578
0.44949064115906257 0.9852173229763578
0.45353104519946663 0.9852173229763578
0.4575714492398707 0.9852173229763578
0.4616118532802747 0.9852173229763578
0.4656522573206788 0.9852173229763578
0.4696926613610828 0.9852173229763578
0.47373306540148685 0.9852173229763578
0.4777734694418909 0.9852173229763578
0.48181387348229493 0.9852173229763578
0.48585427752269894 0.9852173229763578
0.489894681563103 0.9852173229763578
0.4939350856035071 0.9852173229763578
0.4979754896439111 0.9852173229763578
0.5020158936843151 0.9852173229763578
0.5060562977247192 0.9852173229763578
0.5100967017651232 0.9852173229763578
0.5141371058055273 0.9852173229763578
0.5181775098459313 0.9852173229763578
0.5222179138863353 0.9852173229763578
0.5262583179267394 0.9852173229763578
0.5302987219671434 0.9852173229763578
0.5343391260075474 0.9852173229763578
0.5383795300479515 0.9852173229763578
0.5424199340883555 0.9852173229763578
0.5464603381287596 0.9852173229763578
0.5505007421691637 0.9852173229763578
0.5545411462095676 0.9852173229763578
0.5585815502499717 0.9852173229763578
0.5626219542903758 0.9852173229763578
0.5666623583307797 0.9852173229763578
0.5707027623711838 0.9852173229763578
0.5747431664115878 0.9852173229763578
0.5787835704519919 0.9852173229763578
0.582823974492396 0.9852173229763578
0.5868643785328 0.9852173229763578
0.590904782573204 0.9852173229763578
0.5949451866136081 0.9852173229763578
0.598985590654012 0.9852173229763578
0.6030259946944161 0.9852173229763578
0.6070663987348202 0.9852173229763578
0.6111068027752242 0.9852173229763578
0.6151472068156283 0.9852173229763578
0.6191876108560324 0.9852173229763578
0.6232280148964363 0.9852173229763578
0.6272684189368404 0.9852173229763578
0.6313088229772444 0.9852173229763578
0.6353492270176484 0.9852173229763578
0.6393896310580525 0.9852173229763578
0.6434300350984565 0.9852173229763578
0.6474704391388606 0.9852173229763578
0.6515108431792647 0.9852173229763578
0.6555512472196687 0.9852173229763578
0.6595916512600727 0.9852173229763578
0.6636320553004768 0.9852173229763578
0.6676724593408807 0.9852173229763578
0.6717128633812848 0.9852173229763578
0.6757532674216888 0.9852173229763578
0.6797936714620929 0.9852173229763578
0.683834075502497 0.9852173229763578
0.687874479542901 0.9852173229763578
0.6919148835833051 0.9852173229763578
0.6959552876237091 0.9852173229763578
0.6999956916641131 0.9852173229763578
0.2999956916641131 0.9892577270167617
0.3040360957045172 0.9892577270167617
0.3080764997449212 0.9892577270167617
0.3121169037853252 0.9892577270167617
0.31615730782572926 0.9892577270167617
0.3201977118661333 0.9892577270167617
0.32423811590653734 0.9892577270167617
0.3282785199469414 0.9892577270167617
0.3323189239873454 0.9892577270167617
0.3363593280277495 0.9892577270167617
0.3403997320681535 0.9892577270167617
0.34444013610855756 0.9892577270167617
0.34848054014896157 0.9892577270167617
0.35252094418936564 0.9892577270167617
0.3565613482297697 0.9892577270167617
0.3606017522701737 0.9892577270167617
0.3646421563105777 0.9892577270167617
0.3686825603509818 0.9892577270167617
0.37272296439138586 0.9892577270167617
0.37676336843178987 0.9892577270167617
0.3808037724721939 0.9892577270167617
0.38484417651259795 0.9892577270167617
0.388884580553002 0.9892577270167617
0.392924984593406 0.9892577270167617
0.3969653886338101 0.9892577270167617
0.4010057926742141 0.9892577270167617
0.40504619671461817 0.9892577270167617
0.4090866007550222 0.9892577270167617
0.41312700479542624 0.9892577270167617
0.41716740883583026 0.9892577270167617
0.4212078128762343 0.9892577270167617
0.4252482169166384 0.9892577270167617
0.4292886209570424 0.9892577270167617
0.4333290249974464 0.9892577270167617
0.4373694290378505 0.9892577270167617
0.44140983307825454 0.9892577270167617
0.44545023711865855 0.9892577270167617
0.44949064115906257 0.9892577270167617
0.45353104519946663 0.9892577270167617
0.4575714492398707 0.9892577270167617
0.4616118532802747 0.9892577270167617
0.4656522573206788 0.9892577270167617
0.4696926613610828 0.9892577270167617
0.47373306540148685 0.9892577270167617
0.4777734694418909 0.9892577270167617
0.48181387348229493 0.9892577270167617
0.48585427752269894 0.9892577270167617
0.489894681563103 0.9892577270167617
0.4939350856035071 0.9892577270167617
0.4979754896439111 0.9892577270167617
0.5020158936843151 0.9892577270167617
0.5060562977247192 0.9892577270167617
0.5100967017651232 0.9892577270167617
0.5141371058055273 0.9892577270167617
0.5181775098459313 0.9892577270167617
0.5222179138863353 0.9892577270167617
0.5262583179267394 0.9892577270167617
0.5302987219671434 0.9892577270167617
0.5343391260075474 0.9892577270167617
0.5383795300479515 0.9892577270167617
0.5424199340883555 0.9892577270167617
0.5464603381287596 0.9892577270167617
0.5505007421691637 0.9892577270167617
0.5545411462095676 0.9892577270167617
0.5585815502499717 0.9892577270167617
0.5626219542903758 0.9892577270167617
0.5666623583307797 0.9892577270167617
0.5707027623711838 0.9892577270167617
0.5747431664115878 0.9892577270167617
0.5787835704519919 0.9892577270167617
0.582823974492396 0.9892577270167617
0.5868643785328 0.9892577270167617
0.590904782573204 0.9892577270167617
0.5949451866136081 0.9892577270167617
0.598985590654012 0.9892577270167617
0.6030259946944161 0.9892577270167617
0.6070663987348202 0.9892577270167617
0.6111068027752242 0.9892577270167617
0.6151472068156283 0.9892577270167617
0.6191876108560324 0.9892577270167617
0.6232280148964363 0.9892577270167617
0.6272684189368404 0.9892577270167617
0.6313088229772444 0.9892577270167617
0.6353492270176484 0.9892577270167617
0.6393896310580525 0.9892577270167617
0.6434300350984565 0.9892577270167617
0.6474704391388606 0.9892577270167617
0.6515108431792647 0.9892577270167617
0.6555512472196687 0.9892577270167617
0.6595916512600727 0.9892577270167617
0.6636320553004768 0.9892577270167617
0.6676724593408807 0.9892577270167617
0.6717128633812848 0.9892577270167617
0.6757532674216888 0.9892577270167617
0.6797936714620929 0.9892577270167617
0.683834075502497 0.9892577270167617
0.687874479542901 0.9892577270167617
0.6919148835833051 0.9892577270167617
0.6959552876237091 0.9892577270167617
0.6999956916641131 0.9892577270167617
0.2999956916641131 0.9932981310571658
0.3040360957045172 0.9932981310571658
0.3080764997449212 0.9932981310571658
0.3121169037853252 0.9932981310571658
0.31615730782572926 0.9932981310571658
0.3201977118661333 0.9932981310571658
0.32423811590653734 0.9932981310571658
0.3282785199469414 0.9932981310571658
0.3323189239873454 0.9932981310571658
0.3363593280277495 0.9932981310571658
0.3403997320681535 0.9932981310571658
0.34444013610855756 0.9932981310571658
0.34848054014896157 0.9932981310571658
0.35252094418936564 0.9932981310571658
0.3565613482297697 0.9932981310571658
0.3606017522701737 0.9932981310571658
0.3646421563105777 0.9932981310571658
0.3686825603509818 0.9932981310571658
0.37272296439138586 0.9932981310571658
0.37676336843178987 0.9932981310571658
0.3808037724721939 0.9932981310571658
0.38484417651259795 0.9932981310571658
0.388884580553002 0.9932981310571658
0.392924984593406 0.9932981310571658
0.3969653886338101 0.9932981310571658
0.4010057926742141 0.9932981310571658
0.40504619671461817 0.9932981310571658
0.4090866007550222 0.9932981310571658
0.41312700479542624 0.9932981310571658
0.41716740883583026 0.9932981310571658
0.4212078128762343 0.9932981310571658
0.4252482169166384 0.9932981310571658
0.4292886209570424 0.9932981310571658
0.4333290249974464 0.9932981310571658
0.4373694290378505 0.9932981310571658
0.44140983307825454 0.9932981310571658
0.44545023711865855 0.9932981310571658
0.44949064115906257 0.9932981310571658
0.45353104519946663 0.9932981310571658
0.4575714492398707 0.9932981310571658
0.4616118532802747 0.9932981310571658
0.4656522573206788 0.9932981310571658
0.4696926613610828 0.9932981310571658
0.47373306540148685 0.9932981310571658
0.4777734694418909 0.9932981310571658
0.48181387348229493 0.9932981310571658
0.48585427752269894 0.9932981310571658
0.489894681563103 0.9932981310571658
0.4939350856035071 0.9932981310571658
0.4979754896439111 0.9932981310571658
0.5020158936843151 0.9932981310571658
0.5060562977247192 0.9932981310571658
0.5100967017651232 0.9932981310571658
0.5141371058055273 0.9932981310571658
0.5181775098459313 0.9932981310571658
0.5222179138863353 0.9932981310571658
0.5262583179267394 0.9932981310571658
0.5302987219671434 0.9932981310571658
0.5343391260075474 0.9932981310571658
0.5383795300479515 0.9932981310571658
0.5424199340883555 0.9932981310571658
0.5464603381287596 0.9932981310571658
0.5505007421691637 0.9932981310571658
0.5545411462095676 0.9932981310571658
0.5585815502499717 0.9932981310571658
0.5626219542903758 0.9932981310571658
0.5666623583307797 0.9932981310571658
0.5707027623711838 0.9932981310571658
0.5747431664115878 0.9932981310571658
0.5787835704519919 0.9932981310571658
0.582823974492396 0.9932981310571658
0.5868643785328 0.9932981310571658
0.590904782573204 0.9932981310571658
0.5949451866136081 0.9932981310571658
0.598985590654012 0.9932981310571658
0.6030259946944161 0.9932981310571658
0.6070663987348202 0.9932981310571658
0.6111068027752242 0.9932981310571658
0.6151472068156283 0.9932981310571658
0.6191876108560324 0.9932981310571658
0.6232280148964363 0.9932981310571658
0.6272684189368404 0.9932981310571658
0.6313088229772444 0.9932981310571658
0.6353492270176484 0.9932981310571658
0.6393896310580525 0.9932981310571658
0.6434300350984565 0.9932981310571658
0.6474704391388606 0.9932981310571658
0.6515108431792647 0.9932981310571658
0.6555512472196687 0.9932981310571658
0.6595916512600727 0.9932981310571658
0.6636320553004768 0.9932981310571658
0.6676724593408807 0.9932981310571658
0.6717128633812848 0.9932981310571658
0.6757532674216888 0.9932981310571658
0.6797936714620929 0.9932981310571658
0.683834075502497 0.9932981310571658
0.687874479542901 0.9932981310571658
0.6919148835833051 0.9932981310571658
0.6959552876237091 0.9932981310571658
0.6999956916641131 0.9932981310571658
0.2999956916641131 0.9973385350975699
0.3040360957045172 0.9973385350975699
0.3080764997449212 0.9973385350975699
0.3121169037853252 0.9973385350975699
0.31615730782572926 0.9973385350975699
0.3201977118661333 0.9973385350975699
0.32423811590653734 0.9973385350975699
0.3282785199469414 0.9973385350975699
0.3323189239873454 0.9973385350975699
0.3363593280277495 0.9973385350975699
0.3403997320681535 0.9973385350975699
0.34444013610855756 0.9973385350975699
0.34848054014896157 0.9973385350975699
0.35252094418936564 0.9973385350975699
0.3565613482297697 0.9973385350975699
0.3606017522701737 0.9973385350975699
0.3646421563105777 0.9973385350975699
0.3686825603509818 0.9973385350975699
0.37272296439138586 0.9973385350975699
0.37676336843178987 0.9973385350975699
0.3808037724721939 0.9973385350975699
0.38484417651259795 0.9973385350975699
0.388884580553002 0.9973385350975699
0.392924984593406 0.9973385350975699
0.3969653886338101 0.9973385350975699
0.4010057926742141 0.9973385350975699
0.40504619671461817 0.9973385350975699
0.4090866007550222 0.9973385350975699
0.41312700479542624 0.9973385350975699
0.41716740883583026 0.9973385350975699
0.4212078128762343 0.9973385350975699
0.4252482169166384 0.9973385350975699
0.4292886209570424 0.9973385350975699
0.4333290249974464 0.9973385350975699
0.4373694290378505 0.9973385350975699
0.44140983307825454 0.9973385350975699
0.44545023711865855 0.9973385350975699
0.44949064115906257 0.9973385350975699
0.45353104519946663 0.9973385350975699
0.4575714492398707 0.9973385350975699
0.4616118532802747 0.9973385350975699
0.4656522573206788 0.9973385350975699
0.4696926613610828 0.9973385350975699
0.47373306540148685 0.9973385350975699
0.4777734694418909 0.9973385350975699
0.48181387348229493 0.9973385350975699
0.48585427752269894 0.9973385350975699
0.489894681563103 0.9973385350975699
0.4939350856035071 0.9973385350975699
0.4979754896439111 0.9973385350975699
0.5020158936843151 0.9973385350975699
0.5060562977247192 0.9973385350975699
0.5100967017651232 0.9973385350975699
0.5141371058055273 0.9973385350975699
0.5181775098459313 0.9973385350975699
0.5222179138863353 0.9973385350975699
0.5262583179267394 0.9973385350975699
0.5302987219671434 0.9973385350975699
0.5343391260075474 0.9973385350975699
0.5383795300479515 0.9973385350975699
0.5424199340883555 0.9973385350975699
0.5464603381287596 0.9973385350975699
0.5505007421691637 0.9973385350975699
0.5545411462095676 0.9973385350975699
0.5585815502499717 0.9973385350975699
0.5626219542903758 0.9973385350975699
0.5666623583307797 0.9973385350975699
0.5707027623711838 0.9973385350975699
0.5747431664115878 0.9973385350975699
0.5787835704519919 0.9973385350975699
0.582823974492396 0.9973385350975699
0.5868643785328 0.9973385350975699
0.590904782573204 0.9973385350975699
0.5949451866136081 0.9973385350975699
0.598985590654012 0.9973385350975699
0.6030259946944161 0.9973385350975699
0.6070663987348202 0.9973385350975699
0.6111068027752242 0.9973385350975699
0.6151472068156283 0.9973385350975699
0.6191876108560324 0.9973385350975699
0.6232280148964363 0.9973385350975699
0.6272684189368404 0.9973385350975699
0.6313088229772444 0.9973385350975699
0.6353492270176484 0.9973385350975699
0.6393896310580525 0.9973385350975699
0.6434300350984565 0.9973385350975699
0.6474704391388606 0.9973385350975699
0.6515108431792647 0.9973385350975699
0.6555512472196687 0.9973385350975699
0.6595916512600727 0.9973385350975699
0.6636320553004768 0.9973385350975699
0.6676724593408807 0.9973385350975699
0.6717128633812848 0.9973385350975699
0.6757532674216888 0.9973385350975699
0.6797936714620929 0.9973385350975699
0.683834075502497 0.9973385350975699
0.687874479542901 0.9973385350975699
0.6919148835833051 0.9973385350975699
0.6959552876237091 0.9973385350975699
0.6999956916641131 0.9973385350975699
0.2999956916641131 1.001378939137974
0.3040360957045172 1.001378939137974
0.3080764997449212 1.001378939137974
0.3121169037853252 1.001378939137974
0.31615730782572926 1.001378939137974
0.3201977118661333 1.001378939137974
0.32423811590653734 1.001378939137974
0.3282785199469414 1.001378939137974
0.3323189239873454 1.001378939137974
0.3363593280277495 1.001378939137974
0.3403997320681535 1.001378939137974
0.34444013610855756 1.001378939137974
0.34848054014896157 1.001378939137974
0.35252094418936564 1.001378939137974
0.3565613482297697 1.001378939137974
0.3606017522701737 1.001378939137974
0.3646421563105777 1.001378939137974
0.3686825603509818 1.001378939137974
0.37272296439138586 1.001378939137974
0.37676336843178987 1.001378939137974
0.3808037724721939 1.001378939137974
0.38484417651259795 1.001378939137974
0.388884580553002 1.001378939137974
0.392924984593406 1.001378939137974
0.3969653886338101 1.001378939137974
0.4010057926742141 1.001378939137974
0.40504619671461817 1.001378939137974
0.4090866007550222 1.001378939137974
0.41312700479542624 1.001378939137974
0.41716740883583026 1.001378939137974
0.4212078128762343 1.001378939137974
0.4252482169166384 1.001378939137974
0.4292886209570424 1.001378939137974
0.4333290249974464 1.001378939137974
0.4373694290378505 1.001378939137974
0.44140983307825454 1.001378939137974
0.44545023711865855 1.001378939137974
0.44949064115906257 1.001378939137974
0.45353104519946663 1.001378939137974
0.4575714492398707 1.001378939137974
0.4616118532802747 1.001378939137974
0.4656522573206788 1.001378939137974
0.4696926613610828 1.001378939137974
0.47373306540148685 1.001378939137974
0.4777734694418909 1.001378939137974
0.48181387348229493 1.001378939137974
0.48585427752269894 1.001378939137974
0.489894681563103 1.001378939137974
0.4939350856035071 1.001378939137974
0.4979754896439111 1.001378939137974
0.5020158936843151 1.001378939137974
0.5060562977247192 1.001378939137974
0.5100967017651232 1.001378939137974
0.5141371058055273 1.001378939137974
0.5181775098459313 1.001378939137974
0.5222179138863353 1.001378939137974
0.5262583179267394 1.001378939137974
0.5302987219671434 1.001378939137974
0.5343391260075474 1.001378939137974
0.5383795300479515 1.001378939137974
0.5424199340883555 1.001378939137974
0.5464603381287596 1.001378939137974
0.5505007421691637 1.001378939137974
0.5545411462095676 1.001378939137974
0.5585815502499717 1.001378939137974
0.5626219542903758 1.001378939137974
0.5666623583307797 1.001378939137974
0.5707027623711838 1.001378939137974
0.5747431664115878 1.001378939137974
0.5787835704519919 1.001378939137974
0.582823974492396 1.001378939137974
0.5868643785328 1.001378939137974
0.590904782573204 1.001378939137974
0.5949451866136081 1.001378939137974
0.598985590654012 1.001378939137974
0.6030259946944161 1.001378939137974
0.6070663987348202 1.001378939137974
0.6111068027752242 1.001378939137974
0.6151472068156283 1.001378939137974
0.6191876108560324 1.001378939137974
0.6232280148964363 1.001378939137974
0.6272684189368404 1.001378939137974
0.6313088229772444 1.001378939137974
0.6353492270176484 1.001378939137974
0.6393896310580525 1.001378939137974
0.6434300350984565 1.001378939137974
0.6474704391388606 1.001378939137974
0.6515108431792647 1.001378939137974
0.6555512472196687 1.001378939137974
0.6595916512600727 1.001378939137974
0.6636320553004768 1.001378939137974
0.6676724593408807 1.001378939137974
0.6717128633812848 1.001378939137974
0.6757532674216888 1.001378939137974
0.6797936714620929 1.001378939137974
0.683834075502497 1.001378939137974
0.687874479542901 1.001378939137974
0.6919148835833051 1.001378939137974
0.6959552876237091 1.001378939137974
0.6999956916641131 1.001378939137974
0.2999956916641131 1.005419343178378
0.3040360957045172 1.005419343178378
0.3080764997449212 1.005419343178378
0.3121169037853252 1.005419343178378
0.31615730782572926 1.005419343178378
0.3201977118661333 1.005419343178378
0.32423811590653734 1.005419343178378
0.3282785199469414 1.005419343178378
0.3323189239873454 1.005419343178378
0.3363593280277495 1.005419343178378
0.3403997320681535 1.005419343178378
0.34444013610855756 1.005419343178378
0.34848054014896157 1.005419343178378
0.35252094418936564 1.005419343178378
0.3565613482297697 1.005419343178378
0.3606017522701737 1.005419343178378
0.3646421563105777 1.005419343178378
0.3686825603509818 1.005419343178378
0.37272296439138586 1.005419343178378
0.37676336843178987 1.005419343178378
0.3808037724721939 1.005419343178378
0.38484417651259795 1.005419343178378
0.388884580553002 1.005419343178378
0.392924984593406 1.005419343178378
0.3969653886338101 1.005419343178378
0.4010057926742141 1.005419343178378
0.40504619671461817 1.005419343178378
0.4090866007550222 1.005419343178378
0.41312700479542624 1.005419343178378
0.41716740883583026 1.005419343178378
0.4212078128762343 1.005419343178378
0.4252482169166384 1.005419343178378
0.4292886209570424 1.005419343178378
0.4333290249974464 1.005419343178378
0.4373694290378505 1.005419343178378
0.44140983307825454 1.005419343178378
0.44545023711865855 1.005419343178378
0.44949064115906257 1.005419343178378
0.45353104519946663 1.005419343178378
0.4575714492398707 1.005419343178378
0.4616118532802747 1.005419343178378
0.4656522573206788 1.005419343178378
0.4696926613610828 1.005419343178378
0.47373306540148685 1.005419343178378
0.4777734694418909 1.005419343178378
0.48181387348229493 1.005419343178378
0.48585427752269894 1.005419343178378
0.489894681563103 1.005419343178378
0.4939350856035071 1.005419343178378
0.4979754896439111 1.005419343178378
0.5020158936843151 1.005419343178378
0.5060562977247192 1.005419343178378
0.5100967017651232 1.005419343178378
0.5141371058055273 1.005419343178378
0.5181775098459313 1.005419343178378
0.5222179138863353 1.005419343178378
0.5262583179267394 1.005419343178378
0.5302987219671434 1.005419343178378
0.5343391260075474 1.005419343178378
0.5383795300479515 1.005419343178378
0.5424199340883555 1.005419343178378
0.5464603381287596 1.005419343178378
0.5505007421691637 1.005419343178378
0.5545411462095676 1.005419343178378
0.5585815502499717 1.005419343178378
0.5626219542903758 1.005419343178378
0.5666623583307797 1.005419343178378
0.5707027623711838 1.005419343178378
0.5747431664115878 1.005419343178378
0.5787835704519919 1.005419343178378
0.582823974492396 1.005419343178378
0.5868643785328 1.005419343178378
0.590904782573204 1.005419343178378
0.5949451866136081 1.005419343178378
0.598985590654012 1.005419343178378
0.6030259946944161 1.005419343178378
0.6070663987348202 1.005419343178378
0.6111068027752242 1.005419343178378
0.6151472068156283 1.005419343178378
0.6191876108560324 1.005419343178378
0.6232280148964363 1.005419343178378
0.6272684189368404 1.005419343178378
0.6313088229772444 1.005419343178378
0.6353492270176484 1.005419343178378
0.6393896310580525 1.005419343178378
0.6434300350984565 1.005419343178378
0.6474704391388606 1.005419343178378
0.6515108431792647 1.005419343178378
0.6555512472196687 1.005419343178378
0.6595916512600727 1.005419343178378
0.6636320553004768 1.005419343178378
0.6676724593408807 1.005419343178378
0.6717128633812848 1.005419343178378
0.6757532674216888 1.005419343178378
0.6797936714620929 1.005419343178378
0.683834075502497 1.005419343178378
0.687874479542901 1.005419343178378
0.6919148835833051 1.005419343178378
0.6959552876237091 1.005419343178378
0.6999956916641131 1.005419343178378
0.2999956916641131 1.009459747218782
0.3040360957045172 1.009459747218782
0.3080764997449212 1.009459747218782
0.3121169037853252 1.009459747218782
0.31615730782572926 1.009459747218782
0.3201977118661333 1.009459747218782
0.32423811590653734 1.009459747218782
0.3282785199469414 1.009459747218782
0.3323189239873454 1.009459747218782
0.3363593280277495 1.009459747218782
0.3403997320681535 1.009459747218782
0.34444013610855756 1.009459747218782
0.34848054014896157 1.009459747218782
0.35252094418936564 1.009459747218782
0.3565613482297697 1.009459747218782
0.3606017522701737 1.009459747218782
0.3646421563105777 1.009459747218782
0.3686825603509818 1.009459747218782
0.37272296439138586 1.009459747218782
0.37676336843178987 1.009459747218782
0.3808037724721939 1.009459747218782
0.38484417651259795 1.009459747218782
0.388884580553002 1.009459747218782
0.392924984593406 1.009459747218782
0.3969653886338101 1.009459747218782
0.4010057926742141 1.009459747218782
0.40504619671461817 1.009459747218782
0.4090866007550222 1.009459747218782
0.41312700479542624 1.009459747218782
0.41716740883583026 1.009459747218782
0.4212078128762343 1.009459747218782
0.4252482169166384 1.009459747218782
0.4292886209570424 1.009459747218782
0.4333290249974464 1.009459747218782
0.4373694290378505 1.009459747218782
0.44140983307825454 1.009459747218782
0.44545023711865855 1.009459747218782
0.44949064115906257 1.009459747218782
0.45353104519946663 1.009459747218782
0.4575714492398707 1.009459747218782
0.4616118532802747 1.009459747218782
0.4656522573206788 1.009459747218782
0.4696926613610828 1.009459747218782
0.47373306540148685 1.009459747218782
0.4777734694418909 1.009459747218782
0.48181387348229493 1.009459747218782
0.48585427752269894 1.009459747218782
0.489894681563103 1.009459747218782
0.4939350856035071 1.009459747218782
0.4979754896439111 1.009459747218782
0.5020158936843151 1.009459747218782
0.5060562977247192 1.009459747218782
0.5100967017651232 1.009459747218782
0.5141371058055273 1.009459747218782
0.5181775098459313 1.009459747218782
0.5222179138863353 1.009459747218782
0.5262583179267394 1.009459747218782
0.5302987219671434 1.009459747218782
0.5343391260075474 1.009459747218782
0.5383795300479515 1.009459747218782
0.5424199340883555 1.009459747218782
0.5464603381287596 1.009459747218782
0.5505007421691637 1.009459747218782
0.5545411462095676 1.009459747218782
0.5585815502499717 1.009459747218782
0.5626219542903758 1.009459747218782
0.5666623583307797 1.009459747218782
0.5707027623711838 1.009459747218782
0.5747431664115878 1.009459747218782
0.5787835704519919 1.009459747218782
0.582823974492396 1.009459747218782
0.5868643785328 1.009459747218782
0.590904782573204 1.009459747218782
0.5949451866136081 1.009459747218782
0.598985590654012 1.009459747218782
0.6030259946944161 1.009459747218782
0.6070663987348202 1.009459747218782
0.6111068027752242 1.009459747218782
0.6151472068156283 1.009459747218782
0.6191876108560324 1.009459747218782
0.6232280148964363 1.009459747218782
0.6272684189368404 1.009459747218782
0.6313088229772444 1.009459747218782
0.6353492270176484 1.009459747218782
0.6393896310580525 1.009459747218782
0.6434300350984565 1.009459747218782
0.6474704391388606 1.009459747218782
0.6515108431792647 1.009459747218782
0.6555512472196687 1.009459747218782
0.6595916512600727 1.009459747218782
0.6636320553004768 1.009459747218782
0.6676724593408807 1.009459747218782
0.6717128633812848 1.009459747218782
0.6757532674216888 1.009459747218782
0.6797936714620929 1.009459747218782
0.683834075502497 1.009459747218782
0.687874479542901 1.009459747218782
0.6919148835833051 1.009459747218782
0.6959552876237091 1.009459747218782
0.6999956916641131 1.009459747218782
0.2999956916641131 1.0135001512591861
0.3040360957045172 1.0135001512591861
0.3080764997449212 1.0135001512591861
0.3121169037853252 1.0135001512591861
0.31615730782572926 1.0135001512591861
0.3201977118661333 1.0135001512591861
0.32423811590653734 1.0135001512591861
0.3282785199469414 1.0135001512591861
0.3323189239873454 1.0135001512591861
0.3363593280277495 1.0135001512591861
0.3403997320681535 1.0135001512591861
0.34444013610855756 1.0135001512591861
0.34848054014896157 1.0135001512591861
0.35252094418936564 1.0135001512591861
0.3565613482297697 1.0135001512591861
0.3606017522701737 1.0135001512591861
0.3646421563105777 1.0135001512591861
0.3686825603509818 1.0135001512591861
0.37272296439138586 1.0135001512591861
0.37676336843178987 1.0135001512591861
0.3808037724721939 1.0135001512591861
0.38484417651259795 1.0135001512591861
0.388884580553002 1.0135001512591861
0.392924984593406 1.0135001512591861
0.3969653886338101 1.0135001512591861
0.4010057926742141 1.0135001512591861
0.40504619671461817 1.0135001512591861
0.4090866007550222 1.0135001512591861
0.41312700479542624 1.0135001512591861
0.41716740883583026 1.0135001512591861
0.4212078128762343 1.0135001512591861
0.4252482169166384 1.0135001512591861
0.4292886209570424 1.0135001512591861
0.4333290249974464 1.0135001512591861
0.4373694290378505 1.0135001512591861
0.44140983307825454 1.0135001512591861
0.44545023711865855 1.0135001512591861
0.44949064115906257 1.0135001512591861
0.45353104519946663 1.0135001512591861
0.4575714492398707 1.0135001512591861
0.4616118532802747 1.0135001512591861
0.4656522573206788 1.0135001512591861
0.4696926613610828 1.0135001512591861
0.47373306540148685 1.0135001512591861
0.4777734694418909 1.0135001512591861
0.48181387348229493 1.0135001512591861
0.48585427752269894 1.0135001512591861
0.489894681563103 1.0135001512591861
0.4939350856035071 1.0135001512591861
0.4979754896439111 1.0135001512591861
0.5020158936843151 1.0135001512591861
0.5060562977247192 1.0135001512591861
0.5100967017651232 1.0135001512591861
0.5141371058055273 1.0135001512591861
0.5181775098459313 1.0135001512591861
0.5222179138863353 1.0135001512591861
0.5262583179267394 1.0135001512591861
0.5302987219671434 1.0135001512591861
0.5343391260075474 1.0135001512591861
0.5383795300479515 1.0135001512591861
0.5424199340883555 1.0135001512591861
0.5464603381287596 1.0135001512591861
0.5505007421691637 1.0135001512591861
0.5545411462095676 1.0135001512591861
0.5585815502499717 1.0135001512591861
0.5626219542903758 1.0135001512591861
0.5666623583307797 1.0135001512591861
0.5707027623711838 1.0135001512591861
0.5747431664115878 1.0135001512591861
0.5787835704519919 1.0135001512591861
0.582823974492396 1.0135001512591861
0.5868643785328 1.0135001512591861
0.590904782573204 1.0135001512591861
0.5949451866136081 1.0135001512591861
0.598985590654012 1.0135001512591861
0.6030259946944161 1.0135001512591861
0.6070663987348202 1.0135001512591861
0.6111068027752242 1.0135001512591861
0.6151472068156283 1.0135001512591861
0.6191876108560324 1.0135001512591861
0.6232280148964363 1.0135001512591861
0.6272684189368404 1.0135001512591861
0.6313088229772444 1.0135001512591861
0.6353492270176484 1.0135001512591861
0.6393896310580525 1.0135001512591861
0.6434300350984565 1.0135001512591861
0.6474704391388606 1.0135001512591861
0.6515108431792647 1.0135001512591861
0.6555512472196687 1.0135001512591861
0.6595916512600727 1.0135001512591861
0.6636320553004768 1.0135001512591861
0.6676724593408807 1.0135001512591861
0.6717128633812848 1.0135001512591861
0.6757532674216888 1.0135001512591861
0.6797936714620929 1.0135001512591861
0.683834075502497 1.0135001512591861
0.687874479542901 1.0135001512591861
0.6919148835833051 1.0135001512591861
0.6959552876237091 1.0135001512591861
0.6999956916641131 1.0135001512591861
0.2999956916641131 1.0175405552995902
0.3040360957045172 1.0175405552995902
0.3080764997449212 1.0175405552995902
0.3121169037853252 1.0175405552995902
0.31615730782572926 1.0175405552995902
0.3201977118661333 1.0175405552995902
0.32423811590653734 1.0175405552995902
0.3282785199469414 1.0175405552995902
0.3323189239873454 1.0175405552995902
0.3363593280277495 1.0175405552995902
0.3403997320681535 1.0175405552995902
0.34444013610855756 1.0175405552995902
0.34848054014896157 1.0175405552995902
0.35252094418936564 1.0175405552995902
0.3565613482297697 1.0175405552995902
0.3606017522701737 1.0175405552995902
0.3646421563105777 1.0175405552995902
0.3686825603509818 1.0175405552995902
0.37272296439138586 1.0175405552995902
0.37676336843178987 1.0175405552995902
0.3808037724721939 1.0175405552995902
0.38484417651259795 1.0175405552995902
0.388884580553002 1.0175405552995902
0.392924984593406 1.0175405552995902
0.3969653886338101 1.0175405552995902
0.4010057926742141 1.0175405552995902
0.40504619671461817 1.0175405552995902
0.4090866007550222 1.0175405552995902
0.41312700479542624 1.0175405552995902
0.41716740883583026 1.0175405552995902
0.4212078128762343 1.0175405552995902
0.4252482169166384 1.0175405552995902
0.4292886209570424 1.0175405552995902
0.4333290249974464 1.0175405552995902
0.4373694290378505 1.0175405552995902
0.44140983307825454 1.0175405552995902
0.44545023711865855 1.0175405552995902
0.44949064115906257 1.0175405552995902
0.45353104519946663 1.0175405552995902
0.4575714492398707 1.0175405552995902
0.4616118532802747 1.0175405552995902
0.4656522573206788 1.0175405552995902
0.4696926613610828 1.0175405552995902
0.47373306540148685 1.0175405552995902
0.4777734694418909 1.0175405552995902
0.48181387348229493 1.0175405552995902
0.48585427752269894 1.0175405552995902
0.489894681563103 1.0175405552995902
0.4939350856035071 1.0175405552995902
0.4979754896439111 1.0175405552995902
0.5020158936843151 1.0175405552995902
0.5060562977247192 1.0175405552995902
0.5100967017651232 1.0175405552995902
0.5141371058055273 1.0175405552995902
0.5181775098459313 1.0175405552995902
0.5222179138863353 1.0175405552995902
0.5262583179267394 1.0175405552995902
0.5302987219671434 1.0175405552995902
0.5343391260075474 1.0175405552995902
0.5383795300479515 1.0175405552995902
0.5424199340883555 1.0175405552995902
0.5464603381287596 1.0175405552995902
0.5505007421691637 1.0175405552995902
0.5545411462095676 1.0175405552995902
0.5585815502499717 1.0175405552995902
0.5626219542903758 1.0175405552995902
0.5666623583307797 1.0175405552995902
0.5707027623711838 1.0175405552995902
0.5747431664115878 1.0175405552995902
0.5787835704519919 1.0175405552995902
0.582823974492396 1.0175405552995902
0.5868643785328 1.0175405552995902
0.590904782573204 1.0175405552995902
0.5949451866136081 1.0175405552995902
0.598985590654012 1.0175405552995902
0.6030259946944161 1.0175405552995902
0.6070663987348202 1.0175405552995902
0.6111068027752242 1.0175405552995902
0.6151472068156283 1.0175405552995902
0.6191876108560324 1.0175405552995902
0.6232280148964363 1.0175405552995902
0.6272684189368404 1.0175405552995902
0.6313088229772444 1.0175405552995902
0.6353492270176484 1.0175405552995902
0.6393896310580525 1.0175405552995902
0.6434300350984565 1.0175405552995902
0.6474704391388606 1.0175405552995902
0.6515108431792647 1.0175405552995902
0.6555512472196687 1.0175405552995902
0.6595916512600727 1.0175405552995902
0.6636320553004768 1.0175405552995902
0.6676724593408807 1.0175405552995902
0.6717128633812848 1.0175405552995902
0.6757532674216888 1.0175405552995902
0.6797936714620929 1.0175405552995902
0.683834075502497 1.0175405552995902
0.687874479542901 1.0175405552995902
0.6919148835833051 1.0175405552995902
0.6959552876237091 1.0175405552995902
0.6999956916641131 1.0175405552995902
0.2999956916641131 1.0215809593399943
0.3040360957045172 1.0215809593399943
0.3080764997449212 1.0215809593399943
0.3121169037853252 1.0215809593399943
0.31615730782572926 1.0215809593399943
0.3201977118661333 1.0215809593399943
0.32423811590653734 1.0215809593399943
0.3282785199469414 1.0215809593399943
0.3323189239873454 1.0215809593399943
0.3363593280277495 1.0215809593399943
0.3403997320681535 1.0215809593399943
0.34444013610855756 1.0215809593399943
0.34848054014896157 1.0215809593399943
0.35252094418936564 1.0215809593399943
0.3565613482297697 1.0215809593399943
0.3606017522701737 1.0215809593399943
0.3646421563105777 1.0215809593399943
0.3686825603509818 1.0215809593399943
0.37272296439138586 1.0215809593399943
0.37676336843178987 1.0215809593399943
0.3808037724721939 1.0215809593399943
0.38484417651259795 1.0215809593399943
0.388884580553002 1.0215809593399943
0.392924984593406 1.0215809593399943
0.3969653886338101 1.0215809593399943
0.4010057926742141 1.0215809593399943
0.40504619671461817 1.0215809593399943
0.4090866007550222 1.0215809593399943
0.41312700479542624 1.0215809593399943
0.41716740883583026 1.0215809593399943
0.4212078128762343 1.0215809593399943
0.4252482169166384 1.0215809593399943
0.4292886209570424 1.0215809593399943
0.4333290249974464 1.0215809593399943
0.4373694290378505 1.0215809593399943
0.44140983307825454 1.0215809593399943
0.44545023711865855 1.0215809593399943
0.44949064115906257 1.0215809593399943
0.45353104519946663 1.0215809593399943
0.4575714492398707 1.0215809593399943
0.4616118532802747 1.0215809593399943
0.4656522573206788 1.0215809593399943
0.4696926613610828 1.0215809593399943
0.47373306540148685 1.0215809593399943
0.4777734694418909 1.0215809593399943
0.48181387348229493 1.0215809593399943
0.48585427752269894 1.0215809593399943
0.489894681563103 1.0215809593399943
0.4939350856035071 1.0215809593399943
0.4979754896439111 1.0215809593399943
0.5020158936843151 1.0215809593399943
0.5060562977247192 1.0215809593399943
0.5100967017651232 1.0215809593399943
0.5141371058055273 1.0215809593399943
0.5181775098459313 1.0215809593399943
0.5222179138863353 1.0215809593399943
0.5262583179267394 1.0215809593399943
0.5302987219671434 1.0215809593399943
0.5343391260075474 1.0215809593399943
0.5383795300479515 1.0215809593399943
0.5424199340883555 1.0215809593399943
0.5464603381287596 1.0215809593399943
0.5505007421691637 1.0215809593399943
0.5545411462095676 1.0215809593399943
0.5585815502499717 1.0215809593399943
0.5626219542903758 1.0215809593399943
0.5666623583307797 1.0215809593399943
0.5707027623711838 1.0215809593399943
0.5747431664115878 1.0215809593399943
0.5787835704519919 1.0215809593399943
0.582823974492396 1.0215809593399943
0.5868643785328 1.0215809593399943
0.590904782573204 1.0215809593399943
0.5949451866136081 1.0215809593399943
0.598985590654012 1.0215809593399943
0.6030259946944161 1.0215809593399943
0.6070663987348202 1.0215809593399943
0.6111068027752242 1.0215809593399943
0.6151472068156283 1.0215809593399943
0.6191876108560324 1.0215809593399943
0.6232280148964363 1.0215809593399943
0.6272684189368404 1.0215809593399943
0.6313088229772444 1.0215809593399943
0.6353492270176484 1.0215809593399943
0.6393896310580525 1.0215809593399943
0.6434300350984565 1.0215809593399943
0.6474704391388606 1.0215809593399943
0.6515108431792647 1.0215809593399943
0.6555512472196687 1.0215809593399943
0.6595916512600727 1.0215809593399943
0.6636320553004768 1.0215809593399943
0.6676724593408807 1.0215809593399943
0.6717128633812848 1.0215809593399943
0.6757532674216888 1.0215809593399943
0.6797936714620929 1.0215809593399943
0.683834075502497 1.0215809593399943
0.687874479542901 1.0215809593399943
0.6919148835833051 1.0215809593399943
0.6959552876237091 1.0215809593399943
0.6999956916641131 1.0215809593399943
0.2999956916641131 1.025621363380398
0.3040360957045172 1.025621363380398
0.3080764997449212 1.025621363380398
0.3121169037853252 1.025621363380398
0.31615730782572926 1.025621363380398
0.3201977118661333 1.025621363380398
0.32423811590653734 1.025621363380398
0.3282785199469414 1.025621363380398
0.3323189239873454 1.025621363380398
0.3363593280277495 1.025621363380398
0.3403997320681535 1.025621363380398
0.34444013610855756 1.025621363380398
0.34848054014896157 1.025621363380398
0.35252094418936564 1.025621363380398
0.3565613482297697 1.025621363380398
0.3606017522701737 1.025621363380398
0.3646421563105777 1.025621363380398
0.3686825603509818 1.025621363380398
0.37272296439138586 1.025621363380398
0.37676336843178987 1.025621363380398
0.3808037724721939 1.025621363380398
0.38484417651259795 1.025621363380398
0.388884580553002 1.025621363380398
0.392924984593406 1.025621363380398
0.3969653886338101 1.025621363380398
0.4010057926742141 1.025621363380398
0.40504619671461817 1.025621363380398
0.4090866007550222 1.025621363380398
0.41312700479542624 1.025621363380398
0.41716740883583026 1.025621363380398
0.4212078128762343 1.025621363380398
0.4252482169166384 1.025621363380398
0.4292886209570424 1.025621363380398
0.4333290249974464 1.025621363380398
0.4373694290378505 1.025621363380398
0.44140983307825454 1.025621363380398
0.44545023711865855 1.025621363380398
0.44949064115906257 1.025621363380398
0.45353104519946663 1.025621363380398
0.4575714492398707 1.025621363380398
0.4616118532802747 1.025621363380398
0.4656522573206788 1.025621363380398
0.4696926613610828 1.025621363380398
0.47373306540148685 1.025621363380398
0.4777734694418909 1.025621363380398
0.48181387348229493 1.025621363380398
0.48585427752269894 1.025621363380398
0.489894681563103 1.025621363380398
0.4939350856035071 1.025621363380398
0.4979754896439111 1.025621363380398
0.5020158936843151 1.025621363380398
0.5060562977247192 1.025621363380398
0.5100967017651232 1.025621363380398
0.5141371058055273 1.025621363380398
0.5181775098459313 1.025621363380398
0.5222179138863353 1.025621363380398
0.5262583179267394 1.025621363380398
0.5302987219671434 1.025621363380398
0.5343391260075474 1.025621363380398
0.5383795300479515 1.025621363380398
0.5424199340883555 1.025621363380398
0.5464603381287596 1.025621363380398
0.5505007421691637 1.025621363380398
0.5545411462095676 1.025621363380398
0.5585815502499717 1.025621363380398
0.5626219542903758 1.025621363380398
0.5666623583307797 1.025621363380398
0.5707027623711838 1.025621363380398
0.5747431664115878 1.025621363380398
0.5787835704519919 1.025621363380398
0.582823974492396 1.025621363380398
0.5868643785328 1.025621363380398
0.590904782573204 1.025621363380398
0.5949451866136081 1.025621363380398
0.598985590654012 1.025621363380398
0.6030259946944161 1.025621363380398
0.6070663987348202 1.025621363380398
0.6111068027752242 1.025621363380398
0.6151472068156283 1.025621363380398
0.6191876108560324 1.025621363380398
0.6232280148964363 1.025621363380398
0.6272684189368404 1.025621363380398
0.6313088229772444 1.025621363380398
0.6353492270176484 1.025621363380398
0.6393896310580525 1.025621363380398
0.6434300350984565 1.025621363380398
0.6474704391388606 1.025621363380398
0.6515108431792647 1.025621363380398
0.6555512472196687 1.025621363380398
0.6595916512600727 1.025621363380398
0.6636320553004768 1.025621363380398
0.6676724593408807 1.025621363380398
0.6717128633812848 1.025621363380398
0.6757532674216888 1.025621363380398
0.6797936714620929 1.025621363380398
0.683834075502497 1.025621363380398
0.687874479542901 1.025621363380398
0.6919148835833051 1.025621363380398
0.6959552876237091 1.025621363380398
0.6999956916641131 1.025621363380398
0.2999956916641131 1.0296617674208022
0.3040360957045172 1.0296617674208022
0.3080764997449212 1.0296617674208022
0.3121169037853252 1.0296617674208022
0.31615730782572926 1.0296617674208022
0.3201977118661333 1.0296617674208022
0.32423811590653734 1.0296617674208022
0.3282785199469414 1.0296617674208022
0.3323189239873454 1.0296617674208022
0.3363593280277495 1.0296617674208022
0.3403997320681535 1.0296617674208022
0.34444013610855756 1.0296617674208022
0.34848054014896157 1.0296617674208022
0.35252094418936564 1.0296617674208022
0.3565613482297697 1.0296617674208022
0.3606017522701737 1.0296617674208022
0.3646421563105777 1.0296617674208022
0.3686825603509818 1.0296617674208022
0.37272296439138586 1.0296617674208022
0.37676336843178987 1.0296617674208022
0.3808037724721939 1.0296617674208022
0.38484417651259795 1.0296617674208022
0.388884580553002 1.0296617674208022
0.392924984593406 1.0296617674208022
0.3969653886338101 1.0296617674208022
0.4010057926742141 1.0296617674208022
0.40504619671461817 1.0296617674208022
0.4090866007550222 1.0296617674208022
0.41312700479542624 1.0296617674208022
0.41716740883583026 1.0296617674208022
0.4212078128762343 1.0296617674208022
0.4252482169166384 1.0296617674208022
0.4292886209570424 1.0296617674208022
0.4333290249974464 1.0296617674208022
0.4373694290378505 1.0296617674208022
0.44140983307825454 1.0296617674208022
0.44545023711865855 1.0296617674208022
0.44949064115906257 1.0296617674208022
0.45353104519946663 1.0296617674208022
0.4575714492398707 1.0296617674208022
0.4616118532802747 1.0296617674208022
0.4656522573206788 1.0296617674208022
0.4696926613610828 1.0296617674208022
0.47373306540148685 1.0296617674208022
0.4777734694418909 1.0296617674208022
0.48181387348229493 1.0296617674208022
0.48585427752269894 1.0296617674208022
0.489894681563103 1.0296617674208022
0.4939350856035071 1.0296617674208022
0.4979754896439111 1.0296617674208022
0.5020158936843151 1.0296617674208022
0.5060562977247192 1.0296617674208022
0.5100967017651232 1.0296617674208022
0.5141371058055273 1.0296617674208022
0.5181775098459313 1.0296617674208022
0.5222179138863353 1.0296617674208022
0.5262583179267394 1.0296617674208022
0.5302987219671434 1.0296617674208022
0.5343391260075474 1.0296617674208022
0.5383795300479515 1.0296617674208022
0.5424199340883555 1.0296617674208022
0.5464603381287596 1.0296617674208022
0.5505007421691637 1.0296617674208022
0.5545411462095676 1.0296617674208022
0.5585815502499717 1.0296617674208022
0.5626219542903758 1.0296617674208022
0.5666623583307797 1.0296617674208022
0.5707027623711838 1.0296617674208022
0.5747431664115878 1.0296617674208022
0.5787835704519919 1.0296617674208022
0.582823974492396 1.0296617674208022
0.5868643785328 1.0296617674208022
0.590904782573204 1.0296617674208022
0.5949451866136081 1.0296617674208022
0.598985590654012 1.0296617674208022
0.6030259946944161 1.0296617674208022
0.6070663987348202 1.0296617674208022
0.6111068027752242 1.0296617674208022
0.6151472068156283 1.0296617674208022
0.6191876108560324 1.0296617674208022
0.6232280148964363 1.0296617674208022
0.6272684189368404 1.0296617674208022
0.6313088229772444 1.0296617674208022
0.6353492270176484 1.0296617674208022
0.6393896310580525 1.0296617674208022
0.6434300350984565 1.0296617674208022
0.6474704391388606 1.0296617674208022
0.6515108431792647 1.0296617674208022
0.6555512472196687 1.0296617674208022
0.6595916512600727 1.0296617674208022
0.6636320553004768 1.0296617674208022
0.6676724593408807 1.0296617674208022
0.6717128633812848 1.0296617674208022
0.6757532674216888 1.0296617674208022
0.6797936714620929 1.0296617674208022
0.683834075502497 1.0296617674208022
0.687874479542901 1.0296617674208022
0.6919148835833051 1.0296617674208022
0.6959552876237091 1.0296617674208022
0.6999956916641131 1.0296617674208022
0.2999956916641131 1.0337021714612062
0.3040360957045172 1.0337021714612062
0.3080764997449212 1.0337021714612062
0.3121169037853252 1.0337021714612062
0.31615730782572926 1.0337021714612062
0.3201977118661333 1.0337021714612062
0.32423811590653734 1.0337021714612062
0.3282785199469414 1.0337021714612062
0.3323189239873454 1.0337021714612062
0.3363593280277495 1.0337021714612062
0.3403997320681535 1.0337021714612062
0.34444013610855756 1.0337021714612062
0.34848054014896157 1.0337021714612062
0.35252094418936564 1.0337021714612062
0.3565613482297697 1.0337021714612062
0.3606017522701737 1.0337021714612062
0.3646421563105777 1.0337021714612062
0.3686825603509818 1.0337021714612062
0.37272296439138586 1.0337021714612062
0.37676336843178987 1.0337021714612062
0.3808037724721939 1.0337021714612062
0.38484417651259795 1.0337021714612062
0.388884580553002 1.0337021714612062
0.392924984593406 1.0337021714612062
0.3969653886338101 1.0337021714612062
0.4010057926742141 1.0337021714612062
0.40504619671461817 1.0337021714612062
0.4090866007550222 1.0337021714612062
0.41312700479542624 1.0337021714612062
0.41716740883583026 1.0337021714612062
0.4212078128762343 1.0337021714612062
0.4252482169166384 1.0337021714612062
0.4292886209570424 1.0337021714612062
0.4333290249974464 1.0337021714612062
0.4373694290378505 1.0337021714612062
0.44140983307825454 1.0337021714612062
0.44545023711865855 1.0337021714612062
0.44949064115906257 1.0337021714612062
0.45353104519946663 1.0337021714612062
0.4575714492398707 1.0337021714612062
0.4616118532802747 1.0337021714612062
0.4656522573206788 1.0337021714612062
0.4696926613610828 1.0337021714612062
0.47373306540148685 1.0337021714612062
0.4777734694418909 1.0337021714612062
0.48181387348229493 1.0337021714612062
0.48585427752269894 1.0337021714612062
0.489894681563103 1.0337021714612062
0.4939350856035071 1.0337021714612062
0.4979754896439111 1.0337021714612062
0.5020158936843151 1.0337021714612062
0.5060562977247192 1.0337021714612062
0.5100967017651232 1.0337021714612062
0.5141371058055273 1.0337021714612062
0.5181775098459313 1.0337021714612062
0.5222179138863353 1.0337021714612062
0.5262583179267394 1.0337021714612062
0.5302987219671434 1.0337021714612062
0.5343391260075474 1.0337021714612062
0.5383795300479515 1.0337021714612062
0.5424199340883555 1.0337021714612062
0.5464603381287596 1.0337021714612062
0.5505007421691637 1.0337021714612062
0.5545411462095676 1.0337021714612062
0.5585815502499717 1.0337021714612062
0.5626219542903758 1.0337021714612062
0.5666623583307797 1.0337021714612062
0.5707027623711838 1.0337021714612062
0.5747431664115878 1.0337021714612062
0.5787835704519919 1.0337021714612062
0.582823974492396 1.0337021714612062
0.5868643785328 1.0337021714612062
0.590904782573204 1.0337021714612062
0.5949451866136081 1.0337021714612062
0.598985590654012 1.0337021714612062
0.6030259946944161 1.0337021714612062
0.6070663987348202 1.0337021714612062
0.6111068027752242 1.0337021714612062
0.6151472068156283 1.0337021714612062
0.6191876108560324 1.0337021714612062
0.6232280148964363 1.0337021714612062
0.6272684189368404 1.0337021714612062
0.6313088229772444 1.0337021714612062
0.6353492270176484 1.0337021714612062
0.6393896310580525 1.0337021714612062
0.6434300350984565 1.0337021714612062
0.6474704391388606 1.0337021714612062
0.6515108431792647 1.0337021714612062
0.6555512472196687 1.0337021714612062
0.6595916512600727 1.0337021714612062
0.6636320553004768 1.0337021714612062
0.6676724593408807 1.0337021714612062
0.6717128633812848 1.0337021714612062
0.6757532674216888 1.0337021714612062
0.6797936714620929 1.0337021714612062
0.683834075502497 1.0337021714612062
0.687874479542901 1.0337021714612062
0.6919148835833051 1.0337021714612062
0.6959552876237091 1.0337021714612062
0.6999956916641131 1.0337021714612062
0.2999956916641131 1.0377425755016103
0.3040360957045172 1.0377425755016103
0.3080764997449212 1.0377425755016103
0.3121169037853252 1.0377425755016103
0.31615730782572926 1.0377425755016103
0.3201977118661333 1.0377425755016103
0.32423811590653734 1.0377425755016103
0.3282785199469414 1.0377425755016103
0.3323189239873454 1.0377425755016103
0.3363593280277495 1.0377425755016103
0.3403997320681535 1.0377425755016103
0.34444013610855756 1.0377425755016103
0.34848054014896157 1.0377425755016103
0.35252094418936564 1.0377425755016103
0.3565613482297697 1.0377425755016103
0.3606017522701737 1.0377425755016103
0.3646421563105777 1.0377425755016103
0.3686825603509818 1.0377425755016103
0.37272296439138586 1.0377425755016103
0.37676336843178987 1.0377425755016103
0.3808037724721939 1.0377425755016103
0.38484417651259795 1.0377425755016103
0.388884580553002 1.0377425755016103
0.392924984593406 1.0377425755016103
0.3969653886338101 1.0377425755016103
0.4010057926742141 1.0377425755016103
0.40504619671461817 1.0377425755016103
0.4090866007550222 1.0377425755016103
0.41312700479542624 1.0377425755016103
0.41716740883583026 1.0377425755016103
0.4212078128762343 1.0377425755016103
0.4252482169166384 1.0377425755016103
0.4292886209570424 1.0377425755016103
0.4333290249974464 1.0377425755016103
0.4373694290378505 1.0377425755016103
0.44140983307825454 1.0377425755016103
0.44545023711865855 1.0377425755016103
0.44949064115906257 1.0377425755016103
0.45353104519946663 1.0377425755016103
0.4575714492398707 1.0377425755016103
0.4616118532802747 1.0377425755016103
0.4656522573206788 1.0377425755016103
0.4696926613610828 1.0377425755016103
0.47373306540148685 1.0377425755016103
0.4777734694418909 1.0377425755016103
0.48181387348229493 1.0377425755016103
0.48585427752269894 1.0377425755016103
0.489894681563103 1.0377425755016103
0.4939350856035071 1.0377425755016103
0.4979754896439111 1.0377425755016103
0.5020158936843151 1.0377425755016103
0.5060562977247192 1.0377425755016103
0.5100967017651232 1.0377425755016103
0.5141371058055273 1.0377425755016103
0.5181775098459313 1.0377425755016103
0.5222179138863353 1.0377425755016103
0.5262583179267394 1.0377425755016103
0.5302987219671434 1.0377425755016103
0.5343391260075474 1.0377425755016103
0.5383795300479515 1.0377425755016103
0.5424199340883555 1.0377425755016103
0.5464603381287596 1.0377425755016103
0.5505007421691637 1.0377425755016103
0.5545411462095676 1.0377425755016103
0.5585815502499717 1.0377425755016103
0.5626219542903758 1.0377425755016103
0.5666623583307797 1.0377425755016103
0.5707027623711838 1.0377425755016103
0.5747431664115878 1.0377425755016103
0.5787835704519919 1.0377425755016103
0.582823974492396 1.0377425755016103
0.5868643785328 1.0377425755016103
0.590904782573204 1.0377425755016103
0.5949451866136081 1.0377425755016103
0.598985590654012 1.0377425755016103
0.6030259946944161 1.0377425755016103
0.6070663987348202 1.0377425755016103
0.6111068027752242 1.0377425755016103
0.6151472068156283 1.0377425755016103
0.6191876108560324 1.0377425755016103
0.6232280148964363 1.0377425755016103
0.6272684189368404 1.0377425755016103
0.6313088229772444 1.0377425755016103
0.6353492270176484 1.0377425755016103
0.6393896310580525 1.0377425755016103
0.6434300350984565 1.0377425755016103
0.6474704391388606 1.0377425755016103
0.6515108431792647 1.0377425755016103
0.6555512472196687 1.0377425755016103
0.6595916512600727 1.0377425755016103
0.6636320553004768 1.0377425755016103
0.6676724593408807 1.0377425755016103
0.6717128633812848 1.0377425755016103
0.6757532674216888 1.0377425755016103
0.6797936714620929 1.0377425755016103
0.683834075502497 1.0377425755016103
0.687874479542901 1.0377425755016103
0.6919148835833051 1.0377425755016103
0.6959552876237091 1.0377425755016103
0.6999956916641131 1.0377425755016103
0.2999956916641131 1.0417829795420144
0.3040360957045172 1.0417829795420144
0.3080764997449212 1.0417829795420144
0.3121169037853252 1.0417829795420144
0.31615730782572926 1.0417829795420144
0.3201977118661333 1.0417829795420144
0.32423811590653734 1.0417829795420144
0.3282785199469414 1.0417829795420144
0.3323189239873454 1.0417829795420144
0.3363593280277495 1.0417829795420144
0.3403997320681535 1.0417829795420144
0.34444013610855756 1.0417829795420144
0.34848054014896157 1.0417829795420144
0.35252094418936564 1.0417829795420144
0.3565613482297697 1.0417829795420144
0.3606017522701737 1.0417829795420144
0.3646421563105777 1.0417829795420144
0.3686825603509818 1.0417829795420144
0.37272296439138586 1.0417829795420144
0.37676336843178987 1.0417829795420144
0.3808037724721939 1.0417829795420144
0.38484417651259795 1.0417829795420144
0.388884580553002 1.0417829795420144
0.392924984593406 1.0417829795420144
0.3969653886338101 1.0417829795420144
0.4010057926742141 1.0417829795420144
0.40504619671461817 1.0417829795420144
0.4090866007550222 1.0417829795420144
0.41312700479542624 1.0417829795420144
0.41716740883583026 1.0417829795420144
0.4212078128762343 1.0417829795420144
0.4252482169166384 1.0417829795420144
0.4292886209570424 1.0417829795420144
0.4333290249974464 1.0417829795420144
0.4373694290378505 1.0417829795420144
0.44140983307825454 1.0417829795420144
0.44545023711865855 1.0417829795420144
0.44949064115906257 1.0417829795420144
0.45353104519946663 1.0417829795420144
0.4575714492398707 1.0417829795420144
0.4616118532802747 1.0417829795420144
0.4656522573206788 1.0417829795420144
0.4696926613610828 1.0417829795420144
0.47373306540148685 1.0417829795420144
0.4777734694418909 1.0417829795420144
0.48181387348229493 1.0417829795420144
0.48585427752269894 1.0417829795420144
0.489894681563103 1.0417829795420144
0.4939350856035071 1.0417829795420144
0.4979754896439111 1.0417829795420144
0.5020158936843151 1.0417829795420144
0.5060562977247192 1.0417829795420144
0.5100967017651232 1.0417829795420144
0.5141371058055273 1.0417829795420144
0.5181775098459313 1.0417829795420144
0.5222179138863353 1.0417829795420144
0.5262583179267394 1.0417829795420144
0.5302987219671434 1.0417829795420144
0.5343391260075474 1.0417829795420144
0.5383795300479515 1.0417829795420144
0.5424199340883555 1.0417829795420144
0.5464603381287596 1.0417829795420144
0.5505007421691637 1.0417829795420144
0.5545411462095676 1.0417829795420144
0.5585815502499717 1.0417829795420144
0.5626219542903758 1.0417829795420144
0.5666623583307797 1.0417829795420144
0.5707027623711838 1.0417829795420144
0.5747431664115878 1.0417829795420144
0.5787835704519919 1.0417829795420144
0.582823974492396 1.0417829795420144
0.5868643785328 1.0417829795420144
0.590904782573204 1.0417829795420144
0.5949451866136081 1.0417829795420144
0.598985590654012 1.0417829795420144
0.6030259946944161 1.0417829795420144
0.6070663987348202 1.0417829795420144
0.6111068027752242 1.0417829795420144
0.6151472068156283 1.0417829795420144
0.6191876108560324 1.0417829795420144
0.6232280148964363 1.0417829795420144
0.6272684189368404 1.0417829795420144
0.6313088229772444 1.0417829795420144
0.6353492270176484 1.0417829795420144
0.6393896310580525 1.0417829795420144
0.6434300350984565 1.0417829795420144
0.6474704391388606 1.0417829795420144
0.6515108431792647 1.0417829795420144
0.6555512472196687 1.0417829795420144
0.6595916512600727 1.0417829795420144
0.6636320553004768 1.0417829795420144
0.6676724593408807 1.0417829795420144
0.6717128633812848 1.0417829795420144
0.6757532674216888 1.0417829795420144
0.6797936714620929 1.0417829795420144
0.683834075502497 1.0417829795420144
0.687874479542901 1.0417829795420144
0.6919148835833051 1.0417829795420144
0.6959552876237091 1.0417829795420144
0.6999956916641131 1.0417829795420144
0.2999956916641131 1.0458233835824184
0.3040360957045172 1.0458233835824184
0.3080764997449212 1.0458233835824184
0.3121169037853252 1.0458233835824184
0.31615730782572926 1.0458233835824184
0.3201977118661333 1.0458233835824184
0.32423811590653734 1.0458233835824184
0.3282785199469414 1.0458233835824184
0.3323189239873454 1.0458233835824184
0.3363593280277495 1.0458233835824184
0.3403997320681535 1.0458233835824184
0.34444013610855756 1.0458233835824184
0.34848054014896157 1.0458233835824184
0.35252094418936564 1.0458233835824184
0.3565613482297697 1.0458233835824184
0.3606017522701737 1.0458233835824184
0.3646421563105777 1.0458233835824184
0.3686825603509818 1.0458233835824184
0.37272296439138586 1.0458233835824184
0.37676336843178987 1.0458233835824184
0.3808037724721939 1.0458233835824184
0.38484417651259795 1.0458233835824184
0.388884580553002 1.0458233835824184
0.392924984593406 1.0458233835824184
0.3969653886338101 1.0458233835824184
0.4010057926742141 1.0458233835824184
0.40504619671461817 1.0458233835824184
0.4090866007550222 1.0458233835824184
0.41312700479542624 1.0458233835824184
0.41716740883583026 1.0458233835824184
0.4212078128762343 1.0458233835824184
0.4252482169166384 1.0458233835824184
0.4292886209570424 1.0458233835824184
0.4333290249974464 1.0458233835824184
0.4373694290378505 1.0458233835824184
0.44140983307825454 1.0458233835824184
0.44545023711865855 1.0458233835824184
0.44949064115906257 1.0458233835824184
0.45353104519946663 1.0458233835824184
0.4575714492398707 1.0458233835824184
0.4616118532802747 1.0458233835824184
0.4656522573206788 1.0458233835824184
0.4696926613610828 1.0458233835824184
0.47373306540148685 1.0458233835824184
0.4777734694418909 1.0458233835824184
0.48181387348229493 1.0458233835824184
0.48585427752269894 1.0458233835824184
0.489894681563103 1.0458233835824184
0.4939350856035071 1.0458233835824184
0.4979754896439111 1.0458233835824184
0.5020158936843151 1.0458233835824184
0.5060562977247192 1.0458233835824184
0.5100967017651232 1.0458233835824184
0.5141371058055273 1.0458233835824184
0.5181775098459313 1.0458233835824184
0.5222179138863353 1.0458233835824184
0.5262583179267394 1.0458233835824184
0.5302987219671434 1.0458233835824184
0.5343391260075474 1.0458233835824184
0.5383795300479515 1.0458233835824184
0.5424199340883555 1.0458233835824184
0.5464603381287596 1.0458233835824184
0.5505007421691637 1.0458233835824184
0.5545411462095676 1.0458233835824184
0.5585815502499717 1.0458233835824184
0.5626219542903758 1.0458233835824184
0.5666623583307797 1.0458233835824184
0.5707027623711838 1.0458233835824184
0.5747431664115878 1.0458233835824184
0.5787835704519919 1.0458233835824184
0.582823974492396 1.0458233835824184
0.5868643785328 1.0458233835824184
0.590904782573204 1.0458233835824184
0.5949451866136081 1.0458233835824184
0.598985590654012 1.0458233835824184
0.6030259946944161 1.0458233835824184
0.6070663987348202 1.0458233835824184
0.6111068027752242 1.0458233835824184
0.6151472068156283 1.0458233835824184
0.6191876108560324 1.0458233835824184
0.6232280148964363 1.0458233835824184
0.6272684189368404 1.0458233835824184
0.6313088229772444 1.0458233835824184
0.6353492270176484 1.0458233835824184
0.6393896310580525 1.0458233835824184
0.6434300350984565 1.0458233835824184
0.6474704391388606 1.0458233835824184
0.6515108431792647 1.0458233835824184
0.6555512472196687 1.0458233835824184
0.6595916512600727 1.0458233835824184
0.6636320553004768 1.0458233835824184
0.6676724593408807 1.0458233835824184
0.6717128633812848 1.0458233835824184
0.6757532674216888 1.0458233835824184
0.6797936714620929 1.0458233835824184
0.683834075502497 1.0458233835824184
0.687874479542901 1.0458233835824184
0.6919148835833051 1.0458233835824184
0.6959552876237091 1.0458233835824184
0.6999956916641131 1.0458233835824184
0.2999956916641131 1.0498637876228223
0.3040360957045172 1.0498637876228223
0.3080764997449212 1.0498637876228223
0.3121169037853252 1.0498637876228223
0.31615730782572926 1.0498637876228223
0.3201977118661333 1.0498637876228223
0.32423811590653734 1.0498637876228223
0.3282785199469414 1.0498637876228223
0.3323189239873454 1.0498637876228223
0.3363593280277495 1.0498637876228223
0.3403997320681535 1.0498637876228223
0.34444013610855756 1.0498637876228223
0.34848054014896157 1.0498637876228223
0.35252094418936564 1.0498637876228223
0.3565613482297697 1.0498637876228223
0.3606017522701737 1.0498637876228223
0.3646421563105777 1.0498637876228223
0.3686825603509818 1.0498637876228223
0.37272296439138586 1.0498637876228223
0.37676336843178987 1.0498637876228223
0.3808037724721939 1.0498637876228223
0.38484417651259795 1.0498637876228223
0.388884580553002 1.0498637876228223
0.392924984593406 1.0498637876228223
0.3969653886338101 1.0498637876228223
0.4010057926742141 1.0498637876228223
0.40504619671461817 1.0498637876228223
0.4090866007550222 1.0498637876228223
0.41312700479542624 1.0498637876228223
0.41716740883583026 1.0498637876228223
0.4212078128762343 1.0498637876228223
0.4252482169166384 1.0498637876228223
0.4292886209570424 1.0498637876228223
0.4333290249974464 1.0498637876228223
0.4373694290378505 1.0498637876228223
0.44140983307825454 1.0498637876228223
0.44545023711865855 1.0498637876228223
0.44949064115906257 1.0498637876228223
0.45353104519946663 1.0498637876228223
0.4575714492398707 1.0498637876228223
0.4616118532802747 1.0498637876228223
0.4656522573206788 1.0498637876228223
0.4696926613610828 1.0498637876228223
0.47373306540148685 1.0498637876228223
0.4777734694418909 1.0498637876228223
0.48181387348229493 1.0498637876228223
0.48585427752269894 1.0498637876228223
0.489894681563103 1.0498637876228223
0.4939350856035071 1.0498637876228223
0.4979754896439111 1.0498637876228223
0.5020158936843151 1.0498637876228223
0.5060562977247192 1.0498637876228223
0.5100967017651232 1.0498637876228223
0.5141371058055273 1.0498637876228223
0.5181775098459313 1.0498637876228223
0.5222179138863353 1.0498637876228223
0.5262583179267394 1.0498637876228223
0.5302987219671434 1.0498637876228223
0.5343391260075474 1.0498637876228223
0.5383795300479515 1.0498637876228223
0.5424199340883555 1.0498637876228223
0.5464603381287596 1.0498637876228223
0.5505007421691637 1.0498637876228223
0.5545411462095676 1.0498637876228223
0.5585815502499717 1.0498637876228223
0.5626219542903758 1.0498637876228223
0.5666623583307797 1.0498637876228223
0.5707027623711838 1.0498637876228223
0.5747431664115878 1.0498637876228223
0.5787835704519919 1.0498637876228223
0.582823974492396 1.0498637876228223
0.5868643785328 1.0498637876228223
0.590904782573204 1.0498637876228223
0.5949451866136081 1.0498637876228223
0.598985590654012 1.0498637876228223
0.6030259946944161 1.0498637876228223
0.6070663987348202 1.0498637876228223
0.6111068027752242 1.0498637876228223
0.6151472068156283 1.0498637876228223
0.6191876108560324 1.0498637876228223
0.6232280148964363 1.0498637876228223
0.6272684189368404 1.0498637876228223
0.6313088229772444 1.0498637876228223
0.6353492270176484 1.0498637876228223
0.6393896310580525 1.0498637876228223
0.6434300350984565 1.0498637876228223
0.6474704391388606 1.0498637876228223
0.6515108431792647 1.0498637876228223
0.6555512472196687 1.0498637876228223
0.6595916512600727 1.0498637876228223
0.6636320553004768 1.0498637876228223
0.6676724593408807 1.0498637876228223
0.6717128633812848 1.0498637876228223
0.6757532674216888 1.0498637876228223
0.6797936714620929 1.0498637876228223
0.683834075502497 1.0498637876228223
0.687874479542901 1.0498637876228223
0.6919148835833051 1.0498637876228223
0.6959552876237091 1.0498637876228223
0.6999956916641131 1.0498637876228223
0.2999956916641131 1.0539041916632264
0.3040360957045172 1.0539041916632264
0.3080764997449212 1.0539041916632264
0.3121169037853252 1.0539041916632264
0.31615730782572926 1.0539041916632264
0.3201977118661333 1.0539041916632264
0.32423811590653734 1.0539041916632264
0.3282785199469414 1.0539041916632264
0.3323189239873454 1.0539041916632264
0.3363593280277495 1.0539041916632264
0.3403997320681535 1.0539041916632264
0.34444013610855756 1.0539041916632264
0.34848054014896157 1.0539041916632264
0.35252094418936564 1.0539041916632264
0.3565613482297697 1.0539041916632264
0.3606017522701737 1.0539041916632264
0.3646421563105777 1.0539041916632264
0.3686825603509818 1.0539041916632264
0.37272296439138586 1.0539041916632264
0.37676336843178987 1.0539041916632264
0.3808037724721939 1.0539041916632264
0.38484417651259795 1.0539041916632264
0.388884580553002 1.0539041916632264
0.392924984593406 1.0539041916632264
0.3969653886338101 1.0539041916632264
0.4010057926742141 1.0539041916632264
0.40504619671461817 1.0539041916632264
0.4090866007550222 1.0539041916632264
0.41312700479542624 1.0539041916632264
0.41716740883583026 1.0539041916632264
0.4212078128762343 1.0539041916632264
0.4252482169166384 1.0539041916632264
0.4292886209570424 1.0539041916632264
0.4333290249974464 1.0539041916632264
0.4373694290378505 1.0539041916632264
0.44140983307825454 1.0539041916632264
0.44545023711865855 1.0539041916632264
0.44949064115906257 1.0539041916632264
0.45353104519946663 1.0539041916632264
0.4575714492398707 1.0539041916632264
0.4616118532802747 1.0539041916632264
0.4656522573206788 1.0539041916632264
0.4696926613610828 1.0539041916632264
0.47373306540148685 1.0539041916632264
0.4777734694418909 1.0539041916632264
0.48181387348229493 1.0539041916632264
0.48585427752269894 1.0539041916632264
0.489894681563103 1.0539041916632264
0.4939350856035071 1.0539041916632264
0.4979754896439111 1.0539041916632264
0.5020158936843151 1.0539041916632264
0.5060562977247192 1.0539041916632264
0.5100967017651232 1.0539041916632264
0.5141371058055273 1.0539041916632264
0.5181775098459313 1.0539041916632264
0.5222179138863353 1.0539041916632264
0.5262583179267394 1.0539041916632264
0.5302987219671434 1.0539041916632264
0.5343391260075474 1.0539041916632264
0.5383795300479515 1.0539041916632264
0.5424199340883555 1.0539041916632264
0.5464603381287596 1.0539041916632264
0.5505007421691637 1.0539041916632264
0.5545411462095676 1.0539041916632264
0.5585815502499717 1.0539041916632264
0.5626219542903758 1.0539041916632264
0.5666623583307797 1.0539041916632264
0.5707027623711838 1.0539041916632264
0.5747431664115878 1.0539041916632264
0.5787835704519919 1.0539041916632264
0.582823974492396 1.0539041916632264
0.5868643785328 1.0539041916632264
0.590904782573204 1.0539041916632264
0.5949451866136081 1.0539041916632264
0.598985590654012 1.0539041916632264
0.6030259946944161 1.0539041916632264
0.6070663987348202 1.0539041916632264
0.6111068027752242 1.0539041916632264
0.6151472068156283 1.0539041916632264
0.6191876108560324 1.0539041916632264
0.6232280148964363 1.0539041916632264
0.6272684189368404 1.0539041916632264
0.6313088229772444 1.0539041916632264
0.6353492270176484 1.0539041916632264
0.6393896310580525 1.0539041916632264
0.6434300350984565 1.0539041916632264
0.6474704391388606 1.0539041916632264
0.6515108431792647 1.0539041916632264
0.6555512472196687 1.0539041916632264
0.6595916512600727 1.0539041916632264
0.6636320553004768 1.0539041916632264
0.6676724593408807 1.0539041916632264
0.6717128633812848 1.0539041916632264
0.6757532674216888 1.0539041916632264
0.6797936714620929 1.0539041916632264
0.683834075502497 1.0539041916632264
0.687874479542901 1.0539041916632264
0.6919148835833051 1.0539041916632264
0.6959552876237091 1.0539041916632264
0.6999956916641131 1.0539041916632264
0.2999956916641131 1.0579445957036304
0.3040360957045172 1.0579445957036304
0.3080764997449212 1.0579445957036304
0.3121169037853252 1.0579445957036304
0.31615730782572926 1.0579445957036304
0.3201977118661333 1.0579445957036304
0.32423811590653734 1.0579445957036304
0.3282785199469414 1.0579445957036304
0.3323189239873454 1.0579445957036304
0.3363593280277495 1.0579445957036304
0.3403997320681535 1.0579445957036304
0.34444013610855756 1.0579445957036304
0.34848054014896157 1.0579445957036304
0.35252094418936564 1.0579445957036304
0.3565613482297697 1.0579445957036304
0.3606017522701737 1.0579445957036304
0.3646421563105777 1.0579445957036304
0.3686825603509818 1.0579445957036304
0.37272296439138586 1.0579445957036304
0.37676336843178987 1.0579445957036304
0.3808037724721939 1.0579445957036304
0.38484417651259795 1.0579445957036304
0.388884580553002 1.0579445957036304
0.392924984593406 1.0579445957036304
0.3969653886338101 1.0579445957036304
0.4010057926742141 1.0579445957036304
0.40504619671461817 1.0579445957036304
0.4090866007550222 1.0579445957036304
0.41312700479542624 1.0579445957036304
0.41716740883583026 1.0579445957036304
0.4212078128762343 1.0579445957036304
0.4252482169166384 1.0579445957036304
0.4292886209570424 1.0579445957036304
0.4333290249974464 1.0579445957036304
0.4373694290378505 1.0579445957036304
0.44140983307825454 1.0579445957036304
0.44545023711865855 1.0579445957036304
0.44949064115906257 1.0579445957036304
0.45353104519946663 1.0579445957036304
0.4575714492398707 1.0579445957036304
0.4616118532802747 1.0579445957036304
0.4656522573206788 1.0579445957036304
0.4696926613610828 1.0579445957036304
0.47373306540148685 1.0579445957036304
0.4777734694418909 1.0579445957036304
0.48181387348229493 1.0579445957036304
0.48585427752269894 1.0579445957036304
0.489894681563103 1.0579445957036304
0.4939350856035071 1.0579445957036304
0.4979754896439111 1.0579445957036304
0.5020158936843151 1.0579445957036304
0.5060562977247192 1.0579445957036304
0.5100967017651232 1.0579445957036304
0.5141371058055273 1.0579445957036304
0.5181775098459313 1.0579445957036304
0.5222179138863353 1.0579445957036304
0.5262583179267394 1.0579445957036304
0.5302987219671434 1.0579445957036304
0.5343391260075474 1.0579445957036304
0.5383795300479515 1.0579445957036304
0.5424199340883555 1.0579445957036304
0.5464603381287596 1.0579445957036304
0.5505007421691637 1.0579445957036304
0.5545411462095676 1.0579445957036304
0.5585815502499717 1.0579445957036304
0.5626219542903758 1.0579445957036304
0.5666623583307797 1.0579445957036304
0.5707027623711838 1.0579445957036304
0.5747431664115878 1.0579445957036304
0.5787835704519919 1.0579445957036304
0.582823974492396 1.0579445957036304
0.5868643785328 1.0579445957036304
0.590904782573204 1.0579445957036304
0.5949451866136081 1.0579445957036304
0.598985590654012 1.0579445957036304
0.6030259946944161 1.0579445957036304
0.6070663987348202 1.0579445957036304
0.6111068027752242 1.0579445957036304
0.6151472068156283 1.0579445957036304
0.6191876108560324 1.0579445957036304
0.6232280148964363 1.0579445957036304
0.6272684189368404 1.0579445957036304
0.6313088229772444 1.0579445957036304
0.6353492270176484 1.0579445957036304
0.6393896310580525 1.0579445957036304
0.6434300350984565 1.0579445957036304
0.6474704391388606 1.0579445957036304
0.6515108431792647 1.0579445957036304
0.6555512472196687 1.0579445957036304
0.6595916512600727 1.0579445957036304
0.6636320553004768 1.0579445957036304
0.6676724593408807 1.0579445957036304
0.6717128633812848 1.0579445957036304
0.6757532674216888 1.0579445957036304
0.6797936714620929 1.0579445957036304
0.683834075502497 1.0579445957036304
0.687874479542901 1.0579445957036304
0.6919148835833051 1.0579445957036304
0.6959552876237091 1.0579445957036304
0.6999956916641131 1.0579445957036304
0.2999956916641131 1.0619849997440345
0.3040360957045172 1.0619849997440345
0.3080764997449212 1.0619849997440345
0.3121169037853252 1.0619849997440345
0.31615730782572926 1.0619849997440345
0.3201977118661333 1.0619849997440345
0.32423811590653734 1.0619849997440345
0.3282785199469414 1.0619849997440345
0.3323189239873454 1.0619849997440345
0.3363593280277495 1.0619849997440345
0.3403997320681535 1.0619849997440345
0.34444013610855756 1.0619849997440345
0.34848054014896157 1.0619849997440345
0.35252094418936564 1.0619849997440345
0.3565613482297697 1.0619849997440345
0.3606017522701737 1.0619849997440345
0.3646421563105777 1.0619849997440345
0.3686825603509818 1.0619849997440345
0.37272296439138586 1.0619849997440345
0.37676336843178987 1.0619849997440345
0.3808037724721939 1.0619849997440345
0.38484417651259795 1.0619849997440345
0.388884580553002 1.0619849997440345
0.392924984593406 1.0619849997440345
0.3969653886338101 1.0619849997440345
0.4010057926742141 1.0619849997440345
0.40504619671461817 1.0619849997440345
0.4090866007550222 1.0619849997440345
0.41312700479542624 1.0619849997440345
0.41716740883583026 1.0619849997440345
0.4212078128762343 1.0619849997440345
0.4252482169166384 1.0619849997440345
0.4292886209570424 1.0619849997440345
0.4333290249974464 1.0619849997440345
0.4373694290378505 1.0619849997440345
0.44140983307825454 1.0619849997440345
0.44545023711865855 1.0619849997440345
0.44949064115906257 1.0619849997440345
0.45353104519946663 1.0619849997440345
0.4575714492398707 1.0619849997440345
0.4616118532802747 1.0619849997440345
0.4656522573206788 1.0619849997440345
0.4696926613610828 1.0619849997440345
0.47373306540148685 1.0619849997440345
0.4777734694418909 1.0619849997440345
0.48181387348229493 1.0619849997440345
0.48585427752269894 1.0619849997440345
0.489894681563103 1.0619849997440345
0.4939350856035071 1.0619849997440345
0.4979754896439111 1.0619849997440345
0.5020158936843151 1.0619849997440345
0.5060562977247192 1.0619849997440345
0.5100967017651232 1.0619849997440345
0.5141371058055273 1.0619849997440345
0.5181775098459313 1.0619849997440345
0.5222179138863353 1.0619849997440345
0.5262583179267394 1.0619849997440345
0.5302987219671434 1.0619849997440345
0.5343391260075474 1.0619849997440345
0.5383795300479515 1.0619849997440345
0.5424199340883555 1.0619849997440345
0.5464603381287596 1.0619849997440345
0.5505007421691637 1.0619849997440345
0.5545411462095676 1.0619849997440345
0.5585815502499717 1.0619849997440345
0.5626219542903758 1.0619849997440345
0.5666623583307797 1.0619849997440345
0.5707027623711838 1.0619849997440345
0.5747431664115878 1.0619849997440345
0.5787835704519919 1.0619849997440345
0.582823974492396 1.0619849997440345
0.5868643785328 1.0619849997440345
0.590904782573204 1.0619849997440345
0.5949451866136081 1.0619849997440345
0.598985590654012 1.0619849997440345
0.6030259946944161 1.0619849997440345
0.6070663987348202 1.0619849997440345
0.6111068027752242 1.0619849997440345
0.6151472068156283 1.0619849997440345
0.6191876108560324 1.0619849997440345
0.6232280148964363 1.0619849997440345
0.6272684189368404 1.0619849997440345
0.6313088229772444 1.0619849997440345
0.6353492270176484 1.0619849997440345
0.6393896310580525 1.0619849997440345
0.6434300350984565 1.0619849997440345
0.6474704391388606 1.0619849997440345
0.6515108431792647 1.0619849997440345
0.6555512472196687 1.0619849997440345
0.6595916512600727 1.0619849997440345
0.6636320553004768 1.0619849997440345
0.6676724593408807 1.0619849997440345
0.6717128633812848 1.0619849997440345
0.6757532674216888 1.0619849997440345
0.6797936714620929 1.0619849997440345
0.683834075502497 1.0619849997440345
0.687874479542901 1.0619849997440345
0.6919148835833051 1.0619849997440345
0.6959552876237091 1.0619849997440345
0.6999956916641131 1.0619849997440345
0.2999956916641131 1.0660254037844386
0.3040360957045172 1.0660254037844386
0.3080764997449212 1.0660254037844386
0.3121169037853252 1.0660254037844386
0.31615730782572926 1.0660254037844386
0.3201977118661333 1.0660254037844386
0.32423811590653734 1.0660254037844386
0.3282785199469414 1.0660254037844386
0.3323189239873454 1.0660254037844386
0.3363593280277495 1.0660254037844386
0.3403997320681535 1.0660254037844386
0.34444013610855756 1.0660254037844386
0.34848054014896157 1.0660254037844386
0.35252094418936564 1.0660254037844386
0.3565613482297697 1.0660254037844386
0.3606017522701737 1.0660254037844386
0.3646421563105777 1.0660254037844386
0.3686825603509818 1.0660254037844386
0.37272296439138586 1.0660254037844386
0.37676336843178987 1.0660254037844386
0.3808037724721939 1.0660254037844386
0.38484417651259795 1.0660254037844386
0.388884580553002 1.0660254037844386
0.392924984593406 1.0660254037844386
0.3969653886338101 1.0660254037844386
0.4010057926742141 1.0660254037844386
0.40504619671461817 1.0660254037844386
0.4090866007550222 1.0660254037844386
0.41312700479542624 1.0660254037844386
0.41716740883583026 1.0660254037844386
0.4212078128762343 1.0660254037844386
0.4252482169166384 1.0660254037844386
0.4292886209570424 1.0660254037844386
0.4333290249974464 1.0660254037844386
0.4373694290378505 1.0660254037844386
0.44140983307825454 1.0660254037844386
0.44545023711865855 1.0660254037844386
0.44949064115906257 1.0660254037844386
0.45353104519946663 1.0660254037844386
0.4575714492398707 1.0660254037844386
0.4616118532802747 1.0660254037844386
0.4656522573206788 1.0660254037844386
0.4696926613610828 1.0660254037844386
0.47373306540148685 1.0660254037844386
0.4777734694418909 1.0660254037844386
0.48181387348229493 1.0660254037844386
0.48585427752269894 1.0660254037844386
0.489894681563103 1.0660254037844386
0.4939350856035071 1.0660254037844386
0.4979754896439111 1.0660254037844386
0.5020158936843151 1.0660254037844386
0.5060562977247192 1.0660254037844386
0.5100967017651232 1.0660254037844386
0.5141371058055273 1.0660254037844386
0.5181775098459313 1.0660254037844386
0.5222179138863353 1.0660254037844386
0.5262583179267394 1.0660254037844386
0.5302987219671434 1.0660254037844386
0.5343391260075474 1.0660254037844386
0.5383795300479515 1.0660254037844386
0.5424199340883555 1.0660254037844386
0.5464603381287596 1.0660254037844386
0.5505007421691637 1.0660254037844386
0.5545411462095676 1.0660254037844386
0.5585815502499717 1.0660254037844386
0.5626219542903758 1.0660254037844386
0.5666623583307797 1.0660254037844386
0.5707027623711838 1.0660254037844386
0.5747431664115878 1.0660254037844386
0.5787835704519919 1.0660254037844386
0.582823974492396 1.0660254037844386
0.5868643785328 1.0660254037844386
0.590904782573204 1.0660254037844386
0.5949451866136081 1.0660254037844386
0.598985590654012 1.0660254037844386
0.6030259946944161 1.0660254037844386
0.6070663987348202 1.0660254037844386
0.6111068027752242 1.0660254037844386
0.6151472068156283 1.0660254037844386
0.6191876108560324 1.0660254037844386
0.6232280148964363 1.0660254037844386
0.6272684189368404 1.0660254037844386
0.6313088229772444 1.0660254037844386
0.6353492270176484 1.0660254037844386
0.6393896310580525 1.0660254037844386
0.6434300350984565 1.0660254037844386
0.6474704391388606 1.0660254037844386
0.6515108431792647 1.0660254037844386
0.6555512472196687 1.0660254037844386
0.6595916512600727 1.0660254037844386
0.6636320553004768 1.0660254037844386
0.6676724593408807 1.0660254037844386
0.6717128633812848 1.0660254037844386
0.6757532674216888 1.0660254037844386
0.6797936714620929 1.0660254037844386
0.683834075502497 1.0660254037844386
0.687874479542901 1.0660254037844386
0.6919148835833051 1.0660254037844386
0.6959552876237091 1.0660254037844386
0.6999956916641131 1.0660254037844386
