# x y
0.2973734595602696 0.6660254037844386
0.3014138636006737 0.6660254037844386
0.3054542676410777 0.6660254037844386
0.3094946716814817 0.6660254037844386
0.31353507572188577 0.6660254037844386
0.31757547976228984 0.6660254037844386
0.32161588380269385 0.6660254037844386
0.3256562878430979 0.6660254037844386
0.3296966918835019 0.6660254037844386
0.333737095923906 0.6660254037844386
0.33777749996431 0.6660254037844386
0.34181790400471407 0.6660254037844386
0.3458583080451181 0.6660254037844386
0.34989871208552215 0.6660254037844386
0.3539391161259262 0.6660254037844386
0.3579795201663302 0.6660254037844386
0.36201992420673423 0.6660254037844386
0.3660603282471383 0.6660254037844386
0.37010073228754237 0.6660254037844386
0.3741411363279464 0.6660254037844386
0.3781815403683504 0.6660254037844386
0.38222194440875445 0.6660254037844386
0.3862623484491585 0.6660254037844386
0.39030275248956253 0.6660254037844386
0.3943431565299666 0.6660254037844386
0.3983835605703706 0.6660254037844386
0.4024239646107747 0.6660254037844386
0.4064643686511787 0.6660254037844386
0.41050477269158275 0.6660254037844386
0.41454517673198676 0.6660254037844386
0.41858558077239083 0.6660254037844386
0.4226259848127949 0.6660254037844386
0.4266663888531989 0.6660254037844386
0.4307067928936029 0.6660254037844386
0.434747196934007 0.6660254037844386
0.43878760097441105 0.6660254037844386
0.44282800501481506 0.6660254037844386
0.4468684090552191 0.6660254037844386
0.45090881309562314 0.6660254037844386
0.4549492171360272 0.6660254037844386
0.4589896211764312 0.6660254037844386
0.4630300252168353 0.6660254037844386
0.4670704292572393 0.6660254037844386
0.47111083329764336 0.6660254037844386
0.4751512373380474 0.6660254037844386
0.47919164137845144 0.6660254037844386
0.48323204541885545 0.6660254037844386
0.4872724494592595 0.6660254037844386
0.4913128534996636 0.6660254037844386
0.4953532575400676 0.6660254037844386
0.4993936615804716 0.6660254037844386
0.5034340656208757 0.6660254037844386
0.5074744696612797 0.6660254037844386
0.5115148737016837 0.6660254037844386
0.5155552777420878 0.6660254037844386
0.5195956817824918 0.6660254037844386
0.5236360858228959 0.6660254037844386
0.5276764898633 0.6660254037844386
0.531716893903704 0.6660254037844386
0.535757297944108 0.6660254037844386
0.539797701984512 0.6660254037844386
0.5438381060249161 0.6660254037844386
0.5478785100653201 0.6660254037844386
0.5519189141057241 0.6660254037844386
0.5559593181461282 0.6660254037844386
0.5599997221865323 0.6660254037844386
0.5640401262269363 0.6660254037844386
0.5680805302673404 0.6660254037844386
0.5721209343077444 0.6660254037844386
0.5761613383481484 0.6660254037844386
0.5802017423885524 0.6660254037844386
0.5842421464289564 0.6660254037844386
0.5882825504693605 0.6660254037844386
0.5923229545097646 0.6660254037844386
0.5963633585501686 0.6660254037844386
0.6004037625905727 0.6660254037844386
0.6044441666309767 0.6660254037844386
0.6084845706713807 0.6660254037844386
0.6125249747117847 0.6660254037844386
0.6165653787521888 0.6660254037844386
0.6206057827925928 0.6660254037844386
0.6246461868329969 0.6660254037844386
0.628686590873401 0.6660254037844386
0.632726994913805 0.6660254037844386
0.6367673989542091 0.6660254037844386
0.640807802994613 0.6660254037844386
0.6448482070350171 0.6660254037844386
0.6488886110754211 0.6660254037844386
0.6529290151158251 0.6660254037844386
0.6569694191562292 0.6660254037844386
0.6610098231966333 0.6660254037844386
0.6650502272370373 0.6660254037844386
0.6690906312774414 0.6660254037844386
0.6731310353178453 0.6660254037844386
0.6771714393582494 0.6660254037844386
0.6812118433986534 0.6660254037844386
0.6852522474390574 0.6660254037844386
0.6892926514794615 0.6660254037844386
0.6933330555198656 0.6660254037844386
0.6973734595602696 0.6660254037844386
0.2973734595602696 0.6700658078248426
0.3014138636006737 0.6700658078248426
0.3054542676410777 0.6700658078248426
0.3094946716814817 0.6700658078248426
0.31353507572188577 0.6700658078248426
0.31757547976228984 0.6700658078248426
0.32161588380269385 0.6700658078248426
0.3256562878430979 0.6700658078248426
0.3296966918835019 0.6700658078248426
0.333737095923906 0.6700658078248426
0.33777749996431 0.6700658078248426
0.34181790400471407 0.6700658078248426
0.3458583080451181 0.6700658078248426
0.34989871208552215 0.6700658078248426
0.3539391161259262 0.6700658078248426
0.3579795201663302 0.6700658078248426
0.36201992420673423 0.6700658078248426
0.3660603282471383 0.6700658078248426
0.37010073228754237 0.6700658078248426
0.3741411363279464 0.6700658078248426
0.3781815403683504 0.6700658078248426
0.38222194440875445 0.6700658078248426
0.3862623484491585 0.6700658078248426
0.39030275248956253 0.6700658078248426
0.3943431565299666 0.6700658078248426
0.3983835605703706 0.6700658078248426
0.4024239646107747 0.6700658078248426
0.4064643686511787 0.6700658078248426
0.41050477269158275 0.6700658078248426
0.41454517673198676 0.6700658078248426
0.41858558077239083 0.6700658078248426
0.4226259848127949 0.6700658078248426
0.4266663888531989 0.6700658078248426
0.4307067928936029 0.6700658078248426
0.434747196934007 0.6700658078248426
0.43878760097441105 0.6700658078248426
0.44282800501481506 0.6700658078248426
0.4468684090552191 0.6700658078248426
0.45090881309562314 0.6700658078248426
0.4549492171360272 0.6700658078248426
0.4589896211764312 0.6700658078248426
0.4630300252168353 0.6700658078248426
0.4670704292572393 0.6700658078248426
0.47111083329764336 0.6700658078248426
0.4751512373380474 0.6700658078248426
0.47919164137845144 0.6700658078248426
0.48323204541885545 0.6700658078248426
0.4872724494592595 0.6700658078248426
0.4913128534996636 0.6700658078248426
0.4953532575400676 0.6700658078248426
0.4993936615804716 0.6700658078248426
0.5034340656208757 0.6700658078248426
0.5074744696612797 0.6700658078248426
0.5115148737016837 0.6700658078248426
0.5155552777420878 0.6700658078248426
0.5195956817824918 0.6700658078248426
0.5236360858228959 0.6700658078248426
0.5276764898633 0.6700658078248426
0.531716893903704 0.6700658078248426
0.535757297944108 0.6700658078248426
0.539797701984512 0.6700658078248426
0.5438381060249161 0.6700658078248426
0.5478785100653201 0.6700658078248426
0.5519189141057241 0.6700658078248426
0.5559593181461282 0.6700658078248426
0.5599997221865323 0.6700658078248426
0.5640401262269363 0.6700658078248426
0.5680805302673404 0.6700658078248426
0.5721209343077444 0.6700658078248426
0.5761613383481484 0.6700658078248426
0.5802017423885524 0.6700658078248426
0.5842421464289564 0.6700658078248426
0.5882825504693605 0.6700658078248426
0.5923229545097646 0.6700658078248426
0.5963633585501686 0.6700658078248426
0.6004037625905727 0.6700658078248426
0.6044441666309767 0.6700658078248426
0.6084845706713807 0.6700658078248426
0.6125249747117847 0.6700658078248426
0.6165653787521888 0.6700658078248426
0.6206057827925928 0.6700658078248426
0.6246461868329969 0.6700658078248426
0.628686590873401 0.6700658078248426
0.632726994913805 0.6700658078248426
0.6367673989542091 0.6700658078248426
0.640807802994613 0.6700658078248426
0.6448482070350171 0.6700658078248426
0.6488886110754211 0.6700658078248426
0.6529290151158251 0.6700658078248426
0.6569694191562292 0.6700658078248426
0.6610098231966333 0.6700658078248426
0.6650502272370373 0.6700658078248426
0.6690906312774414 0.6700658078248426
0.6731310353178453 0.6700658078248426
0.6771714393582494 0.6700658078248426
0.6812118433986534 0.6700658078248426
0.6852522474390574 0.6700658078248426
0.6892926514794615 0.6700658078248426
0.6933330555198656 0.6700658078248426
0.6973734595602696 0.6700658078248426
0.2973734595602696 0.6741062118652467
0.3014138636006737 0.6741062118652467
0.3054542676410777 0.6741062118652467
0.3094946716814817 0.6741062118652467
0.31353507572188577 0.6741062118652467
0.31757547976228984 0.6741062118652467
0.32161588380269385 0.6741062118652467
0.3256562878430979 0.6741062118652467
0.3296966918835019 0.6741062118652467
0.333737095923906 0.6741062118652467
0.33777749996431 0.6741062118652467
0.34181790400471407 0.6741062118652467
0.3458583080451181 0.6741062118652467
0.34989871208552215 0.6741062118652467
0.3539391161259262 0.6741062118652467
0.3579795201663302 0.6741062118652467
0.36201992420673423 0.6741062118652467
0.3660603282471383 0.6741062118652467
0.37010073228754237 0.6741062118652467
0.3741411363279464 0.6741062118652467
0.3781815403683504 0.6741062118652467
0.38222194440875445 0.6741062118652467
0.3862623484491585 0.6741062118652467
0.39030275248956253 0.6741062118652467
0.3943431565299666 0.6741062118652467
0.3983835605703706 0.6741062118652467
0.4024239646107747 0.6741062118652467
0.4064643686511787 0.6741062118652467
0.41050477269158275 0.6741062118652467
0.41454517673198676 0.6741062118652467
0.41858558077239083 0.6741062118652467
0.4226259848127949 0.6741062118652467
0.4266663888531989 0.6741062118652467
0.4307067928936029 0.6741062118652467
0.434747196934007 0.6741062118652467
0.43878760097441105 0.6741062118652467
0.44282800501481506 0.6741062118652467
0.4468684090552191 0.6741062118652467
0.45090881309562314 0.6741062118652467
0.4549492171360272 0.6741062118652467
0.4589896211764312 0.6741062118652467
0.4630300252168353 0.6741062118652467
0.4670704292572393 0.6741062118652467
0.47111083329764336 0.6741062118652467
0.4751512373380474 0.6741062118652467
0.47919164137845144 0.6741062118652467
0.48323204541885545 0.6741062118652467
0.4872724494592595 0.6741062118652467
0.4913128534996636 0.6741062118652467
0.4953532575400676 0.6741062118652467
0.4993936615804716 0.6741062118652467
0.5034340656208757 0.6741062118652467
0.5074744696612797 0.6741062118652467
0.5115148737016837 0.6741062118652467
0.5155552777420878 0.6741062118652467
0.5195956817824918 0.6741062118652467
0.5236360858228959 0.6741062118652467
0.5276764898633 0.6741062118652467
0.531716893903704 0.6741062118652467
0.535757297944108 0.6741062118652467
0.539797701984512 0.6741062118652467
0.5438381060249161 0.6741062118652467
0.5478785100653201 0.6741062118652467
0.5519189141057241 0.6741062118652467
0.5559593181461282 0.6741062118652467
0.5599997221865323 0.6741062118652467
0.5640401262269363 0.6741062118652467
0.5680805302673404 0.6741062118652467
0.5721209343077444 0.6741062118652467
0.5761613383481484 0.6741062118652467
0.5802017423885524 0.6741062118652467
0.5842421464289564 0.6741062118652467
0.5882825504693605 0.6741062118652467
0.5923229545097646 0.6741062118652467
0.5963633585501686 0.6741062118652467
0.6004037625905727 0.6741062118652467
0.6044441666309767 0.6741062118652467
0.6084845706713807 0.6741062118652467
0.6125249747117847 0.6741062118652467
0.6165653787521888 0.6741062118652467
0.6206057827925928 0.6741062118652467
0.6246461868329969 0.6741062118652467
0.628686590873401 0.6741062118652467
0.632726994913805 0.6741062118652467
0.6367673989542091 0.6741062118652467
0.640807802994613 0.6741062118652467
0.6448482070350171 0.6741062118652467
0.6488886110754211 0.6741062118652467
0.6529290151158251 0.6741062118652467
0.6569694191562292 0.6741062118652467
0.6610098231966333 0.6741062118652467
0.6650502272370373 0.6741062118652467
0.6690906312774414 0.6741062118652467
0.6731310353178453 0.6741062118652467
0.6771714393582494 0.6741062118652467
0.6812118433986534 0.6741062118652467
0.6852522474390574 0.6741062118652467
0.6892926514794615 0.6741062118652467
0.6933330555198656 0.6741062118652467
0.6973734595602696 0.6741062118652467
0.2973734595602696 0.6781466159056507
0.3014138636006737 0.6781466159056507
0.3054542676410777 0.6781466159056507
0.3094946716814817 0.6781466159056507
0.31353507572188577 0.6781466159056507
0.31757547976228984 0.6781466159056507
0.32161588380269385 0.6781466159056507
0.3256562878430979 0.6781466159056507
0.3296966918835019 0.6781466159056507
0.333737095923906 0.6781466159056507
0.33777749996431 0.6781466159056507
0.34181790400471407 0.6781466159056507
0.3458583080451181 0.6781466159056507
0.34989871208552215 0.6781466159056507
0.3539391161259262 0.6781466159056507
0.3579795201663302 0.6781466159056507
0.36201992420673423 0.6781466159056507
0.3660603282471383 0.6781466159056507
0.37010073228754237 0.6781466159056507
0.3741411363279464 0.6781466159056507
0.3781815403683504 0.6781466159056507
0.38222194440875445 0.6781466159056507
0.3862623484491585 0.6781466159056507
0.39030275248956253 0.6781466159056507
0.3943431565299666 0.6781466159056507
0.3983835605703706 0.6781466159056507
0.4024239646107747 0.6781466159056507
0.4064643686511787 0.6781466159056507
0.41050477269158275 0.6781466159056507
0.41454517673198676 0.6781466159056507
0.41858558077239083 0.6781466159056507
0.4226259848127949 0.6781466159056507
0.4266663888531989 0.6781466159056507
0.4307067928936029 0.6781466159056507
0.434747196934007 0.6781466159056507
0.43878760097441105 0.6781466159056507
0.44282800501481506 0.6781466159056507
0.4468684090552191 0.6781466159056507
0.45090881309562314 0.6781466159056507
0.4549492171360272 0.6781466159056507
0.4589896211764312 0.6781466159056507
0.4630300252168353 0.6781466159056507
0.4670704292572393 0.6781466159056507
0.47111083329764336 0.6781466159056507
0.4751512373380474 0.6781466159056507
0.47919164137845144 0.6781466159056507
0.48323204541885545 0.6781466159056507
0.4872724494592595 0.6781466159056507
0.4913128534996636 0.6781466159056507
0.4953532575400676 0.6781466159056507
0.4993936615804716 0.6781466159056507
0.5034340656208757 0.6781466159056507
0.5074744696612797 0.6781466159056507
0.5115148737016837 0.6781466159056507
0.5155552777420878 0.6781466159056507
0.5195956817824918 0.6781466159056507
0.5236360858228959 0.6781466159056507
0.5276764898633 0.6781466159056507
0.531716893903704 0.6781466159056507
0.535757297944108 0.6781466159056507
0.539797701984512 0.6781466159056507
0.5438381060249161 0.6781466159056507
0.5478785100653201 0.6781466159056507
0.5519189141057241 0.6781466159056507
0.5559593181461282 0.6781466159056507
0.5599997221865323 0.6781466159056507
0.5640401262269363 0.6781466159056507
0.5680805302673404 0.6781466159056507
0.5721209343077444 0.6781466159056507
0.5761613383481484 0.6781466159056507
0.5802017423885524 0.6781466159056507
0.5842421464289564 0.6781466159056507
0.5882825504693605 0.6781466159056507
0.5923229545097646 0.6781466159056507
0.5963633585501686 0.6781466159056507
0.6004037625905727 0.6781466159056507
0.6044441666309767 0.6781466159056507
0.6084845706713807 0.6781466159056507
0.6125249747117847 0.6781466159056507
0.6165653787521888 0.6781466159056507
0.6206057827925928 0.6781466159056507
0.6246461868329969 0.6781466159056507
0.628686590873401 0.6781466159056507
0.632726994913805 0.6781466159056507
0.6367673989542091 0.6781466159056507
0.640807802994613 0.6781466159056507
0.6448482070350171 0.6781466159056507
0.6488886110754211 0.6781466159056507
0.6529290151158251 0.6781466159056507
0.6569694191562292 0.6781466159056507
0.6610098231966333 0.6781466159056507
0.6650502272370373 0.6781466159056507
0.6690906312774414 0.6781466159056507
0.6731310353178453 0.6781466159056507
0.6771714393582494 0.6781466159056507
0.6812118433986534 0.6781466159056507
0.6852522474390574 0.6781466159056507
0.6892926514794615 0.6781466159056507
0.6933330555198656 0.6781466159056507
0.6973734595602696 0.6781466159056507
0.2973734595602696 0.6821870199460547
0.3014138636006737 0.6821870199460547
0.3054542676410777 0.6821870199460547
0.3094946716814817 0.6821870199460547
0.31353507572188577 0.6821870199460547
0.31757547976228984 0.6821870199460547
0.32161588380269385 0.6821870199460547
0.3256562878430979 0.6821870199460547
0.3296966918835019 0.6821870199460547
0.333737095923906 0.6821870199460547
0.33777749996431 0.6821870199460547
0.34181790400471407 0.6821870199460547
0.3458583080451181 0.6821870199460547
0.34989871208552215 0.6821870199460547
0.3539391161259262 0.6821870199460547
0.3579795201663302 0.6821870199460547
0.36201992420673423 0.6821870199460547
0.3660603282471383 0.6821870199460547
0.37010073228754237 0.6821870199460547
0.3741411363279464 0.6821870199460547
0.3781815403683504 0.6821870199460547
0.38222194440875445 0.6821870199460547
0.3862623484491585 0.6821870199460547
0.39030275248956253 0.6821870199460547
0.3943431565299666 0.6821870199460547
0.3983835605703706 0.6821870199460547
0.4024239646107747 0.6821870199460547
0.4064643686511787 0.6821870199460547
0.41050477269158275 0.6821870199460547
0.41454517673198676 0.6821870199460547
0.41858558077239083 0.6821870199460547
0.4226259848127949 0.6821870199460547
0.4266663888531989 0.6821870199460547
0.4307067928936029 0.6821870199460547
0.434747196934007 0.6821870199460547
0.43878760097441105 0.6821870199460547
0.44282800501481506 0.6821870199460547
0.4468684090552191 0.6821870199460547
0.45090881309562314 0.6821870199460547
0.4549492171360272 0.6821870199460547
0.4589896211764312 0.6821870199460547
0.4630300252168353 0.6821870199460547
0.4670704292572393 0.6821870199460547
0.47111083329764336 0.6821870199460547
0.4751512373380474 0.6821870199460547
0.47919164137845144 0.6821870199460547
0.48323204541885545 0.6821870199460547
0.4872724494592595 0.6821870199460547
0.4913128534996636 0.6821870199460547
0.4953532575400676 0.6821870199460547
0.4993936615804716 0.6821870199460547
0.5034340656208757 0.6821870199460547
0.5074744696612797 0.6821870199460547
0.5115148737016837 0.6821870199460547
0.5155552777420878 0.6821870199460547
0.5195956817824918 0.6821870199460547
0.5236360858228959 0.6821870199460547
0.5276764898633 0.6821870199460547
0.531716893903704 0.6821870199460547
0.535757297944108 0.6821870199460547
0.539797701984512 0.6821870199460547
0.5438381060249161 0.6821870199460547
0.5478785100653201 0.6821870199460547
0.5519189141057241 0.6821870199460547
0.5559593181461282 0.6821870199460547
0.5599997221865323 0.6821870199460547
0.5640401262269363 0.6821870199460547
0.5680805302673404 0.6821870199460547
0.5721209343077444 0.6821870199460547
0.5761613383481484 0.6821870199460547
0.5802017423885524 0.6821870199460547
0.5842421464289564 0.6821870199460547
0.5882825504693605 0.6821870199460547
0.5923229545097646 0.6821870199460547
0.5963633585501686 0.6821870199460547
0.6004037625905727 0.6821870199460547
0.6044441666309767 0.6821870199460547
0.6084845706713807 0.6821870199460547
0.6125249747117847 0.6821870199460547
0.6165653787521888 0.6821870199460547
0.6206057827925928 0.6821870199460547
0.6246461868329969 0.6821870199460547
0.628686590873401 0.6821870199460547
0.632726994913805 0.6821870199460547
0.6367673989542091 0.6821870199460547
0.640807802994613 0.6821870199460547
0.6448482070350171 0.6821870199460547
0.6488886110754211 0.6821870199460547
0.6529290151158251 0.6821870199460547
0.6569694191562292 0.6821870199460547
0.6610098231966333 0.6821870199460547
0.6650502272370373 0.6821870199460547
0.6690906312774414 0.6821870199460547
0.6731310353178453 0.6821870199460547
0.6771714393582494 0.6821870199460547
0.6812118433986534 0.6821870199460547
0.6852522474390574 0.6821870199460547
0.6892926514794615 0.6821870199460547
0.6933330555198656 0.6821870199460547
0.6973734595602696 0.6821870199460547
0.2973734595602696 0.6862274239864588
0.3014138636006737 0.6862274239864588
0.3054542676410777 0.6862274239864588
0.3094946716814817 0.6862274239864588
0.31353507572188577 0.6862274239864588
0.31757547976228984 0.6862274239864588
0.32161588380269385 0.6862274239864588
0.3256562878430979 0.6862274239864588
0.3296966918835019 0.6862274239864588
0.333737095923906 0.6862274239864588
0.33777749996431 0.6862274239864588
0.34181790400471407 0.6862274239864588
0.3458583080451181 0.6862274239864588
0.34989871208552215 0.6862274239864588
0.3539391161259262 0.6862274239864588
0.3579795201663302 0.6862274239864588
0.36201992420673423 0.6862274239864588
0.3660603282471383 0.6862274239864588
0.37010073228754237 0.6862274239864588
0.3741411363279464 0.6862274239864588
0.3781815403683504 0.6862274239864588
0.38222194440875445 0.6862274239864588
0.3862623484491585 0.6862274239864588
0.39030275248956253 0.6862274239864588
0.3943431565299666 0.6862274239864588
0.3983835605703706 0.6862274239864588
0.4024239646107747 0.6862274239864588
0.4064643686511787 0.6862274239864588
0.41050477269158275 0.6862274239864588
0.41454517673198676 0.6862274239864588
0.41858558077239083 0.6862274239864588
0.4226259848127949 0.6862274239864588
0.4266663888531989 0.6862274239864588
0.4307067928936029 0.6862274239864588
0.434747196934007 0.6862274239864588
0.43878760097441105 0.6862274239864588
0.44282800501481506 0.6862274239864588
0.4468684090552191 0.6862274239864588
0.45090881309562314 0.6862274239864588
0.4549492171360272 0.6862274239864588
0.4589896211764312 0.6862274239864588
0.4630300252168353 0.6862274239864588
0.4670704292572393 0.6862274239864588
0.47111083329764336 0.6862274239864588
0.4751512373380474 0.6862274239864588
0.47919164137845144 0.6862274239864588
0.48323204541885545 0.6862274239864588
0.4872724494592595 0.6862274239864588
0.4913128534996636 0.6862274239864588
0.4953532575400676 0.6862274239864588
0.4993936615804716 0.6862274239864588
0.5034340656208757 0.6862274239864588
0.5074744696612797 0.6862274239864588
0.5115148737016837 0.6862274239864588
0.5155552777420878 0.6862274239864588
0.5195956817824918 0.6862274239864588
0.5236360858228959 0.6862274239864588
0.5276764898633 0.6862274239864588
0.531716893903704 0.6862274239864588
0.535757297944108 0.6862274239864588
0.539797701984512 0.6862274239864588
0.5438381060249161 0.6862274239864588
0.5478785100653201 0.6862274239864588
0.5519189141057241 0.6862274239864588
0.5559593181461282 0.6862274239864588
0.5599997221865323 0.6862274239864588
0.5640401262269363 0.6862274239864588
0.5680805302673404 0.6862274239864588
0.5721209343077444 0.6862274239864588
0.5761613383481484 0.6862274239864588
0.5802017423885524 0.6862274239864588
0.5842421464289564 0.6862274239864588
0.5882825504693605 0.6862274239864588
0.5923229545097646 0.6862274239864588
0.5963633585501686 0.6862274239864588
0.6004037625905727 0.6862274239864588
0.6044441666309767 0.6862274239864588
0.6084845706713807 0.6862274239864588
0.6125249747117847 0.6862274239864588
0.6165653787521888 0.6862274239864588
0.6206057827925928 0.6862274239864588
0.6246461868329969 0.6862274239864588
0.628686590873401 0.6862274239864588
0.632726994913805 0.6862274239864588
0.6367673989542091 0.6862274239864588
0.640807802994613 0.6862274239864588
0.6448482070350171 0.6862274239864588
0.6488886110754211 0.6862274239864588
0.6529290151158251 0.6862274239864588
0.6569694191562292 0.6862274239864588
0.6610098231966333 0.6862274239864588
0.6650502272370373 0.6862274239864588
0.6690906312774414 0.6862274239864588
0.6731310353178453 0.6862274239864588
0.6771714393582494 0.6862274239864588
0.6812118433986534 0.6862274239864588
0.6852522474390574 0.6862274239864588
0.6892926514794615 0.6862274239864588
0.6933330555198656 0.6862274239864588
0.6973734595602696 0.6862274239864588
0.2973734595602696 0.6902678280268628
0.3014138636006737 0.6902678280268628
0.3054542676410777 0.6902678280268628
0.3094946716814817 0.6902678280268628
0.31353507572188577 0.6902678280268628
0.31757547976228984 0.6902678280268628
0.32161588380269385 0.6902678280268628
0.3256562878430979 0.6902678280268628
0.3296966918835019 0.6902678280268628
0.333737095923906 0.6902678280268628
0.33777749996431 0.6902678280268628
0.34181790400471407 0.6902678280268628
0.3458583080451181 0.6902678280268628
0.34989871208552215 0.6902678280268628
0.3539391161259262 0.6902678280268628
0.3579795201663302 0.6902678280268628
0.36201992420673423 0.6902678280268628
0.3660603282471383 0.6902678280268628
0.37010073228754237 0.6902678280268628
0.3741411363279464 0.6902678280268628
0.3781815403683504 0.6902678280268628
0.38222194440875445 0.6902678280268628
0.3862623484491585 0.6902678280268628
0.39030275248956253 0.6902678280268628
0.3943431565299666 0.6902678280268628
0.3983835605703706 0.6902678280268628
0.4024239646107747 0.6902678280268628
0.4064643686511787 0.6902678280268628
0.41050477269158275 0.6902678280268628
0.41454517673198676 0.6902678280268628
0.41858558077239083 0.6902678280268628
0.4226259848127949 0.6902678280268628
0.4266663888531989 0.6902678280268628
0.4307067928936029 0.6902678280268628
0.434747196934007 0.6902678280268628
0.43878760097441105 0.6902678280268628
0.44282800501481506 0.6902678280268628
0.4468684090552191 0.6902678280268628
0.45090881309562314 0.6902678280268628
0.4549492171360272 0.6902678280268628
0.4589896211764312 0.6902678280268628
0.4630300252168353 0.6902678280268628
0.4670704292572393 0.6902678280268628
0.47111083329764336 0.6902678280268628
0.4751512373380474 0.6902678280268628
0.47919164137845144 0.6902678280268628
0.48323204541885545 0.6902678280268628
0.4872724494592595 0.6902678280268628
0.4913128534996636 0.6902678280268628
0.4953532575400676 0.6902678280268628
0.4993936615804716 0.6902678280268628
0.5034340656208757 0.6902678280268628
0.5074744696612797 0.6902678280268628
0.5115148737016837 0.6902678280268628
0.5155552777420878 0.6902678280268628
0.5195956817824918 0.6902678280268628
0.5236360858228959 0.6902678280268628
0.5276764898633 0.6902678280268628
0.531716893903704 0.6902678280268628
0.535757297944108 0.6902678280268628
0.539797701984512 0.6902678280268628
0.5438381060249161 0.6902678280268628
0.5478785100653201 0.6902678280268628
0.5519189141057241 0.6902678280268628
0.5559593181461282 0.6902678280268628
0.5599997221865323 0.6902678280268628
0.5640401262269363 0.6902678280268628
0.5680805302673404 0.6902678280268628
0.5721209343077444 0.6902678280268628
0.5761613383481484 0.6902678280268628
0.5802017423885524 0.6902678280268628
0.5842421464289564 0.6902678280268628
0.5882825504693605 0.6902678280268628
0.5923229545097646 0.6902678280268628
0.5963633585501686 0.6902678280268628
0.6004037625905727 0.6902678280268628
0.6044441666309767 0.6902678280268628
0.6084845706713807 0.6902678280268628
0.6125249747117847 0.6902678280268628
0.6165653787521888 0.6902678280268628
0.6206057827925928 0.6902678280268628
0.6246461868329969 0.6902678280268628
0.628686590873401 0.6902678280268628
0.632726994913805 0.6902678280268628
0.6367673989542091 0.6902678280268628
0.640807802994613 0.6902678280268628
0.6448482070350171 0.6902678280268628
0.6488886110754211 0.6902678280268628
0.6529290151158251 0.6902678280268628
0.6569694191562292 0.6902678280268628
0.6610098231966333 0.6902678280268628
0.6650502272370373 0.6902678280268628
0.6690906312774414 0.6902678280268628
0.6731310353178453 0.6902678280268628
0.6771714393582494 0.6902678280268628
0.6812118433986534 0.6902678280268628
0.6852522474390574 0.6902678280268628
0.6892926514794615 0.6902678280268628
0.6933330555198656 0.6902678280268628
0.6973734595602696 0.6902678280268628
0.2973734595602696 0.6943082320672669
0.3014138636006737 0.6943082320672669
0.3054542676410777 0.6943082320672669
0.3094946716814817 0.6943082320672669
0.31353507572188577 0.6943082320672669
0.31757547976228984 0.6943082320672669
0.32161588380269385 0.6943082320672669
0.3256562878430979 0.6943082320672669
0.3296966918835019 0.6943082320672669
0.333737095923906 0.6943082320672669
0.33777749996431 0.6943082320672669
0.34181790400471407 0.6943082320672669
0.3458583080451181 0.6943082320672669
0.34989871208552215 0.6943082320672669
0.3539391161259262 0.6943082320672669
0.3579795201663302 0.6943082320672669
0.36201992420673423 0.6943082320672669
0.3660603282471383 0.6943082320672669
0.37010073228754237 0.6943082320672669
0.3741411363279464 0.6943082320672669
0.3781815403683504 0.6943082320672669
0.38222194440875445 0.6943082320672669
0.3862623484491585 0.6943082320672669
0.39030275248956253 0.6943082320672669
0.3943431565299666 0.6943082320672669
0.3983835605703706 0.6943082320672669
0.4024239646107747 0.6943082320672669
0.4064643686511787 0.6943082320672669
0.41050477269158275 0.6943082320672669
0.41454517673198676 0.6943082320672669
0.41858558077239083 0.6943082320672669
0.4226259848127949 0.6943082320672669
0.4266663888531989 0.6943082320672669
0.4307067928936029 0.6943082320672669
0.434747196934007 0.6943082320672669
0.43878760097441105 0.6943082320672669
0.44282800501481506 0.6943082320672669
0.4468684090552191 0.6943082320672669
0.45090881309562314 0.6943082320672669
0.4549492171360272 0.6943082320672669
0.4589896211764312 0.6943082320672669
0.4630300252168353 0.6943082320672669
0.4670704292572393 0.6943082320672669
0.47111083329764336 0.6943082320672669
0.4751512373380474 0.6943082320672669
0.47919164137845144 0.6943082320672669
0.48323204541885545 0.6943082320672669
0.4872724494592595 0.6943082320672669
0.4913128534996636 0.6943082320672669
0.4953532575400676 0.6943082320672669
0.4993936615804716 0.6943082320672669
0.5034340656208757 0.6943082320672669
0.5074744696612797 0.6943082320672669
0.5115148737016837 0.6943082320672669
0.5155552777420878 0.6943082320672669
0.5195956817824918 0.6943082320672669
0.5236360858228959 0.6943082320672669
0.5276764898633 0.6943082320672669
0.531716893903704 0.6943082320672669
0.535757297944108 0.6943082320672669
0.539797701984512 0.6943082320672669
0.5438381060249161 0.6943082320672669
0.5478785100653201 0.6943082320672669
0.5519189141057241 0.6943082320672669
0.5559593181461282 0.6943082320672669
0.5599997221865323 0.6943082320672669
0.5640401262269363 0.6943082320672669
0.5680805302673404 0.6943082320672669
0.5721209343077444 0.6943082320672669
0.5761613383481484 0.6943082320672669
0.5802017423885524 0.6943082320672669
0.5842421464289564 0.6943082320672669
0.5882825504693605 0.6943082320672669
0.5923229545097646 0.6943082320672669
0.5963633585501686 0.6943082320672669
0.6004037625905727 0.6943082320672669
0.6044441666309767 0.6943082320672669
0.6084845706713807 0.6943082320672669
0.6125249747117847 0.6943082320672669
0.6165653787521888 0.6943082320672669
0.6206057827925928 0.6943082320672669
0.6246461868329969 0.6943082320672669
0.628686590873401 0.6943082320672669
0.632726994913805 0.6943082320672669
0.6367673989542091 0.6943082320672669
0.640807802994613 0.6943082320672669
0.6448482070350171 0.6943082320672669
0.6488886110754211 0.6943082320672669
0.6529290151158251 0.6943082320672669
0.6569694191562292 0.6943082320672669
0.6610098231966333 0.6943082320672669
0.6650502272370373 0.6943082320672669
0.6690906312774414 0.6943082320672669
0.6731310353178453 0.6943082320672669
0.6771714393582494 0.6943082320672669
0.6812118433986534 0.6943082320672669
0.6852522474390574 0.6943082320672669
0.6892926514794615 0.6943082320672669
0.6933330555198656 0.6943082320672669
0.6973734595602696 0.6943082320672669
0.2973734595602696 0.698348636107671
0.3014138636006737 0.698348636107671
0.3054542676410777 0.698348636107671
0.3094946716814817 0.698348636107671
0.31353507572188577 0.698348636107671
0.31757547976228984 0.698348636107671
0.32161588380269385 0.698348636107671
0.3256562878430979 0.698348636107671
0.3296966918835019 0.698348636107671
0.333737095923906 0.698348636107671
0.33777749996431 0.698348636107671
0.34181790400471407 0.698348636107671
0.3458583080451181 0.698348636107671
0.34989871208552215 0.698348636107671
0.3539391161259262 0.698348636107671
0.3579795201663302 0.698348636107671
0.36201992420673423 0.698348636107671
0.3660603282471383 0.698348636107671
0.37010073228754237 0.698348636107671
0.3741411363279464 0.698348636107671
0.3781815403683504 0.698348636107671
0.38222194440875445 0.698348636107671
0.3862623484491585 0.698348636107671
0.39030275248956253 0.698348636107671
0.3943431565299666 0.698348636107671
0.3983835605703706 0.698348636107671
0.4024239646107747 0.698348636107671
0.4064643686511787 0.698348636107671
0.41050477269158275 0.698348636107671
0.41454517673198676 0.698348636107671
0.41858558077239083 0.698348636107671
0.4226259848127949 0.698348636107671
0.4266663888531989 0.698348636107671
0.4307067928936029 0.698348636107671
0.434747196934007 0.698348636107671
0.43878760097441105 0.698348636107671
0.44282800501481506 0.698348636107671
0.4468684090552191 0.698348636107671
0.45090881309562314 0.698348636107671
0.4549492171360272 0.698348636107671
0.4589896211764312 0.698348636107671
0.4630300252168353 0.698348636107671
0.4670704292572393 0.698348636107671
0.47111083329764336 0.698348636107671
0.4751512373380474 0.698348636107671
0.47919164137845144 0.698348636107671
0.48323204541885545 0.698348636107671
0.4872724494592595 0.698348636107671
0.4913128534996636 0.698348636107671
0.4953532575400676 0.698348636107671
0.4993936615804716 0.698348636107671
0.5034340656208757 0.698348636107671
0.5074744696612797 0.698348636107671
0.5115148737016837 0.698348636107671
0.5155552777420878 0.698348636107671
0.5195956817824918 0.698348636107671
0.5236360858228959 0.698348636107671
0.5276764898633 0.698348636107671
0.531716893903704 0.698348636107671
0.535757297944108 0.698348636107671
0.539797701984512 0.698348636107671
0.5438381060249161 0.698348636107671
0.5478785100653201 0.698348636107671
0.5519189141057241 0.698348636107671
0.5559593181461282 0.698348636107671
0.5599997221865323 0.698348636107671
0.5640401262269363 0.698348636107671
0.5680805302673404 0.698348636107671
0.5721209343077444 0.698348636107671
0.5761613383481484 0.698348636107671
0.5802017423885524 0.698348636107671
0.5842421464289564 0.698348636107671
0.5882825504693605 0.698348636107671
0.5923229545097646 0.698348636107671
0.5963633585501686 0.698348636107671
0.6004037625905727 0.698348636107671
0.6044441666309767 0.698348636107671
0.6084845706713807 0.698348636107671
0.6125249747117847 0.698348636107671
0.6165653787521888 0.698348636107671
0.6206057827925928 0.698348636107671
0.6246461868329969 0.698348636107671
0.628686590873401 0.698348636107671
0.632726994913805 0.698348636107671
0.6367673989542091 0.698348636107671
0.640807802994613 0.698348636107671
0.6448482070350171 0.698348636107671
0.6488886110754211 0.698348636107671
0.6529290151158251 0.698348636107671
0.6569694191562292 0.698348636107671
0.6610098231966333 0.698348636107671
0.6650502272370373 0.698348636107671
0.6690906312774414 0.698348636107671
0.6731310353178453 0.698348636107671
0.6771714393582494 0.698348636107671
0.6812118433986534 0.698348636107671
0.6852522474390574 0.698348636107671
0.6892926514794615 0.698348636107671
0.2973734595602696 0.702389040148075
0.3014138636006737 0.702389040148075
0.3054542676410777 0.702389040148075
0.3094946716814817 0.702389040148075
0.31353507572188577 0.702389040148075
0.31757547976228984 0.702389040148075
0.32161588380269385 0.702389040148075
0.3256562878430979 0.702389040148075
0.3296966918835019 0.702389040148075
0.333737095923906 0.702389040148075
0.33777749996431 0.702389040148075
0.34181790400471407 0.702389040148075
0.3458583080451181 0.702389040148075
0.34989871208552215 0.702389040148075
0.3539391161259262 0.702389040148075
0.3579795201663302 0.702389040148075
0.36201992420673423 0.702389040148075
0.3660603282471383 0.702389040148075
0.37010073228754237 0.702389040148075
0.3741411363279464 0.702389040148075
0.3781815403683504 0.702389040148075
0.38222194440875445 0.702389040148075
0.3862623484491585 0.702389040148075
0.39030275248956253 0.702389040148075
0.3943431565299666 0.702389040148075
0.3983835605703706 0.702389040148075
0.4024239646107747 0.702389040148075
0.4064643686511787 0.702389040148075
0.41050477269158275 0.702389040148075
0.41454517673198676 0.702389040148075
0.41858558077239083 0.702389040148075
0.4226259848127949 0.702389040148075
0.4266663888531989 0.702389040148075
0.4307067928936029 0.702389040148075
0.434747196934007 0.702389040148075
0.43878760097441105 0.702389040148075
0.44282800501481506 0.702389040148075
0.4468684090552191 0.702389040148075
0.45090881309562314 0.702389040148075
0.4549492171360272 0.702389040148075
0.4589896211764312 0.702389040148075
0.4630300252168353 0.702389040148075
0.4670704292572393 0.702389040148075
0.47111083329764336 0.702389040148075
0.4751512373380474 0.702389040148075
0.47919164137845144 0.702389040148075
0.48323204541885545 0.702389040148075
0.4872724494592595 0.702389040148075
0.4913128534996636 0.702389040148075
0.4953532575400676 0.702389040148075
0.4993936615804716 0.702389040148075
0.5034340656208757 0.702389040148075
0.5074744696612797 0.702389040148075
0.5115148737016837 0.702389040148075
0.5155552777420878 0.702389040148075
0.5195956817824918 0.702389040148075
0.5236360858228959 0.702389040148075
0.5276764898633 0.702389040148075
0.531716893903704 0.702389040148075
0.535757297944108 0.702389040148075
0.539797701984512 0.702389040148075
0.5438381060249161 0.702389040148075
0.5478785100653201 0.702389040148075
0.5519189141057241 0.702389040148075
0.5559593181461282 0.702389040148075
0.5599997221865323 0.702389040148075
0.5640401262269363 0.702389040148075
0.5680805302673404 0.702389040148075
0.5721209343077444 0.702389040148075
0.5761613383481484 0.702389040148075
0.5802017423885524 0.702389040148075
0.5842421464289564 0.702389040148075
0.5882825504693605 0.702389040148075
0.5923229545097646 0.702389040148075
0.5963633585501686 0.702389040148075
0.6004037625905727 0.702389040148075
0.6044441666309767 0.702389040148075
0.6084845706713807 0.702389040148075
0.6125249747117847 0.702389040148075
0.6165653787521888 0.702389040148075
0.6206057827925928 0.702389040148075
0.6246461868329969 0.702389040148075
0.628686590873401 0.702389040148075
0.632726994913805 0.702389040148075
0.6367673989542091 0.702389040148075
0.640807802994613 0.702389040148075
0.6448482070350171 0.702389040148075
0.6488886110754211 0.702389040148075
0.6529290151158251 0.702389040148075
0.6569694191562292 0.702389040148075
0.6610098231966333 0.702389040148075
0.6650502272370373 0.702389040148075
0.6690906312774414 0.702389040148075
0.6731310353178453 0.702389040148075
0.6771714393582494 0.702389040148075
0.6812118433986534 0.702389040148075
0.6852522474390574 0.702389040148075
0.2973734595602696 0.706429444188479
0.3014138636006737 0.706429444188479
0.3054542676410777 0.706429444188479
0.3094946716814817 0.706429444188479
0.31353507572188577 0.706429444188479
0.31757547976228984 0.706429444188479
0.32161588380269385 0.706429444188479
0.3256562878430979 0.706429444188479
0.3296966918835019 0.706429444188479
0.333737095923906 0.706429444188479
0.33777749996431 0.706429444188479
0.34181790400471407 0.706429444188479
0.3458583080451181 0.706429444188479
0.34989871208552215 0.706429444188479
0.3539391161259262 0.706429444188479
0.3579795201663302 0.706429444188479
0.36201992420673423 0.706429444188479
0.3660603282471383 0.706429444188479
0.37010073228754237 0.706429444188479
0.3741411363279464 0.706429444188479
0.3781815403683504 0.706429444188479
0.38222194440875445 0.706429444188479
0.3862623484491585 0.706429444188479
0.39030275248956253 0.706429444188479
0.3943431565299666 0.706429444188479
0.3983835605703706 0.706429444188479
0.4024239646107747 0.706429444188479
0.4064643686511787 0.706429444188479
0.41050477269158275 0.706429444188479
0.41454517673198676 0.706429444188479
0.41858558077239083 0.706429444188479
0.4226259848127949 0.706429444188479
0.4266663888531989 0.706429444188479
0.4307067928936029 0.706429444188479
0.434747196934007 0.706429444188479
0.43878760097441105 0.706429444188479
0.44282800501481506 0.706429444188479
0.4468684090552191 0.706429444188479
0.45090881309562314 0.706429444188479
0.4549492171360272 0.706429444188479
0.4589896211764312 0.706429444188479
0.4630300252168353 0.706429444188479
0.4670704292572393 0.706429444188479
0.47111083329764336 0.706429444188479
0.4751512373380474 0.706429444188479
0.47919164137845144 0.706429444188479
0.48323204541885545 0.706429444188479
0.4872724494592595 0.706429444188479
0.4913128534996636 0.706429444188479
0.4953532575400676 0.706429444188479
0.4993936615804716 0.706429444188479
0.5034340656208757 0.706429444188479
0.5074744696612797 0.706429444188479
0.5115148737016837 0.706429444188479
0.5155552777420878 0.706429444188479
0.5195956817824918 0.706429444188479
0.5236360858228959 0.706429444188479
0.5276764898633 0.706429444188479
0.531716893903704 0.706429444188479
0.535757297944108 0.706429444188479
0.539797701984512 0.706429444188479
0.5438381060249161 0.706429444188479
0.5478785100653201 0.706429444188479
0.5519189141057241 0.706429444188479
0.5559593181461282 0.706429444188479
0.5599997221865323 0.706429444188479
0.5640401262269363 0.706429444188479
0.5680805302673404 0.706429444188479
0.5721209343077444 0.706429444188479
0.5761613383481484 0.706429444188479
0.5802017423885524 0.706429444188479
0.5842421464289564 0.706429444188479
0.5882825504693605 0.706429444188479
0.5923229545097646 0.706429444188479
0.5963633585501686 0.706429444188479
0.6004037625905727 0.706429444188479
0.6044441666309767 0.706429444188479
0.6084845706713807 0.706429444188479
0.6125249747117847 0.706429444188479
0.6165653787521888 0.706429444188479
0.6206057827925928 0.706429444188479
0.6246461868329969 0.706429444188479
0.628686590873401 0.706429444188479
0.632726994913805 0.706429444188479
0.6367673989542091 0.706429444188479
0.640807802994613 0.706429444188479
0.6448482070350171 0.706429444188479
0.6488886110754211 0.706429444188479
0.6529290151158251 0.706429444188479
0.6569694191562292 0.706429444188479
0.6610098231966333 0.706429444188479
0.6650502272370373 0.706429444188479
0.6690906312774414 0.706429444188479
0.6731310353178453 0.706429444188479
0.6771714393582494 0.706429444188479
0.6812118433986534 0.706429444188479
0.2973734595602696 0.710469848228883
0.3014138636006737 0.710469848228883
0.3054542676410777 0.710469848228883
0.3094946716814817 0.710469848228883
0.31353507572188577 0.710469848228883
0.31757547976228984 0.710469848228883
0.32161588380269385 0.710469848228883
0.3256562878430979 0.710469848228883
0.3296966918835019 0.710469848228883
0.333737095923906 0.710469848228883
0.33777749996431 0.710469848228883
0.34181790400471407 0.710469848228883
0.3458583080451181 0.710469848228883
0.34989871208552215 0.710469848228883
0.3539391161259262 0.710469848228883
0.3579795201663302 0.710469848228883
0.36201992420673423 0.710469848228883
0.3660603282471383 0.710469848228883
0.37010073228754237 0.710469848228883
0.3741411363279464 0.710469848228883
0.3781815403683504 0.710469848228883
0.38222194440875445 0.710469848228883
0.3862623484491585 0.710469848228883
0.39030275248956253 0.710469848228883
0.3943431565299666 0.710469848228883
0.3983835605703706 0.710469848228883
0.4024239646107747 0.710469848228883
0.4064643686511787 0.710469848228883
0.41050477269158275 0.710469848228883
0.41454517673198676 0.710469848228883
0.41858558077239083 0.710469848228883
0.4226259848127949 0.710469848228883
0.4266663888531989 0.710469848228883
0.4307067928936029 0.710469848228883
0.434747196934007 0.710469848228883
0.43878760097441105 0.710469848228883
0.44282800501481506 0.710469848228883
0.4468684090552191 0.710469848228883
0.45090881309562314 0.710469848228883
0.4549492171360272 0.710469848228883
0.4589896211764312 0.710469848228883
0.4630300252168353 0.710469848228883
0.4670704292572393 0.710469848228883
0.47111083329764336 0.710469848228883
0.4751512373380474 0.710469848228883
0.47919164137845144 0.710469848228883
0.48323204541885545 0.710469848228883
0.4872724494592595 0.710469848228883
0.4913128534996636 0.710469848228883
0.4953532575400676 0.710469848228883
0.4993936615804716 0.710469848228883
0.5034340656208757 0.710469848228883
0.5074744696612797 0.710469848228883
0.5115148737016837 0.710469848228883
0.5155552777420878 0.710469848228883
0.5195956817824918 0.710469848228883
0.5236360858228959 0.710469848228883
0.5276764898633 0.710469848228883
0.531716893903704 0.710469848228883
0.535757297944108 0.710469848228883
0.539797701984512 0.710469848228883
0.5438381060249161 0.710469848228883
0.5478785100653201 0.710469848228883
0.5519189141057241 0.710469848228883
0.5559593181461282 0.710469848228883
0.5599997221865323 0.710469848228883
0.5640401262269363 0.710469848228883
0.5680805302673404 0.710469848228883
0.5721209343077444 0.710469848228883
0.5761613383481484 0.710469848228883
0.5802017423885524 0.710469848228883
0.5842421464289564 0.710469848228883
0.5882825504693605 0.710469848228883
0.5923229545097646 0.710469848228883
0.5963633585501686 0.710469848228883
0.6004037625905727 0.710469848228883
0.6044441666309767 0.710469848228883
0.6084845706713807 0.710469848228883
0.6125249747117847 0.710469848228883
0.6165653787521888 0.710469848228883
0.6206057827925928 0.710469848228883
0.6246461868329969 0.710469848228883
0.628686590873401 0.710469848228883
0.632726994913805 0.710469848228883
0.6367673989542091 0.710469848228883
0.640807802994613 0.710469848228883
0.6448482070350171 0.710469848228883
0.6488886110754211 0.710469848228883
0.6529290151158251 0.710469848228883
0.6569694191562292 0.710469848228883
0.6610098231966333 0.710469848228883
0.6650502272370373 0.710469848228883
0.6690906312774414 0.710469848228883
0.6731310353178453 0.710469848228883
0.2973734595602696 0.7145102522692871
0.3014138636006737 0.7145102522692871
0.3054542676410777 0.7145102522692871
0.3094946716814817 0.7145102522692871
0.31353507572188577 0.7145102522692871
0.31757547976228984 0.7145102522692871
0.32161588380269385 0.7145102522692871
0.3256562878430979 0.7145102522692871
0.3296966918835019 0.7145102522692871
0.333737095923906 0.7145102522692871
0.33777749996431 0.7145102522692871
0.34181790400471407 0.7145102522692871
0.3458583080451181 0.7145102522692871
0.34989871208552215 0.7145102522692871
0.3539391161259262 0.7145102522692871
0.3579795201663302 0.7145102522692871
0.36201992420673423 0.7145102522692871
0.3660603282471383 0.7145102522692871
0.37010073228754237 0.7145102522692871
0.3741411363279464 0.7145102522692871
0.3781815403683504 0.7145102522692871
0.38222194440875445 0.7145102522692871
0.3862623484491585 0.7145102522692871
0.39030275248956253 0.7145102522692871
0.3943431565299666 0.7145102522692871
0.3983835605703706 0.7145102522692871
0.4024239646107747 0.7145102522692871
0.4064643686511787 0.7145102522692871
0.41050477269158275 0.7145102522692871
0.41454517673198676 0.7145102522692871
0.41858558077239083 0.7145102522692871
0.4226259848127949 0.7145102522692871
0.4266663888531989 0.7145102522692871
0.4307067928936029 0.7145102522692871
0.434747196934007 0.7145102522692871
0.43878760097441105 0.7145102522692871
0.44282800501481506 0.7145102522692871
0.4468684090552191 0.7145102522692871
0.45090881309562314 0.7145102522692871
0.4549492171360272 0.7145102522692871
0.4589896211764312 0.7145102522692871
0.4630300252168353 0.7145102522692871
0.4670704292572393 0.7145102522692871
0.47111083329764336 0.7145102522692871
0.4751512373380474 0.7145102522692871
0.47919164137845144 0.7145102522692871
0.48323204541885545 0.7145102522692871
0.4872724494592595 0.7145102522692871
0.4913128534996636 0.7145102522692871
0.4953532575400676 0.7145102522692871
0.4993936615804716 0.7145102522692871
0.5034340656208757 0.7145102522692871
0.5074744696612797 0.7145102522692871
0.5115148737016837 0.7145102522692871
0.5155552777420878 0.7145102522692871
0.5195956817824918 0.7145102522692871
0.5236360858228959 0.7145102522692871
0.5276764898633 0.7145102522692871
0.531716893903704 0.7145102522692871
0.535757297944108 0.7145102522692871
0.539797701984512 0.7145102522692871
0.5438381060249161 0.7145102522692871
0.5478785100653201 0.7145102522692871
0.5519189141057241 0.7145102522692871
0.5559593181461282 0.7145102522692871
0.5599997221865323 0.7145102522692871
0.5640401262269363 0.7145102522692871
0.5680805302673404 0.7145102522692871
0.5721209343077444 0.7145102522692871
0.5761613383481484 0.7145102522692871
0.5802017423885524 0.7145102522692871
0.5842421464289564 0.7145102522692871
0.5882825504693605 0.7145102522692871
0.5923229545097646 0.7145102522692871
0.5963633585501686 0.7145102522692871
0.6004037625905727 0.7145102522692871
0.6044441666309767 0.7145102522692871
0.6084845706713807 0.7145102522692871
0.6125249747117847 0.7145102522692871
0.6165653787521888 0.7145102522692871
0.6206057827925928 0.7145102522692871
0.6246461868329969 0.7145102522692871
0.628686590873401 0.7145102522692871
0.632726994913805 0.7145102522692871
0.6367673989542091 0.7145102522692871
0.640807802994613 0.7145102522692871
0.6448482070350171 0.7145102522692871
0.6488886110754211 0.7145102522692871
0.6529290151158251 0.7145102522692871
0.6569694191562292 0.7145102522692871
0.6610098231966333 0.7145102522692871
0.6650502272370373 0.7145102522692871
0.6690906312774414 0.7145102522692871
0.6731310353178453 0.7145102522692871
0.2973734595602696 0.7185506563096911
0.3014138636006737 0.7185506563096911
0.3054542676410777 0.7185506563096911
0.3094946716814817 0.7185506563096911
0.31353507572188577 0.7185506563096911
0.31757547976228984 0.7185506563096911
0.32161588380269385 0.7185506563096911
0.3256562878430979 0.7185506563096911
0.3296966918835019 0.7185506563096911
0.333737095923906 0.7185506563096911
0.33777749996431 0.7185506563096911
0.34181790400471407 0.7185506563096911
0.3458583080451181 0.7185506563096911
0.34989871208552215 0.7185506563096911
0.3539391161259262 0.7185506563096911
0.3579795201663302 0.7185506563096911
0.36201992420673423 0.7185506563096911
0.3660603282471383 0.7185506563096911
0.37010073228754237 0.7185506563096911
0.3741411363279464 0.7185506563096911
0.3781815403683504 0.7185506563096911
0.38222194440875445 0.7185506563096911
0.3862623484491585 0.7185506563096911
0.39030275248956253 0.7185506563096911
0.3943431565299666 0.7185506563096911
0.3983835605703706 0.7185506563096911
0.4024239646107747 0.7185506563096911
0.4064643686511787 0.7185506563096911
0.41050477269158275 0.7185506563096911
0.41454517673198676 0.7185506563096911
0.41858558077239083 0.7185506563096911
0.4226259848127949 0.7185506563096911
0.4266663888531989 0.7185506563096911
0.4307067928936029 0.7185506563096911
0.434747196934007 0.7185506563096911
0.43878760097441105 0.7185506563096911
0.44282800501481506 0.7185506563096911
0.4468684090552191 0.7185506563096911
0.45090881309562314 0.7185506563096911
0.4549492171360272 0.7185506563096911
0.4589896211764312 0.7185506563096911
0.4630300252168353 0.7185506563096911
0.4670704292572393 0.7185506563096911
0.47111083329764336 0.7185506563096911
0.4751512373380474 0.7185506563096911
0.47919164137845144 0.7185506563096911
0.48323204541885545 0.7185506563096911
0.4872724494592595 0.7185506563096911
0.4913128534996636 0.7185506563096911
0.4953532575400676 0.7185506563096911
0.4993936615804716 0.7185506563096911
0.5034340656208757 0.7185506563096911
0.5074744696612797 0.7185506563096911
0.5115148737016837 0.7185506563096911
0.5155552777420878 0.7185506563096911
0.5195956817824918 0.7185506563096911
0.5236360858228959 0.7185506563096911
0.5276764898633 0.7185506563096911
0.531716893903704 0.7185506563096911
0.535757297944108 0.7185506563096911
0.539797701984512 0.7185506563096911
0.5438381060249161 0.7185506563096911
0.5478785100653201 0.7185506563096911
0.5519189141057241 0.7185506563096911
0.5559593181461282 0.7185506563096911
0.5599997221865323 0.7185506563096911
0.5640401262269363 0.7185506563096911
0.5680805302673404 0.7185506563096911
0.5721209343077444 0.7185506563096911
0.5761613383481484 0.7185506563096911
0.5802017423885524 0.7185506563096911
0.5842421464289564 0.7185506563096911
0.5882825504693605 0.7185506563096911
0.5923229545097646 0.7185506563096911
0.5963633585501686 0.7185506563096911
0.6004037625905727 0.7185506563096911
0.6044441666309767 0.7185506563096911
0.6084845706713807 0.7185506563096911
0.6125249747117847 0.7185506563096911
0.6165653787521888 0.7185506563096911
0.6206057827925928 0.7185506563096911
0.6246461868329969 0.7185506563096911
0.628686590873401 0.7185506563096911
0.632726994913805 0.7185506563096911
0.6367673989542091 0.7185506563096911
0.640807802994613 0.7185506563096911
0.6448482070350171 0.7185506563096911
0.6488886110754211 0.7185506563096911
0.6529290151158251 0.7185506563096911
0.6569694191562292 0.7185506563096911
0.6610098231966333 0.7185506563096911
0.6650502272370373 0.7185506563096911
0.2973734595602696 0.7225910603500951
0.3014138636006737 0.7225910603500951
0.3054542676410777 0.7225910603500951
0.3094946716814817 0.7225910603500951
0.31353507572188577 0.7225910603500951
0.31757547976228984 0.7225910603500951
0.32161588380269385 0.7225910603500951
0.3256562878430979 0.7225910603500951
0.3296966918835019 0.7225910603500951
0.333737095923906 0.7225910603500951
0.33777749996431 0.7225910603500951
0.34181790400471407 0.7225910603500951
0.3458583080451181 0.7225910603500951
0.34989871208552215 0.7225910603500951
0.3539391161259262 0.7225910603500951
0.3579795201663302 0.7225910603500951
0.36201992420673423 0.7225910603500951
0.3660603282471383 0.7225910603500951
0.37010073228754237 0.7225910603500951
0.3741411363279464 0.7225910603500951
0.3781815403683504 0.7225910603500951
0.38222194440875445 0.7225910603500951
0.3862623484491585 0.7225910603500951
0.39030275248956253 0.7225910603500951
0.3943431565299666 0.7225910603500951
0.3983835605703706 0.7225910603500951
0.4024239646107747 0.7225910603500951
0.4064643686511787 0.7225910603500951
0.41050477269158275 0.7225910603500951
0.41454517673198676 0.7225910603500951
0.41858558077239083 0.7225910603500951
0.4226259848127949 0.7225910603500951
0.4266663888531989 0.7225910603500951
0.4307067928936029 0.7225910603500951
0.434747196934007 0.7225910603500951
0.43878760097441105 0.7225910603500951
0.44282800501481506 0.7225910603500951
0.4468684090552191 0.7225910603500951
0.45090881309562314 0.7225910603500951
0.4549492171360272 0.7225910603500951
0.4589896211764312 0.7225910603500951
0.4630300252168353 0.7225910603500951
0.4670704292572393 0.7225910603500951
0.47111083329764336 0.7225910603500951
0.4751512373380474 0.7225910603500951
0.47919164137845144 0.7225910603500951
0.48323204541885545 0.7225910603500951
0.4872724494592595 0.7225910603500951
0.4913128534996636 0.7225910603500951
0.4953532575400676 0.7225910603500951
0.4993936615804716 0.7225910603500951
0.5034340656208757 0.7225910603500951
0.5074744696612797 0.7225910603500951
0.5115148737016837 0.7225910603500951
0.5155552777420878 0.7225910603500951
0.5195956817824918 0.7225910603500951
0.5236360858228959 0.7225910603500951
0.5276764898633 0.7225910603500951
0.531716893903704 0.7225910603500951
0.535757297944108 0.7225910603500951
0.539797701984512 0.7225910603500951
0.5438381060249161 0.7225910603500951
0.5478785100653201 0.7225910603500951
0.5519189141057241 0.7225910603500951
0.5559593181461282 0.7225910603500951
0.5599997221865323 0.7225910603500951
0.5640401262269363 0.7225910603500951
0.5680805302673404 0.7225910603500951
0.5721209343077444 0.7225910603500951
0.5761613383481484 0.7225910603500951
0.5802017423885524 0.7225910603500951
0.5842421464289564 0.7225910603500951
0.5882825504693605 0.7225910603500951
0.5923229545097646 0.7225910603500951
0.5963633585501686 0.7225910603500951
0.6004037625905727 0.7225910603500951
0.6044441666309767 0.7225910603500951
0.6084845706713807 0.7225910603500951
0.6125249747117847 0.7225910603500951
0.6165653787521888 0.7225910603500951
0.6206057827925928 0.7225910603500951
0.6246461868329969 0.7225910603500951
0.628686590873401 0.7225910603500951
0.632726994913805 0.7225910603500951
0.6367673989542091 0.7225910603500951
0.640807802994613 0.7225910603500951
0.6448482070350171 0.7225910603500951
0.6488886110754211 0.7225910603500951
0.6529290151158251 0.7225910603500951
0.6569694191562292 0.7225910603500951
0.6610098231966333 0.7225910603500951
0.6650502272370373 0.7225910603500951
0.2973734595602696 0.7266314643904992
0.3014138636006737 0.7266314643904992
0.3054542676410777 0.7266314643904992
0.3094946716814817 0.7266314643904992
0.31353507572188577 0.7266314643904992
0.31757547976228984 0.7266314643904992
0.32161588380269385 0.7266314643904992
0.3256562878430979 0.7266314643904992
0.3296966918835019 0.7266314643904992
0.333737095923906 0.7266314643904992
0.33777749996431 0.7266314643904992
0.34181790400471407 0.7266314643904992
0.3458583080451181 0.7266314643904992
0.34989871208552215 0.7266314643904992
0.3539391161259262 0.7266314643904992
0.3579795201663302 0.7266314643904992
0.36201992420673423 0.7266314643904992
0.3660603282471383 0.7266314643904992
0.37010073228754237 0.7266314643904992
0.3741411363279464 0.7266314643904992
0.3781815403683504 0.7266314643904992
0.38222194440875445 0.7266314643904992
0.3862623484491585 0.7266314643904992
0.39030275248956253 0.7266314643904992
0.3943431565299666 0.7266314643904992
0.3983835605703706 0.7266314643904992
0.4024239646107747 0.7266314643904992
0.4064643686511787 0.7266314643904992
0.41050477269158275 0.7266314643904992
0.41454517673198676 0.7266314643904992
0.41858558077239083 0.7266314643904992
0.4226259848127949 0.7266314643904992
0.4266663888531989 0.7266314643904992
0.4307067928936029 0.7266314643904992
0.434747196934007 0.7266314643904992
0.43878760097441105 0.7266314643904992
0.44282800501481506 0.7266314643904992
0.4468684090552191 0.7266314643904992
0.45090881309562314 0.7266314643904992
0.4549492171360272 0.7266314643904992
0.4589896211764312 0.7266314643904992
0.4630300252168353 0.7266314643904992
0.4670704292572393 0.7266314643904992
0.47111083329764336 0.7266314643904992
0.4751512373380474 0.7266314643904992
0.47919164137845144 0.7266314643904992
0.48323204541885545 0.7266314643904992
0.4872724494592595 0.7266314643904992
0.4913128534996636 0.7266314643904992
0.4953532575400676 0.7266314643904992
0.4993936615804716 0.7266314643904992
0.5034340656208757 0.7266314643904992
0.5074744696612797 0.7266314643904992
0.5115148737016837 0.7266314643904992
0.5155552777420878 0.7266314643904992
0.5195956817824918 0.7266314643904992
0.5236360858228959 0.7266314643904992
0.5276764898633 0.7266314643904992
0.531716893903704 0.7266314643904992
0.535757297944108 0.7266314643904992
0.539797701984512 0.7266314643904992
0.5438381060249161 0.7266314643904992
0.5478785100653201 0.7266314643904992
0.5519189141057241 0.7266314643904992
0.5559593181461282 0.7266314643904992
0.5599997221865323 0.7266314643904992
0.5640401262269363 0.7266314643904992
0.5680805302673404 0.7266314643904992
0.5721209343077444 0.7266314643904992
0.5761613383481484 0.7266314643904992
0.5802017423885524 0.7266314643904992
0.5842421464289564 0.7266314643904992
0.5882825504693605 0.7266314643904992
0.5923229545097646 0.7266314643904992
0.5963633585501686 0.7266314643904992
0.6004037625905727 0.7266314643904992
0.6044441666309767 0.7266314643904992
0.6084845706713807 0.7266314643904992
0.6125249747117847 0.7266314643904992
0.6165653787521888 0.7266314643904992
0.6206057827925928 0.7266314643904992
0.6246461868329969 0.7266314643904992
0.628686590873401 0.7266314643904992
0.632726994913805 0.7266314643904992
0.6367673989542091 0.7266314643904992
0.640807802994613 0.7266314643904992
0.6448482070350171 0.7266314643904992
0.6488886110754211 0.7266314643904992
0.6529290151158251 0.7266314643904992
0.6569694191562292 0.7266314643904992
0.6610098231966333 0.7266314643904992
0.2973734595602696 0.7306718684309033
0.3014138636006737 0.7306718684309033
0.3054542676410777 0.7306718684309033
0.3094946716814817 0.7306718684309033
0.31353507572188577 0.7306718684309033
0.31757547976228984 0.7306718684309033
0.32161588380269385 0.7306718684309033
0.3256562878430979 0.7306718684309033
0.3296966918835019 0.7306718684309033
0.333737095923906 0.7306718684309033
0.33777749996431 0.7306718684309033
0.34181790400471407 0.7306718684309033
0.3458583080451181 0.7306718684309033
0.34989871208552215 0.7306718684309033
0.3539391161259262 0.7306718684309033
0.3579795201663302 0.7306718684309033
0.36201992420673423 0.7306718684309033
0.3660603282471383 0.7306718684309033
0.37010073228754237 0.7306718684309033
0.3741411363279464 0.7306718684309033
0.3781815403683504 0.7306718684309033
0.38222194440875445 0.7306718684309033
0.3862623484491585 0.7306718684309033
0.39030275248956253 0.7306718684309033
0.3943431565299666 0.7306718684309033
0.3983835605703706 0.7306718684309033
0.4024239646107747 0.7306718684309033
0.4064643686511787 0.7306718684309033
0.41050477269158275 0.7306718684309033
0.41454517673198676 0.7306718684309033
0.41858558077239083 0.7306718684309033
0.4226259848127949 0.7306718684309033
0.4266663888531989 0.7306718684309033
0.4307067928936029 0.7306718684309033
0.434747196934007 0.7306718684309033
0.43878760097441105 0.7306718684309033
0.44282800501481506 0.7306718684309033
0.4468684090552191 0.7306718684309033
0.45090881309562314 0.7306718684309033
0.4549492171360272 0.7306718684309033
0.4589896211764312 0.7306718684309033
0.4630300252168353 0.7306718684309033
0.4670704292572393 0.7306718684309033
0.47111083329764336 0.7306718684309033
0.4751512373380474 0.7306718684309033
0.47919164137845144 0.7306718684309033
0.48323204541885545 0.7306718684309033
0.4872724494592595 0.7306718684309033
0.4913128534996636 0.7306718684309033
0.4953532575400676 0.7306718684309033
0.4993936615804716 0.7306718684309033
0.5034340656208757 0.7306718684309033
0.5074744696612797 0.7306718684309033
0.5115148737016837 0.7306718684309033
0.5155552777420878 0.7306718684309033
0.5195956817824918 0.7306718684309033
0.5236360858228959 0.7306718684309033
0.5276764898633 0.7306718684309033
0.531716893903704 0.7306718684309033
0.535757297944108 0.7306718684309033
0.539797701984512 0.7306718684309033
0.5438381060249161 0.7306718684309033
0.5478785100653201 0.7306718684309033
0.5519189141057241 0.7306718684309033
0.5559593181461282 0.7306718684309033
0.5599997221865323 0.7306718684309033
0.5640401262269363 0.7306718684309033
0.5680805302673404 0.7306718684309033
0.5721209343077444 0.7306718684309033
0.5761613383481484 0.7306718684309033
0.5802017423885524 0.7306718684309033
0.5842421464289564 0.7306718684309033
0.5882825504693605 0.7306718684309033
0.5923229545097646 0.7306718684309033
0.5963633585501686 0.7306718684309033
0.6004037625905727 0.7306718684309033
0.6044441666309767 0.7306718684309033
0.6084845706713807 0.7306718684309033
0.6125249747117847 0.7306718684309033
0.6165653787521888 0.7306718684309033
0.6206057827925928 0.7306718684309033
0.6246461868329969 0.7306718684309033
0.628686590873401 0.7306718684309033
0.632726994913805 0.7306718684309033
0.6367673989542091 0.7306718684309033
0.640807802994613 0.7306718684309033
0.6448482070350171 0.7306718684309033
0.6488886110754211 0.7306718684309033
0.6529290151158251 0.7306718684309033
0.6569694191562292 0.7306718684309033
0.2973734595602696 0.7347122724713073
0.3014138636006737 0.7347122724713073
0.3054542676410777 0.7347122724713073
0.3094946716814817 0.7347122724713073
0.31353507572188577 0.7347122724713073
0.31757547976228984 0.7347122724713073
0.32161588380269385 0.7347122724713073
0.3256562878430979 0.7347122724713073
0.3296966918835019 0.7347122724713073
0.333737095923906 0.7347122724713073
0.33777749996431 0.7347122724713073
0.34181790400471407 0.7347122724713073
0.3458583080451181 0.7347122724713073
0.34989871208552215 0.7347122724713073
0.3539391161259262 0.7347122724713073
0.3579795201663302 0.7347122724713073
0.36201992420673423 0.7347122724713073
0.3660603282471383 0.7347122724713073
0.37010073228754237 0.7347122724713073
0.3741411363279464 0.7347122724713073
0.3781815403683504 0.7347122724713073
0.38222194440875445 0.7347122724713073
0.3862623484491585 0.7347122724713073
0.39030275248956253 0.7347122724713073
0.3943431565299666 0.7347122724713073
0.3983835605703706 0.7347122724713073
0.4024239646107747 0.7347122724713073
0.4064643686511787 0.7347122724713073
0.41050477269158275 0.7347122724713073
0.41454517673198676 0.7347122724713073
0.41858558077239083 0.7347122724713073
0.4226259848127949 0.7347122724713073
0.4266663888531989 0.7347122724713073
0.4307067928936029 0.7347122724713073
0.434747196934007 0.7347122724713073
0.43878760097441105 0.7347122724713073
0.44282800501481506 0.7347122724713073
0.4468684090552191 0.7347122724713073
0.45090881309562314 0.7347122724713073
0.4549492171360272 0.7347122724713073
0.4589896211764312 0.7347122724713073
0.4630300252168353 0.7347122724713073
0.4670704292572393 0.7347122724713073
0.47111083329764336 0.7347122724713073
0.4751512373380474 0.7347122724713073
0.47919164137845144 0.7347122724713073
0.48323204541885545 0.7347122724713073
0.4872724494592595 0.7347122724713073
0.4913128534996636 0.7347122724713073
0.4953532575400676 0.7347122724713073
0.4993936615804716 0.7347122724713073
0.5034340656208757 0.7347122724713073
0.5074744696612797 0.7347122724713073
0.5115148737016837 0.7347122724713073
0.5155552777420878 0.7347122724713073
0.5195956817824918 0.7347122724713073
0.5236360858228959 0.7347122724713073
0.5276764898633 0.7347122724713073
0.531716893903704 0.7347122724713073
0.535757297944108 0.7347122724713073
0.539797701984512 0.7347122724713073
0.5438381060249161 0.7347122724713073
0.5478785100653201 0.7347122724713073
0.5519189141057241 0.7347122724713073
0.5559593181461282 0.7347122724713073
0.5599997221865323 0.7347122724713073
0.5640401262269363 0.7347122724713073
0.5680805302673404 0.7347122724713073
0.5721209343077444 0.7347122724713073
0.5761613383481484 0.7347122724713073
0.5802017423885524 0.7347122724713073
0.5842421464289564 0.7347122724713073
0.5882825504693605 0.7347122724713073
0.5923229545097646 0.7347122724713073
0.5963633585501686 0.7347122724713073
0.6004037625905727 0.7347122724713073
0.6044441666309767 0.7347122724713073
0.6084845706713807 0.7347122724713073
0.6125249747117847 0.7347122724713073
0.6165653787521888 0.7347122724713073
0.6206057827925928 0.7347122724713073
0.6246461868329969 0.7347122724713073
0.628686590873401 0.7347122724713073
0.632726994913805 0.7347122724713073
0.6367673989542091 0.7347122724713073
0.640807802994613 0.7347122724713073
0.6448482070350171 0.7347122724713073
0.6488886110754211 0.7347122724713073
0.6529290151158251 0.7347122724713073
0.6973734595602696 0.7347122724713073
0.2973734595602696 0.7387526765117113
0.3014138636006737 0.7387526765117113
0.3054542676410777 0.7387526765117113
0.3094946716814817 0.7387526765117113
0.31353507572188577 0.7387526765117113
0.31757547976228984 0.7387526765117113
0.32161588380269385 0.7387526765117113
0.3256562878430979 0.7387526765117113
0.3296966918835019 0.7387526765117113
0.333737095923906 0.7387526765117113
0.33777749996431 0.7387526765117113
0.34181790400471407 0.7387526765117113
0.3458583080451181 0.7387526765117113
0.34989871208552215 0.7387526765117113
0.3539391161259262 0.7387526765117113
0.3579795201663302 0.7387526765117113
0.36201992420673423 0.7387526765117113
0.3660603282471383 0.7387526765117113
0.37010073228754237 0.7387526765117113
0.3741411363279464 0.7387526765117113
0.3781815403683504 0.7387526765117113
0.38222194440875445 0.7387526765117113
0.3862623484491585 0.7387526765117113
0.39030275248956253 0.7387526765117113
0.3943431565299666 0.7387526765117113
0.3983835605703706 0.7387526765117113
0.4024239646107747 0.7387526765117113
0.4064643686511787 0.7387526765117113
0.41050477269158275 0.7387526765117113
0.41454517673198676 0.7387526765117113
0.41858558077239083 0.7387526765117113
0.4226259848127949 0.7387526765117113
0.4266663888531989 0.7387526765117113
0.4307067928936029 0.7387526765117113
0.434747196934007 0.7387526765117113
0.43878760097441105 0.7387526765117113
0.44282800501481506 0.7387526765117113
0.4468684090552191 0.7387526765117113
0.45090881309562314 0.7387526765117113
0.4549492171360272 0.7387526765117113
0.4589896211764312 0.7387526765117113
0.4630300252168353 0.7387526765117113
0.4670704292572393 0.7387526765117113
0.47111083329764336 0.7387526765117113
0.4751512373380474 0.7387526765117113
0.47919164137845144 0.7387526765117113
0.48323204541885545 0.7387526765117113
0.4872724494592595 0.7387526765117113
0.4913128534996636 0.7387526765117113
0.4953532575400676 0.7387526765117113
0.4993936615804716 0.7387526765117113
0.5034340656208757 0.7387526765117113
0.5074744696612797 0.7387526765117113
0.5115148737016837 0.7387526765117113
0.5155552777420878 0.7387526765117113
0.5195956817824918 0.7387526765117113
0.5236360858228959 0.7387526765117113
0.5276764898633 0.7387526765117113
0.531716893903704 0.7387526765117113
0.535757297944108 0.7387526765117113
0.539797701984512 0.7387526765117113
0.5438381060249161 0.7387526765117113
0.5478785100653201 0.7387526765117113
0.5519189141057241 0.7387526765117113
0.5559593181461282 0.7387526765117113
0.5599997221865323 0.7387526765117113
0.5640401262269363 0.7387526765117113
0.5680805302673404 0.7387526765117113
0.5721209343077444 0.7387526765117113
0.5761613383481484 0.7387526765117113
0.5802017423885524 0.7387526765117113
0.5842421464289564 0.7387526765117113
0.5882825504693605 0.7387526765117113
0.5923229545097646 0.7387526765117113
0.5963633585501686 0.7387526765117113
0.6004037625905727 0.7387526765117113
0.6044441666309767 0.7387526765117113
0.6084845706713807 0.7387526765117113
0.6125249747117847 0.7387526765117113
0.6165653787521888 0.7387526765117113
0.6206057827925928 0.7387526765117113
0.6246461868329969 0.7387526765117113
0.628686590873401 0.7387526765117113
0.632726994913805 0.7387526765117113
0.6367673989542091 0.7387526765117113
0.640807802994613 0.7387526765117113
0.6448482070350171 0.7387526765117113
0.6933330555198656 0.7387526765117113
0.6973734595602696 0.7387526765117113
0.2973734595602696 0.7427930805521153
0.3014138636006737 0.7427930805521153
0.3054542676410777 0.7427930805521153
0.3094946716814817 0.7427930805521153
0.31353507572188577 0.7427930805521153
0.31757547976228984 0.7427930805521153
0.32161588380269385 0.7427930805521153
0.3256562878430979 0.7427930805521153
0.3296966918835019 0.7427930805521153
0.333737095923906 0.7427930805521153
0.33777749996431 0.7427930805521153
0.34181790400471407 0.7427930805521153
0.3458583080451181 0.7427930805521153
0.34989871208552215 0.7427930805521153
0.3539391161259262 0.7427930805521153
0.3579795201663302 0.7427930805521153
0.36201992420673423 0.7427930805521153
0.3660603282471383 0.7427930805521153
0.37010073228754237 0.7427930805521153
0.3741411363279464 0.7427930805521153
0.3781815403683504 0.7427930805521153
0.38222194440875445 0.7427930805521153
0.3862623484491585 0.7427930805521153
0.39030275248956253 0.7427930805521153
0.3943431565299666 0.7427930805521153
0.3983835605703706 0.7427930805521153
0.4024239646107747 0.7427930805521153
0.4064643686511787 0.7427930805521153
0.41050477269158275 0.7427930805521153
0.41454517673198676 0.7427930805521153
0.41858558077239083 0.7427930805521153
0.4226259848127949 0.7427930805521153
0.4266663888531989 0.7427930805521153
0.4307067928936029 0.7427930805521153
0.434747196934007 0.7427930805521153
0.43878760097441105 0.7427930805521153
0.44282800501481506 0.7427930805521153
0.4468684090552191 0.7427930805521153
0.45090881309562314 0.7427930805521153
0.4549492171360272 0.7427930805521153
0.4589896211764312 0.7427930805521153
0.4630300252168353 0.7427930805521153
0.4670704292572393 0.7427930805521153
0.47111083329764336 0.7427930805521153
0.4751512373380474 0.7427930805521153
0.47919164137845144 0.7427930805521153
0.48323204541885545 0.7427930805521153
0.4872724494592595 0.7427930805521153
0.4913128534996636 0.7427930805521153
0.4953532575400676 0.7427930805521153
0.4993936615804716 0.7427930805521153
0.5034340656208757 0.7427930805521153
0.5074744696612797 0.7427930805521153
0.5115148737016837 0.7427930805521153
0.5155552777420878 0.7427930805521153
0.5195956817824918 0.7427930805521153
0.5236360858228959 0.7427930805521153
0.5276764898633 0.7427930805521153
0.531716893903704 0.7427930805521153
0.535757297944108 0.7427930805521153
0.539797701984512 0.7427930805521153
0.5438381060249161 0.7427930805521153
0.5478785100653201 0.7427930805521153
0.5519189141057241 0.7427930805521153
0.5559593181461282 0.7427930805521153
0.5599997221865323 0.7427930805521153
0.5640401262269363 0.7427930805521153
0.5680805302673404 0.7427930805521153
0.5721209343077444 0.7427930805521153
0.5761613383481484 0.7427930805521153
0.5802017423885524 0.7427930805521153
0.5842421464289564 0.7427930805521153
0.5882825504693605 0.7427930805521153
0.5923229545097646 0.7427930805521153
0.5963633585501686 0.7427930805521153
0.6004037625905727 0.7427930805521153
0.6044441666309767 0.7427930805521153
0.6084845706713807 0.7427930805521153
0.6125249747117847 0.7427930805521153
0.6165653787521888 0.7427930805521153
0.6206057827925928 0.7427930805521153
0.6246461868329969 0.7427930805521153
0.628686590873401 0.7427930805521153
0.632726994913805 0.7427930805521153
0.6367673989542091 0.7427930805521153
0.640807802994613 0.7427930805521153
0.6933330555198656 0.7427930805521153
0.6973734595602696 0.7427930805521153
0.2973734595602696 0.7468334845925194
0.3014138636006737 0.7468334845925194
0.3054542676410777 0.7468334845925194
0.3094946716814817 0.7468334845925194
0.31353507572188577 0.7468334845925194
0.31757547976228984 0.7468334845925194
0.32161588380269385 0.7468334845925194
0.3256562878430979 0.7468334845925194
0.3296966918835019 0.7468334845925194
0.333737095923906 0.7468334845925194
0.33777749996431 0.7468334845925194
0.34181790400471407 0.7468334845925194
0.3458583080451181 0.7468334845925194
0.34989871208552215 0.7468334845925194
0.3539391161259262 0.7468334845925194
0.3579795201663302 0.7468334845925194
0.36201992420673423 0.7468334845925194
0.3660603282471383 0.7468334845925194
0.37010073228754237 0.7468334845925194
0.3741411363279464 0.7468334845925194
0.3781815403683504 0.7468334845925194
0.38222194440875445 0.7468334845925194
0.3862623484491585 0.7468334845925194
0.39030275248956253 0.7468334845925194
0.3943431565299666 0.7468334845925194
0.3983835605703706 0.7468334845925194
0.4024239646107747 0.7468334845925194
0.4064643686511787 0.7468334845925194
0.41050477269158275 0.7468334845925194
0.41454517673198676 0.7468334845925194
0.41858558077239083 0.7468334845925194
0.4226259848127949 0.7468334845925194
0.4266663888531989 0.7468334845925194
0.4307067928936029 0.7468334845925194
0.434747196934007 0.7468334845925194
0.43878760097441105 0.7468334845925194
0.44282800501481506 0.7468334845925194
0.4468684090552191 0.7468334845925194
0.45090881309562314 0.7468334845925194
0.4549492171360272 0.7468334845925194
0.4589896211764312 0.7468334845925194
0.4630300252168353 0.7468334845925194
0.4670704292572393 0.7468334845925194
0.47111083329764336 0.7468334845925194
0.4751512373380474 0.7468334845925194
0.47919164137845144 0.7468334845925194
0.48323204541885545 0.7468334845925194
0.4872724494592595 0.7468334845925194
0.4913128534996636 0.7468334845925194
0.4953532575400676 0.7468334845925194
0.4993936615804716 0.7468334845925194
0.5034340656208757 0.7468334845925194
0.5074744696612797 0.7468334845925194
0.5115148737016837 0.7468334845925194
0.5155552777420878 0.7468334845925194
0.5195956817824918 0.7468334845925194
0.5236360858228959 0.7468334845925194
0.5276764898633 0.7468334845925194
0.531716893903704 0.7468334845925194
0.535757297944108 0.7468334845925194
0.539797701984512 0.7468334845925194
0.5438381060249161 0.7468334845925194
0.5478785100653201 0.7468334845925194
0.5519189141057241 0.7468334845925194
0.5559593181461282 0.7468334845925194
0.5599997221865323 0.7468334845925194
0.5640401262269363 0.7468334845925194
0.5680805302673404 0.7468334845925194
0.5721209343077444 0.7468334845925194
0.5761613383481484 0.7468334845925194
0.5802017423885524 0.7468334845925194
0.5842421464289564 0.7468334845925194
0.5882825504693605 0.7468334845925194
0.5923229545097646 0.7468334845925194
0.5963633585501686 0.7468334845925194
0.6004037625905727 0.7468334845925194
0.6044441666309767 0.7468334845925194
0.6084845706713807 0.7468334845925194
0.6125249747117847 0.7468334845925194
0.6165653787521888 0.7468334845925194
0.6206057827925928 0.7468334845925194
0.6246461868329969 0.7468334845925194
0.628686590873401 0.7468334845925194
0.632726994913805 0.7468334845925194
0.6367673989542091 0.7468334845925194
0.6852522474390574 0.7468334845925194
0.6892926514794615 0.7468334845925194
0.6933330555198656 0.7468334845925194
0.6973734595602696 0.7468334845925194
0.2973734595602696 0.7508738886329235
0.3014138636006737 0.7508738886329235
0.3054542676410777 0.7508738886329235
0.3094946716814817 0.7508738886329235
0.31353507572188577 0.7508738886329235
0.31757547976228984 0.7508738886329235
0.32161588380269385 0.7508738886329235
0.3256562878430979 0.7508738886329235
0.3296966918835019 0.7508738886329235
0.333737095923906 0.7508738886329235
0.33777749996431 0.7508738886329235
0.34181790400471407 0.7508738886329235
0.3458583080451181 0.7508738886329235
0.34989871208552215 0.7508738886329235
0.3539391161259262 0.7508738886329235
0.3579795201663302 0.7508738886329235
0.36201992420673423 0.7508738886329235
0.3660603282471383 0.7508738886329235
0.37010073228754237 0.7508738886329235
0.3741411363279464 0.7508738886329235
0.3781815403683504 0.7508738886329235
0.38222194440875445 0.7508738886329235
0.3862623484491585 0.7508738886329235
0.39030275248956253 0.7508738886329235
0.3943431565299666 0.7508738886329235
0.3983835605703706 0.7508738886329235
0.4024239646107747 0.7508738886329235
0.4064643686511787 0.7508738886329235
0.41050477269158275 0.7508738886329235
0.41454517673198676 0.7508738886329235
0.41858558077239083 0.7508738886329235
0.4226259848127949 0.7508738886329235
0.4266663888531989 0.7508738886329235
0.4307067928936029 0.7508738886329235
0.434747196934007 0.7508738886329235
0.43878760097441105 0.7508738886329235
0.44282800501481506 0.7508738886329235
0.4468684090552191 0.7508738886329235
0.45090881309562314 0.7508738886329235
0.4549492171360272 0.7508738886329235
0.4589896211764312 0.7508738886329235
0.4630300252168353 0.7508738886329235
0.4670704292572393 0.7508738886329235
0.47111083329764336 0.7508738886329235
0.4751512373380474 0.7508738886329235
0.47919164137845144 0.7508738886329235
0.48323204541885545 0.7508738886329235
0.4872724494592595 0.7508738886329235
0.4913128534996636 0.7508738886329235
0.4953532575400676 0.7508738886329235
0.4993936615804716 0.7508738886329235
0.5034340656208757 0.7508738886329235
0.5074744696612797 0.7508738886329235
0.5115148737016837 0.7508738886329235
0.5155552777420878 0.7508738886329235
0.5195956817824918 0.7508738886329235
0.5236360858228959 0.7508738886329235
0.5276764898633 0.7508738886329235
0.531716893903704 0.7508738886329235
0.535757297944108 0.7508738886329235
0.539797701984512 0.7508738886329235
0.5438381060249161 0.7508738886329235
0.5478785100653201 0.7508738886329235
0.5519189141057241 0.7508738886329235
0.5559593181461282 0.7508738886329235
0.5599997221865323 0.7508738886329235
0.5640401262269363 0.7508738886329235
0.5680805302673404 0.7508738886329235
0.5721209343077444 0.7508738886329235
0.5761613383481484 0.7508738886329235
0.5802017423885524 0.7508738886329235
0.5842421464289564 0.7508738886329235
0.5882825504693605 0.7508738886329235
0.5923229545097646 0.7508738886329235
0.5963633585501686 0.7508738886329235
0.6004037625905727 0.7508738886329235
0.6044441666309767 0.7508738886329235
0.6084845706713807 0.7508738886329235
0.6125249747117847 0.7508738886329235
0.6165653787521888 0.7508738886329235
0.6206057827925928 0.7508738886329235
0.6246461868329969 0.7508738886329235
0.628686590873401 0.7508738886329235
0.632726994913805 0.7508738886329235
0.6812118433986534 0.7508738886329235
0.6852522474390574 0.7508738886329235
0.6892926514794615 0.7508738886329235
0.6933330555198656 0.7508738886329235
0.6973734595602696 0.7508738886329235
0.2973734595602696 0.7549142926733274
0.3014138636006737 0.7549142926733274
0.3054542676410777 0.7549142926733274
0.3094946716814817 0.7549142926733274
0.31353507572188577 0.7549142926733274
0.31757547976228984 0.7549142926733274
0.32161588380269385 0.7549142926733274
0.3256562878430979 0.7549142926733274
0.3296966918835019 0.7549142926733274
0.333737095923906 0.7549142926733274
0.33777749996431 0.7549142926733274
0.34181790400471407 0.7549142926733274
0.3458583080451181 0.7549142926733274
0.34989871208552215 0.7549142926733274
0.3539391161259262 0.7549142926733274
0.3579795201663302 0.7549142926733274
0.36201992420673423 0.7549142926733274
0.3660603282471383 0.7549142926733274
0.37010073228754237 0.7549142926733274
0.3741411363279464 0.7549142926733274
0.3781815403683504 0.7549142926733274
0.38222194440875445 0.7549142926733274
0.3862623484491585 0.7549142926733274
0.39030275248956253 0.7549142926733274
0.3943431565299666 0.7549142926733274
0.3983835605703706 0.7549142926733274
0.4024239646107747 0.7549142926733274
0.4064643686511787 0.7549142926733274
0.41050477269158275 0.7549142926733274
0.41454517673198676 0.7549142926733274
0.41858558077239083 0.7549142926733274
0.4226259848127949 0.7549142926733274
0.4266663888531989 0.7549142926733274
0.4307067928936029 0.7549142926733274
0.434747196934007 0.7549142926733274
0.43878760097441105 0.7549142926733274
0.44282800501481506 0.7549142926733274
0.4468684090552191 0.7549142926733274
0.45090881309562314 0.7549142926733274
0.4549492171360272 0.7549142926733274
0.4589896211764312 0.7549142926733274
0.4630300252168353 0.7549142926733274
0.4670704292572393 0.7549142926733274
0.47111083329764336 0.7549142926733274
0.4751512373380474 0.7549142926733274
0.47919164137845144 0.7549142926733274
0.48323204541885545 0.7549142926733274
0.4872724494592595 0.7549142926733274
0.4913128534996636 0.7549142926733274
0.4953532575400676 0.7549142926733274
0.4993936615804716 0.7549142926733274
0.5034340656208757 0.7549142926733274
0.5074744696612797 0.7549142926733274
0.5115148737016837 0.7549142926733274
0.5155552777420878 0.7549142926733274
0.5195956817824918 0.7549142926733274
0.5236360858228959 0.7549142926733274
0.5276764898633 0.7549142926733274
0.531716893903704 0.7549142926733274
0.535757297944108 0.7549142926733274
0.539797701984512 0.7549142926733274
0.5438381060249161 0.7549142926733274
0.5478785100653201 0.7549142926733274
0.5519189141057241 0.7549142926733274
0.5559593181461282 0.7549142926733274
0.5599997221865323 0.7549142926733274
0.5640401262269363 0.7549142926733274
0.5680805302673404 0.7549142926733274
0.5721209343077444 0.7549142926733274
0.5761613383481484 0.7549142926733274
0.5802017423885524 0.7549142926733274
0.5842421464289564 0.7549142926733274
0.5882825504693605 0.7549142926733274
0.5923229545097646 0.7549142926733274
0.5963633585501686 0.7549142926733274
0.6004037625905727 0.7549142926733274
0.6044441666309767 0.7549142926733274
0.6084845706713807 0.7549142926733274
0.6125249747117847 0.7549142926733274
0.6165653787521888 0.7549142926733274
0.6206057827925928 0.7549142926733274
0.6246461868329969 0.7549142926733274
0.628686590873401 0.7549142926733274
0.6812118433986534 0.7549142926733274
0.6852522474390574 0.7549142926733274
0.6892926514794615 0.7549142926733274
0.6933330555198656 0.7549142926733274
0.6973734595602696 0.7549142926733274
0.2973734595602696 0.7589546967137315
0.3014138636006737 0.7589546967137315
0.3054542676410777 0.7589546967137315
0.3094946716814817 0.7589546967137315
0.31353507572188577 0.7589546967137315
0.31757547976228984 0.7589546967137315
0.32161588380269385 0.7589546967137315
0.3256562878430979 0.7589546967137315
0.3296966918835019 0.7589546967137315
0.333737095923906 0.7589546967137315
0.33777749996431 0.7589546967137315
0.34181790400471407 0.7589546967137315
0.3458583080451181 0.7589546967137315
0.34989871208552215 0.7589546967137315
0.3539391161259262 0.7589546967137315
0.3579795201663302 0.7589546967137315
0.36201992420673423 0.7589546967137315
0.3660603282471383 0.7589546967137315
0.37010073228754237 0.7589546967137315
0.3741411363279464 0.7589546967137315
0.3781815403683504 0.7589546967137315
0.38222194440875445 0.7589546967137315
0.3862623484491585 0.7589546967137315
0.39030275248956253 0.7589546967137315
0.3943431565299666 0.7589546967137315
0.3983835605703706 0.7589546967137315
0.4024239646107747 0.7589546967137315
0.4064643686511787 0.7589546967137315
0.41050477269158275 0.7589546967137315
0.41454517673198676 0.7589546967137315
0.41858558077239083 0.7589546967137315
0.4226259848127949 0.7589546967137315
0.4266663888531989 0.7589546967137315
0.4307067928936029 0.7589546967137315
0.434747196934007 0.7589546967137315
0.43878760097441105 0.7589546967137315
0.44282800501481506 0.7589546967137315
0.4468684090552191 0.7589546967137315
0.45090881309562314 0.7589546967137315
0.4549492171360272 0.7589546967137315
0.4589896211764312 0.7589546967137315
0.4630300252168353 0.7589546967137315
0.4670704292572393 0.7589546967137315
0.47111083329764336 0.7589546967137315
0.4751512373380474 0.7589546967137315
0.47919164137845144 0.7589546967137315
0.48323204541885545 0.7589546967137315
0.4872724494592595 0.7589546967137315
0.4913128534996636 0.7589546967137315
0.4953532575400676 0.7589546967137315
0.4993936615804716 0.7589546967137315
0.5034340656208757 0.7589546967137315
0.5074744696612797 0.7589546967137315
0.5115148737016837 0.7589546967137315
0.5155552777420878 0.7589546967137315
0.5195956817824918 0.7589546967137315
0.5236360858228959 0.7589546967137315
0.5276764898633 0.7589546967137315
0.531716893903704 0.7589546967137315
0.535757297944108 0.7589546967137315
0.539797701984512 0.7589546967137315
0.5438381060249161 0.7589546967137315
0.5478785100653201 0.7589546967137315
0.5519189141057241 0.7589546967137315
0.5559593181461282 0.7589546967137315
0.5599997221865323 0.7589546967137315
0.5640401262269363 0.7589546967137315
0.5680805302673404 0.7589546967137315
0.5721209343077444 0.7589546967137315
0.5761613383481484 0.7589546967137315
0.5802017423885524 0.7589546967137315
0.5842421464289564 0.7589546967137315
0.5882825504693605 0.7589546967137315
0.5923229545097646 0.7589546967137315
0.5963633585501686 0.7589546967137315
0.6004037625905727 0.7589546967137315
0.6044441666309767 0.7589546967137315
0.6084845706713807 0.7589546967137315
0.6125249747117847 0.7589546967137315
0.6165653787521888 0.7589546967137315
0.6206057827925928 0.7589546967137315
0.6246461868329969 0.7589546967137315
0.6731310353178453 0.7589546967137315
0.6771714393582494 0.7589546967137315
0.6812118433986534 0.7589546967137315
0.6852522474390574 0.7589546967137315
0.6892926514794615 0.7589546967137315
0.6933330555198656 0.7589546967137315
0.6973734595602696 0.7589546967137315
0.2973734595602696 0.7629951007541356
0.3014138636006737 0.7629951007541356
0.3054542676410777 0.7629951007541356
0.3094946716814817 0.7629951007541356
0.31353507572188577 0.7629951007541356
0.31757547976228984 0.7629951007541356
0.32161588380269385 0.7629951007541356
0.3256562878430979 0.7629951007541356
0.3296966918835019 0.7629951007541356
0.333737095923906 0.7629951007541356
0.33777749996431 0.7629951007541356
0.34181790400471407 0.7629951007541356
0.3458583080451181 0.7629951007541356
0.34989871208552215 0.7629951007541356
0.3539391161259262 0.7629951007541356
0.3579795201663302 0.7629951007541356
0.36201992420673423 0.7629951007541356
0.3660603282471383 0.7629951007541356
0.37010073228754237 0.7629951007541356
0.3741411363279464 0.7629951007541356
0.3781815403683504 0.7629951007541356
0.38222194440875445 0.7629951007541356
0.3862623484491585 0.7629951007541356
0.39030275248956253 0.7629951007541356
0.3943431565299666 0.7629951007541356
0.3983835605703706 0.7629951007541356
0.4024239646107747 0.7629951007541356
0.4064643686511787 0.7629951007541356
0.41050477269158275 0.7629951007541356
0.41454517673198676 0.7629951007541356
0.41858558077239083 0.7629951007541356
0.4226259848127949 0.7629951007541356
0.4266663888531989 0.7629951007541356
0.4307067928936029 0.7629951007541356
0.434747196934007 0.7629951007541356
0.43878760097441105 0.7629951007541356
0.44282800501481506 0.7629951007541356
0.4468684090552191 0.7629951007541356
0.45090881309562314 0.7629951007541356
0.4549492171360272 0.7629951007541356
0.4589896211764312 0.7629951007541356
0.4630300252168353 0.7629951007541356
0.4670704292572393 0.7629951007541356
0.47111083329764336 0.7629951007541356
0.4751512373380474 0.7629951007541356
0.47919164137845144 0.7629951007541356
0.48323204541885545 0.7629951007541356
0.4872724494592595 0.7629951007541356
0.4913128534996636 0.7629951007541356
0.4953532575400676 0.7629951007541356
0.4993936615804716 0.7629951007541356
0.5034340656208757 0.7629951007541356
0.5074744696612797 0.7629951007541356
0.5115148737016837 0.7629951007541356
0.5155552777420878 0.7629951007541356
0.5195956817824918 0.7629951007541356
0.5236360858228959 0.7629951007541356
0.5276764898633 0.7629951007541356
0.531716893903704 0.7629951007541356
0.535757297944108 0.7629951007541356
0.539797701984512 0.7629951007541356
0.5438381060249161 0.7629951007541356
0.5478785100653201 0.7629951007541356
0.5519189141057241 0.7629951007541356
0.5559593181461282 0.7629951007541356
0.5599997221865323 0.7629951007541356
0.5640401262269363 0.7629951007541356
0.5680805302673404 0.7629951007541356
0.5721209343077444 0.7629951007541356
0.5761613383481484 0.7629951007541356
0.5802017423885524 0.7629951007541356
0.5842421464289564 0.7629951007541356
0.5882825504693605 0.7629951007541356
0.5923229545097646 0.7629951007541356
0.5963633585501686 0.7629951007541356
0.6004037625905727 0.7629951007541356
0.6044441666309767 0.7629951007541356
0.6084845706713807 0.7629951007541356
0.6125249747117847 0.7629951007541356
0.6690906312774414 0.7629951007541356
0.6731310353178453 0.7629951007541356
0.6771714393582494 0.7629951007541356
0.6812118433986534 0.7629951007541356
0.6852522474390574 0.7629951007541356
0.6892926514794615 0.7629951007541356
0.6933330555198656 0.7629951007541356
0.6973734595602696 0.7629951007541356
0.2973734595602696 0.7670355047945396
0.3014138636006737 0.7670355047945396
0.3054542676410777 0.7670355047945396
0.3094946716814817 0.7670355047945396
0.31353507572188577 0.7670355047945396
0.31757547976228984 0.7670355047945396
0.32161588380269385 0.7670355047945396
0.3256562878430979 0.7670355047945396
0.3296966918835019 0.7670355047945396
0.333737095923906 0.7670355047945396
0.33777749996431 0.7670355047945396
0.34181790400471407 0.7670355047945396
0.3458583080451181 0.7670355047945396
0.34989871208552215 0.7670355047945396
0.3539391161259262 0.7670355047945396
0.3579795201663302 0.7670355047945396
0.36201992420673423 0.7670355047945396
0.3660603282471383 0.7670355047945396
0.37010073228754237 0.7670355047945396
0.3741411363279464 0.7670355047945396
0.3781815403683504 0.7670355047945396
0.38222194440875445 0.7670355047945396
0.3862623484491585 0.7670355047945396
0.39030275248956253 0.7670355047945396
0.3943431565299666 0.7670355047945396
0.3983835605703706 0.7670355047945396
0.4024239646107747 0.7670355047945396
0.4064643686511787 0.7670355047945396
0.41050477269158275 0.7670355047945396
0.41454517673198676 0.7670355047945396
0.41858558077239083 0.7670355047945396
0.4226259848127949 0.7670355047945396
0.4266663888531989 0.7670355047945396
0.4307067928936029 0.7670355047945396
0.434747196934007 0.7670355047945396
0.43878760097441105 0.7670355047945396
0.44282800501481506 0.7670355047945396
0.4468684090552191 0.7670355047945396
0.45090881309562314 0.7670355047945396
0.4549492171360272 0.7670355047945396
0.4589896211764312 0.7670355047945396
0.4630300252168353 0.7670355047945396
0.4670704292572393 0.7670355047945396
0.47111083329764336 0.7670355047945396
0.4751512373380474 0.7670355047945396
0.47919164137845144 0.7670355047945396
0.48323204541885545 0.7670355047945396
0.4872724494592595 0.7670355047945396
0.4913128534996636 0.7670355047945396
0.4953532575400676 0.7670355047945396
0.4993936615804716 0.7670355047945396
0.5034340656208757 0.7670355047945396
0.5074744696612797 0.7670355047945396
0.5115148737016837 0.7670355047945396
0.5155552777420878 0.7670355047945396
0.5195956817824918 0.7670355047945396
0.5236360858228959 0.7670355047945396
0.5276764898633 0.7670355047945396
0.531716893903704 0.7670355047945396
0.535757297944108 0.7670355047945396
0.539797701984512 0.7670355047945396
0.5438381060249161 0.7670355047945396
0.5478785100653201 0.7670355047945396
0.5519189141057241 0.7670355047945396
0.5559593181461282 0.7670355047945396
0.5599997221865323 0.7670355047945396
0.5640401262269363 0.7670355047945396
0.5680805302673404 0.7670355047945396
0.5721209343077444 0.7670355047945396
0.5761613383481484 0.7670355047945396
0.5802017423885524 0.7670355047945396
0.5842421464289564 0.7670355047945396
0.5882825504693605 0.7670355047945396
0.5923229545097646 0.7670355047945396
0.5963633585501686 0.7670355047945396
0.6004037625905727 0.7670355047945396
0.6044441666309767 0.7670355047945396
0.6084845706713807 0.7670355047945396
0.6125249747117847 0.7670355047945396
0.6650502272370373 0.7670355047945396
0.6690906312774414 0.7670355047945396
0.6731310353178453 0.7670355047945396
0.6771714393582494 0.7670355047945396
0.6812118433986534 0.7670355047945396
0.6852522474390574 0.7670355047945396
0.6892926514794615 0.7670355047945396
0.6933330555198656 0.7670355047945396
0.6973734595602696 0.7670355047945396
0.2973734595602696 0.7710759088349436
0.3014138636006737 0.7710759088349436
0.3054542676410777 0.7710759088349436
0.3094946716814817 0.7710759088349436
0.31353507572188577 0.7710759088349436
0.31757547976228984 0.7710759088349436
0.32161588380269385 0.7710759088349436
0.3256562878430979 0.7710759088349436
0.3296966918835019 0.7710759088349436
0.333737095923906 0.7710759088349436
0.33777749996431 0.7710759088349436
0.34181790400471407 0.7710759088349436
0.3458583080451181 0.7710759088349436
0.34989871208552215 0.7710759088349436
0.3539391161259262 0.7710759088349436
0.3579795201663302 0.7710759088349436
0.36201992420673423 0.7710759088349436
0.3660603282471383 0.7710759088349436
0.37010073228754237 0.7710759088349436
0.3741411363279464 0.7710759088349436
0.3781815403683504 0.7710759088349436
0.38222194440875445 0.7710759088349436
0.3862623484491585 0.7710759088349436
0.39030275248956253 0.7710759088349436
0.3943431565299666 0.7710759088349436
0.3983835605703706 0.7710759088349436
0.4024239646107747 0.7710759088349436
0.4064643686511787 0.7710759088349436
0.41050477269158275 0.7710759088349436
0.41454517673198676 0.7710759088349436
0.41858558077239083 0.7710759088349436
0.4226259848127949 0.7710759088349436
0.4266663888531989 0.7710759088349436
0.4307067928936029 0.7710759088349436
0.434747196934007 0.7710759088349436
0.43878760097441105 0.7710759088349436
0.44282800501481506 0.7710759088349436
0.4468684090552191 0.7710759088349436
0.45090881309562314 0.7710759088349436
0.4549492171360272 0.7710759088349436
0.4589896211764312 0.7710759088349436
0.4630300252168353 0.7710759088349436
0.4670704292572393 0.7710759088349436
0.47111083329764336 0.7710759088349436
0.4751512373380474 0.7710759088349436
0.47919164137845144 0.7710759088349436
0.48323204541885545 0.7710759088349436
0.4872724494592595 0.7710759088349436
0.4913128534996636 0.7710759088349436
0.4953532575400676 0.7710759088349436
0.4993936615804716 0.7710759088349436
0.5034340656208757 0.7710759088349436
0.5074744696612797 0.7710759088349436
0.5115148737016837 0.7710759088349436
0.5155552777420878 0.7710759088349436
0.5195956817824918 0.7710759088349436
0.5236360858228959 0.7710759088349436
0.5276764898633 0.7710759088349436
0.531716893903704 0.7710759088349436
0.535757297944108 0.7710759088349436
0.539797701984512 0.7710759088349436
0.5438381060249161 0.7710759088349436
0.5478785100653201 0.7710759088349436
0.5519189141057241 0.7710759088349436
0.5559593181461282 0.7710759088349436
0.5599997221865323 0.7710759088349436
0.5640401262269363 0.7710759088349436
0.5680805302673404 0.7710759088349436
0.5721209343077444 0.7710759088349436
0.5761613383481484 0.7710759088349436
0.5802017423885524 0.7710759088349436
0.5842421464289564 0.7710759088349436
0.5882825504693605 0.7710759088349436
0.5923229545097646 0.7710759088349436
0.5963633585501686 0.7710759088349436
0.6004037625905727 0.7710759088349436
0.6044441666309767 0.7710759088349436
0.6084845706713807 0.7710759088349436
0.6569694191562292 0.7710759088349436
0.6610098231966333 0.7710759088349436
0.6650502272370373 0.7710759088349436
0.6690906312774414 0.7710759088349436
0.6731310353178453 0.7710759088349436
0.6771714393582494 0.7710759088349436
0.6812118433986534 0.7710759088349436
0.6852522474390574 0.7710759088349436
0.6892926514794615 0.7710759088349436
0.6933330555198656 0.7710759088349436
0.6973734595602696 0.7710759088349436
0.2973734595602696 0.7751163128753477
0.3014138636006737 0.7751163128753477
0.3054542676410777 0.7751163128753477
0.3094946716814817 0.7751163128753477
0.31353507572188577 0.7751163128753477
0.31757547976228984 0.7751163128753477
0.32161588380269385 0.7751163128753477
0.3256562878430979 0.7751163128753477
0.3296966918835019 0.7751163128753477
0.333737095923906 0.7751163128753477
0.33777749996431 0.7751163128753477
0.34181790400471407 0.7751163128753477
0.3458583080451181 0.7751163128753477
0.34989871208552215 0.7751163128753477
0.3539391161259262 0.7751163128753477
0.3579795201663302 0.7751163128753477
0.36201992420673423 0.7751163128753477
0.3660603282471383 0.7751163128753477
0.37010073228754237 0.7751163128753477
0.3741411363279464 0.7751163128753477
0.3781815403683504 0.7751163128753477
0.38222194440875445 0.7751163128753477
0.3862623484491585 0.7751163128753477
0.39030275248956253 0.7751163128753477
0.3943431565299666 0.7751163128753477
0.3983835605703706 0.7751163128753477
0.4024239646107747 0.7751163128753477
0.4064643686511787 0.7751163128753477
0.41050477269158275 0.7751163128753477
0.41454517673198676 0.7751163128753477
0.41858558077239083 0.7751163128753477
0.4226259848127949 0.7751163128753477
0.4266663888531989 0.7751163128753477
0.4307067928936029 0.7751163128753477
0.434747196934007 0.7751163128753477
0.43878760097441105 0.7751163128753477
0.44282800501481506 0.7751163128753477
0.4468684090552191 0.7751163128753477
0.45090881309562314 0.7751163128753477
0.4549492171360272 0.7751163128753477
0.4589896211764312 0.7751163128753477
0.4630300252168353 0.7751163128753477
0.4670704292572393 0.7751163128753477
0.47111083329764336 0.7751163128753477
0.4751512373380474 0.7751163128753477
0.47919164137845144 0.7751163128753477
0.48323204541885545 0.7751163128753477
0.4872724494592595 0.7751163128753477
0.4913128534996636 0.7751163128753477
0.4953532575400676 0.7751163128753477
0.4993936615804716 0.7751163128753477
0.5034340656208757 0.7751163128753477
0.5074744696612797 0.7751163128753477
0.5115148737016837 0.7751163128753477
0.5155552777420878 0.7751163128753477
0.5195956817824918 0.7751163128753477
0.5236360858228959 0.7751163128753477
0.5276764898633 0.7751163128753477
0.531716893903704 0.7751163128753477
0.535757297944108 0.7751163128753477
0.539797701984512 0.7751163128753477
0.5438381060249161 0.7751163128753477
0.5478785100653201 0.7751163128753477
0.5519189141057241 0.7751163128753477
0.5559593181461282 0.7751163128753477
0.5599997221865323 0.7751163128753477
0.5640401262269363 0.7751163128753477
0.5680805302673404 0.7751163128753477
0.5721209343077444 0.7751163128753477
0.5761613383481484 0.7751163128753477
0.5802017423885524 0.7751163128753477
0.5842421464289564 0.7751163128753477
0.5882825504693605 0.7751163128753477
0.5923229545097646 0.7751163128753477
0.5963633585501686 0.7751163128753477
0.6044441666309767 0.7751163128753477
0.6529290151158251 0.7751163128753477
0.6569694191562292 0.7751163128753477
0.6610098231966333 0.7751163128753477
0.6650502272370373 0.7751163128753477
0.6690906312774414 0.7751163128753477
0.6731310353178453 0.7751163128753477
0.6771714393582494 0.7751163128753477
0.6812118433986534 0.7751163128753477
0.6852522474390574 0.7751163128753477
0.6892926514794615 0.7751163128753477
0.6933330555198656 0.7751163128753477
0.6973734595602696 0.7751163128753477
0.2973734595602696 0.7791567169157517
0.3014138636006737 0.7791567169157517
0.3054542676410777 0.7791567169157517
0.3094946716814817 0.7791567169157517
0.31353507572188577 0.7791567169157517
0.31757547976228984 0.7791567169157517
0.32161588380269385 0.7791567169157517
0.3256562878430979 0.7791567169157517
0.3296966918835019 0.7791567169157517
0.333737095923906 0.7791567169157517
0.33777749996431 0.7791567169157517
0.34181790400471407 0.7791567169157517
0.3458583080451181 0.7791567169157517
0.34989871208552215 0.7791567169157517
0.3539391161259262 0.7791567169157517
0.3579795201663302 0.7791567169157517
0.36201992420673423 0.7791567169157517
0.3660603282471383 0.7791567169157517
0.37010073228754237 0.7791567169157517
0.3741411363279464 0.7791567169157517
0.3781815403683504 0.7791567169157517
0.38222194440875445 0.7791567169157517
0.3862623484491585 0.7791567169157517
0.39030275248956253 0.7791567169157517
0.3943431565299666 0.7791567169157517
0.3983835605703706 0.7791567169157517
0.4024239646107747 0.7791567169157517
0.4064643686511787 0.7791567169157517
0.41050477269158275 0.7791567169157517
0.41454517673198676 0.7791567169157517
0.41858558077239083 0.7791567169157517
0.4226259848127949 0.7791567169157517
0.4266663888531989 0.7791567169157517
0.4307067928936029 0.7791567169157517
0.434747196934007 0.7791567169157517
0.43878760097441105 0.7791567169157517
0.44282800501481506 0.7791567169157517
0.4468684090552191 0.7791567169157517
0.45090881309562314 0.7791567169157517
0.4549492171360272 0.7791567169157517
0.4589896211764312 0.7791567169157517
0.4630300252168353 0.7791567169157517
0.4670704292572393 0.7791567169157517
0.47111083329764336 0.7791567169157517
0.4751512373380474 0.7791567169157517
0.47919164137845144 0.7791567169157517
0.48323204541885545 0.7791567169157517
0.4872724494592595 0.7791567169157517
0.4913128534996636 0.7791567169157517
0.4953532575400676 0.7791567169157517
0.4993936615804716 0.7791567169157517
0.5034340656208757 0.7791567169157517
0.5074744696612797 0.7791567169157517
0.5115148737016837 0.7791567169157517
0.5155552777420878 0.7791567169157517
0.5195956817824918 0.7791567169157517
0.5236360858228959 0.7791567169157517
0.5276764898633 0.7791567169157517
0.531716893903704 0.7791567169157517
0.535757297944108 0.7791567169157517
0.539797701984512 0.7791567169157517
0.5438381060249161 0.7791567169157517
0.5478785100653201 0.7791567169157517
0.5519189141057241 0.7791567169157517
0.5559593181461282 0.7791567169157517
0.5599997221865323 0.7791567169157517
0.5640401262269363 0.7791567169157517
0.5680805302673404 0.7791567169157517
0.5721209343077444 0.7791567169157517
0.5761613383481484 0.7791567169157517
0.5802017423885524 0.7791567169157517
0.5842421464289564 0.7791567169157517
0.5882825504693605 0.7791567169157517
0.5923229545097646 0.7791567169157517
0.5963633585501686 0.7791567169157517
0.6488886110754211 0.7791567169157517
0.6529290151158251 0.7791567169157517
0.6569694191562292 0.7791567169157517
0.6610098231966333 0.7791567169157517
0.6650502272370373 0.7791567169157517
0.6690906312774414 0.7791567169157517
0.6731310353178453 0.7791567169157517
0.6771714393582494 0.7791567169157517
0.6812118433986534 0.7791567169157517
0.6852522474390574 0.7791567169157517
0.6892926514794615 0.7791567169157517
0.6933330555198656 0.7791567169157517
0.6973734595602696 0.7791567169157517
0.2973734595602696 0.7831971209561558
0.3014138636006737 0.7831971209561558
0.3054542676410777 0.7831971209561558
0.3094946716814817 0.7831971209561558
0.31353507572188577 0.7831971209561558
0.31757547976228984 0.7831971209561558
0.32161588380269385 0.7831971209561558
0.3256562878430979 0.7831971209561558
0.3296966918835019 0.7831971209561558
0.333737095923906 0.7831971209561558
0.33777749996431 0.7831971209561558
0.34181790400471407 0.7831971209561558
0.3458583080451181 0.7831971209561558
0.34989871208552215 0.7831971209561558
0.3539391161259262 0.7831971209561558
0.3579795201663302 0.7831971209561558
0.36201992420673423 0.7831971209561558
0.3660603282471383 0.7831971209561558
0.37010073228754237 0.7831971209561558
0.3741411363279464 0.7831971209561558
0.3781815403683504 0.7831971209561558
0.38222194440875445 0.7831971209561558
0.3862623484491585 0.7831971209561558
0.39030275248956253 0.7831971209561558
0.3943431565299666 0.7831971209561558
0.3983835605703706 0.7831971209561558
0.4024239646107747 0.7831971209561558
0.4064643686511787 0.7831971209561558
0.41050477269158275 0.7831971209561558
0.41454517673198676 0.7831971209561558
0.41858558077239083 0.7831971209561558
0.4226259848127949 0.7831971209561558
0.4266663888531989 0.7831971209561558
0.4307067928936029 0.7831971209561558
0.434747196934007 0.7831971209561558
0.43878760097441105 0.7831971209561558
0.44282800501481506 0.7831971209561558
0.4468684090552191 0.7831971209561558
0.45090881309562314 0.7831971209561558
0.4549492171360272 0.7831971209561558
0.4589896211764312 0.7831971209561558
0.4630300252168353 0.7831971209561558
0.4670704292572393 0.7831971209561558
0.47111083329764336 0.7831971209561558
0.4751512373380474 0.7831971209561558
0.47919164137845144 0.7831971209561558
0.48323204541885545 0.7831971209561558
0.4872724494592595 0.7831971209561558
0.4913128534996636 0.7831971209561558
0.4953532575400676 0.7831971209561558
0.4993936615804716 0.7831971209561558
0.5034340656208757 0.7831971209561558
0.5074744696612797 0.7831971209561558
0.5115148737016837 0.7831971209561558
0.5155552777420878 0.7831971209561558
0.5195956817824918 0.7831971209561558
0.5236360858228959 0.7831971209561558
0.5276764898633 0.7831971209561558
0.531716893903704 0.7831971209561558
0.535757297944108 0.7831971209561558
0.539797701984512 0.7831971209561558
0.5438381060249161 0.7831971209561558
0.5478785100653201 0.7831971209561558
0.5519189141057241 0.7831971209561558
0.5559593181461282 0.7831971209561558
0.5599997221865323 0.7831971209561558
0.5640401262269363 0.7831971209561558
0.5680805302673404 0.7831971209561558
0.5721209343077444 0.7831971209561558
0.5761613383481484 0.7831971209561558
0.5802017423885524 0.7831971209561558
0.5842421464289564 0.7831971209561558
0.5882825504693605 0.7831971209561558
0.5923229545097646 0.7831971209561558
0.6448482070350171 0.7831971209561558
0.6488886110754211 0.7831971209561558
0.6529290151158251 0.7831971209561558
0.6569694191562292 0.7831971209561558
0.6610098231966333 0.7831971209561558
0.6650502272370373 0.7831971209561558
0.6690906312774414 0.7831971209561558
0.6731310353178453 0.7831971209561558
0.6771714393582494 0.7831971209561558
0.6812118433986534 0.7831971209561558
0.6852522474390574 0.7831971209561558
0.6892926514794615 0.7831971209561558
0.6933330555198656 0.7831971209561558
0.6973734595602696 0.7831971209561558
0.2973734595602696 0.7872375249965597
0.3014138636006737 0.7872375249965597
0.3054542676410777 0.7872375249965597
0.3094946716814817 0.7872375249965597
0.31353507572188577 0.7872375249965597
0.31757547976228984 0.7872375249965597
0.32161588380269385 0.7872375249965597
0.3256562878430979 0.7872375249965597
0.3296966918835019 0.7872375249965597
0.333737095923906 0.7872375249965597
0.33777749996431 0.7872375249965597
0.34181790400471407 0.7872375249965597
0.3458583080451181 0.7872375249965597
0.34989871208552215 0.7872375249965597
0.3539391161259262 0.7872375249965597
0.3579795201663302 0.7872375249965597
0.36201992420673423 0.7872375249965597
0.3660603282471383 0.7872375249965597
0.37010073228754237 0.7872375249965597
0.3741411363279464 0.7872375249965597
0.3781815403683504 0.7872375249965597
0.38222194440875445 0.7872375249965597
0.3862623484491585 0.7872375249965597
0.39030275248956253 0.7872375249965597
0.3943431565299666 0.7872375249965597
0.3983835605703706 0.7872375249965597
0.4024239646107747 0.7872375249965597
0.4064643686511787 0.7872375249965597
0.41050477269158275 0.7872375249965597
0.41454517673198676 0.7872375249965597
0.41858558077239083 0.7872375249965597
0.4226259848127949 0.7872375249965597
0.4266663888531989 0.7872375249965597
0.4307067928936029 0.7872375249965597
0.434747196934007 0.7872375249965597
0.43878760097441105 0.7872375249965597
0.44282800501481506 0.7872375249965597
0.4468684090552191 0.7872375249965597
0.45090881309562314 0.7872375249965597
0.4549492171360272 0.7872375249965597
0.4589896211764312 0.7872375249965597
0.4630300252168353 0.7872375249965597
0.4670704292572393 0.7872375249965597
0.47111083329764336 0.7872375249965597
0.4751512373380474 0.7872375249965597
0.47919164137845144 0.7872375249965597
0.48323204541885545 0.7872375249965597
0.4872724494592595 0.7872375249965597
0.4913128534996636 0.7872375249965597
0.4953532575400676 0.7872375249965597
0.4993936615804716 0.7872375249965597
0.5034340656208757 0.7872375249965597
0.5074744696612797 0.7872375249965597
0.5115148737016837 0.7872375249965597
0.5155552777420878 0.7872375249965597
0.5195956817824918 0.7872375249965597
0.5236360858228959 0.7872375249965597
0.5276764898633 0.7872375249965597
0.531716893903704 0.7872375249965597
0.535757297944108 0.7872375249965597
0.539797701984512 0.7872375249965597
0.5438381060249161 0.7872375249965597
0.5478785100653201 0.7872375249965597
0.5519189141057241 0.7872375249965597
0.5559593181461282 0.7872375249965597
0.5599997221865323 0.7872375249965597
0.5640401262269363 0.7872375249965597
0.5680805302673404 0.7872375249965597
0.5721209343077444 0.7872375249965597
0.5761613383481484 0.7872375249965597
0.5802017423885524 0.7872375249965597
0.5842421464289564 0.7872375249965597
0.6448482070350171 0.7872375249965597
0.6488886110754211 0.7872375249965597
0.6529290151158251 0.7872375249965597
0.6569694191562292 0.7872375249965597
0.6610098231966333 0.7872375249965597
0.6650502272370373 0.7872375249965597
0.6690906312774414 0.7872375249965597
0.6731310353178453 0.7872375249965597
0.6771714393582494 0.7872375249965597
0.6812118433986534 0.7872375249965597
0.6852522474390574 0.7872375249965597
0.6892926514794615 0.7872375249965597
0.6933330555198656 0.7872375249965597
0.6973734595602696 0.7872375249965597
0.2973734595602696 0.7912779290369638
0.3014138636006737 0.7912779290369638
0.3054542676410777 0.7912779290369638
0.3094946716814817 0.7912779290369638
0.31353507572188577 0.7912779290369638
0.31757547976228984 0.7912779290369638
0.32161588380269385 0.7912779290369638
0.3256562878430979 0.7912779290369638
0.3296966918835019 0.7912779290369638
0.333737095923906 0.7912779290369638
0.33777749996431 0.7912779290369638
0.34181790400471407 0.7912779290369638
0.3458583080451181 0.7912779290369638
0.34989871208552215 0.7912779290369638
0.3539391161259262 0.7912779290369638
0.3579795201663302 0.7912779290369638
0.36201992420673423 0.7912779290369638
0.3660603282471383 0.7912779290369638
0.37010073228754237 0.7912779290369638
0.3741411363279464 0.7912779290369638
0.3781815403683504 0.7912779290369638
0.38222194440875445 0.7912779290369638
0.3862623484491585 0.7912779290369638
0.39030275248956253 0.7912779290369638
0.3943431565299666 0.7912779290369638
0.3983835605703706 0.7912779290369638
0.4024239646107747 0.7912779290369638
0.4064643686511787 0.7912779290369638
0.41050477269158275 0.7912779290369638
0.41454517673198676 0.7912779290369638
0.41858558077239083 0.7912779290369638
0.4226259848127949 0.7912779290369638
0.4266663888531989 0.7912779290369638
0.4307067928936029 0.7912779290369638
0.434747196934007 0.7912779290369638
0.43878760097441105 0.7912779290369638
0.44282800501481506 0.7912779290369638
0.4468684090552191 0.7912779290369638
0.45090881309562314 0.7912779290369638
0.4549492171360272 0.7912779290369638
0.4589896211764312 0.7912779290369638
0.4630300252168353 0.7912779290369638
0.4670704292572393 0.7912779290369638
0.47111083329764336 0.7912779290369638
0.4751512373380474 0.7912779290369638
0.47919164137845144 0.7912779290369638
0.48323204541885545 0.7912779290369638
0.4872724494592595 0.7912779290369638
0.4913128534996636 0.7912779290369638
0.4953532575400676 0.7912779290369638
0.4993936615804716 0.7912779290369638
0.5034340656208757 0.7912779290369638
0.5074744696612797 0.7912779290369638
0.5115148737016837 0.7912779290369638
0.5155552777420878 0.7912779290369638
0.5195956817824918 0.7912779290369638
0.5236360858228959 0.7912779290369638
0.5276764898633 0.7912779290369638
0.531716893903704 0.7912779290369638
0.535757297944108 0.7912779290369638
0.539797701984512 0.7912779290369638
0.5438381060249161 0.7912779290369638
0.5478785100653201 0.7912779290369638
0.5519189141057241 0.7912779290369638
0.5559593181461282 0.7912779290369638
0.5599997221865323 0.7912779290369638
0.5640401262269363 0.7912779290369638
0.5680805302673404 0.7912779290369638
0.5721209343077444 0.7912779290369638
0.5761613383481484 0.7912779290369638
0.5802017423885524 0.7912779290369638
0.632726994913805 0.7912779290369638
0.6367673989542091 0.7912779290369638
0.640807802994613 0.7912779290369638
0.6448482070350171 0.7912779290369638
0.6488886110754211 0.7912779290369638
0.6529290151158251 0.7912779290369638
0.6569694191562292 0.7912779290369638
0.6610098231966333 0.7912779290369638
0.6650502272370373 0.7912779290369638
0.6690906312774414 0.7912779290369638
0.6731310353178453 0.7912779290369638
0.6771714393582494 0.7912779290369638
0.6812118433986534 0.7912779290369638
0.6852522474390574 0.7912779290369638
0.6892926514794615 0.7912779290369638
0.6933330555198656 0.7912779290369638
0.6973734595602696 0.7912779290369638
0.2973734595602696 0.7953183330773679
0.3014138636006737 0.7953183330773679
0.3054542676410777 0.7953183330773679
0.3094946716814817 0.7953183330773679
0.31353507572188577 0.7953183330773679
0.31757547976228984 0.7953183330773679
0.32161588380269385 0.7953183330773679
0.3256562878430979 0.7953183330773679
0.3296966918835019 0.7953183330773679
0.333737095923906 0.7953183330773679
0.33777749996431 0.7953183330773679
0.34181790400471407 0.7953183330773679
0.3458583080451181 0.7953183330773679
0.34989871208552215 0.7953183330773679
0.3539391161259262 0.7953183330773679
0.3579795201663302 0.7953183330773679
0.36201992420673423 0.7953183330773679
0.3660603282471383 0.7953183330773679
0.37010073228754237 0.7953183330773679
0.3741411363279464 0.7953183330773679
0.3781815403683504 0.7953183330773679
0.38222194440875445 0.7953183330773679
0.3862623484491585 0.7953183330773679
0.39030275248956253 0.7953183330773679
0.3943431565299666 0.7953183330773679
0.3983835605703706 0.7953183330773679
0.4024239646107747 0.7953183330773679
0.4064643686511787 0.7953183330773679
0.41050477269158275 0.7953183330773679
0.41454517673198676 0.7953183330773679
0.41858558077239083 0.7953183330773679
0.4226259848127949 0.7953183330773679
0.4266663888531989 0.7953183330773679
0.4307067928936029 0.7953183330773679
0.434747196934007 0.7953183330773679
0.43878760097441105 0.7953183330773679
0.44282800501481506 0.7953183330773679
0.4468684090552191 0.7953183330773679
0.45090881309562314 0.7953183330773679
0.4549492171360272 0.7953183330773679
0.4589896211764312 0.7953183330773679
0.4630300252168353 0.7953183330773679
0.4670704292572393 0.7953183330773679
0.47111083329764336 0.7953183330773679
0.4751512373380474 0.7953183330773679
0.47919164137845144 0.7953183330773679
0.48323204541885545 0.7953183330773679
0.4872724494592595 0.7953183330773679
0.4913128534996636 0.7953183330773679
0.4953532575400676 0.7953183330773679
0.4993936615804716 0.7953183330773679
0.5034340656208757 0.7953183330773679
0.5074744696612797 0.7953183330773679
0.5115148737016837 0.7953183330773679
0.5155552777420878 0.7953183330773679
0.5195956817824918 0.7953183330773679
0.5236360858228959 0.7953183330773679
0.5276764898633 0.7953183330773679
0.531716893903704 0.7953183330773679
0.535757297944108 0.7953183330773679
0.539797701984512 0.7953183330773679
0.5438381060249161 0.7953183330773679
0.5478785100653201 0.7953183330773679
0.5519189141057241 0.7953183330773679
0.5559593181461282 0.7953183330773679
0.5599997221865323 0.7953183330773679
0.5640401262269363 0.7953183330773679
0.5680805302673404 0.7953183330773679
0.5721209343077444 0.7953183330773679
0.628686590873401 0.7953183330773679
0.632726994913805 0.7953183330773679
0.6367673989542091 0.7953183330773679
0.640807802994613 0.7953183330773679
0.6448482070350171 0.7953183330773679
0.6488886110754211 0.7953183330773679
0.6529290151158251 0.7953183330773679
0.6569694191562292 0.7953183330773679
0.6610098231966333 0.7953183330773679
0.6650502272370373 0.7953183330773679
0.6690906312774414 0.7953183330773679
0.6731310353178453 0.7953183330773679
0.6771714393582494 0.7953183330773679
0.6812118433986534 0.7953183330773679
0.6852522474390574 0.7953183330773679
0.6892926514794615 0.7953183330773679
0.6933330555198656 0.7953183330773679
0.6973734595602696 0.7953183330773679
0.2973734595602696 0.799358737117772
0.3014138636006737 0.799358737117772
0.3054542676410777 0.799358737117772
0.3094946716814817 0.799358737117772
0.31353507572188577 0.799358737117772
0.31757547976228984 0.799358737117772
0.32161588380269385 0.799358737117772
0.3256562878430979 0.799358737117772
0.3296966918835019 0.799358737117772
0.333737095923906 0.799358737117772
0.33777749996431 0.799358737117772
0.34181790400471407 0.799358737117772
0.3458583080451181 0.799358737117772
0.34989871208552215 0.799358737117772
0.3539391161259262 0.799358737117772
0.3579795201663302 0.799358737117772
0.36201992420673423 0.799358737117772
0.3660603282471383 0.799358737117772
0.37010073228754237 0.799358737117772
0.3741411363279464 0.799358737117772
0.3781815403683504 0.799358737117772
0.38222194440875445 0.799358737117772
0.3862623484491585 0.799358737117772
0.39030275248956253 0.799358737117772
0.3943431565299666 0.799358737117772
0.3983835605703706 0.799358737117772
0.4024239646107747 0.799358737117772
0.4064643686511787 0.799358737117772
0.41050477269158275 0.799358737117772
0.41454517673198676 0.799358737117772
0.41858558077239083 0.799358737117772
0.4226259848127949 0.799358737117772
0.4266663888531989 0.799358737117772
0.4307067928936029 0.799358737117772
0.434747196934007 0.799358737117772
0.43878760097441105 0.799358737117772
0.44282800501481506 0.799358737117772
0.4468684090552191 0.799358737117772
0.45090881309562314 0.799358737117772
0.4549492171360272 0.799358737117772
0.4589896211764312 0.799358737117772
0.4630300252168353 0.799358737117772
0.4670704292572393 0.799358737117772
0.47111083329764336 0.799358737117772
0.4751512373380474 0.799358737117772
0.47919164137845144 0.799358737117772
0.48323204541885545 0.799358737117772
0.4872724494592595 0.799358737117772
0.4913128534996636 0.799358737117772
0.4953532575400676 0.799358737117772
0.4993936615804716 0.799358737117772
0.5034340656208757 0.799358737117772
0.5074744696612797 0.799358737117772
0.5115148737016837 0.799358737117772
0.5155552777420878 0.799358737117772
0.5195956817824918 0.799358737117772
0.5236360858228959 0.799358737117772
0.5276764898633 0.799358737117772
0.531716893903704 0.799358737117772
0.535757297944108 0.799358737117772
0.539797701984512 0.799358737117772
0.5438381060249161 0.799358737117772
0.5478785100653201 0.799358737117772
0.5519189141057241 0.799358737117772
0.5559593181461282 0.799358737117772
0.5599997221865323 0.799358737117772
0.5640401262269363 0.799358737117772
0.5680805302673404 0.799358737117772
0.6246461868329969 0.799358737117772
0.628686590873401 0.799358737117772
0.632726994913805 0.799358737117772
0.6367673989542091 0.799358737117772
0.640807802994613 0.799358737117772
0.6448482070350171 0.799358737117772
0.6488886110754211 0.799358737117772
0.6529290151158251 0.799358737117772
0.6569694191562292 0.799358737117772
0.6610098231966333 0.799358737117772
0.6650502272370373 0.799358737117772
0.6690906312774414 0.799358737117772
0.6731310353178453 0.799358737117772
0.6771714393582494 0.799358737117772
0.6812118433986534 0.799358737117772
0.6852522474390574 0.799358737117772
0.6892926514794615 0.799358737117772
0.6933330555198656 0.799358737117772
0.6973734595602696 0.799358737117772
0.2973734595602696 0.803399141158176
0.3014138636006737 0.803399141158176
0.3054542676410777 0.803399141158176
0.3094946716814817 0.803399141158176
0.31353507572188577 0.803399141158176
0.31757547976228984 0.803399141158176
0.32161588380269385 0.803399141158176
0.3256562878430979 0.803399141158176
0.3296966918835019 0.803399141158176
0.333737095923906 0.803399141158176
0.33777749996431 0.803399141158176
0.34181790400471407 0.803399141158176
0.3458583080451181 0.803399141158176
0.34989871208552215 0.803399141158176
0.3539391161259262 0.803399141158176
0.3579795201663302 0.803399141158176
0.36201992420673423 0.803399141158176
0.3660603282471383 0.803399141158176
0.37010073228754237 0.803399141158176
0.3741411363279464 0.803399141158176
0.3781815403683504 0.803399141158176
0.38222194440875445 0.803399141158176
0.3862623484491585 0.803399141158176
0.39030275248956253 0.803399141158176
0.3943431565299666 0.803399141158176
0.3983835605703706 0.803399141158176
0.4024239646107747 0.803399141158176
0.4064643686511787 0.803399141158176
0.41050477269158275 0.803399141158176
0.41454517673198676 0.803399141158176
0.41858558077239083 0.803399141158176
0.4226259848127949 0.803399141158176
0.4266663888531989 0.803399141158176
0.4307067928936029 0.803399141158176
0.434747196934007 0.803399141158176
0.43878760097441105 0.803399141158176
0.44282800501481506 0.803399141158176
0.4468684090552191 0.803399141158176
0.45090881309562314 0.803399141158176
0.4549492171360272 0.803399141158176
0.4589896211764312 0.803399141158176
0.4630300252168353 0.803399141158176
0.4670704292572393 0.803399141158176
0.47111083329764336 0.803399141158176
0.4751512373380474 0.803399141158176
0.47919164137845144 0.803399141158176
0.48323204541885545 0.803399141158176
0.4872724494592595 0.803399141158176
0.4913128534996636 0.803399141158176
0.4953532575400676 0.803399141158176
0.4993936615804716 0.803399141158176
0.5034340656208757 0.803399141158176
0.5074744696612797 0.803399141158176
0.5115148737016837 0.803399141158176
0.5155552777420878 0.803399141158176
0.5195956817824918 0.803399141158176
0.5236360858228959 0.803399141158176
0.5276764898633 0.803399141158176
0.531716893903704 0.803399141158176
0.535757297944108 0.803399141158176
0.539797701984512 0.803399141158176
0.5438381060249161 0.803399141158176
0.5478785100653201 0.803399141158176
0.5519189141057241 0.803399141158176
0.5559593181461282 0.803399141158176
0.5599997221865323 0.803399141158176
0.5640401262269363 0.803399141158176
0.6206057827925928 0.803399141158176
0.6246461868329969 0.803399141158176
0.628686590873401 0.803399141158176
0.632726994913805 0.803399141158176
0.6367673989542091 0.803399141158176
0.640807802994613 0.803399141158176
0.6448482070350171 0.803399141158176
0.6488886110754211 0.803399141158176
0.6529290151158251 0.803399141158176
0.6569694191562292 0.803399141158176
0.6610098231966333 0.803399141158176
0.6650502272370373 0.803399141158176
0.6690906312774414 0.803399141158176
0.6731310353178453 0.803399141158176
0.6771714393582494 0.803399141158176
0.6812118433986534 0.803399141158176
0.6852522474390574 0.803399141158176
0.6892926514794615 0.803399141158176
0.6933330555198656 0.803399141158176
0.6973734595602696 0.803399141158176
0.2973734595602696 0.80743954519858
0.3014138636006737 0.80743954519858
0.3054542676410777 0.80743954519858
0.3094946716814817 0.80743954519858
0.31353507572188577 0.80743954519858
0.31757547976228984 0.80743954519858
0.32161588380269385 0.80743954519858
0.3256562878430979 0.80743954519858
0.3296966918835019 0.80743954519858
0.333737095923906 0.80743954519858
0.33777749996431 0.80743954519858
0.34181790400471407 0.80743954519858
0.3458583080451181 0.80743954519858
0.34989871208552215 0.80743954519858
0.3539391161259262 0.80743954519858
0.3579795201663302 0.80743954519858
0.36201992420673423 0.80743954519858
0.3660603282471383 0.80743954519858
0.37010073228754237 0.80743954519858
0.3741411363279464 0.80743954519858
0.3781815403683504 0.80743954519858
0.38222194440875445 0.80743954519858
0.3862623484491585 0.80743954519858
0.39030275248956253 0.80743954519858
0.3943431565299666 0.80743954519858
0.3983835605703706 0.80743954519858
0.4024239646107747 0.80743954519858
0.4064643686511787 0.80743954519858
0.41050477269158275 0.80743954519858
0.41454517673198676 0.80743954519858
0.41858558077239083 0.80743954519858
0.4226259848127949 0.80743954519858
0.4266663888531989 0.80743954519858
0.4307067928936029 0.80743954519858
0.434747196934007 0.80743954519858
0.43878760097441105 0.80743954519858
0.44282800501481506 0.80743954519858
0.4468684090552191 0.80743954519858
0.45090881309562314 0.80743954519858
0.4549492171360272 0.80743954519858
0.4589896211764312 0.80743954519858
0.4630300252168353 0.80743954519858
0.4670704292572393 0.80743954519858
0.47111083329764336 0.80743954519858
0.4751512373380474 0.80743954519858
0.47919164137845144 0.80743954519858
0.48323204541885545 0.80743954519858
0.4872724494592595 0.80743954519858
0.4913128534996636 0.80743954519858
0.4953532575400676 0.80743954519858
0.4993936615804716 0.80743954519858
0.5034340656208757 0.80743954519858
0.5074744696612797 0.80743954519858
0.5115148737016837 0.80743954519858
0.5155552777420878 0.80743954519858
0.5195956817824918 0.80743954519858
0.5236360858228959 0.80743954519858
0.5276764898633 0.80743954519858
0.531716893903704 0.80743954519858
0.535757297944108 0.80743954519858
0.539797701984512 0.80743954519858
0.5438381060249161 0.80743954519858
0.5478785100653201 0.80743954519858
0.5519189141057241 0.80743954519858
0.5559593181461282 0.80743954519858
0.6165653787521888 0.80743954519858
0.6206057827925928 0.80743954519858
0.6246461868329969 0.80743954519858
0.628686590873401 0.80743954519858
0.632726994913805 0.80743954519858
0.6367673989542091 0.80743954519858
0.640807802994613 0.80743954519858
0.6448482070350171 0.80743954519858
0.6488886110754211 0.80743954519858
0.6529290151158251 0.80743954519858
0.6569694191562292 0.80743954519858
0.6610098231966333 0.80743954519858
0.6650502272370373 0.80743954519858
0.6690906312774414 0.80743954519858
0.6731310353178453 0.80743954519858
0.6771714393582494 0.80743954519858
0.6812118433986534 0.80743954519858
0.6852522474390574 0.80743954519858
0.6892926514794615 0.80743954519858
0.6933330555198656 0.80743954519858
0.6973734595602696 0.80743954519858
0.2973734595602696 0.811479949238984
0.3014138636006737 0.811479949238984
0.3054542676410777 0.811479949238984
0.3094946716814817 0.811479949238984
0.31353507572188577 0.811479949238984
0.31757547976228984 0.811479949238984
0.32161588380269385 0.811479949238984
0.3256562878430979 0.811479949238984
0.3296966918835019 0.811479949238984
0.333737095923906 0.811479949238984
0.33777749996431 0.811479949238984
0.34181790400471407 0.811479949238984
0.3458583080451181 0.811479949238984
0.34989871208552215 0.811479949238984
0.3539391161259262 0.811479949238984
0.3579795201663302 0.811479949238984
0.36201992420673423 0.811479949238984
0.3660603282471383 0.811479949238984
0.37010073228754237 0.811479949238984
0.3741411363279464 0.811479949238984
0.3781815403683504 0.811479949238984
0.38222194440875445 0.811479949238984
0.3862623484491585 0.811479949238984
0.39030275248956253 0.811479949238984
0.3943431565299666 0.811479949238984
0.3983835605703706 0.811479949238984
0.4024239646107747 0.811479949238984
0.4064643686511787 0.811479949238984
0.41050477269158275 0.811479949238984
0.41454517673198676 0.811479949238984
0.41858558077239083 0.811479949238984
0.4226259848127949 0.811479949238984
0.4266663888531989 0.811479949238984
0.4307067928936029 0.811479949238984
0.434747196934007 0.811479949238984
0.43878760097441105 0.811479949238984
0.44282800501481506 0.811479949238984
0.4468684090552191 0.811479949238984
0.45090881309562314 0.811479949238984
0.4549492171360272 0.811479949238984
0.4589896211764312 0.811479949238984
0.4630300252168353 0.811479949238984
0.4670704292572393 0.811479949238984
0.47111083329764336 0.811479949238984
0.4751512373380474 0.811479949238984
0.47919164137845144 0.811479949238984
0.48323204541885545 0.811479949238984
0.4872724494592595 0.811479949238984
0.4913128534996636 0.811479949238984
0.4953532575400676 0.811479949238984
0.4993936615804716 0.811479949238984
0.5034340656208757 0.811479949238984
0.5074744696612797 0.811479949238984
0.5115148737016837 0.811479949238984
0.5155552777420878 0.811479949238984
0.5195956817824918 0.811479949238984
0.5236360858228959 0.811479949238984
0.5276764898633 0.811479949238984
0.531716893903704 0.811479949238984
0.535757297944108 0.811479949238984
0.539797701984512 0.811479949238984
0.5438381060249161 0.811479949238984
0.5478785100653201 0.811479949238984
0.5519189141057241 0.811479949238984
0.6125249747117847 0.811479949238984
0.6165653787521888 0.811479949238984
0.6206057827925928 0.811479949238984
0.6246461868329969 0.811479949238984
0.628686590873401 0.811479949238984
0.632726994913805 0.811479949238984
0.6367673989542091 0.811479949238984
0.640807802994613 0.811479949238984
0.6448482070350171 0.811479949238984
0.6488886110754211 0.811479949238984
0.6529290151158251 0.811479949238984
0.6569694191562292 0.811479949238984
0.6610098231966333 0.811479949238984
0.6650502272370373 0.811479949238984
0.6690906312774414 0.811479949238984
0.6731310353178453 0.811479949238984
0.6771714393582494 0.811479949238984
0.6812118433986534 0.811479949238984
0.6852522474390574 0.811479949238984
0.6892926514794615 0.811479949238984
0.6933330555198656 0.811479949238984
0.6973734595602696 0.811479949238984
0.2973734595602696 0.8155203532793881
0.3014138636006737 0.8155203532793881
0.3054542676410777 0.8155203532793881
0.3094946716814817 0.8155203532793881
0.31353507572188577 0.8155203532793881
0.31757547976228984 0.8155203532793881
0.32161588380269385 0.8155203532793881
0.3256562878430979 0.8155203532793881
0.3296966918835019 0.8155203532793881
0.333737095923906 0.8155203532793881
0.33777749996431 0.8155203532793881
0.34181790400471407 0.8155203532793881
0.3458583080451181 0.8155203532793881
0.34989871208552215 0.8155203532793881
0.3539391161259262 0.8155203532793881
0.3579795201663302 0.8155203532793881
0.36201992420673423 0.8155203532793881
0.3660603282471383 0.8155203532793881
0.37010073228754237 0.8155203532793881
0.3741411363279464 0.8155203532793881
0.3781815403683504 0.8155203532793881
0.38222194440875445 0.8155203532793881
0.3862623484491585 0.8155203532793881
0.39030275248956253 0.8155203532793881
0.3943431565299666 0.8155203532793881
0.3983835605703706 0.8155203532793881
0.4024239646107747 0.8155203532793881
0.4064643686511787 0.8155203532793881
0.41050477269158275 0.8155203532793881
0.41454517673198676 0.8155203532793881
0.41858558077239083 0.8155203532793881
0.4226259848127949 0.8155203532793881
0.4266663888531989 0.8155203532793881
0.4307067928936029 0.8155203532793881
0.434747196934007 0.8155203532793881
0.43878760097441105 0.8155203532793881
0.44282800501481506 0.8155203532793881
0.4468684090552191 0.8155203532793881
0.45090881309562314 0.8155203532793881
0.4549492171360272 0.8155203532793881
0.4589896211764312 0.8155203532793881
0.4630300252168353 0.8155203532793881
0.4670704292572393 0.8155203532793881
0.47111083329764336 0.8155203532793881
0.4751512373380474 0.8155203532793881
0.47919164137845144 0.8155203532793881
0.48323204541885545 0.8155203532793881
0.4872724494592595 0.8155203532793881
0.4913128534996636 0.8155203532793881
0.4953532575400676 0.8155203532793881
0.4993936615804716 0.8155203532793881
0.5034340656208757 0.8155203532793881
0.5074744696612797 0.8155203532793881
0.5115148737016837 0.8155203532793881
0.5155552777420878 0.8155203532793881
0.5195956817824918 0.8155203532793881
0.5236360858228959 0.8155203532793881
0.5276764898633 0.8155203532793881
0.531716893903704 0.8155203532793881
0.535757297944108 0.8155203532793881
0.539797701984512 0.8155203532793881
0.5438381060249161 0.8155203532793881
0.6044441666309767 0.8155203532793881
0.6084845706713807 0.8155203532793881
0.6125249747117847 0.8155203532793881
0.6165653787521888 0.8155203532793881
0.6206057827925928 0.8155203532793881
0.6246461868329969 0.8155203532793881
0.628686590873401 0.8155203532793881
0.632726994913805 0.8155203532793881
0.6367673989542091 0.8155203532793881
0.640807802994613 0.8155203532793881
0.6448482070350171 0.8155203532793881
0.6488886110754211 0.8155203532793881
0.6529290151158251 0.8155203532793881
0.6569694191562292 0.8155203532793881
0.6610098231966333 0.8155203532793881
0.6650502272370373 0.8155203532793881
0.6690906312774414 0.8155203532793881
0.6731310353178453 0.8155203532793881
0.6771714393582494 0.8155203532793881
0.6812118433986534 0.8155203532793881
0.6852522474390574 0.8155203532793881
0.6892926514794615 0.8155203532793881
0.6933330555198656 0.8155203532793881
0.6973734595602696 0.8155203532793881
0.2973734595602696 0.819560757319792
0.3014138636006737 0.819560757319792
0.3054542676410777 0.819560757319792
0.3094946716814817 0.819560757319792
0.31353507572188577 0.819560757319792
0.31757547976228984 0.819560757319792
0.32161588380269385 0.819560757319792
0.3256562878430979 0.819560757319792
0.3296966918835019 0.819560757319792
0.333737095923906 0.819560757319792
0.33777749996431 0.819560757319792
0.34181790400471407 0.819560757319792
0.3458583080451181 0.819560757319792
0.34989871208552215 0.819560757319792
0.3539391161259262 0.819560757319792
0.3579795201663302 0.819560757319792
0.36201992420673423 0.819560757319792
0.3660603282471383 0.819560757319792
0.37010073228754237 0.819560757319792
0.3741411363279464 0.819560757319792
0.3781815403683504 0.819560757319792
0.38222194440875445 0.819560757319792
0.3862623484491585 0.819560757319792
0.39030275248956253 0.819560757319792
0.3943431565299666 0.819560757319792
0.3983835605703706 0.819560757319792
0.4024239646107747 0.819560757319792
0.4064643686511787 0.819560757319792
0.41050477269158275 0.819560757319792
0.41454517673198676 0.819560757319792
0.41858558077239083 0.819560757319792
0.4226259848127949 0.819560757319792
0.4266663888531989 0.819560757319792
0.4307067928936029 0.819560757319792
0.434747196934007 0.819560757319792
0.43878760097441105 0.819560757319792
0.44282800501481506 0.819560757319792
0.4468684090552191 0.819560757319792
0.45090881309562314 0.819560757319792
0.4549492171360272 0.819560757319792
0.4589896211764312 0.819560757319792
0.4630300252168353 0.819560757319792
0.4670704292572393 0.819560757319792
0.47111083329764336 0.819560757319792
0.4751512373380474 0.819560757319792
0.47919164137845144 0.819560757319792
0.48323204541885545 0.819560757319792
0.4872724494592595 0.819560757319792
0.4913128534996636 0.819560757319792
0.4953532575400676 0.819560757319792
0.4993936615804716 0.819560757319792
0.5034340656208757 0.819560757319792
0.5074744696612797 0.819560757319792
0.5115148737016837 0.819560757319792
0.5155552777420878 0.819560757319792
0.5195956817824918 0.819560757319792
0.5236360858228959 0.819560757319792
0.5276764898633 0.819560757319792
0.531716893903704 0.819560757319792
0.535757297944108 0.819560757319792
0.539797701984512 0.819560757319792
0.5963633585501686 0.819560757319792
0.6004037625905727 0.819560757319792
0.6044441666309767 0.819560757319792
0.6084845706713807 0.819560757319792
0.6125249747117847 0.819560757319792
0.6165653787521888 0.819560757319792
0.6206057827925928 0.819560757319792
0.6246461868329969 0.819560757319792
0.628686590873401 0.819560757319792
0.632726994913805 0.819560757319792
0.6367673989542091 0.819560757319792
0.640807802994613 0.819560757319792
0.6448482070350171 0.819560757319792
0.6488886110754211 0.819560757319792
0.6529290151158251 0.819560757319792
0.6569694191562292 0.819560757319792
0.6610098231966333 0.819560757319792
0.6650502272370373 0.819560757319792
0.6690906312774414 0.819560757319792
0.6731310353178453 0.819560757319792
0.6771714393582494 0.819560757319792
0.6812118433986534 0.819560757319792
0.6852522474390574 0.819560757319792
0.6892926514794615 0.819560757319792
0.6933330555198656 0.819560757319792
0.6973734595602696 0.819560757319792
0.2973734595602696 0.8236011613601961
0.3014138636006737 0.8236011613601961
0.3054542676410777 0.8236011613601961
0.3094946716814817 0.8236011613601961
0.31353507572188577 0.8236011613601961
0.31757547976228984 0.8236011613601961
0.32161588380269385 0.8236011613601961
0.3256562878430979 0.8236011613601961
0.3296966918835019 0.8236011613601961
0.333737095923906 0.8236011613601961
0.33777749996431 0.8236011613601961
0.34181790400471407 0.8236011613601961
0.3458583080451181 0.8236011613601961
0.34989871208552215 0.8236011613601961
0.3539391161259262 0.8236011613601961
0.3579795201663302 0.8236011613601961
0.36201992420673423 0.8236011613601961
0.3660603282471383 0.8236011613601961
0.37010073228754237 0.8236011613601961
0.3741411363279464 0.8236011613601961
0.3781815403683504 0.8236011613601961
0.38222194440875445 0.8236011613601961
0.3862623484491585 0.8236011613601961
0.39030275248956253 0.8236011613601961
0.3943431565299666 0.8236011613601961
0.3983835605703706 0.8236011613601961
0.4024239646107747 0.8236011613601961
0.4064643686511787 0.8236011613601961
0.41050477269158275 0.8236011613601961
0.41454517673198676 0.8236011613601961
0.41858558077239083 0.8236011613601961
0.4226259848127949 0.8236011613601961
0.4266663888531989 0.8236011613601961
0.4307067928936029 0.8236011613601961
0.434747196934007 0.8236011613601961
0.43878760097441105 0.8236011613601961
0.44282800501481506 0.8236011613601961
0.4468684090552191 0.8236011613601961
0.45090881309562314 0.8236011613601961
0.4549492171360272 0.8236011613601961
0.4589896211764312 0.8236011613601961
0.4630300252168353 0.8236011613601961
0.4670704292572393 0.8236011613601961
0.47111083329764336 0.8236011613601961
0.4751512373380474 0.8236011613601961
0.47919164137845144 0.8236011613601961
0.48323204541885545 0.8236011613601961
0.4872724494592595 0.8236011613601961
0.4913128534996636 0.8236011613601961
0.4953532575400676 0.8236011613601961
0.4993936615804716 0.8236011613601961
0.5034340656208757 0.8236011613601961
0.5074744696612797 0.8236011613601961
0.5115148737016837 0.8236011613601961
0.5155552777420878 0.8236011613601961
0.5195956817824918 0.8236011613601961
0.5236360858228959 0.8236011613601961
0.5276764898633 0.8236011613601961
0.535757297944108 0.8236011613601961
0.5923229545097646 0.8236011613601961
0.5963633585501686 0.8236011613601961
0.6004037625905727 0.8236011613601961
0.6044441666309767 0.8236011613601961
0.6084845706713807 0.8236011613601961
0.6125249747117847 0.8236011613601961
0.6165653787521888 0.8236011613601961
0.6206057827925928 0.8236011613601961
0.6246461868329969 0.8236011613601961
0.628686590873401 0.8236011613601961
0.632726994913805 0.8236011613601961
0.6367673989542091 0.8236011613601961
0.640807802994613 0.8236011613601961
0.6448482070350171 0.8236011613601961
0.6488886110754211 0.8236011613601961
0.6529290151158251 0.8236011613601961
0.6569694191562292 0.8236011613601961
0.6610098231966333 0.8236011613601961
0.6650502272370373 0.8236011613601961
0.6690906312774414 0.8236011613601961
0.6731310353178453 0.8236011613601961
0.6771714393582494 0.8236011613601961
0.6812118433986534 0.8236011613601961
0.6852522474390574 0.8236011613601961
0.6892926514794615 0.8236011613601961
0.6933330555198656 0.8236011613601961
0.6973734595602696 0.8236011613601961
0.2973734595602696 0.8276415654006002
0.3014138636006737 0.8276415654006002
0.3054542676410777 0.8276415654006002
0.3094946716814817 0.8276415654006002
0.31353507572188577 0.8276415654006002
0.31757547976228984 0.8276415654006002
0.32161588380269385 0.8276415654006002
0.3256562878430979 0.8276415654006002
0.3296966918835019 0.8276415654006002
0.333737095923906 0.8276415654006002
0.33777749996431 0.8276415654006002
0.34181790400471407 0.8276415654006002
0.3458583080451181 0.8276415654006002
0.34989871208552215 0.8276415654006002
0.3539391161259262 0.8276415654006002
0.3579795201663302 0.8276415654006002
0.36201992420673423 0.8276415654006002
0.3660603282471383 0.8276415654006002
0.37010073228754237 0.8276415654006002
0.3741411363279464 0.8276415654006002
0.3781815403683504 0.8276415654006002
0.38222194440875445 0.8276415654006002
0.3862623484491585 0.8276415654006002
0.39030275248956253 0.8276415654006002
0.3943431565299666 0.8276415654006002
0.3983835605703706 0.8276415654006002
0.4024239646107747 0.8276415654006002
0.4064643686511787 0.8276415654006002
0.41050477269158275 0.8276415654006002
0.41454517673198676 0.8276415654006002
0.41858558077239083 0.8276415654006002
0.4226259848127949 0.8276415654006002
0.4266663888531989 0.8276415654006002
0.4307067928936029 0.8276415654006002
0.434747196934007 0.8276415654006002
0.43878760097441105 0.8276415654006002
0.44282800501481506 0.8276415654006002
0.4468684090552191 0.8276415654006002
0.45090881309562314 0.8276415654006002
0.4549492171360272 0.8276415654006002
0.4589896211764312 0.8276415654006002
0.4630300252168353 0.8276415654006002
0.4670704292572393 0.8276415654006002
0.47111083329764336 0.8276415654006002
0.4751512373380474 0.8276415654006002
0.47919164137845144 0.8276415654006002
0.48323204541885545 0.8276415654006002
0.4872724494592595 0.8276415654006002
0.4913128534996636 0.8276415654006002
0.4953532575400676 0.8276415654006002
0.4993936615804716 0.8276415654006002
0.5034340656208757 0.8276415654006002
0.5074744696612797 0.8276415654006002
0.5115148737016837 0.8276415654006002
0.5155552777420878 0.8276415654006002
0.5195956817824918 0.8276415654006002
0.5236360858228959 0.8276415654006002
0.5276764898633 0.8276415654006002
0.5882825504693605 0.8276415654006002
0.5923229545097646 0.8276415654006002
0.5963633585501686 0.8276415654006002
0.6004037625905727 0.8276415654006002
0.6044441666309767 0.8276415654006002
0.6084845706713807 0.8276415654006002
0.6125249747117847 0.8276415654006002
0.6165653787521888 0.8276415654006002
0.6206057827925928 0.8276415654006002
0.6246461868329969 0.8276415654006002
0.628686590873401 0.8276415654006002
0.632726994913805 0.8276415654006002
0.6367673989542091 0.8276415654006002
0.640807802994613 0.8276415654006002
0.6448482070350171 0.8276415654006002
0.6488886110754211 0.8276415654006002
0.6529290151158251 0.8276415654006002
0.6569694191562292 0.8276415654006002
0.6610098231966333 0.8276415654006002
0.6650502272370373 0.8276415654006002
0.6690906312774414 0.8276415654006002
0.6731310353178453 0.8276415654006002
0.6771714393582494 0.8276415654006002
0.6812118433986534 0.8276415654006002
0.6852522474390574 0.8276415654006002
0.6892926514794615 0.8276415654006002
0.6933330555198656 0.8276415654006002
0.6973734595602696 0.8276415654006002
0.2973734595602696 0.8316819694410043
0.3014138636006737 0.8316819694410043
0.3054542676410777 0.8316819694410043
0.3094946716814817 0.8316819694410043
0.31353507572188577 0.8316819694410043
0.31757547976228984 0.8316819694410043
0.32161588380269385 0.8316819694410043
0.3256562878430979 0.8316819694410043
0.3296966918835019 0.8316819694410043
0.333737095923906 0.8316819694410043
0.33777749996431 0.8316819694410043
0.34181790400471407 0.8316819694410043
0.3458583080451181 0.8316819694410043
0.34989871208552215 0.8316819694410043
0.3539391161259262 0.8316819694410043
0.3579795201663302 0.8316819694410043
0.36201992420673423 0.8316819694410043
0.3660603282471383 0.8316819694410043
0.37010073228754237 0.8316819694410043
0.3741411363279464 0.8316819694410043
0.3781815403683504 0.8316819694410043
0.38222194440875445 0.8316819694410043
0.3862623484491585 0.8316819694410043
0.39030275248956253 0.8316819694410043
0.3943431565299666 0.8316819694410043
0.3983835605703706 0.8316819694410043
0.4024239646107747 0.8316819694410043
0.4064643686511787 0.8316819694410043
0.41050477269158275 0.8316819694410043
0.41454517673198676 0.8316819694410043
0.41858558077239083 0.8316819694410043
0.4226259848127949 0.8316819694410043
0.4266663888531989 0.8316819694410043
0.4307067928936029 0.8316819694410043
0.434747196934007 0.8316819694410043
0.43878760097441105 0.8316819694410043
0.44282800501481506 0.8316819694410043
0.4468684090552191 0.8316819694410043
0.45090881309562314 0.8316819694410043
0.4549492171360272 0.8316819694410043
0.4589896211764312 0.8316819694410043
0.4630300252168353 0.8316819694410043
0.4670704292572393 0.8316819694410043
0.47111083329764336 0.8316819694410043
0.4751512373380474 0.8316819694410043
0.47919164137845144 0.8316819694410043
0.48323204541885545 0.8316819694410043
0.4872724494592595 0.8316819694410043
0.4913128534996636 0.8316819694410043
0.4953532575400676 0.8316819694410043
0.4993936615804716 0.8316819694410043
0.5034340656208757 0.8316819694410043
0.5074744696612797 0.8316819694410043
0.5115148737016837 0.8316819694410043
0.5155552777420878 0.8316819694410043
0.5195956817824918 0.8316819694410043
0.5842421464289564 0.8316819694410043
0.5882825504693605 0.8316819694410043
0.5923229545097646 0.8316819694410043
0.5963633585501686 0.8316819694410043
0.6004037625905727 0.8316819694410043
0.6044441666309767 0.8316819694410043
0.6084845706713807 0.8316819694410043
0.6125249747117847 0.8316819694410043
0.6165653787521888 0.8316819694410043
0.6206057827925928 0.8316819694410043
0.6246461868329969 0.8316819694410043
0.628686590873401 0.8316819694410043
0.632726994913805 0.8316819694410043
0.6367673989542091 0.8316819694410043
0.640807802994613 0.8316819694410043
0.6448482070350171 0.8316819694410043
0.6488886110754211 0.8316819694410043
0.6529290151158251 0.8316819694410043
0.6569694191562292 0.8316819694410043
0.6610098231966333 0.8316819694410043
0.6650502272370373 0.8316819694410043
0.6690906312774414 0.8316819694410043
0.6731310353178453 0.8316819694410043
0.6771714393582494 0.8316819694410043
0.6812118433986534 0.8316819694410043
0.6852522474390574 0.8316819694410043
0.6892926514794615 0.8316819694410043
0.6933330555198656 0.8316819694410043
0.6973734595602696 0.8316819694410043
0.2973734595602696 0.8357223734814083
0.3014138636006737 0.8357223734814083
0.3054542676410777 0.8357223734814083
0.3094946716814817 0.8357223734814083
0.31353507572188577 0.8357223734814083
0.31757547976228984 0.8357223734814083
0.32161588380269385 0.8357223734814083
0.3256562878430979 0.8357223734814083
0.3296966918835019 0.8357223734814083
0.333737095923906 0.8357223734814083
0.33777749996431 0.8357223734814083
0.34181790400471407 0.8357223734814083
0.3458583080451181 0.8357223734814083
0.34989871208552215 0.8357223734814083
0.3539391161259262 0.8357223734814083
0.3579795201663302 0.8357223734814083
0.36201992420673423 0.8357223734814083
0.3660603282471383 0.8357223734814083
0.37010073228754237 0.8357223734814083
0.3741411363279464 0.8357223734814083
0.3781815403683504 0.8357223734814083
0.38222194440875445 0.8357223734814083
0.3862623484491585 0.8357223734814083
0.39030275248956253 0.8357223734814083
0.3943431565299666 0.8357223734814083
0.3983835605703706 0.8357223734814083
0.4024239646107747 0.8357223734814083
0.4064643686511787 0.8357223734814083
0.41050477269158275 0.8357223734814083
0.41454517673198676 0.8357223734814083
0.41858558077239083 0.8357223734814083
0.4226259848127949 0.8357223734814083
0.4266663888531989 0.8357223734814083
0.4307067928936029 0.8357223734814083
0.434747196934007 0.8357223734814083
0.43878760097441105 0.8357223734814083
0.44282800501481506 0.8357223734814083
0.4468684090552191 0.8357223734814083
0.45090881309562314 0.8357223734814083
0.4549492171360272 0.8357223734814083
0.4589896211764312 0.8357223734814083
0.4630300252168353 0.8357223734814083
0.4670704292572393 0.8357223734814083
0.47111083329764336 0.8357223734814083
0.4751512373380474 0.8357223734814083
0.47919164137845144 0.8357223734814083
0.48323204541885545 0.8357223734814083
0.4872724494592595 0.8357223734814083
0.4913128534996636 0.8357223734814083
0.4953532575400676 0.8357223734814083
0.4993936615804716 0.8357223734814083
0.5034340656208757 0.8357223734814083
0.5074744696612797 0.8357223734814083
0.5115148737016837 0.8357223734814083
0.5761613383481484 0.8357223734814083
0.5802017423885524 0.8357223734814083
0.5842421464289564 0.8357223734814083
0.5882825504693605 0.8357223734814083
0.5923229545097646 0.8357223734814083
0.5963633585501686 0.8357223734814083
0.6004037625905727 0.8357223734814083
0.6044441666309767 0.8357223734814083
0.6084845706713807 0.8357223734814083
0.6125249747117847 0.8357223734814083
0.6165653787521888 0.8357223734814083
0.6206057827925928 0.8357223734814083
0.6246461868329969 0.8357223734814083
0.628686590873401 0.8357223734814083
0.632726994913805 0.8357223734814083
0.6367673989542091 0.8357223734814083
0.640807802994613 0.8357223734814083
0.6448482070350171 0.8357223734814083
0.6488886110754211 0.8357223734814083
0.6529290151158251 0.8357223734814083
0.6569694191562292 0.8357223734814083
0.6610098231966333 0.8357223734814083
0.6650502272370373 0.8357223734814083
0.6690906312774414 0.8357223734814083
0.6731310353178453 0.8357223734814083
0.6771714393582494 0.8357223734814083
0.6812118433986534 0.8357223734814083
0.6852522474390574 0.8357223734814083
0.6892926514794615 0.8357223734814083
0.6933330555198656 0.8357223734814083
0.6973734595602696 0.8357223734814083
0.2973734595602696 0.8397627775218124
0.3014138636006737 0.8397627775218124
0.3054542676410777 0.8397627775218124
0.3094946716814817 0.8397627775218124
0.31353507572188577 0.8397627775218124
0.31757547976228984 0.8397627775218124
0.32161588380269385 0.8397627775218124
0.3256562878430979 0.8397627775218124
0.3296966918835019 0.8397627775218124
0.333737095923906 0.8397627775218124
0.33777749996431 0.8397627775218124
0.34181790400471407 0.8397627775218124
0.3458583080451181 0.8397627775218124
0.34989871208552215 0.8397627775218124
0.3539391161259262 0.8397627775218124
0.3579795201663302 0.8397627775218124
0.36201992420673423 0.8397627775218124
0.3660603282471383 0.8397627775218124
0.37010073228754237 0.8397627775218124
0.3741411363279464 0.8397627775218124
0.3781815403683504 0.8397627775218124
0.38222194440875445 0.8397627775218124
0.3862623484491585 0.8397627775218124
0.39030275248956253 0.8397627775218124
0.3943431565299666 0.8397627775218124
0.3983835605703706 0.8397627775218124
0.4024239646107747 0.8397627775218124
0.4064643686511787 0.8397627775218124
0.41050477269158275 0.8397627775218124
0.41454517673198676 0.8397627775218124
0.41858558077239083 0.8397627775218124
0.4226259848127949 0.8397627775218124
0.4266663888531989 0.8397627775218124
0.4307067928936029 0.8397627775218124
0.434747196934007 0.8397627775218124
0.43878760097441105 0.8397627775218124
0.44282800501481506 0.8397627775218124
0.4468684090552191 0.8397627775218124
0.45090881309562314 0.8397627775218124
0.4549492171360272 0.8397627775218124
0.4589896211764312 0.8397627775218124
0.4630300252168353 0.8397627775218124
0.4670704292572393 0.8397627775218124
0.47111083329764336 0.8397627775218124
0.4751512373380474 0.8397627775218124
0.47919164137845144 0.8397627775218124
0.48323204541885545 0.8397627775218124
0.4872724494592595 0.8397627775218124
0.4913128534996636 0.8397627775218124
0.4953532575400676 0.8397627775218124
0.4993936615804716 0.8397627775218124
0.5034340656208757 0.8397627775218124
0.5074744696612797 0.8397627775218124
0.5680805302673404 0.8397627775218124
0.5721209343077444 0.8397627775218124
0.5761613383481484 0.8397627775218124
0.5802017423885524 0.8397627775218124
0.5842421464289564 0.8397627775218124
0.5882825504693605 0.8397627775218124
0.5923229545097646 0.8397627775218124
0.5963633585501686 0.8397627775218124
0.6004037625905727 0.8397627775218124
0.6044441666309767 0.8397627775218124
0.6084845706713807 0.8397627775218124
0.6125249747117847 0.8397627775218124
0.6165653787521888 0.8397627775218124
0.6206057827925928 0.8397627775218124
0.6246461868329969 0.8397627775218124
0.628686590873401 0.8397627775218124
0.632726994913805 0.8397627775218124
0.6367673989542091 0.8397627775218124
0.640807802994613 0.8397627775218124
0.6448482070350171 0.8397627775218124
0.6488886110754211 0.8397627775218124
0.6529290151158251 0.8397627775218124
0.6569694191562292 0.8397627775218124
0.6610098231966333 0.8397627775218124
0.6650502272370373 0.8397627775218124
0.6690906312774414 0.8397627775218124
0.6731310353178453 0.8397627775218124
0.6771714393582494 0.8397627775218124
0.6812118433986534 0.8397627775218124
0.6852522474390574 0.8397627775218124
0.6892926514794615 0.8397627775218124
0.6933330555198656 0.8397627775218124
0.6973734595602696 0.8397627775218124
0.2973734595602696 0.8438031815622163
0.3014138636006737 0.8438031815622163
0.3054542676410777 0.8438031815622163
0.3094946716814817 0.8438031815622163
0.31353507572188577 0.8438031815622163
0.31757547976228984 0.8438031815622163
0.32161588380269385 0.8438031815622163
0.3256562878430979 0.8438031815622163
0.3296966918835019 0.8438031815622163
0.333737095923906 0.8438031815622163
0.33777749996431 0.8438031815622163
0.34181790400471407 0.8438031815622163
0.3458583080451181 0.8438031815622163
0.34989871208552215 0.8438031815622163
0.3539391161259262 0.8438031815622163
0.3579795201663302 0.8438031815622163
0.36201992420673423 0.8438031815622163
0.3660603282471383 0.8438031815622163
0.37010073228754237 0.8438031815622163
0.3741411363279464 0.8438031815622163
0.3781815403683504 0.8438031815622163
0.38222194440875445 0.8438031815622163
0.3862623484491585 0.8438031815622163
0.39030275248956253 0.8438031815622163
0.3943431565299666 0.8438031815622163
0.3983835605703706 0.8438031815622163
0.4024239646107747 0.8438031815622163
0.4064643686511787 0.8438031815622163
0.41050477269158275 0.8438031815622163
0.41454517673198676 0.8438031815622163
0.41858558077239083 0.8438031815622163
0.4226259848127949 0.8438031815622163
0.4266663888531989 0.8438031815622163
0.4307067928936029 0.8438031815622163
0.434747196934007 0.8438031815622163
0.43878760097441105 0.8438031815622163
0.44282800501481506 0.8438031815622163
0.4468684090552191 0.8438031815622163
0.45090881309562314 0.8438031815622163
0.4549492171360272 0.8438031815622163
0.4589896211764312 0.8438031815622163
0.4630300252168353 0.8438031815622163
0.4670704292572393 0.8438031815622163
0.47111083329764336 0.8438031815622163
0.4751512373380474 0.8438031815622163
0.47919164137845144 0.8438031815622163
0.48323204541885545 0.8438031815622163
0.4872724494592595 0.8438031815622163
0.4913128534996636 0.8438031815622163
0.4953532575400676 0.8438031815622163
0.4993936615804716 0.8438031815622163
0.5640401262269363 0.8438031815622163
0.5680805302673404 0.8438031815622163
0.5721209343077444 0.8438031815622163
0.5761613383481484 0.8438031815622163
0.5802017423885524 0.8438031815622163
0.5842421464289564 0.8438031815622163
0.5882825504693605 0.8438031815622163
0.5923229545097646 0.8438031815622163
0.5963633585501686 0.8438031815622163
0.6004037625905727 0.8438031815622163
0.6044441666309767 0.8438031815622163
0.6084845706713807 0.8438031815622163
0.6125249747117847 0.8438031815622163
0.6165653787521888 0.8438031815622163
0.6206057827925928 0.8438031815622163
0.6246461868329969 0.8438031815622163
0.628686590873401 0.8438031815622163
0.632726994913805 0.8438031815622163
0.6367673989542091 0.8438031815622163
0.640807802994613 0.8438031815622163
0.6448482070350171 0.8438031815622163
0.6488886110754211 0.8438031815622163
0.6529290151158251 0.8438031815622163
0.6569694191562292 0.8438031815622163
0.6610098231966333 0.8438031815622163
0.6650502272370373 0.8438031815622163
0.6690906312774414 0.8438031815622163
0.6731310353178453 0.8438031815622163
0.6771714393582494 0.8438031815622163
0.6812118433986534 0.8438031815622163
0.6852522474390574 0.8438031815622163
0.6892926514794615 0.8438031815622163
0.6933330555198656 0.8438031815622163
0.6973734595602696 0.8438031815622163
0.2973734595602696 0.8478435856026204
0.3014138636006737 0.8478435856026204
0.3054542676410777 0.8478435856026204
0.3094946716814817 0.8478435856026204
0.31353507572188577 0.8478435856026204
0.31757547976228984 0.8478435856026204
0.32161588380269385 0.8478435856026204
0.3256562878430979 0.8478435856026204
0.3296966918835019 0.8478435856026204
0.333737095923906 0.8478435856026204
0.33777749996431 0.8478435856026204
0.34181790400471407 0.8478435856026204
0.3458583080451181 0.8478435856026204
0.34989871208552215 0.8478435856026204
0.3539391161259262 0.8478435856026204
0.3579795201663302 0.8478435856026204
0.36201992420673423 0.8478435856026204
0.3660603282471383 0.8478435856026204
0.37010073228754237 0.8478435856026204
0.3741411363279464 0.8478435856026204
0.3781815403683504 0.8478435856026204
0.38222194440875445 0.8478435856026204
0.3862623484491585 0.8478435856026204
0.39030275248956253 0.8478435856026204
0.3943431565299666 0.8478435856026204
0.3983835605703706 0.8478435856026204
0.4024239646107747 0.8478435856026204
0.4064643686511787 0.8478435856026204
0.41050477269158275 0.8478435856026204
0.41454517673198676 0.8478435856026204
0.41858558077239083 0.8478435856026204
0.4226259848127949 0.8478435856026204
0.4266663888531989 0.8478435856026204
0.4307067928936029 0.8478435856026204
0.434747196934007 0.8478435856026204
0.43878760097441105 0.8478435856026204
0.44282800501481506 0.8478435856026204
0.4468684090552191 0.8478435856026204
0.45090881309562314 0.8478435856026204
0.4549492171360272 0.8478435856026204
0.4589896211764312 0.8478435856026204
0.4630300252168353 0.8478435856026204
0.4670704292572393 0.8478435856026204
0.47111083329764336 0.8478435856026204
0.4751512373380474 0.8478435856026204
0.47919164137845144 0.8478435856026204
0.48323204541885545 0.8478435856026204
0.4872724494592595 0.8478435856026204
0.4913128534996636 0.8478435856026204
0.4953532575400676 0.8478435856026204
0.5559593181461282 0.8478435856026204
0.5599997221865323 0.8478435856026204
0.5640401262269363 0.8478435856026204
0.5680805302673404 0.8478435856026204
0.5721209343077444 0.8478435856026204
0.5761613383481484 0.8478435856026204
0.5802017423885524 0.8478435856026204
0.5842421464289564 0.8478435856026204
0.5882825504693605 0.8478435856026204
0.5923229545097646 0.8478435856026204
0.5963633585501686 0.8478435856026204
0.6004037625905727 0.8478435856026204
0.6044441666309767 0.8478435856026204
0.6084845706713807 0.8478435856026204
0.6125249747117847 0.8478435856026204
0.6165653787521888 0.8478435856026204
0.6206057827925928 0.8478435856026204
0.6246461868329969 0.8478435856026204
0.628686590873401 0.8478435856026204
0.632726994913805 0.8478435856026204
0.6367673989542091 0.8478435856026204
0.640807802994613 0.8478435856026204
0.6448482070350171 0.8478435856026204
0.6488886110754211 0.8478435856026204
0.6529290151158251 0.8478435856026204
0.6569694191562292 0.8478435856026204
0.6610098231966333 0.8478435856026204
0.6650502272370373 0.8478435856026204
0.6690906312774414 0.8478435856026204
0.6731310353178453 0.8478435856026204
0.6771714393582494 0.8478435856026204
0.6812118433986534 0.8478435856026204
0.6852522474390574 0.8478435856026204
0.6892926514794615 0.8478435856026204
0.6933330555198656 0.8478435856026204
0.6973734595602696 0.8478435856026204
0.2973734595602696 0.8518839896430245
0.3014138636006737 0.8518839896430245
0.3054542676410777 0.8518839896430245
0.3094946716814817 0.8518839896430245
0.31353507572188577 0.8518839896430245
0.31757547976228984 0.8518839896430245
0.32161588380269385 0.8518839896430245
0.3256562878430979 0.8518839896430245
0.3296966918835019 0.8518839896430245
0.333737095923906 0.8518839896430245
0.33777749996431 0.8518839896430245
0.34181790400471407 0.8518839896430245
0.3458583080451181 0.8518839896430245
0.34989871208552215 0.8518839896430245
0.3539391161259262 0.8518839896430245
0.3579795201663302 0.8518839896430245
0.36201992420673423 0.8518839896430245
0.3660603282471383 0.8518839896430245
0.37010073228754237 0.8518839896430245
0.3741411363279464 0.8518839896430245
0.3781815403683504 0.8518839896430245
0.38222194440875445 0.8518839896430245
0.3862623484491585 0.8518839896430245
0.39030275248956253 0.8518839896430245
0.3943431565299666 0.8518839896430245
0.3983835605703706 0.8518839896430245
0.4024239646107747 0.8518839896430245
0.4064643686511787 0.8518839896430245
0.41050477269158275 0.8518839896430245
0.41454517673198676 0.8518839896430245
0.41858558077239083 0.8518839896430245
0.4226259848127949 0.8518839896430245
0.4266663888531989 0.8518839896430245
0.4307067928936029 0.8518839896430245
0.434747196934007 0.8518839896430245
0.43878760097441105 0.8518839896430245
0.44282800501481506 0.8518839896430245
0.4468684090552191 0.8518839896430245
0.45090881309562314 0.8518839896430245
0.4549492171360272 0.8518839896430245
0.4589896211764312 0.8518839896430245
0.4630300252168353 0.8518839896430245
0.4670704292572393 0.8518839896430245
0.47111083329764336 0.8518839896430245
0.4751512373380474 0.8518839896430245
0.47919164137845144 0.8518839896430245
0.48323204541885545 0.8518839896430245
0.4872724494592595 0.8518839896430245
0.5519189141057241 0.8518839896430245
0.5559593181461282 0.8518839896430245
0.5599997221865323 0.8518839896430245
0.5640401262269363 0.8518839896430245
0.5680805302673404 0.8518839896430245
0.5721209343077444 0.8518839896430245
0.5761613383481484 0.8518839896430245
0.5802017423885524 0.8518839896430245
0.5842421464289564 0.8518839896430245
0.5882825504693605 0.8518839896430245
0.5923229545097646 0.8518839896430245
0.5963633585501686 0.8518839896430245
0.6004037625905727 0.8518839896430245
0.6044441666309767 0.8518839896430245
0.6084845706713807 0.8518839896430245
0.6125249747117847 0.8518839896430245
0.6165653787521888 0.8518839896430245
0.6206057827925928 0.8518839896430245
0.6246461868329969 0.8518839896430245
0.628686590873401 0.8518839896430245
0.632726994913805 0.8518839896430245
0.6367673989542091 0.8518839896430245
0.640807802994613 0.8518839896430245
0.6448482070350171 0.8518839896430245
0.6488886110754211 0.8518839896430245
0.6529290151158251 0.8518839896430245
0.6569694191562292 0.8518839896430245
0.6610098231966333 0.8518839896430245
0.6650502272370373 0.8518839896430245
0.6690906312774414 0.8518839896430245
0.6731310353178453 0.8518839896430245
0.6771714393582494 0.8518839896430245
0.6812118433986534 0.8518839896430245
0.6852522474390574 0.8518839896430245
0.6892926514794615 0.8518839896430245
0.6933330555198656 0.8518839896430245
0.6973734595602696 0.8518839896430245
0.2973734595602696 0.8559243936834284
0.3014138636006737 0.8559243936834284
0.3054542676410777 0.8559243936834284
0.3094946716814817 0.8559243936834284
0.31353507572188577 0.8559243936834284
0.31757547976228984 0.8559243936834284
0.32161588380269385 0.8559243936834284
0.3256562878430979 0.8559243936834284
0.3296966918835019 0.8559243936834284
0.333737095923906 0.8559243936834284
0.33777749996431 0.8559243936834284
0.34181790400471407 0.8559243936834284
0.3458583080451181 0.8559243936834284
0.34989871208552215 0.8559243936834284
0.3539391161259262 0.8559243936834284
0.3579795201663302 0.8559243936834284
0.36201992420673423 0.8559243936834284
0.3660603282471383 0.8559243936834284
0.37010073228754237 0.8559243936834284
0.3741411363279464 0.8559243936834284
0.3781815403683504 0.8559243936834284
0.38222194440875445 0.8559243936834284
0.3862623484491585 0.8559243936834284
0.39030275248956253 0.8559243936834284
0.3943431565299666 0.8559243936834284
0.3983835605703706 0.8559243936834284
0.4024239646107747 0.8559243936834284
0.4064643686511787 0.8559243936834284
0.41050477269158275 0.8559243936834284
0.41454517673198676 0.8559243936834284
0.41858558077239083 0.8559243936834284
0.4226259848127949 0.8559243936834284
0.4266663888531989 0.8559243936834284
0.4307067928936029 0.8559243936834284
0.434747196934007 0.8559243936834284
0.43878760097441105 0.8559243936834284
0.44282800501481506 0.8559243936834284
0.4468684090552191 0.8559243936834284
0.45090881309562314 0.8559243936834284
0.4549492171360272 0.8559243936834284
0.4589896211764312 0.8559243936834284
0.4630300252168353 0.8559243936834284
0.4670704292572393 0.8559243936834284
0.47111083329764336 0.8559243936834284
0.4751512373380474 0.8559243936834284
0.47919164137845144 0.8559243936834284
0.5478785100653201 0.8559243936834284
0.5519189141057241 0.8559243936834284
0.5559593181461282 0.8559243936834284
0.5599997221865323 0.8559243936834284
0.5640401262269363 0.8559243936834284
0.5680805302673404 0.8559243936834284
0.5721209343077444 0.8559243936834284
0.5761613383481484 0.8559243936834284
0.5802017423885524 0.8559243936834284
0.5842421464289564 0.8559243936834284
0.5882825504693605 0.8559243936834284
0.5923229545097646 0.8559243936834284
0.5963633585501686 0.8559243936834284
0.6004037625905727 0.8559243936834284
0.6044441666309767 0.8559243936834284
0.6084845706713807 0.8559243936834284
0.6125249747117847 0.8559243936834284
0.6165653787521888 0.8559243936834284
0.6206057827925928 0.8559243936834284
0.6246461868329969 0.8559243936834284
0.628686590873401 0.8559243936834284
0.632726994913805 0.8559243936834284
0.6367673989542091 0.8559243936834284
0.640807802994613 0.8559243936834284
0.6448482070350171 0.8559243936834284
0.6488886110754211 0.8559243936834284
0.6529290151158251 0.8559243936834284
0.6569694191562292 0.8559243936834284
0.6610098231966333 0.8559243936834284
0.6650502272370373 0.8559243936834284
0.6690906312774414 0.8559243936834284
0.6731310353178453 0.8559243936834284
0.6771714393582494 0.8559243936834284
0.6812118433986534 0.8559243936834284
0.6852522474390574 0.8559243936834284
0.6892926514794615 0.8559243936834284
0.6933330555198656 0.8559243936834284
0.6973734595602696 0.8559243936834284
0.2973734595602696 0.8599647977238325
0.3014138636006737 0.8599647977238325
0.3054542676410777 0.8599647977238325
0.3094946716814817 0.8599647977238325
0.31353507572188577 0.8599647977238325
0.31757547976228984 0.8599647977238325
0.32161588380269385 0.8599647977238325
0.3256562878430979 0.8599647977238325
0.3296966918835019 0.8599647977238325
0.333737095923906 0.8599647977238325
0.33777749996431 0.8599647977238325
0.34181790400471407 0.8599647977238325
0.3458583080451181 0.8599647977238325
0.34989871208552215 0.8599647977238325
0.3539391161259262 0.8599647977238325
0.3579795201663302 0.8599647977238325
0.36201992420673423 0.8599647977238325
0.3660603282471383 0.8599647977238325
0.37010073228754237 0.8599647977238325
0.3741411363279464 0.8599647977238325
0.3781815403683504 0.8599647977238325
0.38222194440875445 0.8599647977238325
0.3862623484491585 0.8599647977238325
0.39030275248956253 0.8599647977238325
0.3943431565299666 0.8599647977238325
0.3983835605703706 0.8599647977238325
0.4024239646107747 0.8599647977238325
0.4064643686511787 0.8599647977238325
0.41050477269158275 0.8599647977238325
0.41454517673198676 0.8599647977238325
0.41858558077239083 0.8599647977238325
0.4226259848127949 0.8599647977238325
0.4266663888531989 0.8599647977238325
0.4307067928936029 0.8599647977238325
0.434747196934007 0.8599647977238325
0.43878760097441105 0.8599647977238325
0.44282800501481506 0.8599647977238325
0.4468684090552191 0.8599647977238325
0.45090881309562314 0.8599647977238325
0.4549492171360272 0.8599647977238325
0.4589896211764312 0.8599647977238325
0.4630300252168353 0.8599647977238325
0.4670704292572393 0.8599647977238325
0.47111083329764336 0.8599647977238325
0.539797701984512 0.8599647977238325
0.5438381060249161 0.8599647977238325
0.5478785100653201 0.8599647977238325
0.5519189141057241 0.8599647977238325
0.5559593181461282 0.8599647977238325
0.5599997221865323 0.8599647977238325
0.5640401262269363 0.8599647977238325
0.5680805302673404 0.8599647977238325
0.5721209343077444 0.8599647977238325
0.5761613383481484 0.8599647977238325
0.5802017423885524 0.8599647977238325
0.5842421464289564 0.8599647977238325
0.5882825504693605 0.8599647977238325
0.5923229545097646 0.8599647977238325
0.5963633585501686 0.8599647977238325
0.6004037625905727 0.8599647977238325
0.6044441666309767 0.8599647977238325
0.6084845706713807 0.8599647977238325
0.6125249747117847 0.8599647977238325
0.6165653787521888 0.8599647977238325
0.6206057827925928 0.8599647977238325
0.6246461868329969 0.8599647977238325
0.628686590873401 0.8599647977238325
0.632726994913805 0.8599647977238325
0.6367673989542091 0.8599647977238325
0.640807802994613 0.8599647977238325
0.6448482070350171 0.8599647977238325
0.6488886110754211 0.8599647977238325
0.6529290151158251 0.8599647977238325
0.6569694191562292 0.8599647977238325
0.6610098231966333 0.8599647977238325
0.6650502272370373 0.8599647977238325
0.6690906312774414 0.8599647977238325
0.6731310353178453 0.8599647977238325
0.6771714393582494 0.8599647977238325
0.6812118433986534 0.8599647977238325
0.6852522474390574 0.8599647977238325
0.6892926514794615 0.8599647977238325
0.6933330555198656 0.8599647977238325
0.6973734595602696 0.8599647977238325
0.2973734595602696 0.8640052017642366
0.3014138636006737 0.8640052017642366
0.3054542676410777 0.8640052017642366
0.3094946716814817 0.8640052017642366
0.31353507572188577 0.8640052017642366
0.31757547976228984 0.8640052017642366
0.32161588380269385 0.8640052017642366
0.3256562878430979 0.8640052017642366
0.3296966918835019 0.8640052017642366
0.333737095923906 0.8640052017642366
0.33777749996431 0.8640052017642366
0.34181790400471407 0.8640052017642366
0.3458583080451181 0.8640052017642366
0.34989871208552215 0.8640052017642366
0.3539391161259262 0.8640052017642366
0.3579795201663302 0.8640052017642366
0.36201992420673423 0.8640052017642366
0.3660603282471383 0.8640052017642366
0.37010073228754237 0.8640052017642366
0.3741411363279464 0.8640052017642366
0.3781815403683504 0.8640052017642366
0.38222194440875445 0.8640052017642366
0.3862623484491585 0.8640052017642366
0.39030275248956253 0.8640052017642366
0.3943431565299666 0.8640052017642366
0.3983835605703706 0.8640052017642366
0.4024239646107747 0.8640052017642366
0.4064643686511787 0.8640052017642366
0.41050477269158275 0.8640052017642366
0.41454517673198676 0.8640052017642366
0.41858558077239083 0.8640052017642366
0.4226259848127949 0.8640052017642366
0.4266663888531989 0.8640052017642366
0.4307067928936029 0.8640052017642366
0.434747196934007 0.8640052017642366
0.43878760097441105 0.8640052017642366
0.44282800501481506 0.8640052017642366
0.4468684090552191 0.8640052017642366
0.45090881309562314 0.8640052017642366
0.4549492171360272 0.8640052017642366
0.4589896211764312 0.8640052017642366
0.4630300252168353 0.8640052017642366
0.535757297944108 0.8640052017642366
0.539797701984512 0.8640052017642366
0.5438381060249161 0.8640052017642366
0.5478785100653201 0.8640052017642366
0.5519189141057241 0.8640052017642366
0.5559593181461282 0.8640052017642366
0.5599997221865323 0.8640052017642366
0.5640401262269363 0.8640052017642366
0.5680805302673404 0.8640052017642366
0.5721209343077444 0.8640052017642366
0.5761613383481484 0.8640052017642366
0.5802017423885524 0.8640052017642366
0.5842421464289564 0.8640052017642366
0.5882825504693605 0.8640052017642366
0.5923229545097646 0.8640052017642366
0.5963633585501686 0.8640052017642366
0.6004037625905727 0.8640052017642366
0.6044441666309767 0.8640052017642366
0.6084845706713807 0.8640052017642366
0.6125249747117847 0.8640052017642366
0.6165653787521888 0.8640052017642366
0.6206057827925928 0.8640052017642366
0.6246461868329969 0.8640052017642366
0.628686590873401 0.8640052017642366
0.632726994913805 0.8640052017642366
0.6367673989542091 0.8640052017642366
0.640807802994613 0.8640052017642366
0.6448482070350171 0.8640052017642366
0.6488886110754211 0.8640052017642366
0.6529290151158251 0.8640052017642366
0.6569694191562292 0.8640052017642366
0.6610098231966333 0.8640052017642366
0.6650502272370373 0.8640052017642366
0.6690906312774414 0.8640052017642366
0.6731310353178453 0.8640052017642366
0.6771714393582494 0.8640052017642366
0.6812118433986534 0.8640052017642366
0.6852522474390574 0.8640052017642366
0.6892926514794615 0.8640052017642366
0.6933330555198656 0.8640052017642366
0.6973734595602696 0.8640052017642366
0.2973734595602696 0.8680456058046406
0.3014138636006737 0.8680456058046406
0.3054542676410777 0.8680456058046406
0.3094946716814817 0.8680456058046406
0.31353507572188577 0.8680456058046406
0.31757547976228984 0.8680456058046406
0.32161588380269385 0.8680456058046406
0.3256562878430979 0.8680456058046406
0.3296966918835019 0.8680456058046406
0.333737095923906 0.8680456058046406
0.33777749996431 0.8680456058046406
0.34181790400471407 0.8680456058046406
0.3458583080451181 0.8680456058046406
0.34989871208552215 0.8680456058046406
0.3539391161259262 0.8680456058046406
0.3579795201663302 0.8680456058046406
0.36201992420673423 0.8680456058046406
0.3660603282471383 0.8680456058046406
0.37010073228754237 0.8680456058046406
0.3741411363279464 0.8680456058046406
0.3781815403683504 0.8680456058046406
0.38222194440875445 0.8680456058046406
0.3862623484491585 0.8680456058046406
0.39030275248956253 0.8680456058046406
0.3943431565299666 0.8680456058046406
0.3983835605703706 0.8680456058046406
0.4024239646107747 0.8680456058046406
0.4064643686511787 0.8680456058046406
0.41050477269158275 0.8680456058046406
0.41454517673198676 0.8680456058046406
0.41858558077239083 0.8680456058046406
0.4226259848127949 0.8680456058046406
0.4266663888531989 0.8680456058046406
0.4307067928936029 0.8680456058046406
0.434747196934007 0.8680456058046406
0.43878760097441105 0.8680456058046406
0.44282800501481506 0.8680456058046406
0.4468684090552191 0.8680456058046406
0.45090881309562314 0.8680456058046406
0.4549492171360272 0.8680456058046406
0.5276764898633 0.8680456058046406
0.531716893903704 0.8680456058046406
0.535757297944108 0.8680456058046406
0.539797701984512 0.8680456058046406
0.5438381060249161 0.8680456058046406
0.5478785100653201 0.8680456058046406
0.5519189141057241 0.8680456058046406
0.5559593181461282 0.8680456058046406
0.5599997221865323 0.8680456058046406
0.5640401262269363 0.8680456058046406
0.5680805302673404 0.8680456058046406
0.5721209343077444 0.8680456058046406
0.5761613383481484 0.8680456058046406
0.5802017423885524 0.8680456058046406
0.5842421464289564 0.8680456058046406
0.5882825504693605 0.8680456058046406
0.5923229545097646 0.8680456058046406
0.5963633585501686 0.8680456058046406
0.6004037625905727 0.8680456058046406
0.6044441666309767 0.8680456058046406
0.6084845706713807 0.8680456058046406
0.6125249747117847 0.8680456058046406
0.6165653787521888 0.8680456058046406
0.6206057827925928 0.8680456058046406
0.6246461868329969 0.8680456058046406
0.628686590873401 0.8680456058046406
0.632726994913805 0.8680456058046406
0.6367673989542091 0.8680456058046406
0.640807802994613 0.8680456058046406
0.6448482070350171 0.8680456058046406
0.6488886110754211 0.8680456058046406
0.6529290151158251 0.8680456058046406
0.6569694191562292 0.8680456058046406
0.6610098231966333 0.8680456058046406
0.6650502272370373 0.8680456058046406
0.6690906312774414 0.8680456058046406
0.6731310353178453 0.8680456058046406
0.6771714393582494 0.8680456058046406
0.6812118433986534 0.8680456058046406
0.6852522474390574 0.8680456058046406
0.6892926514794615 0.8680456058046406
0.6933330555198656 0.8680456058046406
0.6973734595602696 0.8680456058046406
0.2973734595602696 0.8720860098450447
0.3014138636006737 0.8720860098450447
0.3054542676410777 0.8720860098450447
0.3094946716814817 0.8720860098450447
0.31353507572188577 0.8720860098450447
0.31757547976228984 0.8720860098450447
0.32161588380269385 0.8720860098450447
0.3256562878430979 0.8720860098450447
0.3296966918835019 0.8720860098450447
0.333737095923906 0.8720860098450447
0.33777749996431 0.8720860098450447
0.34181790400471407 0.8720860098450447
0.3458583080451181 0.8720860098450447
0.34989871208552215 0.8720860098450447
0.3539391161259262 0.8720860098450447
0.3579795201663302 0.8720860098450447
0.36201992420673423 0.8720860098450447
0.3660603282471383 0.8720860098450447
0.37010073228754237 0.8720860098450447
0.3741411363279464 0.8720860098450447
0.3781815403683504 0.8720860098450447
0.38222194440875445 0.8720860098450447
0.3862623484491585 0.8720860098450447
0.39030275248956253 0.8720860098450447
0.3943431565299666 0.8720860098450447
0.3983835605703706 0.8720860098450447
0.4024239646107747 0.8720860098450447
0.4064643686511787 0.8720860098450447
0.41050477269158275 0.8720860098450447
0.41454517673198676 0.8720860098450447
0.41858558077239083 0.8720860098450447
0.4226259848127949 0.8720860098450447
0.4266663888531989 0.8720860098450447
0.4307067928936029 0.8720860098450447
0.434747196934007 0.8720860098450447
0.43878760097441105 0.8720860098450447
0.44282800501481506 0.8720860098450447
0.4468684090552191 0.8720860098450447
0.45090881309562314 0.8720860098450447
0.4549492171360272 0.8720860098450447
0.5195956817824918 0.8720860098450447
0.5236360858228959 0.8720860098450447
0.5276764898633 0.8720860098450447
0.531716893903704 0.8720860098450447
0.535757297944108 0.8720860098450447
0.539797701984512 0.8720860098450447
0.5438381060249161 0.8720860098450447
0.5478785100653201 0.8720860098450447
0.5519189141057241 0.8720860098450447
0.5559593181461282 0.8720860098450447
0.5599997221865323 0.8720860098450447
0.5640401262269363 0.8720860098450447
0.5680805302673404 0.8720860098450447
0.5721209343077444 0.8720860098450447
0.5761613383481484 0.8720860098450447
0.5802017423885524 0.8720860098450447
0.5842421464289564 0.8720860098450447
0.5882825504693605 0.8720860098450447
0.5923229545097646 0.8720860098450447
0.5963633585501686 0.8720860098450447
0.6004037625905727 0.8720860098450447
0.6044441666309767 0.8720860098450447
0.6084845706713807 0.8720860098450447
0.6125249747117847 0.8720860098450447
0.6165653787521888 0.8720860098450447
0.6206057827925928 0.8720860098450447
0.6246461868329969 0.8720860098450447
0.628686590873401 0.8720860098450447
0.632726994913805 0.8720860098450447
0.6367673989542091 0.8720860098450447
0.640807802994613 0.8720860098450447
0.6448482070350171 0.8720860098450447
0.6488886110754211 0.8720860098450447
0.6529290151158251 0.8720860098450447
0.6569694191562292 0.8720860098450447
0.6610098231966333 0.8720860098450447
0.6650502272370373 0.8720860098450447
0.6690906312774414 0.8720860098450447
0.6731310353178453 0.8720860098450447
0.6771714393582494 0.8720860098450447
0.6812118433986534 0.8720860098450447
0.6852522474390574 0.8720860098450447
0.6892926514794615 0.8720860098450447
0.6933330555198656 0.8720860098450447
0.6973734595602696 0.8720860098450447
0.2973734595602696 0.8761264138854487
0.3014138636006737 0.8761264138854487
0.3054542676410777 0.8761264138854487
0.3094946716814817 0.8761264138854487
0.31353507572188577 0.8761264138854487
0.31757547976228984 0.8761264138854487
0.32161588380269385 0.8761264138854487
0.3256562878430979 0.8761264138854487
0.3296966918835019 0.8761264138854487
0.333737095923906 0.8761264138854487
0.33777749996431 0.8761264138854487
0.34181790400471407 0.8761264138854487
0.3458583080451181 0.8761264138854487
0.34989871208552215 0.8761264138854487
0.3539391161259262 0.8761264138854487
0.3579795201663302 0.8761264138854487
0.36201992420673423 0.8761264138854487
0.3660603282471383 0.8761264138854487
0.37010073228754237 0.8761264138854487
0.3741411363279464 0.8761264138854487
0.3781815403683504 0.8761264138854487
0.38222194440875445 0.8761264138854487
0.3862623484491585 0.8761264138854487
0.39030275248956253 0.8761264138854487
0.3943431565299666 0.8761264138854487
0.3983835605703706 0.8761264138854487
0.4024239646107747 0.8761264138854487
0.4064643686511787 0.8761264138854487
0.41050477269158275 0.8761264138854487
0.41454517673198676 0.8761264138854487
0.41858558077239083 0.8761264138854487
0.4226259848127949 0.8761264138854487
0.4266663888531989 0.8761264138854487
0.4307067928936029 0.8761264138854487
0.434747196934007 0.8761264138854487
0.43878760097441105 0.8761264138854487
0.44282800501481506 0.8761264138854487
0.5115148737016837 0.8761264138854487
0.5155552777420878 0.8761264138854487
0.5195956817824918 0.8761264138854487
0.5236360858228959 0.8761264138854487
0.5276764898633 0.8761264138854487
0.531716893903704 0.8761264138854487
0.535757297944108 0.8761264138854487
0.539797701984512 0.8761264138854487
0.5438381060249161 0.8761264138854487
0.5478785100653201 0.8761264138854487
0.5519189141057241 0.8761264138854487
0.5559593181461282 0.8761264138854487
0.5599997221865323 0.8761264138854487
0.5640401262269363 0.8761264138854487
0.5680805302673404 0.8761264138854487
0.5721209343077444 0.8761264138854487
0.5761613383481484 0.8761264138854487
0.5802017423885524 0.8761264138854487
0.5842421464289564 0.8761264138854487
0.5882825504693605 0.8761264138854487
0.5923229545097646 0.8761264138854487
0.5963633585501686 0.8761264138854487
0.6004037625905727 0.8761264138854487
0.6044441666309767 0.8761264138854487
0.6084845706713807 0.8761264138854487
0.6125249747117847 0.8761264138854487
0.6165653787521888 0.8761264138854487
0.6206057827925928 0.8761264138854487
0.6246461868329969 0.8761264138854487
0.628686590873401 0.8761264138854487
0.632726994913805 0.8761264138854487
0.6367673989542091 0.8761264138854487
0.640807802994613 0.8761264138854487
0.6448482070350171 0.8761264138854487
0.6488886110754211 0.8761264138854487
0.6529290151158251 0.8761264138854487
0.6569694191562292 0.8761264138854487
0.6610098231966333 0.8761264138854487
0.6650502272370373 0.8761264138854487
0.6690906312774414 0.8761264138854487
0.6731310353178453 0.8761264138854487
0.6771714393582494 0.8761264138854487
0.6812118433986534 0.8761264138854487
0.6852522474390574 0.8761264138854487
0.6892926514794615 0.8761264138854487
0.6933330555198656 0.8761264138854487
0.6973734595602696 0.8761264138854487
0.2973734595602696 0.8801668179258527
0.3014138636006737 0.8801668179258527
0.3054542676410777 0.8801668179258527
0.3094946716814817 0.8801668179258527
0.31353507572188577 0.8801668179258527
0.31757547976228984 0.8801668179258527
0.32161588380269385 0.8801668179258527
0.3256562878430979 0.8801668179258527
0.3296966918835019 0.8801668179258527
0.333737095923906 0.8801668179258527
0.33777749996431 0.8801668179258527
0.34181790400471407 0.8801668179258527
0.3458583080451181 0.8801668179258527
0.34989871208552215 0.8801668179258527
0.3539391161259262 0.8801668179258527
0.3579795201663302 0.8801668179258527
0.36201992420673423 0.8801668179258527
0.3660603282471383 0.8801668179258527
0.37010073228754237 0.8801668179258527
0.3741411363279464 0.8801668179258527
0.3781815403683504 0.8801668179258527
0.38222194440875445 0.8801668179258527
0.3862623484491585 0.8801668179258527
0.39030275248956253 0.8801668179258527
0.3943431565299666 0.8801668179258527
0.3983835605703706 0.8801668179258527
0.4024239646107747 0.8801668179258527
0.4064643686511787 0.8801668179258527
0.41050477269158275 0.8801668179258527
0.41454517673198676 0.8801668179258527
0.41858558077239083 0.8801668179258527
0.4226259848127949 0.8801668179258527
0.4266663888531989 0.8801668179258527
0.434747196934007 0.8801668179258527
0.43878760097441105 0.8801668179258527
0.5074744696612797 0.8801668179258527
0.5155552777420878 0.8801668179258527
0.5195956817824918 0.8801668179258527
0.5236360858228959 0.8801668179258527
0.5276764898633 0.8801668179258527
0.531716893903704 0.8801668179258527
0.535757297944108 0.8801668179258527
0.539797701984512 0.8801668179258527
0.5438381060249161 0.8801668179258527
0.5478785100653201 0.8801668179258527
0.5519189141057241 0.8801668179258527
0.5559593181461282 0.8801668179258527
0.5599997221865323 0.8801668179258527
0.5640401262269363 0.8801668179258527
0.5680805302673404 0.8801668179258527
0.5721209343077444 0.8801668179258527
0.5761613383481484 0.8801668179258527
0.5802017423885524 0.8801668179258527
0.5842421464289564 0.8801668179258527
0.5882825504693605 0.8801668179258527
0.5923229545097646 0.8801668179258527
0.5963633585501686 0.8801668179258527
0.6004037625905727 0.8801668179258527
0.6044441666309767 0.8801668179258527
0.6084845706713807 0.8801668179258527
0.6125249747117847 0.8801668179258527
0.6165653787521888 0.8801668179258527
0.6206057827925928 0.8801668179258527
0.6246461868329969 0.8801668179258527
0.628686590873401 0.8801668179258527
0.632726994913805 0.8801668179258527
0.6367673989542091 0.8801668179258527
0.640807802994613 0.8801668179258527
0.6448482070350171 0.8801668179258527
0.6488886110754211 0.8801668179258527
0.6529290151158251 0.8801668179258527
0.6569694191562292 0.8801668179258527
0.6610098231966333 0.8801668179258527
0.6650502272370373 0.8801668179258527
0.6690906312774414 0.8801668179258527
0.6731310353178453 0.8801668179258527
0.6771714393582494 0.8801668179258527
0.6812118433986534 0.8801668179258527
0.6852522474390574 0.8801668179258527
0.6892926514794615 0.8801668179258527
0.6933330555198656 0.8801668179258527
0.6973734595602696 0.8801668179258527
0.2973734595602696 0.8842072219662568
0.3014138636006737 0.8842072219662568
0.3054542676410777 0.8842072219662568
0.3094946716814817 0.8842072219662568
0.31353507572188577 0.8842072219662568
0.31757547976228984 0.8842072219662568
0.32161588380269385 0.8842072219662568
0.3256562878430979 0.8842072219662568
0.3296966918835019 0.8842072219662568
0.333737095923906 0.8842072219662568
0.33777749996431 0.8842072219662568
0.34181790400471407 0.8842072219662568
0.3458583080451181 0.8842072219662568
0.34989871208552215 0.8842072219662568
0.3539391161259262 0.8842072219662568
0.3579795201663302 0.8842072219662568
0.36201992420673423 0.8842072219662568
0.3660603282471383 0.8842072219662568
0.37010073228754237 0.8842072219662568
0.3741411363279464 0.8842072219662568
0.3781815403683504 0.8842072219662568
0.38222194440875445 0.8842072219662568
0.3862623484491585 0.8842072219662568
0.39030275248956253 0.8842072219662568
0.3943431565299666 0.8842072219662568
0.3983835605703706 0.8842072219662568
0.4024239646107747 0.8842072219662568
0.4064643686511787 0.8842072219662568
0.41050477269158275 0.8842072219662568
0.41454517673198676 0.8842072219662568
0.41858558077239083 0.8842072219662568
0.4226259848127949 0.8842072219662568
0.4266663888531989 0.8842072219662568
0.4993936615804716 0.8842072219662568
0.5034340656208757 0.8842072219662568
0.5074744696612797 0.8842072219662568
0.5115148737016837 0.8842072219662568
0.5155552777420878 0.8842072219662568
0.5195956817824918 0.8842072219662568
0.5236360858228959 0.8842072219662568
0.5276764898633 0.8842072219662568
0.531716893903704 0.8842072219662568
0.535757297944108 0.8842072219662568
0.539797701984512 0.8842072219662568
0.5438381060249161 0.8842072219662568
0.5478785100653201 0.8842072219662568
0.5519189141057241 0.8842072219662568
0.5559593181461282 0.8842072219662568
0.5599997221865323 0.8842072219662568
0.5640401262269363 0.8842072219662568
0.5680805302673404 0.8842072219662568
0.5721209343077444 0.8842072219662568
0.5761613383481484 0.8842072219662568
0.5802017423885524 0.8842072219662568
0.5842421464289564 0.8842072219662568
0.5882825504693605 0.8842072219662568
0.5923229545097646 0.8842072219662568
0.5963633585501686 0.8842072219662568
0.6004037625905727 0.8842072219662568
0.6044441666309767 0.8842072219662568
0.6084845706713807 0.8842072219662568
0.6125249747117847 0.8842072219662568
0.6165653787521888 0.8842072219662568
0.6206057827925928 0.8842072219662568
0.6246461868329969 0.8842072219662568
0.628686590873401 0.8842072219662568
0.632726994913805 0.8842072219662568
0.6367673989542091 0.8842072219662568
0.640807802994613 0.8842072219662568
0.6448482070350171 0.8842072219662568
0.6488886110754211 0.8842072219662568
0.6529290151158251 0.8842072219662568
0.6569694191562292 0.8842072219662568
0.6610098231966333 0.8842072219662568
0.6650502272370373 0.8842072219662568
0.6690906312774414 0.8842072219662568
0.6731310353178453 0.8842072219662568
0.6771714393582494 0.8842072219662568
0.6812118433986534 0.8842072219662568
0.6852522474390574 0.8842072219662568
0.6892926514794615 0.8842072219662568
0.6933330555198656 0.8842072219662568
0.6973734595602696 0.8842072219662568
0.2973734595602696 0.8882476260066607
0.3014138636006737 0.8882476260066607
0.3054542676410777 0.8882476260066607
0.3094946716814817 0.8882476260066607
0.31353507572188577 0.8882476260066607
0.31757547976228984 0.8882476260066607
0.32161588380269385 0.8882476260066607
0.3256562878430979 0.8882476260066607
0.3296966918835019 0.8882476260066607
0.333737095923906 0.8882476260066607
0.33777749996431 0.8882476260066607
0.34181790400471407 0.8882476260066607
0.3458583080451181 0.8882476260066607
0.34989871208552215 0.8882476260066607
0.3539391161259262 0.8882476260066607
0.3579795201663302 0.8882476260066607
0.36201992420673423 0.8882476260066607
0.3660603282471383 0.8882476260066607
0.37010073228754237 0.8882476260066607
0.3741411363279464 0.8882476260066607
0.3781815403683504 0.8882476260066607
0.38222194440875445 0.8882476260066607
0.3862623484491585 0.8882476260066607
0.39030275248956253 0.8882476260066607
0.3943431565299666 0.8882476260066607
0.3983835605703706 0.8882476260066607
0.4024239646107747 0.8882476260066607
0.4064643686511787 0.8882476260066607
0.41050477269158275 0.8882476260066607
0.41454517673198676 0.8882476260066607
0.4913128534996636 0.8882476260066607
0.4953532575400676 0.8882476260066607
0.4993936615804716 0.8882476260066607
0.5034340656208757 0.8882476260066607
0.5074744696612797 0.8882476260066607
0.5115148737016837 0.8882476260066607
0.5155552777420878 0.8882476260066607
0.5195956817824918 0.8882476260066607
0.5236360858228959 0.8882476260066607
0.5276764898633 0.8882476260066607
0.531716893903704 0.8882476260066607
0.535757297944108 0.8882476260066607
0.539797701984512 0.8882476260066607
0.5438381060249161 0.8882476260066607
0.5478785100653201 0.8882476260066607
0.5519189141057241 0.8882476260066607
0.5559593181461282 0.8882476260066607
0.5599997221865323 0.8882476260066607
0.5640401262269363 0.8882476260066607
0.5680805302673404 0.8882476260066607
0.5721209343077444 0.8882476260066607
0.5761613383481484 0.8882476260066607
0.5802017423885524 0.8882476260066607
0.5842421464289564 0.8882476260066607
0.5882825504693605 0.8882476260066607
0.5923229545097646 0.8882476260066607
0.5963633585501686 0.8882476260066607
0.6004037625905727 0.8882476260066607
0.6044441666309767 0.8882476260066607
0.6084845706713807 0.8882476260066607
0.6125249747117847 0.8882476260066607
0.6165653787521888 0.8882476260066607
0.6206057827925928 0.8882476260066607
0.6246461868329969 0.8882476260066607
0.628686590873401 0.8882476260066607
0.632726994913805 0.8882476260066607
0.6367673989542091 0.8882476260066607
0.640807802994613 0.8882476260066607
0.6448482070350171 0.8882476260066607
0.6488886110754211 0.8882476260066607
0.6529290151158251 0.8882476260066607
0.6569694191562292 0.8882476260066607
0.6610098231966333 0.8882476260066607
0.6650502272370373 0.8882476260066607
0.6690906312774414 0.8882476260066607
0.6731310353178453 0.8882476260066607
0.6771714393582494 0.8882476260066607
0.6812118433986534 0.8882476260066607
0.6852522474390574 0.8882476260066607
0.6892926514794615 0.8882476260066607
0.6933330555198656 0.8882476260066607
0.6973734595602696 0.8882476260066607
0.2973734595602696 0.8922880300470648
0.3014138636006737 0.8922880300470648
0.3054542676410777 0.8922880300470648
0.3094946716814817 0.8922880300470648
0.31353507572188577 0.8922880300470648
0.31757547976228984 0.8922880300470648
0.32161588380269385 0.8922880300470648
0.3256562878430979 0.8922880300470648
0.3296966918835019 0.8922880300470648
0.333737095923906 0.8922880300470648
0.33777749996431 0.8922880300470648
0.34181790400471407 0.8922880300470648
0.3458583080451181 0.8922880300470648
0.34989871208552215 0.8922880300470648
0.3539391161259262 0.8922880300470648
0.3579795201663302 0.8922880300470648
0.36201992420673423 0.8922880300470648
0.3660603282471383 0.8922880300470648
0.37010073228754237 0.8922880300470648
0.3741411363279464 0.8922880300470648
0.3781815403683504 0.8922880300470648
0.38222194440875445 0.8922880300470648
0.3862623484491585 0.8922880300470648
0.39030275248956253 0.8922880300470648
0.3943431565299666 0.8922880300470648
0.3983835605703706 0.8922880300470648
0.4024239646107747 0.8922880300470648
0.4064643686511787 0.8922880300470648
0.48323204541885545 0.8922880300470648
0.4872724494592595 0.8922880300470648
0.4913128534996636 0.8922880300470648
0.4953532575400676 0.8922880300470648
0.4993936615804716 0.8922880300470648
0.5034340656208757 0.8922880300470648
0.5074744696612797 0.8922880300470648
0.5115148737016837 0.8922880300470648
0.5155552777420878 0.8922880300470648
0.5195956817824918 0.8922880300470648
0.5236360858228959 0.8922880300470648
0.5276764898633 0.8922880300470648
0.531716893903704 0.8922880300470648
0.535757297944108 0.8922880300470648
0.539797701984512 0.8922880300470648
0.5438381060249161 0.8922880300470648
0.5478785100653201 0.8922880300470648
0.5519189141057241 0.8922880300470648
0.5559593181461282 0.8922880300470648
0.5599997221865323 0.8922880300470648
0.5640401262269363 0.8922880300470648
0.5680805302673404 0.8922880300470648
0.5721209343077444 0.8922880300470648
0.5761613383481484 0.8922880300470648
0.5802017423885524 0.8922880300470648
0.5842421464289564 0.8922880300470648
0.5882825504693605 0.8922880300470648
0.5923229545097646 0.8922880300470648
0.5963633585501686 0.8922880300470648
0.6004037625905727 0.8922880300470648
0.6044441666309767 0.8922880300470648
0.6084845706713807 0.8922880300470648
0.6125249747117847 0.8922880300470648
0.6165653787521888 0.8922880300470648
0.6206057827925928 0.8922880300470648
0.6246461868329969 0.8922880300470648
0.628686590873401 0.8922880300470648
0.632726994913805 0.8922880300470648
0.6367673989542091 0.8922880300470648
0.640807802994613 0.8922880300470648
0.6448482070350171 0.8922880300470648
0.6488886110754211 0.8922880300470648
0.6529290151158251 0.8922880300470648
0.6569694191562292 0.8922880300470648
0.6610098231966333 0.8922880300470648
0.6650502272370373 0.8922880300470648
0.6690906312774414 0.8922880300470648
0.6731310353178453 0.8922880300470648
0.6771714393582494 0.8922880300470648
0.6812118433986534 0.8922880300470648
0.6852522474390574 0.8922880300470648
0.6892926514794615 0.8922880300470648
0.6933330555198656 0.8922880300470648
0.6973734595602696 0.8922880300470648
0.2973734595602696 0.8963284340874689
0.3014138636006737 0.8963284340874689
0.3054542676410777 0.8963284340874689
0.3094946716814817 0.8963284340874689
0.31353507572188577 0.8963284340874689
0.31757547976228984 0.8963284340874689
0.32161588380269385 0.8963284340874689
0.3256562878430979 0.8963284340874689
0.3296966918835019 0.8963284340874689
0.333737095923906 0.8963284340874689
0.33777749996431 0.8963284340874689
0.34181790400471407 0.8963284340874689
0.3458583080451181 0.8963284340874689
0.34989871208552215 0.8963284340874689
0.3539391161259262 0.8963284340874689
0.3579795201663302 0.8963284340874689
0.36201992420673423 0.8963284340874689
0.3660603282471383 0.8963284340874689
0.37010073228754237 0.8963284340874689
0.3741411363279464 0.8963284340874689
0.3781815403683504 0.8963284340874689
0.38222194440875445 0.8963284340874689
0.3862623484491585 0.8963284340874689
0.39030275248956253 0.8963284340874689
0.3943431565299666 0.8963284340874689
0.3983835605703706 0.8963284340874689
0.4024239646107747 0.8963284340874689
0.4751512373380474 0.8963284340874689
0.47919164137845144 0.8963284340874689
0.48323204541885545 0.8963284340874689
0.4872724494592595 0.8963284340874689
0.4913128534996636 0.8963284340874689
0.4953532575400676 0.8963284340874689
0.4993936615804716 0.8963284340874689
0.5034340656208757 0.8963284340874689
0.5074744696612797 0.8963284340874689
0.5115148737016837 0.8963284340874689
0.5155552777420878 0.8963284340874689
0.5195956817824918 0.8963284340874689
0.5236360858228959 0.8963284340874689
0.5276764898633 0.8963284340874689
0.531716893903704 0.8963284340874689
0.535757297944108 0.8963284340874689
0.539797701984512 0.8963284340874689
0.5438381060249161 0.8963284340874689
0.5478785100653201 0.8963284340874689
0.5519189141057241 0.8963284340874689
0.5559593181461282 0.8963284340874689
0.5599997221865323 0.8963284340874689
0.5640401262269363 0.8963284340874689
0.5680805302673404 0.8963284340874689
0.5721209343077444 0.8963284340874689
0.5761613383481484 0.8963284340874689
0.5802017423885524 0.8963284340874689
0.5842421464289564 0.8963284340874689
0.5882825504693605 0.8963284340874689
0.5923229545097646 0.8963284340874689
0.5963633585501686 0.8963284340874689
0.6004037625905727 0.8963284340874689
0.6044441666309767 0.8963284340874689
0.6084845706713807 0.8963284340874689
0.6125249747117847 0.8963284340874689
0.6165653787521888 0.8963284340874689
0.6206057827925928 0.8963284340874689
0.6246461868329969 0.8963284340874689
0.628686590873401 0.8963284340874689
0.632726994913805 0.8963284340874689
0.6367673989542091 0.8963284340874689
0.640807802994613 0.8963284340874689
0.6448482070350171 0.8963284340874689
0.6488886110754211 0.8963284340874689
0.6529290151158251 0.8963284340874689
0.6569694191562292 0.8963284340874689
0.6610098231966333 0.8963284340874689
0.6650502272370373 0.8963284340874689
0.6690906312774414 0.8963284340874689
0.6731310353178453 0.8963284340874689
0.6771714393582494 0.8963284340874689
0.6812118433986534 0.8963284340874689
0.6852522474390574 0.8963284340874689
0.6892926514794615 0.8963284340874689
0.6933330555198656 0.8963284340874689
0.6973734595602696 0.8963284340874689
0.2973734595602696 0.9003688381278729
0.3014138636006737 0.9003688381278729
0.3054542676410777 0.9003688381278729
0.3094946716814817 0.9003688381278729
0.31353507572188577 0.9003688381278729
0.31757547976228984 0.9003688381278729
0.32161588380269385 0.9003688381278729
0.3256562878430979 0.9003688381278729
0.3296966918835019 0.9003688381278729
0.333737095923906 0.9003688381278729
0.33777749996431 0.9003688381278729
0.34181790400471407 0.9003688381278729
0.3458583080451181 0.9003688381278729
0.34989871208552215 0.9003688381278729
0.3539391161259262 0.9003688381278729
0.3579795201663302 0.9003688381278729
0.36201992420673423 0.9003688381278729
0.3660603282471383 0.9003688381278729
0.37010073228754237 0.9003688381278729
0.3741411363279464 0.9003688381278729
0.3781815403683504 0.9003688381278729
0.38222194440875445 0.9003688381278729
0.3862623484491585 0.9003688381278729
0.39030275248956253 0.9003688381278729
0.3943431565299666 0.9003688381278729
0.47111083329764336 0.9003688381278729
0.4751512373380474 0.9003688381278729
0.47919164137845144 0.9003688381278729
0.48323204541885545 0.9003688381278729
0.4872724494592595 0.9003688381278729
0.4913128534996636 0.9003688381278729
0.4953532575400676 0.9003688381278729
0.4993936615804716 0.9003688381278729
0.5034340656208757 0.9003688381278729
0.5074744696612797 0.9003688381278729
0.5115148737016837 0.9003688381278729
0.5155552777420878 0.9003688381278729
0.5195956817824918 0.9003688381278729
0.5236360858228959 0.9003688381278729
0.5276764898633 0.9003688381278729
0.531716893903704 0.9003688381278729
0.535757297944108 0.9003688381278729
0.539797701984512 0.9003688381278729
0.5438381060249161 0.9003688381278729
0.5478785100653201 0.9003688381278729
0.5519189141057241 0.9003688381278729
0.5559593181461282 0.9003688381278729
0.5599997221865323 0.9003688381278729
0.5640401262269363 0.9003688381278729
0.5680805302673404 0.9003688381278729
0.5721209343077444 0.9003688381278729
0.5761613383481484 0.9003688381278729
0.5802017423885524 0.9003688381278729
0.5842421464289564 0.9003688381278729
0.5882825504693605 0.9003688381278729
0.5923229545097646 0.9003688381278729
0.5963633585501686 0.9003688381278729
0.6004037625905727 0.9003688381278729
0.6044441666309767 0.9003688381278729
0.6084845706713807 0.9003688381278729
0.6125249747117847 0.9003688381278729
0.6165653787521888 0.9003688381278729
0.6206057827925928 0.9003688381278729
0.6246461868329969 0.9003688381278729
0.628686590873401 0.9003688381278729
0.632726994913805 0.9003688381278729
0.6367673989542091 0.9003688381278729
0.640807802994613 0.9003688381278729
0.6448482070350171 0.9003688381278729
0.6488886110754211 0.9003688381278729
0.6529290151158251 0.9003688381278729
0.6569694191562292 0.9003688381278729
0.6610098231966333 0.9003688381278729
0.6650502272370373 0.9003688381278729
0.6690906312774414 0.9003688381278729
0.6731310353178453 0.9003688381278729
0.6771714393582494 0.9003688381278729
0.6812118433986534 0.9003688381278729
0.6852522474390574 0.9003688381278729
0.6892926514794615 0.9003688381278729
0.6933330555198656 0.9003688381278729
0.6973734595602696 0.9003688381278729
0.2973734595602696 0.904409242168277
0.3014138636006737 0.904409242168277
0.3054542676410777 0.904409242168277
0.3094946716814817 0.904409242168277
0.31353507572188577 0.904409242168277
0.31757547976228984 0.904409242168277
0.32161588380269385 0.904409242168277
0.3256562878430979 0.904409242168277
0.3296966918835019 0.904409242168277
0.333737095923906 0.904409242168277
0.33777749996431 0.904409242168277
0.34181790400471407 0.904409242168277
0.3458583080451181 0.904409242168277
0.34989871208552215 0.904409242168277
0.3539391161259262 0.904409242168277
0.3579795201663302 0.904409242168277
0.36201992420673423 0.904409242168277
0.3660603282471383 0.904409242168277
0.37010073228754237 0.904409242168277
0.3741411363279464 0.904409242168277
0.3781815403683504 0.904409242168277
0.3862623484491585 0.904409242168277
0.4589896211764312 0.904409242168277
0.4630300252168353 0.904409242168277
0.4670704292572393 0.904409242168277
0.47111083329764336 0.904409242168277
0.4751512373380474 0.904409242168277
0.47919164137845144 0.904409242168277
0.48323204541885545 0.904409242168277
0.4872724494592595 0.904409242168277
0.4913128534996636 0.904409242168277
0.4953532575400676 0.904409242168277
0.4993936615804716 0.904409242168277
0.5034340656208757 0.904409242168277
0.5074744696612797 0.904409242168277
0.5115148737016837 0.904409242168277
0.5155552777420878 0.904409242168277
0.5195956817824918 0.904409242168277
0.5236360858228959 0.904409242168277
0.5276764898633 0.904409242168277
0.531716893903704 0.904409242168277
0.535757297944108 0.904409242168277
0.539797701984512 0.904409242168277
0.5438381060249161 0.904409242168277
0.5478785100653201 0.904409242168277
0.5519189141057241 0.904409242168277
0.5559593181461282 0.904409242168277
0.5599997221865323 0.904409242168277
0.5640401262269363 0.904409242168277
0.5680805302673404 0.904409242168277
0.5721209343077444 0.904409242168277
0.5761613383481484 0.904409242168277
0.5802017423885524 0.904409242168277
0.5842421464289564 0.904409242168277
0.5882825504693605 0.904409242168277
0.5923229545097646 0.904409242168277
0.5963633585501686 0.904409242168277
0.6004037625905727 0.904409242168277
0.6044441666309767 0.904409242168277
0.6084845706713807 0.904409242168277
0.6125249747117847 0.904409242168277
0.6165653787521888 0.904409242168277
0.6206057827925928 0.904409242168277
0.6246461868329969 0.904409242168277
0.628686590873401 0.904409242168277
0.632726994913805 0.904409242168277
0.6367673989542091 0.904409242168277
0.640807802994613 0.904409242168277
0.6448482070350171 0.904409242168277
0.6488886110754211 0.904409242168277
0.6529290151158251 0.904409242168277
0.6569694191562292 0.904409242168277
0.6610098231966333 0.904409242168277
0.6650502272370373 0.904409242168277
0.6690906312774414 0.904409242168277
0.6731310353178453 0.904409242168277
0.6771714393582494 0.904409242168277
0.6812118433986534 0.904409242168277
0.6852522474390574 0.904409242168277
0.6892926514794615 0.904409242168277
0.6933330555198656 0.904409242168277
0.6973734595602696 0.904409242168277
0.2973734595602696 0.9084496462086811
0.3014138636006737 0.9084496462086811
0.3054542676410777 0.9084496462086811
0.3094946716814817 0.9084496462086811
0.31353507572188577 0.9084496462086811
0.31757547976228984 0.9084496462086811
0.32161588380269385 0.9084496462086811
0.3256562878430979 0.9084496462086811
0.3296966918835019 0.9084496462086811
0.333737095923906 0.9084496462086811
0.33777749996431 0.9084496462086811
0.34181790400471407 0.9084496462086811
0.3458583080451181 0.9084496462086811
0.34989871208552215 0.9084496462086811
0.3539391161259262 0.9084496462086811
0.3579795201663302 0.9084496462086811
0.36201992420673423 0.9084496462086811
0.3660603282471383 0.9084496462086811
0.37010073228754237 0.9084496462086811
0.3741411363279464 0.9084496462086811
0.45090881309562314 0.9084496462086811
0.4549492171360272 0.9084496462086811
0.4589896211764312 0.9084496462086811
0.4630300252168353 0.9084496462086811
0.4670704292572393 0.9084496462086811
0.47111083329764336 0.9084496462086811
0.4751512373380474 0.9084496462086811
0.47919164137845144 0.9084496462086811
0.48323204541885545 0.9084496462086811
0.4872724494592595 0.9084496462086811
0.4913128534996636 0.9084496462086811
0.4953532575400676 0.9084496462086811
0.4993936615804716 0.9084496462086811
0.5034340656208757 0.9084496462086811
0.5074744696612797 0.9084496462086811
0.5115148737016837 0.9084496462086811
0.5155552777420878 0.9084496462086811
0.5195956817824918 0.9084496462086811
0.5236360858228959 0.9084496462086811
0.5276764898633 0.9084496462086811
0.531716893903704 0.9084496462086811
0.535757297944108 0.9084496462086811
0.539797701984512 0.9084496462086811
0.5438381060249161 0.9084496462086811
0.5478785100653201 0.9084496462086811
0.5519189141057241 0.9084496462086811
0.5559593181461282 0.9084496462086811
0.5599997221865323 0.9084496462086811
0.5640401262269363 0.9084496462086811
0.5680805302673404 0.9084496462086811
0.5721209343077444 0.9084496462086811
0.5761613383481484 0.9084496462086811
0.5802017423885524 0.9084496462086811
0.5842421464289564 0.9084496462086811
0.5882825504693605 0.9084496462086811
0.5923229545097646 0.9084496462086811
0.5963633585501686 0.9084496462086811
0.6004037625905727 0.9084496462086811
0.6044441666309767 0.9084496462086811
0.6084845706713807 0.9084496462086811
0.6125249747117847 0.9084496462086811
0.6165653787521888 0.9084496462086811
0.6206057827925928 0.9084496462086811
0.6246461868329969 0.9084496462086811
0.628686590873401 0.9084496462086811
0.632726994913805 0.9084496462086811
0.6367673989542091 0.9084496462086811
0.640807802994613 0.9084496462086811
0.6448482070350171 0.9084496462086811
0.6488886110754211 0.9084496462086811
0.6529290151158251 0.9084496462086811
0.6569694191562292 0.9084496462086811
0.6610098231966333 0.9084496462086811
0.6650502272370373 0.9084496462086811
0.6690906312774414 0.9084496462086811
0.6731310353178453 0.9084496462086811
0.6771714393582494 0.9084496462086811
0.6812118433986534 0.9084496462086811
0.6852522474390574 0.9084496462086811
0.6892926514794615 0.9084496462086811
0.6933330555198656 0.9084496462086811
0.6973734595602696 0.9084496462086811
0.2973734595602696 0.912490050249085
0.3014138636006737 0.912490050249085
0.3054542676410777 0.912490050249085
0.3094946716814817 0.912490050249085
0.31353507572188577 0.912490050249085
0.31757547976228984 0.912490050249085
0.32161588380269385 0.912490050249085
0.3256562878430979 0.912490050249085
0.3296966918835019 0.912490050249085
0.333737095923906 0.912490050249085
0.33777749996431 0.912490050249085
0.34181790400471407 0.912490050249085
0.3458583080451181 0.912490050249085
0.34989871208552215 0.912490050249085
0.3539391161259262 0.912490050249085
0.36201992420673423 0.912490050249085
0.3660603282471383 0.912490050249085
0.44282800501481506 0.912490050249085
0.4468684090552191 0.912490050249085
0.45090881309562314 0.912490050249085
0.4549492171360272 0.912490050249085
0.4589896211764312 0.912490050249085
0.4630300252168353 0.912490050249085
0.4670704292572393 0.912490050249085
0.47111083329764336 0.912490050249085
0.4751512373380474 0.912490050249085
0.47919164137845144 0.912490050249085
0.48323204541885545 0.912490050249085
0.4872724494592595 0.912490050249085
0.4913128534996636 0.912490050249085
0.4953532575400676 0.912490050249085
0.4993936615804716 0.912490050249085
0.5034340656208757 0.912490050249085
0.5074744696612797 0.912490050249085
0.5115148737016837 0.912490050249085
0.5155552777420878 0.912490050249085
0.5195956817824918 0.912490050249085
0.5236360858228959 0.912490050249085
0.5276764898633 0.912490050249085
0.531716893903704 0.912490050249085
0.535757297944108 0.912490050249085
0.539797701984512 0.912490050249085
0.5438381060249161 0.912490050249085
0.5478785100653201 0.912490050249085
0.5519189141057241 0.912490050249085
0.5559593181461282 0.912490050249085
0.5599997221865323 0.912490050249085
0.5640401262269363 0.912490050249085
0.5680805302673404 0.912490050249085
0.5721209343077444 0.912490050249085
0.5761613383481484 0.912490050249085
0.5802017423885524 0.912490050249085
0.5842421464289564 0.912490050249085
0.5882825504693605 0.912490050249085
0.5923229545097646 0.912490050249085
0.5963633585501686 0.912490050249085
0.6004037625905727 0.912490050249085
0.6044441666309767 0.912490050249085
0.6084845706713807 0.912490050249085
0.6125249747117847 0.912490050249085
0.6165653787521888 0.912490050249085
0.6206057827925928 0.912490050249085
0.6246461868329969 0.912490050249085
0.628686590873401 0.912490050249085
0.632726994913805 0.912490050249085
0.6367673989542091 0.912490050249085
0.640807802994613 0.912490050249085
0.6448482070350171 0.912490050249085
0.6488886110754211 0.912490050249085
0.6529290151158251 0.912490050249085
0.6569694191562292 0.912490050249085
0.6610098231966333 0.912490050249085
0.6650502272370373 0.912490050249085
0.6690906312774414 0.912490050249085
0.6731310353178453 0.912490050249085
0.6771714393582494 0.912490050249085
0.6812118433986534 0.912490050249085
0.6852522474390574 0.912490050249085
0.6892926514794615 0.912490050249085
0.6933330555198656 0.912490050249085
0.6973734595602696 0.912490050249085
0.2973734595602696 0.9165304542894891
0.3014138636006737 0.9165304542894891
0.3054542676410777 0.9165304542894891
0.3094946716814817 0.9165304542894891
0.31353507572188577 0.9165304542894891
0.31757547976228984 0.9165304542894891
0.32161588380269385 0.9165304542894891
0.3256562878430979 0.9165304542894891
0.3296966918835019 0.9165304542894891
0.333737095923906 0.9165304542894891
0.33777749996431 0.9165304542894891
0.34181790400471407 0.9165304542894891
0.3458583080451181 0.9165304542894891
0.34989871208552215 0.9165304542894891
0.3539391161259262 0.9165304542894891
0.434747196934007 0.9165304542894891
0.43878760097441105 0.9165304542894891
0.44282800501481506 0.9165304542894891
0.4468684090552191 0.9165304542894891
0.45090881309562314 0.9165304542894891
0.4549492171360272 0.9165304542894891
0.4589896211764312 0.9165304542894891
0.4630300252168353 0.9165304542894891
0.4670704292572393 0.9165304542894891
0.47111083329764336 0.9165304542894891
0.4751512373380474 0.9165304542894891
0.47919164137845144 0.9165304542894891
0.48323204541885545 0.9165304542894891
0.4872724494592595 0.9165304542894891
0.4913128534996636 0.9165304542894891
0.4953532575400676 0.9165304542894891
0.4993936615804716 0.9165304542894891
0.5034340656208757 0.9165304542894891
0.5074744696612797 0.9165304542894891
0.5115148737016837 0.9165304542894891
0.5155552777420878 0.9165304542894891
0.5195956817824918 0.9165304542894891
0.5236360858228959 0.9165304542894891
0.5276764898633 0.9165304542894891
0.531716893903704 0.9165304542894891
0.535757297944108 0.9165304542894891
0.539797701984512 0.9165304542894891
0.5438381060249161 0.9165304542894891
0.5478785100653201 0.9165304542894891
0.5519189141057241 0.9165304542894891
0.5559593181461282 0.9165304542894891
0.5599997221865323 0.9165304542894891
0.5640401262269363 0.9165304542894891
0.5680805302673404 0.9165304542894891
0.5721209343077444 0.9165304542894891
0.5761613383481484 0.9165304542894891
0.5802017423885524 0.9165304542894891
0.5842421464289564 0.9165304542894891
0.5882825504693605 0.9165304542894891
0.5923229545097646 0.9165304542894891
0.5963633585501686 0.9165304542894891
0.6004037625905727 0.9165304542894891
0.6044441666309767 0.9165304542894891
0.6084845706713807 0.9165304542894891
0.6125249747117847 0.9165304542894891
0.6165653787521888 0.9165304542894891
0.6206057827925928 0.9165304542894891
0.6246461868329969 0.9165304542894891
0.628686590873401 0.9165304542894891
0.632726994913805 0.9165304542894891
0.6367673989542091 0.9165304542894891
0.640807802994613 0.9165304542894891
0.6448482070350171 0.9165304542894891
0.6488886110754211 0.9165304542894891
0.6529290151158251 0.9165304542894891
0.6569694191562292 0.9165304542894891
0.6610098231966333 0.9165304542894891
0.6650502272370373 0.9165304542894891
0.6690906312774414 0.9165304542894891
0.6731310353178453 0.9165304542894891
0.6771714393582494 0.9165304542894891
0.6812118433986534 0.9165304542894891
0.6852522474390574 0.9165304542894891
0.6892926514794615 0.9165304542894891
0.6933330555198656 0.9165304542894891
0.6973734595602696 0.9165304542894891
0.2973734595602696 0.920570858329893
0.3014138636006737 0.920570858329893
0.3054542676410777 0.920570858329893
0.3094946716814817 0.920570858329893
0.31353507572188577 0.920570858329893
0.31757547976228984 0.920570858329893
0.32161588380269385 0.920570858329893
0.3256562878430979 0.920570858329893
0.3296966918835019 0.920570858329893
0.333737095923906 0.920570858329893
0.33777749996431 0.920570858329893
0.34181790400471407 0.920570858329893
0.3458583080451181 0.920570858329893
0.4226259848127949 0.920570858329893
0.4307067928936029 0.920570858329893
0.434747196934007 0.920570858329893
0.43878760097441105 0.920570858329893
0.44282800501481506 0.920570858329893
0.4468684090552191 0.920570858329893
0.45090881309562314 0.920570858329893
0.4549492171360272 0.920570858329893
0.4589896211764312 0.920570858329893
0.4630300252168353 0.920570858329893
0.4670704292572393 0.920570858329893
0.47111083329764336 0.920570858329893
0.4751512373380474 0.920570858329893
0.47919164137845144 0.920570858329893
0.48323204541885545 0.920570858329893
0.4872724494592595 0.920570858329893
0.4913128534996636 0.920570858329893
0.4953532575400676 0.920570858329893
0.4993936615804716 0.920570858329893
0.5034340656208757 0.920570858329893
0.5074744696612797 0.920570858329893
0.5115148737016837 0.920570858329893
0.5155552777420878 0.920570858329893
0.5195956817824918 0.920570858329893
0.5236360858228959 0.920570858329893
0.5276764898633 0.920570858329893
0.531716893903704 0.920570858329893
0.535757297944108 0.920570858329893
0.539797701984512 0.920570858329893
0.5438381060249161 0.920570858329893
0.5478785100653201 0.920570858329893
0.5519189141057241 0.920570858329893
0.5559593181461282 0.920570858329893
0.5599997221865323 0.920570858329893
0.5640401262269363 0.920570858329893
0.5680805302673404 0.920570858329893
0.5721209343077444 0.920570858329893
0.5761613383481484 0.920570858329893
0.5802017423885524 0.920570858329893
0.5842421464289564 0.920570858329893
0.5882825504693605 0.920570858329893
0.5923229545097646 0.920570858329893
0.5963633585501686 0.920570858329893
0.6004037625905727 0.920570858329893
0.6044441666309767 0.920570858329893
0.6084845706713807 0.920570858329893
0.6125249747117847 0.920570858329893
0.6165653787521888 0.920570858329893
0.6206057827925928 0.920570858329893
0.6246461868329969 0.920570858329893
0.628686590873401 0.920570858329893
0.632726994913805 0.920570858329893
0.6367673989542091 0.920570858329893
0.640807802994613 0.920570858329893
0.6448482070350171 0.920570858329893
0.6488886110754211 0.920570858329893
0.6529290151158251 0.920570858329893
0.6569694191562292 0.920570858329893
0.6610098231966333 0.920570858329893
0.6650502272370373 0.920570858329893
0.6690906312774414 0.920570858329893
0.6731310353178453 0.920570858329893
0.6771714393582494 0.920570858329893
0.6812118433986534 0.920570858329893
0.6852522474390574 0.920570858329893
0.6892926514794615 0.920570858329893
0.6933330555198656 0.920570858329893
0.6973734595602696 0.920570858329893
0.2973734595602696 0.9246112623702971
0.3014138636006737 0.9246112623702971
0.3054542676410777 0.9246112623702971
0.3094946716814817 0.9246112623702971
0.31353507572188577 0.9246112623702971
0.31757547976228984 0.9246112623702971
0.32161588380269385 0.9246112623702971
0.3256562878430979 0.9246112623702971
0.3296966918835019 0.9246112623702971
0.333737095923906 0.9246112623702971
0.4266663888531989 0.9246112623702971
0.4307067928936029 0.9246112623702971
0.434747196934007 0.9246112623702971
0.43878760097441105 0.9246112623702971
0.44282800501481506 0.9246112623702971
0.4468684090552191 0.9246112623702971
0.45090881309562314 0.9246112623702971
0.4549492171360272 0.9246112623702971
0.4589896211764312 0.9246112623702971
0.4630300252168353 0.9246112623702971
0.4670704292572393 0.9246112623702971
0.47111083329764336 0.9246112623702971
0.4751512373380474 0.9246112623702971
0.47919164137845144 0.9246112623702971
0.48323204541885545 0.9246112623702971
0.4872724494592595 0.9246112623702971
0.4913128534996636 0.9246112623702971
0.4953532575400676 0.9246112623702971
0.4993936615804716 0.9246112623702971
0.5034340656208757 0.9246112623702971
0.5074744696612797 0.9246112623702971
0.5115148737016837 0.9246112623702971
0.5155552777420878 0.9246112623702971
0.5195956817824918 0.9246112623702971
0.5236360858228959 0.9246112623702971
0.5276764898633 0.9246112623702971
0.531716893903704 0.9246112623702971
0.535757297944108 0.9246112623702971
0.539797701984512 0.9246112623702971
0.5438381060249161 0.9246112623702971
0.5478785100653201 0.9246112623702971
0.5519189141057241 0.9246112623702971
0.5559593181461282 0.9246112623702971
0.5599997221865323 0.9246112623702971
0.5640401262269363 0.9246112623702971
0.5680805302673404 0.9246112623702971
0.5721209343077444 0.9246112623702971
0.5761613383481484 0.9246112623702971
0.5802017423885524 0.9246112623702971
0.5842421464289564 0.9246112623702971
0.5882825504693605 0.9246112623702971
0.5923229545097646 0.9246112623702971
0.5963633585501686 0.9246112623702971
0.6004037625905727 0.9246112623702971
0.6044441666309767 0.9246112623702971
0.6084845706713807 0.9246112623702971
0.6125249747117847 0.9246112623702971
0.6165653787521888 0.9246112623702971
0.6206057827925928 0.9246112623702971
0.6246461868329969 0.9246112623702971
0.628686590873401 0.9246112623702971
0.632726994913805 0.9246112623702971
0.6367673989542091 0.9246112623702971
0.640807802994613 0.9246112623702971
0.6448482070350171 0.9246112623702971
0.6488886110754211 0.9246112623702971
0.6529290151158251 0.9246112623702971
0.6569694191562292 0.9246112623702971
0.6610098231966333 0.9246112623702971
0.6650502272370373 0.9246112623702971
0.6690906312774414 0.9246112623702971
0.6731310353178453 0.9246112623702971
0.6771714393582494 0.9246112623702971
0.6812118433986534 0.9246112623702971
0.6852522474390574 0.9246112623702971
0.6892926514794615 0.9246112623702971
0.6933330555198656 0.9246112623702971
0.6973734595602696 0.9246112623702971
0.2973734595602696 0.9286516664107012
0.3014138636006737 0.9286516664107012
0.3054542676410777 0.9286516664107012
0.3094946716814817 0.9286516664107012
0.31353507572188577 0.9286516664107012
0.31757547976228984 0.9286516664107012
0.32161588380269385 0.9286516664107012
0.3256562878430979 0.9286516664107012
0.41050477269158275 0.9286516664107012
0.41454517673198676 0.9286516664107012
0.41858558077239083 0.9286516664107012
0.4226259848127949 0.9286516664107012
0.4266663888531989 0.9286516664107012
0.4307067928936029 0.9286516664107012
0.434747196934007 0.9286516664107012
0.43878760097441105 0.9286516664107012
0.44282800501481506 0.9286516664107012
0.4468684090552191 0.9286516664107012
0.45090881309562314 0.9286516664107012
0.4549492171360272 0.9286516664107012
0.4589896211764312 0.9286516664107012
0.4630300252168353 0.9286516664107012
0.4670704292572393 0.9286516664107012
0.47111083329764336 0.9286516664107012
0.4751512373380474 0.9286516664107012
0.47919164137845144 0.9286516664107012
0.48323204541885545 0.9286516664107012
0.4872724494592595 0.9286516664107012
0.4913128534996636 0.9286516664107012
0.4953532575400676 0.9286516664107012
0.4993936615804716 0.9286516664107012
0.5034340656208757 0.9286516664107012
0.5074744696612797 0.9286516664107012
0.5115148737016837 0.9286516664107012
0.5155552777420878 0.9286516664107012
0.5195956817824918 0.9286516664107012
0.5236360858228959 0.9286516664107012
0.5276764898633 0.9286516664107012
0.531716893903704 0.9286516664107012
0.535757297944108 0.9286516664107012
0.539797701984512 0.9286516664107012
0.5438381060249161 0.9286516664107012
0.5478785100653201 0.9286516664107012
0.5519189141057241 0.9286516664107012
0.5559593181461282 0.9286516664107012
0.5599997221865323 0.9286516664107012
0.5640401262269363 0.9286516664107012
0.5680805302673404 0.9286516664107012
0.5721209343077444 0.9286516664107012
0.5761613383481484 0.9286516664107012
0.5802017423885524 0.9286516664107012
0.5842421464289564 0.9286516664107012
0.5882825504693605 0.9286516664107012
0.5923229545097646 0.9286516664107012
0.5963633585501686 0.9286516664107012
0.6004037625905727 0.9286516664107012
0.6044441666309767 0.9286516664107012
0.6084845706713807 0.9286516664107012
0.6125249747117847 0.9286516664107012
0.6165653787521888 0.9286516664107012
0.6206057827925928 0.9286516664107012
0.6246461868329969 0.9286516664107012
0.628686590873401 0.9286516664107012
0.632726994913805 0.9286516664107012
0.6367673989542091 0.9286516664107012
0.640807802994613 0.9286516664107012
0.6448482070350171 0.9286516664107012
0.6488886110754211 0.9286516664107012
0.6529290151158251 0.9286516664107012
0.6569694191562292 0.9286516664107012
0.6610098231966333 0.9286516664107012
0.6650502272370373 0.9286516664107012
0.6690906312774414 0.9286516664107012
0.6731310353178453 0.9286516664107012
0.6771714393582494 0.9286516664107012
0.6812118433986534 0.9286516664107012
0.6852522474390574 0.9286516664107012
0.6892926514794615 0.9286516664107012
0.6933330555198656 0.9286516664107012
0.6973734595602696 0.9286516664107012
0.2973734595602696 0.9326920704511052
0.3014138636006737 0.9326920704511052
0.3054542676410777 0.9326920704511052
0.3094946716814817 0.9326920704511052
0.31353507572188577 0.9326920704511052
0.4064643686511787 0.9326920704511052
0.41050477269158275 0.9326920704511052
0.41454517673198676 0.9326920704511052
0.41858558077239083 0.9326920704511052
0.4226259848127949 0.9326920704511052
0.4266663888531989 0.9326920704511052
0.4307067928936029 0.9326920704511052
0.434747196934007 0.9326920704511052
0.43878760097441105 0.9326920704511052
0.44282800501481506 0.9326920704511052
0.4468684090552191 0.9326920704511052
0.45090881309562314 0.9326920704511052
0.4549492171360272 0.9326920704511052
0.4589896211764312 0.9326920704511052
0.4630300252168353 0.9326920704511052
0.4670704292572393 0.9326920704511052
0.47111083329764336 0.9326920704511052
0.4751512373380474 0.9326920704511052
0.47919164137845144 0.9326920704511052
0.48323204541885545 0.9326920704511052
0.4872724494592595 0.9326920704511052
0.4913128534996636 0.9326920704511052
0.4953532575400676 0.9326920704511052
0.4993936615804716 0.9326920704511052
0.5034340656208757 0.9326920704511052
0.5074744696612797 0.9326920704511052
0.5115148737016837 0.9326920704511052
0.5155552777420878 0.9326920704511052
0.5195956817824918 0.9326920704511052
0.5236360858228959 0.9326920704511052
0.5276764898633 0.9326920704511052
0.531716893903704 0.9326920704511052
0.535757297944108 0.9326920704511052
0.539797701984512 0.9326920704511052
0.5438381060249161 0.9326920704511052
0.5478785100653201 0.9326920704511052
0.5519189141057241 0.9326920704511052
0.5559593181461282 0.9326920704511052
0.5599997221865323 0.9326920704511052
0.5640401262269363 0.9326920704511052
0.5680805302673404 0.9326920704511052
0.5721209343077444 0.9326920704511052
0.5761613383481484 0.9326920704511052
0.5802017423885524 0.9326920704511052
0.5842421464289564 0.9326920704511052
0.5882825504693605 0.9326920704511052
0.5923229545097646 0.9326920704511052
0.5963633585501686 0.9326920704511052
0.6004037625905727 0.9326920704511052
0.6044441666309767 0.9326920704511052
0.6084845706713807 0.9326920704511052
0.6125249747117847 0.9326920704511052
0.6165653787521888 0.9326920704511052
0.6206057827925928 0.9326920704511052
0.6246461868329969 0.9326920704511052
0.628686590873401 0.9326920704511052
0.632726994913805 0.9326920704511052
0.6367673989542091 0.9326920704511052
0.640807802994613 0.9326920704511052
0.6448482070350171 0.9326920704511052
0.6488886110754211 0.9326920704511052
0.6529290151158251 0.9326920704511052
0.6569694191562292 0.9326920704511052
0.6610098231966333 0.9326920704511052
0.6650502272370373 0.9326920704511052
0.6690906312774414 0.9326920704511052
0.6731310353178453 0.9326920704511052
0.6771714393582494 0.9326920704511052
0.6812118433986534 0.9326920704511052
0.6852522474390574 0.9326920704511052
0.6892926514794615 0.9326920704511052
0.6933330555198656 0.9326920704511052
0.6973734595602696 0.9326920704511052
0.2973734595602696 0.9367324744915093
0.3943431565299666 0.9367324744915093
0.3983835605703706 0.9367324744915093
0.4024239646107747 0.9367324744915093
0.4064643686511787 0.9367324744915093
0.41050477269158275 0.9367324744915093
0.41454517673198676 0.9367324744915093
0.41858558077239083 0.9367324744915093
0.4226259848127949 0.9367324744915093
0.4266663888531989 0.9367324744915093
0.4307067928936029 0.9367324744915093
0.434747196934007 0.9367324744915093
0.43878760097441105 0.9367324744915093
0.44282800501481506 0.9367324744915093
0.4468684090552191 0.9367324744915093
0.45090881309562314 0.9367324744915093
0.4549492171360272 0.9367324744915093
0.4589896211764312 0.9367324744915093
0.4630300252168353 0.9367324744915093
0.4670704292572393 0.9367324744915093
0.47111083329764336 0.9367324744915093
0.4751512373380474 0.9367324744915093
0.47919164137845144 0.9367324744915093
0.48323204541885545 0.9367324744915093
0.4872724494592595 0.9367324744915093
0.4913128534996636 0.9367324744915093
0.4953532575400676 0.9367324744915093
0.4993936615804716 0.9367324744915093
0.5034340656208757 0.9367324744915093
0.5074744696612797 0.9367324744915093
0.5115148737016837 0.9367324744915093
0.5155552777420878 0.9367324744915093
0.5195956817824918 0.9367324744915093
0.5236360858228959 0.9367324744915093
0.5276764898633 0.9367324744915093
0.531716893903704 0.9367324744915093
0.535757297944108 0.9367324744915093
0.539797701984512 0.9367324744915093
0.5438381060249161 0.9367324744915093
0.5478785100653201 0.9367324744915093
0.5519189141057241 0.9367324744915093
0.5559593181461282 0.9367324744915093
0.5599997221865323 0.9367324744915093
0.5640401262269363 0.9367324744915093
0.5680805302673404 0.9367324744915093
0.5721209343077444 0.9367324744915093
0.5761613383481484 0.9367324744915093
0.5802017423885524 0.9367324744915093
0.5842421464289564 0.9367324744915093
0.5882825504693605 0.9367324744915093
0.5923229545097646 0.9367324744915093
0.5963633585501686 0.9367324744915093
0.6004037625905727 0.9367324744915093
0.6044441666309767 0.9367324744915093
0.6084845706713807 0.9367324744915093
0.6125249747117847 0.9367324744915093
0.6165653787521888 0.9367324744915093
0.6206057827925928 0.9367324744915093
0.6246461868329969 0.9367324744915093
0.628686590873401 0.9367324744915093
0.632726994913805 0.9367324744915093
0.6367673989542091 0.9367324744915093
0.640807802994613 0.9367324744915093
0.6448482070350171 0.9367324744915093
0.6488886110754211 0.9367324744915093
0.6529290151158251 0.9367324744915093
0.6569694191562292 0.9367324744915093
0.6610098231966333 0.9367324744915093
0.6650502272370373 0.9367324744915093
0.6690906312774414 0.9367324744915093
0.6731310353178453 0.9367324744915093
0.6771714393582494 0.9367324744915093
0.6812118433986534 0.9367324744915093
0.6852522474390574 0.9367324744915093
0.6892926514794615 0.9367324744915093
0.6933330555198656 0.9367324744915093
0.6973734595602696 0.9367324744915093
0.3781815403683504 0.9407728785319134
0.38222194440875445 0.9407728785319134
0.3862623484491585 0.9407728785319134
0.3943431565299666 0.9407728785319134
0.3983835605703706 0.9407728785319134
0.4024239646107747 0.9407728785319134
0.4064643686511787 0.9407728785319134
0.41050477269158275 0.9407728785319134
0.41454517673198676 0.9407728785319134
0.41858558077239083 0.9407728785319134
0.4226259848127949 0.9407728785319134
0.4266663888531989 0.9407728785319134
0.4307067928936029 0.9407728785319134
0.434747196934007 0.9407728785319134
0.43878760097441105 0.9407728785319134
0.44282800501481506 0.9407728785319134
0.4468684090552191 0.9407728785319134
0.45090881309562314 0.9407728785319134
0.4549492171360272 0.9407728785319134
0.4589896211764312 0.9407728785319134
0.4630300252168353 0.9407728785319134
0.4670704292572393 0.9407728785319134
0.47111083329764336 0.9407728785319134
0.4751512373380474 0.9407728785319134
0.47919164137845144 0.9407728785319134
0.48323204541885545 0.9407728785319134
0.4872724494592595 0.9407728785319134
0.4913128534996636 0.9407728785319134
0.4953532575400676 0.9407728785319134
0.4993936615804716 0.9407728785319134
0.5034340656208757 0.9407728785319134
0.5074744696612797 0.9407728785319134
0.5115148737016837 0.9407728785319134
0.5155552777420878 0.9407728785319134
0.5195956817824918 0.9407728785319134
0.5236360858228959 0.9407728785319134
0.5276764898633 0.9407728785319134
0.531716893903704 0.9407728785319134
0.535757297944108 0.9407728785319134
0.539797701984512 0.9407728785319134
0.5438381060249161 0.9407728785319134
0.5478785100653201 0.9407728785319134
0.5519189141057241 0.9407728785319134
0.5559593181461282 0.9407728785319134
0.5599997221865323 0.9407728785319134
0.5640401262269363 0.9407728785319134
0.5680805302673404 0.9407728785319134
0.5721209343077444 0.9407728785319134
0.5761613383481484 0.9407728785319134
0.5802017423885524 0.9407728785319134
0.5842421464289564 0.9407728785319134
0.5882825504693605 0.9407728785319134
0.5923229545097646 0.9407728785319134
0.5963633585501686 0.9407728785319134
0.6004037625905727 0.9407728785319134
0.6044441666309767 0.9407728785319134
0.6084845706713807 0.9407728785319134
0.6125249747117847 0.9407728785319134
0.6165653787521888 0.9407728785319134
0.6206057827925928 0.9407728785319134
0.6246461868329969 0.9407728785319134
0.628686590873401 0.9407728785319134
0.632726994913805 0.9407728785319134
0.6367673989542091 0.9407728785319134
0.640807802994613 0.9407728785319134
0.6448482070350171 0.9407728785319134
0.6488886110754211 0.9407728785319134
0.6529290151158251 0.9407728785319134
0.6569694191562292 0.9407728785319134
0.6610098231966333 0.9407728785319134
0.6650502272370373 0.9407728785319134
0.6690906312774414 0.9407728785319134
0.6731310353178453 0.9407728785319134
0.6771714393582494 0.9407728785319134
0.6812118433986534 0.9407728785319134
0.6852522474390574 0.9407728785319134
0.6892926514794615 0.9407728785319134
0.6933330555198656 0.9407728785319134
0.6973734595602696 0.9407728785319134
0.3660603282471383 0.9448132825723174
0.37010073228754237 0.9448132825723174
0.3741411363279464 0.9448132825723174
0.3781815403683504 0.9448132825723174
0.3862623484491585 0.9448132825723174
0.39030275248956253 0.9448132825723174
0.3943431565299666 0.9448132825723174
0.3983835605703706 0.9448132825723174
0.4024239646107747 0.9448132825723174
0.4064643686511787 0.9448132825723174
0.41050477269158275 0.9448132825723174
0.41454517673198676 0.9448132825723174
0.41858558077239083 0.9448132825723174
0.4226259848127949 0.9448132825723174
0.4266663888531989 0.9448132825723174
0.4307067928936029 0.9448132825723174
0.434747196934007 0.9448132825723174
0.43878760097441105 0.9448132825723174
0.44282800501481506 0.9448132825723174
0.4468684090552191 0.9448132825723174
0.45090881309562314 0.9448132825723174
0.4549492171360272 0.9448132825723174
0.4589896211764312 0.9448132825723174
0.4630300252168353 0.9448132825723174
0.4670704292572393 0.9448132825723174
0.47111083329764336 0.9448132825723174
0.4751512373380474 0.9448132825723174
0.47919164137845144 0.9448132825723174
0.48323204541885545 0.9448132825723174
0.4872724494592595 0.9448132825723174
0.4913128534996636 0.9448132825723174
0.4953532575400676 0.9448132825723174
0.4993936615804716 0.9448132825723174
0.5034340656208757 0.9448132825723174
0.5074744696612797 0.9448132825723174
0.5115148737016837 0.9448132825723174
0.5155552777420878 0.9448132825723174
0.5195956817824918 0.9448132825723174
0.5236360858228959 0.9448132825723174
0.5276764898633 0.9448132825723174
0.531716893903704 0.9448132825723174
0.535757297944108 0.9448132825723174
0.539797701984512 0.9448132825723174
0.5438381060249161 0.9448132825723174
0.5478785100653201 0.9448132825723174
0.5519189141057241 0.9448132825723174
0.5559593181461282 0.9448132825723174
0.5599997221865323 0.9448132825723174
0.5640401262269363 0.9448132825723174
0.5680805302673404 0.9448132825723174
0.5721209343077444 0.9448132825723174
0.5761613383481484 0.9448132825723174
0.5802017423885524 0.9448132825723174
0.5842421464289564 0.9448132825723174
0.5882825504693605 0.9448132825723174
0.5923229545097646 0.9448132825723174
0.5963633585501686 0.9448132825723174
0.6004037625905727 0.9448132825723174
0.6044441666309767 0.9448132825723174
0.6084845706713807 0.9448132825723174
0.6125249747117847 0.9448132825723174
0.6165653787521888 0.9448132825723174
0.6206057827925928 0.9448132825723174
0.6246461868329969 0.9448132825723174
0.628686590873401 0.9448132825723174
0.632726994913805 0.9448132825723174
0.6367673989542091 0.9448132825723174
0.640807802994613 0.9448132825723174
0.6448482070350171 0.9448132825723174
0.6488886110754211 0.9448132825723174
0.6529290151158251 0.9448132825723174
0.6569694191562292 0.9448132825723174
0.6610098231966333 0.9448132825723174
0.6650502272370373 0.9448132825723174
0.6690906312774414 0.9448132825723174
0.6731310353178453 0.9448132825723174
0.6771714393582494 0.9448132825723174
0.6812118433986534 0.9448132825723174
0.6852522474390574 0.9448132825723174
0.6892926514794615 0.9448132825723174
0.6933330555198656 0.9448132825723174
0.6973734595602696 0.9448132825723174
0.3579795201663302 0.9488536866127214
0.36201992420673423 0.9488536866127214
0.3660603282471383 0.9488536866127214
0.37010073228754237 0.9488536866127214
0.3741411363279464 0.9488536866127214
0.3781815403683504 0.9488536866127214
0.38222194440875445 0.9488536866127214
0.3862623484491585 0.9488536866127214
0.39030275248956253 0.9488536866127214
0.3943431565299666 0.9488536866127214
0.3983835605703706 0.9488536866127214
0.4024239646107747 0.9488536866127214
0.4064643686511787 0.9488536866127214
0.41050477269158275 0.9488536866127214
0.41454517673198676 0.9488536866127214
0.41858558077239083 0.9488536866127214
0.4226259848127949 0.9488536866127214
0.4266663888531989 0.9488536866127214
0.4307067928936029 0.9488536866127214
0.434747196934007 0.9488536866127214
0.43878760097441105 0.9488536866127214
0.44282800501481506 0.9488536866127214
0.4468684090552191 0.9488536866127214
0.45090881309562314 0.9488536866127214
0.4549492171360272 0.9488536866127214
0.4589896211764312 0.9488536866127214
0.4630300252168353 0.9488536866127214
0.4670704292572393 0.9488536866127214
0.47111083329764336 0.9488536866127214
0.4751512373380474 0.9488536866127214
0.47919164137845144 0.9488536866127214
0.48323204541885545 0.9488536866127214
0.4872724494592595 0.9488536866127214
0.4913128534996636 0.9488536866127214
0.4953532575400676 0.9488536866127214
0.4993936615804716 0.9488536866127214
0.5034340656208757 0.9488536866127214
0.5074744696612797 0.9488536866127214
0.5115148737016837 0.9488536866127214
0.5155552777420878 0.9488536866127214
0.5195956817824918 0.9488536866127214
0.5236360858228959 0.9488536866127214
0.5276764898633 0.9488536866127214
0.531716893903704 0.9488536866127214
0.535757297944108 0.9488536866127214
0.539797701984512 0.9488536866127214
0.5438381060249161 0.9488536866127214
0.5478785100653201 0.9488536866127214
0.5519189141057241 0.9488536866127214
0.5559593181461282 0.9488536866127214
0.5599997221865323 0.9488536866127214
0.5640401262269363 0.9488536866127214
0.5680805302673404 0.9488536866127214
0.5721209343077444 0.9488536866127214
0.5761613383481484 0.9488536866127214
0.5802017423885524 0.9488536866127214
0.5842421464289564 0.9488536866127214
0.5882825504693605 0.9488536866127214
0.5923229545097646 0.9488536866127214
0.5963633585501686 0.9488536866127214
0.6004037625905727 0.9488536866127214
0.6044441666309767 0.9488536866127214
0.6084845706713807 0.9488536866127214
0.6125249747117847 0.9488536866127214
0.6165653787521888 0.9488536866127214
0.6206057827925928 0.9488536866127214
0.6246461868329969 0.9488536866127214
0.628686590873401 0.9488536866127214
0.632726994913805 0.9488536866127214
0.6367673989542091 0.9488536866127214
0.640807802994613 0.9488536866127214
0.6448482070350171 0.9488536866127214
0.6488886110754211 0.9488536866127214
0.6529290151158251 0.9488536866127214
0.6569694191562292 0.9488536866127214
0.6610098231966333 0.9488536866127214
0.6650502272370373 0.9488536866127214
0.6690906312774414 0.9488536866127214
0.6731310353178453 0.9488536866127214
0.6771714393582494 0.9488536866127214
0.6812118433986534 0.9488536866127214
0.6852522474390574 0.9488536866127214
0.6892926514794615 0.9488536866127214
0.6933330555198656 0.9488536866127214
0.6973734595602696 0.9488536866127214
0.34989871208552215 0.9528940906531255
0.3539391161259262 0.9528940906531255
0.3579795201663302 0.9528940906531255
0.36201992420673423 0.9528940906531255
0.3660603282471383 0.9528940906531255
0.37010073228754237 0.9528940906531255
0.3741411363279464 0.9528940906531255
0.3781815403683504 0.9528940906531255
0.38222194440875445 0.9528940906531255
0.39030275248956253 0.9528940906531255
0.3943431565299666 0.9528940906531255
0.3983835605703706 0.9528940906531255
0.4024239646107747 0.9528940906531255
0.4064643686511787 0.9528940906531255
0.41050477269158275 0.9528940906531255
0.41454517673198676 0.9528940906531255
0.41858558077239083 0.9528940906531255
0.4226259848127949 0.9528940906531255
0.4266663888531989 0.9528940906531255
0.4307067928936029 0.9528940906531255
0.434747196934007 0.9528940906531255
0.43878760097441105 0.9528940906531255
0.44282800501481506 0.9528940906531255
0.4468684090552191 0.9528940906531255
0.45090881309562314 0.9528940906531255
0.4549492171360272 0.9528940906531255
0.4589896211764312 0.9528940906531255
0.4630300252168353 0.9528940906531255
0.4670704292572393 0.9528940906531255
0.47111083329764336 0.9528940906531255
0.4751512373380474 0.9528940906531255
0.47919164137845144 0.9528940906531255
0.48323204541885545 0.9528940906531255
0.4872724494592595 0.9528940906531255
0.4913128534996636 0.9528940906531255
0.4953532575400676 0.9528940906531255
0.4993936615804716 0.9528940906531255
0.5034340656208757 0.9528940906531255
0.5074744696612797 0.9528940906531255
0.5115148737016837 0.9528940906531255
0.5155552777420878 0.9528940906531255
0.5195956817824918 0.9528940906531255
0.5236360858228959 0.9528940906531255
0.5276764898633 0.9528940906531255
0.531716893903704 0.9528940906531255
0.535757297944108 0.9528940906531255
0.539797701984512 0.9528940906531255
0.5438381060249161 0.9528940906531255
0.5478785100653201 0.9528940906531255
0.5519189141057241 0.9528940906531255
0.5559593181461282 0.9528940906531255
0.5599997221865323 0.9528940906531255
0.5640401262269363 0.9528940906531255
0.5680805302673404 0.9528940906531255
0.5721209343077444 0.9528940906531255
0.5761613383481484 0.9528940906531255
0.5802017423885524 0.9528940906531255
0.5842421464289564 0.9528940906531255
0.5882825504693605 0.9528940906531255
0.5923229545097646 0.9528940906531255
0.5963633585501686 0.9528940906531255
0.6004037625905727 0.9528940906531255
0.6044441666309767 0.9528940906531255
0.6084845706713807 0.9528940906531255
0.6125249747117847 0.9528940906531255
0.6165653787521888 0.9528940906531255
0.6206057827925928 0.9528940906531255
0.6246461868329969 0.9528940906531255
0.628686590873401 0.9528940906531255
0.632726994913805 0.9528940906531255
0.6367673989542091 0.9528940906531255
0.640807802994613 0.9528940906531255
0.6448482070350171 0.9528940906531255
0.6488886110754211 0.9528940906531255
0.6529290151158251 0.9528940906531255
0.6569694191562292 0.9528940906531255
0.6610098231966333 0.9528940906531255
0.6650502272370373 0.9528940906531255
0.6690906312774414 0.9528940906531255
0.6731310353178453 0.9528940906531255
0.6771714393582494 0.9528940906531255
0.6812118433986534 0.9528940906531255
0.6852522474390574 0.9528940906531255
0.6892926514794615 0.9528940906531255
0.6933330555198656 0.9528940906531255
0.6973734595602696 0.9528940906531255
0.33777749996431 0.9569344946935294
0.34181790400471407 0.9569344946935294
0.3458583080451181 0.9569344946935294
0.34989871208552215 0.9569344946935294
0.3539391161259262 0.9569344946935294
0.3579795201663302 0.9569344946935294
0.36201992420673423 0.9569344946935294
0.3660603282471383 0.9569344946935294
0.37010073228754237 0.9569344946935294
0.3741411363279464 0.9569344946935294
0.3781815403683504 0.9569344946935294
0.38222194440875445 0.9569344946935294
0.3862623484491585 0.9569344946935294
0.39030275248956253 0.9569344946935294
0.3943431565299666 0.9569344946935294
0.3983835605703706 0.9569344946935294
0.4024239646107747 0.9569344946935294
0.4064643686511787 0.9569344946935294
0.41050477269158275 0.9569344946935294
0.41454517673198676 0.9569344946935294
0.41858558077239083 0.9569344946935294
0.4226259848127949 0.9569344946935294
0.4266663888531989 0.9569344946935294
0.4307067928936029 0.9569344946935294
0.434747196934007 0.9569344946935294
0.43878760097441105 0.9569344946935294
0.44282800501481506 0.9569344946935294
0.4468684090552191 0.9569344946935294
0.45090881309562314 0.9569344946935294
0.4549492171360272 0.9569344946935294
0.4589896211764312 0.9569344946935294
0.4630300252168353 0.9569344946935294
0.4670704292572393 0.9569344946935294
0.47111083329764336 0.9569344946935294
0.4751512373380474 0.9569344946935294
0.47919164137845144 0.9569344946935294
0.48323204541885545 0.9569344946935294
0.4872724494592595 0.9569344946935294
0.4913128534996636 0.9569344946935294
0.4953532575400676 0.9569344946935294
0.4993936615804716 0.9569344946935294
0.5034340656208757 0.9569344946935294
0.5074744696612797 0.9569344946935294
0.5115148737016837 0.9569344946935294
0.5155552777420878 0.9569344946935294
0.5195956817824918 0.9569344946935294
0.5236360858228959 0.9569344946935294
0.5276764898633 0.9569344946935294
0.531716893903704 0.9569344946935294
0.535757297944108 0.9569344946935294
0.539797701984512 0.9569344946935294
0.5438381060249161 0.9569344946935294
0.5478785100653201 0.9569344946935294
0.5519189141057241 0.9569344946935294
0.5559593181461282 0.9569344946935294
0.5599997221865323 0.9569344946935294
0.5640401262269363 0.9569344946935294
0.5680805302673404 0.9569344946935294
0.5721209343077444 0.9569344946935294
0.5761613383481484 0.9569344946935294
0.5802017423885524 0.9569344946935294
0.5842421464289564 0.9569344946935294
0.5882825504693605 0.9569344946935294
0.5923229545097646 0.9569344946935294
0.5963633585501686 0.9569344946935294
0.6004037625905727 0.9569344946935294
0.6044441666309767 0.9569344946935294
0.6084845706713807 0.9569344946935294
0.6125249747117847 0.9569344946935294
0.6165653787521888 0.9569344946935294
0.6206057827925928 0.9569344946935294
0.6246461868329969 0.9569344946935294
0.628686590873401 0.9569344946935294
0.632726994913805 0.9569344946935294
0.6367673989542091 0.9569344946935294
0.640807802994613 0.9569344946935294
0.6448482070350171 0.9569344946935294
0.6488886110754211 0.9569344946935294
0.6529290151158251 0.9569344946935294
0.6569694191562292 0.9569344946935294
0.6610098231966333 0.9569344946935294
0.6650502272370373 0.9569344946935294
0.6690906312774414 0.9569344946935294
0.6731310353178453 0.9569344946935294
0.6771714393582494 0.9569344946935294
0.6812118433986534 0.9569344946935294
0.6852522474390574 0.9569344946935294
0.6892926514794615 0.9569344946935294
0.6933330555198656 0.9569344946935294
0.6973734595602696 0.9569344946935294
0.32161588380269385 0.9609748987339335
0.3256562878430979 0.9609748987339335
0.3296966918835019 0.9609748987339335
0.333737095923906 0.9609748987339335
0.33777749996431 0.9609748987339335
0.34181790400471407 0.9609748987339335
0.3458583080451181 0.9609748987339335
0.34989871208552215 0.9609748987339335
0.3539391161259262 0.9609748987339335
0.3579795201663302 0.9609748987339335
0.36201992420673423 0.9609748987339335
0.3660603282471383 0.9609748987339335
0.37010073228754237 0.9609748987339335
0.3741411363279464 0.9609748987339335
0.3781815403683504 0.9609748987339335
0.38222194440875445 0.9609748987339335
0.3862623484491585 0.9609748987339335
0.39030275248956253 0.9609748987339335
0.3943431565299666 0.9609748987339335
0.3983835605703706 0.9609748987339335
0.4024239646107747 0.9609748987339335
0.4064643686511787 0.9609748987339335
0.41050477269158275 0.9609748987339335
0.41454517673198676 0.9609748987339335
0.41858558077239083 0.9609748987339335
0.4226259848127949 0.9609748987339335
0.4266663888531989 0.9609748987339335
0.4307067928936029 0.9609748987339335
0.434747196934007 0.9609748987339335
0.43878760097441105 0.9609748987339335
0.44282800501481506 0.9609748987339335
0.4468684090552191 0.9609748987339335
0.45090881309562314 0.9609748987339335
0.4549492171360272 0.9609748987339335
0.4589896211764312 0.9609748987339335
0.4630300252168353 0.9609748987339335
0.4670704292572393 0.9609748987339335
0.47111083329764336 0.9609748987339335
0.4751512373380474 0.9609748987339335
0.47919164137845144 0.9609748987339335
0.48323204541885545 0.9609748987339335
0.4872724494592595 0.9609748987339335
0.4913128534996636 0.9609748987339335
0.4953532575400676 0.9609748987339335
0.4993936615804716 0.9609748987339335
0.5034340656208757 0.9609748987339335
0.5074744696612797 0.9609748987339335
0.5115148737016837 0.9609748987339335
0.5155552777420878 0.9609748987339335
0.5195956817824918 0.9609748987339335
0.5236360858228959 0.9609748987339335
0.5276764898633 0.9609748987339335
0.531716893903704 0.9609748987339335
0.535757297944108 0.9609748987339335
0.539797701984512 0.9609748987339335
0.5438381060249161 0.9609748987339335
0.5478785100653201 0.9609748987339335
0.5519189141057241 0.9609748987339335
0.5559593181461282 0.9609748987339335
0.5599997221865323 0.9609748987339335
0.5640401262269363 0.9609748987339335
0.5680805302673404 0.9609748987339335
0.5721209343077444 0.9609748987339335
0.5761613383481484 0.9609748987339335
0.5802017423885524 0.9609748987339335
0.5842421464289564 0.9609748987339335
0.5882825504693605 0.9609748987339335
0.5923229545097646 0.9609748987339335
0.5963633585501686 0.9609748987339335
0.6004037625905727 0.9609748987339335
0.6044441666309767 0.9609748987339335
0.6084845706713807 0.9609748987339335
0.6125249747117847 0.9609748987339335
0.6165653787521888 0.9609748987339335
0.6206057827925928 0.9609748987339335
0.6246461868329969 0.9609748987339335
0.628686590873401 0.9609748987339335
0.632726994913805 0.9609748987339335
0.6367673989542091 0.9609748987339335
0.640807802994613 0.9609748987339335
0.6448482070350171 0.9609748987339335
0.6488886110754211 0.9609748987339335
0.6529290151158251 0.9609748987339335
0.6569694191562292 0.9609748987339335
0.6610098231966333 0.9609748987339335
0.6650502272370373 0.9609748987339335
0.6690906312774414 0.9609748987339335
0.6731310353178453 0.9609748987339335
0.6771714393582494 0.9609748987339335
0.6812118433986534 0.9609748987339335
0.6852522474390574 0.9609748987339335
0.6892926514794615 0.9609748987339335
0.6933330555198656 0.9609748987339335
0.6973734595602696 0.9609748987339335
0.3094946716814817 0.9650153027743376
0.31757547976228984 0.9650153027743376
0.32161588380269385 0.9650153027743376
0.3256562878430979 0.9650153027743376
0.3296966918835019 0.9650153027743376
0.333737095923906 0.9650153027743376
0.33777749996431 0.9650153027743376
0.34181790400471407 0.9650153027743376
0.3458583080451181 0.9650153027743376
0.34989871208552215 0.9650153027743376
0.3539391161259262 0.9650153027743376
0.3579795201663302 0.9650153027743376
0.36201992420673423 0.9650153027743376
0.3660603282471383 0.9650153027743376
0.37010073228754237 0.9650153027743376
0.3741411363279464 0.9650153027743376
0.3781815403683504 0.9650153027743376
0.38222194440875445 0.9650153027743376
0.3862623484491585 0.9650153027743376
0.39030275248956253 0.9650153027743376
0.3943431565299666 0.9650153027743376
0.3983835605703706 0.9650153027743376
0.4024239646107747 0.9650153027743376
0.4064643686511787 0.9650153027743376
0.41050477269158275 0.9650153027743376
0.41454517673198676 0.9650153027743376
0.41858558077239083 0.9650153027743376
0.4226259848127949 0.9650153027743376
0.4266663888531989 0.9650153027743376
0.4307067928936029 0.9650153027743376
0.434747196934007 0.9650153027743376
0.43878760097441105 0.9650153027743376
0.44282800501481506 0.9650153027743376
0.4468684090552191 0.9650153027743376
0.45090881309562314 0.9650153027743376
0.4549492171360272 0.9650153027743376
0.4589896211764312 0.9650153027743376
0.4630300252168353 0.9650153027743376
0.4670704292572393 0.9650153027743376
0.47111083329764336 0.9650153027743376
0.4751512373380474 0.9650153027743376
0.47919164137845144 0.9650153027743376
0.48323204541885545 0.9650153027743376
0.4872724494592595 0.9650153027743376
0.4913128534996636 0.9650153027743376
0.4953532575400676 0.9650153027743376
0.4993936615804716 0.9650153027743376
0.5034340656208757 0.9650153027743376
0.5074744696612797 0.9650153027743376
0.5115148737016837 0.9650153027743376
0.5155552777420878 0.9650153027743376
0.5195956817824918 0.9650153027743376
0.5236360858228959 0.9650153027743376
0.5276764898633 0.9650153027743376
0.531716893903704 0.9650153027743376
0.535757297944108 0.9650153027743376
0.539797701984512 0.9650153027743376
0.5438381060249161 0.9650153027743376
0.5478785100653201 0.9650153027743376
0.5519189141057241 0.9650153027743376
0.5559593181461282 0.9650153027743376
0.5599997221865323 0.9650153027743376
0.5640401262269363 0.9650153027743376
0.5680805302673404 0.9650153027743376
0.5721209343077444 0.9650153027743376
0.5761613383481484 0.9650153027743376
0.5802017423885524 0.9650153027743376
0.5842421464289564 0.9650153027743376
0.5882825504693605 0.9650153027743376
0.5923229545097646 0.9650153027743376
0.5963633585501686 0.9650153027743376
0.6004037625905727 0.9650153027743376
0.6044441666309767 0.9650153027743376
0.6084845706713807 0.9650153027743376
0.6125249747117847 0.9650153027743376
0.6165653787521888 0.9650153027743376
0.6206057827925928 0.9650153027743376
0.6246461868329969 0.9650153027743376
0.628686590873401 0.9650153027743376
0.632726994913805 0.9650153027743376
0.6367673989542091 0.9650153027743376
0.640807802994613 0.9650153027743376
0.6448482070350171 0.9650153027743376
0.6488886110754211 0.9650153027743376
0.6529290151158251 0.9650153027743376
0.6569694191562292 0.9650153027743376
0.6610098231966333 0.9650153027743376
0.6650502272370373 0.9650153027743376
0.6690906312774414 0.9650153027743376
0.6731310353178453 0.9650153027743376
0.6771714393582494 0.9650153027743376
0.6812118433986534 0.9650153027743376
0.6852522474390574 0.9650153027743376
0.6892926514794615 0.9650153027743376
0.6933330555198656 0.9650153027743376
0.6973734595602696 0.9650153027743376
0.2973734595602696 0.9690557068147416
0.3014138636006737 0.9690557068147416
0.3054542676410777 0.9690557068147416
0.3094946716814817 0.9690557068147416
0.31353507572188577 0.9690557068147416
0.31757547976228984 0.9690557068147416
0.32161588380269385 0.9690557068147416
0.3256562878430979 0.9690557068147416
0.3296966918835019 0.9690557068147416
0.333737095923906 0.9690557068147416
0.33777749996431 0.9690557068147416
0.34181790400471407 0.9690557068147416
0.3458583080451181 0.9690557068147416
0.34989871208552215 0.9690557068147416
0.3539391161259262 0.9690557068147416
0.3579795201663302 0.9690557068147416
0.36201992420673423 0.9690557068147416
0.3660603282471383 0.9690557068147416
0.37010073228754237 0.9690557068147416
0.3741411363279464 0.9690557068147416
0.3781815403683504 0.9690557068147416
0.38222194440875445 0.9690557068147416
0.3862623484491585 0.9690557068147416
0.39030275248956253 0.9690557068147416
0.3943431565299666 0.9690557068147416
0.3983835605703706 0.9690557068147416
0.4024239646107747 0.9690557068147416
0.4064643686511787 0.9690557068147416
0.41050477269158275 0.9690557068147416
0.41454517673198676 0.9690557068147416
0.41858558077239083 0.9690557068147416
0.4226259848127949 0.9690557068147416
0.4266663888531989 0.9690557068147416
0.4307067928936029 0.9690557068147416
0.434747196934007 0.9690557068147416
0.43878760097441105 0.9690557068147416
0.44282800501481506 0.9690557068147416
0.4468684090552191 0.9690557068147416
0.45090881309562314 0.9690557068147416
0.4549492171360272 0.9690557068147416
0.4589896211764312 0.9690557068147416
0.4630300252168353 0.9690557068147416
0.4670704292572393 0.9690557068147416
0.47111083329764336 0.9690557068147416
0.4751512373380474 0.9690557068147416
0.47919164137845144 0.9690557068147416
0.48323204541885545 0.9690557068147416
0.4872724494592595 0.9690557068147416
0.4913128534996636 0.9690557068147416
0.4953532575400676 0.9690557068147416
0.4993936615804716 0.9690557068147416
0.5034340656208757 0.9690557068147416
0.5074744696612797 0.9690557068147416
0.5115148737016837 0.9690557068147416
0.5155552777420878 0.9690557068147416
0.5195956817824918 0.9690557068147416
0.5236360858228959 0.9690557068147416
0.5276764898633 0.9690557068147416
0.531716893903704 0.9690557068147416
0.535757297944108 0.9690557068147416
0.539797701984512 0.9690557068147416
0.5438381060249161 0.9690557068147416
0.5478785100653201 0.9690557068147416
0.5519189141057241 0.9690557068147416
0.5559593181461282 0.9690557068147416
0.5599997221865323 0.9690557068147416
0.5640401262269363 0.9690557068147416
0.5680805302673404 0.9690557068147416
0.5721209343077444 0.9690557068147416
0.5761613383481484 0.9690557068147416
0.5802017423885524 0.9690557068147416
0.5842421464289564 0.9690557068147416
0.5882825504693605 0.9690557068147416
0.5923229545097646 0.9690557068147416
0.5963633585501686 0.9690557068147416
0.6004037625905727 0.9690557068147416
0.6044441666309767 0.9690557068147416
0.6084845706713807 0.9690557068147416
0.6125249747117847 0.9690557068147416
0.6165653787521888 0.9690557068147416
0.6206057827925928 0.9690557068147416
0.6246461868329969 0.9690557068147416
0.628686590873401 0.9690557068147416
0.632726994913805 0.9690557068147416
0.6367673989542091 0.9690557068147416
0.640807802994613 0.9690557068147416
0.6448482070350171 0.9690557068147416
0.6488886110754211 0.9690557068147416
0.6529290151158251 0.9690557068147416
0.6569694191562292 0.9690557068147416
0.6610098231966333 0.9690557068147416
0.6650502272370373 0.9690557068147416
0.6690906312774414 0.9690557068147416
0.6731310353178453 0.9690557068147416
0.6771714393582494 0.9690557068147416
0.6812118433986534 0.9690557068147416
0.6852522474390574 0.9690557068147416
0.6892926514794615 0.9690557068147416
0.6933330555198656 0.9690557068147416
0.6973734595602696 0.9690557068147416
0.2973734595602696 0.9730961108551457
0.3014138636006737 0.9730961108551457
0.3054542676410777 0.9730961108551457
0.3094946716814817 0.9730961108551457
0.31353507572188577 0.9730961108551457
0.31757547976228984 0.9730961108551457
0.32161588380269385 0.9730961108551457
0.3256562878430979 0.9730961108551457
0.3296966918835019 0.9730961108551457
0.333737095923906 0.9730961108551457
0.33777749996431 0.9730961108551457
0.34181790400471407 0.9730961108551457
0.3458583080451181 0.9730961108551457
0.34989871208552215 0.9730961108551457
0.3539391161259262 0.9730961108551457
0.3579795201663302 0.9730961108551457
0.36201992420673423 0.9730961108551457
0.3660603282471383 0.9730961108551457
0.37010073228754237 0.9730961108551457
0.3741411363279464 0.9730961108551457
0.3781815403683504 0.9730961108551457
0.38222194440875445 0.9730961108551457
0.3862623484491585 0.9730961108551457
0.39030275248956253 0.9730961108551457
0.3943431565299666 0.9730961108551457
0.3983835605703706 0.9730961108551457
0.4024239646107747 0.9730961108551457
0.4064643686511787 0.9730961108551457
0.41050477269158275 0.9730961108551457
0.41454517673198676 0.9730961108551457
0.41858558077239083 0.9730961108551457
0.4226259848127949 0.9730961108551457
0.4266663888531989 0.9730961108551457
0.4307067928936029 0.9730961108551457
0.434747196934007 0.9730961108551457
0.43878760097441105 0.9730961108551457
0.44282800501481506 0.9730961108551457
0.4468684090552191 0.9730961108551457
0.45090881309562314 0.9730961108551457
0.4549492171360272 0.9730961108551457
0.4589896211764312 0.9730961108551457
0.4630300252168353 0.9730961108551457
0.4670704292572393 0.9730961108551457
0.47111083329764336 0.9730961108551457
0.4751512373380474 0.9730961108551457
0.47919164137845144 0.9730961108551457
0.48323204541885545 0.9730961108551457
0.4872724494592595 0.9730961108551457
0.4913128534996636 0.9730961108551457
0.4953532575400676 0.9730961108551457
0.4993936615804716 0.9730961108551457
0.5034340656208757 0.9730961108551457
0.5074744696612797 0.9730961108551457
0.5115148737016837 0.9730961108551457
0.5155552777420878 0.9730961108551457
0.5195956817824918 0.9730961108551457
0.5236360858228959 0.9730961108551457
0.5276764898633 0.9730961108551457
0.531716893903704 0.9730961108551457
0.535757297944108 0.9730961108551457
0.539797701984512 0.9730961108551457
0.5438381060249161 0.9730961108551457
0.5478785100653201 0.9730961108551457
0.5519189141057241 0.9730961108551457
0.5559593181461282 0.9730961108551457
0.5599997221865323 0.9730961108551457
0.5640401262269363 0.9730961108551457
0.5680805302673404 0.9730961108551457
0.5721209343077444 0.9730961108551457
0.5761613383481484 0.9730961108551457
0.5802017423885524 0.9730961108551457
0.5842421464289564 0.9730961108551457
0.5882825504693605 0.9730961108551457
0.5923229545097646 0.9730961108551457
0.5963633585501686 0.9730961108551457
0.6004037625905727 0.9730961108551457
0.6044441666309767 0.9730961108551457
0.6084845706713807 0.9730961108551457
0.6125249747117847 0.9730961108551457
0.6165653787521888 0.9730961108551457
0.6206057827925928 0.9730961108551457
0.6246461868329969 0.9730961108551457
0.628686590873401 0.9730961108551457
0.632726994913805 0.9730961108551457
0.6367673989542091 0.9730961108551457
0.640807802994613 0.9730961108551457
0.6448482070350171 0.9730961108551457
0.6488886110754211 0.9730961108551457
0.6529290151158251 0.9730961108551457
0.6569694191562292 0.9730961108551457
0.6610098231966333 0.9730961108551457
0.6650502272370373 0.9730961108551457
0.6690906312774414 0.9730961108551457
0.6731310353178453 0.9730961108551457
0.6771714393582494 0.9730961108551457
0.6812118433986534 0.9730961108551457
0.6852522474390574 0.9730961108551457
0.6892926514794615 0.9730961108551457
0.6933330555198656 0.9730961108551457
0.6973734595602696 0.9730961108551457
0.2973734595602696 0.9771365148955498
0.3054542676410777 0.9771365148955498
0.3094946716814817 0.9771365148955498
0.31353507572188577 0.9771365148955498
0.31757547976228984 0.9771365148955498
0.32161588380269385 0.9771365148955498
0.3256562878430979 0.9771365148955498
0.3296966918835019 0.9771365148955498
0.333737095923906 0.9771365148955498
0.33777749996431 0.9771365148955498
0.34181790400471407 0.9771365148955498
0.3458583080451181 0.9771365148955498
0.34989871208552215 0.9771365148955498
0.3539391161259262 0.9771365148955498
0.3579795201663302 0.9771365148955498
0.36201992420673423 0.9771365148955498
0.3660603282471383 0.9771365148955498
0.37010073228754237 0.9771365148955498
0.3741411363279464 0.9771365148955498
0.3781815403683504 0.9771365148955498
0.38222194440875445 0.9771365148955498
0.3862623484491585 0.9771365148955498
0.39030275248956253 0.9771365148955498
0.3943431565299666 0.9771365148955498
0.3983835605703706 0.9771365148955498
0.4024239646107747 0.9771365148955498
0.4064643686511787 0.9771365148955498
0.41050477269158275 0.9771365148955498
0.41454517673198676 0.9771365148955498
0.41858558077239083 0.9771365148955498
0.4226259848127949 0.9771365148955498
0.4266663888531989 0.9771365148955498
0.4307067928936029 0.9771365148955498
0.434747196934007 0.9771365148955498
0.43878760097441105 0.9771365148955498
0.44282800501481506 0.9771365148955498
0.4468684090552191 0.9771365148955498
0.45090881309562314 0.9771365148955498
0.4549492171360272 0.9771365148955498
0.4589896211764312 0.9771365148955498
0.4630300252168353 0.9771365148955498
0.4670704292572393 0.9771365148955498
0.47111083329764336 0.9771365148955498
0.4751512373380474 0.9771365148955498
0.47919164137845144 0.9771365148955498
0.48323204541885545 0.9771365148955498
0.4872724494592595 0.9771365148955498
0.4913128534996636 0.9771365148955498
0.4953532575400676 0.9771365148955498
0.4993936615804716 0.9771365148955498
0.5034340656208757 0.9771365148955498
0.5074744696612797 0.9771365148955498
0.5115148737016837 0.9771365148955498
0.5155552777420878 0.9771365148955498
0.5195956817824918 0.9771365148955498
0.5236360858228959 0.9771365148955498
0.5276764898633 0.9771365148955498
0.531716893903704 0.9771365148955498
0.535757297944108 0.9771365148955498
0.539797701984512 0.9771365148955498
0.5438381060249161 0.9771365148955498
0.5478785100653201 0.9771365148955498
0.5519189141057241 0.9771365148955498
0.5559593181461282 0.9771365148955498
0.5599997221865323 0.9771365148955498
0.5640401262269363 0.9771365148955498
0.5680805302673404 0.9771365148955498
0.5721209343077444 0.9771365148955498
0.5761613383481484 0.9771365148955498
0.5802017423885524 0.9771365148955498
0.5842421464289564 0.9771365148955498
0.5882825504693605 0.9771365148955498
0.5923229545097646 0.9771365148955498
0.5963633585501686 0.9771365148955498
0.6004037625905727 0.9771365148955498
0.6044441666309767 0.9771365148955498
0.6084845706713807 0.9771365148955498
0.6125249747117847 0.9771365148955498
0.6165653787521888 0.9771365148955498
0.6206057827925928 0.9771365148955498
0.6246461868329969 0.9771365148955498
0.628686590873401 0.9771365148955498
0.632726994913805 0.9771365148955498
0.6367673989542091 0.9771365148955498
0.640807802994613 0.9771365148955498
0.6448482070350171 0.9771365148955498
0.6488886110754211 0.9771365148955498
0.6529290151158251 0.9771365148955498
0.6569694191562292 0.9771365148955498
0.6610098231966333 0.9771365148955498
0.6650502272370373 0.9771365148955498
0.6690906312774414 0.9771365148955498
0.6731310353178453 0.9771365148955498
0.6771714393582494 0.9771365148955498
0.6812118433986534 0.9771365148955498
0.6852522474390574 0.9771365148955498
0.6892926514794615 0.9771365148955498
0.6933330555198656 0.9771365148955498
0.6973734595602696 0.9771365148955498
0.2973734595602696 0.9811769189359537
0.3014138636006737 0.9811769189359537
0.3054542676410777 0.9811769189359537
0.3094946716814817 0.9811769189359537
0.31353507572188577 0.9811769189359537
0.31757547976228984 0.9811769189359537
0.32161588380269385 0.9811769189359537
0.3256562878430979 0.9811769189359537
0.3296966918835019 0.9811769189359537
0.333737095923906 0.9811769189359537
0.33777749996431 0.9811769189359537
0.34181790400471407 0.9811769189359537
0.3458583080451181 0.9811769189359537
0.34989871208552215 0.9811769189359537
0.3539391161259262 0.9811769189359537
0.3579795201663302 0.9811769189359537
0.36201992420673423 0.9811769189359537
0.3660603282471383 0.9811769189359537
0.37010073228754237 0.9811769189359537
0.3741411363279464 0.9811769189359537
0.3781815403683504 0.9811769189359537
0.38222194440875445 0.9811769189359537
0.3862623484491585 0.9811769189359537
0.39030275248956253 0.9811769189359537
0.3943431565299666 0.9811769189359537
0.3983835605703706 0.9811769189359537
0.4024239646107747 0.9811769189359537
0.4064643686511787 0.9811769189359537
0.41050477269158275 0.9811769189359537
0.41454517673198676 0.9811769189359537
0.41858558077239083 0.9811769189359537
0.4226259848127949 0.9811769189359537
0.4266663888531989 0.9811769189359537
0.4307067928936029 0.9811769189359537
0.434747196934007 0.9811769189359537
0.43878760097441105 0.9811769189359537
0.44282800501481506 0.9811769189359537
0.4468684090552191 0.9811769189359537
0.45090881309562314 0.9811769189359537
0.4549492171360272 0.9811769189359537
0.4589896211764312 0.9811769189359537
0.4630300252168353 0.9811769189359537
0.4670704292572393 0.9811769189359537
0.47111083329764336 0.9811769189359537
0.4751512373380474 0.9811769189359537
0.47919164137845144 0.9811769189359537
0.48323204541885545 0.9811769189359537
0.4872724494592595 0.9811769189359537
0.4913128534996636 0.9811769189359537
0.4953532575400676 0.9811769189359537
0.4993936615804716 0.9811769189359537
0.5034340656208757 0.9811769189359537
0.5074744696612797 0.9811769189359537
0.5115148737016837 0.9811769189359537
0.5155552777420878 0.9811769189359537
0.5195956817824918 0.9811769189359537
0.5236360858228959 0.9811769189359537
0.5276764898633 0.9811769189359537
0.531716893903704 0.9811769189359537
0.535757297944108 0.9811769189359537
0.539797701984512 0.9811769189359537
0.5438381060249161 0.9811769189359537
0.5478785100653201 0.9811769189359537
0.5519189141057241 0.9811769189359537
0.5559593181461282 0.9811769189359537
0.5599997221865323 0.9811769189359537
0.5640401262269363 0.9811769189359537
0.5680805302673404 0.9811769189359537
0.5721209343077444 0.9811769189359537
0.5761613383481484 0.9811769189359537
0.5802017423885524 0.9811769189359537
0.5842421464289564 0.9811769189359537
0.5882825504693605 0.9811769189359537
0.5923229545097646 0.9811769189359537
0.5963633585501686 0.9811769189359537
0.6004037625905727 0.9811769189359537
0.6044441666309767 0.9811769189359537
0.6084845706713807 0.9811769189359537
0.6125249747117847 0.9811769189359537
0.6165653787521888 0.9811769189359537
0.6206057827925928 0.9811769189359537
0.6246461868329969 0.9811769189359537
0.628686590873401 0.9811769189359537
0.632726994913805 0.9811769189359537
0.6367673989542091 0.9811769189359537
0.640807802994613 0.9811769189359537
0.6448482070350171 0.9811769189359537
0.6488886110754211 0.9811769189359537
0.6529290151158251 0.9811769189359537
0.6569694191562292 0.9811769189359537
0.6610098231966333 0.9811769189359537
0.6650502272370373 0.9811769189359537
0.6690906312774414 0.9811769189359537
0.6731310353178453 0.9811769189359537
0.6771714393582494 0.9811769189359537
0.6812118433986534 0.9811769189359537
0.6852522474390574 0.9811769189359537
0.6892926514794615 0.9811769189359537
0.6933330555198656 0.9811769189359537
0.6973734595602696 0.9811769189359537
0.2973734595602696 0.9852173229763578
0.3014138636006737 0.9852173229763578
0.3054542676410777 0.9852173229763578
0.3094946716814817 0.9852173229763578
0.31353507572188577 0.9852173229763578
0.31757547976228984 0.9852173229763578
0.32161588380269385 0.9852173229763578
0.3256562878430979 0.9852173229763578
0.3296966918835019 0.9852173229763578
0.333737095923906 0.9852173229763578
0.33777749996431 0.9852173229763578
0.34181790400471407 0.9852173229763578
0.3458583080451181 0.9852173229763578
0.34989871208552215 0.9852173229763578
0.3539391161259262 0.9852173229763578
0.3579795201663302 0.9852173229763578
0.36201992420673423 0.9852173229763578
0.3660603282471383 0.9852173229763578
0.37010073228754237 0.9852173229763578
0.3741411363279464 0.9852173229763578
0.3781815403683504 0.9852173229763578
0.38222194440875445 0.9852173229763578
0.3862623484491585 0.9852173229763578
0.39030275248956253 0.9852173229763578
0.3943431565299666 0.9852173229763578
0.3983835605703706 0.9852173229763578
0.4024239646107747 0.9852173229763578
0.4064643686511787 0.9852173229763578
0.41050477269158275 0.9852173229763578
0.41454517673198676 0.9852173229763578
0.41858558077239083 0.9852173229763578
0.4226259848127949 0.9852173229763578
0.4266663888531989 0.9852173229763578
0.4307067928936029 0.9852173229763578
0.434747196934007 0.9852173229763578
0.43878760097441105 0.9852173229763578
0.44282800501481506 0.9852173229763578
0.4468684090552191 0.9852173229763578
0.45090881309562314 0.9852173229763578
0.4549492171360272 0.9852173229763578
0.4589896211764312 0.9852173229763578
0.4630300252168353 0.9852173229763578
0.4670704292572393 0.9852173229763578
0.47111083329764336 0.9852173229763578
0.4751512373380474 0.9852173229763578
0.47919164137845144 0.9852173229763578
0.48323204541885545 0.9852173229763578
0.4872724494592595 0.9852173229763578
0.4913128534996636 0.9852173229763578
0.4953532575400676 0.9852173229763578
0.4993936615804716 0.9852173229763578
0.5034340656208757 0.9852173229763578
0.5074744696612797 0.9852173229763578
0.5115148737016837 0.9852173229763578
0.5155552777420878 0.9852173229763578
0.5195956817824918 0.9852173229763578
0.5236360858228959 0.9852173229763578
0.5276764898633 0.9852173229763578
0.531716893903704 0.9852173229763578
0.535757297944108 0.9852173229763578
0.539797701984512 0.9852173229763578
0.5438381060249161 0.9852173229763578
0.5478785100653201 0.9852173229763578
0.5519189141057241 0.9852173229763578
0.5559593181461282 0.9852173229763578
0.5599997221865323 0.9852173229763578
0.5640401262269363 0.9852173229763578
0.5680805302673404 0.9852173229763578
0.5721209343077444 0.9852173229763578
0.5761613383481484 0.9852173229763578
0.5802017423885524 0.9852173229763578
0.5842421464289564 0.9852173229763578
0.5882825504693605 0.9852173229763578
0.5923229545097646 0.9852173229763578
0.5963633585501686 0.9852173229763578
0.6004037625905727 0.9852173229763578
0.6044441666309767 0.9852173229763578
0.6084845706713807 0.9852173229763578
0.6125249747117847 0.9852173229763578
0.6165653787521888 0.9852173229763578
0.6206057827925928 0.9852173229763578
0.6246461868329969 0.9852173229763578
0.628686590873401 0.9852173229763578
0.632726994913805 0.9852173229763578
0.6367673989542091 0.9852173229763578
0.640807802994613 0.9852173229763578
0.6448482070350171 0.9852173229763578
0.6488886110754211 0.9852173229763578
0.6529290151158251 0.9852173229763578
0.6569694191562292 0.9852173229763578
0.6610098231966333 0.9852173229763578
0.6650502272370373 0.9852173229763578
0.6690906312774414 0.9852173229763578
0.6731310353178453 0.9852173229763578
0.6771714393582494 0.9852173229763578
0.6812118433986534 0.9852173229763578
0.6852522474390574 0.9852173229763578
0.6892926514794615 0.9852173229763578
0.6933330555198656 0.9852173229763578
0.6973734595602696 0.9852173229763578
0.2973734595602696 0.9892577270167617
0.3014138636006737 0.9892577270167617
0.3054542676410777 0.9892577270167617
0.3094946716814817 0.9892577270167617
0.31353507572188577 0.9892577270167617
0.31757547976228984 0.9892577270167617
0.32161588380269385 0.9892577270167617
0.3256562878430979 0.9892577270167617
0.3296966918835019 0.9892577270167617
0.333737095923906 0.9892577270167617
0.33777749996431 0.9892577270167617
0.34181790400471407 0.9892577270167617
0.3458583080451181 0.9892577270167617
0.34989871208552215 0.9892577270167617
0.3539391161259262 0.9892577270167617
0.3579795201663302 0.9892577270167617
0.36201992420673423 0.9892577270167617
0.3660603282471383 0.9892577270167617
0.37010073228754237 0.9892577270167617
0.3741411363279464 0.9892577270167617
0.3781815403683504 0.9892577270167617
0.38222194440875445 0.9892577270167617
0.3862623484491585 0.9892577270167617
0.39030275248956253 0.9892577270167617
0.3943431565299666 0.9892577270167617
0.3983835605703706 0.9892577270167617
0.4024239646107747 0.9892577270167617
0.4064643686511787 0.9892577270167617
0.41050477269158275 0.9892577270167617
0.41454517673198676 0.9892577270167617
0.41858558077239083 0.9892577270167617
0.4226259848127949 0.9892577270167617
0.4266663888531989 0.9892577270167617
0.4307067928936029 0.9892577270167617
0.434747196934007 0.9892577270167617
0.43878760097441105 0.9892577270167617
0.44282800501481506 0.9892577270167617
0.4468684090552191 0.9892577270167617
0.45090881309562314 0.9892577270167617
0.4549492171360272 0.9892577270167617
0.4589896211764312 0.9892577270167617
0.4630300252168353 0.9892577270167617
0.4670704292572393 0.9892577270167617
0.47111083329764336 0.9892577270167617
0.4751512373380474 0.9892577270167617
0.47919164137845144 0.9892577270167617
0.48323204541885545 0.9892577270167617
0.4872724494592595 0.9892577270167617
0.4913128534996636 0.9892577270167617
0.4953532575400676 0.9892577270167617
0.4993936615804716 0.9892577270167617
0.5034340656208757 0.9892577270167617
0.5074744696612797 0.9892577270167617
0.5115148737016837 0.9892577270167617
0.5155552777420878 0.9892577270167617
0.5195956817824918 0.9892577270167617
0.5236360858228959 0.9892577270167617
0.5276764898633 0.9892577270167617
0.531716893903704 0.9892577270167617
0.535757297944108 0.9892577270167617
0.539797701984512 0.9892577270167617
0.5438381060249161 0.9892577270167617
0.5478785100653201 0.9892577270167617
0.5519189141057241 0.9892577270167617
0.5559593181461282 0.9892577270167617
0.5599997221865323 0.9892577270167617
0.5640401262269363 0.9892577270167617
0.5680805302673404 0.9892577270167617
0.5721209343077444 0.9892577270167617
0.5761613383481484 0.9892577270167617
0.5802017423885524 0.9892577270167617
0.5842421464289564 0.9892577270167617
0.5882825504693605 0.9892577270167617
0.5923229545097646 0.9892577270167617
0.5963633585501686 0.9892577270167617
0.6004037625905727 0.9892577270167617
0.6044441666309767 0.9892577270167617
0.6084845706713807 0.9892577270167617
0.6125249747117847 0.9892577270167617
0.6165653787521888 0.9892577270167617
0.6206057827925928 0.9892577270167617
0.6246461868329969 0.9892577270167617
0.628686590873401 0.9892577270167617
0.632726994913805 0.9892577270167617
0.6367673989542091 0.9892577270167617
0.640807802994613 0.9892577270167617
0.6448482070350171 0.9892577270167617
0.6488886110754211 0.9892577270167617
0.6529290151158251 0.9892577270167617
0.6569694191562292 0.9892577270167617
0.6610098231966333 0.9892577270167617
0.6650502272370373 0.9892577270167617
0.6690906312774414 0.9892577270167617
0.6731310353178453 0.9892577270167617
0.6771714393582494 0.9892577270167617
0.6812118433986534 0.9892577270167617
0.6852522474390574 0.9892577270167617
0.6892926514794615 0.9892577270167617
0.6933330555198656 0.9892577270167617
0.6973734595602696 0.9892577270167617
0.2973734595602696 0.9932981310571658
0.3014138636006737 0.9932981310571658
0.3054542676410777 0.9932981310571658
0.3094946716814817 0.9932981310571658
0.31353507572188577 0.9932981310571658
0.31757547976228984 0.9932981310571658
0.32161588380269385 0.9932981310571658
0.3256562878430979 0.9932981310571658
0.3296966918835019 0.9932981310571658
0.333737095923906 0.9932981310571658
0.33777749996431 0.9932981310571658
0.34181790400471407 0.9932981310571658
0.3458583080451181 0.9932981310571658
0.34989871208552215 0.9932981310571658
0.3539391161259262 0.9932981310571658
0.3579795201663302 0.9932981310571658
0.36201992420673423 0.9932981310571658
0.3660603282471383 0.9932981310571658
0.37010073228754237 0.9932981310571658
0.3741411363279464 0.9932981310571658
0.3781815403683504 0.9932981310571658
0.38222194440875445 0.9932981310571658
0.3862623484491585 0.9932981310571658
0.39030275248956253 0.9932981310571658
0.3943431565299666 0.9932981310571658
0.3983835605703706 0.9932981310571658
0.4024239646107747 0.9932981310571658
0.4064643686511787 0.9932981310571658
0.41050477269158275 0.9932981310571658
0.41454517673198676 0.9932981310571658
0.41858558077239083 0.9932981310571658
0.4226259848127949 0.9932981310571658
0.4266663888531989 0.9932981310571658
0.4307067928936029 0.9932981310571658
0.434747196934007 0.9932981310571658
0.43878760097441105 0.9932981310571658
0.44282800501481506 0.9932981310571658
0.4468684090552191 0.9932981310571658
0.45090881309562314 0.9932981310571658
0.4549492171360272 0.9932981310571658
0.4589896211764312 0.9932981310571658
0.4630300252168353 0.9932981310571658
0.4670704292572393 0.9932981310571658
0.47111083329764336 0.9932981310571658
0.4751512373380474 0.9932981310571658
0.47919164137845144 0.9932981310571658
0.48323204541885545 0.9932981310571658
0.4872724494592595 0.9932981310571658
0.4913128534996636 0.9932981310571658
0.4953532575400676 0.9932981310571658
0.4993936615804716 0.9932981310571658
0.5034340656208757 0.9932981310571658
0.5074744696612797 0.9932981310571658
0.5115148737016837 0.9932981310571658
0.5155552777420878 0.9932981310571658
0.5195956817824918 0.9932981310571658
0.5236360858228959 0.9932981310571658
0.5276764898633 0.9932981310571658
0.531716893903704 0.9932981310571658
0.535757297944108 0.9932981310571658
0.539797701984512 0.9932981310571658
0.5438381060249161 0.9932981310571658
0.5478785100653201 0.9932981310571658
0.5519189141057241 0.9932981310571658
0.5559593181461282 0.9932981310571658
0.5599997221865323 0.9932981310571658
0.5640401262269363 0.9932981310571658
0.5680805302673404 0.9932981310571658
0.5721209343077444 0.9932981310571658
0.5761613383481484 0.9932981310571658
0.5802017423885524 0.9932981310571658
0.5842421464289564 0.9932981310571658
0.5882825504693605 0.9932981310571658
0.5923229545097646 0.9932981310571658
0.5963633585501686 0.9932981310571658
0.6004037625905727 0.9932981310571658
0.6044441666309767 0.9932981310571658
0.6084845706713807 0.9932981310571658
0.6125249747117847 0.9932981310571658
0.6165653787521888 0.9932981310571658
0.6206057827925928 0.9932981310571658
0.6246461868329969 0.9932981310571658
0.628686590873401 0.9932981310571658
0.632726994913805 0.9932981310571658
0.6367673989542091 0.9932981310571658
0.640807802994613 0.9932981310571658
0.6448482070350171 0.9932981310571658
0.6488886110754211 0.9932981310571658
0.6529290151158251 0.9932981310571658
0.6569694191562292 0.9932981310571658
0.6610098231966333 0.9932981310571658
0.6650502272370373 0.9932981310571658
0.6690906312774414 0.9932981310571658
0.6731310353178453 0.9932981310571658
0.6771714393582494 0.9932981310571658
0.6812118433986534 0.9932981310571658
0.6852522474390574 0.9932981310571658
0.6892926514794615 0.9932981310571658
0.6933330555198656 0.9932981310571658
0.6973734595602696 0.9932981310571658
0.2973734595602696 0.9973385350975699
0.3014138636006737 0.9973385350975699
0.3054542676410777 0.9973385350975699
0.3094946716814817 0.9973385350975699
0.31353507572188577 0.9973385350975699
0.31757547976228984 0.9973385350975699
0.32161588380269385 0.9973385350975699
0.3256562878430979 0.9973385350975699
0.3296966918835019 0.9973385350975699
0.333737095923906 0.9973385350975699
0.33777749996431 0.9973385350975699
0.34181790400471407 0.9973385350975699
0.3458583080451181 0.9973385350975699
0.34989871208552215 0.9973385350975699
0.3539391161259262 0.9973385350975699
0.3579795201663302 0.9973385350975699
0.36201992420673423 0.9973385350975699
0.3660603282471383 0.9973385350975699
0.37010073228754237 0.9973385350975699
0.3741411363279464 0.9973385350975699
0.3781815403683504 0.9973385350975699
0.38222194440875445 0.9973385350975699
0.3862623484491585 0.9973385350975699
0.39030275248956253 0.9973385350975699
0.3943431565299666 0.9973385350975699
0.3983835605703706 0.9973385350975699
0.4024239646107747 0.9973385350975699
0.4064643686511787 0.9973385350975699
0.41050477269158275 0.9973385350975699
0.41454517673198676 0.9973385350975699
0.41858558077239083 0.9973385350975699
0.4226259848127949 0.9973385350975699
0.4266663888531989 0.9973385350975699
0.4307067928936029 0.9973385350975699
0.434747196934007 0.9973385350975699
0.43878760097441105 0.9973385350975699
0.44282800501481506 0.9973385350975699
0.4468684090552191 0.9973385350975699
0.45090881309562314 0.9973385350975699
0.4549492171360272 0.9973385350975699
0.4589896211764312 0.9973385350975699
0.4630300252168353 0.9973385350975699
0.4670704292572393 0.9973385350975699
0.47111083329764336 0.9973385350975699
0.4751512373380474 0.9973385350975699
0.47919164137845144 0.9973385350975699
0.48323204541885545 0.9973385350975699
0.4872724494592595 0.9973385350975699
0.4913128534996636 0.9973385350975699
0.4953532575400676 0.9973385350975699
0.4993936615804716 0.9973385350975699
0.5034340656208757 0.9973385350975699
0.5074744696612797 0.9973385350975699
0.5115148737016837 0.9973385350975699
0.5155552777420878 0.9973385350975699
0.5195956817824918 0.9973385350975699
0.5236360858228959 0.9973385350975699
0.5276764898633 0.9973385350975699
0.531716893903704 0.9973385350975699
0.535757297944108 0.9973385350975699
0.539797701984512 0.9973385350975699
0.5438381060249161 0.9973385350975699
0.5478785100653201 0.9973385350975699
0.5519189141057241 0.9973385350975699
0.5559593181461282 0.9973385350975699
0.5599997221865323 0.9973385350975699
0.5640401262269363 0.9973385350975699
0.5680805302673404 0.9973385350975699
0.5721209343077444 0.9973385350975699
0.5761613383481484 0.9973385350975699
0.5802017423885524 0.9973385350975699
0.5842421464289564 0.9973385350975699
0.5882825504693605 0.9973385350975699
0.5923229545097646 0.9973385350975699
0.5963633585501686 0.9973385350975699
0.6004037625905727 0.9973385350975699
0.6044441666309767 0.9973385350975699
0.6084845706713807 0.9973385350975699
0.6125249747117847 0.9973385350975699
0.6165653787521888 0.9973385350975699
0.6206057827925928 0.9973385350975699
0.6246461868329969 0.9973385350975699
0.628686590873401 0.9973385350975699
0.632726994913805 0.9973385350975699
0.6367673989542091 0.9973385350975699
0.640807802994613 0.9973385350975699
0.6448482070350171 0.9973385350975699
0.6488886110754211 0.9973385350975699
0.6529290151158251 0.9973385350975699
0.6569694191562292 0.9973385350975699
0.6610098231966333 0.9973385350975699
0.6650502272370373 0.9973385350975699
0.6690906312774414 0.9973385350975699
0.6731310353178453 0.9973385350975699
0.6771714393582494 0.9973385350975699
0.6812118433986534 0.9973385350975699
0.6852522474390574 0.9973385350975699
0.6892926514794615 0.9973385350975699
0.6933330555198656 0.9973385350975699
0.6973734595602696 0.9973385350975699
0.2973734595602696 1.001378939137974
0.3014138636006737 1.001378939137974
0.3054542676410777 1.001378939137974
0.3094946716814817 1.001378939137974
0.31353507572188577 1.001378939137974
0.31757547976228984 1.001378939137974
0.32161588380269385 1.001378939137974
0.3256562878430979 1.001378939137974
0.3296966918835019 1.001378939137974
0.333737095923906 1.001378939137974
0.33777749996431 1.001378939137974
0.34181790400471407 1.001378939137974
0.3458583080451181 1.001378939137974
0.34989871208552215 1.001378939137974
0.3539391161259262 1.001378939137974
0.3579795201663302 1.001378939137974
0.36201992420673423 1.001378939137974
0.3660603282471383 1.001378939137974
0.37010073228754237 1.001378939137974
0.3741411363279464 1.001378939137974
0.3781815403683504 1.001378939137974
0.38222194440875445 1.001378939137974
0.3862623484491585 1.001378939137974
0.39030275248956253 1.001378939137974
0.3943431565299666 1.001378939137974
0.3983835605703706 1.001378939137974
0.4024239646107747 1.001378939137974
0.4064643686511787 1.001378939137974
0.41050477269158275 1.001378939137974
0.41454517673198676 1.001378939137974
0.41858558077239083 1.001378939137974
0.4226259848127949 1.001378939137974
0.4266663888531989 1.001378939137974
0.4307067928936029 1.001378939137974
0.434747196934007 1.001378939137974
0.43878760097441105 1.001378939137974
0.44282800501481506 1.001378939137974
0.4468684090552191 1.001378939137974
0.45090881309562314 1.001378939137974
0.4549492171360272 1.001378939137974
0.4589896211764312 1.001378939137974
0.4630300252168353 1.001378939137974
0.4670704292572393 1.001378939137974
0.47111083329764336 1.001378939137974
0.4751512373380474 1.001378939137974
0.47919164137845144 1.001378939137974
0.48323204541885545 1.001378939137974
0.4872724494592595 1.001378939137974
0.4913128534996636 1.001378939137974
0.4953532575400676 1.001378939137974
0.4993936615804716 1.001378939137974
0.5034340656208757 1.001378939137974
0.5074744696612797 1.001378939137974
0.5115148737016837 1.001378939137974
0.5155552777420878 1.001378939137974
0.5195956817824918 1.001378939137974
0.5236360858228959 1.001378939137974
0.5276764898633 1.001378939137974
0.531716893903704 1.001378939137974
0.535757297944108 1.001378939137974
0.539797701984512 1.001378939137974
0.5438381060249161 1.001378939137974
0.5478785100653201 1.001378939137974
0.5519189141057241 1.001378939137974
0.5559593181461282 1.001378939137974
0.5599997221865323 1.001378939137974
0.5640401262269363 1.001378939137974
0.5680805302673404 1.001378939137974
0.5721209343077444 1.001378939137974
0.5761613383481484 1.001378939137974
0.5802017423885524 1.001378939137974
0.5842421464289564 1.001378939137974
0.5882825504693605 1.001378939137974
0.5923229545097646 1.001378939137974
0.5963633585501686 1.001378939137974
0.6004037625905727 1.001378939137974
0.6044441666309767 1.001378939137974
0.6084845706713807 1.001378939137974
0.6125249747117847 1.001378939137974
0.6165653787521888 1.001378939137974
0.6206057827925928 1.001378939137974
0.6246461868329969 1.001378939137974
0.628686590873401 1.001378939137974
0.632726994913805 1.001378939137974
0.6367673989542091 1.001378939137974
0.640807802994613 1.001378939137974
0.6448482070350171 1.001378939137974
0.6488886110754211 1.001378939137974
0.6529290151158251 1.001378939137974
0.6569694191562292 1.001378939137974
0.6610098231966333 1.001378939137974
0.6650502272370373 1.001378939137974
0.6690906312774414 1.001378939137974
0.6731310353178453 1.001378939137974
0.6771714393582494 1.001378939137974
0.6812118433986534 1.001378939137974
0.6852522474390574 1.001378939137974
0.6892926514794615 1.001378939137974
0.6933330555198656 1.001378939137974
0.6973734595602696 1.001378939137974
0.2973734595602696 1.005419343178378
0.3014138636006737 1.005419343178378
0.3054542676410777 1.005419343178378
0.3094946716814817 1.005419343178378
0.31353507572188577 1.005419343178378
0.31757547976228984 1.005419343178378
0.32161588380269385 1.005419343178378
0.3256562878430979 1.005419343178378
0.3296966918835019 1.005419343178378
0.333737095923906 1.005419343178378
0.33777749996431 1.005419343178378
0.34181790400471407 1.005419343178378
0.3458583080451181 1.005419343178378
0.34989871208552215 1.005419343178378
0.3539391161259262 1.005419343178378
0.3579795201663302 1.005419343178378
0.36201992420673423 1.005419343178378
0.3660603282471383 1.005419343178378
0.37010073228754237 1.005419343178378
0.3741411363279464 1.005419343178378
0.3781815403683504 1.005419343178378
0.38222194440875445 1.005419343178378
0.3862623484491585 1.005419343178378
0.39030275248956253 1.005419343178378
0.3943431565299666 1.005419343178378
0.3983835605703706 1.005419343178378
0.4024239646107747 1.005419343178378
0.4064643686511787 1.005419343178378
0.41050477269158275 1.005419343178378
0.41454517673198676 1.005419343178378
0.41858558077239083 1.005419343178378
0.4226259848127949 1.005419343178378
0.4266663888531989 1.005419343178378
0.4307067928936029 1.005419343178378
0.434747196934007 1.005419343178378
0.43878760097441105 1.005419343178378
0.44282800501481506 1.005419343178378
0.4468684090552191 1.005419343178378
0.45090881309562314 1.005419343178378
0.4549492171360272 1.005419343178378
0.4589896211764312 1.005419343178378
0.4630300252168353 1.005419343178378
0.4670704292572393 1.005419343178378
0.47111083329764336 1.005419343178378
0.4751512373380474 1.005419343178378
0.47919164137845144 1.005419343178378
0.48323204541885545 1.005419343178378
0.4872724494592595 1.005419343178378
0.4913128534996636 1.005419343178378
0.4953532575400676 1.005419343178378
0.4993936615804716 1.005419343178378
0.5034340656208757 1.005419343178378
0.5074744696612797 1.005419343178378
0.5115148737016837 1.005419343178378
0.5155552777420878 1.005419343178378
0.5195956817824918 1.005419343178378
0.5236360858228959 1.005419343178378
0.5276764898633 1.005419343178378
0.531716893903704 1.005419343178378
0.535757297944108 1.005419343178378
0.539797701984512 1.005419343178378
0.5438381060249161 1.005419343178378
0.5478785100653201 1.005419343178378
0.5519189141057241 1.005419343178378
0.5559593181461282 1.005419343178378
0.5599997221865323 1.005419343178378
0.5640401262269363 1.005419343178378
0.5680805302673404 1.005419343178378
0.5721209343077444 1.005419343178378
0.5761613383481484 1.005419343178378
0.5802017423885524 1.005419343178378
0.5842421464289564 1.005419343178378
0.5882825504693605 1.005419343178378
0.5923229545097646 1.005419343178378
0.5963633585501686 1.005419343178378
0.6004037625905727 1.005419343178378
0.6044441666309767 1.005419343178378
0.6084845706713807 1.005419343178378
0.6125249747117847 1.005419343178378
0.6165653787521888 1.005419343178378
0.6206057827925928 1.005419343178378
0.6246461868329969 1.005419343178378
0.628686590873401 1.005419343178378
0.632726994913805 1.005419343178378
0.6367673989542091 1.005419343178378
0.640807802994613 1.005419343178378
0.6448482070350171 1.005419343178378
0.6488886110754211 1.005419343178378
0.6529290151158251 1.005419343178378
0.6569694191562292 1.005419343178378
0.6610098231966333 1.005419343178378
0.6650502272370373 1.005419343178378
0.6690906312774414 1.005419343178378
0.6731310353178453 1.005419343178378
0.6771714393582494 1.005419343178378
0.6812118433986534 1.005419343178378
0.6852522474390574 1.005419343178378
0.6892926514794615 1.005419343178378
0.6933330555198656 1.005419343178378
0.6973734595602696 1.005419343178378
0.2973734595602696 1.009459747218782
0.3014138636006737 1.009459747218782
0.3054542676410777 1.009459747218782
0.3094946716814817 1.009459747218782
0.31353507572188577 1.009459747218782
0.31757547976228984 1.009459747218782
0.32161588380269385 1.009459747218782
0.3256562878430979 1.009459747218782
0.3296966918835019 1.009459747218782
0.333737095923906 1.009459747218782
0.33777749996431 1.009459747218782
0.34181790400471407 1.009459747218782
0.3458583080451181 1.009459747218782
0.34989871208552215 1.009459747218782
0.3539391161259262 1.009459747218782
0.3579795201663302 1.009459747218782
0.36201992420673423 1.009459747218782
0.3660603282471383 1.009459747218782
0.37010073228754237 1.009459747218782
0.3741411363279464 1.009459747218782
0.3781815403683504 1.009459747218782
0.38222194440875445 1.009459747218782
0.3862623484491585 1.009459747218782
0.39030275248956253 1.009459747218782
0.3943431565299666 1.009459747218782
0.3983835605703706 1.009459747218782
0.4024239646107747 1.009459747218782
0.4064643686511787 1.009459747218782
0.41050477269158275 1.009459747218782
0.41454517673198676 1.009459747218782
0.41858558077239083 1.009459747218782
0.4226259848127949 1.009459747218782
0.4266663888531989 1.009459747218782
0.4307067928936029 1.009459747218782
0.434747196934007 1.009459747218782
0.43878760097441105 1.009459747218782
0.44282800501481506 1.009459747218782
0.4468684090552191 1.009459747218782
0.45090881309562314 1.009459747218782
0.4549492171360272 1.009459747218782
0.4589896211764312 1.009459747218782
0.4630300252168353 1.009459747218782
0.4670704292572393 1.009459747218782
0.47111083329764336 1.009459747218782
0.4751512373380474 1.009459747218782
0.47919164137845144 1.009459747218782
0.48323204541885545 1.009459747218782
0.4872724494592595 1.009459747218782
0.4913128534996636 1.009459747218782
0.4953532575400676 1.009459747218782
0.4993936615804716 1.009459747218782
0.5034340656208757 1.009459747218782
0.5074744696612797 1.009459747218782
0.5115148737016837 1.009459747218782
0.5155552777420878 1.009459747218782
0.5195956817824918 1.009459747218782
0.5236360858228959 1.009459747218782
0.5276764898633 1.009459747218782
0.531716893903704 1.009459747218782
0.535757297944108 1.009459747218782
0.539797701984512 1.009459747218782
0.5438381060249161 1.009459747218782
0.5478785100653201 1.009459747218782
0.5519189141057241 1.009459747218782
0.5559593181461282 1.009459747218782
0.5599997221865323 1.009459747218782
0.5640401262269363 1.009459747218782
0.5680805302673404 1.009459747218782
0.5721209343077444 1.009459747218782
0.5761613383481484 1.009459747218782
0.5802017423885524 1.009459747218782
0.5842421464289564 1.009459747218782
0.5882825504693605 1.009459747218782
0.5923229545097646 1.009459747218782
0.5963633585501686 1.009459747218782
0.6004037625905727 1.009459747218782
0.6044441666309767 1.009459747218782
0.6084845706713807 1.009459747218782
0.6125249747117847 1.009459747218782
0.6165653787521888 1.009459747218782
0.6206057827925928 1.009459747218782
0.6246461868329969 1.009459747218782
0.628686590873401 1.009459747218782
0.632726994913805 1.009459747218782
0.6367673989542091 1.009459747218782
0.640807802994613 1.009459747218782
0.6448482070350171 1.009459747218782
0.6488886110754211 1.009459747218782
0.6529290151158251 1.009459747218782
0.6569694191562292 1.009459747218782
0.6610098231966333 1.009459747218782
0.6650502272370373 1.009459747218782
0.6690906312774414 1.009459747218782
0.6731310353178453 1.009459747218782
0.6771714393582494 1.009459747218782
0.6812118433986534 1.009459747218782
0.6852522474390574 1.009459747218782
0.6892926514794615 1.009459747218782
0.6933330555198656 1.009459747218782
0.6973734595602696 1.009459747218782
0.2973734595602696 1.0135001512591861
0.3014138636006737 1.0135001512591861
0.3054542676410777 1.0135001512591861
0.3094946716814817 1.0135001512591861
0.31353507572188577 1.0135001512591861
0.31757547976228984 1.0135001512591861
0.32161588380269385 1.0135001512591861
0.3256562878430979 1.0135001512591861
0.3296966918835019 1.0135001512591861
0.333737095923906 1.0135001512591861
0.33777749996431 1.0135001512591861
0.34181790400471407 1.0135001512591861
0.3458583080451181 1.0135001512591861
0.34989871208552215 1.0135001512591861
0.3539391161259262 1.0135001512591861
0.3579795201663302 1.0135001512591861
0.36201992420673423 1.0135001512591861
0.3660603282471383 1.0135001512591861
0.37010073228754237 1.0135001512591861
0.3741411363279464 1.0135001512591861
0.3781815403683504 1.0135001512591861
0.38222194440875445 1.0135001512591861
0.3862623484491585 1.0135001512591861
0.39030275248956253 1.0135001512591861
0.3943431565299666 1.0135001512591861
0.3983835605703706 1.0135001512591861
0.4024239646107747 1.0135001512591861
0.4064643686511787 1.0135001512591861
0.41050477269158275 1.0135001512591861
0.41454517673198676 1.0135001512591861
0.41858558077239083 1.0135001512591861
0.4226259848127949 1.0135001512591861
0.4266663888531989 1.0135001512591861
0.4307067928936029 1.0135001512591861
0.434747196934007 1.0135001512591861
0.43878760097441105 1.0135001512591861
0.44282800501481506 1.0135001512591861
0.4468684090552191 1.0135001512591861
0.45090881309562314 1.0135001512591861
0.4549492171360272 1.0135001512591861
0.4589896211764312 1.0135001512591861
0.4630300252168353 1.0135001512591861
0.4670704292572393 1.0135001512591861
0.47111083329764336 1.0135001512591861
0.4751512373380474 1.0135001512591861
0.47919164137845144 1.0135001512591861
0.48323204541885545 1.0135001512591861
0.4872724494592595 1.0135001512591861
0.4913128534996636 1.0135001512591861
0.4953532575400676 1.0135001512591861
0.4993936615804716 1.0135001512591861
0.5034340656208757 1.0135001512591861
0.5074744696612797 1.0135001512591861
0.5115148737016837 1.0135001512591861
0.5155552777420878 1.0135001512591861
0.5195956817824918 1.0135001512591861
0.5236360858228959 1.0135001512591861
0.5276764898633 1.0135001512591861
0.531716893903704 1.0135001512591861
0.535757297944108 1.0135001512591861
0.539797701984512 1.0135001512591861
0.5438381060249161 1.0135001512591861
0.5478785100653201 1.0135001512591861
0.5519189141057241 1.0135001512591861
0.5559593181461282 1.0135001512591861
0.5599997221865323 1.0135001512591861
0.5640401262269363 1.0135001512591861
0.5680805302673404 1.0135001512591861
0.5721209343077444 1.0135001512591861
0.5761613383481484 1.0135001512591861
0.5802017423885524 1.0135001512591861
0.5842421464289564 1.0135001512591861
0.5882825504693605 1.0135001512591861
0.5923229545097646 1.0135001512591861
0.5963633585501686 1.0135001512591861
0.6004037625905727 1.0135001512591861
0.6044441666309767 1.0135001512591861
0.6084845706713807 1.0135001512591861
0.6125249747117847 1.0135001512591861
0.6165653787521888 1.0135001512591861
0.6206057827925928 1.0135001512591861
0.6246461868329969 1.0135001512591861
0.628686590873401 1.0135001512591861
0.632726994913805 1.0135001512591861
0.6367673989542091 1.0135001512591861
0.640807802994613 1.0135001512591861
0.6448482070350171 1.0135001512591861
0.6488886110754211 1.0135001512591861
0.6529290151158251 1.0135001512591861
0.6569694191562292 1.0135001512591861
0.6610098231966333 1.0135001512591861
0.6650502272370373 1.0135001512591861
0.6690906312774414 1.0135001512591861
0.6731310353178453 1.0135001512591861
0.6771714393582494 1.0135001512591861
0.6812118433986534 1.0135001512591861
0.6852522474390574 1.0135001512591861
0.6892926514794615 1.0135001512591861
0.6933330555198656 1.0135001512591861
0.6973734595602696 1.0135001512591861
0.2973734595602696 1.0175405552995902
0.3014138636006737 1.0175405552995902
0.3054542676410777 1.0175405552995902
0.3094946716814817 1.0175405552995902
0.31353507572188577 1.0175405552995902
0.31757547976228984 1.0175405552995902
0.32161588380269385 1.0175405552995902
0.3256562878430979 1.0175405552995902
0.3296966918835019 1.0175405552995902
0.333737095923906 1.0175405552995902
0.33777749996431 1.0175405552995902
0.34181790400471407 1.0175405552995902
0.3458583080451181 1.0175405552995902
0.34989871208552215 1.0175405552995902
0.3539391161259262 1.0175405552995902
0.3579795201663302 1.0175405552995902
0.36201992420673423 1.0175405552995902
0.3660603282471383 1.0175405552995902
0.37010073228754237 1.0175405552995902
0.3741411363279464 1.0175405552995902
0.3781815403683504 1.0175405552995902
0.38222194440875445 1.0175405552995902
0.3862623484491585 1.0175405552995902
0.39030275248956253 1.0175405552995902
0.3943431565299666 1.0175405552995902
0.3983835605703706 1.0175405552995902
0.4024239646107747 1.0175405552995902
0.4064643686511787 1.0175405552995902
0.41050477269158275 1.0175405552995902
0.41454517673198676 1.0175405552995902
0.41858558077239083 1.0175405552995902
0.4226259848127949 1.0175405552995902
0.4266663888531989 1.0175405552995902
0.4307067928936029 1.0175405552995902
0.434747196934007 1.0175405552995902
0.43878760097441105 1.0175405552995902
0.44282800501481506 1.0175405552995902
0.4468684090552191 1.0175405552995902
0.45090881309562314 1.0175405552995902
0.4549492171360272 1.0175405552995902
0.4589896211764312 1.0175405552995902
0.4630300252168353 1.0175405552995902
0.4670704292572393 1.0175405552995902
0.47111083329764336 1.0175405552995902
0.4751512373380474 1.0175405552995902
0.47919164137845144 1.0175405552995902
0.48323204541885545 1.0175405552995902
0.4872724494592595 1.0175405552995902
0.4913128534996636 1.0175405552995902
0.4953532575400676 1.0175405552995902
0.4993936615804716 1.0175405552995902
0.5034340656208757 1.0175405552995902
0.5074744696612797 1.0175405552995902
0.5115148737016837 1.0175405552995902
0.5155552777420878 1.0175405552995902
0.5195956817824918 1.0175405552995902
0.5236360858228959 1.0175405552995902
0.5276764898633 1.0175405552995902
0.531716893903704 1.0175405552995902
0.535757297944108 1.0175405552995902
0.539797701984512 1.0175405552995902
0.5438381060249161 1.0175405552995902
0.5478785100653201 1.0175405552995902
0.5519189141057241 1.0175405552995902
0.5559593181461282 1.0175405552995902
0.5599997221865323 1.0175405552995902
0.5640401262269363 1.0175405552995902
0.5680805302673404 1.0175405552995902
0.5721209343077444 1.0175405552995902
0.5761613383481484 1.0175405552995902
0.5802017423885524 1.0175405552995902
0.5842421464289564 1.0175405552995902
0.5882825504693605 1.0175405552995902
0.5923229545097646 1.0175405552995902
0.5963633585501686 1.0175405552995902
0.6004037625905727 1.0175405552995902
0.6044441666309767 1.0175405552995902
0.6084845706713807 1.0175405552995902
0.6125249747117847 1.0175405552995902
0.6165653787521888 1.0175405552995902
0.6206057827925928 1.0175405552995902
0.6246461868329969 1.0175405552995902
0.628686590873401 1.0175405552995902
0.632726994913805 1.0175405552995902
0.6367673989542091 1.0175405552995902
0.640807802994613 1.0175405552995902
0.6448482070350171 1.0175405552995902
0.6488886110754211 1.0175405552995902
0.6529290151158251 1.0175405552995902
0.6569694191562292 1.0175405552995902
0.6610098231966333 1.0175405552995902
0.6650502272370373 1.0175405552995902
0.6690906312774414 1.0175405552995902
0.6731310353178453 1.0175405552995902
0.6771714393582494 1.0175405552995902
0.6812118433986534 1.0175405552995902
0.6852522474390574 1.0175405552995902
0.6892926514794615 1.0175405552995902
0.6933330555198656 1.0175405552995902
0.6973734595602696 1.0175405552995902
0.2973734595602696 1.0215809593399943
0.3014138636006737 1.0215809593399943
0.3054542676410777 1.0215809593399943
0.3094946716814817 1.0215809593399943
0.31353507572188577 1.0215809593399943
0.31757547976228984 1.0215809593399943
0.32161588380269385 1.0215809593399943
0.3256562878430979 1.0215809593399943
0.3296966918835019 1.0215809593399943
0.333737095923906 1.0215809593399943
0.33777749996431 1.0215809593399943
0.34181790400471407 1.0215809593399943
0.3458583080451181 1.0215809593399943
0.34989871208552215 1.0215809593399943
0.3539391161259262 1.0215809593399943
0.3579795201663302 1.0215809593399943
0.36201992420673423 1.0215809593399943
0.3660603282471383 1.0215809593399943
0.37010073228754237 1.0215809593399943
0.3741411363279464 1.0215809593399943
0.3781815403683504 1.0215809593399943
0.38222194440875445 1.0215809593399943
0.3862623484491585 1.0215809593399943
0.39030275248956253 1.0215809593399943
0.3943431565299666 1.0215809593399943
0.3983835605703706 1.0215809593399943
0.4024239646107747 1.0215809593399943
0.4064643686511787 1.0215809593399943
0.41050477269158275 1.0215809593399943
0.41454517673198676 1.0215809593399943
0.41858558077239083 1.0215809593399943
0.4226259848127949 1.0215809593399943
0.4266663888531989 1.0215809593399943
0.4307067928936029 1.0215809593399943
0.434747196934007 1.0215809593399943
0.43878760097441105 1.0215809593399943
0.44282800501481506 1.0215809593399943
0.4468684090552191 1.0215809593399943
0.45090881309562314 1.0215809593399943
0.4549492171360272 1.0215809593399943
0.4589896211764312 1.0215809593399943
0.4630300252168353 1.0215809593399943
0.4670704292572393 1.0215809593399943
0.47111083329764336 1.0215809593399943
0.4751512373380474 1.0215809593399943
0.47919164137845144 1.0215809593399943
0.48323204541885545 1.0215809593399943
0.4872724494592595 1.0215809593399943
0.4913128534996636 1.0215809593399943
0.4953532575400676 1.0215809593399943
0.4993936615804716 1.0215809593399943
0.5034340656208757 1.0215809593399943
0.5074744696612797 1.0215809593399943
0.5115148737016837 1.0215809593399943
0.5155552777420878 1.0215809593399943
0.5195956817824918 1.0215809593399943
0.5236360858228959 1.0215809593399943
0.5276764898633 1.0215809593399943
0.531716893903704 1.0215809593399943
0.535757297944108 1.0215809593399943
0.539797701984512 1.0215809593399943
0.5438381060249161 1.0215809593399943
0.5478785100653201 1.0215809593399943
0.5519189141057241 1.0215809593399943
0.5559593181461282 1.0215809593399943
0.5599997221865323 1.0215809593399943
0.5640401262269363 1.0215809593399943
0.5680805302673404 1.0215809593399943
0.5721209343077444 1.0215809593399943
0.5761613383481484 1.0215809593399943
0.5802017423885524 1.0215809593399943
0.5842421464289564 1.0215809593399943
0.5882825504693605 1.0215809593399943
0.5923229545097646 1.0215809593399943
0.5963633585501686 1.0215809593399943
0.6004037625905727 1.0215809593399943
0.6044441666309767 1.0215809593399943
0.6084845706713807 1.0215809593399943
0.6125249747117847 1.0215809593399943
0.6165653787521888 1.0215809593399943
0.6206057827925928 1.0215809593399943
0.6246461868329969 1.0215809593399943
0.628686590873401 1.0215809593399943
0.632726994913805 1.0215809593399943
0.6367673989542091 1.0215809593399943
0.640807802994613 1.0215809593399943
0.6448482070350171 1.0215809593399943
0.6488886110754211 1.0215809593399943
0.6529290151158251 1.0215809593399943
0.6569694191562292 1.0215809593399943
0.6610098231966333 1.0215809593399943
0.6650502272370373 1.0215809593399943
0.6690906312774414 1.0215809593399943
0.6731310353178453 1.0215809593399943
0.6771714393582494 1.0215809593399943
0.6812118433986534 1.0215809593399943
0.6852522474390574 1.0215809593399943
0.6892926514794615 1.0215809593399943
0.6933330555198656 1.0215809593399943
0.6973734595602696 1.0215809593399943
0.2973734595602696 1.025621363380398
0.3014138636006737 1.025621363380398
0.3054542676410777 1.025621363380398
0.3094946716814817 1.025621363380398
0.31353507572188577 1.025621363380398
0.31757547976228984 1.025621363380398
0.32161588380269385 1.025621363380398
0.3256562878430979 1.025621363380398
0.3296966918835019 1.025621363380398
0.333737095923906 1.025621363380398
0.33777749996431 1.025621363380398
0.34181790400471407 1.025621363380398
0.3458583080451181 1.025621363380398
0.34989871208552215 1.025621363380398
0.3539391161259262 1.025621363380398
0.3579795201663302 1.025621363380398
0.36201992420673423 1.025621363380398
0.3660603282471383 1.025621363380398
0.37010073228754237 1.025621363380398
0.3741411363279464 1.025621363380398
0.3781815403683504 1.025621363380398
0.38222194440875445 1.025621363380398
0.3862623484491585 1.025621363380398
0.39030275248956253 1.025621363380398
0.3943431565299666 1.025621363380398
0.3983835605703706 1.025621363380398
0.4024239646107747 1.025621363380398
0.4064643686511787 1.025621363380398
0.41050477269158275 1.025621363380398
0.41454517673198676 1.025621363380398
0.41858558077239083 1.025621363380398
0.4226259848127949 1.025621363380398
0.4266663888531989 1.025621363380398
0.4307067928936029 1.025621363380398
0.434747196934007 1.025621363380398
0.43878760097441105 1.025621363380398
0.44282800501481506 1.025621363380398
0.4468684090552191 1.025621363380398
0.45090881309562314 1.025621363380398
0.4549492171360272 1.025621363380398
0.4589896211764312 1.025621363380398
0.4630300252168353 1.025621363380398
0.4670704292572393 1.025621363380398
0.47111083329764336 1.025621363380398
0.4751512373380474 1.025621363380398
0.47919164137845144 1.025621363380398
0.48323204541885545 1.025621363380398
0.4872724494592595 1.025621363380398
0.4913128534996636 1.025621363380398
0.4953532575400676 1.025621363380398
0.4993936615804716 1.025621363380398
0.5034340656208757 1.025621363380398
0.5074744696612797 1.025621363380398
0.5115148737016837 1.025621363380398
0.5155552777420878 1.025621363380398
0.5195956817824918 1.025621363380398
0.5236360858228959 1.025621363380398
0.5276764898633 1.025621363380398
0.531716893903704 1.025621363380398
0.535757297944108 1.025621363380398
0.539797701984512 1.025621363380398
0.5438381060249161 1.025621363380398
0.5478785100653201 1.025621363380398
0.5519189141057241 1.025621363380398
0.5559593181461282 1.025621363380398
0.5599997221865323 1.025621363380398
0.5640401262269363 1.025621363380398
0.5680805302673404 1.025621363380398
0.5721209343077444 1.025621363380398
0.5761613383481484 1.025621363380398
0.5802017423885524 1.025621363380398
0.5842421464289564 1.025621363380398
0.5882825504693605 1.025621363380398
0.5923229545097646 1.025621363380398
0.5963633585501686 1.025621363380398
0.6004037625905727 1.025621363380398
0.6044441666309767 1.025621363380398
0.6084845706713807 1.025621363380398
0.6125249747117847 1.025621363380398
0.6165653787521888 1.025621363380398
0.6206057827925928 1.025621363380398
0.6246461868329969 1.025621363380398
0.628686590873401 1.025621363380398
0.632726994913805 1.025621363380398
0.6367673989542091 1.025621363380398
0.640807802994613 1.025621363380398
0.6448482070350171 1.025621363380398
0.6488886110754211 1.025621363380398
0.6529290151158251 1.025621363380398
0.6569694191562292 1.025621363380398
0.6610098231966333 1.025621363380398
0.6650502272370373 1.025621363380398
0.6690906312774414 1.025621363380398
0.6731310353178453 1.025621363380398
0.6771714393582494 1.025621363380398
0.6812118433986534 1.025621363380398
0.6852522474390574 1.025621363380398
0.6892926514794615 1.025621363380398
0.6933330555198656 1.025621363380398
0.6973734595602696 1.025621363380398
0.2973734595602696 1.0296617674208022
0.3014138636006737 1.0296617674208022
0.3054542676410777 1.0296617674208022
0.3094946716814817 1.0296617674208022
0.31353507572188577 1.0296617674208022
0.31757547976228984 1.0296617674208022
0.32161588380269385 1.0296617674208022
0.3256562878430979 1.0296617674208022
0.3296966918835019 1.0296617674208022
0.333737095923906 1.0296617674208022
0.33777749996431 1.0296617674208022
0.34181790400471407 1.0296617674208022
0.3458583080451181 1.0296617674208022
0.34989871208552215 1.0296617674208022
0.3539391161259262 1.0296617674208022
0.3579795201663302 1.0296617674208022
0.36201992420673423 1.0296617674208022
0.3660603282471383 1.0296617674208022
0.37010073228754237 1.0296617674208022
0.3741411363279464 1.0296617674208022
0.3781815403683504 1.0296617674208022
0.38222194440875445 1.0296617674208022
0.3862623484491585 1.0296617674208022
0.39030275248956253 1.0296617674208022
0.3943431565299666 1.0296617674208022
0.3983835605703706 1.0296617674208022
0.4024239646107747 1.0296617674208022
0.4064643686511787 1.0296617674208022
0.41050477269158275 1.0296617674208022
0.41454517673198676 1.0296617674208022
0.41858558077239083 1.0296617674208022
0.4226259848127949 1.0296617674208022
0.4266663888531989 1.0296617674208022
0.4307067928936029 1.0296617674208022
0.434747196934007 1.0296617674208022
0.43878760097441105 1.0296617674208022
0.44282800501481506 1.0296617674208022
0.4468684090552191 1.0296617674208022
0.45090881309562314 1.0296617674208022
0.4549492171360272 1.0296617674208022
0.4589896211764312 1.0296617674208022
0.4630300252168353 1.0296617674208022
0.4670704292572393 1.0296617674208022
0.47111083329764336 1.0296617674208022
0.4751512373380474 1.0296617674208022
0.47919164137845144 1.0296617674208022
0.48323204541885545 1.0296617674208022
0.4872724494592595 1.0296617674208022
0.4913128534996636 1.0296617674208022
0.4953532575400676 1.0296617674208022
0.4993936615804716 1.0296617674208022
0.5034340656208757 1.0296617674208022
0.5074744696612797 1.0296617674208022
0.5115148737016837 1.0296617674208022
0.5155552777420878 1.0296617674208022
0.5195956817824918 1.0296617674208022
0.5236360858228959 1.0296617674208022
0.5276764898633 1.0296617674208022
0.531716893903704 1.0296617674208022
0.535757297944108 1.0296617674208022
0.539797701984512 1.0296617674208022
0.5438381060249161 1.0296617674208022
0.5478785100653201 1.0296617674208022
0.5519189141057241 1.0296617674208022
0.5559593181461282 1.0296617674208022
0.5599997221865323 1.0296617674208022
0.5640401262269363 1.0296617674208022
0.5680805302673404 1.0296617674208022
0.5721209343077444 1.0296617674208022
0.5761613383481484 1.0296617674208022
0.5802017423885524 1.0296617674208022
0.5842421464289564 1.0296617674208022
0.5882825504693605 1.0296617674208022
0.5923229545097646 1.0296617674208022
0.5963633585501686 1.0296617674208022
0.6004037625905727 1.0296617674208022
0.6044441666309767 1.0296617674208022
0.6084845706713807 1.0296617674208022
0.6125249747117847 1.0296617674208022
0.6165653787521888 1.0296617674208022
0.6206057827925928 1.0296617674208022
0.6246461868329969 1.0296617674208022
0.628686590873401 1.0296617674208022
0.632726994913805 1.0296617674208022
0.6367673989542091 1.0296617674208022
0.640807802994613 1.0296617674208022
0.6448482070350171 1.0296617674208022
0.6488886110754211 1.0296617674208022
0.6529290151158251 1.0296617674208022
0.6569694191562292 1.0296617674208022
0.6610098231966333 1.0296617674208022
0.6650502272370373 1.0296617674208022
0.6690906312774414 1.0296617674208022
0.6731310353178453 1.0296617674208022
0.6771714393582494 1.0296617674208022
0.6812118433986534 1.0296617674208022
0.6852522474390574 1.0296617674208022
0.6892926514794615 1.0296617674208022
0.6933330555198656 1.0296617674208022
0.6973734595602696 1.0296617674208022
0.2973734595602696 1.0337021714612062
0.3014138636006737 1.0337021714612062
0.3054542676410777 1.0337021714612062
0.3094946716814817 1.0337021714612062
0.31353507572188577 1.0337021714612062
0.31757547976228984 1.0337021714612062
0.32161588380269385 1.0337021714612062
0.3256562878430979 1.0337021714612062
0.3296966918835019 1.0337021714612062
0.333737095923906 1.0337021714612062
0.33777749996431 1.0337021714612062
0.34181790400471407 1.0337021714612062
0.3458583080451181 1.0337021714612062
0.34989871208552215 1.0337021714612062
0.3539391161259262 1.0337021714612062
0.3579795201663302 1.0337021714612062
0.36201992420673423 1.0337021714612062
0.3660603282471383 1.0337021714612062
0.37010073228754237 1.0337021714612062
0.3741411363279464 1.0337021714612062
0.3781815403683504 1.0337021714612062
0.38222194440875445 1.0337021714612062
0.3862623484491585 1.0337021714612062
0.39030275248956253 1.0337021714612062
0.3943431565299666 1.0337021714612062
0.3983835605703706 1.0337021714612062
0.4024239646107747 1.0337021714612062
0.4064643686511787 1.0337021714612062
0.41050477269158275 1.0337021714612062
0.41454517673198676 1.0337021714612062
0.41858558077239083 1.0337021714612062
0.4226259848127949 1.0337021714612062
0.4266663888531989 1.0337021714612062
0.4307067928936029 1.0337021714612062
0.434747196934007 1.0337021714612062
0.43878760097441105 1.0337021714612062
0.44282800501481506 1.0337021714612062
0.4468684090552191 1.0337021714612062
0.45090881309562314 1.0337021714612062
0.4549492171360272 1.0337021714612062
0.4589896211764312 1.0337021714612062
0.4630300252168353 1.0337021714612062
0.4670704292572393 1.0337021714612062
0.47111083329764336 1.0337021714612062
0.4751512373380474 1.0337021714612062
0.47919164137845144 1.0337021714612062
0.48323204541885545 1.0337021714612062
0.4872724494592595 1.0337021714612062
0.4913128534996636 1.0337021714612062
0.4953532575400676 1.0337021714612062
0.4993936615804716 1.0337021714612062
0.5034340656208757 1.0337021714612062
0.5074744696612797 1.0337021714612062
0.5115148737016837 1.0337021714612062
0.5155552777420878 1.0337021714612062
0.5195956817824918 1.0337021714612062
0.5236360858228959 1.0337021714612062
0.5276764898633 1.0337021714612062
0.531716893903704 1.0337021714612062
0.535757297944108 1.0337021714612062
0.539797701984512 1.0337021714612062
0.5438381060249161 1.0337021714612062
0.5478785100653201 1.0337021714612062
0.5519189141057241 1.0337021714612062
0.5559593181461282 1.0337021714612062
0.5599997221865323 1.0337021714612062
0.5640401262269363 1.0337021714612062
0.5680805302673404 1.0337021714612062
0.5721209343077444 1.0337021714612062
0.5761613383481484 1.0337021714612062
0.5802017423885524 1.0337021714612062
0.5842421464289564 1.0337021714612062
0.5882825504693605 1.0337021714612062
0.5923229545097646 1.0337021714612062
0.5963633585501686 1.0337021714612062
0.6004037625905727 1.0337021714612062
0.6044441666309767 1.0337021714612062
0.6084845706713807 1.0337021714612062
0.6125249747117847 1.0337021714612062
0.6165653787521888 1.0337021714612062
0.6206057827925928 1.0337021714612062
0.6246461868329969 1.0337021714612062
0.628686590873401 1.0337021714612062
0.632726994913805 1.0337021714612062
0.6367673989542091 1.0337021714612062
0.640807802994613 1.0337021714612062
0.6448482070350171 1.0337021714612062
0.6488886110754211 1.0337021714612062
0.6529290151158251 1.0337021714612062
0.6569694191562292 1.0337021714612062
0.6610098231966333 1.0337021714612062
0.6650502272370373 1.0337021714612062
0.6690906312774414 1.0337021714612062
0.6731310353178453 1.0337021714612062
0.6771714393582494 1.0337021714612062
0.6812118433986534 1.0337021714612062
0.6852522474390574 1.0337021714612062
0.6892926514794615 1.0337021714612062
0.6933330555198656 1.0337021714612062
0.6973734595602696 1.0337021714612062
0.2973734595602696 1.0377425755016103
0.3014138636006737 1.0377425755016103
0.3054542676410777 1.0377425755016103
0.3094946716814817 1.0377425755016103
0.31353507572188577 1.0377425755016103
0.31757547976228984 1.0377425755016103
0.32161588380269385 1.0377425755016103
0.3256562878430979 1.0377425755016103
0.3296966918835019 1.0377425755016103
0.333737095923906 1.0377425755016103
0.33777749996431 1.0377425755016103
0.34181790400471407 1.0377425755016103
0.3458583080451181 1.0377425755016103
0.34989871208552215 1.0377425755016103
0.3539391161259262 1.0377425755016103
0.3579795201663302 1.0377425755016103
0.36201992420673423 1.0377425755016103
0.3660603282471383 1.0377425755016103
0.37010073228754237 1.0377425755016103
0.3741411363279464 1.0377425755016103
0.3781815403683504 1.0377425755016103
0.38222194440875445 1.0377425755016103
0.3862623484491585 1.0377425755016103
0.39030275248956253 1.0377425755016103
0.3943431565299666 1.0377425755016103
0.3983835605703706 1.0377425755016103
0.4024239646107747 1.0377425755016103
0.4064643686511787 1.0377425755016103
0.41050477269158275 1.0377425755016103
0.41454517673198676 1.0377425755016103
0.41858558077239083 1.0377425755016103
0.4226259848127949 1.0377425755016103
0.4266663888531989 1.0377425755016103
0.4307067928936029 1.0377425755016103
0.434747196934007 1.0377425755016103
0.43878760097441105 1.0377425755016103
0.44282800501481506 1.0377425755016103
0.4468684090552191 1.0377425755016103
0.45090881309562314 1.0377425755016103
0.4549492171360272 1.0377425755016103
0.4589896211764312 1.0377425755016103
0.4630300252168353 1.0377425755016103
0.4670704292572393 1.0377425755016103
0.47111083329764336 1.0377425755016103
0.4751512373380474 1.0377425755016103
0.47919164137845144 1.0377425755016103
0.48323204541885545 1.0377425755016103
0.4872724494592595 1.0377425755016103
0.4913128534996636 1.0377425755016103
0.4953532575400676 1.0377425755016103
0.4993936615804716 1.0377425755016103
0.5034340656208757 1.0377425755016103
0.5074744696612797 1.0377425755016103
0.5115148737016837 1.0377425755016103
0.5155552777420878 1.0377425755016103
0.5195956817824918 1.0377425755016103
0.5236360858228959 1.0377425755016103
0.5276764898633 1.0377425755016103
0.531716893903704 1.0377425755016103
0.535757297944108 1.0377425755016103
0.539797701984512 1.0377425755016103
0.5438381060249161 1.0377425755016103
0.5478785100653201 1.0377425755016103
0.5519189141057241 1.0377425755016103
0.5559593181461282 1.0377425755016103
0.5599997221865323 1.0377425755016103
0.5640401262269363 1.0377425755016103
0.5680805302673404 1.0377425755016103
0.5721209343077444 1.0377425755016103
0.5761613383481484 1.0377425755016103
0.5802017423885524 1.0377425755016103
0.5842421464289564 1.0377425755016103
0.5882825504693605 1.0377425755016103
0.5923229545097646 1.0377425755016103
0.5963633585501686 1.0377425755016103
0.6004037625905727 1.0377425755016103
0.6044441666309767 1.0377425755016103
0.6084845706713807 1.0377425755016103
0.6125249747117847 1.0377425755016103
0.6165653787521888 1.0377425755016103
0.6206057827925928 1.0377425755016103
0.6246461868329969 1.0377425755016103
0.628686590873401 1.0377425755016103
0.632726994913805 1.0377425755016103
0.6367673989542091 1.0377425755016103
0.640807802994613 1.0377425755016103
0.6448482070350171 1.0377425755016103
0.6488886110754211 1.0377425755016103
0.6529290151158251 1.0377425755016103
0.6569694191562292 1.0377425755016103
0.6610098231966333 1.0377425755016103
0.6650502272370373 1.0377425755016103
0.6690906312774414 1.0377425755016103
0.6731310353178453 1.0377425755016103
0.6771714393582494 1.0377425755016103
0.6812118433986534 1.0377425755016103
0.6852522474390574 1.0377425755016103
0.6892926514794615 1.0377425755016103
0.6933330555198656 1.0377425755016103
0.6973734595602696 1.0377425755016103
0.2973734595602696 1.0417829795420144
0.3014138636006737 1.0417829795420144
0.3054542676410777 1.0417829795420144
0.3094946716814817 1.0417829795420144
0.31353507572188577 1.0417829795420144
0.31757547976228984 1.0417829795420144
0.32161588380269385 1.0417829795420144
0.3256562878430979 1.0417829795420144
0.3296966918835019 1.0417829795420144
0.333737095923906 1.0417829795420144
0.33777749996431 1.0417829795420144
0.34181790400471407 1.0417829795420144
0.3458583080451181 1.0417829795420144
0.34989871208552215 1.0417829795420144
0.3539391161259262 1.0417829795420144
0.3579795201663302 1.0417829795420144
0.36201992420673423 1.0417829795420144
0.3660603282471383 1.0417829795420144
0.37010073228754237 1.0417829795420144
0.3741411363279464 1.0417829795420144
0.3781815403683504 1.0417829795420144
0.38222194440875445 1.0417829795420144
0.3862623484491585 1.0417829795420144
0.39030275248956253 1.0417829795420144
0.3943431565299666 1.0417829795420144
0.3983835605703706 1.0417829795420144
0.4024239646107747 1.0417829795420144
0.4064643686511787 1.0417829795420144
0.41050477269158275 1.0417829795420144
0.41454517673198676 1.0417829795420144
0.41858558077239083 1.0417829795420144
0.4226259848127949 1.0417829795420144
0.4266663888531989 1.0417829795420144
0.4307067928936029 1.0417829795420144
0.434747196934007 1.0417829795420144
0.43878760097441105 1.0417829795420144
0.44282800501481506 1.0417829795420144
0.4468684090552191 1.0417829795420144
0.45090881309562314 1.0417829795420144
0.4549492171360272 1.0417829795420144
0.4589896211764312 1.0417829795420144
0.4630300252168353 1.0417829795420144
0.4670704292572393 1.0417829795420144
0.47111083329764336 1.0417829795420144
0.4751512373380474 1.0417829795420144
0.47919164137845144 1.0417829795420144
0.48323204541885545 1.0417829795420144
0.4872724494592595 1.0417829795420144
0.4913128534996636 1.0417829795420144
0.4953532575400676 1.0417829795420144
0.4993936615804716 1.0417829795420144
0.5034340656208757 1.0417829795420144
0.5074744696612797 1.0417829795420144
0.5115148737016837 1.0417829795420144
0.5155552777420878 1.0417829795420144
0.5195956817824918 1.0417829795420144
0.5236360858228959 1.0417829795420144
0.5276764898633 1.0417829795420144
0.531716893903704 1.0417829795420144
0.535757297944108 1.0417829795420144
0.539797701984512 1.0417829795420144
0.5438381060249161 1.0417829795420144
0.5478785100653201 1.0417829795420144
0.5519189141057241 1.0417829795420144
0.5559593181461282 1.0417829795420144
0.5599997221865323 1.0417829795420144
0.5640401262269363 1.0417829795420144
0.5680805302673404 1.0417829795420144
0.5721209343077444 1.0417829795420144
0.5761613383481484 1.0417829795420144
0.5802017423885524 1.0417829795420144
0.5842421464289564 1.0417829795420144
0.5882825504693605 1.0417829795420144
0.5923229545097646 1.0417829795420144
0.5963633585501686 1.0417829795420144
0.6004037625905727 1.0417829795420144
0.6044441666309767 1.0417829795420144
0.6084845706713807 1.0417829795420144
0.6125249747117847 1.0417829795420144
0.6165653787521888 1.0417829795420144
0.6206057827925928 1.0417829795420144
0.6246461868329969 1.0417829795420144
0.628686590873401 1.0417829795420144
0.632726994913805 1.0417829795420144
0.6367673989542091 1.0417829795420144
0.640807802994613 1.0417829795420144
0.6448482070350171 1.0417829795420144
0.6488886110754211 1.0417829795420144
0.6529290151158251 1.0417829795420144
0.6569694191562292 1.0417829795420144
0.6610098231966333 1.0417829795420144
0.6650502272370373 1.0417829795420144
0.6690906312774414 1.0417829795420144
0.6731310353178453 1.0417829795420144
0.6771714393582494 1.0417829795420144
0.6812118433986534 1.0417829795420144
0.6852522474390574 1.0417829795420144
0.6892926514794615 1.0417829795420144
0.6933330555198656 1.0417829795420144
0.6973734595602696 1.0417829795420144
0.2973734595602696 1.0458233835824184
0.3014138636006737 1.0458233835824184
0.3054542676410777 1.0458233835824184
0.3094946716814817 1.0458233835824184
0.31353507572188577 1.0458233835824184
0.31757547976228984 1.0458233835824184
0.32161588380269385 1.0458233835824184
0.3256562878430979 1.0458233835824184
0.3296966918835019 1.0458233835824184
0.333737095923906 1.0458233835824184
0.33777749996431 1.0458233835824184
0.34181790400471407 1.0458233835824184
0.3458583080451181 1.0458233835824184
0.34989871208552215 1.0458233835824184
0.3539391161259262 1.0458233835824184
0.3579795201663302 1.0458233835824184
0.36201992420673423 1.0458233835824184
0.3660603282471383 1.0458233835824184
0.37010073228754237 1.0458233835824184
0.3741411363279464 1.0458233835824184
0.3781815403683504 1.0458233835824184
0.38222194440875445 1.0458233835824184
0.3862623484491585 1.0458233835824184
0.39030275248956253 1.0458233835824184
0.3943431565299666 1.0458233835824184
0.3983835605703706 1.0458233835824184
0.4024239646107747 1.0458233835824184
0.4064643686511787 1.0458233835824184
0.41050477269158275 1.0458233835824184
0.41454517673198676 1.0458233835824184
0.41858558077239083 1.0458233835824184
0.4226259848127949 1.0458233835824184
0.4266663888531989 1.0458233835824184
0.4307067928936029 1.0458233835824184
0.434747196934007 1.0458233835824184
0.43878760097441105 1.0458233835824184
0.44282800501481506 1.0458233835824184
0.4468684090552191 1.0458233835824184
0.45090881309562314 1.0458233835824184
0.4549492171360272 1.0458233835824184
0.4589896211764312 1.0458233835824184
0.4630300252168353 1.0458233835824184
0.4670704292572393 1.0458233835824184
0.47111083329764336 1.0458233835824184
0.4751512373380474 1.0458233835824184
0.47919164137845144 1.0458233835824184
0.48323204541885545 1.0458233835824184
0.4872724494592595 1.0458233835824184
0.4913128534996636 1.0458233835824184
0.4953532575400676 1.0458233835824184
0.4993936615804716 1.0458233835824184
0.5034340656208757 1.0458233835824184
0.5074744696612797 1.0458233835824184
0.5115148737016837 1.0458233835824184
0.5155552777420878 1.0458233835824184
0.5195956817824918 1.0458233835824184
0.5236360858228959 1.0458233835824184
0.5276764898633 1.0458233835824184
0.531716893903704 1.0458233835824184
0.535757297944108 1.0458233835824184
0.539797701984512 1.0458233835824184
0.5438381060249161 1.0458233835824184
0.5478785100653201 1.0458233835824184
0.5519189141057241 1.0458233835824184
0.5559593181461282 1.0458233835824184
0.5599997221865323 1.0458233835824184
0.5640401262269363 1.0458233835824184
0.5680805302673404 1.0458233835824184
0.5721209343077444 1.0458233835824184
0.5761613383481484 1.0458233835824184
0.5802017423885524 1.0458233835824184
0.5842421464289564 1.0458233835824184
0.5882825504693605 1.0458233835824184
0.5923229545097646 1.0458233835824184
0.5963633585501686 1.0458233835824184
0.6004037625905727 1.0458233835824184
0.6044441666309767 1.0458233835824184
0.6084845706713807 1.0458233835824184
0.6125249747117847 1.0458233835824184
0.6165653787521888 1.0458233835824184
0.6206057827925928 1.0458233835824184
0.6246461868329969 1.0458233835824184
0.628686590873401 1.0458233835824184
0.632726994913805 1.0458233835824184
0.6367673989542091 1.0458233835824184
0.640807802994613 1.0458233835824184
0.6448482070350171 1.0458233835824184
0.6488886110754211 1.0458233835824184
0.6529290151158251 1.0458233835824184
0.6569694191562292 1.0458233835824184
0.6610098231966333 1.0458233835824184
0.6650502272370373 1.0458233835824184
0.6690906312774414 1.0458233835824184
0.6731310353178453 1.0458233835824184
0.6771714393582494 1.0458233835824184
0.6812118433986534 1.0458233835824184
0.6852522474390574 1.0458233835824184
0.6892926514794615 1.0458233835824184
0.6933330555198656 1.0458233835824184
0.6973734595602696 1.0458233835824184
0.2973734595602696 1.0498637876228223
0.3014138636006737 1.0498637876228223
0.3054542676410777 1.0498637876228223
0.3094946716814817 1.0498637876228223
0.31353507572188577 1.0498637876228223
0.31757547976228984 1.0498637876228223
0.32161588380269385 1.0498637876228223
0.3256562878430979 1.0498637876228223
0.3296966918835019 1.0498637876228223
0.333737095923906 1.0498637876228223
0.33777749996431 1.0498637876228223
0.34181790400471407 1.0498637876228223
0.3458583080451181 1.0498637876228223
0.34989871208552215 1.0498637876228223
0.3539391161259262 1.0498637876228223
0.3579795201663302 1.0498637876228223
0.36201992420673423 1.0498637876228223
0.3660603282471383 1.0498637876228223
0.37010073228754237 1.0498637876228223
0.3741411363279464 1.0498637876228223
0.3781815403683504 1.0498637876228223
0.38222194440875445 1.0498637876228223
0.3862623484491585 1.0498637876228223
0.39030275248956253 1.0498637876228223
0.3943431565299666 1.0498637876228223
0.3983835605703706 1.0498637876228223
0.4024239646107747 1.0498637876228223
0.4064643686511787 1.0498637876228223
0.41050477269158275 1.0498637876228223
0.41454517673198676 1.0498637876228223
0.41858558077239083 1.0498637876228223
0.4226259848127949 1.0498637876228223
0.4266663888531989 1.0498637876228223
0.4307067928936029 1.0498637876228223
0.434747196934007 1.0498637876228223
0.43878760097441105 1.0498637876228223
0.44282800501481506 1.0498637876228223
0.4468684090552191 1.0498637876228223
0.45090881309562314 1.0498637876228223
0.4549492171360272 1.0498637876228223
0.4589896211764312 1.0498637876228223
0.4630300252168353 1.0498637876228223
0.4670704292572393 1.0498637876228223
0.47111083329764336 1.0498637876228223
0.4751512373380474 1.0498637876228223
0.47919164137845144 1.0498637876228223
0.48323204541885545 1.0498637876228223
0.4872724494592595 1.0498637876228223
0.4913128534996636 1.0498637876228223
0.4953532575400676 1.0498637876228223
0.4993936615804716 1.0498637876228223
0.5034340656208757 1.0498637876228223
0.5074744696612797 1.0498637876228223
0.5115148737016837 1.0498637876228223
0.5155552777420878 1.0498637876228223
0.5195956817824918 1.0498637876228223
0.5236360858228959 1.0498637876228223
0.5276764898633 1.0498637876228223
0.531716893903704 1.0498637876228223
0.535757297944108 1.0498637876228223
0.539797701984512 1.0498637876228223
0.5438381060249161 1.0498637876228223
0.5478785100653201 1.0498637876228223
0.5519189141057241 1.0498637876228223
0.5559593181461282 1.0498637876228223
0.5599997221865323 1.0498637876228223
0.5640401262269363 1.0498637876228223
0.5680805302673404 1.0498637876228223
0.5721209343077444 1.0498637876228223
0.5761613383481484 1.0498637876228223
0.5802017423885524 1.0498637876228223
0.5842421464289564 1.0498637876228223
0.5882825504693605 1.0498637876228223
0.5923229545097646 1.0498637876228223
0.5963633585501686 1.0498637876228223
0.6004037625905727 1.0498637876228223
0.6044441666309767 1.0498637876228223
0.6084845706713807 1.0498637876228223
0.6125249747117847 1.0498637876228223
0.6165653787521888 1.0498637876228223
0.6206057827925928 1.0498637876228223
0.6246461868329969 1.0498637876228223
0.628686590873401 1.0498637876228223
0.632726994913805 1.0498637876228223
0.6367673989542091 1.0498637876228223
0.640807802994613 1.0498637876228223
0.6448482070350171 1.0498637876228223
0.6488886110754211 1.0498637876228223
0.6529290151158251 1.0498637876228223
0.6569694191562292 1.0498637876228223
0.6610098231966333 1.0498637876228223
0.6650502272370373 1.0498637876228223
0.6690906312774414 1.0498637876228223
0.6731310353178453 1.0498637876228223
0.6771714393582494 1.0498637876228223
0.6812118433986534 1.0498637876228223
0.6852522474390574 1.0498637876228223
0.6892926514794615 1.0498637876228223
0.6933330555198656 1.0498637876228223
0.6973734595602696 1.0498637876228223
0.2973734595602696 1.0539041916632264
0.3014138636006737 1.0539041916632264
0.3054542676410777 1.0539041916632264
0.3094946716814817 1.0539041916632264
0.31353507572188577 1.0539041916632264
0.31757547976228984 1.0539041916632264
0.32161588380269385 1.0539041916632264
0.3256562878430979 1.0539041916632264
0.3296966918835019 1.0539041916632264
0.333737095923906 1.0539041916632264
0.33777749996431 1.0539041916632264
0.34181790400471407 1.0539041916632264
0.3458583080451181 1.0539041916632264
0.34989871208552215 1.0539041916632264
0.3539391161259262 1.0539041916632264
0.3579795201663302 1.0539041916632264
0.36201992420673423 1.0539041916632264
0.3660603282471383 1.0539041916632264
0.37010073228754237 1.0539041916632264
0.3741411363279464 1.0539041916632264
0.3781815403683504 1.0539041916632264
0.38222194440875445 1.0539041916632264
0.3862623484491585 1.0539041916632264
0.39030275248956253 1.0539041916632264
0.3943431565299666 1.0539041916632264
0.3983835605703706 1.0539041916632264
0.4024239646107747 1.0539041916632264
0.4064643686511787 1.0539041916632264
0.41050477269158275 1.0539041916632264
0.41454517673198676 1.0539041916632264
0.41858558077239083 1.0539041916632264
0.4226259848127949 1.0539041916632264
0.4266663888531989 1.0539041916632264
0.4307067928936029 1.0539041916632264
0.434747196934007 1.0539041916632264
0.43878760097441105 1.0539041916632264
0.44282800501481506 1.0539041916632264
0.4468684090552191 1.0539041916632264
0.45090881309562314 1.0539041916632264
0.4549492171360272 1.0539041916632264
0.4589896211764312 1.0539041916632264
0.4630300252168353 1.0539041916632264
0.4670704292572393 1.0539041916632264
0.47111083329764336 1.0539041916632264
0.4751512373380474 1.0539041916632264
0.47919164137845144 1.0539041916632264
0.48323204541885545 1.0539041916632264
0.4872724494592595 1.0539041916632264
0.4913128534996636 1.0539041916632264
0.4953532575400676 1.0539041916632264
0.4993936615804716 1.0539041916632264
0.5034340656208757 1.0539041916632264
0.5074744696612797 1.0539041916632264
0.5115148737016837 1.0539041916632264
0.5155552777420878 1.0539041916632264
0.5195956817824918 1.0539041916632264
0.5236360858228959 1.0539041916632264
0.5276764898633 1.0539041916632264
0.531716893903704 1.0539041916632264
0.535757297944108 1.0539041916632264
0.539797701984512 1.0539041916632264
0.5438381060249161 1.0539041916632264
0.5478785100653201 1.0539041916632264
0.5519189141057241 1.0539041916632264
0.5559593181461282 1.0539041916632264
0.5599997221865323 1.0539041916632264
0.5640401262269363 1.0539041916632264
0.5680805302673404 1.0539041916632264
0.5721209343077444 1.0539041916632264
0.5761613383481484 1.0539041916632264
0.5802017423885524 1.0539041916632264
0.5842421464289564 1.0539041916632264
0.5882825504693605 1.0539041916632264
0.5923229545097646 1.0539041916632264
0.5963633585501686 1.0539041916632264
0.6004037625905727 1.0539041916632264
0.6044441666309767 1.0539041916632264
0.6084845706713807 1.0539041916632264
0.6125249747117847 1.0539041916632264
0.6165653787521888 1.0539041916632264
0.6206057827925928 1.0539041916632264
0.6246461868329969 1.0539041916632264
0.628686590873401 1.0539041916632264
0.632726994913805 1.0539041916632264
0.6367673989542091 1.0539041916632264
0.640807802994613 1.0539041916632264
0.6448482070350171 1.0539041916632264
0.6488886110754211 1.0539041916632264
0.6529290151158251 1.0539041916632264
0.6569694191562292 1.0539041916632264
0.6610098231966333 1.0539041916632264
0.6650502272370373 1.0539041916632264
0.6690906312774414 1.0539041916632264
0.6731310353178453 1.0539041916632264
0.6771714393582494 1.0539041916632264
0.6812118433986534 1.0539041916632264
0.6852522474390574 1.0539041916632264
0.6892926514794615 1.0539041916632264
0.6933330555198656 1.0539041916632264
0.6973734595602696 1.0539041916632264
0.2973734595602696 1.0579445957036304
0.3014138636006737 1.0579445957036304
0.3054542676410777 1.0579445957036304
0.3094946716814817 1.0579445957036304
0.31353507572188577 1.0579445957036304
0.31757547976228984 1.0579445957036304
0.32161588380269385 1.0579445957036304
0.3256562878430979 1.0579445957036304
0.3296966918835019 1.0579445957036304
0.333737095923906 1.0579445957036304
0.33777749996431 1.0579445957036304
0.34181790400471407 1.0579445957036304
0.3458583080451181 1.0579445957036304
0.34989871208552215 1.0579445957036304
0.3539391161259262 1.0579445957036304
0.3579795201663302 1.0579445957036304
0.36201992420673423 1.0579445957036304
0.3660603282471383 1.0579445957036304
0.37010073228754237 1.0579445957036304
0.3741411363279464 1.0579445957036304
0.3781815403683504 1.0579445957036304
0.38222194440875445 1.0579445957036304
0.3862623484491585 1.0579445957036304
0.39030275248956253 1.0579445957036304
0.3943431565299666 1.0579445957036304
0.3983835605703706 1.0579445957036304
0.4024239646107747 1.0579445957036304
0.4064643686511787 1.0579445957036304
0.41050477269158275 1.0579445957036304
0.41454517673198676 1.0579445957036304
0.41858558077239083 1.0579445957036304
0.4226259848127949 1.0579445957036304
0.4266663888531989 1.0579445957036304
0.4307067928936029 1.0579445957036304
0.434747196934007 1.0579445957036304
0.43878760097441105 1.0579445957036304
0.44282800501481506 1.0579445957036304
0.4468684090552191 1.0579445957036304
0.45090881309562314 1.0579445957036304
0.4549492171360272 1.0579445957036304
0.4589896211764312 1.0579445957036304
0.4630300252168353 1.0579445957036304
0.4670704292572393 1.0579445957036304
0.47111083329764336 1.0579445957036304
0.4751512373380474 1.0579445957036304
0.47919164137845144 1.0579445957036304
0.48323204541885545 1.0579445957036304
0.4872724494592595 1.0579445957036304
0.4913128534996636 1.0579445957036304
0.4953532575400676 1.0579445957036304
0.4993936615804716 1.0579445957036304
0.5034340656208757 1.0579445957036304
0.5074744696612797 1.0579445957036304
0.5115148737016837 1.0579445957036304
0.5155552777420878 1.0579445957036304
0.5195956817824918 1.0579445957036304
0.5236360858228959 1.0579445957036304
0.5276764898633 1.0579445957036304
0.531716893903704 1.0579445957036304
0.535757297944108 1.0579445957036304
0.539797701984512 1.0579445957036304
0.5438381060249161 1.0579445957036304
0.5478785100653201 1.0579445957036304
0.5519189141057241 1.0579445957036304
0.5559593181461282 1.0579445957036304
0.5599997221865323 1.0579445957036304
0.5640401262269363 1.0579445957036304
0.5680805302673404 1.0579445957036304
0.5721209343077444 1.0579445957036304
0.5761613383481484 1.0579445957036304
0.5802017423885524 1.0579445957036304
0.5842421464289564 1.0579445957036304
0.5882825504693605 1.0579445957036304
0.5923229545097646 1.0579445957036304
0.5963633585501686 1.0579445957036304
0.6004037625905727 1.0579445957036304
0.6044441666309767 1.0579445957036304
0.6084845706713807 1.0579445957036304
0.6125249747117847 1.0579445957036304
0.6165653787521888 1.0579445957036304
0.6206057827925928 1.0579445957036304
0.6246461868329969 1.0579445957036304
0.628686590873401 1.0579445957036304
0.632726994913805 1.0579445957036304
0.6367673989542091 1.0579445957036304
0.640807802994613 1.0579445957036304
0.6448482070350171 1.0579445957036304
0.6488886110754211 1.0579445957036304
0.6529290151158251 1.0579445957036304
0.6569694191562292 1.0579445957036304
0.6610098231966333 1.0579445957036304
0.6650502272370373 1.0579445957036304
0.6690906312774414 1.0579445957036304
0.6731310353178453 1.0579445957036304
0.6771714393582494 1.0579445957036304
0.6812118433986534 1.0579445957036304
0.6852522474390574 1.0579445957036304
0.6892926514794615 1.0579445957036304
0.6933330555198656 1.0579445957036304
0.6973734595602696 1.0579445957036304
0.2973734595602696 1.0619849997440345
0.3014138636006737 1.0619849997440345
0.3054542676410777 1.0619849997440345
0.3094946716814817 1.0619849997440345
0.31353507572188577 1.0619849997440345
0.31757547976228984 1.0619849997440345
0.32161588380269385 1.0619849997440345
0.3256562878430979 1.0619849997440345
0.3296966918835019 1.0619849997440345
0.333737095923906 1.0619849997440345
0.33777749996431 1.0619849997440345
0.34181790400471407 1.0619849997440345
0.3458583080451181 1.0619849997440345
0.34989871208552215 1.0619849997440345
0.3539391161259262 1.0619849997440345
0.3579795201663302 1.0619849997440345
0.36201992420673423 1.0619849997440345
0.3660603282471383 1.0619849997440345
0.37010073228754237 1.0619849997440345
0.3741411363279464 1.0619849997440345
0.3781815403683504 1.0619849997440345
0.38222194440875445 1.0619849997440345
0.3862623484491585 1.0619849997440345
0.39030275248956253 1.0619849997440345
0.3943431565299666 1.0619849997440345
0.3983835605703706 1.0619849997440345
0.4024239646107747 1.0619849997440345
0.4064643686511787 1.0619849997440345
0.41050477269158275 1.0619849997440345
0.41454517673198676 1.0619849997440345
0.41858558077239083 1.0619849997440345
0.4226259848127949 1.0619849997440345
0.4266663888531989 1.0619849997440345
0.4307067928936029 1.0619849997440345
0.434747196934007 1.0619849997440345
0.43878760097441105 1.0619849997440345
0.44282800501481506 1.0619849997440345
0.4468684090552191 1.0619849997440345
0.45090881309562314 1.0619849997440345
0.4549492171360272 1.0619849997440345
0.4589896211764312 1.0619849997440345
0.4630300252168353 1.0619849997440345
0.4670704292572393 1.0619849997440345
0.47111083329764336 1.0619849997440345
0.4751512373380474 1.0619849997440345
0.47919164137845144 1.0619849997440345
0.48323204541885545 1.0619849997440345
0.4872724494592595 1.0619849997440345
0.4913128534996636 1.0619849997440345
0.4953532575400676 1.0619849997440345
0.4993936615804716 1.0619849997440345
0.5034340656208757 1.0619849997440345
0.5074744696612797 1.0619849997440345
0.5115148737016837 1.0619849997440345
0.5155552777420878 1.0619849997440345
0.5195956817824918 1.0619849997440345
0.5236360858228959 1.0619849997440345
0.5276764898633 1.0619849997440345
0.531716893903704 1.0619849997440345
0.535757297944108 1.0619849997440345
0.539797701984512 1.0619849997440345
0.5438381060249161 1.0619849997440345
0.5478785100653201 1.0619849997440345
0.5519189141057241 1.0619849997440345
0.5559593181461282 1.0619849997440345
0.5599997221865323 1.0619849997440345
0.5640401262269363 1.0619849997440345
0.5680805302673404 1.0619849997440345
0.5721209343077444 1.0619849997440345
0.5761613383481484 1.0619849997440345
0.5802017423885524 1.0619849997440345
0.5842421464289564 1.0619849997440345
0.5882825504693605 1.0619849997440345
0.5923229545097646 1.0619849997440345
0.5963633585501686 1.0619849997440345
0.6004037625905727 1.0619849997440345
0.6044441666309767 1.0619849997440345
0.6084845706713807 1.0619849997440345
0.6125249747117847 1.0619849997440345
0.6165653787521888 1.0619849997440345
0.6206057827925928 1.0619849997440345
0.6246461868329969 1.0619849997440345
0.628686590873401 1.0619849997440345
0.632726994913805 1.0619849997440345
0.6367673989542091 1.0619849997440345
0.640807802994613 1.0619849997440345
0.6448482070350171 1.0619849997440345
0.6488886110754211 1.0619849997440345
0.6529290151158251 1.0619849997440345
0.6569694191562292 1.0619849997440345
0.6610098231966333 1.0619849997440345
0.6650502272370373 1.0619849997440345
0.6690906312774414 1.0619849997440345
0.6731310353178453 1.0619849997440345
0.6771714393582494 1.0619849997440345
0.6812118433986534 1.0619849997440345
0.6852522474390574 1.0619849997440345
0.6892926514794615 1.0619849997440345
0.6933330555198656 1.0619849997440345
0.6973734595602696 1.0619849997440345
0.2973734595602696 1.0660254037844386
0.3014138636006737 1.0660254037844386
0.3054542676410777 1.0660254037844386
0.3094946716814817 1.0660254037844386
0.31353507572188577 1.0660254037844386
0.31757547976228984 1.0660254037844386
0.32161588380269385 1.0660254037844386
0.3256562878430979 1.0660254037844386
0.3296966918835019 1.0660254037844386
0.333737095923906 1.0660254037844386
0.33777749996431 1.0660254037844386
0.34181790400471407 1.0660254037844386
0.3458583080451181 1.0660254037844386
0.34989871208552215 1.0660254037844386
0.3539391161259262 1.0660254037844386
0.3579795201663302 1.0660254037844386
0.36201992420673423 1.0660254037844386
0.3660603282471383 1.0660254037844386
0.37010073228754237 1.0660254037844386
0.3741411363279464 1.0660254037844386
0.3781815403683504 1.0660254037844386
0.38222194440875445 1.0660254037844386
0.3862623484491585 1.0660254037844386
0.39030275248956253 1.0660254037844386
0.3943431565299666 1.0660254037844386
0.3983835605703706 1.0660254037844386
0.4024239646107747 1.0660254037844386
0.4064643686511787 1.0660254037844386
0.41050477269158275 1.0660254037844386
0.41454517673198676 1.0660254037844386
0.41858558077239083 1.0660254037844386
0.4226259848127949 1.0660254037844386
0.4266663888531989 1.0660254037844386
0.4307067928936029 1.0660254037844386
0.434747196934007 1.0660254037844386
0.43878760097441105 1.0660254037844386
0.44282800501481506 1.0660254037844386
0.4468684090552191 1.0660254037844386
0.45090881309562314 1.0660254037844386
0.4549492171360272 1.0660254037844386
0.4589896211764312 1.0660254037844386
0.4630300252168353 1.0660254037844386
0.4670704292572393 1.0660254037844386
0.47111083329764336 1.0660254037844386
0.4751512373380474 1.0660254037844386
0.47919164137845144 1.0660254037844386
0.48323204541885545 1.0660254037844386
0.4872724494592595 1.0660254037844386
0.4913128534996636 1.0660254037844386
0.4953532575400676 1.0660254037844386
0.4993936615804716 1.0660254037844386
0.5034340656208757 1.0660254037844386
0.5074744696612797 1.0660254037844386
0.5115148737016837 1.0660254037844386
0.5155552777420878 1.0660254037844386
0.5195956817824918 1.0660254037844386
0.5236360858228959 1.0660254037844386
0.5276764898633 1.0660254037844386
0.531716893903704 1.0660254037844386
0.535757297944108 1.0660254037844386
0.539797701984512 1.0660254037844386
0.5438381060249161 1.0660254037844386
0.5478785100653201 1.0660254037844386
0.5519189141057241 1.0660254037844386
0.5559593181461282 1.0660254037844386
0.5599997221865323 1.0660254037844386
0.5640401262269363 1.0660254037844386
0.5680805302673404 1.0660254037844386
0.5721209343077444 1.0660254037844386
0.5761613383481484 1.0660254037844386
0.5802017423885524 1.0660254037844386
0.5842421464289564 1.0660254037844386
0.5882825504693605 1.0660254037844386
0.5923229545097646 1.0660254037844386
0.5963633585501686 1.0660254037844386
0.6004037625905727 1.0660254037844386
0.6044441666309767 1.0660254037844386
0.6084845706713807 1.0660254037844386
0.6125249747117847 1.0660254037844386
0.6165653787521888 1.0660254037844386
0.6206057827925928 1.0660254037844386
0.6246461868329969 1.0660254037844386
0.628686590873401 1.0660254037844386
0.632726994913805 1.0660254037844386
0.6367673989542091 1.0660254037844386
0.640807802994613 1.0660254037844386
0.6448482070350171 1.0660254037844386
0.6488886110754211 1.0660254037844386
0.6529290151158251 1.0660254037844386
0.6569694191562292 1.0660254037844386
0.6610098231966333 1.0660254037844386
0.6650502272370373 1.0660254037844386
0.6690906312774414 1.0660254037844386
0.6731310353178453 1.0660254037844386
0.6771714393582494 1.0660254037844386
0.6812118433986534 1.0660254037844386
0.6852522474390574 1.0660254037844386
0.6892926514794615 1.0660254037844386
0.6933330555198656 1.0660254037844386
0.6973734595602696 1.0660254037844386
