# x y
0.2999791586898067 0.6660254037844386
0.3040195627302107 0.6660254037844386
0.30805996677061476 0.6660254037844386
0.3121003708110188 0.6660254037844386
0.31614077485142283 0.6660254037844386
0.32018117889182685 0.6660254037844386
0.3242215829322309 0.6660254037844386
0.328261986972635 0.6660254037844386
0.332302391013039 0.6660254037844386
0.33634279505344306 0.6660254037844386
0.34038319909384707 0.6660254037844386
0.34442360313425113 0.6660254037844386
0.3484640071746552 0.6660254037844386
0.3525044112150592 0.6660254037844386
0.3565448152554632 0.6660254037844386
0.3605852192958673 0.6660254037844386
0.36462562333627135 0.6660254037844386
0.36866602737667536 0.6660254037844386
0.3727064314170794 0.6660254037844386
0.37674683545748344 0.6660254037844386
0.3807872394978875 0.6660254037844386
0.3848276435382915 0.6660254037844386
0.3888680475786956 0.6660254037844386
0.3929084516190996 0.6660254037844386
0.39694885565950366 0.6660254037844386
0.4009892596999077 0.6660254037844386
0.40502966374031174 0.6660254037844386
0.40907006778071575 0.6660254037844386
0.4131104718211198 0.6660254037844386
0.4171508758615239 0.6660254037844386
0.4211912799019279 0.6660254037844386
0.4252316839423319 0.6660254037844386
0.429272087982736 0.6660254037844386
0.43331249202314004 0.6660254037844386
0.43735289606354405 0.6660254037844386
0.44139330010394806 0.6660254037844386
0.4454337041443521 0.6660254037844386
0.4494741081847562 0.6660254037844386
0.4535145122251602 0.6660254037844386
0.4575549162655642 0.6660254037844386
0.4615953203059683 0.6660254037844386
0.46563572434637235 0.6660254037844386
0.4696761283867764 0.6660254037844386
0.4737165324271804 0.6660254037844386
0.47775693646758444 0.6660254037844386
0.4817973405079885 0.6660254037844386
0.48583774454839257 0.6660254037844386
0.4898781485887966 0.6660254037844386
0.4939185526292006 0.6660254037844386
0.49795895666960466 0.6660254037844386
0.5019993607100087 0.6660254037844386
0.5060397647504127 0.6660254037844386
0.5100801687908167 0.6660254037844386
0.5141205728312208 0.6660254037844386
0.5181609768716249 0.6660254037844386
0.522201380912029 0.6660254037844386
0.526241784952433 0.6660254037844386
0.530282188992837 0.6660254037844386
0.534322593033241 0.6660254037844386
0.5383629970736451 0.6660254037844386
0.542403401114049 0.6660254037844386
0.5464438051544531 0.6660254037844386
0.5504842091948572 0.6660254037844386
0.5545246132352613 0.6660254037844386
0.5585650172756653 0.6660254037844386
0.5626054213160694 0.6660254037844386
0.5666458253564733 0.6660254037844386
0.5706862293968774 0.6660254037844386
0.5747266334372814 0.6660254037844386
0.5787670374776854 0.6660254037844386
0.5828074415180895 0.6660254037844386
0.5868478455584936 0.6660254037844386
0.5908882495988976 0.6660254037844386
0.5949286536393017 0.6660254037844386
0.5989690576797057 0.6660254037844386
0.6030094617201097 0.6660254037844386
0.6070498657605137 0.6660254037844386
0.6110902698009177 0.6660254037844386
0.6151306738413218 0.6660254037844386
0.6191710778817259 0.6660254037844386
0.6232114819221299 0.6660254037844386
0.627251885962534 0.6660254037844386
0.6312922900029381 0.6660254037844386
0.635332694043342 0.6660254037844386
0.6393730980837461 0.6660254037844386
0.64341350212415 0.6660254037844386
0.6474539061645541 0.6660254037844386
0.6514943102049582 0.6660254037844386
0.6555347142453622 0.6660254037844386
0.6595751182857663 0.6660254037844386
0.6636155223261704 0.6660254037844386
0.6676559263665743 0.6660254037844386
0.6716963304069784 0.6660254037844386
0.6757367344473824 0.6660254037844386
0.6797771384877864 0.6660254037844386
0.6838175425281905 0.6660254037844386
0.6878579465685946 0.6660254037844386
0.6918983506089986 0.6660254037844386
0.6959387546494027 0.6660254037844386
0.6999791586898068 0.6660254037844386
0.2999791586898067 0.6700658078248426
0.3040195627302107 0.6700658078248426
0.30805996677061476 0.6700658078248426
0.3121003708110188 0.6700658078248426
0.31614077485142283 0.6700658078248426
0.32018117889182685 0.6700658078248426
0.3242215829322309 0.6700658078248426
0.328261986972635 0.6700658078248426
0.332302391013039 0.6700658078248426
0.33634279505344306 0.6700658078248426
0.34038319909384707 0.6700658078248426
0.34442360313425113 0.6700658078248426
0.3484640071746552 0.6700658078248426
0.3525044112150592 0.6700658078248426
0.3565448152554632 0.6700658078248426
0.3605852192958673 0.6700658078248426
0.36462562333627135 0.6700658078248426
0.36866602737667536 0.6700658078248426
0.3727064314170794 0.6700658078248426
0.37674683545748344 0.6700658078248426
0.3807872394978875 0.6700658078248426
0.3848276435382915 0.6700658078248426
0.3888680475786956 0.6700658078248426
0.3929084516190996 0.6700658078248426
0.39694885565950366 0.6700658078248426
0.4009892596999077 0.6700658078248426
0.40502966374031174 0.6700658078248426
0.40907006778071575 0.6700658078248426
0.4131104718211198 0.6700658078248426
0.4171508758615239 0.6700658078248426
0.4211912799019279 0.6700658078248426
0.4252316839423319 0.6700658078248426
0.429272087982736 0.6700658078248426
0.43331249202314004 0.6700658078248426
0.43735289606354405 0.6700658078248426
0.44139330010394806 0.6700658078248426
0.4454337041443521 0.6700658078248426
0.4494741081847562 0.6700658078248426
0.4535145122251602 0.6700658078248426
0.4575549162655642 0.6700658078248426
0.4615953203059683 0.6700658078248426
0.46563572434637235 0.6700658078248426
0.4696761283867764 0.6700658078248426
0.4737165324271804 0.6700658078248426
0.47775693646758444 0.6700658078248426
0.4817973405079885 0.6700658078248426
0.48583774454839257 0.6700658078248426
0.4898781485887966 0.6700658078248426
0.4939185526292006 0.6700658078248426
0.49795895666960466 0.6700658078248426
0.5019993607100087 0.6700658078248426
0.5060397647504127 0.6700658078248426
0.5100801687908167 0.6700658078248426
0.5141205728312208 0.6700658078248426
0.5181609768716249 0.6700658078248426
0.522201380912029 0.6700658078248426
0.526241784952433 0.6700658078248426
0.530282188992837 0.6700658078248426
0.534322593033241 0.6700658078248426
0.5383629970736451 0.6700658078248426
0.542403401114049 0.6700658078248426
0.5464438051544531 0.6700658078248426
0.5504842091948572 0.6700658078248426
0.5545246132352613 0.6700658078248426
0.5585650172756653 0.6700658078248426
0.5626054213160694 0.6700658078248426
0.5666458253564733 0.6700658078248426
0.5706862293968774 0.6700658078248426
0.5747266334372814 0.6700658078248426
0.5787670374776854 0.6700658078248426
0.5828074415180895 0.6700658078248426
0.5868478455584936 0.6700658078248426
0.5908882495988976 0.6700658078248426
0.5949286536393017 0.6700658078248426
0.5989690576797057 0.6700658078248426
0.6030094617201097 0.6700658078248426
0.6070498657605137 0.6700658078248426
0.6110902698009177 0.6700658078248426
0.6151306738413218 0.6700658078248426
0.6191710778817259 0.6700658078248426
0.6232114819221299 0.6700658078248426
0.627251885962534 0.6700658078248426
0.6312922900029381 0.6700658078248426
0.635332694043342 0.6700658078248426
0.6393730980837461 0.6700658078248426
0.64341350212415 0.6700658078248426
0.6474539061645541 0.6700658078248426
0.6514943102049582 0.6700658078248426
0.6555347142453622 0.6700658078248426
0.6595751182857663 0.6700658078248426
0.6636155223261704 0.6700658078248426
0.6676559263665743 0.6700658078248426
0.6716963304069784 0.6700658078248426
0.6757367344473824 0.6700658078248426
0.6797771384877864 0.6700658078248426
0.6838175425281905 0.6700658078248426
0.6878579465685946 0.6700658078248426
0.6918983506089986 0.6700658078248426
0.6959387546494027 0.6700658078248426
0.6999791586898068 0.6700658078248426
0.2999791586898067 0.6741062118652467
0.3040195627302107 0.6741062118652467
0.30805996677061476 0.6741062118652467
0.3121003708110188 0.6741062118652467
0.31614077485142283 0.6741062118652467
0.32018117889182685 0.6741062118652467
0.3242215829322309 0.6741062118652467
0.328261986972635 0.6741062118652467
0.332302391013039 0.6741062118652467
0.33634279505344306 0.6741062118652467
0.34038319909384707 0.6741062118652467
0.34442360313425113 0.6741062118652467
0.3484640071746552 0.6741062118652467
0.3525044112150592 0.6741062118652467
0.3565448152554632 0.6741062118652467
0.3605852192958673 0.6741062118652467
0.36462562333627135 0.6741062118652467
0.36866602737667536 0.6741062118652467
0.3727064314170794 0.6741062118652467
0.37674683545748344 0.6741062118652467
0.3807872394978875 0.6741062118652467
0.3848276435382915 0.6741062118652467
0.3888680475786956 0.6741062118652467
0.3929084516190996 0.6741062118652467
0.39694885565950366 0.6741062118652467
0.4009892596999077 0.6741062118652467
0.40502966374031174 0.6741062118652467
0.40907006778071575 0.6741062118652467
0.4131104718211198 0.6741062118652467
0.4171508758615239 0.6741062118652467
0.4211912799019279 0.6741062118652467
0.4252316839423319 0.6741062118652467
0.429272087982736 0.6741062118652467
0.43331249202314004 0.6741062118652467
0.43735289606354405 0.6741062118652467
0.44139330010394806 0.6741062118652467
0.4454337041443521 0.6741062118652467
0.4494741081847562 0.6741062118652467
0.4535145122251602 0.6741062118652467
0.4575549162655642 0.6741062118652467
0.4615953203059683 0.6741062118652467
0.46563572434637235 0.6741062118652467
0.4696761283867764 0.6741062118652467
0.4737165324271804 0.6741062118652467
0.47775693646758444 0.6741062118652467
0.4817973405079885 0.6741062118652467
0.48583774454839257 0.6741062118652467
0.4898781485887966 0.6741062118652467
0.4939185526292006 0.6741062118652467
0.49795895666960466 0.6741062118652467
0.5019993607100087 0.6741062118652467
0.5060397647504127 0.6741062118652467
0.5100801687908167 0.6741062118652467
0.5141205728312208 0.6741062118652467
0.5181609768716249 0.6741062118652467
0.522201380912029 0.6741062118652467
0.526241784952433 0.6741062118652467
0.530282188992837 0.6741062118652467
0.534322593033241 0.6741062118652467
0.5383629970736451 0.6741062118652467
0.542403401114049 0.6741062118652467
0.5464438051544531 0.6741062118652467
0.5504842091948572 0.6741062118652467
0.5545246132352613 0.6741062118652467
0.5585650172756653 0.6741062118652467
0.5626054213160694 0.6741062118652467
0.5666458253564733 0.6741062118652467
0.5706862293968774 0.6741062118652467
0.5747266334372814 0.6741062118652467
0.5787670374776854 0.6741062118652467
0.5828074415180895 0.6741062118652467
0.5868478455584936 0.6741062118652467
0.5908882495988976 0.6741062118652467
0.5949286536393017 0.6741062118652467
0.5989690576797057 0.6741062118652467
0.6030094617201097 0.6741062118652467
0.6070498657605137 0.6741062118652467
0.6110902698009177 0.6741062118652467
0.6151306738413218 0.6741062118652467
0.6191710778817259 0.6741062118652467
0.6232114819221299 0.6741062118652467
0.627251885962534 0.6741062118652467
0.6312922900029381 0.6741062118652467
0.635332694043342 0.6741062118652467
0.6393730980837461 0.6741062118652467
0.64341350212415 0.6741062118652467
0.6474539061645541 0.6741062118652467
0.6514943102049582 0.6741062118652467
0.6555347142453622 0.6741062118652467
0.6595751182857663 0.6741062118652467
0.6636155223261704 0.6741062118652467
0.6676559263665743 0.6741062118652467
0.6716963304069784 0.6741062118652467
0.6757367344473824 0.6741062118652467
0.6797771384877864 0.6741062118652467
0.6838175425281905 0.6741062118652467
0.6878579465685946 0.6741062118652467
0.6918983506089986 0.6741062118652467
0.6959387546494027 0.6741062118652467
0.6999791586898068 0.6741062118652467
0.2999791586898067 0.6781466159056507
0.3040195627302107 0.6781466159056507
0.30805996677061476 0.6781466159056507
0.3121003708110188 0.6781466159056507
0.31614077485142283 0.6781466159056507
0.32018117889182685 0.6781466159056507
0.3242215829322309 0.6781466159056507
0.328261986972635 0.6781466159056507
0.332302391013039 0.6781466159056507
0.33634279505344306 0.6781466159056507
0.34038319909384707 0.6781466159056507
0.34442360313425113 0.6781466159056507
0.3484640071746552 0.6781466159056507
0.3525044112150592 0.6781466159056507
0.3565448152554632 0.6781466159056507
0.3605852192958673 0.6781466159056507
0.36462562333627135 0.6781466159056507
0.36866602737667536 0.6781466159056507
0.3727064314170794 0.6781466159056507
0.37674683545748344 0.6781466159056507
0.3807872394978875 0.6781466159056507
0.3848276435382915 0.6781466159056507
0.3888680475786956 0.6781466159056507
0.3929084516190996 0.6781466159056507
0.39694885565950366 0.6781466159056507
0.4009892596999077 0.6781466159056507
0.40502966374031174 0.6781466159056507
0.40907006778071575 0.6781466159056507
0.4131104718211198 0.6781466159056507
0.4171508758615239 0.6781466159056507
0.4211912799019279 0.6781466159056507
0.4252316839423319 0.6781466159056507
0.429272087982736 0.6781466159056507
0.43331249202314004 0.6781466159056507
0.43735289606354405 0.6781466159056507
0.44139330010394806 0.6781466159056507
0.4454337041443521 0.6781466159056507
0.4494741081847562 0.6781466159056507
0.4535145122251602 0.6781466159056507
0.4575549162655642 0.6781466159056507
0.4615953203059683 0.6781466159056507
0.46563572434637235 0.6781466159056507
0.4696761283867764 0.6781466159056507
0.4737165324271804 0.6781466159056507
0.47775693646758444 0.6781466159056507
0.4817973405079885 0.6781466159056507
0.48583774454839257 0.6781466159056507
0.4898781485887966 0.6781466159056507
0.4939185526292006 0.6781466159056507
0.49795895666960466 0.6781466159056507
0.5019993607100087 0.6781466159056507
0.5060397647504127 0.6781466159056507
0.5100801687908167 0.6781466159056507
0.5141205728312208 0.6781466159056507
0.5181609768716249 0.6781466159056507
0.522201380912029 0.6781466159056507
0.526241784952433 0.6781466159056507
0.530282188992837 0.6781466159056507
0.534322593033241 0.6781466159056507
0.5383629970736451 0.6781466159056507
0.542403401114049 0.6781466159056507
0.5464438051544531 0.6781466159056507
0.5504842091948572 0.6781466159056507
0.5545246132352613 0.6781466159056507
0.5585650172756653 0.6781466159056507
0.5626054213160694 0.6781466159056507
0.5666458253564733 0.6781466159056507
0.5706862293968774 0.6781466159056507
0.5747266334372814 0.6781466159056507
0.5787670374776854 0.6781466159056507
0.5828074415180895 0.6781466159056507
0.5868478455584936 0.6781466159056507
0.5908882495988976 0.6781466159056507
0.5949286536393017 0.6781466159056507
0.5989690576797057 0.6781466159056507
0.6030094617201097 0.6781466159056507
0.6070498657605137 0.6781466159056507
0.6110902698009177 0.6781466159056507
0.6151306738413218 0.6781466159056507
0.6191710778817259 0.6781466159056507
0.6232114819221299 0.6781466159056507
0.627251885962534 0.6781466159056507
0.6312922900029381 0.6781466159056507
0.635332694043342 0.6781466159056507
0.6393730980837461 0.6781466159056507
0.64341350212415 0.6781466159056507
0.6474539061645541 0.6781466159056507
0.6514943102049582 0.6781466159056507
0.6555347142453622 0.6781466159056507
0.6595751182857663 0.6781466159056507
0.6636155223261704 0.6781466159056507
0.6676559263665743 0.6781466159056507
0.6716963304069784 0.6781466159056507
0.6757367344473824 0.6781466159056507
0.6797771384877864 0.6781466159056507
0.6838175425281905 0.6781466159056507
0.6878579465685946 0.6781466159056507
0.6918983506089986 0.6781466159056507
0.6959387546494027 0.6781466159056507
0.6999791586898068 0.6781466159056507
0.2999791586898067 0.6821870199460547
0.3040195627302107 0.6821870199460547
0.30805996677061476 0.6821870199460547
0.3121003708110188 0.6821870199460547
0.31614077485142283 0.6821870199460547
0.32018117889182685 0.6821870199460547
0.3242215829322309 0.6821870199460547
0.328261986972635 0.6821870199460547
0.332302391013039 0.6821870199460547
0.33634279505344306 0.6821870199460547
0.34038319909384707 0.6821870199460547
0.34442360313425113 0.6821870199460547
0.3484640071746552 0.6821870199460547
0.3525044112150592 0.6821870199460547
0.3565448152554632 0.6821870199460547
0.3605852192958673 0.6821870199460547
0.36462562333627135 0.6821870199460547
0.36866602737667536 0.6821870199460547
0.3727064314170794 0.6821870199460547
0.37674683545748344 0.6821870199460547
0.3807872394978875 0.6821870199460547
0.3848276435382915 0.6821870199460547
0.3888680475786956 0.6821870199460547
0.3929084516190996 0.6821870199460547
0.39694885565950366 0.6821870199460547
0.4009892596999077 0.6821870199460547
0.40502966374031174 0.6821870199460547
0.40907006778071575 0.6821870199460547
0.4131104718211198 0.6821870199460547
0.4171508758615239 0.6821870199460547
0.4211912799019279 0.6821870199460547
0.4252316839423319 0.6821870199460547
0.429272087982736 0.6821870199460547
0.43331249202314004 0.6821870199460547
0.43735289606354405 0.6821870199460547
0.44139330010394806 0.6821870199460547
0.4454337041443521 0.6821870199460547
0.4494741081847562 0.6821870199460547
0.4535145122251602 0.6821870199460547
0.4575549162655642 0.6821870199460547
0.4615953203059683 0.6821870199460547
0.46563572434637235 0.6821870199460547
0.4696761283867764 0.6821870199460547
0.4737165324271804 0.6821870199460547
0.47775693646758444 0.6821870199460547
0.4817973405079885 0.6821870199460547
0.48583774454839257 0.6821870199460547
0.4898781485887966 0.6821870199460547
0.4939185526292006 0.6821870199460547
0.49795895666960466 0.6821870199460547
0.5019993607100087 0.6821870199460547
0.5060397647504127 0.6821870199460547
0.5100801687908167 0.6821870199460547
0.5141205728312208 0.6821870199460547
0.5181609768716249 0.6821870199460547
0.522201380912029 0.6821870199460547
0.526241784952433 0.6821870199460547
0.530282188992837 0.6821870199460547
0.534322593033241 0.6821870199460547
0.5383629970736451 0.6821870199460547
0.542403401114049 0.6821870199460547
0.5464438051544531 0.6821870199460547
0.5504842091948572 0.6821870199460547
0.5545246132352613 0.6821870199460547
0.5585650172756653 0.6821870199460547
0.5626054213160694 0.6821870199460547
0.5666458253564733 0.6821870199460547
0.5706862293968774 0.6821870199460547
0.5747266334372814 0.6821870199460547
0.5787670374776854 0.6821870199460547
0.5828074415180895 0.6821870199460547
0.5868478455584936 0.6821870199460547
0.5908882495988976 0.6821870199460547
0.5949286536393017 0.6821870199460547
0.5989690576797057 0.6821870199460547
0.6030094617201097 0.6821870199460547
0.6070498657605137 0.6821870199460547
0.6110902698009177 0.6821870199460547
0.6151306738413218 0.6821870199460547
0.6191710778817259 0.6821870199460547
0.6232114819221299 0.6821870199460547
0.627251885962534 0.6821870199460547
0.6312922900029381 0.6821870199460547
0.635332694043342 0.6821870199460547
0.6393730980837461 0.6821870199460547
0.64341350212415 0.6821870199460547
0.6474539061645541 0.6821870199460547
0.6514943102049582 0.6821870199460547
0.6555347142453622 0.6821870199460547
0.6595751182857663 0.6821870199460547
0.6636155223261704 0.6821870199460547
0.6676559263665743 0.6821870199460547
0.6716963304069784 0.6821870199460547
0.6757367344473824 0.6821870199460547
0.6797771384877864 0.6821870199460547
0.6838175425281905 0.6821870199460547
0.6878579465685946 0.6821870199460547
0.6918983506089986 0.6821870199460547
0.6959387546494027 0.6821870199460547
0.6999791586898068 0.6821870199460547
0.2999791586898067 0.6862274239864588
0.3040195627302107 0.6862274239864588
0.30805996677061476 0.6862274239864588
0.3121003708110188 0.6862274239864588
0.31614077485142283 0.6862274239864588
0.32018117889182685 0.6862274239864588
0.3242215829322309 0.6862274239864588
0.328261986972635 0.6862274239864588
0.332302391013039 0.6862274239864588
0.33634279505344306 0.6862274239864588
0.34038319909384707 0.6862274239864588
0.34442360313425113 0.6862274239864588
0.3484640071746552 0.6862274239864588
0.3525044112150592 0.6862274239864588
0.3565448152554632 0.6862274239864588
0.3605852192958673 0.6862274239864588
0.36462562333627135 0.6862274239864588
0.36866602737667536 0.6862274239864588
0.3727064314170794 0.6862274239864588
0.37674683545748344 0.6862274239864588
0.3807872394978875 0.6862274239864588
0.3848276435382915 0.6862274239864588
0.3888680475786956 0.6862274239864588
0.3929084516190996 0.6862274239864588
0.39694885565950366 0.6862274239864588
0.4009892596999077 0.6862274239864588
0.40502966374031174 0.6862274239864588
0.40907006778071575 0.6862274239864588
0.4131104718211198 0.6862274239864588
0.4171508758615239 0.6862274239864588
0.4211912799019279 0.6862274239864588
0.4252316839423319 0.6862274239864588
0.429272087982736 0.6862274239864588
0.43331249202314004 0.6862274239864588
0.43735289606354405 0.6862274239864588
0.44139330010394806 0.6862274239864588
0.4454337041443521 0.6862274239864588
0.4494741081847562 0.6862274239864588
0.4535145122251602 0.6862274239864588
0.4575549162655642 0.6862274239864588
0.4615953203059683 0.6862274239864588
0.46563572434637235 0.6862274239864588
0.4696761283867764 0.6862274239864588
0.4737165324271804 0.6862274239864588
0.47775693646758444 0.6862274239864588
0.4817973405079885 0.6862274239864588
0.48583774454839257 0.6862274239864588
0.4898781485887966 0.6862274239864588
0.4939185526292006 0.6862274239864588
0.49795895666960466 0.6862274239864588
0.5019993607100087 0.6862274239864588
0.5060397647504127 0.6862274239864588
0.5100801687908167 0.6862274239864588
0.5141205728312208 0.6862274239864588
0.5181609768716249 0.6862274239864588
0.522201380912029 0.6862274239864588
0.526241784952433 0.6862274239864588
0.530282188992837 0.6862274239864588
0.534322593033241 0.6862274239864588
0.5383629970736451 0.6862274239864588
0.542403401114049 0.6862274239864588
0.5464438051544531 0.6862274239864588
0.5504842091948572 0.6862274239864588
0.5545246132352613 0.6862274239864588
0.5585650172756653 0.6862274239864588
0.5626054213160694 0.6862274239864588
0.5666458253564733 0.6862274239864588
0.5706862293968774 0.6862274239864588
0.5747266334372814 0.6862274239864588
0.5787670374776854 0.6862274239864588
0.5828074415180895 0.6862274239864588
0.5868478455584936 0.6862274239864588
0.5908882495988976 0.6862274239864588
0.5949286536393017 0.6862274239864588
0.5989690576797057 0.6862274239864588
0.6030094617201097 0.6862274239864588
0.6070498657605137 0.6862274239864588
0.6110902698009177 0.6862274239864588
0.6151306738413218 0.6862274239864588
0.6191710778817259 0.6862274239864588
0.6232114819221299 0.6862274239864588
0.627251885962534 0.6862274239864588
0.6312922900029381 0.6862274239864588
0.635332694043342 0.6862274239864588
0.6393730980837461 0.6862274239864588
0.64341350212415 0.6862274239864588
0.6474539061645541 0.6862274239864588
0.6514943102049582 0.6862274239864588
0.6555347142453622 0.6862274239864588
0.6595751182857663 0.6862274239864588
0.6636155223261704 0.6862274239864588
0.6676559263665743 0.6862274239864588
0.6716963304069784 0.6862274239864588
0.6757367344473824 0.6862274239864588
0.6797771384877864 0.6862274239864588
0.6838175425281905 0.6862274239864588
0.6878579465685946 0.6862274239864588
0.6918983506089986 0.6862274239864588
0.6959387546494027 0.6862274239864588
0.6999791586898068 0.6862274239864588
0.2999791586898067 0.6902678280268628
0.3040195627302107 0.6902678280268628
0.30805996677061476 0.6902678280268628
0.3121003708110188 0.6902678280268628
0.31614077485142283 0.6902678280268628
0.32018117889182685 0.6902678280268628
0.3242215829322309 0.6902678280268628
0.328261986972635 0.6902678280268628
0.332302391013039 0.6902678280268628
0.33634279505344306 0.6902678280268628
0.34038319909384707 0.6902678280268628
0.34442360313425113 0.6902678280268628
0.3484640071746552 0.6902678280268628
0.3525044112150592 0.6902678280268628
0.3565448152554632 0.6902678280268628
0.3605852192958673 0.6902678280268628
0.36462562333627135 0.6902678280268628
0.36866602737667536 0.6902678280268628
0.3727064314170794 0.6902678280268628
0.37674683545748344 0.6902678280268628
0.3807872394978875 0.6902678280268628
0.3848276435382915 0.6902678280268628
0.3888680475786956 0.6902678280268628
0.3929084516190996 0.6902678280268628
0.39694885565950366 0.6902678280268628
0.4009892596999077 0.6902678280268628
0.40502966374031174 0.6902678280268628
0.40907006778071575 0.6902678280268628
0.4131104718211198 0.6902678280268628
0.4171508758615239 0.6902678280268628
0.4211912799019279 0.6902678280268628
0.4252316839423319 0.6902678280268628
0.429272087982736 0.6902678280268628
0.43331249202314004 0.6902678280268628
0.43735289606354405 0.6902678280268628
0.44139330010394806 0.6902678280268628
0.4454337041443521 0.6902678280268628
0.4494741081847562 0.6902678280268628
0.4535145122251602 0.6902678280268628
0.4575549162655642 0.6902678280268628
0.4615953203059683 0.6902678280268628
0.46563572434637235 0.6902678280268628
0.4696761283867764 0.6902678280268628
0.4737165324271804 0.6902678280268628
0.47775693646758444 0.6902678280268628
0.4817973405079885 0.6902678280268628
0.48583774454839257 0.6902678280268628
0.4898781485887966 0.6902678280268628
0.4939185526292006 0.6902678280268628
0.49795895666960466 0.6902678280268628
0.5019993607100087 0.6902678280268628
0.5060397647504127 0.6902678280268628
0.5100801687908167 0.6902678280268628
0.5141205728312208 0.6902678280268628
0.5181609768716249 0.6902678280268628
0.522201380912029 0.6902678280268628
0.526241784952433 0.6902678280268628
0.530282188992837 0.6902678280268628
0.534322593033241 0.6902678280268628
0.5383629970736451 0.6902678280268628
0.542403401114049 0.6902678280268628
0.5464438051544531 0.6902678280268628
0.5504842091948572 0.6902678280268628
0.5545246132352613 0.6902678280268628
0.5585650172756653 0.6902678280268628
0.5626054213160694 0.6902678280268628
0.5666458253564733 0.6902678280268628
0.5706862293968774 0.6902678280268628
0.5747266334372814 0.6902678280268628
0.5787670374776854 0.6902678280268628
0.5828074415180895 0.6902678280268628
0.5868478455584936 0.6902678280268628
0.5908882495988976 0.6902678280268628
0.5949286536393017 0.6902678280268628
0.5989690576797057 0.6902678280268628
0.6030094617201097 0.6902678280268628
0.6070498657605137 0.6902678280268628
0.6110902698009177 0.6902678280268628
0.6151306738413218 0.6902678280268628
0.6191710778817259 0.6902678280268628
0.6232114819221299 0.6902678280268628
0.627251885962534 0.6902678280268628
0.6312922900029381 0.6902678280268628
0.635332694043342 0.6902678280268628
0.6393730980837461 0.6902678280268628
0.64341350212415 0.6902678280268628
0.6474539061645541 0.6902678280268628
0.6514943102049582 0.6902678280268628
0.6555347142453622 0.6902678280268628
0.6595751182857663 0.6902678280268628
0.6636155223261704 0.6902678280268628
0.6676559263665743 0.6902678280268628
0.6716963304069784 0.6902678280268628
0.6757367344473824 0.6902678280268628
0.6797771384877864 0.6902678280268628
0.6838175425281905 0.6902678280268628
0.6878579465685946 0.6902678280268628
0.6918983506089986 0.6902678280268628
0.6959387546494027 0.6902678280268628
0.6999791586898068 0.6902678280268628
0.2999791586898067 0.6943082320672669
0.3040195627302107 0.6943082320672669
0.30805996677061476 0.6943082320672669
0.3121003708110188 0.6943082320672669
0.31614077485142283 0.6943082320672669
0.32018117889182685 0.6943082320672669
0.3242215829322309 0.6943082320672669
0.328261986972635 0.6943082320672669
0.332302391013039 0.6943082320672669
0.33634279505344306 0.6943082320672669
0.34038319909384707 0.6943082320672669
0.34442360313425113 0.6943082320672669
0.3484640071746552 0.6943082320672669
0.3525044112150592 0.6943082320672669
0.3565448152554632 0.6943082320672669
0.3605852192958673 0.6943082320672669
0.36462562333627135 0.6943082320672669
0.36866602737667536 0.6943082320672669
0.3727064314170794 0.6943082320672669
0.37674683545748344 0.6943082320672669
0.3807872394978875 0.6943082320672669
0.3848276435382915 0.6943082320672669
0.3888680475786956 0.6943082320672669
0.3929084516190996 0.6943082320672669
0.39694885565950366 0.6943082320672669
0.4009892596999077 0.6943082320672669
0.40502966374031174 0.6943082320672669
0.40907006778071575 0.6943082320672669
0.4131104718211198 0.6943082320672669
0.4171508758615239 0.6943082320672669
0.4211912799019279 0.6943082320672669
0.4252316839423319 0.6943082320672669
0.429272087982736 0.6943082320672669
0.43331249202314004 0.6943082320672669
0.43735289606354405 0.6943082320672669
0.44139330010394806 0.6943082320672669
0.4454337041443521 0.6943082320672669
0.4494741081847562 0.6943082320672669
0.4535145122251602 0.6943082320672669
0.4575549162655642 0.6943082320672669
0.4615953203059683 0.6943082320672669
0.46563572434637235 0.6943082320672669
0.4696761283867764 0.6943082320672669
0.4737165324271804 0.6943082320672669
0.47775693646758444 0.6943082320672669
0.4817973405079885 0.6943082320672669
0.48583774454839257 0.6943082320672669
0.4898781485887966 0.6943082320672669
0.4939185526292006 0.6943082320672669
0.49795895666960466 0.6943082320672669
0.5019993607100087 0.6943082320672669
0.5060397647504127 0.6943082320672669
0.5100801687908167 0.6943082320672669
0.5141205728312208 0.6943082320672669
0.5181609768716249 0.6943082320672669
0.522201380912029 0.6943082320672669
0.526241784952433 0.6943082320672669
0.530282188992837 0.6943082320672669
0.534322593033241 0.6943082320672669
0.5383629970736451 0.6943082320672669
0.542403401114049 0.6943082320672669
0.5464438051544531 0.6943082320672669
0.5504842091948572 0.6943082320672669
0.5545246132352613 0.6943082320672669
0.5585650172756653 0.6943082320672669
0.5626054213160694 0.6943082320672669
0.5666458253564733 0.6943082320672669
0.5706862293968774 0.6943082320672669
0.5747266334372814 0.6943082320672669
0.5787670374776854 0.6943082320672669
0.5828074415180895 0.6943082320672669
0.5868478455584936 0.6943082320672669
0.5908882495988976 0.6943082320672669
0.5949286536393017 0.6943082320672669
0.5989690576797057 0.6943082320672669
0.6030094617201097 0.6943082320672669
0.6070498657605137 0.6943082320672669
0.6110902698009177 0.6943082320672669
0.6151306738413218 0.6943082320672669
0.6191710778817259 0.6943082320672669
0.6232114819221299 0.6943082320672669
0.627251885962534 0.6943082320672669
0.6312922900029381 0.6943082320672669
0.635332694043342 0.6943082320672669
0.6393730980837461 0.6943082320672669
0.64341350212415 0.6943082320672669
0.6474539061645541 0.6943082320672669
0.6514943102049582 0.6943082320672669
0.6555347142453622 0.6943082320672669
0.6595751182857663 0.6943082320672669
0.6636155223261704 0.6943082320672669
0.6676559263665743 0.6943082320672669
0.6716963304069784 0.6943082320672669
0.6757367344473824 0.6943082320672669
0.6797771384877864 0.6943082320672669
0.6838175425281905 0.6943082320672669
0.6878579465685946 0.6943082320672669
0.6918983506089986 0.6943082320672669
0.6959387546494027 0.6943082320672669
0.6999791586898068 0.6943082320672669
0.2999791586898067 0.698348636107671
0.3040195627302107 0.698348636107671
0.30805996677061476 0.698348636107671
0.3121003708110188 0.698348636107671
0.31614077485142283 0.698348636107671
0.32018117889182685 0.698348636107671
0.3242215829322309 0.698348636107671
0.328261986972635 0.698348636107671
0.332302391013039 0.698348636107671
0.33634279505344306 0.698348636107671
0.34038319909384707 0.698348636107671
0.34442360313425113 0.698348636107671
0.3484640071746552 0.698348636107671
0.3525044112150592 0.698348636107671
0.3565448152554632 0.698348636107671
0.3605852192958673 0.698348636107671
0.36462562333627135 0.698348636107671
0.36866602737667536 0.698348636107671
0.3727064314170794 0.698348636107671
0.37674683545748344 0.698348636107671
0.3807872394978875 0.698348636107671
0.3848276435382915 0.698348636107671
0.3888680475786956 0.698348636107671
0.3929084516190996 0.698348636107671
0.39694885565950366 0.698348636107671
0.4009892596999077 0.698348636107671
0.40502966374031174 0.698348636107671
0.40907006778071575 0.698348636107671
0.4131104718211198 0.698348636107671
0.4171508758615239 0.698348636107671
0.4211912799019279 0.698348636107671
0.4252316839423319 0.698348636107671
0.429272087982736 0.698348636107671
0.43331249202314004 0.698348636107671
0.43735289606354405 0.698348636107671
0.44139330010394806 0.698348636107671
0.4454337041443521 0.698348636107671
0.4494741081847562 0.698348636107671
0.4535145122251602 0.698348636107671
0.4575549162655642 0.698348636107671
0.4615953203059683 0.698348636107671
0.46563572434637235 0.698348636107671
0.4696761283867764 0.698348636107671
0.4737165324271804 0.698348636107671
0.47775693646758444 0.698348636107671
0.4817973405079885 0.698348636107671
0.48583774454839257 0.698348636107671
0.4898781485887966 0.698348636107671
0.4939185526292006 0.698348636107671
0.49795895666960466 0.698348636107671
0.5019993607100087 0.698348636107671
0.5060397647504127 0.698348636107671
0.5100801687908167 0.698348636107671
0.5141205728312208 0.698348636107671
0.5181609768716249 0.698348636107671
0.522201380912029 0.698348636107671
0.526241784952433 0.698348636107671
0.530282188992837 0.698348636107671
0.534322593033241 0.698348636107671
0.5383629970736451 0.698348636107671
0.542403401114049 0.698348636107671
0.5464438051544531 0.698348636107671
0.5504842091948572 0.698348636107671
0.5545246132352613 0.698348636107671
0.5585650172756653 0.698348636107671
0.5626054213160694 0.698348636107671
0.5666458253564733 0.698348636107671
0.5706862293968774 0.698348636107671
0.5747266334372814 0.698348636107671
0.5787670374776854 0.698348636107671
0.5828074415180895 0.698348636107671
0.5868478455584936 0.698348636107671
0.5908882495988976 0.698348636107671
0.5949286536393017 0.698348636107671
0.5989690576797057 0.698348636107671
0.6030094617201097 0.698348636107671
0.6070498657605137 0.698348636107671
0.6110902698009177 0.698348636107671
0.6151306738413218 0.698348636107671
0.6191710778817259 0.698348636107671
0.6232114819221299 0.698348636107671
0.627251885962534 0.698348636107671
0.6312922900029381 0.698348636107671
0.635332694043342 0.698348636107671
0.6393730980837461 0.698348636107671
0.64341350212415 0.698348636107671
0.6474539061645541 0.698348636107671
0.6514943102049582 0.698348636107671
0.6555347142453622 0.698348636107671
0.6595751182857663 0.698348636107671
0.6636155223261704 0.698348636107671
0.6676559263665743 0.698348636107671
0.6716963304069784 0.698348636107671
0.6757367344473824 0.698348636107671
0.6797771384877864 0.698348636107671
0.6838175425281905 0.698348636107671
0.6878579465685946 0.698348636107671
0.6918983506089986 0.698348636107671
0.6959387546494027 0.698348636107671
0.6999791586898068 0.698348636107671
0.2999791586898067 0.702389040148075
0.3040195627302107 0.702389040148075
0.30805996677061476 0.702389040148075
0.3121003708110188 0.702389040148075
0.31614077485142283 0.702389040148075
0.32018117889182685 0.702389040148075
0.3242215829322309 0.702389040148075
0.328261986972635 0.702389040148075
0.332302391013039 0.702389040148075
0.33634279505344306 0.702389040148075
0.34038319909384707 0.702389040148075
0.34442360313425113 0.702389040148075
0.3484640071746552 0.702389040148075
0.3525044112150592 0.702389040148075
0.3565448152554632 0.702389040148075
0.3605852192958673 0.702389040148075
0.36462562333627135 0.702389040148075
0.36866602737667536 0.702389040148075
0.3727064314170794 0.702389040148075
0.37674683545748344 0.702389040148075
0.3807872394978875 0.702389040148075
0.3848276435382915 0.702389040148075
0.3888680475786956 0.702389040148075
0.3929084516190996 0.702389040148075
0.39694885565950366 0.702389040148075
0.4009892596999077 0.702389040148075
0.40502966374031174 0.702389040148075
0.40907006778071575 0.702389040148075
0.4131104718211198 0.702389040148075
0.4171508758615239 0.702389040148075
0.4211912799019279 0.702389040148075
0.4252316839423319 0.702389040148075
0.429272087982736 0.702389040148075
0.43331249202314004 0.702389040148075
0.43735289606354405 0.702389040148075
0.44139330010394806 0.702389040148075
0.4454337041443521 0.702389040148075
0.4494741081847562 0.702389040148075
0.4535145122251602 0.702389040148075
0.4575549162655642 0.702389040148075
0.4615953203059683 0.702389040148075
0.46563572434637235 0.702389040148075
0.4696761283867764 0.702389040148075
0.4737165324271804 0.702389040148075
0.47775693646758444 0.702389040148075
0.4817973405079885 0.702389040148075
0.48583774454839257 0.702389040148075
0.4898781485887966 0.702389040148075
0.4939185526292006 0.702389040148075
0.49795895666960466 0.702389040148075
0.5019993607100087 0.702389040148075
0.5060397647504127 0.702389040148075
0.5100801687908167 0.702389040148075
0.5141205728312208 0.702389040148075
0.5181609768716249 0.702389040148075
0.522201380912029 0.702389040148075
0.526241784952433 0.702389040148075
0.530282188992837 0.702389040148075
0.534322593033241 0.702389040148075
0.5383629970736451 0.702389040148075
0.542403401114049 0.702389040148075
0.5464438051544531 0.702389040148075
0.5504842091948572 0.702389040148075
0.5545246132352613 0.702389040148075
0.5585650172756653 0.702389040148075
0.5626054213160694 0.702389040148075
0.5666458253564733 0.702389040148075
0.5706862293968774 0.702389040148075
0.5747266334372814 0.702389040148075
0.5787670374776854 0.702389040148075
0.5828074415180895 0.702389040148075
0.5868478455584936 0.702389040148075
0.5908882495988976 0.702389040148075
0.5949286536393017 0.702389040148075
0.5989690576797057 0.702389040148075
0.6030094617201097 0.702389040148075
0.6070498657605137 0.702389040148075
0.6110902698009177 0.702389040148075
0.6151306738413218 0.702389040148075
0.6191710778817259 0.702389040148075
0.6232114819221299 0.702389040148075
0.627251885962534 0.702389040148075
0.6312922900029381 0.702389040148075
0.635332694043342 0.702389040148075
0.6393730980837461 0.702389040148075
0.64341350212415 0.702389040148075
0.6474539061645541 0.702389040148075
0.6514943102049582 0.702389040148075
0.6555347142453622 0.702389040148075
0.6595751182857663 0.702389040148075
0.6636155223261704 0.702389040148075
0.6676559263665743 0.702389040148075
0.6716963304069784 0.702389040148075
0.6757367344473824 0.702389040148075
0.6797771384877864 0.702389040148075
0.6838175425281905 0.702389040148075
0.6878579465685946 0.702389040148075
0.6918983506089986 0.702389040148075
0.6959387546494027 0.702389040148075
0.6999791586898068 0.702389040148075
0.2999791586898067 0.706429444188479
0.3040195627302107 0.706429444188479
0.30805996677061476 0.706429444188479
0.3121003708110188 0.706429444188479
0.31614077485142283 0.706429444188479
0.32018117889182685 0.706429444188479
0.3242215829322309 0.706429444188479
0.328261986972635 0.706429444188479
0.332302391013039 0.706429444188479
0.33634279505344306 0.706429444188479
0.34038319909384707 0.706429444188479
0.34442360313425113 0.706429444188479
0.3484640071746552 0.706429444188479
0.3525044112150592 0.706429444188479
0.3565448152554632 0.706429444188479
0.3605852192958673 0.706429444188479
0.36462562333627135 0.706429444188479
0.36866602737667536 0.706429444188479
0.3727064314170794 0.706429444188479
0.37674683545748344 0.706429444188479
0.3807872394978875 0.706429444188479
0.3848276435382915 0.706429444188479
0.3888680475786956 0.706429444188479
0.3929084516190996 0.706429444188479
0.39694885565950366 0.706429444188479
0.4009892596999077 0.706429444188479
0.40502966374031174 0.706429444188479
0.40907006778071575 0.706429444188479
0.4131104718211198 0.706429444188479
0.4171508758615239 0.706429444188479
0.4211912799019279 0.706429444188479
0.4252316839423319 0.706429444188479
0.429272087982736 0.706429444188479
0.43331249202314004 0.706429444188479
0.43735289606354405 0.706429444188479
0.44139330010394806 0.706429444188479
0.4454337041443521 0.706429444188479
0.4494741081847562 0.706429444188479
0.4535145122251602 0.706429444188479
0.4575549162655642 0.706429444188479
0.4615953203059683 0.706429444188479
0.46563572434637235 0.706429444188479
0.4696761283867764 0.706429444188479
0.4737165324271804 0.706429444188479
0.47775693646758444 0.706429444188479
0.4817973405079885 0.706429444188479
0.48583774454839257 0.706429444188479
0.4898781485887966 0.706429444188479
0.4939185526292006 0.706429444188479
0.49795895666960466 0.706429444188479
0.5019993607100087 0.706429444188479
0.5060397647504127 0.706429444188479
0.5100801687908167 0.706429444188479
0.5141205728312208 0.706429444188479
0.5181609768716249 0.706429444188479
0.522201380912029 0.706429444188479
0.526241784952433 0.706429444188479
0.530282188992837 0.706429444188479
0.534322593033241 0.706429444188479
0.5383629970736451 0.706429444188479
0.542403401114049 0.706429444188479
0.5464438051544531 0.706429444188479
0.5504842091948572 0.706429444188479
0.5545246132352613 0.706429444188479
0.5585650172756653 0.706429444188479
0.5626054213160694 0.706429444188479
0.5666458253564733 0.706429444188479
0.5706862293968774 0.706429444188479
0.5747266334372814 0.706429444188479
0.5787670374776854 0.706429444188479
0.5828074415180895 0.706429444188479
0.5868478455584936 0.706429444188479
0.5908882495988976 0.706429444188479
0.5949286536393017 0.706429444188479
0.5989690576797057 0.706429444188479
0.6030094617201097 0.706429444188479
0.6070498657605137 0.706429444188479
0.6110902698009177 0.706429444188479
0.6151306738413218 0.706429444188479
0.6191710778817259 0.706429444188479
0.6232114819221299 0.706429444188479
0.627251885962534 0.706429444188479
0.6312922900029381 0.706429444188479
0.635332694043342 0.706429444188479
0.6393730980837461 0.706429444188479
0.64341350212415 0.706429444188479
0.6474539061645541 0.706429444188479
0.6514943102049582 0.706429444188479
0.6555347142453622 0.706429444188479
0.6595751182857663 0.706429444188479
0.6636155223261704 0.706429444188479
0.6676559263665743 0.706429444188479
0.6716963304069784 0.706429444188479
0.6757367344473824 0.706429444188479
0.6797771384877864 0.706429444188479
0.6838175425281905 0.706429444188479
0.6878579465685946 0.706429444188479
0.6918983506089986 0.706429444188479
0.6959387546494027 0.706429444188479
0.6999791586898068 0.706429444188479
0.2999791586898067 0.710469848228883
0.3040195627302107 0.710469848228883
0.30805996677061476 0.710469848228883
0.3121003708110188 0.710469848228883
0.31614077485142283 0.710469848228883
0.32018117889182685 0.710469848228883
0.3242215829322309 0.710469848228883
0.328261986972635 0.710469848228883
0.332302391013039 0.710469848228883
0.33634279505344306 0.710469848228883
0.34038319909384707 0.710469848228883
0.34442360313425113 0.710469848228883
0.3484640071746552 0.710469848228883
0.3525044112150592 0.710469848228883
0.3565448152554632 0.710469848228883
0.3605852192958673 0.710469848228883
0.36462562333627135 0.710469848228883
0.36866602737667536 0.710469848228883
0.3727064314170794 0.710469848228883
0.37674683545748344 0.710469848228883
0.3807872394978875 0.710469848228883
0.3848276435382915 0.710469848228883
0.3888680475786956 0.710469848228883
0.3929084516190996 0.710469848228883
0.39694885565950366 0.710469848228883
0.4009892596999077 0.710469848228883
0.40502966374031174 0.710469848228883
0.40907006778071575 0.710469848228883
0.4131104718211198 0.710469848228883
0.4171508758615239 0.710469848228883
0.4211912799019279 0.710469848228883
0.4252316839423319 0.710469848228883
0.429272087982736 0.710469848228883
0.43331249202314004 0.710469848228883
0.43735289606354405 0.710469848228883
0.44139330010394806 0.710469848228883
0.4454337041443521 0.710469848228883
0.4494741081847562 0.710469848228883
0.4535145122251602 0.710469848228883
0.4575549162655642 0.710469848228883
0.4615953203059683 0.710469848228883
0.46563572434637235 0.710469848228883
0.4696761283867764 0.710469848228883
0.4737165324271804 0.710469848228883
0.47775693646758444 0.710469848228883
0.4817973405079885 0.710469848228883
0.48583774454839257 0.710469848228883
0.4898781485887966 0.710469848228883
0.4939185526292006 0.710469848228883
0.49795895666960466 0.710469848228883
0.5019993607100087 0.710469848228883
0.5060397647504127 0.710469848228883
0.5100801687908167 0.710469848228883
0.5141205728312208 0.710469848228883
0.5181609768716249 0.710469848228883
0.522201380912029 0.710469848228883
0.526241784952433 0.710469848228883
0.530282188992837 0.710469848228883
0.534322593033241 0.710469848228883
0.5383629970736451 0.710469848228883
0.542403401114049 0.710469848228883
0.5464438051544531 0.710469848228883
0.5504842091948572 0.710469848228883
0.5545246132352613 0.710469848228883
0.5585650172756653 0.710469848228883
0.5626054213160694 0.710469848228883
0.5666458253564733 0.710469848228883
0.5706862293968774 0.710469848228883
0.5747266334372814 0.710469848228883
0.5787670374776854 0.710469848228883
0.5828074415180895 0.710469848228883
0.5868478455584936 0.710469848228883
0.5908882495988976 0.710469848228883
0.5949286536393017 0.710469848228883
0.5989690576797057 0.710469848228883
0.6030094617201097 0.710469848228883
0.6070498657605137 0.710469848228883
0.6110902698009177 0.710469848228883
0.6151306738413218 0.710469848228883
0.6191710778817259 0.710469848228883
0.6232114819221299 0.710469848228883
0.627251885962534 0.710469848228883
0.6312922900029381 0.710469848228883
0.635332694043342 0.710469848228883
0.6393730980837461 0.710469848228883
0.64341350212415 0.710469848228883
0.6474539061645541 0.710469848228883
0.6514943102049582 0.710469848228883
0.6555347142453622 0.710469848228883
0.6595751182857663 0.710469848228883
0.6636155223261704 0.710469848228883
0.6676559263665743 0.710469848228883
0.6716963304069784 0.710469848228883
0.6757367344473824 0.710469848228883
0.6797771384877864 0.710469848228883
0.6838175425281905 0.710469848228883
0.6878579465685946 0.710469848228883
0.6918983506089986 0.710469848228883
0.6959387546494027 0.710469848228883
0.6999791586898068 0.710469848228883
0.2999791586898067 0.7145102522692871
0.3040195627302107 0.7145102522692871
0.30805996677061476 0.7145102522692871
0.3121003708110188 0.7145102522692871
0.31614077485142283 0.7145102522692871
0.32018117889182685 0.7145102522692871
0.3242215829322309 0.7145102522692871
0.328261986972635 0.7145102522692871
0.332302391013039 0.7145102522692871
0.33634279505344306 0.7145102522692871
0.34038319909384707 0.7145102522692871
0.34442360313425113 0.7145102522692871
0.3484640071746552 0.7145102522692871
0.3525044112150592 0.7145102522692871
0.3565448152554632 0.7145102522692871
0.3605852192958673 0.7145102522692871
0.36462562333627135 0.7145102522692871
0.36866602737667536 0.7145102522692871
0.3727064314170794 0.7145102522692871
0.37674683545748344 0.7145102522692871
0.3807872394978875 0.7145102522692871
0.3848276435382915 0.7145102522692871
0.3888680475786956 0.7145102522692871
0.3929084516190996 0.7145102522692871
0.39694885565950366 0.7145102522692871
0.4009892596999077 0.7145102522692871
0.40502966374031174 0.7145102522692871
0.40907006778071575 0.7145102522692871
0.4131104718211198 0.7145102522692871
0.4171508758615239 0.7145102522692871
0.4211912799019279 0.7145102522692871
0.4252316839423319 0.7145102522692871
0.429272087982736 0.7145102522692871
0.43331249202314004 0.7145102522692871
0.43735289606354405 0.7145102522692871
0.44139330010394806 0.7145102522692871
0.4454337041443521 0.7145102522692871
0.4494741081847562 0.7145102522692871
0.4535145122251602 0.7145102522692871
0.4575549162655642 0.7145102522692871
0.4615953203059683 0.7145102522692871
0.46563572434637235 0.7145102522692871
0.4696761283867764 0.7145102522692871
0.4737165324271804 0.7145102522692871
0.47775693646758444 0.7145102522692871
0.4817973405079885 0.7145102522692871
0.48583774454839257 0.7145102522692871
0.4898781485887966 0.7145102522692871
0.4939185526292006 0.7145102522692871
0.49795895666960466 0.7145102522692871
0.5019993607100087 0.7145102522692871
0.5060397647504127 0.7145102522692871
0.5100801687908167 0.7145102522692871
0.5141205728312208 0.7145102522692871
0.5181609768716249 0.7145102522692871
0.522201380912029 0.7145102522692871
0.526241784952433 0.7145102522692871
0.530282188992837 0.7145102522692871
0.534322593033241 0.7145102522692871
0.5383629970736451 0.7145102522692871
0.542403401114049 0.7145102522692871
0.5464438051544531 0.7145102522692871
0.5504842091948572 0.7145102522692871
0.5545246132352613 0.7145102522692871
0.5585650172756653 0.7145102522692871
0.5626054213160694 0.7145102522692871
0.5666458253564733 0.7145102522692871
0.5706862293968774 0.7145102522692871
0.5747266334372814 0.7145102522692871
0.5787670374776854 0.7145102522692871
0.5828074415180895 0.7145102522692871
0.5868478455584936 0.7145102522692871
0.5908882495988976 0.7145102522692871
0.5949286536393017 0.7145102522692871
0.5989690576797057 0.7145102522692871
0.6030094617201097 0.7145102522692871
0.6070498657605137 0.7145102522692871
0.6110902698009177 0.7145102522692871
0.6151306738413218 0.7145102522692871
0.6191710778817259 0.7145102522692871
0.6232114819221299 0.7145102522692871
0.627251885962534 0.7145102522692871
0.6312922900029381 0.7145102522692871
0.635332694043342 0.7145102522692871
0.6393730980837461 0.7145102522692871
0.64341350212415 0.7145102522692871
0.6474539061645541 0.7145102522692871
0.6514943102049582 0.7145102522692871
0.6555347142453622 0.7145102522692871
0.6595751182857663 0.7145102522692871
0.6636155223261704 0.7145102522692871
0.6676559263665743 0.7145102522692871
0.6716963304069784 0.7145102522692871
0.6757367344473824 0.7145102522692871
0.6797771384877864 0.7145102522692871
0.6838175425281905 0.7145102522692871
0.6878579465685946 0.7145102522692871
0.6918983506089986 0.7145102522692871
0.6959387546494027 0.7145102522692871
0.2999791586898067 0.7185506563096911
0.3040195627302107 0.7185506563096911
0.30805996677061476 0.7185506563096911
0.3121003708110188 0.7185506563096911
0.31614077485142283 0.7185506563096911
0.32018117889182685 0.7185506563096911
0.3242215829322309 0.7185506563096911
0.328261986972635 0.7185506563096911
0.332302391013039 0.7185506563096911
0.33634279505344306 0.7185506563096911
0.34038319909384707 0.7185506563096911
0.34442360313425113 0.7185506563096911
0.3484640071746552 0.7185506563096911
0.3525044112150592 0.7185506563096911
0.3565448152554632 0.7185506563096911
0.3605852192958673 0.7185506563096911
0.36462562333627135 0.7185506563096911
0.36866602737667536 0.7185506563096911
0.3727064314170794 0.7185506563096911
0.37674683545748344 0.7185506563096911
0.3807872394978875 0.7185506563096911
0.3848276435382915 0.7185506563096911
0.3888680475786956 0.7185506563096911
0.3929084516190996 0.7185506563096911
0.39694885565950366 0.7185506563096911
0.4009892596999077 0.7185506563096911
0.40502966374031174 0.7185506563096911
0.40907006778071575 0.7185506563096911
0.4131104718211198 0.7185506563096911
0.4171508758615239 0.7185506563096911
0.4211912799019279 0.7185506563096911
0.4252316839423319 0.7185506563096911
0.429272087982736 0.7185506563096911
0.43331249202314004 0.7185506563096911
0.43735289606354405 0.7185506563096911
0.44139330010394806 0.7185506563096911
0.4454337041443521 0.7185506563096911
0.4494741081847562 0.7185506563096911
0.4535145122251602 0.7185506563096911
0.4575549162655642 0.7185506563096911
0.4615953203059683 0.7185506563096911
0.46563572434637235 0.7185506563096911
0.4696761283867764 0.7185506563096911
0.4737165324271804 0.7185506563096911
0.47775693646758444 0.7185506563096911
0.4817973405079885 0.7185506563096911
0.48583774454839257 0.7185506563096911
0.4898781485887966 0.7185506563096911
0.4939185526292006 0.7185506563096911
0.49795895666960466 0.7185506563096911
0.5019993607100087 0.7185506563096911
0.5060397647504127 0.7185506563096911
0.5100801687908167 0.7185506563096911
0.5141205728312208 0.7185506563096911
0.5181609768716249 0.7185506563096911
0.522201380912029 0.7185506563096911
0.526241784952433 0.7185506563096911
0.530282188992837 0.7185506563096911
0.534322593033241 0.7185506563096911
0.5383629970736451 0.7185506563096911
0.542403401114049 0.7185506563096911
0.5464438051544531 0.7185506563096911
0.5504842091948572 0.7185506563096911
0.5545246132352613 0.7185506563096911
0.5585650172756653 0.7185506563096911
0.5626054213160694 0.7185506563096911
0.5666458253564733 0.7185506563096911
0.5706862293968774 0.7185506563096911
0.5747266334372814 0.7185506563096911
0.5787670374776854 0.7185506563096911
0.5828074415180895 0.7185506563096911
0.5868478455584936 0.7185506563096911
0.5908882495988976 0.7185506563096911
0.5949286536393017 0.7185506563096911
0.5989690576797057 0.7185506563096911
0.6030094617201097 0.7185506563096911
0.6070498657605137 0.7185506563096911
0.6110902698009177 0.7185506563096911
0.6151306738413218 0.7185506563096911
0.6191710778817259 0.7185506563096911
0.6232114819221299 0.7185506563096911
0.627251885962534 0.7185506563096911
0.6312922900029381 0.7185506563096911
0.635332694043342 0.7185506563096911
0.6393730980837461 0.7185506563096911
0.64341350212415 0.7185506563096911
0.6474539061645541 0.7185506563096911
0.6514943102049582 0.7185506563096911
0.6555347142453622 0.7185506563096911
0.6595751182857663 0.7185506563096911
0.6636155223261704 0.7185506563096911
0.6676559263665743 0.7185506563096911
0.6716963304069784 0.7185506563096911
0.6757367344473824 0.7185506563096911
0.6797771384877864 0.7185506563096911
0.6838175425281905 0.7185506563096911
0.6878579465685946 0.7185506563096911
0.6918983506089986 0.7185506563096911
0.6999791586898068 0.7185506563096911
0.2999791586898067 0.7225910603500951
0.3040195627302107 0.7225910603500951
0.30805996677061476 0.7225910603500951
0.3121003708110188 0.7225910603500951
0.31614077485142283 0.7225910603500951
0.32018117889182685 0.7225910603500951
0.3242215829322309 0.7225910603500951
0.328261986972635 0.7225910603500951
0.332302391013039 0.7225910603500951
0.33634279505344306 0.7225910603500951
0.34038319909384707 0.7225910603500951
0.34442360313425113 0.7225910603500951
0.3484640071746552 0.7225910603500951
0.3525044112150592 0.7225910603500951
0.3565448152554632 0.7225910603500951
0.3605852192958673 0.7225910603500951
0.36462562333627135 0.7225910603500951
0.36866602737667536 0.7225910603500951
0.3727064314170794 0.7225910603500951
0.37674683545748344 0.7225910603500951
0.3807872394978875 0.7225910603500951
0.3848276435382915 0.7225910603500951
0.3888680475786956 0.7225910603500951
0.3929084516190996 0.7225910603500951
0.39694885565950366 0.7225910603500951
0.4009892596999077 0.7225910603500951
0.40502966374031174 0.7225910603500951
0.40907006778071575 0.7225910603500951
0.4131104718211198 0.7225910603500951
0.4171508758615239 0.7225910603500951
0.4211912799019279 0.7225910603500951
0.4252316839423319 0.7225910603500951
0.429272087982736 0.7225910603500951
0.43331249202314004 0.7225910603500951
0.43735289606354405 0.7225910603500951
0.44139330010394806 0.7225910603500951
0.4454337041443521 0.7225910603500951
0.4494741081847562 0.7225910603500951
0.4535145122251602 0.7225910603500951
0.4575549162655642 0.7225910603500951
0.4615953203059683 0.7225910603500951
0.46563572434637235 0.7225910603500951
0.4696761283867764 0.7225910603500951
0.4737165324271804 0.7225910603500951
0.47775693646758444 0.7225910603500951
0.4817973405079885 0.7225910603500951
0.48583774454839257 0.7225910603500951
0.4898781485887966 0.7225910603500951
0.4939185526292006 0.7225910603500951
0.49795895666960466 0.7225910603500951
0.5019993607100087 0.7225910603500951
0.5060397647504127 0.7225910603500951
0.5100801687908167 0.7225910603500951
0.5141205728312208 0.7225910603500951
0.5181609768716249 0.7225910603500951
0.522201380912029 0.7225910603500951
0.526241784952433 0.7225910603500951
0.530282188992837 0.7225910603500951
0.534322593033241 0.7225910603500951
0.5383629970736451 0.7225910603500951
0.542403401114049 0.7225910603500951
0.5464438051544531 0.7225910603500951
0.5504842091948572 0.7225910603500951
0.5545246132352613 0.7225910603500951
0.5585650172756653 0.7225910603500951
0.5626054213160694 0.7225910603500951
0.5666458253564733 0.7225910603500951
0.5706862293968774 0.7225910603500951
0.5747266334372814 0.7225910603500951
0.5787670374776854 0.7225910603500951
0.5828074415180895 0.7225910603500951
0.5868478455584936 0.7225910603500951
0.5908882495988976 0.7225910603500951
0.5949286536393017 0.7225910603500951
0.5989690576797057 0.7225910603500951
0.6030094617201097 0.7225910603500951
0.6070498657605137 0.7225910603500951
0.6110902698009177 0.7225910603500951
0.6151306738413218 0.7225910603500951
0.6191710778817259 0.7225910603500951
0.6232114819221299 0.7225910603500951
0.627251885962534 0.7225910603500951
0.6312922900029381 0.7225910603500951
0.635332694043342 0.7225910603500951
0.6393730980837461 0.7225910603500951
0.64341350212415 0.7225910603500951
0.6474539061645541 0.7225910603500951
0.6514943102049582 0.7225910603500951
0.6555347142453622 0.7225910603500951
0.6595751182857663 0.7225910603500951
0.6636155223261704 0.7225910603500951
0.6676559263665743 0.7225910603500951
0.6716963304069784 0.7225910603500951
0.6757367344473824 0.7225910603500951
0.6797771384877864 0.7225910603500951
0.6838175425281905 0.7225910603500951
0.6878579465685946 0.7225910603500951
0.6959387546494027 0.7225910603500951
0.6999791586898068 0.7225910603500951
0.2999791586898067 0.7266314643904992
0.3040195627302107 0.7266314643904992
0.30805996677061476 0.7266314643904992
0.3121003708110188 0.7266314643904992
0.31614077485142283 0.7266314643904992
0.32018117889182685 0.7266314643904992
0.3242215829322309 0.7266314643904992
0.328261986972635 0.7266314643904992
0.332302391013039 0.7266314643904992
0.33634279505344306 0.7266314643904992
0.34038319909384707 0.7266314643904992
0.34442360313425113 0.7266314643904992
0.3484640071746552 0.7266314643904992
0.3525044112150592 0.7266314643904992
0.3565448152554632 0.7266314643904992
0.3605852192958673 0.7266314643904992
0.36462562333627135 0.7266314643904992
0.36866602737667536 0.7266314643904992
0.3727064314170794 0.7266314643904992
0.37674683545748344 0.7266314643904992
0.3807872394978875 0.7266314643904992
0.3848276435382915 0.7266314643904992
0.3888680475786956 0.7266314643904992
0.3929084516190996 0.7266314643904992
0.39694885565950366 0.7266314643904992
0.4009892596999077 0.7266314643904992
0.40502966374031174 0.7266314643904992
0.40907006778071575 0.7266314643904992
0.4131104718211198 0.7266314643904992
0.4171508758615239 0.7266314643904992
0.4211912799019279 0.7266314643904992
0.4252316839423319 0.7266314643904992
0.429272087982736 0.7266314643904992
0.43331249202314004 0.7266314643904992
0.43735289606354405 0.7266314643904992
0.44139330010394806 0.7266314643904992
0.4454337041443521 0.7266314643904992
0.4494741081847562 0.7266314643904992
0.4535145122251602 0.7266314643904992
0.4575549162655642 0.7266314643904992
0.4615953203059683 0.7266314643904992
0.46563572434637235 0.7266314643904992
0.4696761283867764 0.7266314643904992
0.4737165324271804 0.7266314643904992
0.47775693646758444 0.7266314643904992
0.4817973405079885 0.7266314643904992
0.48583774454839257 0.7266314643904992
0.4898781485887966 0.7266314643904992
0.4939185526292006 0.7266314643904992
0.49795895666960466 0.7266314643904992
0.5019993607100087 0.7266314643904992
0.5060397647504127 0.7266314643904992
0.5100801687908167 0.7266314643904992
0.5141205728312208 0.7266314643904992
0.5181609768716249 0.7266314643904992
0.522201380912029 0.7266314643904992
0.526241784952433 0.7266314643904992
0.530282188992837 0.7266314643904992
0.534322593033241 0.7266314643904992
0.5383629970736451 0.7266314643904992
0.542403401114049 0.7266314643904992
0.5464438051544531 0.7266314643904992
0.5504842091948572 0.7266314643904992
0.5545246132352613 0.7266314643904992
0.5585650172756653 0.7266314643904992
0.5626054213160694 0.7266314643904992
0.5666458253564733 0.7266314643904992
0.5706862293968774 0.7266314643904992
0.5747266334372814 0.7266314643904992
0.5787670374776854 0.7266314643904992
0.5828074415180895 0.7266314643904992
0.5868478455584936 0.7266314643904992
0.5908882495988976 0.7266314643904992
0.5949286536393017 0.7266314643904992
0.5989690576797057 0.7266314643904992
0.6030094617201097 0.7266314643904992
0.6070498657605137 0.7266314643904992
0.6110902698009177 0.7266314643904992
0.6151306738413218 0.7266314643904992
0.6191710778817259 0.7266314643904992
0.6232114819221299 0.7266314643904992
0.627251885962534 0.7266314643904992
0.6312922900029381 0.7266314643904992
0.635332694043342 0.7266314643904992
0.6393730980837461 0.7266314643904992
0.64341350212415 0.7266314643904992
0.6474539061645541 0.7266314643904992
0.6514943102049582 0.7266314643904992
0.6555347142453622 0.7266314643904992
0.6595751182857663 0.7266314643904992
0.6636155223261704 0.7266314643904992
0.6676559263665743 0.7266314643904992
0.6716963304069784 0.7266314643904992
0.6757367344473824 0.7266314643904992
0.6797771384877864 0.7266314643904992
0.6838175425281905 0.7266314643904992
0.6918983506089986 0.7266314643904992
0.6959387546494027 0.7266314643904992
0.6999791586898068 0.7266314643904992
0.2999791586898067 0.7306718684309033
0.3040195627302107 0.7306718684309033
0.30805996677061476 0.7306718684309033
0.3121003708110188 0.7306718684309033
0.31614077485142283 0.7306718684309033
0.32018117889182685 0.7306718684309033
0.3242215829322309 0.7306718684309033
0.328261986972635 0.7306718684309033
0.332302391013039 0.7306718684309033
0.33634279505344306 0.7306718684309033
0.34038319909384707 0.7306718684309033
0.34442360313425113 0.7306718684309033
0.3484640071746552 0.7306718684309033
0.3525044112150592 0.7306718684309033
0.3565448152554632 0.7306718684309033
0.3605852192958673 0.7306718684309033
0.36462562333627135 0.7306718684309033
0.36866602737667536 0.7306718684309033
0.3727064314170794 0.7306718684309033
0.37674683545748344 0.7306718684309033
0.3807872394978875 0.7306718684309033
0.3848276435382915 0.7306718684309033
0.3888680475786956 0.7306718684309033
0.3929084516190996 0.7306718684309033
0.39694885565950366 0.7306718684309033
0.4009892596999077 0.7306718684309033
0.40502966374031174 0.7306718684309033
0.40907006778071575 0.7306718684309033
0.4131104718211198 0.7306718684309033
0.4171508758615239 0.7306718684309033
0.4211912799019279 0.7306718684309033
0.4252316839423319 0.7306718684309033
0.429272087982736 0.7306718684309033
0.43331249202314004 0.7306718684309033
0.43735289606354405 0.7306718684309033
0.44139330010394806 0.7306718684309033
0.4454337041443521 0.7306718684309033
0.4494741081847562 0.7306718684309033
0.4535145122251602 0.7306718684309033
0.4575549162655642 0.7306718684309033
0.4615953203059683 0.7306718684309033
0.46563572434637235 0.7306718684309033
0.4696761283867764 0.7306718684309033
0.4737165324271804 0.7306718684309033
0.47775693646758444 0.7306718684309033
0.4817973405079885 0.7306718684309033
0.48583774454839257 0.7306718684309033
0.4898781485887966 0.7306718684309033
0.4939185526292006 0.7306718684309033
0.49795895666960466 0.7306718684309033
0.5019993607100087 0.7306718684309033
0.5060397647504127 0.7306718684309033
0.5100801687908167 0.7306718684309033
0.5141205728312208 0.7306718684309033
0.5181609768716249 0.7306718684309033
0.522201380912029 0.7306718684309033
0.526241784952433 0.7306718684309033
0.530282188992837 0.7306718684309033
0.534322593033241 0.7306718684309033
0.5383629970736451 0.7306718684309033
0.542403401114049 0.7306718684309033
0.5464438051544531 0.7306718684309033
0.5504842091948572 0.7306718684309033
0.5545246132352613 0.7306718684309033
0.5585650172756653 0.7306718684309033
0.5626054213160694 0.7306718684309033
0.5666458253564733 0.7306718684309033
0.5706862293968774 0.7306718684309033
0.5747266334372814 0.7306718684309033
0.5787670374776854 0.7306718684309033
0.5828074415180895 0.7306718684309033
0.5868478455584936 0.7306718684309033
0.5908882495988976 0.7306718684309033
0.5949286536393017 0.7306718684309033
0.5989690576797057 0.7306718684309033
0.6030094617201097 0.7306718684309033
0.6070498657605137 0.7306718684309033
0.6110902698009177 0.7306718684309033
0.6151306738413218 0.7306718684309033
0.6191710778817259 0.7306718684309033
0.6232114819221299 0.7306718684309033
0.627251885962534 0.7306718684309033
0.6312922900029381 0.7306718684309033
0.635332694043342 0.7306718684309033
0.6393730980837461 0.7306718684309033
0.64341350212415 0.7306718684309033
0.6474539061645541 0.7306718684309033
0.6514943102049582 0.7306718684309033
0.6555347142453622 0.7306718684309033
0.6595751182857663 0.7306718684309033
0.6636155223261704 0.7306718684309033
0.6676559263665743 0.7306718684309033
0.6716963304069784 0.7306718684309033
0.6757367344473824 0.7306718684309033
0.6797771384877864 0.7306718684309033
0.6878579465685946 0.7306718684309033
0.6918983506089986 0.7306718684309033
0.6959387546494027 0.7306718684309033
0.6999791586898068 0.7306718684309033
0.2999791586898067 0.7347122724713073
0.3040195627302107 0.7347122724713073
0.30805996677061476 0.7347122724713073
0.3121003708110188 0.7347122724713073
0.31614077485142283 0.7347122724713073
0.32018117889182685 0.7347122724713073
0.3242215829322309 0.7347122724713073
0.328261986972635 0.7347122724713073
0.332302391013039 0.7347122724713073
0.33634279505344306 0.7347122724713073
0.34038319909384707 0.7347122724713073
0.34442360313425113 0.7347122724713073
0.3484640071746552 0.7347122724713073
0.3525044112150592 0.7347122724713073
0.3565448152554632 0.7347122724713073
0.3605852192958673 0.7347122724713073
0.36462562333627135 0.7347122724713073
0.36866602737667536 0.7347122724713073
0.3727064314170794 0.7347122724713073
0.37674683545748344 0.7347122724713073
0.3807872394978875 0.7347122724713073
0.3848276435382915 0.7347122724713073
0.3888680475786956 0.7347122724713073
0.3929084516190996 0.7347122724713073
0.39694885565950366 0.7347122724713073
0.4009892596999077 0.7347122724713073
0.40502966374031174 0.7347122724713073
0.40907006778071575 0.7347122724713073
0.4131104718211198 0.7347122724713073
0.4171508758615239 0.7347122724713073
0.4211912799019279 0.7347122724713073
0.4252316839423319 0.7347122724713073
0.429272087982736 0.7347122724713073
0.43331249202314004 0.7347122724713073
0.43735289606354405 0.7347122724713073
0.44139330010394806 0.7347122724713073
0.4454337041443521 0.7347122724713073
0.4494741081847562 0.7347122724713073
0.4535145122251602 0.7347122724713073
0.4575549162655642 0.7347122724713073
0.4615953203059683 0.7347122724713073
0.46563572434637235 0.7347122724713073
0.4696761283867764 0.7347122724713073
0.4737165324271804 0.7347122724713073
0.47775693646758444 0.7347122724713073
0.4817973405079885 0.7347122724713073
0.48583774454839257 0.7347122724713073
0.4898781485887966 0.7347122724713073
0.4939185526292006 0.7347122724713073
0.49795895666960466 0.7347122724713073
0.5019993607100087 0.7347122724713073
0.5060397647504127 0.7347122724713073
0.5100801687908167 0.7347122724713073
0.5141205728312208 0.7347122724713073
0.5181609768716249 0.7347122724713073
0.522201380912029 0.7347122724713073
0.526241784952433 0.7347122724713073
0.530282188992837 0.7347122724713073
0.534322593033241 0.7347122724713073
0.5383629970736451 0.7347122724713073
0.542403401114049 0.7347122724713073
0.5464438051544531 0.7347122724713073
0.5504842091948572 0.7347122724713073
0.5545246132352613 0.7347122724713073
0.5585650172756653 0.7347122724713073
0.5626054213160694 0.7347122724713073
0.5666458253564733 0.7347122724713073
0.5706862293968774 0.7347122724713073
0.5747266334372814 0.7347122724713073
0.5787670374776854 0.7347122724713073
0.5828074415180895 0.7347122724713073
0.5868478455584936 0.7347122724713073
0.5908882495988976 0.7347122724713073
0.5949286536393017 0.7347122724713073
0.5989690576797057 0.7347122724713073
0.6030094617201097 0.7347122724713073
0.6070498657605137 0.7347122724713073
0.6110902698009177 0.7347122724713073
0.6151306738413218 0.7347122724713073
0.6191710778817259 0.7347122724713073
0.6232114819221299 0.7347122724713073
0.627251885962534 0.7347122724713073
0.6312922900029381 0.7347122724713073
0.635332694043342 0.7347122724713073
0.6393730980837461 0.7347122724713073
0.64341350212415 0.7347122724713073
0.6474539061645541 0.7347122724713073
0.6514943102049582 0.7347122724713073
0.6555347142453622 0.7347122724713073
0.6595751182857663 0.7347122724713073
0.6636155223261704 0.7347122724713073
0.6676559263665743 0.7347122724713073
0.6716963304069784 0.7347122724713073
0.6838175425281905 0.7347122724713073
0.6878579465685946 0.7347122724713073
0.6918983506089986 0.7347122724713073
0.6959387546494027 0.7347122724713073
0.6999791586898068 0.7347122724713073
0.2999791586898067 0.7387526765117113
0.3040195627302107 0.7387526765117113
0.30805996677061476 0.7387526765117113
0.3121003708110188 0.7387526765117113
0.31614077485142283 0.7387526765117113
0.32018117889182685 0.7387526765117113
0.3242215829322309 0.7387526765117113
0.328261986972635 0.7387526765117113
0.332302391013039 0.7387526765117113
0.33634279505344306 0.7387526765117113
0.34038319909384707 0.7387526765117113
0.34442360313425113 0.7387526765117113
0.3484640071746552 0.7387526765117113
0.3525044112150592 0.7387526765117113
0.3565448152554632 0.7387526765117113
0.3605852192958673 0.7387526765117113
0.36462562333627135 0.7387526765117113
0.36866602737667536 0.7387526765117113
0.3727064314170794 0.7387526765117113
0.37674683545748344 0.7387526765117113
0.3807872394978875 0.7387526765117113
0.3848276435382915 0.7387526765117113
0.3888680475786956 0.7387526765117113
0.3929084516190996 0.7387526765117113
0.39694885565950366 0.7387526765117113
0.4009892596999077 0.7387526765117113
0.40502966374031174 0.7387526765117113
0.40907006778071575 0.7387526765117113
0.4131104718211198 0.7387526765117113
0.4171508758615239 0.7387526765117113
0.4211912799019279 0.7387526765117113
0.4252316839423319 0.7387526765117113
0.429272087982736 0.7387526765117113
0.43331249202314004 0.7387526765117113
0.43735289606354405 0.7387526765117113
0.44139330010394806 0.7387526765117113
0.4454337041443521 0.7387526765117113
0.4494741081847562 0.7387526765117113
0.4535145122251602 0.7387526765117113
0.4575549162655642 0.7387526765117113
0.4615953203059683 0.7387526765117113
0.46563572434637235 0.7387526765117113
0.4696761283867764 0.7387526765117113
0.4737165324271804 0.7387526765117113
0.47775693646758444 0.7387526765117113
0.4817973405079885 0.7387526765117113
0.48583774454839257 0.7387526765117113
0.4898781485887966 0.7387526765117113
0.4939185526292006 0.7387526765117113
0.49795895666960466 0.7387526765117113
0.5019993607100087 0.7387526765117113
0.5060397647504127 0.7387526765117113
0.5100801687908167 0.7387526765117113
0.5141205728312208 0.7387526765117113
0.5181609768716249 0.7387526765117113
0.522201380912029 0.7387526765117113
0.526241784952433 0.7387526765117113
0.530282188992837 0.7387526765117113
0.534322593033241 0.7387526765117113
0.5383629970736451 0.7387526765117113
0.542403401114049 0.7387526765117113
0.5464438051544531 0.7387526765117113
0.5504842091948572 0.7387526765117113
0.5545246132352613 0.7387526765117113
0.5585650172756653 0.7387526765117113
0.5626054213160694 0.7387526765117113
0.5666458253564733 0.7387526765117113
0.5706862293968774 0.7387526765117113
0.5747266334372814 0.7387526765117113
0.5787670374776854 0.7387526765117113
0.5828074415180895 0.7387526765117113
0.5868478455584936 0.7387526765117113
0.5908882495988976 0.7387526765117113
0.5949286536393017 0.7387526765117113
0.5989690576797057 0.7387526765117113
0.6030094617201097 0.7387526765117113
0.6070498657605137 0.7387526765117113
0.6110902698009177 0.7387526765117113
0.6151306738413218 0.7387526765117113
0.6191710778817259 0.7387526765117113
0.6232114819221299 0.7387526765117113
0.627251885962534 0.7387526765117113
0.6312922900029381 0.7387526765117113
0.635332694043342 0.7387526765117113
0.6393730980837461 0.7387526765117113
0.64341350212415 0.7387526765117113
0.6474539061645541 0.7387526765117113
0.6514943102049582 0.7387526765117113
0.6555347142453622 0.7387526765117113
0.6595751182857663 0.7387526765117113
0.6636155223261704 0.7387526765117113
0.6676559263665743 0.7387526765117113
0.6797771384877864 0.7387526765117113
0.6838175425281905 0.7387526765117113
0.6878579465685946 0.7387526765117113
0.6918983506089986 0.7387526765117113
0.6959387546494027 0.7387526765117113
0.6999791586898068 0.7387526765117113
0.2999791586898067 0.7427930805521153
0.3040195627302107 0.7427930805521153
0.30805996677061476 0.7427930805521153
0.3121003708110188 0.7427930805521153
0.31614077485142283 0.7427930805521153
0.32018117889182685 0.7427930805521153
0.3242215829322309 0.7427930805521153
0.328261986972635 0.7427930805521153
0.332302391013039 0.7427930805521153
0.33634279505344306 0.7427930805521153
0.34038319909384707 0.7427930805521153
0.34442360313425113 0.7427930805521153
0.3484640071746552 0.7427930805521153
0.3525044112150592 0.7427930805521153
0.3565448152554632 0.7427930805521153
0.3605852192958673 0.7427930805521153
0.36462562333627135 0.7427930805521153
0.36866602737667536 0.7427930805521153
0.3727064314170794 0.7427930805521153
0.37674683545748344 0.7427930805521153
0.3807872394978875 0.7427930805521153
0.3848276435382915 0.7427930805521153
0.3888680475786956 0.7427930805521153
0.3929084516190996 0.7427930805521153
0.39694885565950366 0.7427930805521153
0.4009892596999077 0.7427930805521153
0.40502966374031174 0.7427930805521153
0.40907006778071575 0.7427930805521153
0.4131104718211198 0.7427930805521153
0.4171508758615239 0.7427930805521153
0.4211912799019279 0.7427930805521153
0.4252316839423319 0.7427930805521153
0.429272087982736 0.7427930805521153
0.43331249202314004 0.7427930805521153
0.43735289606354405 0.7427930805521153
0.44139330010394806 0.7427930805521153
0.4454337041443521 0.7427930805521153
0.4494741081847562 0.7427930805521153
0.4535145122251602 0.7427930805521153
0.4575549162655642 0.7427930805521153
0.4615953203059683 0.7427930805521153
0.46563572434637235 0.7427930805521153
0.4696761283867764 0.7427930805521153
0.4737165324271804 0.7427930805521153
0.47775693646758444 0.7427930805521153
0.4817973405079885 0.7427930805521153
0.48583774454839257 0.7427930805521153
0.4898781485887966 0.7427930805521153
0.4939185526292006 0.7427930805521153
0.49795895666960466 0.7427930805521153
0.5019993607100087 0.7427930805521153
0.5060397647504127 0.7427930805521153
0.5100801687908167 0.7427930805521153
0.5141205728312208 0.7427930805521153
0.5181609768716249 0.7427930805521153
0.522201380912029 0.7427930805521153
0.526241784952433 0.7427930805521153
0.530282188992837 0.7427930805521153
0.534322593033241 0.7427930805521153
0.5383629970736451 0.7427930805521153
0.542403401114049 0.7427930805521153
0.5464438051544531 0.7427930805521153
0.5504842091948572 0.7427930805521153
0.5545246132352613 0.7427930805521153
0.5585650172756653 0.7427930805521153
0.5626054213160694 0.7427930805521153
0.5666458253564733 0.7427930805521153
0.5706862293968774 0.7427930805521153
0.5747266334372814 0.7427930805521153
0.5787670374776854 0.7427930805521153
0.5828074415180895 0.7427930805521153
0.5868478455584936 0.7427930805521153
0.5908882495988976 0.7427930805521153
0.5949286536393017 0.7427930805521153
0.5989690576797057 0.7427930805521153
0.6030094617201097 0.7427930805521153
0.6070498657605137 0.7427930805521153
0.6110902698009177 0.7427930805521153
0.6151306738413218 0.7427930805521153
0.6191710778817259 0.7427930805521153
0.6232114819221299 0.7427930805521153
0.627251885962534 0.7427930805521153
0.6312922900029381 0.7427930805521153
0.635332694043342 0.7427930805521153
0.6393730980837461 0.7427930805521153
0.64341350212415 0.7427930805521153
0.6474539061645541 0.7427930805521153
0.6514943102049582 0.7427930805521153
0.6555347142453622 0.7427930805521153
0.6595751182857663 0.7427930805521153
0.6636155223261704 0.7427930805521153
0.6757367344473824 0.7427930805521153
0.6797771384877864 0.7427930805521153
0.6838175425281905 0.7427930805521153
0.6878579465685946 0.7427930805521153
0.6918983506089986 0.7427930805521153
0.6959387546494027 0.7427930805521153
0.6999791586898068 0.7427930805521153
0.2999791586898067 0.7468334845925194
0.3040195627302107 0.7468334845925194
0.30805996677061476 0.7468334845925194
0.3121003708110188 0.7468334845925194
0.31614077485142283 0.7468334845925194
0.32018117889182685 0.7468334845925194
0.3242215829322309 0.7468334845925194
0.328261986972635 0.7468334845925194
0.332302391013039 0.7468334845925194
0.33634279505344306 0.7468334845925194
0.34038319909384707 0.7468334845925194
0.34442360313425113 0.7468334845925194
0.3484640071746552 0.7468334845925194
0.3525044112150592 0.7468334845925194
0.3565448152554632 0.7468334845925194
0.3605852192958673 0.7468334845925194
0.36462562333627135 0.7468334845925194
0.36866602737667536 0.7468334845925194
0.3727064314170794 0.7468334845925194
0.37674683545748344 0.7468334845925194
0.3807872394978875 0.7468334845925194
0.3848276435382915 0.7468334845925194
0.3888680475786956 0.7468334845925194
0.3929084516190996 0.7468334845925194
0.39694885565950366 0.7468334845925194
0.4009892596999077 0.7468334845925194
0.40502966374031174 0.7468334845925194
0.40907006778071575 0.7468334845925194
0.4131104718211198 0.7468334845925194
0.4171508758615239 0.7468334845925194
0.4211912799019279 0.7468334845925194
0.4252316839423319 0.7468334845925194
0.429272087982736 0.7468334845925194
0.43331249202314004 0.7468334845925194
0.43735289606354405 0.7468334845925194
0.44139330010394806 0.7468334845925194
0.4454337041443521 0.7468334845925194
0.4494741081847562 0.7468334845925194
0.4535145122251602 0.7468334845925194
0.4575549162655642 0.7468334845925194
0.4615953203059683 0.7468334845925194
0.46563572434637235 0.7468334845925194
0.4696761283867764 0.7468334845925194
0.4737165324271804 0.7468334845925194
0.47775693646758444 0.7468334845925194
0.4817973405079885 0.7468334845925194
0.48583774454839257 0.7468334845925194
0.4898781485887966 0.7468334845925194
0.4939185526292006 0.7468334845925194
0.49795895666960466 0.7468334845925194
0.5019993607100087 0.7468334845925194
0.5060397647504127 0.7468334845925194
0.5100801687908167 0.7468334845925194
0.5141205728312208 0.7468334845925194
0.5181609768716249 0.7468334845925194
0.522201380912029 0.7468334845925194
0.526241784952433 0.7468334845925194
0.530282188992837 0.7468334845925194
0.534322593033241 0.7468334845925194
0.5383629970736451 0.7468334845925194
0.542403401114049 0.7468334845925194
0.5464438051544531 0.7468334845925194
0.5504842091948572 0.7468334845925194
0.5545246132352613 0.7468334845925194
0.5585650172756653 0.7468334845925194
0.5626054213160694 0.7468334845925194
0.5666458253564733 0.7468334845925194
0.5706862293968774 0.7468334845925194
0.5747266334372814 0.7468334845925194
0.5787670374776854 0.7468334845925194
0.5828074415180895 0.7468334845925194
0.5868478455584936 0.7468334845925194
0.5908882495988976 0.7468334845925194
0.5949286536393017 0.7468334845925194
0.5989690576797057 0.7468334845925194
0.6030094617201097 0.7468334845925194
0.6070498657605137 0.7468334845925194
0.6110902698009177 0.7468334845925194
0.6151306738413218 0.7468334845925194
0.6191710778817259 0.7468334845925194
0.6232114819221299 0.7468334845925194
0.627251885962534 0.7468334845925194
0.6312922900029381 0.7468334845925194
0.635332694043342 0.7468334845925194
0.6393730980837461 0.7468334845925194
0.64341350212415 0.7468334845925194
0.6474539061645541 0.7468334845925194
0.6514943102049582 0.7468334845925194
0.6555347142453622 0.7468334845925194
0.6595751182857663 0.7468334845925194
0.6716963304069784 0.7468334845925194
0.6757367344473824 0.7468334845925194
0.6797771384877864 0.7468334845925194
0.6838175425281905 0.7468334845925194
0.6878579465685946 0.7468334845925194
0.6918983506089986 0.7468334845925194
0.6959387546494027 0.7468334845925194
0.6999791586898068 0.7468334845925194
0.2999791586898067 0.7508738886329235
0.3040195627302107 0.7508738886329235
0.30805996677061476 0.7508738886329235
0.3121003708110188 0.7508738886329235
0.31614077485142283 0.7508738886329235
0.32018117889182685 0.7508738886329235
0.3242215829322309 0.7508738886329235
0.328261986972635 0.7508738886329235
0.332302391013039 0.7508738886329235
0.33634279505344306 0.7508738886329235
0.34038319909384707 0.7508738886329235
0.34442360313425113 0.7508738886329235
0.3484640071746552 0.7508738886329235
0.3525044112150592 0.7508738886329235
0.3565448152554632 0.7508738886329235
0.3605852192958673 0.7508738886329235
0.36462562333627135 0.7508738886329235
0.36866602737667536 0.7508738886329235
0.3727064314170794 0.7508738886329235
0.37674683545748344 0.7508738886329235
0.3807872394978875 0.7508738886329235
0.3848276435382915 0.7508738886329235
0.3888680475786956 0.7508738886329235
0.3929084516190996 0.7508738886329235
0.39694885565950366 0.7508738886329235
0.4009892596999077 0.7508738886329235
0.40502966374031174 0.7508738886329235
0.40907006778071575 0.7508738886329235
0.4131104718211198 0.7508738886329235
0.4171508758615239 0.7508738886329235
0.4211912799019279 0.7508738886329235
0.4252316839423319 0.7508738886329235
0.429272087982736 0.7508738886329235
0.43331249202314004 0.7508738886329235
0.43735289606354405 0.7508738886329235
0.44139330010394806 0.7508738886329235
0.4454337041443521 0.7508738886329235
0.4494741081847562 0.7508738886329235
0.4535145122251602 0.7508738886329235
0.4575549162655642 0.7508738886329235
0.4615953203059683 0.7508738886329235
0.46563572434637235 0.7508738886329235
0.4696761283867764 0.7508738886329235
0.4737165324271804 0.7508738886329235
0.47775693646758444 0.7508738886329235
0.4817973405079885 0.7508738886329235
0.48583774454839257 0.7508738886329235
0.4898781485887966 0.7508738886329235
0.4939185526292006 0.7508738886329235
0.49795895666960466 0.7508738886329235
0.5019993607100087 0.7508738886329235
0.5060397647504127 0.7508738886329235
0.5100801687908167 0.7508738886329235
0.5141205728312208 0.7508738886329235
0.5181609768716249 0.7508738886329235
0.522201380912029 0.7508738886329235
0.526241784952433 0.7508738886329235
0.530282188992837 0.7508738886329235
0.534322593033241 0.7508738886329235
0.5383629970736451 0.7508738886329235
0.542403401114049 0.7508738886329235
0.5464438051544531 0.7508738886329235
0.5504842091948572 0.7508738886329235
0.5545246132352613 0.7508738886329235
0.5585650172756653 0.7508738886329235
0.5626054213160694 0.7508738886329235
0.5666458253564733 0.7508738886329235
0.5706862293968774 0.7508738886329235
0.5747266334372814 0.7508738886329235
0.5787670374776854 0.7508738886329235
0.5828074415180895 0.7508738886329235
0.5868478455584936 0.7508738886329235
0.5908882495988976 0.7508738886329235
0.5949286536393017 0.7508738886329235
0.5989690576797057 0.7508738886329235
0.6030094617201097 0.7508738886329235
0.6070498657605137 0.7508738886329235
0.6110902698009177 0.7508738886329235
0.6151306738413218 0.7508738886329235
0.6191710778817259 0.7508738886329235
0.6232114819221299 0.7508738886329235
0.627251885962534 0.7508738886329235
0.6312922900029381 0.7508738886329235
0.635332694043342 0.7508738886329235
0.6393730980837461 0.7508738886329235
0.64341350212415 0.7508738886329235
0.6474539061645541 0.7508738886329235
0.6514943102049582 0.7508738886329235
0.6555347142453622 0.7508738886329235
0.6636155223261704 0.7508738886329235
0.6676559263665743 0.7508738886329235
0.6716963304069784 0.7508738886329235
0.6757367344473824 0.7508738886329235
0.6797771384877864 0.7508738886329235
0.6838175425281905 0.7508738886329235
0.6878579465685946 0.7508738886329235
0.6918983506089986 0.7508738886329235
0.6959387546494027 0.7508738886329235
0.6999791586898068 0.7508738886329235
0.2999791586898067 0.7549142926733274
0.3040195627302107 0.7549142926733274
0.30805996677061476 0.7549142926733274
0.3121003708110188 0.7549142926733274
0.31614077485142283 0.7549142926733274
0.32018117889182685 0.7549142926733274
0.3242215829322309 0.7549142926733274
0.328261986972635 0.7549142926733274
0.332302391013039 0.7549142926733274
0.33634279505344306 0.7549142926733274
0.34038319909384707 0.7549142926733274
0.34442360313425113 0.7549142926733274
0.3484640071746552 0.7549142926733274
0.3525044112150592 0.7549142926733274
0.3565448152554632 0.7549142926733274
0.3605852192958673 0.7549142926733274
0.36462562333627135 0.7549142926733274
0.36866602737667536 0.7549142926733274
0.3727064314170794 0.7549142926733274
0.37674683545748344 0.7549142926733274
0.3807872394978875 0.7549142926733274
0.3848276435382915 0.7549142926733274
0.3888680475786956 0.7549142926733274
0.3929084516190996 0.7549142926733274
0.39694885565950366 0.7549142926733274
0.4009892596999077 0.7549142926733274
0.40502966374031174 0.7549142926733274
0.40907006778071575 0.7549142926733274
0.4131104718211198 0.7549142926733274
0.4171508758615239 0.7549142926733274
0.4211912799019279 0.7549142926733274
0.4252316839423319 0.7549142926733274
0.429272087982736 0.7549142926733274
0.43331249202314004 0.7549142926733274
0.43735289606354405 0.7549142926733274
0.44139330010394806 0.7549142926733274
0.4454337041443521 0.7549142926733274
0.4494741081847562 0.7549142926733274
0.4535145122251602 0.7549142926733274
0.4575549162655642 0.7549142926733274
0.4615953203059683 0.7549142926733274
0.46563572434637235 0.7549142926733274
0.4696761283867764 0.7549142926733274
0.4737165324271804 0.7549142926733274
0.47775693646758444 0.7549142926733274
0.4817973405079885 0.7549142926733274
0.48583774454839257 0.7549142926733274
0.4898781485887966 0.7549142926733274
0.4939185526292006 0.7549142926733274
0.49795895666960466 0.7549142926733274
0.5019993607100087 0.7549142926733274
0.5060397647504127 0.7549142926733274
0.5100801687908167 0.7549142926733274
0.5141205728312208 0.7549142926733274
0.5181609768716249 0.7549142926733274
0.522201380912029 0.7549142926733274
0.526241784952433 0.7549142926733274
0.530282188992837 0.7549142926733274
0.534322593033241 0.7549142926733274
0.5383629970736451 0.7549142926733274
0.542403401114049 0.7549142926733274
0.5464438051544531 0.7549142926733274
0.5504842091948572 0.7549142926733274
0.5545246132352613 0.7549142926733274
0.5585650172756653 0.7549142926733274
0.5626054213160694 0.7549142926733274
0.5666458253564733 0.7549142926733274
0.5706862293968774 0.7549142926733274
0.5747266334372814 0.7549142926733274
0.5787670374776854 0.7549142926733274
0.5828074415180895 0.7549142926733274
0.5868478455584936 0.7549142926733274
0.5908882495988976 0.7549142926733274
0.5949286536393017 0.7549142926733274
0.5989690576797057 0.7549142926733274
0.6030094617201097 0.7549142926733274
0.6070498657605137 0.7549142926733274
0.6110902698009177 0.7549142926733274
0.6151306738413218 0.7549142926733274
0.6191710778817259 0.7549142926733274
0.6232114819221299 0.7549142926733274
0.627251885962534 0.7549142926733274
0.6312922900029381 0.7549142926733274
0.635332694043342 0.7549142926733274
0.6393730980837461 0.7549142926733274
0.64341350212415 0.7549142926733274
0.6474539061645541 0.7549142926733274
0.6514943102049582 0.7549142926733274
0.6595751182857663 0.7549142926733274
0.6636155223261704 0.7549142926733274
0.6676559263665743 0.7549142926733274
0.6716963304069784 0.7549142926733274
0.6757367344473824 0.7549142926733274
0.6797771384877864 0.7549142926733274
0.6838175425281905 0.7549142926733274
0.6878579465685946 0.7549142926733274
0.6918983506089986 0.7549142926733274
0.6959387546494027 0.7549142926733274
0.6999791586898068 0.7549142926733274
0.2999791586898067 0.7589546967137315
0.3040195627302107 0.7589546967137315
0.30805996677061476 0.7589546967137315
0.3121003708110188 0.7589546967137315
0.31614077485142283 0.7589546967137315
0.32018117889182685 0.7589546967137315
0.3242215829322309 0.7589546967137315
0.328261986972635 0.7589546967137315
0.332302391013039 0.7589546967137315
0.33634279505344306 0.7589546967137315
0.34038319909384707 0.7589546967137315
0.34442360313425113 0.7589546967137315
0.3484640071746552 0.7589546967137315
0.3525044112150592 0.7589546967137315
0.3565448152554632 0.7589546967137315
0.3605852192958673 0.7589546967137315
0.36462562333627135 0.7589546967137315
0.36866602737667536 0.7589546967137315
0.3727064314170794 0.7589546967137315
0.37674683545748344 0.7589546967137315
0.3807872394978875 0.7589546967137315
0.3848276435382915 0.7589546967137315
0.3888680475786956 0.7589546967137315
0.3929084516190996 0.7589546967137315
0.39694885565950366 0.7589546967137315
0.4009892596999077 0.7589546967137315
0.40502966374031174 0.7589546967137315
0.40907006778071575 0.7589546967137315
0.4131104718211198 0.7589546967137315
0.4171508758615239 0.7589546967137315
0.4211912799019279 0.7589546967137315
0.4252316839423319 0.7589546967137315
0.429272087982736 0.7589546967137315
0.43331249202314004 0.7589546967137315
0.43735289606354405 0.7589546967137315
0.44139330010394806 0.7589546967137315
0.4454337041443521 0.7589546967137315
0.4494741081847562 0.7589546967137315
0.4535145122251602 0.7589546967137315
0.4575549162655642 0.7589546967137315
0.4615953203059683 0.7589546967137315
0.46563572434637235 0.7589546967137315
0.4696761283867764 0.7589546967137315
0.4737165324271804 0.7589546967137315
0.47775693646758444 0.7589546967137315
0.4817973405079885 0.7589546967137315
0.48583774454839257 0.7589546967137315
0.4898781485887966 0.7589546967137315
0.4939185526292006 0.7589546967137315
0.49795895666960466 0.7589546967137315
0.5019993607100087 0.7589546967137315
0.5060397647504127 0.7589546967137315
0.5100801687908167 0.7589546967137315
0.5141205728312208 0.7589546967137315
0.5181609768716249 0.7589546967137315
0.522201380912029 0.7589546967137315
0.526241784952433 0.7589546967137315
0.530282188992837 0.7589546967137315
0.534322593033241 0.7589546967137315
0.5383629970736451 0.7589546967137315
0.542403401114049 0.7589546967137315
0.5464438051544531 0.7589546967137315
0.5504842091948572 0.7589546967137315
0.5545246132352613 0.7589546967137315
0.5585650172756653 0.7589546967137315
0.5626054213160694 0.7589546967137315
0.5666458253564733 0.7589546967137315
0.5706862293968774 0.7589546967137315
0.5747266334372814 0.7589546967137315
0.5787670374776854 0.7589546967137315
0.5828074415180895 0.7589546967137315
0.5868478455584936 0.7589546967137315
0.5908882495988976 0.7589546967137315
0.5949286536393017 0.7589546967137315
0.5989690576797057 0.7589546967137315
0.6030094617201097 0.7589546967137315
0.6070498657605137 0.7589546967137315
0.6110902698009177 0.7589546967137315
0.6151306738413218 0.7589546967137315
0.6191710778817259 0.7589546967137315
0.6232114819221299 0.7589546967137315
0.627251885962534 0.7589546967137315
0.6312922900029381 0.7589546967137315
0.635332694043342 0.7589546967137315
0.6393730980837461 0.7589546967137315
0.64341350212415 0.7589546967137315
0.6474539061645541 0.7589546967137315
0.6555347142453622 0.7589546967137315
0.6595751182857663 0.7589546967137315
0.6636155223261704 0.7589546967137315
0.6676559263665743 0.7589546967137315
0.6716963304069784 0.7589546967137315
0.6757367344473824 0.7589546967137315
0.6797771384877864 0.7589546967137315
0.6838175425281905 0.7589546967137315
0.6878579465685946 0.7589546967137315
0.6918983506089986 0.7589546967137315
0.6959387546494027 0.7589546967137315
0.6999791586898068 0.7589546967137315
0.2999791586898067 0.7629951007541356
0.3040195627302107 0.7629951007541356
0.30805996677061476 0.7629951007541356
0.3121003708110188 0.7629951007541356
0.31614077485142283 0.7629951007541356
0.32018117889182685 0.7629951007541356
0.3242215829322309 0.7629951007541356
0.328261986972635 0.7629951007541356
0.332302391013039 0.7629951007541356
0.33634279505344306 0.7629951007541356
0.34038319909384707 0.7629951007541356
0.34442360313425113 0.7629951007541356
0.3484640071746552 0.7629951007541356
0.3525044112150592 0.7629951007541356
0.3565448152554632 0.7629951007541356
0.3605852192958673 0.7629951007541356
0.36462562333627135 0.7629951007541356
0.36866602737667536 0.7629951007541356
0.3727064314170794 0.7629951007541356
0.37674683545748344 0.7629951007541356
0.3807872394978875 0.7629951007541356
0.3848276435382915 0.7629951007541356
0.3888680475786956 0.7629951007541356
0.3929084516190996 0.7629951007541356
0.39694885565950366 0.7629951007541356
0.4009892596999077 0.7629951007541356
0.40502966374031174 0.7629951007541356
0.40907006778071575 0.7629951007541356
0.4131104718211198 0.7629951007541356
0.4171508758615239 0.7629951007541356
0.4211912799019279 0.7629951007541356
0.4252316839423319 0.7629951007541356
0.429272087982736 0.7629951007541356
0.43331249202314004 0.7629951007541356
0.43735289606354405 0.7629951007541356
0.44139330010394806 0.7629951007541356
0.4454337041443521 0.7629951007541356
0.4494741081847562 0.7629951007541356
0.4535145122251602 0.7629951007541356
0.4575549162655642 0.7629951007541356
0.4615953203059683 0.7629951007541356
0.46563572434637235 0.7629951007541356
0.4696761283867764 0.7629951007541356
0.4737165324271804 0.7629951007541356
0.47775693646758444 0.7629951007541356
0.4817973405079885 0.7629951007541356
0.48583774454839257 0.7629951007541356
0.4898781485887966 0.7629951007541356
0.4939185526292006 0.7629951007541356
0.49795895666960466 0.7629951007541356
0.5019993607100087 0.7629951007541356
0.5060397647504127 0.7629951007541356
0.5100801687908167 0.7629951007541356
0.5141205728312208 0.7629951007541356
0.5181609768716249 0.7629951007541356
0.522201380912029 0.7629951007541356
0.526241784952433 0.7629951007541356
0.530282188992837 0.7629951007541356
0.534322593033241 0.7629951007541356
0.5383629970736451 0.7629951007541356
0.542403401114049 0.7629951007541356
0.5464438051544531 0.7629951007541356
0.5504842091948572 0.7629951007541356
0.5545246132352613 0.7629951007541356
0.5585650172756653 0.7629951007541356
0.5626054213160694 0.7629951007541356
0.5666458253564733 0.7629951007541356
0.5706862293968774 0.7629951007541356
0.5747266334372814 0.7629951007541356
0.5787670374776854 0.7629951007541356
0.5828074415180895 0.7629951007541356
0.5868478455584936 0.7629951007541356
0.5908882495988976 0.7629951007541356
0.5949286536393017 0.7629951007541356
0.5989690576797057 0.7629951007541356
0.6030094617201097 0.7629951007541356
0.6070498657605137 0.7629951007541356
0.6110902698009177 0.7629951007541356
0.6151306738413218 0.7629951007541356
0.6191710778817259 0.7629951007541356
0.6232114819221299 0.7629951007541356
0.627251885962534 0.7629951007541356
0.6312922900029381 0.7629951007541356
0.635332694043342 0.7629951007541356
0.6393730980837461 0.7629951007541356
0.64341350212415 0.7629951007541356
0.6514943102049582 0.7629951007541356
0.6555347142453622 0.7629951007541356
0.6595751182857663 0.7629951007541356
0.6636155223261704 0.7629951007541356
0.6676559263665743 0.7629951007541356
0.6716963304069784 0.7629951007541356
0.6757367344473824 0.7629951007541356
0.6797771384877864 0.7629951007541356
0.6838175425281905 0.7629951007541356
0.6878579465685946 0.7629951007541356
0.6918983506089986 0.7629951007541356
0.6959387546494027 0.7629951007541356
0.6999791586898068 0.7629951007541356
0.2999791586898067 0.7670355047945396
0.3040195627302107 0.7670355047945396
0.30805996677061476 0.7670355047945396
0.3121003708110188 0.7670355047945396
0.31614077485142283 0.7670355047945396
0.32018117889182685 0.7670355047945396
0.3242215829322309 0.7670355047945396
0.328261986972635 0.7670355047945396
0.332302391013039 0.7670355047945396
0.33634279505344306 0.7670355047945396
0.34038319909384707 0.7670355047945396
0.34442360313425113 0.7670355047945396
0.3484640071746552 0.7670355047945396
0.3525044112150592 0.7670355047945396
0.3565448152554632 0.7670355047945396
0.3605852192958673 0.7670355047945396
0.36462562333627135 0.7670355047945396
0.36866602737667536 0.7670355047945396
0.3727064314170794 0.7670355047945396
0.37674683545748344 0.7670355047945396
0.3807872394978875 0.7670355047945396
0.3848276435382915 0.7670355047945396
0.3888680475786956 0.7670355047945396
0.3929084516190996 0.7670355047945396
0.39694885565950366 0.7670355047945396
0.4009892596999077 0.7670355047945396
0.40502966374031174 0.7670355047945396
0.40907006778071575 0.7670355047945396
0.4131104718211198 0.7670355047945396
0.4171508758615239 0.7670355047945396
0.4211912799019279 0.7670355047945396
0.4252316839423319 0.7670355047945396
0.429272087982736 0.7670355047945396
0.43331249202314004 0.7670355047945396
0.43735289606354405 0.7670355047945396
0.44139330010394806 0.7670355047945396
0.4454337041443521 0.7670355047945396
0.4494741081847562 0.7670355047945396
0.4535145122251602 0.7670355047945396
0.4575549162655642 0.7670355047945396
0.4615953203059683 0.7670355047945396
0.46563572434637235 0.7670355047945396
0.4696761283867764 0.7670355047945396
0.4737165324271804 0.7670355047945396
0.47775693646758444 0.7670355047945396
0.4817973405079885 0.7670355047945396
0.48583774454839257 0.7670355047945396
0.4898781485887966 0.7670355047945396
0.4939185526292006 0.7670355047945396
0.49795895666960466 0.7670355047945396
0.5019993607100087 0.7670355047945396
0.5060397647504127 0.7670355047945396
0.5100801687908167 0.7670355047945396
0.5141205728312208 0.7670355047945396
0.5181609768716249 0.7670355047945396
0.522201380912029 0.7670355047945396
0.526241784952433 0.7670355047945396
0.530282188992837 0.7670355047945396
0.534322593033241 0.7670355047945396
0.5383629970736451 0.7670355047945396
0.542403401114049 0.7670355047945396
0.5464438051544531 0.7670355047945396
0.5504842091948572 0.7670355047945396
0.5545246132352613 0.7670355047945396
0.5585650172756653 0.7670355047945396
0.5626054213160694 0.7670355047945396
0.5666458253564733 0.7670355047945396
0.5706862293968774 0.7670355047945396
0.5747266334372814 0.7670355047945396
0.5787670374776854 0.7670355047945396
0.5828074415180895 0.7670355047945396
0.5868478455584936 0.7670355047945396
0.5908882495988976 0.7670355047945396
0.5949286536393017 0.7670355047945396
0.5989690576797057 0.7670355047945396
0.6030094617201097 0.7670355047945396
0.6070498657605137 0.7670355047945396
0.6110902698009177 0.7670355047945396
0.6151306738413218 0.7670355047945396
0.6191710778817259 0.7670355047945396
0.6232114819221299 0.7670355047945396
0.627251885962534 0.7670355047945396
0.6312922900029381 0.7670355047945396
0.635332694043342 0.7670355047945396
0.6474539061645541 0.7670355047945396
0.6555347142453622 0.7670355047945396
0.6595751182857663 0.7670355047945396
0.6636155223261704 0.7670355047945396
0.6676559263665743 0.7670355047945396
0.6716963304069784 0.7670355047945396
0.6757367344473824 0.7670355047945396
0.6797771384877864 0.7670355047945396
0.6838175425281905 0.7670355047945396
0.6878579465685946 0.7670355047945396
0.6918983506089986 0.7670355047945396
0.6959387546494027 0.7670355047945396
0.6999791586898068 0.7670355047945396
0.2999791586898067 0.7710759088349436
0.3040195627302107 0.7710759088349436
0.30805996677061476 0.7710759088349436
0.3121003708110188 0.7710759088349436
0.31614077485142283 0.7710759088349436
0.32018117889182685 0.7710759088349436
0.3242215829322309 0.7710759088349436
0.328261986972635 0.7710759088349436
0.332302391013039 0.7710759088349436
0.33634279505344306 0.7710759088349436
0.34038319909384707 0.7710759088349436
0.34442360313425113 0.7710759088349436
0.3484640071746552 0.7710759088349436
0.3525044112150592 0.7710759088349436
0.3565448152554632 0.7710759088349436
0.3605852192958673 0.7710759088349436
0.36462562333627135 0.7710759088349436
0.36866602737667536 0.7710759088349436
0.3727064314170794 0.7710759088349436
0.37674683545748344 0.7710759088349436
0.3807872394978875 0.7710759088349436
0.3848276435382915 0.7710759088349436
0.3888680475786956 0.7710759088349436
0.3929084516190996 0.7710759088349436
0.39694885565950366 0.7710759088349436
0.4009892596999077 0.7710759088349436
0.40502966374031174 0.7710759088349436
0.40907006778071575 0.7710759088349436
0.4131104718211198 0.7710759088349436
0.4171508758615239 0.7710759088349436
0.4211912799019279 0.7710759088349436
0.4252316839423319 0.7710759088349436
0.429272087982736 0.7710759088349436
0.43331249202314004 0.7710759088349436
0.43735289606354405 0.7710759088349436
0.44139330010394806 0.7710759088349436
0.4454337041443521 0.7710759088349436
0.4494741081847562 0.7710759088349436
0.4535145122251602 0.7710759088349436
0.4575549162655642 0.7710759088349436
0.4615953203059683 0.7710759088349436
0.46563572434637235 0.7710759088349436
0.4696761283867764 0.7710759088349436
0.4737165324271804 0.7710759088349436
0.47775693646758444 0.7710759088349436
0.4817973405079885 0.7710759088349436
0.48583774454839257 0.7710759088349436
0.4898781485887966 0.7710759088349436
0.4939185526292006 0.7710759088349436
0.49795895666960466 0.7710759088349436
0.5019993607100087 0.7710759088349436
0.5060397647504127 0.7710759088349436
0.5100801687908167 0.7710759088349436
0.5141205728312208 0.7710759088349436
0.5181609768716249 0.7710759088349436
0.522201380912029 0.7710759088349436
0.526241784952433 0.7710759088349436
0.530282188992837 0.7710759088349436
0.534322593033241 0.7710759088349436
0.5383629970736451 0.7710759088349436
0.542403401114049 0.7710759088349436
0.5464438051544531 0.7710759088349436
0.5504842091948572 0.7710759088349436
0.5545246132352613 0.7710759088349436
0.5585650172756653 0.7710759088349436
0.5626054213160694 0.7710759088349436
0.5666458253564733 0.7710759088349436
0.5706862293968774 0.7710759088349436
0.5747266334372814 0.7710759088349436
0.5787670374776854 0.7710759088349436
0.5828074415180895 0.7710759088349436
0.5868478455584936 0.7710759088349436
0.5908882495988976 0.7710759088349436
0.5949286536393017 0.7710759088349436
0.5989690576797057 0.7710759088349436
0.6030094617201097 0.7710759088349436
0.6070498657605137 0.7710759088349436
0.6110902698009177 0.7710759088349436
0.6151306738413218 0.7710759088349436
0.6191710778817259 0.7710759088349436
0.6232114819221299 0.7710759088349436
0.627251885962534 0.7710759088349436
0.6312922900029381 0.7710759088349436
0.64341350212415 0.7710759088349436
0.6474539061645541 0.7710759088349436
0.6514943102049582 0.7710759088349436
0.6555347142453622 0.7710759088349436
0.6595751182857663 0.7710759088349436
0.6636155223261704 0.7710759088349436
0.6676559263665743 0.7710759088349436
0.6716963304069784 0.7710759088349436
0.6757367344473824 0.7710759088349436
0.6797771384877864 0.7710759088349436
0.6838175425281905 0.7710759088349436
0.6878579465685946 0.7710759088349436
0.6918983506089986 0.7710759088349436
0.6959387546494027 0.7710759088349436
0.6999791586898068 0.7710759088349436
0.2999791586898067 0.7751163128753477
0.3040195627302107 0.7751163128753477
0.30805996677061476 0.7751163128753477
0.3121003708110188 0.7751163128753477
0.31614077485142283 0.7751163128753477
0.32018117889182685 0.7751163128753477
0.3242215829322309 0.7751163128753477
0.328261986972635 0.7751163128753477
0.332302391013039 0.7751163128753477
0.33634279505344306 0.7751163128753477
0.34038319909384707 0.7751163128753477
0.34442360313425113 0.7751163128753477
0.3484640071746552 0.7751163128753477
0.3525044112150592 0.7751163128753477
0.3565448152554632 0.7751163128753477
0.3605852192958673 0.7751163128753477
0.36462562333627135 0.7751163128753477
0.36866602737667536 0.7751163128753477
0.3727064314170794 0.7751163128753477
0.37674683545748344 0.7751163128753477
0.3807872394978875 0.7751163128753477
0.3848276435382915 0.7751163128753477
0.3888680475786956 0.7751163128753477
0.3929084516190996 0.7751163128753477
0.39694885565950366 0.7751163128753477
0.4009892596999077 0.7751163128753477
0.40502966374031174 0.7751163128753477
0.40907006778071575 0.7751163128753477
0.4131104718211198 0.7751163128753477
0.4171508758615239 0.7751163128753477
0.4211912799019279 0.7751163128753477
0.4252316839423319 0.7751163128753477
0.429272087982736 0.7751163128753477
0.43331249202314004 0.7751163128753477
0.43735289606354405 0.7751163128753477
0.44139330010394806 0.7751163128753477
0.4454337041443521 0.7751163128753477
0.4494741081847562 0.7751163128753477
0.4535145122251602 0.7751163128753477
0.4575549162655642 0.7751163128753477
0.4615953203059683 0.7751163128753477
0.46563572434637235 0.7751163128753477
0.4696761283867764 0.7751163128753477
0.4737165324271804 0.7751163128753477
0.47775693646758444 0.7751163128753477
0.4817973405079885 0.7751163128753477
0.48583774454839257 0.7751163128753477
0.4898781485887966 0.7751163128753477
0.4939185526292006 0.7751163128753477
0.49795895666960466 0.7751163128753477
0.5019993607100087 0.7751163128753477
0.5060397647504127 0.7751163128753477
0.5100801687908167 0.7751163128753477
0.5141205728312208 0.7751163128753477
0.5181609768716249 0.7751163128753477
0.522201380912029 0.7751163128753477
0.526241784952433 0.7751163128753477
0.530282188992837 0.7751163128753477
0.534322593033241 0.7751163128753477
0.5383629970736451 0.7751163128753477
0.542403401114049 0.7751163128753477
0.5464438051544531 0.7751163128753477
0.5504842091948572 0.7751163128753477
0.5545246132352613 0.7751163128753477
0.5585650172756653 0.7751163128753477
0.5626054213160694 0.7751163128753477
0.5666458253564733 0.7751163128753477
0.5706862293968774 0.7751163128753477
0.5747266334372814 0.7751163128753477
0.5787670374776854 0.7751163128753477
0.5828074415180895 0.7751163128753477
0.5868478455584936 0.7751163128753477
0.5908882495988976 0.7751163128753477
0.5949286536393017 0.7751163128753477
0.5989690576797057 0.7751163128753477
0.6030094617201097 0.7751163128753477
0.6070498657605137 0.7751163128753477
0.6110902698009177 0.7751163128753477
0.6151306738413218 0.7751163128753477
0.6191710778817259 0.7751163128753477
0.6232114819221299 0.7751163128753477
0.627251885962534 0.7751163128753477
0.635332694043342 0.7751163128753477
0.6393730980837461 0.7751163128753477
0.64341350212415 0.7751163128753477
0.6474539061645541 0.7751163128753477
0.6514943102049582 0.7751163128753477
0.6555347142453622 0.7751163128753477
0.6595751182857663 0.7751163128753477
0.6636155223261704 0.7751163128753477
0.6676559263665743 0.7751163128753477
0.6716963304069784 0.7751163128753477
0.6757367344473824 0.7751163128753477
0.6797771384877864 0.7751163128753477
0.6838175425281905 0.7751163128753477
0.6878579465685946 0.7751163128753477
0.6918983506089986 0.7751163128753477
0.6959387546494027 0.7751163128753477
0.6999791586898068 0.7751163128753477
0.2999791586898067 0.7791567169157517
0.3040195627302107 0.7791567169157517
0.30805996677061476 0.7791567169157517
0.3121003708110188 0.7791567169157517
0.31614077485142283 0.7791567169157517
0.32018117889182685 0.7791567169157517
0.3242215829322309 0.7791567169157517
0.328261986972635 0.7791567169157517
0.332302391013039 0.7791567169157517
0.33634279505344306 0.7791567169157517
0.34038319909384707 0.7791567169157517
0.34442360313425113 0.7791567169157517
0.3484640071746552 0.7791567169157517
0.3525044112150592 0.7791567169157517
0.3565448152554632 0.7791567169157517
0.3605852192958673 0.7791567169157517
0.36462562333627135 0.7791567169157517
0.36866602737667536 0.7791567169157517
0.3727064314170794 0.7791567169157517
0.37674683545748344 0.7791567169157517
0.3807872394978875 0.7791567169157517
0.3848276435382915 0.7791567169157517
0.3888680475786956 0.7791567169157517
0.3929084516190996 0.7791567169157517
0.39694885565950366 0.7791567169157517
0.4009892596999077 0.7791567169157517
0.40502966374031174 0.7791567169157517
0.40907006778071575 0.7791567169157517
0.4131104718211198 0.7791567169157517
0.4171508758615239 0.7791567169157517
0.4211912799019279 0.7791567169157517
0.4252316839423319 0.7791567169157517
0.429272087982736 0.7791567169157517
0.43331249202314004 0.7791567169157517
0.43735289606354405 0.7791567169157517
0.44139330010394806 0.7791567169157517
0.4454337041443521 0.7791567169157517
0.4494741081847562 0.7791567169157517
0.4535145122251602 0.7791567169157517
0.4575549162655642 0.7791567169157517
0.4615953203059683 0.7791567169157517
0.46563572434637235 0.7791567169157517
0.4696761283867764 0.7791567169157517
0.4737165324271804 0.7791567169157517
0.47775693646758444 0.7791567169157517
0.4817973405079885 0.7791567169157517
0.48583774454839257 0.7791567169157517
0.4898781485887966 0.7791567169157517
0.4939185526292006 0.7791567169157517
0.49795895666960466 0.7791567169157517
0.5019993607100087 0.7791567169157517
0.5060397647504127 0.7791567169157517
0.5100801687908167 0.7791567169157517
0.5141205728312208 0.7791567169157517
0.5181609768716249 0.7791567169157517
0.522201380912029 0.7791567169157517
0.526241784952433 0.7791567169157517
0.530282188992837 0.7791567169157517
0.534322593033241 0.7791567169157517
0.5383629970736451 0.7791567169157517
0.542403401114049 0.7791567169157517
0.5464438051544531 0.7791567169157517
0.5504842091948572 0.7791567169157517
0.5545246132352613 0.7791567169157517
0.5585650172756653 0.7791567169157517
0.5626054213160694 0.7791567169157517
0.5666458253564733 0.7791567169157517
0.5706862293968774 0.7791567169157517
0.5747266334372814 0.7791567169157517
0.5787670374776854 0.7791567169157517
0.5828074415180895 0.7791567169157517
0.5868478455584936 0.7791567169157517
0.5908882495988976 0.7791567169157517
0.5949286536393017 0.7791567169157517
0.5989690576797057 0.7791567169157517
0.6030094617201097 0.7791567169157517
0.6070498657605137 0.7791567169157517
0.6110902698009177 0.7791567169157517
0.6151306738413218 0.7791567169157517
0.6191710778817259 0.7791567169157517
0.6232114819221299 0.7791567169157517
0.6312922900029381 0.7791567169157517
0.635332694043342 0.7791567169157517
0.64341350212415 0.7791567169157517
0.6474539061645541 0.7791567169157517
0.6514943102049582 0.7791567169157517
0.6555347142453622 0.7791567169157517
0.6636155223261704 0.7791567169157517
0.6676559263665743 0.7791567169157517
0.6716963304069784 0.7791567169157517
0.6757367344473824 0.7791567169157517
0.6797771384877864 0.7791567169157517
0.6838175425281905 0.7791567169157517
0.6878579465685946 0.7791567169157517
0.6918983506089986 0.7791567169157517
0.6959387546494027 0.7791567169157517
0.6999791586898068 0.7791567169157517
0.2999791586898067 0.7831971209561558
0.3040195627302107 0.7831971209561558
0.30805996677061476 0.7831971209561558
0.3121003708110188 0.7831971209561558
0.31614077485142283 0.7831971209561558
0.32018117889182685 0.7831971209561558
0.3242215829322309 0.7831971209561558
0.328261986972635 0.7831971209561558
0.332302391013039 0.7831971209561558
0.33634279505344306 0.7831971209561558
0.34038319909384707 0.7831971209561558
0.34442360313425113 0.7831971209561558
0.3484640071746552 0.7831971209561558
0.3525044112150592 0.7831971209561558
0.3565448152554632 0.7831971209561558
0.3605852192958673 0.7831971209561558
0.36462562333627135 0.7831971209561558
0.36866602737667536 0.7831971209561558
0.3727064314170794 0.7831971209561558
0.37674683545748344 0.7831971209561558
0.3807872394978875 0.7831971209561558
0.3848276435382915 0.7831971209561558
0.3888680475786956 0.7831971209561558
0.3929084516190996 0.7831971209561558
0.39694885565950366 0.7831971209561558
0.4009892596999077 0.7831971209561558
0.40502966374031174 0.7831971209561558
0.40907006778071575 0.7831971209561558
0.4131104718211198 0.7831971209561558
0.4171508758615239 0.7831971209561558
0.4211912799019279 0.7831971209561558
0.4252316839423319 0.7831971209561558
0.429272087982736 0.7831971209561558
0.43331249202314004 0.7831971209561558
0.43735289606354405 0.7831971209561558
0.44139330010394806 0.7831971209561558
0.4454337041443521 0.7831971209561558
0.4494741081847562 0.7831971209561558
0.4535145122251602 0.7831971209561558
0.4575549162655642 0.7831971209561558
0.4615953203059683 0.7831971209561558
0.46563572434637235 0.7831971209561558
0.4696761283867764 0.7831971209561558
0.4737165324271804 0.7831971209561558
0.47775693646758444 0.7831971209561558
0.4817973405079885 0.7831971209561558
0.48583774454839257 0.7831971209561558
0.4898781485887966 0.7831971209561558
0.4939185526292006 0.7831971209561558
0.49795895666960466 0.7831971209561558
0.5019993607100087 0.7831971209561558
0.5060397647504127 0.7831971209561558
0.5100801687908167 0.7831971209561558
0.5141205728312208 0.7831971209561558
0.5181609768716249 0.7831971209561558
0.522201380912029 0.7831971209561558
0.526241784952433 0.7831971209561558
0.530282188992837 0.7831971209561558
0.534322593033241 0.7831971209561558
0.5383629970736451 0.7831971209561558
0.542403401114049 0.7831971209561558
0.5464438051544531 0.7831971209561558
0.5504842091948572 0.7831971209561558
0.5545246132352613 0.7831971209561558
0.5585650172756653 0.7831971209561558
0.5626054213160694 0.7831971209561558
0.5666458253564733 0.7831971209561558
0.5706862293968774 0.7831971209561558
0.5747266334372814 0.7831971209561558
0.5787670374776854 0.7831971209561558
0.5828074415180895 0.7831971209561558
0.5868478455584936 0.7831971209561558
0.5908882495988976 0.7831971209561558
0.5949286536393017 0.7831971209561558
0.5989690576797057 0.7831971209561558
0.6030094617201097 0.7831971209561558
0.6070498657605137 0.7831971209561558
0.6110902698009177 0.7831971209561558
0.6151306738413218 0.7831971209561558
0.627251885962534 0.7831971209561558
0.6312922900029381 0.7831971209561558
0.635332694043342 0.7831971209561558
0.6393730980837461 0.7831971209561558
0.64341350212415 0.7831971209561558
0.6474539061645541 0.7831971209561558
0.6514943102049582 0.7831971209561558
0.6555347142453622 0.7831971209561558
0.6595751182857663 0.7831971209561558
0.6636155223261704 0.7831971209561558
0.6676559263665743 0.7831971209561558
0.6716963304069784 0.7831971209561558
0.6757367344473824 0.7831971209561558
0.6797771384877864 0.7831971209561558
0.6838175425281905 0.7831971209561558
0.6878579465685946 0.7831971209561558
0.6918983506089986 0.7831971209561558
0.6959387546494027 0.7831971209561558
0.6999791586898068 0.7831971209561558
0.2999791586898067 0.7872375249965597
0.3040195627302107 0.7872375249965597
0.30805996677061476 0.7872375249965597
0.3121003708110188 0.7872375249965597
0.31614077485142283 0.7872375249965597
0.32018117889182685 0.7872375249965597
0.3242215829322309 0.7872375249965597
0.328261986972635 0.7872375249965597
0.332302391013039 0.7872375249965597
0.33634279505344306 0.7872375249965597
0.34038319909384707 0.7872375249965597
0.34442360313425113 0.7872375249965597
0.3484640071746552 0.7872375249965597
0.3525044112150592 0.7872375249965597
0.3565448152554632 0.7872375249965597
0.3605852192958673 0.7872375249965597
0.36462562333627135 0.7872375249965597
0.36866602737667536 0.7872375249965597
0.3727064314170794 0.7872375249965597
0.37674683545748344 0.7872375249965597
0.3807872394978875 0.7872375249965597
0.3848276435382915 0.7872375249965597
0.3888680475786956 0.7872375249965597
0.3929084516190996 0.7872375249965597
0.39694885565950366 0.7872375249965597
0.4009892596999077 0.7872375249965597
0.40502966374031174 0.7872375249965597
0.40907006778071575 0.7872375249965597
0.4131104718211198 0.7872375249965597
0.4171508758615239 0.7872375249965597
0.4211912799019279 0.7872375249965597
0.4252316839423319 0.7872375249965597
0.429272087982736 0.7872375249965597
0.43331249202314004 0.7872375249965597
0.43735289606354405 0.7872375249965597
0.44139330010394806 0.7872375249965597
0.4454337041443521 0.7872375249965597
0.4494741081847562 0.7872375249965597
0.4535145122251602 0.7872375249965597
0.4575549162655642 0.7872375249965597
0.4615953203059683 0.7872375249965597
0.46563572434637235 0.7872375249965597
0.4696761283867764 0.7872375249965597
0.4737165324271804 0.7872375249965597
0.47775693646758444 0.7872375249965597
0.4817973405079885 0.7872375249965597
0.48583774454839257 0.7872375249965597
0.4898781485887966 0.7872375249965597
0.4939185526292006 0.7872375249965597
0.49795895666960466 0.7872375249965597
0.5019993607100087 0.7872375249965597
0.5060397647504127 0.7872375249965597
0.5100801687908167 0.7872375249965597
0.5141205728312208 0.7872375249965597
0.5181609768716249 0.7872375249965597
0.522201380912029 0.7872375249965597
0.526241784952433 0.7872375249965597
0.530282188992837 0.7872375249965597
0.534322593033241 0.7872375249965597
0.5383629970736451 0.7872375249965597
0.542403401114049 0.7872375249965597
0.5464438051544531 0.7872375249965597
0.5504842091948572 0.7872375249965597
0.5545246132352613 0.7872375249965597
0.5585650172756653 0.7872375249965597
0.5626054213160694 0.7872375249965597
0.5666458253564733 0.7872375249965597
0.5706862293968774 0.7872375249965597
0.5747266334372814 0.7872375249965597
0.5787670374776854 0.7872375249965597
0.5828074415180895 0.7872375249965597
0.5868478455584936 0.7872375249965597
0.5908882495988976 0.7872375249965597
0.5949286536393017 0.7872375249965597
0.5989690576797057 0.7872375249965597
0.6030094617201097 0.7872375249965597
0.6070498657605137 0.7872375249965597
0.6110902698009177 0.7872375249965597
0.6232114819221299 0.7872375249965597
0.627251885962534 0.7872375249965597
0.6312922900029381 0.7872375249965597
0.635332694043342 0.7872375249965597
0.6393730980837461 0.7872375249965597
0.64341350212415 0.7872375249965597
0.6474539061645541 0.7872375249965597
0.6514943102049582 0.7872375249965597
0.6555347142453622 0.7872375249965597
0.6595751182857663 0.7872375249965597
0.6636155223261704 0.7872375249965597
0.6676559263665743 0.7872375249965597
0.6716963304069784 0.7872375249965597
0.6757367344473824 0.7872375249965597
0.6797771384877864 0.7872375249965597
0.6838175425281905 0.7872375249965597
0.6878579465685946 0.7872375249965597
0.6918983506089986 0.7872375249965597
0.6959387546494027 0.7872375249965597
0.6999791586898068 0.7872375249965597
0.2999791586898067 0.7912779290369638
0.3040195627302107 0.7912779290369638
0.30805996677061476 0.7912779290369638
0.3121003708110188 0.7912779290369638
0.31614077485142283 0.7912779290369638
0.32018117889182685 0.7912779290369638
0.3242215829322309 0.7912779290369638
0.328261986972635 0.7912779290369638
0.332302391013039 0.7912779290369638
0.33634279505344306 0.7912779290369638
0.34038319909384707 0.7912779290369638
0.34442360313425113 0.7912779290369638
0.3484640071746552 0.7912779290369638
0.3525044112150592 0.7912779290369638
0.3565448152554632 0.7912779290369638
0.3605852192958673 0.7912779290369638
0.36462562333627135 0.7912779290369638
0.36866602737667536 0.7912779290369638
0.3727064314170794 0.7912779290369638
0.37674683545748344 0.7912779290369638
0.3807872394978875 0.7912779290369638
0.3848276435382915 0.7912779290369638
0.3888680475786956 0.7912779290369638
0.3929084516190996 0.7912779290369638
0.39694885565950366 0.7912779290369638
0.4009892596999077 0.7912779290369638
0.40502966374031174 0.7912779290369638
0.40907006778071575 0.7912779290369638
0.4131104718211198 0.7912779290369638
0.4171508758615239 0.7912779290369638
0.4211912799019279 0.7912779290369638
0.4252316839423319 0.7912779290369638
0.429272087982736 0.7912779290369638
0.43331249202314004 0.7912779290369638
0.43735289606354405 0.7912779290369638
0.44139330010394806 0.7912779290369638
0.4454337041443521 0.7912779290369638
0.4494741081847562 0.7912779290369638
0.4535145122251602 0.7912779290369638
0.4575549162655642 0.7912779290369638
0.4615953203059683 0.7912779290369638
0.46563572434637235 0.7912779290369638
0.4696761283867764 0.7912779290369638
0.4737165324271804 0.7912779290369638
0.47775693646758444 0.7912779290369638
0.4817973405079885 0.7912779290369638
0.48583774454839257 0.7912779290369638
0.4898781485887966 0.7912779290369638
0.4939185526292006 0.7912779290369638
0.49795895666960466 0.7912779290369638
0.5019993607100087 0.7912779290369638
0.5060397647504127 0.7912779290369638
0.5100801687908167 0.7912779290369638
0.5141205728312208 0.7912779290369638
0.5181609768716249 0.7912779290369638
0.522201380912029 0.7912779290369638
0.526241784952433 0.7912779290369638
0.530282188992837 0.7912779290369638
0.534322593033241 0.7912779290369638
0.5383629970736451 0.7912779290369638
0.542403401114049 0.7912779290369638
0.5464438051544531 0.7912779290369638
0.5504842091948572 0.7912779290369638
0.5545246132352613 0.7912779290369638
0.5585650172756653 0.7912779290369638
0.5626054213160694 0.7912779290369638
0.5666458253564733 0.7912779290369638
0.5706862293968774 0.7912779290369638
0.5747266334372814 0.7912779290369638
0.5787670374776854 0.7912779290369638
0.5828074415180895 0.7912779290369638
0.5868478455584936 0.7912779290369638
0.5908882495988976 0.7912779290369638
0.5949286536393017 0.7912779290369638
0.5989690576797057 0.7912779290369638
0.6030094617201097 0.7912779290369638
0.6070498657605137 0.7912779290369638
0.6151306738413218 0.7912779290369638
0.6191710778817259 0.7912779290369638
0.6232114819221299 0.7912779290369638
0.627251885962534 0.7912779290369638
0.6312922900029381 0.7912779290369638
0.635332694043342 0.7912779290369638
0.6393730980837461 0.7912779290369638
0.64341350212415 0.7912779290369638
0.6474539061645541 0.7912779290369638
0.6514943102049582 0.7912779290369638
0.6555347142453622 0.7912779290369638
0.6595751182857663 0.7912779290369638
0.6636155223261704 0.7912779290369638
0.6676559263665743 0.7912779290369638
0.6716963304069784 0.7912779290369638
0.6757367344473824 0.7912779290369638
0.6797771384877864 0.7912779290369638
0.6838175425281905 0.7912779290369638
0.6878579465685946 0.7912779290369638
0.6918983506089986 0.7912779290369638
0.6959387546494027 0.7912779290369638
0.6999791586898068 0.7912779290369638
0.2999791586898067 0.7953183330773679
0.3040195627302107 0.7953183330773679
0.30805996677061476 0.7953183330773679
0.3121003708110188 0.7953183330773679
0.31614077485142283 0.7953183330773679
0.32018117889182685 0.7953183330773679
0.3242215829322309 0.7953183330773679
0.328261986972635 0.7953183330773679
0.332302391013039 0.7953183330773679
0.33634279505344306 0.7953183330773679
0.34038319909384707 0.7953183330773679
0.34442360313425113 0.7953183330773679
0.3484640071746552 0.7953183330773679
0.3525044112150592 0.7953183330773679
0.3565448152554632 0.7953183330773679
0.3605852192958673 0.7953183330773679
0.36462562333627135 0.7953183330773679
0.36866602737667536 0.7953183330773679
0.3727064314170794 0.7953183330773679
0.37674683545748344 0.7953183330773679
0.3807872394978875 0.7953183330773679
0.3848276435382915 0.7953183330773679
0.3888680475786956 0.7953183330773679
0.3929084516190996 0.7953183330773679
0.39694885565950366 0.7953183330773679
0.4009892596999077 0.7953183330773679
0.40502966374031174 0.7953183330773679
0.40907006778071575 0.7953183330773679
0.4131104718211198 0.7953183330773679
0.4171508758615239 0.7953183330773679
0.4211912799019279 0.7953183330773679
0.4252316839423319 0.7953183330773679
0.429272087982736 0.7953183330773679
0.43331249202314004 0.7953183330773679
0.43735289606354405 0.7953183330773679
0.44139330010394806 0.7953183330773679
0.4454337041443521 0.7953183330773679
0.4494741081847562 0.7953183330773679
0.4535145122251602 0.7953183330773679
0.4575549162655642 0.7953183330773679
0.4615953203059683 0.7953183330773679
0.46563572434637235 0.7953183330773679
0.4696761283867764 0.7953183330773679
0.4737165324271804 0.7953183330773679
0.47775693646758444 0.7953183330773679
0.4817973405079885 0.7953183330773679
0.48583774454839257 0.7953183330773679
0.4898781485887966 0.7953183330773679
0.4939185526292006 0.7953183330773679
0.49795895666960466 0.7953183330773679
0.5019993607100087 0.7953183330773679
0.5060397647504127 0.7953183330773679
0.5100801687908167 0.7953183330773679
0.5141205728312208 0.7953183330773679
0.5181609768716249 0.7953183330773679
0.522201380912029 0.7953183330773679
0.526241784952433 0.7953183330773679
0.530282188992837 0.7953183330773679
0.534322593033241 0.7953183330773679
0.5383629970736451 0.7953183330773679
0.542403401114049 0.7953183330773679
0.5464438051544531 0.7953183330773679
0.5504842091948572 0.7953183330773679
0.5545246132352613 0.7953183330773679
0.5585650172756653 0.7953183330773679
0.5626054213160694 0.7953183330773679
0.5666458253564733 0.7953183330773679
0.5706862293968774 0.7953183330773679
0.5747266334372814 0.7953183330773679
0.5787670374776854 0.7953183330773679
0.5828074415180895 0.7953183330773679
0.5868478455584936 0.7953183330773679
0.5908882495988976 0.7953183330773679
0.5949286536393017 0.7953183330773679
0.5989690576797057 0.7953183330773679
0.6030094617201097 0.7953183330773679
0.6110902698009177 0.7953183330773679
0.6151306738413218 0.7953183330773679
0.6191710778817259 0.7953183330773679
0.6232114819221299 0.7953183330773679
0.627251885962534 0.7953183330773679
0.6312922900029381 0.7953183330773679
0.635332694043342 0.7953183330773679
0.6393730980837461 0.7953183330773679
0.64341350212415 0.7953183330773679
0.6474539061645541 0.7953183330773679
0.6514943102049582 0.7953183330773679
0.6555347142453622 0.7953183330773679
0.6595751182857663 0.7953183330773679
0.6636155223261704 0.7953183330773679
0.6676559263665743 0.7953183330773679
0.6716963304069784 0.7953183330773679
0.6757367344473824 0.7953183330773679
0.6797771384877864 0.7953183330773679
0.6838175425281905 0.7953183330773679
0.6878579465685946 0.7953183330773679
0.6918983506089986 0.7953183330773679
0.6959387546494027 0.7953183330773679
0.6999791586898068 0.7953183330773679
0.2999791586898067 0.799358737117772
0.3040195627302107 0.799358737117772
0.30805996677061476 0.799358737117772
0.3121003708110188 0.799358737117772
0.31614077485142283 0.799358737117772
0.32018117889182685 0.799358737117772
0.3242215829322309 0.799358737117772
0.328261986972635 0.799358737117772
0.332302391013039 0.799358737117772
0.33634279505344306 0.799358737117772
0.34038319909384707 0.799358737117772
0.34442360313425113 0.799358737117772
0.3484640071746552 0.799358737117772
0.3525044112150592 0.799358737117772
0.3565448152554632 0.799358737117772
0.3605852192958673 0.799358737117772
0.36462562333627135 0.799358737117772
0.36866602737667536 0.799358737117772
0.3727064314170794 0.799358737117772
0.37674683545748344 0.799358737117772
0.3807872394978875 0.799358737117772
0.3848276435382915 0.799358737117772
0.3888680475786956 0.799358737117772
0.3929084516190996 0.799358737117772
0.39694885565950366 0.799358737117772
0.4009892596999077 0.799358737117772
0.40502966374031174 0.799358737117772
0.40907006778071575 0.799358737117772
0.4131104718211198 0.799358737117772
0.4171508758615239 0.799358737117772
0.4211912799019279 0.799358737117772
0.4252316839423319 0.799358737117772
0.429272087982736 0.799358737117772
0.43331249202314004 0.799358737117772
0.43735289606354405 0.799358737117772
0.44139330010394806 0.799358737117772
0.4454337041443521 0.799358737117772
0.4494741081847562 0.799358737117772
0.4535145122251602 0.799358737117772
0.4575549162655642 0.799358737117772
0.4615953203059683 0.799358737117772
0.46563572434637235 0.799358737117772
0.4696761283867764 0.799358737117772
0.4737165324271804 0.799358737117772
0.47775693646758444 0.799358737117772
0.4817973405079885 0.799358737117772
0.48583774454839257 0.799358737117772
0.4898781485887966 0.799358737117772
0.4939185526292006 0.799358737117772
0.49795895666960466 0.799358737117772
0.5019993607100087 0.799358737117772
0.5060397647504127 0.799358737117772
0.5100801687908167 0.799358737117772
0.5141205728312208 0.799358737117772
0.5181609768716249 0.799358737117772
0.522201380912029 0.799358737117772
0.526241784952433 0.799358737117772
0.530282188992837 0.799358737117772
0.534322593033241 0.799358737117772
0.5383629970736451 0.799358737117772
0.542403401114049 0.799358737117772
0.5464438051544531 0.799358737117772
0.5504842091948572 0.799358737117772
0.5545246132352613 0.799358737117772
0.5585650172756653 0.799358737117772
0.5626054213160694 0.799358737117772
0.5666458253564733 0.799358737117772
0.5706862293968774 0.799358737117772
0.5747266334372814 0.799358737117772
0.5787670374776854 0.799358737117772
0.5828074415180895 0.799358737117772
0.5868478455584936 0.799358737117772
0.5908882495988976 0.799358737117772
0.5949286536393017 0.799358737117772
0.6070498657605137 0.799358737117772
0.6110902698009177 0.799358737117772
0.6151306738413218 0.799358737117772
0.6191710778817259 0.799358737117772
0.6232114819221299 0.799358737117772
0.627251885962534 0.799358737117772
0.6312922900029381 0.799358737117772
0.635332694043342 0.799358737117772
0.6393730980837461 0.799358737117772
0.64341350212415 0.799358737117772
0.6474539061645541 0.799358737117772
0.6514943102049582 0.799358737117772
0.6555347142453622 0.799358737117772
0.6595751182857663 0.799358737117772
0.6636155223261704 0.799358737117772
0.6676559263665743 0.799358737117772
0.6716963304069784 0.799358737117772
0.6757367344473824 0.799358737117772
0.6797771384877864 0.799358737117772
0.6838175425281905 0.799358737117772
0.6878579465685946 0.799358737117772
0.6918983506089986 0.799358737117772
0.6959387546494027 0.799358737117772
0.6999791586898068 0.799358737117772
0.2999791586898067 0.803399141158176
0.3040195627302107 0.803399141158176
0.30805996677061476 0.803399141158176
0.3121003708110188 0.803399141158176
0.31614077485142283 0.803399141158176
0.32018117889182685 0.803399141158176
0.3242215829322309 0.803399141158176
0.328261986972635 0.803399141158176
0.332302391013039 0.803399141158176
0.33634279505344306 0.803399141158176
0.34038319909384707 0.803399141158176
0.34442360313425113 0.803399141158176
0.3484640071746552 0.803399141158176
0.3525044112150592 0.803399141158176
0.3565448152554632 0.803399141158176
0.3605852192958673 0.803399141158176
0.36462562333627135 0.803399141158176
0.36866602737667536 0.803399141158176
0.3727064314170794 0.803399141158176
0.37674683545748344 0.803399141158176
0.3807872394978875 0.803399141158176
0.3848276435382915 0.803399141158176
0.3888680475786956 0.803399141158176
0.3929084516190996 0.803399141158176
0.39694885565950366 0.803399141158176
0.4009892596999077 0.803399141158176
0.40502966374031174 0.803399141158176
0.40907006778071575 0.803399141158176
0.4131104718211198 0.803399141158176
0.4171508758615239 0.803399141158176
0.4211912799019279 0.803399141158176
0.4252316839423319 0.803399141158176
0.429272087982736 0.803399141158176
0.43331249202314004 0.803399141158176
0.43735289606354405 0.803399141158176
0.44139330010394806 0.803399141158176
0.4454337041443521 0.803399141158176
0.4494741081847562 0.803399141158176
0.4535145122251602 0.803399141158176
0.4575549162655642 0.803399141158176
0.4615953203059683 0.803399141158176
0.46563572434637235 0.803399141158176
0.4696761283867764 0.803399141158176
0.4737165324271804 0.803399141158176
0.47775693646758444 0.803399141158176
0.4817973405079885 0.803399141158176
0.48583774454839257 0.803399141158176
0.4898781485887966 0.803399141158176
0.4939185526292006 0.803399141158176
0.49795895666960466 0.803399141158176
0.5019993607100087 0.803399141158176
0.5060397647504127 0.803399141158176
0.5100801687908167 0.803399141158176
0.5141205728312208 0.803399141158176
0.5181609768716249 0.803399141158176
0.522201380912029 0.803399141158176
0.526241784952433 0.803399141158176
0.530282188992837 0.803399141158176
0.534322593033241 0.803399141158176
0.5383629970736451 0.803399141158176
0.542403401114049 0.803399141158176
0.5464438051544531 0.803399141158176
0.5504842091948572 0.803399141158176
0.5545246132352613 0.803399141158176
0.5585650172756653 0.803399141158176
0.5626054213160694 0.803399141158176
0.5666458253564733 0.803399141158176
0.5706862293968774 0.803399141158176
0.5747266334372814 0.803399141158176
0.5787670374776854 0.803399141158176
0.5828074415180895 0.803399141158176
0.5868478455584936 0.803399141158176
0.5908882495988976 0.803399141158176
0.5989690576797057 0.803399141158176
0.6030094617201097 0.803399141158176
0.6070498657605137 0.803399141158176
0.6110902698009177 0.803399141158176
0.6151306738413218 0.803399141158176
0.6191710778817259 0.803399141158176
0.6232114819221299 0.803399141158176
0.627251885962534 0.803399141158176
0.6312922900029381 0.803399141158176
0.635332694043342 0.803399141158176
0.6393730980837461 0.803399141158176
0.64341350212415 0.803399141158176
0.6474539061645541 0.803399141158176
0.6514943102049582 0.803399141158176
0.6555347142453622 0.803399141158176
0.6595751182857663 0.803399141158176
0.6636155223261704 0.803399141158176
0.6676559263665743 0.803399141158176
0.6716963304069784 0.803399141158176
0.6757367344473824 0.803399141158176
0.6797771384877864 0.803399141158176
0.6838175425281905 0.803399141158176
0.6878579465685946 0.803399141158176
0.6918983506089986 0.803399141158176
0.6959387546494027 0.803399141158176
0.6999791586898068 0.803399141158176
0.2999791586898067 0.80743954519858
0.3040195627302107 0.80743954519858
0.30805996677061476 0.80743954519858
0.3121003708110188 0.80743954519858
0.31614077485142283 0.80743954519858
0.32018117889182685 0.80743954519858
0.3242215829322309 0.80743954519858
0.328261986972635 0.80743954519858
0.332302391013039 0.80743954519858
0.33634279505344306 0.80743954519858
0.34038319909384707 0.80743954519858
0.34442360313425113 0.80743954519858
0.3484640071746552 0.80743954519858
0.3525044112150592 0.80743954519858
0.3565448152554632 0.80743954519858
0.3605852192958673 0.80743954519858
0.36462562333627135 0.80743954519858
0.36866602737667536 0.80743954519858
0.3727064314170794 0.80743954519858
0.37674683545748344 0.80743954519858
0.3807872394978875 0.80743954519858
0.3848276435382915 0.80743954519858
0.3888680475786956 0.80743954519858
0.3929084516190996 0.80743954519858
0.39694885565950366 0.80743954519858
0.4009892596999077 0.80743954519858
0.40502966374031174 0.80743954519858
0.40907006778071575 0.80743954519858
0.4131104718211198 0.80743954519858
0.4171508758615239 0.80743954519858
0.4211912799019279 0.80743954519858
0.4252316839423319 0.80743954519858
0.429272087982736 0.80743954519858
0.43331249202314004 0.80743954519858
0.43735289606354405 0.80743954519858
0.44139330010394806 0.80743954519858
0.4454337041443521 0.80743954519858
0.4494741081847562 0.80743954519858
0.4535145122251602 0.80743954519858
0.4575549162655642 0.80743954519858
0.4615953203059683 0.80743954519858
0.46563572434637235 0.80743954519858
0.4696761283867764 0.80743954519858
0.4737165324271804 0.80743954519858
0.47775693646758444 0.80743954519858
0.4817973405079885 0.80743954519858
0.48583774454839257 0.80743954519858
0.4898781485887966 0.80743954519858
0.4939185526292006 0.80743954519858
0.49795895666960466 0.80743954519858
0.5019993607100087 0.80743954519858
0.5060397647504127 0.80743954519858
0.5100801687908167 0.80743954519858
0.5141205728312208 0.80743954519858
0.5181609768716249 0.80743954519858
0.522201380912029 0.80743954519858
0.526241784952433 0.80743954519858
0.530282188992837 0.80743954519858
0.534322593033241 0.80743954519858
0.5383629970736451 0.80743954519858
0.542403401114049 0.80743954519858
0.5464438051544531 0.80743954519858
0.5504842091948572 0.80743954519858
0.5545246132352613 0.80743954519858
0.5585650172756653 0.80743954519858
0.5626054213160694 0.80743954519858
0.5666458253564733 0.80743954519858
0.5706862293968774 0.80743954519858
0.5747266334372814 0.80743954519858
0.5787670374776854 0.80743954519858
0.5828074415180895 0.80743954519858
0.5949286536393017 0.80743954519858
0.5989690576797057 0.80743954519858
0.6030094617201097 0.80743954519858
0.6070498657605137 0.80743954519858
0.6110902698009177 0.80743954519858
0.6151306738413218 0.80743954519858
0.6191710778817259 0.80743954519858
0.6232114819221299 0.80743954519858
0.627251885962534 0.80743954519858
0.6312922900029381 0.80743954519858
0.635332694043342 0.80743954519858
0.6393730980837461 0.80743954519858
0.64341350212415 0.80743954519858
0.6474539061645541 0.80743954519858
0.6514943102049582 0.80743954519858
0.6555347142453622 0.80743954519858
0.6595751182857663 0.80743954519858
0.6636155223261704 0.80743954519858
0.6676559263665743 0.80743954519858
0.6716963304069784 0.80743954519858
0.6757367344473824 0.80743954519858
0.6797771384877864 0.80743954519858
0.6838175425281905 0.80743954519858
0.6878579465685946 0.80743954519858
0.6918983506089986 0.80743954519858
0.6959387546494027 0.80743954519858
0.6999791586898068 0.80743954519858
0.2999791586898067 0.811479949238984
0.3040195627302107 0.811479949238984
0.30805996677061476 0.811479949238984
0.3121003708110188 0.811479949238984
0.31614077485142283 0.811479949238984
0.32018117889182685 0.811479949238984
0.3242215829322309 0.811479949238984
0.328261986972635 0.811479949238984
0.332302391013039 0.811479949238984
0.33634279505344306 0.811479949238984
0.34038319909384707 0.811479949238984
0.34442360313425113 0.811479949238984
0.3484640071746552 0.811479949238984
0.3525044112150592 0.811479949238984
0.3565448152554632 0.811479949238984
0.3605852192958673 0.811479949238984
0.36462562333627135 0.811479949238984
0.36866602737667536 0.811479949238984
0.3727064314170794 0.811479949238984
0.37674683545748344 0.811479949238984
0.3807872394978875 0.811479949238984
0.3848276435382915 0.811479949238984
0.3888680475786956 0.811479949238984
0.3929084516190996 0.811479949238984
0.39694885565950366 0.811479949238984
0.4009892596999077 0.811479949238984
0.40502966374031174 0.811479949238984
0.40907006778071575 0.811479949238984
0.4131104718211198 0.811479949238984
0.4171508758615239 0.811479949238984
0.4211912799019279 0.811479949238984
0.4252316839423319 0.811479949238984
0.429272087982736 0.811479949238984
0.43331249202314004 0.811479949238984
0.43735289606354405 0.811479949238984
0.44139330010394806 0.811479949238984
0.4454337041443521 0.811479949238984
0.4494741081847562 0.811479949238984
0.4535145122251602 0.811479949238984
0.4575549162655642 0.811479949238984
0.4615953203059683 0.811479949238984
0.46563572434637235 0.811479949238984
0.4696761283867764 0.811479949238984
0.4737165324271804 0.811479949238984
0.47775693646758444 0.811479949238984
0.4817973405079885 0.811479949238984
0.48583774454839257 0.811479949238984
0.4898781485887966 0.811479949238984
0.4939185526292006 0.811479949238984
0.49795895666960466 0.811479949238984
0.5019993607100087 0.811479949238984
0.5060397647504127 0.811479949238984
0.5100801687908167 0.811479949238984
0.5141205728312208 0.811479949238984
0.5181609768716249 0.811479949238984
0.522201380912029 0.811479949238984
0.526241784952433 0.811479949238984
0.530282188992837 0.811479949238984
0.534322593033241 0.811479949238984
0.5383629970736451 0.811479949238984
0.542403401114049 0.811479949238984
0.5464438051544531 0.811479949238984
0.5504842091948572 0.811479949238984
0.5545246132352613 0.811479949238984
0.5585650172756653 0.811479949238984
0.5626054213160694 0.811479949238984
0.5666458253564733 0.811479949238984
0.5706862293968774 0.811479949238984
0.5747266334372814 0.811479949238984
0.5787670374776854 0.811479949238984
0.5908882495988976 0.811479949238984
0.5949286536393017 0.811479949238984
0.5989690576797057 0.811479949238984
0.6030094617201097 0.811479949238984
0.6070498657605137 0.811479949238984
0.6110902698009177 0.811479949238984
0.6151306738413218 0.811479949238984
0.6191710778817259 0.811479949238984
0.6232114819221299 0.811479949238984
0.627251885962534 0.811479949238984
0.6312922900029381 0.811479949238984
0.635332694043342 0.811479949238984
0.6393730980837461 0.811479949238984
0.64341350212415 0.811479949238984
0.6474539061645541 0.811479949238984
0.6514943102049582 0.811479949238984
0.6555347142453622 0.811479949238984
0.6595751182857663 0.811479949238984
0.6636155223261704 0.811479949238984
0.6676559263665743 0.811479949238984
0.6716963304069784 0.811479949238984
0.6757367344473824 0.811479949238984
0.6797771384877864 0.811479949238984
0.6838175425281905 0.811479949238984
0.6878579465685946 0.811479949238984
0.6918983506089986 0.811479949238984
0.6959387546494027 0.811479949238984
0.6999791586898068 0.811479949238984
0.2999791586898067 0.8155203532793881
0.3040195627302107 0.8155203532793881
0.30805996677061476 0.8155203532793881
0.3121003708110188 0.8155203532793881
0.31614077485142283 0.8155203532793881
0.32018117889182685 0.8155203532793881
0.3242215829322309 0.8155203532793881
0.328261986972635 0.8155203532793881
0.332302391013039 0.8155203532793881
0.33634279505344306 0.8155203532793881
0.34038319909384707 0.8155203532793881
0.34442360313425113 0.8155203532793881
0.3484640071746552 0.8155203532793881
0.3525044112150592 0.8155203532793881
0.3565448152554632 0.8155203532793881
0.3605852192958673 0.8155203532793881
0.36462562333627135 0.8155203532793881
0.36866602737667536 0.8155203532793881
0.3727064314170794 0.8155203532793881
0.37674683545748344 0.8155203532793881
0.3807872394978875 0.8155203532793881
0.3848276435382915 0.8155203532793881
0.3888680475786956 0.8155203532793881
0.3929084516190996 0.8155203532793881
0.39694885565950366 0.8155203532793881
0.4009892596999077 0.8155203532793881
0.40502966374031174 0.8155203532793881
0.40907006778071575 0.8155203532793881
0.4131104718211198 0.8155203532793881
0.4171508758615239 0.8155203532793881
0.4211912799019279 0.8155203532793881
0.4252316839423319 0.8155203532793881
0.429272087982736 0.8155203532793881
0.43331249202314004 0.8155203532793881
0.43735289606354405 0.8155203532793881
0.44139330010394806 0.8155203532793881
0.4454337041443521 0.8155203532793881
0.4494741081847562 0.8155203532793881
0.4535145122251602 0.8155203532793881
0.4575549162655642 0.8155203532793881
0.4615953203059683 0.8155203532793881
0.46563572434637235 0.8155203532793881
0.4696761283867764 0.8155203532793881
0.4737165324271804 0.8155203532793881
0.47775693646758444 0.8155203532793881
0.4817973405079885 0.8155203532793881
0.48583774454839257 0.8155203532793881
0.4898781485887966 0.8155203532793881
0.4939185526292006 0.8155203532793881
0.49795895666960466 0.8155203532793881
0.5019993607100087 0.8155203532793881
0.5060397647504127 0.8155203532793881
0.5100801687908167 0.8155203532793881
0.5141205728312208 0.8155203532793881
0.5181609768716249 0.8155203532793881
0.522201380912029 0.8155203532793881
0.526241784952433 0.8155203532793881
0.530282188992837 0.8155203532793881
0.534322593033241 0.8155203532793881
0.5383629970736451 0.8155203532793881
0.542403401114049 0.8155203532793881
0.5464438051544531 0.8155203532793881
0.5504842091948572 0.8155203532793881
0.5545246132352613 0.8155203532793881
0.5585650172756653 0.8155203532793881
0.5626054213160694 0.8155203532793881
0.5666458253564733 0.8155203532793881
0.5706862293968774 0.8155203532793881
0.5747266334372814 0.8155203532793881
0.5828074415180895 0.8155203532793881
0.5868478455584936 0.8155203532793881
0.5908882495988976 0.8155203532793881
0.5949286536393017 0.8155203532793881
0.6030094617201097 0.8155203532793881
0.6070498657605137 0.8155203532793881
0.6110902698009177 0.8155203532793881
0.6151306738413218 0.8155203532793881
0.6191710778817259 0.8155203532793881
0.6232114819221299 0.8155203532793881
0.627251885962534 0.8155203532793881
0.6312922900029381 0.8155203532793881
0.635332694043342 0.8155203532793881
0.6393730980837461 0.8155203532793881
0.64341350212415 0.8155203532793881
0.6474539061645541 0.8155203532793881
0.6514943102049582 0.8155203532793881
0.6555347142453622 0.8155203532793881
0.6595751182857663 0.8155203532793881
0.6636155223261704 0.8155203532793881
0.6676559263665743 0.8155203532793881
0.6716963304069784 0.8155203532793881
0.6757367344473824 0.8155203532793881
0.6797771384877864 0.8155203532793881
0.6838175425281905 0.8155203532793881
0.6878579465685946 0.8155203532793881
0.6918983506089986 0.8155203532793881
0.6959387546494027 0.8155203532793881
0.6999791586898068 0.8155203532793881
0.2999791586898067 0.819560757319792
0.3040195627302107 0.819560757319792
0.30805996677061476 0.819560757319792
0.3121003708110188 0.819560757319792
0.31614077485142283 0.819560757319792
0.32018117889182685 0.819560757319792
0.3242215829322309 0.819560757319792
0.328261986972635 0.819560757319792
0.332302391013039 0.819560757319792
0.33634279505344306 0.819560757319792
0.34038319909384707 0.819560757319792
0.34442360313425113 0.819560757319792
0.3484640071746552 0.819560757319792
0.3525044112150592 0.819560757319792
0.3565448152554632 0.819560757319792
0.3605852192958673 0.819560757319792
0.36462562333627135 0.819560757319792
0.36866602737667536 0.819560757319792
0.3727064314170794 0.819560757319792
0.37674683545748344 0.819560757319792
0.3807872394978875 0.819560757319792
0.3848276435382915 0.819560757319792
0.3888680475786956 0.819560757319792
0.3929084516190996 0.819560757319792
0.39694885565950366 0.819560757319792
0.4009892596999077 0.819560757319792
0.40502966374031174 0.819560757319792
0.40907006778071575 0.819560757319792
0.4131104718211198 0.819560757319792
0.4171508758615239 0.819560757319792
0.4211912799019279 0.819560757319792
0.4252316839423319 0.819560757319792
0.429272087982736 0.819560757319792
0.43331249202314004 0.819560757319792
0.43735289606354405 0.819560757319792
0.44139330010394806 0.819560757319792
0.4454337041443521 0.819560757319792
0.4494741081847562 0.819560757319792
0.4535145122251602 0.819560757319792
0.4575549162655642 0.819560757319792
0.4615953203059683 0.819560757319792
0.46563572434637235 0.819560757319792
0.4696761283867764 0.819560757319792
0.4737165324271804 0.819560757319792
0.47775693646758444 0.819560757319792
0.4817973405079885 0.819560757319792
0.48583774454839257 0.819560757319792
0.4898781485887966 0.819560757319792
0.4939185526292006 0.819560757319792
0.49795895666960466 0.819560757319792
0.5019993607100087 0.819560757319792
0.5060397647504127 0.819560757319792
0.5100801687908167 0.819560757319792
0.5141205728312208 0.819560757319792
0.5181609768716249 0.819560757319792
0.522201380912029 0.819560757319792
0.526241784952433 0.819560757319792
0.530282188992837 0.819560757319792
0.534322593033241 0.819560757319792
0.5383629970736451 0.819560757319792
0.542403401114049 0.819560757319792
0.5464438051544531 0.819560757319792
0.5504842091948572 0.819560757319792
0.5545246132352613 0.819560757319792
0.5585650172756653 0.819560757319792
0.5626054213160694 0.819560757319792
0.5666458253564733 0.819560757319792
0.5787670374776854 0.819560757319792
0.5828074415180895 0.819560757319792
0.5868478455584936 0.819560757319792
0.5908882495988976 0.819560757319792
0.5949286536393017 0.819560757319792
0.5989690576797057 0.819560757319792
0.6030094617201097 0.819560757319792
0.6070498657605137 0.819560757319792
0.6110902698009177 0.819560757319792
0.6151306738413218 0.819560757319792
0.6191710778817259 0.819560757319792
0.6232114819221299 0.819560757319792
0.627251885962534 0.819560757319792
0.6312922900029381 0.819560757319792
0.635332694043342 0.819560757319792
0.6393730980837461 0.819560757319792
0.64341350212415 0.819560757319792
0.6474539061645541 0.819560757319792
0.6514943102049582 0.819560757319792
0.6555347142453622 0.819560757319792
0.6595751182857663 0.819560757319792
0.6636155223261704 0.819560757319792
0.6676559263665743 0.819560757319792
0.6716963304069784 0.819560757319792
0.6757367344473824 0.819560757319792
0.6797771384877864 0.819560757319792
0.6838175425281905 0.819560757319792
0.6878579465685946 0.819560757319792
0.6918983506089986 0.819560757319792
0.6959387546494027 0.819560757319792
0.6999791586898068 0.819560757319792
0.2999791586898067 0.8236011613601961
0.3040195627302107 0.8236011613601961
0.30805996677061476 0.8236011613601961
0.3121003708110188 0.8236011613601961
0.31614077485142283 0.8236011613601961
0.32018117889182685 0.8236011613601961
0.3242215829322309 0.8236011613601961
0.328261986972635 0.8236011613601961
0.332302391013039 0.8236011613601961
0.33634279505344306 0.8236011613601961
0.34038319909384707 0.8236011613601961
0.34442360313425113 0.8236011613601961
0.3484640071746552 0.8236011613601961
0.3525044112150592 0.8236011613601961
0.3565448152554632 0.8236011613601961
0.3605852192958673 0.8236011613601961
0.36462562333627135 0.8236011613601961
0.36866602737667536 0.8236011613601961
0.3727064314170794 0.8236011613601961
0.37674683545748344 0.8236011613601961
0.3807872394978875 0.8236011613601961
0.3848276435382915 0.8236011613601961
0.3888680475786956 0.8236011613601961
0.3929084516190996 0.8236011613601961
0.39694885565950366 0.8236011613601961
0.4009892596999077 0.8236011613601961
0.40502966374031174 0.8236011613601961
0.40907006778071575 0.8236011613601961
0.4131104718211198 0.8236011613601961
0.4171508758615239 0.8236011613601961
0.4211912799019279 0.8236011613601961
0.4252316839423319 0.8236011613601961
0.429272087982736 0.8236011613601961
0.43331249202314004 0.8236011613601961
0.43735289606354405 0.8236011613601961
0.44139330010394806 0.8236011613601961
0.4454337041443521 0.8236011613601961
0.4494741081847562 0.8236011613601961
0.4535145122251602 0.8236011613601961
0.4575549162655642 0.8236011613601961
0.4615953203059683 0.8236011613601961
0.46563572434637235 0.8236011613601961
0.4696761283867764 0.8236011613601961
0.4737165324271804 0.8236011613601961
0.47775693646758444 0.8236011613601961
0.4817973405079885 0.8236011613601961
0.48583774454839257 0.8236011613601961
0.4898781485887966 0.8236011613601961
0.4939185526292006 0.8236011613601961
0.49795895666960466 0.8236011613601961
0.5019993607100087 0.8236011613601961
0.5060397647504127 0.8236011613601961
0.5100801687908167 0.8236011613601961
0.5141205728312208 0.8236011613601961
0.5181609768716249 0.8236011613601961
0.522201380912029 0.8236011613601961
0.526241784952433 0.8236011613601961
0.530282188992837 0.8236011613601961
0.534322593033241 0.8236011613601961
0.5383629970736451 0.8236011613601961
0.542403401114049 0.8236011613601961
0.5464438051544531 0.8236011613601961
0.5504842091948572 0.8236011613601961
0.5545246132352613 0.8236011613601961
0.5585650172756653 0.8236011613601961
0.5626054213160694 0.8236011613601961
0.5706862293968774 0.8236011613601961
0.5747266334372814 0.8236011613601961
0.5787670374776854 0.8236011613601961
0.5828074415180895 0.8236011613601961
0.5868478455584936 0.8236011613601961
0.5908882495988976 0.8236011613601961
0.5949286536393017 0.8236011613601961
0.5989690576797057 0.8236011613601961
0.6030094617201097 0.8236011613601961
0.6070498657605137 0.8236011613601961
0.6110902698009177 0.8236011613601961
0.6151306738413218 0.8236011613601961
0.6191710778817259 0.8236011613601961
0.6232114819221299 0.8236011613601961
0.627251885962534 0.8236011613601961
0.6312922900029381 0.8236011613601961
0.635332694043342 0.8236011613601961
0.6393730980837461 0.8236011613601961
0.64341350212415 0.8236011613601961
0.6474539061645541 0.8236011613601961
0.6514943102049582 0.8236011613601961
0.6555347142453622 0.8236011613601961
0.6595751182857663 0.8236011613601961
0.6636155223261704 0.8236011613601961
0.6676559263665743 0.8236011613601961
0.6716963304069784 0.8236011613601961
0.6757367344473824 0.8236011613601961
0.6797771384877864 0.8236011613601961
0.6838175425281905 0.8236011613601961
0.6878579465685946 0.8236011613601961
0.6918983506089986 0.8236011613601961
0.6959387546494027 0.8236011613601961
0.6999791586898068 0.8236011613601961
0.2999791586898067 0.8276415654006002
0.3040195627302107 0.8276415654006002
0.30805996677061476 0.8276415654006002
0.3121003708110188 0.8276415654006002
0.31614077485142283 0.8276415654006002
0.32018117889182685 0.8276415654006002
0.3242215829322309 0.8276415654006002
0.328261986972635 0.8276415654006002
0.332302391013039 0.8276415654006002
0.33634279505344306 0.8276415654006002
0.34038319909384707 0.8276415654006002
0.34442360313425113 0.8276415654006002
0.3484640071746552 0.8276415654006002
0.3525044112150592 0.8276415654006002
0.3565448152554632 0.8276415654006002
0.3605852192958673 0.8276415654006002
0.36462562333627135 0.8276415654006002
0.36866602737667536 0.8276415654006002
0.3727064314170794 0.8276415654006002
0.37674683545748344 0.8276415654006002
0.3807872394978875 0.8276415654006002
0.3848276435382915 0.8276415654006002
0.3888680475786956 0.8276415654006002
0.3929084516190996 0.8276415654006002
0.39694885565950366 0.8276415654006002
0.4009892596999077 0.8276415654006002
0.40502966374031174 0.8276415654006002
0.40907006778071575 0.8276415654006002
0.4131104718211198 0.8276415654006002
0.4171508758615239 0.8276415654006002
0.4211912799019279 0.8276415654006002
0.4252316839423319 0.8276415654006002
0.429272087982736 0.8276415654006002
0.43331249202314004 0.8276415654006002
0.43735289606354405 0.8276415654006002
0.44139330010394806 0.8276415654006002
0.4454337041443521 0.8276415654006002
0.4494741081847562 0.8276415654006002
0.4535145122251602 0.8276415654006002
0.4575549162655642 0.8276415654006002
0.4615953203059683 0.8276415654006002
0.46563572434637235 0.8276415654006002
0.4696761283867764 0.8276415654006002
0.4737165324271804 0.8276415654006002
0.47775693646758444 0.8276415654006002
0.4817973405079885 0.8276415654006002
0.48583774454839257 0.8276415654006002
0.4898781485887966 0.8276415654006002
0.4939185526292006 0.8276415654006002
0.49795895666960466 0.8276415654006002
0.5019993607100087 0.8276415654006002
0.5060397647504127 0.8276415654006002
0.5100801687908167 0.8276415654006002
0.5141205728312208 0.8276415654006002
0.5181609768716249 0.8276415654006002
0.522201380912029 0.8276415654006002
0.526241784952433 0.8276415654006002
0.530282188992837 0.8276415654006002
0.534322593033241 0.8276415654006002
0.5383629970736451 0.8276415654006002
0.542403401114049 0.8276415654006002
0.5464438051544531 0.8276415654006002
0.5504842091948572 0.8276415654006002
0.5545246132352613 0.8276415654006002
0.5666458253564733 0.8276415654006002
0.5706862293968774 0.8276415654006002
0.5747266334372814 0.8276415654006002
0.5787670374776854 0.8276415654006002
0.5828074415180895 0.8276415654006002
0.5868478455584936 0.8276415654006002
0.5908882495988976 0.8276415654006002
0.5949286536393017 0.8276415654006002
0.5989690576797057 0.8276415654006002
0.6030094617201097 0.8276415654006002
0.6070498657605137 0.8276415654006002
0.6110902698009177 0.8276415654006002
0.6151306738413218 0.8276415654006002
0.6191710778817259 0.8276415654006002
0.6232114819221299 0.8276415654006002
0.627251885962534 0.8276415654006002
0.6312922900029381 0.8276415654006002
0.635332694043342 0.8276415654006002
0.6393730980837461 0.8276415654006002
0.64341350212415 0.8276415654006002
0.6474539061645541 0.8276415654006002
0.6514943102049582 0.8276415654006002
0.6555347142453622 0.8276415654006002
0.6595751182857663 0.8276415654006002
0.6636155223261704 0.8276415654006002
0.6676559263665743 0.8276415654006002
0.6716963304069784 0.8276415654006002
0.6757367344473824 0.8276415654006002
0.6797771384877864 0.8276415654006002
0.6838175425281905 0.8276415654006002
0.6878579465685946 0.8276415654006002
0.6918983506089986 0.8276415654006002
0.6959387546494027 0.8276415654006002
0.6999791586898068 0.8276415654006002
0.2999791586898067 0.8316819694410043
0.3040195627302107 0.8316819694410043
0.30805996677061476 0.8316819694410043
0.3121003708110188 0.8316819694410043
0.31614077485142283 0.8316819694410043
0.32018117889182685 0.8316819694410043
0.3242215829322309 0.8316819694410043
0.328261986972635 0.8316819694410043
0.332302391013039 0.8316819694410043
0.33634279505344306 0.8316819694410043
0.34038319909384707 0.8316819694410043
0.34442360313425113 0.8316819694410043
0.3484640071746552 0.8316819694410043
0.3525044112150592 0.8316819694410043
0.3565448152554632 0.8316819694410043
0.3605852192958673 0.8316819694410043
0.36462562333627135 0.8316819694410043
0.36866602737667536 0.8316819694410043
0.3727064314170794 0.8316819694410043
0.37674683545748344 0.8316819694410043
0.3807872394978875 0.8316819694410043
0.3848276435382915 0.8316819694410043
0.3888680475786956 0.8316819694410043
0.3929084516190996 0.8316819694410043
0.39694885565950366 0.8316819694410043
0.4009892596999077 0.8316819694410043
0.40502966374031174 0.8316819694410043
0.40907006778071575 0.8316819694410043
0.4131104718211198 0.8316819694410043
0.4171508758615239 0.8316819694410043
0.4211912799019279 0.8316819694410043
0.4252316839423319 0.8316819694410043
0.429272087982736 0.8316819694410043
0.43331249202314004 0.8316819694410043
0.43735289606354405 0.8316819694410043
0.44139330010394806 0.8316819694410043
0.4454337041443521 0.8316819694410043
0.4494741081847562 0.8316819694410043
0.4535145122251602 0.8316819694410043
0.4575549162655642 0.8316819694410043
0.4615953203059683 0.8316819694410043
0.46563572434637235 0.8316819694410043
0.4696761283867764 0.8316819694410043
0.4737165324271804 0.8316819694410043
0.47775693646758444 0.8316819694410043
0.4817973405079885 0.8316819694410043
0.48583774454839257 0.8316819694410043
0.4898781485887966 0.8316819694410043
0.4939185526292006 0.8316819694410043
0.49795895666960466 0.8316819694410043
0.5019993607100087 0.8316819694410043
0.5060397647504127 0.8316819694410043
0.5100801687908167 0.8316819694410043
0.5141205728312208 0.8316819694410043
0.5181609768716249 0.8316819694410043
0.522201380912029 0.8316819694410043
0.526241784952433 0.8316819694410043
0.530282188992837 0.8316819694410043
0.534322593033241 0.8316819694410043
0.5383629970736451 0.8316819694410043
0.542403401114049 0.8316819694410043
0.5464438051544531 0.8316819694410043
0.5504842091948572 0.8316819694410043
0.5626054213160694 0.8316819694410043
0.5666458253564733 0.8316819694410043
0.5706862293968774 0.8316819694410043
0.5747266334372814 0.8316819694410043
0.5787670374776854 0.8316819694410043
0.5828074415180895 0.8316819694410043
0.5868478455584936 0.8316819694410043
0.5908882495988976 0.8316819694410043
0.5949286536393017 0.8316819694410043
0.5989690576797057 0.8316819694410043
0.6030094617201097 0.8316819694410043
0.6070498657605137 0.8316819694410043
0.6110902698009177 0.8316819694410043
0.6151306738413218 0.8316819694410043
0.6191710778817259 0.8316819694410043
0.6232114819221299 0.8316819694410043
0.627251885962534 0.8316819694410043
0.6312922900029381 0.8316819694410043
0.635332694043342 0.8316819694410043
0.6393730980837461 0.8316819694410043
0.64341350212415 0.8316819694410043
0.6474539061645541 0.8316819694410043
0.6514943102049582 0.8316819694410043
0.6555347142453622 0.8316819694410043
0.6595751182857663 0.8316819694410043
0.6636155223261704 0.8316819694410043
0.6676559263665743 0.8316819694410043
0.6716963304069784 0.8316819694410043
0.6757367344473824 0.8316819694410043
0.6797771384877864 0.8316819694410043
0.6838175425281905 0.8316819694410043
0.6878579465685946 0.8316819694410043
0.6918983506089986 0.8316819694410043
0.6959387546494027 0.8316819694410043
0.6999791586898068 0.8316819694410043
0.2999791586898067 0.8357223734814083
0.3040195627302107 0.8357223734814083
0.30805996677061476 0.8357223734814083
0.3121003708110188 0.8357223734814083
0.31614077485142283 0.8357223734814083
0.32018117889182685 0.8357223734814083
0.3242215829322309 0.8357223734814083
0.328261986972635 0.8357223734814083
0.332302391013039 0.8357223734814083
0.33634279505344306 0.8357223734814083
0.34038319909384707 0.8357223734814083
0.34442360313425113 0.8357223734814083
0.3484640071746552 0.8357223734814083
0.3525044112150592 0.8357223734814083
0.3565448152554632 0.8357223734814083
0.3605852192958673 0.8357223734814083
0.36462562333627135 0.8357223734814083
0.36866602737667536 0.8357223734814083
0.3727064314170794 0.8357223734814083
0.37674683545748344 0.8357223734814083
0.3807872394978875 0.8357223734814083
0.3848276435382915 0.8357223734814083
0.3888680475786956 0.8357223734814083
0.3929084516190996 0.8357223734814083
0.39694885565950366 0.8357223734814083
0.4009892596999077 0.8357223734814083
0.40502966374031174 0.8357223734814083
0.40907006778071575 0.8357223734814083
0.4131104718211198 0.8357223734814083
0.4171508758615239 0.8357223734814083
0.4211912799019279 0.8357223734814083
0.4252316839423319 0.8357223734814083
0.429272087982736 0.8357223734814083
0.43331249202314004 0.8357223734814083
0.43735289606354405 0.8357223734814083
0.44139330010394806 0.8357223734814083
0.4454337041443521 0.8357223734814083
0.4494741081847562 0.8357223734814083
0.4535145122251602 0.8357223734814083
0.4575549162655642 0.8357223734814083
0.4615953203059683 0.8357223734814083
0.46563572434637235 0.8357223734814083
0.4696761283867764 0.8357223734814083
0.4737165324271804 0.8357223734814083
0.47775693646758444 0.8357223734814083
0.4817973405079885 0.8357223734814083
0.48583774454839257 0.8357223734814083
0.4898781485887966 0.8357223734814083
0.4939185526292006 0.8357223734814083
0.49795895666960466 0.8357223734814083
0.5019993607100087 0.8357223734814083
0.5060397647504127 0.8357223734814083
0.5100801687908167 0.8357223734814083
0.5141205728312208 0.8357223734814083
0.5181609768716249 0.8357223734814083
0.522201380912029 0.8357223734814083
0.526241784952433 0.8357223734814083
0.530282188992837 0.8357223734814083
0.534322593033241 0.8357223734814083
0.5383629970736451 0.8357223734814083
0.542403401114049 0.8357223734814083
0.5545246132352613 0.8357223734814083
0.5585650172756653 0.8357223734814083
0.5626054213160694 0.8357223734814083
0.5666458253564733 0.8357223734814083
0.5706862293968774 0.8357223734814083
0.5747266334372814 0.8357223734814083
0.5787670374776854 0.8357223734814083
0.5828074415180895 0.8357223734814083
0.5868478455584936 0.8357223734814083
0.5908882495988976 0.8357223734814083
0.5949286536393017 0.8357223734814083
0.5989690576797057 0.8357223734814083
0.6030094617201097 0.8357223734814083
0.6070498657605137 0.8357223734814083
0.6110902698009177 0.8357223734814083
0.6151306738413218 0.8357223734814083
0.6191710778817259 0.8357223734814083
0.6232114819221299 0.8357223734814083
0.627251885962534 0.8357223734814083
0.6312922900029381 0.8357223734814083
0.635332694043342 0.8357223734814083
0.6393730980837461 0.8357223734814083
0.64341350212415 0.8357223734814083
0.6474539061645541 0.8357223734814083
0.6514943102049582 0.8357223734814083
0.6555347142453622 0.8357223734814083
0.6595751182857663 0.8357223734814083
0.6636155223261704 0.8357223734814083
0.6676559263665743 0.8357223734814083
0.6716963304069784 0.8357223734814083
0.6757367344473824 0.8357223734814083
0.6797771384877864 0.8357223734814083
0.6838175425281905 0.8357223734814083
0.6878579465685946 0.8357223734814083
0.6918983506089986 0.8357223734814083
0.6959387546494027 0.8357223734814083
0.6999791586898068 0.8357223734814083
0.2999791586898067 0.8397627775218124
0.3040195627302107 0.8397627775218124
0.30805996677061476 0.8397627775218124
0.3121003708110188 0.8397627775218124
0.31614077485142283 0.8397627775218124
0.32018117889182685 0.8397627775218124
0.3242215829322309 0.8397627775218124
0.328261986972635 0.8397627775218124
0.332302391013039 0.8397627775218124
0.33634279505344306 0.8397627775218124
0.34038319909384707 0.8397627775218124
0.34442360313425113 0.8397627775218124
0.3484640071746552 0.8397627775218124
0.3525044112150592 0.8397627775218124
0.3565448152554632 0.8397627775218124
0.3605852192958673 0.8397627775218124
0.36462562333627135 0.8397627775218124
0.36866602737667536 0.8397627775218124
0.3727064314170794 0.8397627775218124
0.37674683545748344 0.8397627775218124
0.3807872394978875 0.8397627775218124
0.3848276435382915 0.8397627775218124
0.3888680475786956 0.8397627775218124
0.3929084516190996 0.8397627775218124
0.39694885565950366 0.8397627775218124
0.4009892596999077 0.8397627775218124
0.40502966374031174 0.8397627775218124
0.40907006778071575 0.8397627775218124
0.4131104718211198 0.8397627775218124
0.4171508758615239 0.8397627775218124
0.4211912799019279 0.8397627775218124
0.4252316839423319 0.8397627775218124
0.429272087982736 0.8397627775218124
0.43331249202314004 0.8397627775218124
0.43735289606354405 0.8397627775218124
0.44139330010394806 0.8397627775218124
0.4454337041443521 0.8397627775218124
0.4494741081847562 0.8397627775218124
0.4535145122251602 0.8397627775218124
0.4575549162655642 0.8397627775218124
0.4615953203059683 0.8397627775218124
0.46563572434637235 0.8397627775218124
0.4696761283867764 0.8397627775218124
0.4737165324271804 0.8397627775218124
0.47775693646758444 0.8397627775218124
0.4817973405079885 0.8397627775218124
0.48583774454839257 0.8397627775218124
0.4898781485887966 0.8397627775218124
0.4939185526292006 0.8397627775218124
0.49795895666960466 0.8397627775218124
0.5019993607100087 0.8397627775218124
0.5060397647504127 0.8397627775218124
0.5100801687908167 0.8397627775218124
0.5141205728312208 0.8397627775218124
0.5181609768716249 0.8397627775218124
0.522201380912029 0.8397627775218124
0.526241784952433 0.8397627775218124
0.530282188992837 0.8397627775218124
0.534322593033241 0.8397627775218124
0.5383629970736451 0.8397627775218124
0.5464438051544531 0.8397627775218124
0.5504842091948572 0.8397627775218124
0.5545246132352613 0.8397627775218124
0.5626054213160694 0.8397627775218124
0.5666458253564733 0.8397627775218124
0.5706862293968774 0.8397627775218124
0.5747266334372814 0.8397627775218124
0.5787670374776854 0.8397627775218124
0.5828074415180895 0.8397627775218124
0.5868478455584936 0.8397627775218124
0.5908882495988976 0.8397627775218124
0.5949286536393017 0.8397627775218124
0.5989690576797057 0.8397627775218124
0.6030094617201097 0.8397627775218124
0.6070498657605137 0.8397627775218124
0.6110902698009177 0.8397627775218124
0.6151306738413218 0.8397627775218124
0.6191710778817259 0.8397627775218124
0.6232114819221299 0.8397627775218124
0.627251885962534 0.8397627775218124
0.6312922900029381 0.8397627775218124
0.635332694043342 0.8397627775218124
0.6393730980837461 0.8397627775218124
0.64341350212415 0.8397627775218124
0.6474539061645541 0.8397627775218124
0.6514943102049582 0.8397627775218124
0.6555347142453622 0.8397627775218124
0.6595751182857663 0.8397627775218124
0.6636155223261704 0.8397627775218124
0.6676559263665743 0.8397627775218124
0.6716963304069784 0.8397627775218124
0.6757367344473824 0.8397627775218124
0.6797771384877864 0.8397627775218124
0.6838175425281905 0.8397627775218124
0.6878579465685946 0.8397627775218124
0.6918983506089986 0.8397627775218124
0.6959387546494027 0.8397627775218124
0.6999791586898068 0.8397627775218124
0.2999791586898067 0.8438031815622163
0.3040195627302107 0.8438031815622163
0.30805996677061476 0.8438031815622163
0.3121003708110188 0.8438031815622163
0.31614077485142283 0.8438031815622163
0.32018117889182685 0.8438031815622163
0.3242215829322309 0.8438031815622163
0.328261986972635 0.8438031815622163
0.332302391013039 0.8438031815622163
0.33634279505344306 0.8438031815622163
0.34038319909384707 0.8438031815622163
0.34442360313425113 0.8438031815622163
0.3484640071746552 0.8438031815622163
0.3525044112150592 0.8438031815622163
0.3565448152554632 0.8438031815622163
0.3605852192958673 0.8438031815622163
0.36462562333627135 0.8438031815622163
0.36866602737667536 0.8438031815622163
0.3727064314170794 0.8438031815622163
0.37674683545748344 0.8438031815622163
0.3807872394978875 0.8438031815622163
0.3848276435382915 0.8438031815622163
0.3888680475786956 0.8438031815622163
0.3929084516190996 0.8438031815622163
0.39694885565950366 0.8438031815622163
0.4009892596999077 0.8438031815622163
0.40502966374031174 0.8438031815622163
0.40907006778071575 0.8438031815622163
0.4131104718211198 0.8438031815622163
0.4171508758615239 0.8438031815622163
0.4211912799019279 0.8438031815622163
0.4252316839423319 0.8438031815622163
0.429272087982736 0.8438031815622163
0.43331249202314004 0.8438031815622163
0.43735289606354405 0.8438031815622163
0.44139330010394806 0.8438031815622163
0.4454337041443521 0.8438031815622163
0.4494741081847562 0.8438031815622163
0.4535145122251602 0.8438031815622163
0.4575549162655642 0.8438031815622163
0.4615953203059683 0.8438031815622163
0.46563572434637235 0.8438031815622163
0.4696761283867764 0.8438031815622163
0.4737165324271804 0.8438031815622163
0.47775693646758444 0.8438031815622163
0.4817973405079885 0.8438031815622163
0.48583774454839257 0.8438031815622163
0.4898781485887966 0.8438031815622163
0.4939185526292006 0.8438031815622163
0.49795895666960466 0.8438031815622163
0.5019993607100087 0.8438031815622163
0.5060397647504127 0.8438031815622163
0.5100801687908167 0.8438031815622163
0.5141205728312208 0.8438031815622163
0.5181609768716249 0.8438031815622163
0.522201380912029 0.8438031815622163
0.526241784952433 0.8438031815622163
0.530282188992837 0.8438031815622163
0.542403401114049 0.8438031815622163
0.5464438051544531 0.8438031815622163
0.5504842091948572 0.8438031815622163
0.5545246132352613 0.8438031815622163
0.5585650172756653 0.8438031815622163
0.5626054213160694 0.8438031815622163
0.5666458253564733 0.8438031815622163
0.5706862293968774 0.8438031815622163
0.5747266334372814 0.8438031815622163
0.5787670374776854 0.8438031815622163
0.5828074415180895 0.8438031815622163
0.5868478455584936 0.8438031815622163
0.5908882495988976 0.8438031815622163
0.5949286536393017 0.8438031815622163
0.5989690576797057 0.8438031815622163
0.6030094617201097 0.8438031815622163
0.6070498657605137 0.8438031815622163
0.6110902698009177 0.8438031815622163
0.6151306738413218 0.8438031815622163
0.6191710778817259 0.8438031815622163
0.6232114819221299 0.8438031815622163
0.627251885962534 0.8438031815622163
0.6312922900029381 0.8438031815622163
0.635332694043342 0.8438031815622163
0.6393730980837461 0.8438031815622163
0.64341350212415 0.8438031815622163
0.6474539061645541 0.8438031815622163
0.6514943102049582 0.8438031815622163
0.6555347142453622 0.8438031815622163
0.6595751182857663 0.8438031815622163
0.6636155223261704 0.8438031815622163
0.6676559263665743 0.8438031815622163
0.6716963304069784 0.8438031815622163
0.6757367344473824 0.8438031815622163
0.6797771384877864 0.8438031815622163
0.6838175425281905 0.8438031815622163
0.6878579465685946 0.8438031815622163
0.6918983506089986 0.8438031815622163
0.6959387546494027 0.8438031815622163
0.6999791586898068 0.8438031815622163
0.2999791586898067 0.8478435856026204
0.3040195627302107 0.8478435856026204
0.30805996677061476 0.8478435856026204
0.3121003708110188 0.8478435856026204
0.31614077485142283 0.8478435856026204
0.32018117889182685 0.8478435856026204
0.3242215829322309 0.8478435856026204
0.328261986972635 0.8478435856026204
0.332302391013039 0.8478435856026204
0.33634279505344306 0.8478435856026204
0.34038319909384707 0.8478435856026204
0.34442360313425113 0.8478435856026204
0.3484640071746552 0.8478435856026204
0.3525044112150592 0.8478435856026204
0.3565448152554632 0.8478435856026204
0.3605852192958673 0.8478435856026204
0.36462562333627135 0.8478435856026204
0.36866602737667536 0.8478435856026204
0.3727064314170794 0.8478435856026204
0.37674683545748344 0.8478435856026204
0.3807872394978875 0.8478435856026204
0.3848276435382915 0.8478435856026204
0.3888680475786956 0.8478435856026204
0.3929084516190996 0.8478435856026204
0.39694885565950366 0.8478435856026204
0.4009892596999077 0.8478435856026204
0.40502966374031174 0.8478435856026204
0.40907006778071575 0.8478435856026204
0.4131104718211198 0.8478435856026204
0.4171508758615239 0.8478435856026204
0.4211912799019279 0.8478435856026204
0.4252316839423319 0.8478435856026204
0.429272087982736 0.8478435856026204
0.43331249202314004 0.8478435856026204
0.43735289606354405 0.8478435856026204
0.44139330010394806 0.8478435856026204
0.4454337041443521 0.8478435856026204
0.4494741081847562 0.8478435856026204
0.4535145122251602 0.8478435856026204
0.4575549162655642 0.8478435856026204
0.4615953203059683 0.8478435856026204
0.46563572434637235 0.8478435856026204
0.4696761283867764 0.8478435856026204
0.4737165324271804 0.8478435856026204
0.47775693646758444 0.8478435856026204
0.4817973405079885 0.8478435856026204
0.48583774454839257 0.8478435856026204
0.4898781485887966 0.8478435856026204
0.4939185526292006 0.8478435856026204
0.49795895666960466 0.8478435856026204
0.5019993607100087 0.8478435856026204
0.5060397647504127 0.8478435856026204
0.5100801687908167 0.8478435856026204
0.5141205728312208 0.8478435856026204
0.5181609768716249 0.8478435856026204
0.522201380912029 0.8478435856026204
0.526241784952433 0.8478435856026204
0.534322593033241 0.8478435856026204
0.5383629970736451 0.8478435856026204
0.542403401114049 0.8478435856026204
0.5504842091948572 0.8478435856026204
0.5545246132352613 0.8478435856026204
0.5585650172756653 0.8478435856026204
0.5626054213160694 0.8478435856026204
0.5666458253564733 0.8478435856026204
0.5706862293968774 0.8478435856026204
0.5747266334372814 0.8478435856026204
0.5787670374776854 0.8478435856026204
0.5828074415180895 0.8478435856026204
0.5868478455584936 0.8478435856026204
0.5908882495988976 0.8478435856026204
0.5949286536393017 0.8478435856026204
0.5989690576797057 0.8478435856026204
0.6030094617201097 0.8478435856026204
0.6070498657605137 0.8478435856026204
0.6110902698009177 0.8478435856026204
0.6151306738413218 0.8478435856026204
0.6191710778817259 0.8478435856026204
0.6232114819221299 0.8478435856026204
0.627251885962534 0.8478435856026204
0.6312922900029381 0.8478435856026204
0.635332694043342 0.8478435856026204
0.6393730980837461 0.8478435856026204
0.64341350212415 0.8478435856026204
0.6474539061645541 0.8478435856026204
0.6514943102049582 0.8478435856026204
0.6555347142453622 0.8478435856026204
0.6595751182857663 0.8478435856026204
0.6636155223261704 0.8478435856026204
0.6676559263665743 0.8478435856026204
0.6716963304069784 0.8478435856026204
0.6757367344473824 0.8478435856026204
0.6797771384877864 0.8478435856026204
0.6838175425281905 0.8478435856026204
0.6878579465685946 0.8478435856026204
0.6918983506089986 0.8478435856026204
0.6959387546494027 0.8478435856026204
0.6999791586898068 0.8478435856026204
0.2999791586898067 0.8518839896430245
0.3040195627302107 0.8518839896430245
0.30805996677061476 0.8518839896430245
0.3121003708110188 0.8518839896430245
0.31614077485142283 0.8518839896430245
0.32018117889182685 0.8518839896430245
0.3242215829322309 0.8518839896430245
0.328261986972635 0.8518839896430245
0.332302391013039 0.8518839896430245
0.33634279505344306 0.8518839896430245
0.34038319909384707 0.8518839896430245
0.34442360313425113 0.8518839896430245
0.3484640071746552 0.8518839896430245
0.3525044112150592 0.8518839896430245
0.3565448152554632 0.8518839896430245
0.3605852192958673 0.8518839896430245
0.36462562333627135 0.8518839896430245
0.36866602737667536 0.8518839896430245
0.3727064314170794 0.8518839896430245
0.37674683545748344 0.8518839896430245
0.3807872394978875 0.8518839896430245
0.3848276435382915 0.8518839896430245
0.3888680475786956 0.8518839896430245
0.3929084516190996 0.8518839896430245
0.39694885565950366 0.8518839896430245
0.4009892596999077 0.8518839896430245
0.40502966374031174 0.8518839896430245
0.40907006778071575 0.8518839896430245
0.4131104718211198 0.8518839896430245
0.4171508758615239 0.8518839896430245
0.4211912799019279 0.8518839896430245
0.4252316839423319 0.8518839896430245
0.429272087982736 0.8518839896430245
0.43331249202314004 0.8518839896430245
0.43735289606354405 0.8518839896430245
0.44139330010394806 0.8518839896430245
0.4454337041443521 0.8518839896430245
0.4494741081847562 0.8518839896430245
0.4535145122251602 0.8518839896430245
0.4575549162655642 0.8518839896430245
0.4615953203059683 0.8518839896430245
0.46563572434637235 0.8518839896430245
0.4696761283867764 0.8518839896430245
0.4737165324271804 0.8518839896430245
0.47775693646758444 0.8518839896430245
0.4817973405079885 0.8518839896430245
0.48583774454839257 0.8518839896430245
0.4898781485887966 0.8518839896430245
0.4939185526292006 0.8518839896430245
0.49795895666960466 0.8518839896430245
0.5019993607100087 0.8518839896430245
0.5060397647504127 0.8518839896430245
0.5100801687908167 0.8518839896430245
0.5141205728312208 0.8518839896430245
0.5181609768716249 0.8518839896430245
0.530282188992837 0.8518839896430245
0.534322593033241 0.8518839896430245
0.5383629970736451 0.8518839896430245
0.542403401114049 0.8518839896430245
0.5464438051544531 0.8518839896430245
0.5504842091948572 0.8518839896430245
0.5545246132352613 0.8518839896430245
0.5585650172756653 0.8518839896430245
0.5626054213160694 0.8518839896430245
0.5666458253564733 0.8518839896430245
0.5706862293968774 0.8518839896430245
0.5747266334372814 0.8518839896430245
0.5787670374776854 0.8518839896430245
0.5828074415180895 0.8518839896430245
0.5868478455584936 0.8518839896430245
0.5908882495988976 0.8518839896430245
0.5949286536393017 0.8518839896430245
0.5989690576797057 0.8518839896430245
0.6030094617201097 0.8518839896430245
0.6070498657605137 0.8518839896430245
0.6110902698009177 0.8518839896430245
0.6151306738413218 0.8518839896430245
0.6191710778817259 0.8518839896430245
0.6232114819221299 0.8518839896430245
0.627251885962534 0.8518839896430245
0.6312922900029381 0.8518839896430245
0.635332694043342 0.8518839896430245
0.6393730980837461 0.8518839896430245
0.64341350212415 0.8518839896430245
0.6474539061645541 0.8518839896430245
0.6514943102049582 0.8518839896430245
0.6555347142453622 0.8518839896430245
0.6595751182857663 0.8518839896430245
0.6636155223261704 0.8518839896430245
0.6676559263665743 0.8518839896430245
0.6716963304069784 0.8518839896430245
0.6757367344473824 0.8518839896430245
0.6797771384877864 0.8518839896430245
0.6838175425281905 0.8518839896430245
0.6878579465685946 0.8518839896430245
0.6918983506089986 0.8518839896430245
0.6959387546494027 0.8518839896430245
0.6999791586898068 0.8518839896430245
0.2999791586898067 0.8559243936834284
0.3040195627302107 0.8559243936834284
0.30805996677061476 0.8559243936834284
0.3121003708110188 0.8559243936834284
0.31614077485142283 0.8559243936834284
0.32018117889182685 0.8559243936834284
0.3242215829322309 0.8559243936834284
0.328261986972635 0.8559243936834284
0.332302391013039 0.8559243936834284
0.33634279505344306 0.8559243936834284
0.34038319909384707 0.8559243936834284
0.34442360313425113 0.8559243936834284
0.3484640071746552 0.8559243936834284
0.3525044112150592 0.8559243936834284
0.3565448152554632 0.8559243936834284
0.3605852192958673 0.8559243936834284
0.36462562333627135 0.8559243936834284
0.36866602737667536 0.8559243936834284
0.3727064314170794 0.8559243936834284
0.37674683545748344 0.8559243936834284
0.3807872394978875 0.8559243936834284
0.3848276435382915 0.8559243936834284
0.3888680475786956 0.8559243936834284
0.3929084516190996 0.8559243936834284
0.39694885565950366 0.8559243936834284
0.4009892596999077 0.8559243936834284
0.40502966374031174 0.8559243936834284
0.40907006778071575 0.8559243936834284
0.4131104718211198 0.8559243936834284
0.4171508758615239 0.8559243936834284
0.4211912799019279 0.8559243936834284
0.4252316839423319 0.8559243936834284
0.429272087982736 0.8559243936834284
0.43331249202314004 0.8559243936834284
0.43735289606354405 0.8559243936834284
0.44139330010394806 0.8559243936834284
0.4454337041443521 0.8559243936834284
0.4494741081847562 0.8559243936834284
0.4535145122251602 0.8559243936834284
0.4575549162655642 0.8559243936834284
0.4615953203059683 0.8559243936834284
0.46563572434637235 0.8559243936834284
0.4696761283867764 0.8559243936834284
0.4737165324271804 0.8559243936834284
0.47775693646758444 0.8559243936834284
0.4817973405079885 0.8559243936834284
0.48583774454839257 0.8559243936834284
0.4898781485887966 0.8559243936834284
0.4939185526292006 0.8559243936834284
0.49795895666960466 0.8559243936834284
0.5019993607100087 0.8559243936834284
0.5060397647504127 0.8559243936834284
0.5100801687908167 0.8559243936834284
0.522201380912029 0.8559243936834284
0.526241784952433 0.8559243936834284
0.530282188992837 0.8559243936834284
0.534322593033241 0.8559243936834284
0.5383629970736451 0.8559243936834284
0.542403401114049 0.8559243936834284
0.5464438051544531 0.8559243936834284
0.5504842091948572 0.8559243936834284
0.5545246132352613 0.8559243936834284
0.5585650172756653 0.8559243936834284
0.5626054213160694 0.8559243936834284
0.5666458253564733 0.8559243936834284
0.5706862293968774 0.8559243936834284
0.5747266334372814 0.8559243936834284
0.5787670374776854 0.8559243936834284
0.5828074415180895 0.8559243936834284
0.5868478455584936 0.8559243936834284
0.5908882495988976 0.8559243936834284
0.5949286536393017 0.8559243936834284
0.5989690576797057 0.8559243936834284
0.6030094617201097 0.8559243936834284
0.6070498657605137 0.8559243936834284
0.6110902698009177 0.8559243936834284
0.6151306738413218 0.8559243936834284
0.6191710778817259 0.8559243936834284
0.6232114819221299 0.8559243936834284
0.627251885962534 0.8559243936834284
0.6312922900029381 0.8559243936834284
0.635332694043342 0.8559243936834284
0.6393730980837461 0.8559243936834284
0.64341350212415 0.8559243936834284
0.6474539061645541 0.8559243936834284
0.6514943102049582 0.8559243936834284
0.6555347142453622 0.8559243936834284
0.6595751182857663 0.8559243936834284
0.6636155223261704 0.8559243936834284
0.6676559263665743 0.8559243936834284
0.6716963304069784 0.8559243936834284
0.6757367344473824 0.8559243936834284
0.6797771384877864 0.8559243936834284
0.6838175425281905 0.8559243936834284
0.6878579465685946 0.8559243936834284
0.6918983506089986 0.8559243936834284
0.6959387546494027 0.8559243936834284
0.6999791586898068 0.8559243936834284
0.2999791586898067 0.8599647977238325
0.3040195627302107 0.8599647977238325
0.30805996677061476 0.8599647977238325
0.3121003708110188 0.8599647977238325
0.31614077485142283 0.8599647977238325
0.32018117889182685 0.8599647977238325
0.3242215829322309 0.8599647977238325
0.328261986972635 0.8599647977238325
0.332302391013039 0.8599647977238325
0.33634279505344306 0.8599647977238325
0.34038319909384707 0.8599647977238325
0.34442360313425113 0.8599647977238325
0.3484640071746552 0.8599647977238325
0.3525044112150592 0.8599647977238325
0.3565448152554632 0.8599647977238325
0.3605852192958673 0.8599647977238325
0.36462562333627135 0.8599647977238325
0.36866602737667536 0.8599647977238325
0.3727064314170794 0.8599647977238325
0.37674683545748344 0.8599647977238325
0.3807872394978875 0.8599647977238325
0.3848276435382915 0.8599647977238325
0.3888680475786956 0.8599647977238325
0.3929084516190996 0.8599647977238325
0.39694885565950366 0.8599647977238325
0.4009892596999077 0.8599647977238325
0.40502966374031174 0.8599647977238325
0.40907006778071575 0.8599647977238325
0.4131104718211198 0.8599647977238325
0.4171508758615239 0.8599647977238325
0.4211912799019279 0.8599647977238325
0.4252316839423319 0.8599647977238325
0.429272087982736 0.8599647977238325
0.43331249202314004 0.8599647977238325
0.43735289606354405 0.8599647977238325
0.44139330010394806 0.8599647977238325
0.4454337041443521 0.8599647977238325
0.4494741081847562 0.8599647977238325
0.4535145122251602 0.8599647977238325
0.4575549162655642 0.8599647977238325
0.4615953203059683 0.8599647977238325
0.46563572434637235 0.8599647977238325
0.4696761283867764 0.8599647977238325
0.4737165324271804 0.8599647977238325
0.47775693646758444 0.8599647977238325
0.4817973405079885 0.8599647977238325
0.48583774454839257 0.8599647977238325
0.4898781485887966 0.8599647977238325
0.4939185526292006 0.8599647977238325
0.49795895666960466 0.8599647977238325
0.5019993607100087 0.8599647977238325
0.5060397647504127 0.8599647977238325
0.5141205728312208 0.8599647977238325
0.5181609768716249 0.8599647977238325
0.522201380912029 0.8599647977238325
0.526241784952433 0.8599647977238325
0.530282188992837 0.8599647977238325
0.534322593033241 0.8599647977238325
0.5383629970736451 0.8599647977238325
0.542403401114049 0.8599647977238325
0.5464438051544531 0.8599647977238325
0.5504842091948572 0.8599647977238325
0.5545246132352613 0.8599647977238325
0.5585650172756653 0.8599647977238325
0.5626054213160694 0.8599647977238325
0.5666458253564733 0.8599647977238325
0.5706862293968774 0.8599647977238325
0.5747266334372814 0.8599647977238325
0.5787670374776854 0.8599647977238325
0.5828074415180895 0.8599647977238325
0.5868478455584936 0.8599647977238325
0.5908882495988976 0.8599647977238325
0.5949286536393017 0.8599647977238325
0.5989690576797057 0.8599647977238325
0.6030094617201097 0.8599647977238325
0.6070498657605137 0.8599647977238325
0.6110902698009177 0.8599647977238325
0.6151306738413218 0.8599647977238325
0.6191710778817259 0.8599647977238325
0.6232114819221299 0.8599647977238325
0.627251885962534 0.8599647977238325
0.6312922900029381 0.8599647977238325
0.635332694043342 0.8599647977238325
0.6393730980837461 0.8599647977238325
0.64341350212415 0.8599647977238325
0.6474539061645541 0.8599647977238325
0.6514943102049582 0.8599647977238325
0.6555347142453622 0.8599647977238325
0.6595751182857663 0.8599647977238325
0.6636155223261704 0.8599647977238325
0.6676559263665743 0.8599647977238325
0.6716963304069784 0.8599647977238325
0.6757367344473824 0.8599647977238325
0.6797771384877864 0.8599647977238325
0.6838175425281905 0.8599647977238325
0.6878579465685946 0.8599647977238325
0.6918983506089986 0.8599647977238325
0.6959387546494027 0.8599647977238325
0.6999791586898068 0.8599647977238325
0.2999791586898067 0.8640052017642366
0.3040195627302107 0.8640052017642366
0.30805996677061476 0.8640052017642366
0.3121003708110188 0.8640052017642366
0.31614077485142283 0.8640052017642366
0.32018117889182685 0.8640052017642366
0.3242215829322309 0.8640052017642366
0.328261986972635 0.8640052017642366
0.332302391013039 0.8640052017642366
0.33634279505344306 0.8640052017642366
0.34038319909384707 0.8640052017642366
0.34442360313425113 0.8640052017642366
0.3484640071746552 0.8640052017642366
0.3525044112150592 0.8640052017642366
0.3565448152554632 0.8640052017642366
0.3605852192958673 0.8640052017642366
0.36462562333627135 0.8640052017642366
0.36866602737667536 0.8640052017642366
0.3727064314170794 0.8640052017642366
0.37674683545748344 0.8640052017642366
0.3807872394978875 0.8640052017642366
0.3848276435382915 0.8640052017642366
0.3888680475786956 0.8640052017642366
0.3929084516190996 0.8640052017642366
0.39694885565950366 0.8640052017642366
0.4009892596999077 0.8640052017642366
0.40502966374031174 0.8640052017642366
0.40907006778071575 0.8640052017642366
0.4131104718211198 0.8640052017642366
0.4171508758615239 0.8640052017642366
0.4211912799019279 0.8640052017642366
0.4252316839423319 0.8640052017642366
0.429272087982736 0.8640052017642366
0.43331249202314004 0.8640052017642366
0.43735289606354405 0.8640052017642366
0.44139330010394806 0.8640052017642366
0.4454337041443521 0.8640052017642366
0.4494741081847562 0.8640052017642366
0.4535145122251602 0.8640052017642366
0.4575549162655642 0.8640052017642366
0.4615953203059683 0.8640052017642366
0.46563572434637235 0.8640052017642366
0.4696761283867764 0.8640052017642366
0.4737165324271804 0.8640052017642366
0.47775693646758444 0.8640052017642366
0.4817973405079885 0.8640052017642366
0.48583774454839257 0.8640052017642366
0.4898781485887966 0.8640052017642366
0.4939185526292006 0.8640052017642366
0.49795895666960466 0.8640052017642366
0.5100801687908167 0.8640052017642366
0.5141205728312208 0.8640052017642366
0.5181609768716249 0.8640052017642366
0.522201380912029 0.8640052017642366
0.526241784952433 0.8640052017642366
0.530282188992837 0.8640052017642366
0.534322593033241 0.8640052017642366
0.5383629970736451 0.8640052017642366
0.542403401114049 0.8640052017642366
0.5464438051544531 0.8640052017642366
0.5504842091948572 0.8640052017642366
0.5545246132352613 0.8640052017642366
0.5585650172756653 0.8640052017642366
0.5626054213160694 0.8640052017642366
0.5666458253564733 0.8640052017642366
0.5706862293968774 0.8640052017642366
0.5747266334372814 0.8640052017642366
0.5787670374776854 0.8640052017642366
0.5828074415180895 0.8640052017642366
0.5868478455584936 0.8640052017642366
0.5908882495988976 0.8640052017642366
0.5949286536393017 0.8640052017642366
0.5989690576797057 0.8640052017642366
0.6030094617201097 0.8640052017642366
0.6070498657605137 0.8640052017642366
0.6110902698009177 0.8640052017642366
0.6151306738413218 0.8640052017642366
0.6191710778817259 0.8640052017642366
0.6232114819221299 0.8640052017642366
0.627251885962534 0.8640052017642366
0.6312922900029381 0.8640052017642366
0.635332694043342 0.8640052017642366
0.6393730980837461 0.8640052017642366
0.64341350212415 0.8640052017642366
0.6474539061645541 0.8640052017642366
0.6514943102049582 0.8640052017642366
0.6555347142453622 0.8640052017642366
0.6595751182857663 0.8640052017642366
0.6636155223261704 0.8640052017642366
0.6676559263665743 0.8640052017642366
0.6716963304069784 0.8640052017642366
0.6757367344473824 0.8640052017642366
0.6797771384877864 0.8640052017642366
0.6838175425281905 0.8640052017642366
0.6878579465685946 0.8640052017642366
0.6918983506089986 0.8640052017642366
0.6959387546494027 0.8640052017642366
0.6999791586898068 0.8640052017642366
0.2999791586898067 0.8680456058046406
0.3040195627302107 0.8680456058046406
0.30805996677061476 0.8680456058046406
0.3121003708110188 0.8680456058046406
0.31614077485142283 0.8680456058046406
0.32018117889182685 0.8680456058046406
0.3242215829322309 0.8680456058046406
0.328261986972635 0.8680456058046406
0.332302391013039 0.8680456058046406
0.33634279505344306 0.8680456058046406
0.34038319909384707 0.8680456058046406
0.34442360313425113 0.8680456058046406
0.3484640071746552 0.8680456058046406
0.3525044112150592 0.8680456058046406
0.3565448152554632 0.8680456058046406
0.3605852192958673 0.8680456058046406
0.36462562333627135 0.8680456058046406
0.36866602737667536 0.8680456058046406
0.3727064314170794 0.8680456058046406
0.37674683545748344 0.8680456058046406
0.3807872394978875 0.8680456058046406
0.3848276435382915 0.8680456058046406
0.3888680475786956 0.8680456058046406
0.3929084516190996 0.8680456058046406
0.39694885565950366 0.8680456058046406
0.4009892596999077 0.8680456058046406
0.40502966374031174 0.8680456058046406
0.40907006778071575 0.8680456058046406
0.4131104718211198 0.8680456058046406
0.4171508758615239 0.8680456058046406
0.4211912799019279 0.8680456058046406
0.4252316839423319 0.8680456058046406
0.429272087982736 0.8680456058046406
0.43331249202314004 0.8680456058046406
0.43735289606354405 0.8680456058046406
0.44139330010394806 0.8680456058046406
0.4454337041443521 0.8680456058046406
0.4494741081847562 0.8680456058046406
0.4535145122251602 0.8680456058046406
0.4575549162655642 0.8680456058046406
0.4615953203059683 0.8680456058046406
0.46563572434637235 0.8680456058046406
0.4696761283867764 0.8680456058046406
0.4737165324271804 0.8680456058046406
0.47775693646758444 0.8680456058046406
0.4817973405079885 0.8680456058046406
0.48583774454839257 0.8680456058046406
0.4898781485887966 0.8680456058046406
0.5019993607100087 0.8680456058046406
0.5060397647504127 0.8680456058046406
0.5100801687908167 0.8680456058046406
0.5141205728312208 0.8680456058046406
0.5181609768716249 0.8680456058046406
0.526241784952433 0.8680456058046406
0.530282188992837 0.8680456058046406
0.534322593033241 0.8680456058046406
0.5383629970736451 0.8680456058046406
0.542403401114049 0.8680456058046406
0.5464438051544531 0.8680456058046406
0.5504842091948572 0.8680456058046406
0.5545246132352613 0.8680456058046406
0.5585650172756653 0.8680456058046406
0.5626054213160694 0.8680456058046406
0.5666458253564733 0.8680456058046406
0.5706862293968774 0.8680456058046406
0.5747266334372814 0.8680456058046406
0.5787670374776854 0.8680456058046406
0.5828074415180895 0.8680456058046406
0.5868478455584936 0.8680456058046406
0.5908882495988976 0.8680456058046406
0.5949286536393017 0.8680456058046406
0.5989690576797057 0.8680456058046406
0.6030094617201097 0.8680456058046406
0.6070498657605137 0.8680456058046406
0.6110902698009177 0.8680456058046406
0.6151306738413218 0.8680456058046406
0.6191710778817259 0.8680456058046406
0.6232114819221299 0.8680456058046406
0.627251885962534 0.8680456058046406
0.6312922900029381 0.8680456058046406
0.635332694043342 0.8680456058046406
0.6393730980837461 0.8680456058046406
0.64341350212415 0.8680456058046406
0.6474539061645541 0.8680456058046406
0.6514943102049582 0.8680456058046406
0.6555347142453622 0.8680456058046406
0.6595751182857663 0.8680456058046406
0.6636155223261704 0.8680456058046406
0.6676559263665743 0.8680456058046406
0.6716963304069784 0.8680456058046406
0.6757367344473824 0.8680456058046406
0.6797771384877864 0.8680456058046406
0.6838175425281905 0.8680456058046406
0.6878579465685946 0.8680456058046406
0.6918983506089986 0.8680456058046406
0.6959387546494027 0.8680456058046406
0.6999791586898068 0.8680456058046406
0.2999791586898067 0.8720860098450447
0.3040195627302107 0.8720860098450447
0.30805996677061476 0.8720860098450447
0.3121003708110188 0.8720860098450447
0.31614077485142283 0.8720860098450447
0.32018117889182685 0.8720860098450447
0.3242215829322309 0.8720860098450447
0.328261986972635 0.8720860098450447
0.332302391013039 0.8720860098450447
0.33634279505344306 0.8720860098450447
0.34038319909384707 0.8720860098450447
0.34442360313425113 0.8720860098450447
0.3484640071746552 0.8720860098450447
0.3525044112150592 0.8720860098450447
0.3565448152554632 0.8720860098450447
0.3605852192958673 0.8720860098450447
0.36462562333627135 0.8720860098450447
0.36866602737667536 0.8720860098450447
0.3727064314170794 0.8720860098450447
0.37674683545748344 0.8720860098450447
0.3807872394978875 0.8720860098450447
0.3848276435382915 0.8720860098450447
0.3888680475786956 0.8720860098450447
0.3929084516190996 0.8720860098450447
0.39694885565950366 0.8720860098450447
0.4009892596999077 0.8720860098450447
0.40502966374031174 0.8720860098450447
0.40907006778071575 0.8720860098450447
0.4131104718211198 0.8720860098450447
0.4171508758615239 0.8720860098450447
0.4211912799019279 0.8720860098450447
0.4252316839423319 0.8720860098450447
0.429272087982736 0.8720860098450447
0.43331249202314004 0.8720860098450447
0.43735289606354405 0.8720860098450447
0.44139330010394806 0.8720860098450447
0.4454337041443521 0.8720860098450447
0.4494741081847562 0.8720860098450447
0.4535145122251602 0.8720860098450447
0.4575549162655642 0.8720860098450447
0.4615953203059683 0.8720860098450447
0.46563572434637235 0.8720860098450447
0.4696761283867764 0.8720860098450447
0.4737165324271804 0.8720860098450447
0.47775693646758444 0.8720860098450447
0.4817973405079885 0.8720860098450447
0.4939185526292006 0.8720860098450447
0.49795895666960466 0.8720860098450447
0.5019993607100087 0.8720860098450447
0.5060397647504127 0.8720860098450447
0.5100801687908167 0.8720860098450447
0.5141205728312208 0.8720860098450447
0.5181609768716249 0.8720860098450447
0.522201380912029 0.8720860098450447
0.526241784952433 0.8720860098450447
0.530282188992837 0.8720860098450447
0.534322593033241 0.8720860098450447
0.5383629970736451 0.8720860098450447
0.542403401114049 0.8720860098450447
0.5464438051544531 0.8720860098450447
0.5504842091948572 0.8720860098450447
0.5545246132352613 0.8720860098450447
0.5585650172756653 0.8720860098450447
0.5626054213160694 0.8720860098450447
0.5666458253564733 0.8720860098450447
0.5706862293968774 0.8720860098450447
0.5747266334372814 0.8720860098450447
0.5787670374776854 0.8720860098450447
0.5828074415180895 0.8720860098450447
0.5868478455584936 0.8720860098450447
0.5908882495988976 0.8720860098450447
0.5949286536393017 0.8720860098450447
0.5989690576797057 0.8720860098450447
0.6030094617201097 0.8720860098450447
0.6070498657605137 0.8720860098450447
0.6110902698009177 0.8720860098450447
0.6151306738413218 0.8720860098450447
0.6191710778817259 0.8720860098450447
0.6232114819221299 0.8720860098450447
0.627251885962534 0.8720860098450447
0.6312922900029381 0.8720860098450447
0.635332694043342 0.8720860098450447
0.6393730980837461 0.8720860098450447
0.64341350212415 0.8720860098450447
0.6474539061645541 0.8720860098450447
0.6514943102049582 0.8720860098450447
0.6555347142453622 0.8720860098450447
0.6595751182857663 0.8720860098450447
0.6636155223261704 0.8720860098450447
0.6676559263665743 0.8720860098450447
0.6716963304069784 0.8720860098450447
0.6757367344473824 0.8720860098450447
0.6797771384877864 0.8720860098450447
0.6838175425281905 0.8720860098450447
0.6878579465685946 0.8720860098450447
0.6918983506089986 0.8720860098450447
0.6959387546494027 0.8720860098450447
0.6999791586898068 0.8720860098450447
0.2999791586898067 0.8761264138854487
0.3040195627302107 0.8761264138854487
0.30805996677061476 0.8761264138854487
0.3121003708110188 0.8761264138854487
0.31614077485142283 0.8761264138854487
0.32018117889182685 0.8761264138854487
0.3242215829322309 0.8761264138854487
0.328261986972635 0.8761264138854487
0.332302391013039 0.8761264138854487
0.33634279505344306 0.8761264138854487
0.34038319909384707 0.8761264138854487
0.34442360313425113 0.8761264138854487
0.3484640071746552 0.8761264138854487
0.3525044112150592 0.8761264138854487
0.3565448152554632 0.8761264138854487
0.3605852192958673 0.8761264138854487
0.36462562333627135 0.8761264138854487
0.36866602737667536 0.8761264138854487
0.3727064314170794 0.8761264138854487
0.37674683545748344 0.8761264138854487
0.3807872394978875 0.8761264138854487
0.3848276435382915 0.8761264138854487
0.3888680475786956 0.8761264138854487
0.3929084516190996 0.8761264138854487
0.39694885565950366 0.8761264138854487
0.4009892596999077 0.8761264138854487
0.40502966374031174 0.8761264138854487
0.40907006778071575 0.8761264138854487
0.4131104718211198 0.8761264138854487
0.4171508758615239 0.8761264138854487
0.4211912799019279 0.8761264138854487
0.4252316839423319 0.8761264138854487
0.429272087982736 0.8761264138854487
0.43331249202314004 0.8761264138854487
0.43735289606354405 0.8761264138854487
0.44139330010394806 0.8761264138854487
0.4454337041443521 0.8761264138854487
0.4494741081847562 0.8761264138854487
0.4535145122251602 0.8761264138854487
0.4575549162655642 0.8761264138854487
0.4615953203059683 0.8761264138854487
0.46563572434637235 0.8761264138854487
0.4696761283867764 0.8761264138854487
0.4737165324271804 0.8761264138854487
0.47775693646758444 0.8761264138854487
0.4898781485887966 0.8761264138854487
0.4939185526292006 0.8761264138854487
0.49795895666960466 0.8761264138854487
0.5019993607100087 0.8761264138854487
0.5060397647504127 0.8761264138854487
0.5100801687908167 0.8761264138854487
0.5141205728312208 0.8761264138854487
0.5181609768716249 0.8761264138854487
0.522201380912029 0.8761264138854487
0.526241784952433 0.8761264138854487
0.534322593033241 0.8761264138854487
0.5383629970736451 0.8761264138854487
0.542403401114049 0.8761264138854487
0.5464438051544531 0.8761264138854487
0.5504842091948572 0.8761264138854487
0.5545246132352613 0.8761264138854487
0.5585650172756653 0.8761264138854487
0.5626054213160694 0.8761264138854487
0.5666458253564733 0.8761264138854487
0.5706862293968774 0.8761264138854487
0.5747266334372814 0.8761264138854487
0.5787670374776854 0.8761264138854487
0.5828074415180895 0.8761264138854487
0.5868478455584936 0.8761264138854487
0.5908882495988976 0.8761264138854487
0.5949286536393017 0.8761264138854487
0.5989690576797057 0.8761264138854487
0.6030094617201097 0.8761264138854487
0.6070498657605137 0.8761264138854487
0.6110902698009177 0.8761264138854487
0.6151306738413218 0.8761264138854487
0.6191710778817259 0.8761264138854487
0.6232114819221299 0.8761264138854487
0.627251885962534 0.8761264138854487
0.6312922900029381 0.8761264138854487
0.635332694043342 0.8761264138854487
0.6393730980837461 0.8761264138854487
0.64341350212415 0.8761264138854487
0.6474539061645541 0.8761264138854487
0.6514943102049582 0.8761264138854487
0.6555347142453622 0.8761264138854487
0.6595751182857663 0.8761264138854487
0.6636155223261704 0.8761264138854487
0.6676559263665743 0.8761264138854487
0.6716963304069784 0.8761264138854487
0.6757367344473824 0.8761264138854487
0.6797771384877864 0.8761264138854487
0.6838175425281905 0.8761264138854487
0.6878579465685946 0.8761264138854487
0.6918983506089986 0.8761264138854487
0.6959387546494027 0.8761264138854487
0.6999791586898068 0.8761264138854487
0.2999791586898067 0.8801668179258527
0.3040195627302107 0.8801668179258527
0.30805996677061476 0.8801668179258527
0.3121003708110188 0.8801668179258527
0.31614077485142283 0.8801668179258527
0.32018117889182685 0.8801668179258527
0.3242215829322309 0.8801668179258527
0.328261986972635 0.8801668179258527
0.332302391013039 0.8801668179258527
0.33634279505344306 0.8801668179258527
0.34038319909384707 0.8801668179258527
0.34442360313425113 0.8801668179258527
0.3484640071746552 0.8801668179258527
0.3525044112150592 0.8801668179258527
0.3565448152554632 0.8801668179258527
0.3605852192958673 0.8801668179258527
0.36462562333627135 0.8801668179258527
0.36866602737667536 0.8801668179258527
0.3727064314170794 0.8801668179258527
0.37674683545748344 0.8801668179258527
0.3807872394978875 0.8801668179258527
0.3848276435382915 0.8801668179258527
0.3888680475786956 0.8801668179258527
0.3929084516190996 0.8801668179258527
0.39694885565950366 0.8801668179258527
0.4009892596999077 0.8801668179258527
0.40502966374031174 0.8801668179258527
0.40907006778071575 0.8801668179258527
0.4131104718211198 0.8801668179258527
0.4171508758615239 0.8801668179258527
0.4211912799019279 0.8801668179258527
0.4252316839423319 0.8801668179258527
0.429272087982736 0.8801668179258527
0.43331249202314004 0.8801668179258527
0.43735289606354405 0.8801668179258527
0.44139330010394806 0.8801668179258527
0.4454337041443521 0.8801668179258527
0.4494741081847562 0.8801668179258527
0.4535145122251602 0.8801668179258527
0.4575549162655642 0.8801668179258527
0.4615953203059683 0.8801668179258527
0.46563572434637235 0.8801668179258527
0.4696761283867764 0.8801668179258527
0.4817973405079885 0.8801668179258527
0.48583774454839257 0.8801668179258527
0.4898781485887966 0.8801668179258527
0.4939185526292006 0.8801668179258527
0.49795895666960466 0.8801668179258527
0.5060397647504127 0.8801668179258527
0.5100801687908167 0.8801668179258527
0.5141205728312208 0.8801668179258527
0.5181609768716249 0.8801668179258527
0.522201380912029 0.8801668179258527
0.526241784952433 0.8801668179258527
0.530282188992837 0.8801668179258527
0.534322593033241 0.8801668179258527
0.5383629970736451 0.8801668179258527
0.542403401114049 0.8801668179258527
0.5464438051544531 0.8801668179258527
0.5504842091948572 0.8801668179258527
0.5545246132352613 0.8801668179258527
0.5585650172756653 0.8801668179258527
0.5626054213160694 0.8801668179258527
0.5666458253564733 0.8801668179258527
0.5706862293968774 0.8801668179258527
0.5747266334372814 0.8801668179258527
0.5787670374776854 0.8801668179258527
0.5828074415180895 0.8801668179258527
0.5868478455584936 0.8801668179258527
0.5908882495988976 0.8801668179258527
0.5949286536393017 0.8801668179258527
0.5989690576797057 0.8801668179258527
0.6030094617201097 0.8801668179258527
0.6070498657605137 0.8801668179258527
0.6110902698009177 0.8801668179258527
0.6151306738413218 0.8801668179258527
0.6191710778817259 0.8801668179258527
0.6232114819221299 0.8801668179258527
0.627251885962534 0.8801668179258527
0.6312922900029381 0.8801668179258527
0.635332694043342 0.8801668179258527
0.6393730980837461 0.8801668179258527
0.64341350212415 0.8801668179258527
0.6474539061645541 0.8801668179258527
0.6514943102049582 0.8801668179258527
0.6555347142453622 0.8801668179258527
0.6595751182857663 0.8801668179258527
0.6636155223261704 0.8801668179258527
0.6676559263665743 0.8801668179258527
0.6716963304069784 0.8801668179258527
0.6757367344473824 0.8801668179258527
0.6797771384877864 0.8801668179258527
0.6838175425281905 0.8801668179258527
0.6878579465685946 0.8801668179258527
0.6918983506089986 0.8801668179258527
0.6959387546494027 0.8801668179258527
0.6999791586898068 0.8801668179258527
0.2999791586898067 0.8842072219662568
0.3040195627302107 0.8842072219662568
0.30805996677061476 0.8842072219662568
0.3121003708110188 0.8842072219662568
0.31614077485142283 0.8842072219662568
0.32018117889182685 0.8842072219662568
0.3242215829322309 0.8842072219662568
0.328261986972635 0.8842072219662568
0.332302391013039 0.8842072219662568
0.33634279505344306 0.8842072219662568
0.34038319909384707 0.8842072219662568
0.34442360313425113 0.8842072219662568
0.3484640071746552 0.8842072219662568
0.3525044112150592 0.8842072219662568
0.3565448152554632 0.8842072219662568
0.3605852192958673 0.8842072219662568
0.36462562333627135 0.8842072219662568
0.36866602737667536 0.8842072219662568
0.3727064314170794 0.8842072219662568
0.37674683545748344 0.8842072219662568
0.3807872394978875 0.8842072219662568
0.3848276435382915 0.8842072219662568
0.3888680475786956 0.8842072219662568
0.3929084516190996 0.8842072219662568
0.39694885565950366 0.8842072219662568
0.4009892596999077 0.8842072219662568
0.40502966374031174 0.8842072219662568
0.40907006778071575 0.8842072219662568
0.4131104718211198 0.8842072219662568
0.4171508758615239 0.8842072219662568
0.4211912799019279 0.8842072219662568
0.4252316839423319 0.8842072219662568
0.429272087982736 0.8842072219662568
0.43331249202314004 0.8842072219662568
0.43735289606354405 0.8842072219662568
0.44139330010394806 0.8842072219662568
0.4454337041443521 0.8842072219662568
0.4494741081847562 0.8842072219662568
0.4535145122251602 0.8842072219662568
0.4575549162655642 0.8842072219662568
0.4615953203059683 0.8842072219662568
0.4737165324271804 0.8842072219662568
0.47775693646758444 0.8842072219662568
0.4817973405079885 0.8842072219662568
0.48583774454839257 0.8842072219662568
0.4898781485887966 0.8842072219662568
0.4939185526292006 0.8842072219662568
0.49795895666960466 0.8842072219662568
0.5019993607100087 0.8842072219662568
0.5060397647504127 0.8842072219662568
0.5100801687908167 0.8842072219662568
0.5141205728312208 0.8842072219662568
0.5181609768716249 0.8842072219662568
0.522201380912029 0.8842072219662568
0.526241784952433 0.8842072219662568
0.530282188992837 0.8842072219662568
0.534322593033241 0.8842072219662568
0.5383629970736451 0.8842072219662568
0.542403401114049 0.8842072219662568
0.5464438051544531 0.8842072219662568
0.5504842091948572 0.8842072219662568
0.5545246132352613 0.8842072219662568
0.5585650172756653 0.8842072219662568
0.5626054213160694 0.8842072219662568
0.5666458253564733 0.8842072219662568
0.5706862293968774 0.8842072219662568
0.5747266334372814 0.8842072219662568
0.5787670374776854 0.8842072219662568
0.5828074415180895 0.8842072219662568
0.5868478455584936 0.8842072219662568
0.5908882495988976 0.8842072219662568
0.5949286536393017 0.8842072219662568
0.5989690576797057 0.8842072219662568
0.6030094617201097 0.8842072219662568
0.6070498657605137 0.8842072219662568
0.6110902698009177 0.8842072219662568
0.6151306738413218 0.8842072219662568
0.6191710778817259 0.8842072219662568
0.6232114819221299 0.8842072219662568
0.627251885962534 0.8842072219662568
0.6312922900029381 0.8842072219662568
0.635332694043342 0.8842072219662568
0.6393730980837461 0.8842072219662568
0.64341350212415 0.8842072219662568
0.6474539061645541 0.8842072219662568
0.6514943102049582 0.8842072219662568
0.6555347142453622 0.8842072219662568
0.6595751182857663 0.8842072219662568
0.6636155223261704 0.8842072219662568
0.6676559263665743 0.8842072219662568
0.6716963304069784 0.8842072219662568
0.6757367344473824 0.8842072219662568
0.6797771384877864 0.8842072219662568
0.6838175425281905 0.8842072219662568
0.6878579465685946 0.8842072219662568
0.6918983506089986 0.8842072219662568
0.6959387546494027 0.8842072219662568
0.6999791586898068 0.8842072219662568
0.2999791586898067 0.8882476260066607
0.3040195627302107 0.8882476260066607
0.30805996677061476 0.8882476260066607
0.3121003708110188 0.8882476260066607
0.31614077485142283 0.8882476260066607
0.32018117889182685 0.8882476260066607
0.3242215829322309 0.8882476260066607
0.328261986972635 0.8882476260066607
0.332302391013039 0.8882476260066607
0.33634279505344306 0.8882476260066607
0.34038319909384707 0.8882476260066607
0.34442360313425113 0.8882476260066607
0.3484640071746552 0.8882476260066607
0.3525044112150592 0.8882476260066607
0.3565448152554632 0.8882476260066607
0.3605852192958673 0.8882476260066607
0.36462562333627135 0.8882476260066607
0.36866602737667536 0.8882476260066607
0.3727064314170794 0.8882476260066607
0.37674683545748344 0.8882476260066607
0.3807872394978875 0.8882476260066607
0.3848276435382915 0.8882476260066607
0.3888680475786956 0.8882476260066607
0.3929084516190996 0.8882476260066607
0.39694885565950366 0.8882476260066607
0.4009892596999077 0.8882476260066607
0.40502966374031174 0.8882476260066607
0.40907006778071575 0.8882476260066607
0.4131104718211198 0.8882476260066607
0.4171508758615239 0.8882476260066607
0.4211912799019279 0.8882476260066607
0.4252316839423319 0.8882476260066607
0.429272087982736 0.8882476260066607
0.43331249202314004 0.8882476260066607
0.43735289606354405 0.8882476260066607
0.44139330010394806 0.8882476260066607
0.4454337041443521 0.8882476260066607
0.4494741081847562 0.8882476260066607
0.4535145122251602 0.8882476260066607
0.46563572434637235 0.8882476260066607
0.4696761283867764 0.8882476260066607
0.4737165324271804 0.8882476260066607
0.47775693646758444 0.8882476260066607
0.4817973405079885 0.8882476260066607
0.48583774454839257 0.8882476260066607
0.4898781485887966 0.8882476260066607
0.4939185526292006 0.8882476260066607
0.49795895666960466 0.8882476260066607
0.5019993607100087 0.8882476260066607
0.5060397647504127 0.8882476260066607
0.5141205728312208 0.8882476260066607
0.5181609768716249 0.8882476260066607
0.522201380912029 0.8882476260066607
0.526241784952433 0.8882476260066607
0.530282188992837 0.8882476260066607
0.534322593033241 0.8882476260066607
0.5383629970736451 0.8882476260066607
0.542403401114049 0.8882476260066607
0.5464438051544531 0.8882476260066607
0.5504842091948572 0.8882476260066607
0.5545246132352613 0.8882476260066607
0.5585650172756653 0.8882476260066607
0.5626054213160694 0.8882476260066607
0.5666458253564733 0.8882476260066607
0.5706862293968774 0.8882476260066607
0.5747266334372814 0.8882476260066607
0.5787670374776854 0.8882476260066607
0.5828074415180895 0.8882476260066607
0.5868478455584936 0.8882476260066607
0.5908882495988976 0.8882476260066607
0.5949286536393017 0.8882476260066607
0.5989690576797057 0.8882476260066607
0.6030094617201097 0.8882476260066607
0.6070498657605137 0.8882476260066607
0.6110902698009177 0.8882476260066607
0.6151306738413218 0.8882476260066607
0.6191710778817259 0.8882476260066607
0.6232114819221299 0.8882476260066607
0.627251885962534 0.8882476260066607
0.6312922900029381 0.8882476260066607
0.635332694043342 0.8882476260066607
0.6393730980837461 0.8882476260066607
0.64341350212415 0.8882476260066607
0.6474539061645541 0.8882476260066607
0.6514943102049582 0.8882476260066607
0.6555347142453622 0.8882476260066607
0.6595751182857663 0.8882476260066607
0.6636155223261704 0.8882476260066607
0.6676559263665743 0.8882476260066607
0.6716963304069784 0.8882476260066607
0.6757367344473824 0.8882476260066607
0.6797771384877864 0.8882476260066607
0.6838175425281905 0.8882476260066607
0.6878579465685946 0.8882476260066607
0.6918983506089986 0.8882476260066607
0.6959387546494027 0.8882476260066607
0.6999791586898068 0.8882476260066607
0.2999791586898067 0.8922880300470648
0.3040195627302107 0.8922880300470648
0.30805996677061476 0.8922880300470648
0.3121003708110188 0.8922880300470648
0.31614077485142283 0.8922880300470648
0.32018117889182685 0.8922880300470648
0.3242215829322309 0.8922880300470648
0.328261986972635 0.8922880300470648
0.332302391013039 0.8922880300470648
0.33634279505344306 0.8922880300470648
0.34038319909384707 0.8922880300470648
0.34442360313425113 0.8922880300470648
0.3484640071746552 0.8922880300470648
0.3525044112150592 0.8922880300470648
0.3565448152554632 0.8922880300470648
0.3605852192958673 0.8922880300470648
0.36462562333627135 0.8922880300470648
0.36866602737667536 0.8922880300470648
0.3727064314170794 0.8922880300470648
0.37674683545748344 0.8922880300470648
0.3807872394978875 0.8922880300470648
0.3848276435382915 0.8922880300470648
0.3888680475786956 0.8922880300470648
0.3929084516190996 0.8922880300470648
0.39694885565950366 0.8922880300470648
0.4009892596999077 0.8922880300470648
0.40502966374031174 0.8922880300470648
0.40907006778071575 0.8922880300470648
0.4131104718211198 0.8922880300470648
0.4171508758615239 0.8922880300470648
0.4211912799019279 0.8922880300470648
0.4252316839423319 0.8922880300470648
0.429272087982736 0.8922880300470648
0.43331249202314004 0.8922880300470648
0.43735289606354405 0.8922880300470648
0.44139330010394806 0.8922880300470648
0.4454337041443521 0.8922880300470648
0.4575549162655642 0.8922880300470648
0.4615953203059683 0.8922880300470648
0.46563572434637235 0.8922880300470648
0.4696761283867764 0.8922880300470648
0.4737165324271804 0.8922880300470648
0.47775693646758444 0.8922880300470648
0.4817973405079885 0.8922880300470648
0.48583774454839257 0.8922880300470648
0.4898781485887966 0.8922880300470648
0.4939185526292006 0.8922880300470648
0.49795895666960466 0.8922880300470648
0.5019993607100087 0.8922880300470648
0.5060397647504127 0.8922880300470648
0.5100801687908167 0.8922880300470648
0.5141205728312208 0.8922880300470648
0.5181609768716249 0.8922880300470648
0.522201380912029 0.8922880300470648
0.526241784952433 0.8922880300470648
0.530282188992837 0.8922880300470648
0.534322593033241 0.8922880300470648
0.5383629970736451 0.8922880300470648
0.542403401114049 0.8922880300470648
0.5464438051544531 0.8922880300470648
0.5504842091948572 0.8922880300470648
0.5545246132352613 0.8922880300470648
0.5585650172756653 0.8922880300470648
0.5626054213160694 0.8922880300470648
0.5666458253564733 0.8922880300470648
0.5706862293968774 0.8922880300470648
0.5747266334372814 0.8922880300470648
0.5787670374776854 0.8922880300470648
0.5828074415180895 0.8922880300470648
0.5868478455584936 0.8922880300470648
0.5908882495988976 0.8922880300470648
0.5949286536393017 0.8922880300470648
0.5989690576797057 0.8922880300470648
0.6030094617201097 0.8922880300470648
0.6070498657605137 0.8922880300470648
0.6110902698009177 0.8922880300470648
0.6151306738413218 0.8922880300470648
0.6191710778817259 0.8922880300470648
0.6232114819221299 0.8922880300470648
0.627251885962534 0.8922880300470648
0.6312922900029381 0.8922880300470648
0.635332694043342 0.8922880300470648
0.6393730980837461 0.8922880300470648
0.64341350212415 0.8922880300470648
0.6474539061645541 0.8922880300470648
0.6514943102049582 0.8922880300470648
0.6555347142453622 0.8922880300470648
0.6595751182857663 0.8922880300470648
0.6636155223261704 0.8922880300470648
0.6676559263665743 0.8922880300470648
0.6716963304069784 0.8922880300470648
0.6757367344473824 0.8922880300470648
0.6797771384877864 0.8922880300470648
0.6838175425281905 0.8922880300470648
0.6878579465685946 0.8922880300470648
0.6918983506089986 0.8922880300470648
0.6959387546494027 0.8922880300470648
0.6999791586898068 0.8922880300470648
0.2999791586898067 0.8963284340874689
0.3040195627302107 0.8963284340874689
0.30805996677061476 0.8963284340874689
0.3121003708110188 0.8963284340874689
0.31614077485142283 0.8963284340874689
0.32018117889182685 0.8963284340874689
0.3242215829322309 0.8963284340874689
0.328261986972635 0.8963284340874689
0.332302391013039 0.8963284340874689
0.33634279505344306 0.8963284340874689
0.34038319909384707 0.8963284340874689
0.34442360313425113 0.8963284340874689
0.3484640071746552 0.8963284340874689
0.3525044112150592 0.8963284340874689
0.3565448152554632 0.8963284340874689
0.3605852192958673 0.8963284340874689
0.36462562333627135 0.8963284340874689
0.36866602737667536 0.8963284340874689
0.3727064314170794 0.8963284340874689
0.37674683545748344 0.8963284340874689
0.3807872394978875 0.8963284340874689
0.3848276435382915 0.8963284340874689
0.3888680475786956 0.8963284340874689
0.3929084516190996 0.8963284340874689
0.39694885565950366 0.8963284340874689
0.4009892596999077 0.8963284340874689
0.40502966374031174 0.8963284340874689
0.40907006778071575 0.8963284340874689
0.4131104718211198 0.8963284340874689
0.4171508758615239 0.8963284340874689
0.4211912799019279 0.8963284340874689
0.4252316839423319 0.8963284340874689
0.429272087982736 0.8963284340874689
0.43331249202314004 0.8963284340874689
0.43735289606354405 0.8963284340874689
0.4494741081847562 0.8963284340874689
0.4535145122251602 0.8963284340874689
0.4575549162655642 0.8963284340874689
0.4615953203059683 0.8963284340874689
0.46563572434637235 0.8963284340874689
0.4696761283867764 0.8963284340874689
0.4737165324271804 0.8963284340874689
0.47775693646758444 0.8963284340874689
0.4817973405079885 0.8963284340874689
0.48583774454839257 0.8963284340874689
0.4898781485887966 0.8963284340874689
0.4939185526292006 0.8963284340874689
0.49795895666960466 0.8963284340874689
0.5019993607100087 0.8963284340874689
0.5060397647504127 0.8963284340874689
0.5100801687908167 0.8963284340874689
0.5141205728312208 0.8963284340874689
0.5181609768716249 0.8963284340874689
0.522201380912029 0.8963284340874689
0.526241784952433 0.8963284340874689
0.530282188992837 0.8963284340874689
0.534322593033241 0.8963284340874689
0.5383629970736451 0.8963284340874689
0.542403401114049 0.8963284340874689
0.5464438051544531 0.8963284340874689
0.5504842091948572 0.8963284340874689
0.5545246132352613 0.8963284340874689
0.5585650172756653 0.8963284340874689
0.5626054213160694 0.8963284340874689
0.5666458253564733 0.8963284340874689
0.5706862293968774 0.8963284340874689
0.5747266334372814 0.8963284340874689
0.5787670374776854 0.8963284340874689
0.5828074415180895 0.8963284340874689
0.5868478455584936 0.8963284340874689
0.5908882495988976 0.8963284340874689
0.5949286536393017 0.8963284340874689
0.5989690576797057 0.8963284340874689
0.6030094617201097 0.8963284340874689
0.6070498657605137 0.8963284340874689
0.6110902698009177 0.8963284340874689
0.6151306738413218 0.8963284340874689
0.6191710778817259 0.8963284340874689
0.6232114819221299 0.8963284340874689
0.627251885962534 0.8963284340874689
0.6312922900029381 0.8963284340874689
0.635332694043342 0.8963284340874689
0.6393730980837461 0.8963284340874689
0.64341350212415 0.8963284340874689
0.6474539061645541 0.8963284340874689
0.6514943102049582 0.8963284340874689
0.6555347142453622 0.8963284340874689
0.6595751182857663 0.8963284340874689
0.6636155223261704 0.8963284340874689
0.6676559263665743 0.8963284340874689
0.6716963304069784 0.8963284340874689
0.6757367344473824 0.8963284340874689
0.6797771384877864 0.8963284340874689
0.6838175425281905 0.8963284340874689
0.6878579465685946 0.8963284340874689
0.6918983506089986 0.8963284340874689
0.6959387546494027 0.8963284340874689
0.6999791586898068 0.8963284340874689
0.2999791586898067 0.9003688381278729
0.3040195627302107 0.9003688381278729
0.30805996677061476 0.9003688381278729
0.3121003708110188 0.9003688381278729
0.31614077485142283 0.9003688381278729
0.32018117889182685 0.9003688381278729
0.3242215829322309 0.9003688381278729
0.328261986972635 0.9003688381278729
0.332302391013039 0.9003688381278729
0.33634279505344306 0.9003688381278729
0.34038319909384707 0.9003688381278729
0.34442360313425113 0.9003688381278729
0.3484640071746552 0.9003688381278729
0.3525044112150592 0.9003688381278729
0.3565448152554632 0.9003688381278729
0.3605852192958673 0.9003688381278729
0.36462562333627135 0.9003688381278729
0.36866602737667536 0.9003688381278729
0.3727064314170794 0.9003688381278729
0.37674683545748344 0.9003688381278729
0.3807872394978875 0.9003688381278729
0.3848276435382915 0.9003688381278729
0.3888680475786956 0.9003688381278729
0.3929084516190996 0.9003688381278729
0.39694885565950366 0.9003688381278729
0.4009892596999077 0.9003688381278729
0.40502966374031174 0.9003688381278729
0.40907006778071575 0.9003688381278729
0.4131104718211198 0.9003688381278729
0.4171508758615239 0.9003688381278729
0.4211912799019279 0.9003688381278729
0.4252316839423319 0.9003688381278729
0.429272087982736 0.9003688381278729
0.44139330010394806 0.9003688381278729
0.4454337041443521 0.9003688381278729
0.4494741081847562 0.9003688381278729
0.4535145122251602 0.9003688381278729
0.4575549162655642 0.9003688381278729
0.4615953203059683 0.9003688381278729
0.46563572434637235 0.9003688381278729
0.4696761283867764 0.9003688381278729
0.4737165324271804 0.9003688381278729
0.47775693646758444 0.9003688381278729
0.4817973405079885 0.9003688381278729
0.48583774454839257 0.9003688381278729
0.4898781485887966 0.9003688381278729
0.4939185526292006 0.9003688381278729
0.49795895666960466 0.9003688381278729
0.5019993607100087 0.9003688381278729
0.5060397647504127 0.9003688381278729
0.5100801687908167 0.9003688381278729
0.5141205728312208 0.9003688381278729
0.5181609768716249 0.9003688381278729
0.522201380912029 0.9003688381278729
0.526241784952433 0.9003688381278729
0.530282188992837 0.9003688381278729
0.534322593033241 0.9003688381278729
0.5383629970736451 0.9003688381278729
0.542403401114049 0.9003688381278729
0.5464438051544531 0.9003688381278729
0.5504842091948572 0.9003688381278729
0.5545246132352613 0.9003688381278729
0.5585650172756653 0.9003688381278729
0.5626054213160694 0.9003688381278729
0.5666458253564733 0.9003688381278729
0.5706862293968774 0.9003688381278729
0.5747266334372814 0.9003688381278729
0.5787670374776854 0.9003688381278729
0.5828074415180895 0.9003688381278729
0.5868478455584936 0.9003688381278729
0.5908882495988976 0.9003688381278729
0.5949286536393017 0.9003688381278729
0.5989690576797057 0.9003688381278729
0.6030094617201097 0.9003688381278729
0.6070498657605137 0.9003688381278729
0.6110902698009177 0.9003688381278729
0.6151306738413218 0.9003688381278729
0.6191710778817259 0.9003688381278729
0.6232114819221299 0.9003688381278729
0.627251885962534 0.9003688381278729
0.6312922900029381 0.9003688381278729
0.635332694043342 0.9003688381278729
0.6393730980837461 0.9003688381278729
0.64341350212415 0.9003688381278729
0.6474539061645541 0.9003688381278729
0.6514943102049582 0.9003688381278729
0.6555347142453622 0.9003688381278729
0.6595751182857663 0.9003688381278729
0.6636155223261704 0.9003688381278729
0.6676559263665743 0.9003688381278729
0.6716963304069784 0.9003688381278729
0.6757367344473824 0.9003688381278729
0.6797771384877864 0.9003688381278729
0.6838175425281905 0.9003688381278729
0.6878579465685946 0.9003688381278729
0.6918983506089986 0.9003688381278729
0.6959387546494027 0.9003688381278729
0.6999791586898068 0.9003688381278729
0.2999791586898067 0.904409242168277
0.3040195627302107 0.904409242168277
0.30805996677061476 0.904409242168277
0.3121003708110188 0.904409242168277
0.31614077485142283 0.904409242168277
0.32018117889182685 0.904409242168277
0.3242215829322309 0.904409242168277
0.328261986972635 0.904409242168277
0.332302391013039 0.904409242168277
0.33634279505344306 0.904409242168277
0.34038319909384707 0.904409242168277
0.34442360313425113 0.904409242168277
0.3484640071746552 0.904409242168277
0.3525044112150592 0.904409242168277
0.3565448152554632 0.904409242168277
0.3605852192958673 0.904409242168277
0.36462562333627135 0.904409242168277
0.36866602737667536 0.904409242168277
0.3727064314170794 0.904409242168277
0.37674683545748344 0.904409242168277
0.3807872394978875 0.904409242168277
0.3848276435382915 0.904409242168277
0.3888680475786956 0.904409242168277
0.3929084516190996 0.904409242168277
0.39694885565950366 0.904409242168277
0.4009892596999077 0.904409242168277
0.40502966374031174 0.904409242168277
0.40907006778071575 0.904409242168277
0.4131104718211198 0.904409242168277
0.4171508758615239 0.904409242168277
0.4211912799019279 0.904409242168277
0.43331249202314004 0.904409242168277
0.43735289606354405 0.904409242168277
0.44139330010394806 0.904409242168277
0.4454337041443521 0.904409242168277
0.4494741081847562 0.904409242168277
0.4535145122251602 0.904409242168277
0.4575549162655642 0.904409242168277
0.4615953203059683 0.904409242168277
0.46563572434637235 0.904409242168277
0.4696761283867764 0.904409242168277
0.4737165324271804 0.904409242168277
0.47775693646758444 0.904409242168277
0.4817973405079885 0.904409242168277
0.48583774454839257 0.904409242168277
0.4898781485887966 0.904409242168277
0.4939185526292006 0.904409242168277
0.49795895666960466 0.904409242168277
0.5019993607100087 0.904409242168277
0.5060397647504127 0.904409242168277
0.5100801687908167 0.904409242168277
0.5141205728312208 0.904409242168277
0.5181609768716249 0.904409242168277
0.522201380912029 0.904409242168277
0.526241784952433 0.904409242168277
0.530282188992837 0.904409242168277
0.534322593033241 0.904409242168277
0.5383629970736451 0.904409242168277
0.542403401114049 0.904409242168277
0.5464438051544531 0.904409242168277
0.5504842091948572 0.904409242168277
0.5545246132352613 0.904409242168277
0.5585650172756653 0.904409242168277
0.5626054213160694 0.904409242168277
0.5666458253564733 0.904409242168277
0.5706862293968774 0.904409242168277
0.5747266334372814 0.904409242168277
0.5787670374776854 0.904409242168277
0.5828074415180895 0.904409242168277
0.5868478455584936 0.904409242168277
0.5908882495988976 0.904409242168277
0.5949286536393017 0.904409242168277
0.5989690576797057 0.904409242168277
0.6030094617201097 0.904409242168277
0.6070498657605137 0.904409242168277
0.6110902698009177 0.904409242168277
0.6151306738413218 0.904409242168277
0.6191710778817259 0.904409242168277
0.6232114819221299 0.904409242168277
0.627251885962534 0.904409242168277
0.6312922900029381 0.904409242168277
0.635332694043342 0.904409242168277
0.6393730980837461 0.904409242168277
0.64341350212415 0.904409242168277
0.6474539061645541 0.904409242168277
0.6514943102049582 0.904409242168277
0.6555347142453622 0.904409242168277
0.6595751182857663 0.904409242168277
0.6636155223261704 0.904409242168277
0.6676559263665743 0.904409242168277
0.6716963304069784 0.904409242168277
0.6757367344473824 0.904409242168277
0.6797771384877864 0.904409242168277
0.6838175425281905 0.904409242168277
0.6878579465685946 0.904409242168277
0.6918983506089986 0.904409242168277
0.6959387546494027 0.904409242168277
0.6999791586898068 0.904409242168277
0.2999791586898067 0.9084496462086811
0.3040195627302107 0.9084496462086811
0.30805996677061476 0.9084496462086811
0.3121003708110188 0.9084496462086811
0.31614077485142283 0.9084496462086811
0.32018117889182685 0.9084496462086811
0.3242215829322309 0.9084496462086811
0.328261986972635 0.9084496462086811
0.332302391013039 0.9084496462086811
0.33634279505344306 0.9084496462086811
0.34038319909384707 0.9084496462086811
0.34442360313425113 0.9084496462086811
0.3484640071746552 0.9084496462086811
0.3525044112150592 0.9084496462086811
0.3565448152554632 0.9084496462086811
0.3605852192958673 0.9084496462086811
0.36462562333627135 0.9084496462086811
0.36866602737667536 0.9084496462086811
0.3727064314170794 0.9084496462086811
0.37674683545748344 0.9084496462086811
0.3807872394978875 0.9084496462086811
0.3848276435382915 0.9084496462086811
0.3888680475786956 0.9084496462086811
0.3929084516190996 0.9084496462086811
0.39694885565950366 0.9084496462086811
0.4009892596999077 0.9084496462086811
0.40502966374031174 0.9084496462086811
0.40907006778071575 0.9084496462086811
0.4131104718211198 0.9084496462086811
0.4252316839423319 0.9084496462086811
0.429272087982736 0.9084496462086811
0.43735289606354405 0.9084496462086811
0.44139330010394806 0.9084496462086811
0.4454337041443521 0.9084496462086811
0.4494741081847562 0.9084496462086811
0.4535145122251602 0.9084496462086811
0.4575549162655642 0.9084496462086811
0.4615953203059683 0.9084496462086811
0.46563572434637235 0.9084496462086811
0.4696761283867764 0.9084496462086811
0.4737165324271804 0.9084496462086811
0.47775693646758444 0.9084496462086811
0.4817973405079885 0.9084496462086811
0.48583774454839257 0.9084496462086811
0.4898781485887966 0.9084496462086811
0.4939185526292006 0.9084496462086811
0.49795895666960466 0.9084496462086811
0.5019993607100087 0.9084496462086811
0.5060397647504127 0.9084496462086811
0.5100801687908167 0.9084496462086811
0.5141205728312208 0.9084496462086811
0.5181609768716249 0.9084496462086811
0.522201380912029 0.9084496462086811
0.526241784952433 0.9084496462086811
0.530282188992837 0.9084496462086811
0.534322593033241 0.9084496462086811
0.5383629970736451 0.9084496462086811
0.542403401114049 0.9084496462086811
0.5464438051544531 0.9084496462086811
0.5504842091948572 0.9084496462086811
0.5545246132352613 0.9084496462086811
0.5585650172756653 0.9084496462086811
0.5626054213160694 0.9084496462086811
0.5666458253564733 0.9084496462086811
0.5706862293968774 0.9084496462086811
0.5747266334372814 0.9084496462086811
0.5787670374776854 0.9084496462086811
0.5828074415180895 0.9084496462086811
0.5868478455584936 0.9084496462086811
0.5908882495988976 0.9084496462086811
0.5949286536393017 0.9084496462086811
0.5989690576797057 0.9084496462086811
0.6030094617201097 0.9084496462086811
0.6070498657605137 0.9084496462086811
0.6110902698009177 0.9084496462086811
0.6151306738413218 0.9084496462086811
0.6191710778817259 0.9084496462086811
0.6232114819221299 0.9084496462086811
0.627251885962534 0.9084496462086811
0.6312922900029381 0.9084496462086811
0.635332694043342 0.9084496462086811
0.6393730980837461 0.9084496462086811
0.64341350212415 0.9084496462086811
0.6474539061645541 0.9084496462086811
0.6514943102049582 0.9084496462086811
0.6555347142453622 0.9084496462086811
0.6595751182857663 0.9084496462086811
0.6636155223261704 0.9084496462086811
0.6676559263665743 0.9084496462086811
0.6716963304069784 0.9084496462086811
0.6757367344473824 0.9084496462086811
0.6797771384877864 0.9084496462086811
0.6838175425281905 0.9084496462086811
0.6878579465685946 0.9084496462086811
0.6918983506089986 0.9084496462086811
0.6959387546494027 0.9084496462086811
0.6999791586898068 0.9084496462086811
0.2999791586898067 0.912490050249085
0.3040195627302107 0.912490050249085
0.30805996677061476 0.912490050249085
0.3121003708110188 0.912490050249085
0.31614077485142283 0.912490050249085
0.32018117889182685 0.912490050249085
0.3242215829322309 0.912490050249085
0.328261986972635 0.912490050249085
0.332302391013039 0.912490050249085
0.33634279505344306 0.912490050249085
0.34038319909384707 0.912490050249085
0.34442360313425113 0.912490050249085
0.3484640071746552 0.912490050249085
0.3525044112150592 0.912490050249085
0.3565448152554632 0.912490050249085
0.3605852192958673 0.912490050249085
0.36462562333627135 0.912490050249085
0.36866602737667536 0.912490050249085
0.3727064314170794 0.912490050249085
0.37674683545748344 0.912490050249085
0.3807872394978875 0.912490050249085
0.3848276435382915 0.912490050249085
0.3888680475786956 0.912490050249085
0.3929084516190996 0.912490050249085
0.39694885565950366 0.912490050249085
0.4009892596999077 0.912490050249085
0.4171508758615239 0.912490050249085
0.4211912799019279 0.912490050249085
0.4252316839423319 0.912490050249085
0.429272087982736 0.912490050249085
0.43331249202314004 0.912490050249085
0.43735289606354405 0.912490050249085
0.44139330010394806 0.912490050249085
0.4454337041443521 0.912490050249085
0.4494741081847562 0.912490050249085
0.4535145122251602 0.912490050249085
0.4575549162655642 0.912490050249085
0.4615953203059683 0.912490050249085
0.46563572434637235 0.912490050249085
0.4696761283867764 0.912490050249085
0.4737165324271804 0.912490050249085
0.47775693646758444 0.912490050249085
0.4817973405079885 0.912490050249085
0.48583774454839257 0.912490050249085
0.4898781485887966 0.912490050249085
0.4939185526292006 0.912490050249085
0.49795895666960466 0.912490050249085
0.5019993607100087 0.912490050249085
0.5060397647504127 0.912490050249085
0.5100801687908167 0.912490050249085
0.5141205728312208 0.912490050249085
0.5181609768716249 0.912490050249085
0.522201380912029 0.912490050249085
0.526241784952433 0.912490050249085
0.530282188992837 0.912490050249085
0.534322593033241 0.912490050249085
0.5383629970736451 0.912490050249085
0.542403401114049 0.912490050249085
0.5464438051544531 0.912490050249085
0.5504842091948572 0.912490050249085
0.5545246132352613 0.912490050249085
0.5585650172756653 0.912490050249085
0.5626054213160694 0.912490050249085
0.5666458253564733 0.912490050249085
0.5706862293968774 0.912490050249085
0.5747266334372814 0.912490050249085
0.5787670374776854 0.912490050249085
0.5828074415180895 0.912490050249085
0.5868478455584936 0.912490050249085
0.5908882495988976 0.912490050249085
0.5949286536393017 0.912490050249085
0.5989690576797057 0.912490050249085
0.6030094617201097 0.912490050249085
0.6070498657605137 0.912490050249085
0.6110902698009177 0.912490050249085
0.6151306738413218 0.912490050249085
0.6191710778817259 0.912490050249085
0.6232114819221299 0.912490050249085
0.627251885962534 0.912490050249085
0.6312922900029381 0.912490050249085
0.635332694043342 0.912490050249085
0.6393730980837461 0.912490050249085
0.64341350212415 0.912490050249085
0.6474539061645541 0.912490050249085
0.6514943102049582 0.912490050249085
0.6555347142453622 0.912490050249085
0.6595751182857663 0.912490050249085
0.6636155223261704 0.912490050249085
0.6676559263665743 0.912490050249085
0.6716963304069784 0.912490050249085
0.6757367344473824 0.912490050249085
0.6797771384877864 0.912490050249085
0.6838175425281905 0.912490050249085
0.6878579465685946 0.912490050249085
0.6918983506089986 0.912490050249085
0.6959387546494027 0.912490050249085
0.6999791586898068 0.912490050249085
0.2999791586898067 0.9165304542894891
0.3040195627302107 0.9165304542894891
0.30805996677061476 0.9165304542894891
0.3121003708110188 0.9165304542894891
0.31614077485142283 0.9165304542894891
0.32018117889182685 0.9165304542894891
0.3242215829322309 0.9165304542894891
0.328261986972635 0.9165304542894891
0.332302391013039 0.9165304542894891
0.33634279505344306 0.9165304542894891
0.34038319909384707 0.9165304542894891
0.34442360313425113 0.9165304542894891
0.3484640071746552 0.9165304542894891
0.3525044112150592 0.9165304542894891
0.3565448152554632 0.9165304542894891
0.3605852192958673 0.9165304542894891
0.36462562333627135 0.9165304542894891
0.36866602737667536 0.9165304542894891
0.3727064314170794 0.9165304542894891
0.37674683545748344 0.9165304542894891
0.3807872394978875 0.9165304542894891
0.3848276435382915 0.9165304542894891
0.3888680475786956 0.9165304542894891
0.3929084516190996 0.9165304542894891
0.40502966374031174 0.9165304542894891
0.40907006778071575 0.9165304542894891
0.4131104718211198 0.9165304542894891
0.4171508758615239 0.9165304542894891
0.4211912799019279 0.9165304542894891
0.4252316839423319 0.9165304542894891
0.429272087982736 0.9165304542894891
0.43331249202314004 0.9165304542894891
0.43735289606354405 0.9165304542894891
0.44139330010394806 0.9165304542894891
0.4454337041443521 0.9165304542894891
0.4494741081847562 0.9165304542894891
0.4535145122251602 0.9165304542894891
0.4575549162655642 0.9165304542894891
0.4615953203059683 0.9165304542894891
0.46563572434637235 0.9165304542894891
0.4696761283867764 0.9165304542894891
0.4737165324271804 0.9165304542894891
0.47775693646758444 0.9165304542894891
0.4817973405079885 0.9165304542894891
0.48583774454839257 0.9165304542894891
0.4898781485887966 0.9165304542894891
0.4939185526292006 0.9165304542894891
0.49795895666960466 0.9165304542894891
0.5019993607100087 0.9165304542894891
0.5060397647504127 0.9165304542894891
0.5100801687908167 0.9165304542894891
0.5141205728312208 0.9165304542894891
0.5181609768716249 0.9165304542894891
0.522201380912029 0.9165304542894891
0.526241784952433 0.9165304542894891
0.530282188992837 0.9165304542894891
0.534322593033241 0.9165304542894891
0.5383629970736451 0.9165304542894891
0.542403401114049 0.9165304542894891
0.5464438051544531 0.9165304542894891
0.5504842091948572 0.9165304542894891
0.5545246132352613 0.9165304542894891
0.5585650172756653 0.9165304542894891
0.5626054213160694 0.9165304542894891
0.5666458253564733 0.9165304542894891
0.5706862293968774 0.9165304542894891
0.5747266334372814 0.9165304542894891
0.5787670374776854 0.9165304542894891
0.5828074415180895 0.9165304542894891
0.5868478455584936 0.9165304542894891
0.5908882495988976 0.9165304542894891
0.5949286536393017 0.9165304542894891
0.5989690576797057 0.9165304542894891
0.6030094617201097 0.9165304542894891
0.6070498657605137 0.9165304542894891
0.6110902698009177 0.9165304542894891
0.6151306738413218 0.9165304542894891
0.6191710778817259 0.9165304542894891
0.6232114819221299 0.9165304542894891
0.627251885962534 0.9165304542894891
0.6312922900029381 0.9165304542894891
0.635332694043342 0.9165304542894891
0.6393730980837461 0.9165304542894891
0.64341350212415 0.9165304542894891
0.6474539061645541 0.9165304542894891
0.6514943102049582 0.9165304542894891
0.6555347142453622 0.9165304542894891
0.6595751182857663 0.9165304542894891
0.6636155223261704 0.9165304542894891
0.6676559263665743 0.9165304542894891
0.6716963304069784 0.9165304542894891
0.6757367344473824 0.9165304542894891
0.6797771384877864 0.9165304542894891
0.6838175425281905 0.9165304542894891
0.6878579465685946 0.9165304542894891
0.6918983506089986 0.9165304542894891
0.6959387546494027 0.9165304542894891
0.6999791586898068 0.9165304542894891
0.2999791586898067 0.920570858329893
0.3040195627302107 0.920570858329893
0.30805996677061476 0.920570858329893
0.3121003708110188 0.920570858329893
0.31614077485142283 0.920570858329893
0.32018117889182685 0.920570858329893
0.3242215829322309 0.920570858329893
0.328261986972635 0.920570858329893
0.332302391013039 0.920570858329893
0.33634279505344306 0.920570858329893
0.34038319909384707 0.920570858329893
0.34442360313425113 0.920570858329893
0.3484640071746552 0.920570858329893
0.3525044112150592 0.920570858329893
0.3565448152554632 0.920570858329893
0.3605852192958673 0.920570858329893
0.36462562333627135 0.920570858329893
0.36866602737667536 0.920570858329893
0.3727064314170794 0.920570858329893
0.37674683545748344 0.920570858329893
0.3807872394978875 0.920570858329893
0.3848276435382915 0.920570858329893
0.39694885565950366 0.920570858329893
0.4009892596999077 0.920570858329893
0.40502966374031174 0.920570858329893
0.40907006778071575 0.920570858329893
0.4131104718211198 0.920570858329893
0.4171508758615239 0.920570858329893
0.4211912799019279 0.920570858329893
0.4252316839423319 0.920570858329893
0.429272087982736 0.920570858329893
0.43331249202314004 0.920570858329893
0.43735289606354405 0.920570858329893
0.44139330010394806 0.920570858329893
0.4454337041443521 0.920570858329893
0.4494741081847562 0.920570858329893
0.4535145122251602 0.920570858329893
0.4575549162655642 0.920570858329893
0.4615953203059683 0.920570858329893
0.46563572434637235 0.920570858329893
0.4696761283867764 0.920570858329893
0.4737165324271804 0.920570858329893
0.47775693646758444 0.920570858329893
0.4817973405079885 0.920570858329893
0.48583774454839257 0.920570858329893
0.4898781485887966 0.920570858329893
0.4939185526292006 0.920570858329893
0.49795895666960466 0.920570858329893
0.5019993607100087 0.920570858329893
0.5060397647504127 0.920570858329893
0.5100801687908167 0.920570858329893
0.5141205728312208 0.920570858329893
0.5181609768716249 0.920570858329893
0.522201380912029 0.920570858329893
0.526241784952433 0.920570858329893
0.530282188992837 0.920570858329893
0.534322593033241 0.920570858329893
0.5383629970736451 0.920570858329893
0.542403401114049 0.920570858329893
0.5464438051544531 0.920570858329893
0.5504842091948572 0.920570858329893
0.5545246132352613 0.920570858329893
0.5585650172756653 0.920570858329893
0.5626054213160694 0.920570858329893
0.5666458253564733 0.920570858329893
0.5706862293968774 0.920570858329893
0.5747266334372814 0.920570858329893
0.5787670374776854 0.920570858329893
0.5828074415180895 0.920570858329893
0.5868478455584936 0.920570858329893
0.5908882495988976 0.920570858329893
0.5949286536393017 0.920570858329893
0.5989690576797057 0.920570858329893
0.6030094617201097 0.920570858329893
0.6070498657605137 0.920570858329893
0.6110902698009177 0.920570858329893
0.6151306738413218 0.920570858329893
0.6191710778817259 0.920570858329893
0.6232114819221299 0.920570858329893
0.627251885962534 0.920570858329893
0.6312922900029381 0.920570858329893
0.635332694043342 0.920570858329893
0.6393730980837461 0.920570858329893
0.64341350212415 0.920570858329893
0.6474539061645541 0.920570858329893
0.6514943102049582 0.920570858329893
0.6555347142453622 0.920570858329893
0.6595751182857663 0.920570858329893
0.6636155223261704 0.920570858329893
0.6676559263665743 0.920570858329893
0.6716963304069784 0.920570858329893
0.6757367344473824 0.920570858329893
0.6797771384877864 0.920570858329893
0.6838175425281905 0.920570858329893
0.6878579465685946 0.920570858329893
0.6918983506089986 0.920570858329893
0.6959387546494027 0.920570858329893
0.6999791586898068 0.920570858329893
0.2999791586898067 0.9246112623702971
0.3040195627302107 0.9246112623702971
0.30805996677061476 0.9246112623702971
0.3121003708110188 0.9246112623702971
0.31614077485142283 0.9246112623702971
0.32018117889182685 0.9246112623702971
0.3242215829322309 0.9246112623702971
0.328261986972635 0.9246112623702971
0.332302391013039 0.9246112623702971
0.33634279505344306 0.9246112623702971
0.34038319909384707 0.9246112623702971
0.34442360313425113 0.9246112623702971
0.3484640071746552 0.9246112623702971
0.3525044112150592 0.9246112623702971
0.3565448152554632 0.9246112623702971
0.3605852192958673 0.9246112623702971
0.36462562333627135 0.9246112623702971
0.36866602737667536 0.9246112623702971
0.3727064314170794 0.9246112623702971
0.3888680475786956 0.9246112623702971
0.3929084516190996 0.9246112623702971
0.39694885565950366 0.9246112623702971
0.40502966374031174 0.9246112623702971
0.40907006778071575 0.9246112623702971
0.4131104718211198 0.9246112623702971
0.4171508758615239 0.9246112623702971
0.4211912799019279 0.9246112623702971
0.4252316839423319 0.9246112623702971
0.429272087982736 0.9246112623702971
0.43331249202314004 0.9246112623702971
0.43735289606354405 0.9246112623702971
0.44139330010394806 0.9246112623702971
0.4454337041443521 0.9246112623702971
0.4494741081847562 0.9246112623702971
0.4535145122251602 0.9246112623702971
0.4575549162655642 0.9246112623702971
0.4615953203059683 0.9246112623702971
0.46563572434637235 0.9246112623702971
0.4696761283867764 0.9246112623702971
0.4737165324271804 0.9246112623702971
0.47775693646758444 0.9246112623702971
0.4817973405079885 0.9246112623702971
0.48583774454839257 0.9246112623702971
0.4898781485887966 0.9246112623702971
0.4939185526292006 0.9246112623702971
0.49795895666960466 0.9246112623702971
0.5019993607100087 0.9246112623702971
0.5060397647504127 0.9246112623702971
0.5100801687908167 0.9246112623702971
0.5141205728312208 0.9246112623702971
0.5181609768716249 0.9246112623702971
0.522201380912029 0.9246112623702971
0.526241784952433 0.9246112623702971
0.530282188992837 0.9246112623702971
0.534322593033241 0.9246112623702971
0.5383629970736451 0.9246112623702971
0.542403401114049 0.9246112623702971
0.5464438051544531 0.9246112623702971
0.5504842091948572 0.9246112623702971
0.5545246132352613 0.9246112623702971
0.5585650172756653 0.9246112623702971
0.5626054213160694 0.9246112623702971
0.5666458253564733 0.9246112623702971
0.5706862293968774 0.9246112623702971
0.5747266334372814 0.9246112623702971
0.5787670374776854 0.9246112623702971
0.5828074415180895 0.9246112623702971
0.5868478455584936 0.9246112623702971
0.5908882495988976 0.9246112623702971
0.5949286536393017 0.9246112623702971
0.5989690576797057 0.9246112623702971
0.6030094617201097 0.9246112623702971
0.6070498657605137 0.9246112623702971
0.6110902698009177 0.9246112623702971
0.6151306738413218 0.9246112623702971
0.6191710778817259 0.9246112623702971
0.6232114819221299 0.9246112623702971
0.627251885962534 0.9246112623702971
0.6312922900029381 0.9246112623702971
0.635332694043342 0.9246112623702971
0.6393730980837461 0.9246112623702971
0.64341350212415 0.9246112623702971
0.6474539061645541 0.9246112623702971
0.6514943102049582 0.9246112623702971
0.6555347142453622 0.9246112623702971
0.6595751182857663 0.9246112623702971
0.6636155223261704 0.9246112623702971
0.6676559263665743 0.9246112623702971
0.6716963304069784 0.9246112623702971
0.6757367344473824 0.9246112623702971
0.6797771384877864 0.9246112623702971
0.6838175425281905 0.9246112623702971
0.6878579465685946 0.9246112623702971
0.6918983506089986 0.9246112623702971
0.6959387546494027 0.9246112623702971
0.6999791586898068 0.9246112623702971
0.2999791586898067 0.9286516664107012
0.3040195627302107 0.9286516664107012
0.30805996677061476 0.9286516664107012
0.3121003708110188 0.9286516664107012
0.31614077485142283 0.9286516664107012
0.32018117889182685 0.9286516664107012
0.3242215829322309 0.9286516664107012
0.328261986972635 0.9286516664107012
0.332302391013039 0.9286516664107012
0.33634279505344306 0.9286516664107012
0.34038319909384707 0.9286516664107012
0.34442360313425113 0.9286516664107012
0.3484640071746552 0.9286516664107012
0.3525044112150592 0.9286516664107012
0.3565448152554632 0.9286516664107012
0.3605852192958673 0.9286516664107012
0.36462562333627135 0.9286516664107012
0.37674683545748344 0.9286516664107012
0.3807872394978875 0.9286516664107012
0.3848276435382915 0.9286516664107012
0.3888680475786956 0.9286516664107012
0.3929084516190996 0.9286516664107012
0.39694885565950366 0.9286516664107012
0.4009892596999077 0.9286516664107012
0.40502966374031174 0.9286516664107012
0.40907006778071575 0.9286516664107012
0.4131104718211198 0.9286516664107012
0.4171508758615239 0.9286516664107012
0.4211912799019279 0.9286516664107012
0.4252316839423319 0.9286516664107012
0.429272087982736 0.9286516664107012
0.43331249202314004 0.9286516664107012
0.43735289606354405 0.9286516664107012
0.44139330010394806 0.9286516664107012
0.4454337041443521 0.9286516664107012
0.4494741081847562 0.9286516664107012
0.4535145122251602 0.9286516664107012
0.4575549162655642 0.9286516664107012
0.4615953203059683 0.9286516664107012
0.46563572434637235 0.9286516664107012
0.4696761283867764 0.9286516664107012
0.4737165324271804 0.9286516664107012
0.47775693646758444 0.9286516664107012
0.4817973405079885 0.9286516664107012
0.48583774454839257 0.9286516664107012
0.4898781485887966 0.9286516664107012
0.4939185526292006 0.9286516664107012
0.49795895666960466 0.9286516664107012
0.5019993607100087 0.9286516664107012
0.5060397647504127 0.9286516664107012
0.5100801687908167 0.9286516664107012
0.5141205728312208 0.9286516664107012
0.5181609768716249 0.9286516664107012
0.522201380912029 0.9286516664107012
0.526241784952433 0.9286516664107012
0.530282188992837 0.9286516664107012
0.534322593033241 0.9286516664107012
0.5383629970736451 0.9286516664107012
0.542403401114049 0.9286516664107012
0.5464438051544531 0.9286516664107012
0.5504842091948572 0.9286516664107012
0.5545246132352613 0.9286516664107012
0.5585650172756653 0.9286516664107012
0.5626054213160694 0.9286516664107012
0.5666458253564733 0.9286516664107012
0.5706862293968774 0.9286516664107012
0.5747266334372814 0.9286516664107012
0.5787670374776854 0.9286516664107012
0.5828074415180895 0.9286516664107012
0.5868478455584936 0.9286516664107012
0.5908882495988976 0.9286516664107012
0.5949286536393017 0.9286516664107012
0.5989690576797057 0.9286516664107012
0.6030094617201097 0.9286516664107012
0.6070498657605137 0.9286516664107012
0.6110902698009177 0.9286516664107012
0.6151306738413218 0.9286516664107012
0.6191710778817259 0.9286516664107012
0.6232114819221299 0.9286516664107012
0.627251885962534 0.9286516664107012
0.6312922900029381 0.9286516664107012
0.635332694043342 0.9286516664107012
0.6393730980837461 0.9286516664107012
0.64341350212415 0.9286516664107012
0.6474539061645541 0.9286516664107012
0.6514943102049582 0.9286516664107012
0.6555347142453622 0.9286516664107012
0.6595751182857663 0.9286516664107012
0.6636155223261704 0.9286516664107012
0.6676559263665743 0.9286516664107012
0.6716963304069784 0.9286516664107012
0.6757367344473824 0.9286516664107012
0.6797771384877864 0.9286516664107012
0.6838175425281905 0.9286516664107012
0.6878579465685946 0.9286516664107012
0.6918983506089986 0.9286516664107012
0.6959387546494027 0.9286516664107012
0.6999791586898068 0.9286516664107012
0.2999791586898067 0.9326920704511052
0.3040195627302107 0.9326920704511052
0.30805996677061476 0.9326920704511052
0.3121003708110188 0.9326920704511052
0.31614077485142283 0.9326920704511052
0.32018117889182685 0.9326920704511052
0.3242215829322309 0.9326920704511052
0.328261986972635 0.9326920704511052
0.332302391013039 0.9326920704511052
0.33634279505344306 0.9326920704511052
0.34038319909384707 0.9326920704511052
0.34442360313425113 0.9326920704511052
0.3484640071746552 0.9326920704511052
0.3525044112150592 0.9326920704511052
0.36866602737667536 0.9326920704511052
0.3727064314170794 0.9326920704511052
0.37674683545748344 0.9326920704511052
0.3807872394978875 0.9326920704511052
0.3848276435382915 0.9326920704511052
0.3888680475786956 0.9326920704511052
0.3929084516190996 0.9326920704511052
0.39694885565950366 0.9326920704511052
0.4009892596999077 0.9326920704511052
0.40502966374031174 0.9326920704511052
0.40907006778071575 0.9326920704511052
0.4131104718211198 0.9326920704511052
0.4171508758615239 0.9326920704511052
0.4211912799019279 0.9326920704511052
0.4252316839423319 0.9326920704511052
0.429272087982736 0.9326920704511052
0.43331249202314004 0.9326920704511052
0.43735289606354405 0.9326920704511052
0.44139330010394806 0.9326920704511052
0.4454337041443521 0.9326920704511052
0.4494741081847562 0.9326920704511052
0.4535145122251602 0.9326920704511052
0.4575549162655642 0.9326920704511052
0.4615953203059683 0.9326920704511052
0.46563572434637235 0.9326920704511052
0.4696761283867764 0.9326920704511052
0.4737165324271804 0.9326920704511052
0.47775693646758444 0.9326920704511052
0.4817973405079885 0.9326920704511052
0.48583774454839257 0.9326920704511052
0.4898781485887966 0.9326920704511052
0.4939185526292006 0.9326920704511052
0.49795895666960466 0.9326920704511052
0.5019993607100087 0.9326920704511052
0.5060397647504127 0.9326920704511052
0.5100801687908167 0.9326920704511052
0.5141205728312208 0.9326920704511052
0.5181609768716249 0.9326920704511052
0.522201380912029 0.9326920704511052
0.526241784952433 0.9326920704511052
0.530282188992837 0.9326920704511052
0.534322593033241 0.9326920704511052
0.5383629970736451 0.9326920704511052
0.542403401114049 0.9326920704511052
0.5464438051544531 0.9326920704511052
0.5504842091948572 0.9326920704511052
0.5545246132352613 0.9326920704511052
0.5585650172756653 0.9326920704511052
0.5626054213160694 0.9326920704511052
0.5666458253564733 0.9326920704511052
0.5706862293968774 0.9326920704511052
0.5747266334372814 0.9326920704511052
0.5787670374776854 0.9326920704511052
0.5828074415180895 0.9326920704511052
0.5868478455584936 0.9326920704511052
0.5908882495988976 0.9326920704511052
0.5949286536393017 0.9326920704511052
0.5989690576797057 0.9326920704511052
0.6030094617201097 0.9326920704511052
0.6070498657605137 0.9326920704511052
0.6110902698009177 0.9326920704511052
0.6151306738413218 0.9326920704511052
0.6191710778817259 0.9326920704511052
0.6232114819221299 0.9326920704511052
0.627251885962534 0.9326920704511052
0.6312922900029381 0.9326920704511052
0.635332694043342 0.9326920704511052
0.6393730980837461 0.9326920704511052
0.64341350212415 0.9326920704511052
0.6474539061645541 0.9326920704511052
0.6514943102049582 0.9326920704511052
0.6555347142453622 0.9326920704511052
0.6595751182857663 0.9326920704511052
0.6636155223261704 0.9326920704511052
0.6676559263665743 0.9326920704511052
0.6716963304069784 0.9326920704511052
0.6757367344473824 0.9326920704511052
0.6797771384877864 0.9326920704511052
0.6838175425281905 0.9326920704511052
0.6878579465685946 0.9326920704511052
0.6918983506089986 0.9326920704511052
0.6959387546494027 0.9326920704511052
0.6999791586898068 0.9326920704511052
0.2999791586898067 0.9367324744915093
0.3040195627302107 0.9367324744915093
0.30805996677061476 0.9367324744915093
0.3121003708110188 0.9367324744915093
0.31614077485142283 0.9367324744915093
0.32018117889182685 0.9367324744915093
0.3242215829322309 0.9367324744915093
0.328261986972635 0.9367324744915093
0.332302391013039 0.9367324744915093
0.33634279505344306 0.9367324744915093
0.34038319909384707 0.9367324744915093
0.34442360313425113 0.9367324744915093
0.3565448152554632 0.9367324744915093
0.3605852192958673 0.9367324744915093
0.36462562333627135 0.9367324744915093
0.3727064314170794 0.9367324744915093
0.37674683545748344 0.9367324744915093
0.3807872394978875 0.9367324744915093
0.3848276435382915 0.9367324744915093
0.3888680475786956 0.9367324744915093
0.3929084516190996 0.9367324744915093
0.39694885565950366 0.9367324744915093
0.4009892596999077 0.9367324744915093
0.40502966374031174 0.9367324744915093
0.40907006778071575 0.9367324744915093
0.4131104718211198 0.9367324744915093
0.4171508758615239 0.9367324744915093
0.4211912799019279 0.9367324744915093
0.4252316839423319 0.9367324744915093
0.429272087982736 0.9367324744915093
0.43331249202314004 0.9367324744915093
0.43735289606354405 0.9367324744915093
0.44139330010394806 0.9367324744915093
0.4454337041443521 0.9367324744915093
0.4494741081847562 0.9367324744915093
0.4535145122251602 0.9367324744915093
0.4575549162655642 0.9367324744915093
0.4615953203059683 0.9367324744915093
0.46563572434637235 0.9367324744915093
0.4696761283867764 0.9367324744915093
0.4737165324271804 0.9367324744915093
0.47775693646758444 0.9367324744915093
0.4817973405079885 0.9367324744915093
0.48583774454839257 0.9367324744915093
0.4898781485887966 0.9367324744915093
0.4939185526292006 0.9367324744915093
0.49795895666960466 0.9367324744915093
0.5019993607100087 0.9367324744915093
0.5060397647504127 0.9367324744915093
0.5100801687908167 0.9367324744915093
0.5141205728312208 0.9367324744915093
0.5181609768716249 0.9367324744915093
0.522201380912029 0.9367324744915093
0.526241784952433 0.9367324744915093
0.530282188992837 0.9367324744915093
0.534322593033241 0.9367324744915093
0.5383629970736451 0.9367324744915093
0.542403401114049 0.9367324744915093
0.5464438051544531 0.9367324744915093
0.5504842091948572 0.9367324744915093
0.5545246132352613 0.9367324744915093
0.5585650172756653 0.9367324744915093
0.5626054213160694 0.9367324744915093
0.5666458253564733 0.9367324744915093
0.5706862293968774 0.9367324744915093
0.5747266334372814 0.9367324744915093
0.5787670374776854 0.9367324744915093
0.5828074415180895 0.9367324744915093
0.5868478455584936 0.9367324744915093
0.5908882495988976 0.9367324744915093
0.5949286536393017 0.9367324744915093
0.5989690576797057 0.9367324744915093
0.6030094617201097 0.9367324744915093
0.6070498657605137 0.9367324744915093
0.6110902698009177 0.9367324744915093
0.6151306738413218 0.9367324744915093
0.6191710778817259 0.9367324744915093
0.6232114819221299 0.9367324744915093
0.627251885962534 0.9367324744915093
0.6312922900029381 0.9367324744915093
0.635332694043342 0.9367324744915093
0.6393730980837461 0.9367324744915093
0.64341350212415 0.9367324744915093
0.6474539061645541 0.9367324744915093
0.6514943102049582 0.9367324744915093
0.6555347142453622 0.9367324744915093
0.6595751182857663 0.9367324744915093
0.6636155223261704 0.9367324744915093
0.6676559263665743 0.9367324744915093
0.6716963304069784 0.9367324744915093
0.6757367344473824 0.9367324744915093
0.6797771384877864 0.9367324744915093
0.6838175425281905 0.9367324744915093
0.6878579465685946 0.9367324744915093
0.6918983506089986 0.9367324744915093
0.6959387546494027 0.9367324744915093
0.6999791586898068 0.9367324744915093
0.2999791586898067 0.9407728785319134
0.3040195627302107 0.9407728785319134
0.30805996677061476 0.9407728785319134
0.3121003708110188 0.9407728785319134
0.31614077485142283 0.9407728785319134
0.32018117889182685 0.9407728785319134
0.3242215829322309 0.9407728785319134
0.328261986972635 0.9407728785319134
0.332302391013039 0.9407728785319134
0.3484640071746552 0.9407728785319134
0.3525044112150592 0.9407728785319134
0.3565448152554632 0.9407728785319134
0.3605852192958673 0.9407728785319134
0.36462562333627135 0.9407728785319134
0.36866602737667536 0.9407728785319134
0.3727064314170794 0.9407728785319134
0.37674683545748344 0.9407728785319134
0.3807872394978875 0.9407728785319134
0.3848276435382915 0.9407728785319134
0.3888680475786956 0.9407728785319134
0.3929084516190996 0.9407728785319134
0.39694885565950366 0.9407728785319134
0.4009892596999077 0.9407728785319134
0.40502966374031174 0.9407728785319134
0.40907006778071575 0.9407728785319134
0.4131104718211198 0.9407728785319134
0.4171508758615239 0.9407728785319134
0.4211912799019279 0.9407728785319134
0.4252316839423319 0.9407728785319134
0.429272087982736 0.9407728785319134
0.43331249202314004 0.9407728785319134
0.43735289606354405 0.9407728785319134
0.44139330010394806 0.9407728785319134
0.4454337041443521 0.9407728785319134
0.4494741081847562 0.9407728785319134
0.4535145122251602 0.9407728785319134
0.4575549162655642 0.9407728785319134
0.4615953203059683 0.9407728785319134
0.46563572434637235 0.9407728785319134
0.4696761283867764 0.9407728785319134
0.4737165324271804 0.9407728785319134
0.47775693646758444 0.9407728785319134
0.4817973405079885 0.9407728785319134
0.48583774454839257 0.9407728785319134
0.4898781485887966 0.9407728785319134
0.4939185526292006 0.9407728785319134
0.49795895666960466 0.9407728785319134
0.5019993607100087 0.9407728785319134
0.5060397647504127 0.9407728785319134
0.5100801687908167 0.9407728785319134
0.5141205728312208 0.9407728785319134
0.5181609768716249 0.9407728785319134
0.522201380912029 0.9407728785319134
0.526241784952433 0.9407728785319134
0.530282188992837 0.9407728785319134
0.534322593033241 0.9407728785319134
0.5383629970736451 0.9407728785319134
0.542403401114049 0.9407728785319134
0.5464438051544531 0.9407728785319134
0.5504842091948572 0.9407728785319134
0.5545246132352613 0.9407728785319134
0.5585650172756653 0.9407728785319134
0.5626054213160694 0.9407728785319134
0.5666458253564733 0.9407728785319134
0.5706862293968774 0.9407728785319134
0.5747266334372814 0.9407728785319134
0.5787670374776854 0.9407728785319134
0.5828074415180895 0.9407728785319134
0.5868478455584936 0.9407728785319134
0.5908882495988976 0.9407728785319134
0.5949286536393017 0.9407728785319134
0.5989690576797057 0.9407728785319134
0.6030094617201097 0.9407728785319134
0.6070498657605137 0.9407728785319134
0.6110902698009177 0.9407728785319134
0.6151306738413218 0.9407728785319134
0.6191710778817259 0.9407728785319134
0.6232114819221299 0.9407728785319134
0.627251885962534 0.9407728785319134
0.6312922900029381 0.9407728785319134
0.635332694043342 0.9407728785319134
0.6393730980837461 0.9407728785319134
0.64341350212415 0.9407728785319134
0.6474539061645541 0.9407728785319134
0.6514943102049582 0.9407728785319134
0.6555347142453622 0.9407728785319134
0.6595751182857663 0.9407728785319134
0.6636155223261704 0.9407728785319134
0.6676559263665743 0.9407728785319134
0.6716963304069784 0.9407728785319134
0.6757367344473824 0.9407728785319134
0.6797771384877864 0.9407728785319134
0.6838175425281905 0.9407728785319134
0.6878579465685946 0.9407728785319134
0.6918983506089986 0.9407728785319134
0.6959387546494027 0.9407728785319134
0.6999791586898068 0.9407728785319134
0.2999791586898067 0.9448132825723174
0.3040195627302107 0.9448132825723174
0.30805996677061476 0.9448132825723174
0.3121003708110188 0.9448132825723174
0.31614077485142283 0.9448132825723174
0.32018117889182685 0.9448132825723174
0.33634279505344306 0.9448132825723174
0.34038319909384707 0.9448132825723174
0.34442360313425113 0.9448132825723174
0.3484640071746552 0.9448132825723174
0.3525044112150592 0.9448132825723174
0.3605852192958673 0.9448132825723174
0.36462562333627135 0.9448132825723174
0.36866602737667536 0.9448132825723174
0.3727064314170794 0.9448132825723174
0.37674683545748344 0.9448132825723174
0.3807872394978875 0.9448132825723174
0.3848276435382915 0.9448132825723174
0.3888680475786956 0.9448132825723174
0.3929084516190996 0.9448132825723174
0.39694885565950366 0.9448132825723174
0.4009892596999077 0.9448132825723174
0.40502966374031174 0.9448132825723174
0.40907006778071575 0.9448132825723174
0.4131104718211198 0.9448132825723174
0.4171508758615239 0.9448132825723174
0.4211912799019279 0.9448132825723174
0.4252316839423319 0.9448132825723174
0.429272087982736 0.9448132825723174
0.43331249202314004 0.9448132825723174
0.43735289606354405 0.9448132825723174
0.44139330010394806 0.9448132825723174
0.4454337041443521 0.9448132825723174
0.4494741081847562 0.9448132825723174
0.4535145122251602 0.9448132825723174
0.4575549162655642 0.9448132825723174
0.4615953203059683 0.9448132825723174
0.46563572434637235 0.9448132825723174
0.4696761283867764 0.9448132825723174
0.4737165324271804 0.9448132825723174
0.47775693646758444 0.9448132825723174
0.4817973405079885 0.9448132825723174
0.48583774454839257 0.9448132825723174
0.4898781485887966 0.9448132825723174
0.4939185526292006 0.9448132825723174
0.49795895666960466 0.9448132825723174
0.5019993607100087 0.9448132825723174
0.5060397647504127 0.9448132825723174
0.5100801687908167 0.9448132825723174
0.5141205728312208 0.9448132825723174
0.5181609768716249 0.9448132825723174
0.522201380912029 0.9448132825723174
0.526241784952433 0.9448132825723174
0.530282188992837 0.9448132825723174
0.534322593033241 0.9448132825723174
0.5383629970736451 0.9448132825723174
0.542403401114049 0.9448132825723174
0.5464438051544531 0.9448132825723174
0.5504842091948572 0.9448132825723174
0.5545246132352613 0.9448132825723174
0.5585650172756653 0.9448132825723174
0.5626054213160694 0.9448132825723174
0.5666458253564733 0.9448132825723174
0.5706862293968774 0.9448132825723174
0.5747266334372814 0.9448132825723174
0.5787670374776854 0.9448132825723174
0.5828074415180895 0.9448132825723174
0.5868478455584936 0.9448132825723174
0.5908882495988976 0.9448132825723174
0.5949286536393017 0.9448132825723174
0.5989690576797057 0.9448132825723174
0.6030094617201097 0.9448132825723174
0.6070498657605137 0.9448132825723174
0.6110902698009177 0.9448132825723174
0.6151306738413218 0.9448132825723174
0.6191710778817259 0.9448132825723174
0.6232114819221299 0.9448132825723174
0.627251885962534 0.9448132825723174
0.6312922900029381 0.9448132825723174
0.635332694043342 0.9448132825723174
0.6393730980837461 0.9448132825723174
0.64341350212415 0.9448132825723174
0.6474539061645541 0.9448132825723174
0.6514943102049582 0.9448132825723174
0.6555347142453622 0.9448132825723174
0.6595751182857663 0.9448132825723174
0.6636155223261704 0.9448132825723174
0.6676559263665743 0.9448132825723174
0.6716963304069784 0.9448132825723174
0.6757367344473824 0.9448132825723174
0.6797771384877864 0.9448132825723174
0.6838175425281905 0.9448132825723174
0.6878579465685946 0.9448132825723174
0.6918983506089986 0.9448132825723174
0.6959387546494027 0.9448132825723174
0.6999791586898068 0.9448132825723174
0.2999791586898067 0.9488536866127214
0.3040195627302107 0.9488536866127214
0.30805996677061476 0.9488536866127214
0.3242215829322309 0.9488536866127214
0.328261986972635 0.9488536866127214
0.332302391013039 0.9488536866127214
0.33634279505344306 0.9488536866127214
0.34038319909384707 0.9488536866127214
0.34442360313425113 0.9488536866127214
0.3484640071746552 0.9488536866127214
0.3525044112150592 0.9488536866127214
0.3565448152554632 0.9488536866127214
0.3605852192958673 0.9488536866127214
0.36462562333627135 0.9488536866127214
0.36866602737667536 0.9488536866127214
0.3727064314170794 0.9488536866127214
0.37674683545748344 0.9488536866127214
0.3807872394978875 0.9488536866127214
0.3848276435382915 0.9488536866127214
0.3888680475786956 0.9488536866127214
0.39694885565950366 0.9488536866127214
0.4009892596999077 0.9488536866127214
0.40502966374031174 0.9488536866127214
0.40907006778071575 0.9488536866127214
0.4131104718211198 0.9488536866127214
0.4171508758615239 0.9488536866127214
0.4211912799019279 0.9488536866127214
0.4252316839423319 0.9488536866127214
0.429272087982736 0.9488536866127214
0.43331249202314004 0.9488536866127214
0.43735289606354405 0.9488536866127214
0.44139330010394806 0.9488536866127214
0.4454337041443521 0.9488536866127214
0.4494741081847562 0.9488536866127214
0.4535145122251602 0.9488536866127214
0.4575549162655642 0.9488536866127214
0.4615953203059683 0.9488536866127214
0.46563572434637235 0.9488536866127214
0.4696761283867764 0.9488536866127214
0.4737165324271804 0.9488536866127214
0.47775693646758444 0.9488536866127214
0.4817973405079885 0.9488536866127214
0.48583774454839257 0.9488536866127214
0.4898781485887966 0.9488536866127214
0.4939185526292006 0.9488536866127214
0.49795895666960466 0.9488536866127214
0.5019993607100087 0.9488536866127214
0.5060397647504127 0.9488536866127214
0.5100801687908167 0.9488536866127214
0.5141205728312208 0.9488536866127214
0.5181609768716249 0.9488536866127214
0.522201380912029 0.9488536866127214
0.526241784952433 0.9488536866127214
0.530282188992837 0.9488536866127214
0.534322593033241 0.9488536866127214
0.5383629970736451 0.9488536866127214
0.542403401114049 0.9488536866127214
0.5464438051544531 0.9488536866127214
0.5504842091948572 0.9488536866127214
0.5545246132352613 0.9488536866127214
0.5585650172756653 0.9488536866127214
0.5626054213160694 0.9488536866127214
0.5666458253564733 0.9488536866127214
0.5706862293968774 0.9488536866127214
0.5747266334372814 0.9488536866127214
0.5787670374776854 0.9488536866127214
0.5828074415180895 0.9488536866127214
0.5868478455584936 0.9488536866127214
0.5908882495988976 0.9488536866127214
0.5949286536393017 0.9488536866127214
0.5989690576797057 0.9488536866127214
0.6030094617201097 0.9488536866127214
0.6070498657605137 0.9488536866127214
0.6110902698009177 0.9488536866127214
0.6151306738413218 0.9488536866127214
0.6191710778817259 0.9488536866127214
0.6232114819221299 0.9488536866127214
0.627251885962534 0.9488536866127214
0.6312922900029381 0.9488536866127214
0.635332694043342 0.9488536866127214
0.6393730980837461 0.9488536866127214
0.64341350212415 0.9488536866127214
0.6474539061645541 0.9488536866127214
0.6514943102049582 0.9488536866127214
0.6555347142453622 0.9488536866127214
0.6595751182857663 0.9488536866127214
0.6636155223261704 0.9488536866127214
0.6676559263665743 0.9488536866127214
0.6716963304069784 0.9488536866127214
0.6757367344473824 0.9488536866127214
0.6797771384877864 0.9488536866127214
0.6838175425281905 0.9488536866127214
0.6878579465685946 0.9488536866127214
0.6918983506089986 0.9488536866127214
0.6959387546494027 0.9488536866127214
0.6999791586898068 0.9488536866127214
0.3121003708110188 0.9528940906531255
0.31614077485142283 0.9528940906531255
0.32018117889182685 0.9528940906531255
0.3242215829322309 0.9528940906531255
0.328261986972635 0.9528940906531255
0.332302391013039 0.9528940906531255
0.33634279505344306 0.9528940906531255
0.34038319909384707 0.9528940906531255
0.34442360313425113 0.9528940906531255
0.3484640071746552 0.9528940906531255
0.3525044112150592 0.9528940906531255
0.3565448152554632 0.9528940906531255
0.3605852192958673 0.9528940906531255
0.36462562333627135 0.9528940906531255
0.36866602737667536 0.9528940906531255
0.3727064314170794 0.9528940906531255
0.37674683545748344 0.9528940906531255
0.3807872394978875 0.9528940906531255
0.3848276435382915 0.9528940906531255
0.3888680475786956 0.9528940906531255
0.3929084516190996 0.9528940906531255
0.39694885565950366 0.9528940906531255
0.4009892596999077 0.9528940906531255
0.40502966374031174 0.9528940906531255
0.40907006778071575 0.9528940906531255
0.4131104718211198 0.9528940906531255
0.4171508758615239 0.9528940906531255
0.4211912799019279 0.9528940906531255
0.4252316839423319 0.9528940906531255
0.429272087982736 0.9528940906531255
0.43331249202314004 0.9528940906531255
0.43735289606354405 0.9528940906531255
0.44139330010394806 0.9528940906531255
0.4454337041443521 0.9528940906531255
0.4494741081847562 0.9528940906531255
0.4535145122251602 0.9528940906531255
0.4575549162655642 0.9528940906531255
0.4615953203059683 0.9528940906531255
0.46563572434637235 0.9528940906531255
0.4696761283867764 0.9528940906531255
0.4737165324271804 0.9528940906531255
0.47775693646758444 0.9528940906531255
0.4817973405079885 0.9528940906531255
0.48583774454839257 0.9528940906531255
0.4898781485887966 0.9528940906531255
0.4939185526292006 0.9528940906531255
0.49795895666960466 0.9528940906531255
0.5019993607100087 0.9528940906531255
0.5060397647504127 0.9528940906531255
0.5100801687908167 0.9528940906531255
0.5141205728312208 0.9528940906531255
0.5181609768716249 0.9528940906531255
0.522201380912029 0.9528940906531255
0.526241784952433 0.9528940906531255
0.530282188992837 0.9528940906531255
0.534322593033241 0.9528940906531255
0.5383629970736451 0.9528940906531255
0.542403401114049 0.9528940906531255
0.5464438051544531 0.9528940906531255
0.5504842091948572 0.9528940906531255
0.5545246132352613 0.9528940906531255
0.5585650172756653 0.9528940906531255
0.5626054213160694 0.9528940906531255
0.5666458253564733 0.9528940906531255
0.5706862293968774 0.9528940906531255
0.5747266334372814 0.9528940906531255
0.5787670374776854 0.9528940906531255
0.5828074415180895 0.9528940906531255
0.5868478455584936 0.9528940906531255
0.5908882495988976 0.9528940906531255
0.5949286536393017 0.9528940906531255
0.5989690576797057 0.9528940906531255
0.6030094617201097 0.9528940906531255
0.6070498657605137 0.9528940906531255
0.6110902698009177 0.9528940906531255
0.6151306738413218 0.9528940906531255
0.6191710778817259 0.9528940906531255
0.6232114819221299 0.9528940906531255
0.627251885962534 0.9528940906531255
0.6312922900029381 0.9528940906531255
0.635332694043342 0.9528940906531255
0.6393730980837461 0.9528940906531255
0.64341350212415 0.9528940906531255
0.6474539061645541 0.9528940906531255
0.6514943102049582 0.9528940906531255
0.6555347142453622 0.9528940906531255
0.6595751182857663 0.9528940906531255
0.6636155223261704 0.9528940906531255
0.6676559263665743 0.9528940906531255
0.6716963304069784 0.9528940906531255
0.6757367344473824 0.9528940906531255
0.6797771384877864 0.9528940906531255
0.6838175425281905 0.9528940906531255
0.6878579465685946 0.9528940906531255
0.6918983506089986 0.9528940906531255
0.6959387546494027 0.9528940906531255
0.6999791586898068 0.9528940906531255
0.2999791586898067 0.9569344946935294
0.3040195627302107 0.9569344946935294
0.30805996677061476 0.9569344946935294
0.3121003708110188 0.9569344946935294
0.31614077485142283 0.9569344946935294
0.32018117889182685 0.9569344946935294
0.3242215829322309 0.9569344946935294
0.328261986972635 0.9569344946935294
0.332302391013039 0.9569344946935294
0.33634279505344306 0.9569344946935294
0.34038319909384707 0.9569344946935294
0.34442360313425113 0.9569344946935294
0.3484640071746552 0.9569344946935294
0.3525044112150592 0.9569344946935294
0.3565448152554632 0.9569344946935294
0.3605852192958673 0.9569344946935294
0.36462562333627135 0.9569344946935294
0.36866602737667536 0.9569344946935294
0.3727064314170794 0.9569344946935294
0.37674683545748344 0.9569344946935294
0.3807872394978875 0.9569344946935294
0.3848276435382915 0.9569344946935294
0.3888680475786956 0.9569344946935294
0.3929084516190996 0.9569344946935294
0.39694885565950366 0.9569344946935294
0.4009892596999077 0.9569344946935294
0.40502966374031174 0.9569344946935294
0.40907006778071575 0.9569344946935294
0.4131104718211198 0.9569344946935294
0.4171508758615239 0.9569344946935294
0.4211912799019279 0.9569344946935294
0.4252316839423319 0.9569344946935294
0.429272087982736 0.9569344946935294
0.43331249202314004 0.9569344946935294
0.43735289606354405 0.9569344946935294
0.44139330010394806 0.9569344946935294
0.4454337041443521 0.9569344946935294
0.4494741081847562 0.9569344946935294
0.4535145122251602 0.9569344946935294
0.4575549162655642 0.9569344946935294
0.4615953203059683 0.9569344946935294
0.46563572434637235 0.9569344946935294
0.4696761283867764 0.9569344946935294
0.4737165324271804 0.9569344946935294
0.47775693646758444 0.9569344946935294
0.4817973405079885 0.9569344946935294
0.48583774454839257 0.9569344946935294
0.4898781485887966 0.9569344946935294
0.4939185526292006 0.9569344946935294
0.49795895666960466 0.9569344946935294
0.5019993607100087 0.9569344946935294
0.5060397647504127 0.9569344946935294
0.5100801687908167 0.9569344946935294
0.5141205728312208 0.9569344946935294
0.5181609768716249 0.9569344946935294
0.522201380912029 0.9569344946935294
0.526241784952433 0.9569344946935294
0.530282188992837 0.9569344946935294
0.534322593033241 0.9569344946935294
0.5383629970736451 0.9569344946935294
0.542403401114049 0.9569344946935294
0.5464438051544531 0.9569344946935294
0.5504842091948572 0.9569344946935294
0.5545246132352613 0.9569344946935294
0.5585650172756653 0.9569344946935294
0.5626054213160694 0.9569344946935294
0.5666458253564733 0.9569344946935294
0.5706862293968774 0.9569344946935294
0.5747266334372814 0.9569344946935294
0.5787670374776854 0.9569344946935294
0.5828074415180895 0.9569344946935294
0.5868478455584936 0.9569344946935294
0.5908882495988976 0.9569344946935294
0.5949286536393017 0.9569344946935294
0.5989690576797057 0.9569344946935294
0.6030094617201097 0.9569344946935294
0.6070498657605137 0.9569344946935294
0.6110902698009177 0.9569344946935294
0.6151306738413218 0.9569344946935294
0.6191710778817259 0.9569344946935294
0.6232114819221299 0.9569344946935294
0.627251885962534 0.9569344946935294
0.6312922900029381 0.9569344946935294
0.635332694043342 0.9569344946935294
0.6393730980837461 0.9569344946935294
0.64341350212415 0.9569344946935294
0.6474539061645541 0.9569344946935294
0.6514943102049582 0.9569344946935294
0.6555347142453622 0.9569344946935294
0.6595751182857663 0.9569344946935294
0.6636155223261704 0.9569344946935294
0.6676559263665743 0.9569344946935294
0.6716963304069784 0.9569344946935294
0.6757367344473824 0.9569344946935294
0.6797771384877864 0.9569344946935294
0.6838175425281905 0.9569344946935294
0.6878579465685946 0.9569344946935294
0.6918983506089986 0.9569344946935294
0.6959387546494027 0.9569344946935294
0.6999791586898068 0.9569344946935294
0.2999791586898067 0.9609748987339335
0.3040195627302107 0.9609748987339335
0.30805996677061476 0.9609748987339335
0.3121003708110188 0.9609748987339335
0.31614077485142283 0.9609748987339335
0.32018117889182685 0.9609748987339335
0.3242215829322309 0.9609748987339335
0.328261986972635 0.9609748987339335
0.332302391013039 0.9609748987339335
0.33634279505344306 0.9609748987339335
0.34038319909384707 0.9609748987339335
0.34442360313425113 0.9609748987339335
0.3484640071746552 0.9609748987339335
0.3525044112150592 0.9609748987339335
0.3565448152554632 0.9609748987339335
0.3605852192958673 0.9609748987339335
0.36462562333627135 0.9609748987339335
0.36866602737667536 0.9609748987339335
0.3727064314170794 0.9609748987339335
0.37674683545748344 0.9609748987339335
0.3807872394978875 0.9609748987339335
0.3848276435382915 0.9609748987339335
0.3888680475786956 0.9609748987339335
0.3929084516190996 0.9609748987339335
0.39694885565950366 0.9609748987339335
0.4009892596999077 0.9609748987339335
0.40502966374031174 0.9609748987339335
0.40907006778071575 0.9609748987339335
0.4131104718211198 0.9609748987339335
0.4171508758615239 0.9609748987339335
0.4211912799019279 0.9609748987339335
0.4252316839423319 0.9609748987339335
0.429272087982736 0.9609748987339335
0.43331249202314004 0.9609748987339335
0.43735289606354405 0.9609748987339335
0.44139330010394806 0.9609748987339335
0.4454337041443521 0.9609748987339335
0.4494741081847562 0.9609748987339335
0.4535145122251602 0.9609748987339335
0.4575549162655642 0.9609748987339335
0.4615953203059683 0.9609748987339335
0.46563572434637235 0.9609748987339335
0.4696761283867764 0.9609748987339335
0.4737165324271804 0.9609748987339335
0.47775693646758444 0.9609748987339335
0.4817973405079885 0.9609748987339335
0.48583774454839257 0.9609748987339335
0.4898781485887966 0.9609748987339335
0.4939185526292006 0.9609748987339335
0.49795895666960466 0.9609748987339335
0.5019993607100087 0.9609748987339335
0.5060397647504127 0.9609748987339335
0.5100801687908167 0.9609748987339335
0.5141205728312208 0.9609748987339335
0.5181609768716249 0.9609748987339335
0.522201380912029 0.9609748987339335
0.526241784952433 0.9609748987339335
0.530282188992837 0.9609748987339335
0.534322593033241 0.9609748987339335
0.5383629970736451 0.9609748987339335
0.542403401114049 0.9609748987339335
0.5464438051544531 0.9609748987339335
0.5504842091948572 0.9609748987339335
0.5545246132352613 0.9609748987339335
0.5585650172756653 0.9609748987339335
0.5626054213160694 0.9609748987339335
0.5666458253564733 0.9609748987339335
0.5706862293968774 0.9609748987339335
0.5747266334372814 0.9609748987339335
0.5787670374776854 0.9609748987339335
0.5828074415180895 0.9609748987339335
0.5868478455584936 0.9609748987339335
0.5908882495988976 0.9609748987339335
0.5949286536393017 0.9609748987339335
0.5989690576797057 0.9609748987339335
0.6030094617201097 0.9609748987339335
0.6070498657605137 0.9609748987339335
0.6110902698009177 0.9609748987339335
0.6151306738413218 0.9609748987339335
0.6191710778817259 0.9609748987339335
0.6232114819221299 0.9609748987339335
0.627251885962534 0.9609748987339335
0.6312922900029381 0.9609748987339335
0.635332694043342 0.9609748987339335
0.6393730980837461 0.9609748987339335
0.64341350212415 0.9609748987339335
0.6474539061645541 0.9609748987339335
0.6514943102049582 0.9609748987339335
0.6555347142453622 0.9609748987339335
0.6595751182857663 0.9609748987339335
0.6636155223261704 0.9609748987339335
0.6676559263665743 0.9609748987339335
0.6716963304069784 0.9609748987339335
0.6757367344473824 0.9609748987339335
0.6797771384877864 0.9609748987339335
0.6838175425281905 0.9609748987339335
0.6878579465685946 0.9609748987339335
0.6918983506089986 0.9609748987339335
0.6959387546494027 0.9609748987339335
0.6999791586898068 0.9609748987339335
0.2999791586898067 0.9650153027743376
0.3040195627302107 0.9650153027743376
0.30805996677061476 0.9650153027743376
0.3121003708110188 0.9650153027743376
0.32018117889182685 0.9650153027743376
0.3242215829322309 0.9650153027743376
0.328261986972635 0.9650153027743376
0.332302391013039 0.9650153027743376
0.33634279505344306 0.9650153027743376
0.34038319909384707 0.9650153027743376
0.34442360313425113 0.9650153027743376
0.3484640071746552 0.9650153027743376
0.3525044112150592 0.9650153027743376
0.3565448152554632 0.9650153027743376
0.3605852192958673 0.9650153027743376
0.36462562333627135 0.9650153027743376
0.36866602737667536 0.9650153027743376
0.3727064314170794 0.9650153027743376
0.37674683545748344 0.9650153027743376
0.3807872394978875 0.9650153027743376
0.3848276435382915 0.9650153027743376
0.3888680475786956 0.9650153027743376
0.3929084516190996 0.9650153027743376
0.39694885565950366 0.9650153027743376
0.4009892596999077 0.9650153027743376
0.40502966374031174 0.9650153027743376
0.40907006778071575 0.9650153027743376
0.4131104718211198 0.9650153027743376
0.4171508758615239 0.9650153027743376
0.4211912799019279 0.9650153027743376
0.4252316839423319 0.9650153027743376
0.429272087982736 0.9650153027743376
0.43331249202314004 0.9650153027743376
0.43735289606354405 0.9650153027743376
0.44139330010394806 0.9650153027743376
0.4454337041443521 0.9650153027743376
0.4494741081847562 0.9650153027743376
0.4535145122251602 0.9650153027743376
0.4575549162655642 0.9650153027743376
0.4615953203059683 0.9650153027743376
0.46563572434637235 0.9650153027743376
0.4696761283867764 0.9650153027743376
0.4737165324271804 0.9650153027743376
0.47775693646758444 0.9650153027743376
0.4817973405079885 0.9650153027743376
0.48583774454839257 0.9650153027743376
0.4898781485887966 0.9650153027743376
0.4939185526292006 0.9650153027743376
0.49795895666960466 0.9650153027743376
0.5019993607100087 0.9650153027743376
0.5060397647504127 0.9650153027743376
0.5100801687908167 0.9650153027743376
0.5141205728312208 0.9650153027743376
0.5181609768716249 0.9650153027743376
0.522201380912029 0.9650153027743376
0.526241784952433 0.9650153027743376
0.530282188992837 0.9650153027743376
0.534322593033241 0.9650153027743376
0.5383629970736451 0.9650153027743376
0.542403401114049 0.9650153027743376
0.5464438051544531 0.9650153027743376
0.5504842091948572 0.9650153027743376
0.5545246132352613 0.9650153027743376
0.5585650172756653 0.9650153027743376
0.5626054213160694 0.9650153027743376
0.5666458253564733 0.9650153027743376
0.5706862293968774 0.9650153027743376
0.5747266334372814 0.9650153027743376
0.5787670374776854 0.9650153027743376
0.5828074415180895 0.9650153027743376
0.5868478455584936 0.9650153027743376
0.5908882495988976 0.9650153027743376
0.5949286536393017 0.9650153027743376
0.5989690576797057 0.9650153027743376
0.6030094617201097 0.9650153027743376
0.6070498657605137 0.9650153027743376
0.6110902698009177 0.9650153027743376
0.6151306738413218 0.9650153027743376
0.6191710778817259 0.9650153027743376
0.6232114819221299 0.9650153027743376
0.627251885962534 0.9650153027743376
0.6312922900029381 0.9650153027743376
0.635332694043342 0.9650153027743376
0.6393730980837461 0.9650153027743376
0.64341350212415 0.9650153027743376
0.6474539061645541 0.9650153027743376
0.6514943102049582 0.9650153027743376
0.6555347142453622 0.9650153027743376
0.6595751182857663 0.9650153027743376
0.6636155223261704 0.9650153027743376
0.6676559263665743 0.9650153027743376
0.6716963304069784 0.9650153027743376
0.6757367344473824 0.9650153027743376
0.6797771384877864 0.9650153027743376
0.6838175425281905 0.9650153027743376
0.6878579465685946 0.9650153027743376
0.6918983506089986 0.9650153027743376
0.6959387546494027 0.9650153027743376
0.6999791586898068 0.9650153027743376
0.2999791586898067 0.9690557068147416
0.30805996677061476 0.9690557068147416
0.3121003708110188 0.9690557068147416
0.31614077485142283 0.9690557068147416
0.32018117889182685 0.9690557068147416
0.3242215829322309 0.9690557068147416
0.328261986972635 0.9690557068147416
0.332302391013039 0.9690557068147416
0.33634279505344306 0.9690557068147416
0.34038319909384707 0.9690557068147416
0.34442360313425113 0.9690557068147416
0.3484640071746552 0.9690557068147416
0.3525044112150592 0.9690557068147416
0.3565448152554632 0.9690557068147416
0.3605852192958673 0.9690557068147416
0.36462562333627135 0.9690557068147416
0.36866602737667536 0.9690557068147416
0.3727064314170794 0.9690557068147416
0.37674683545748344 0.9690557068147416
0.3807872394978875 0.9690557068147416
0.3848276435382915 0.9690557068147416
0.3888680475786956 0.9690557068147416
0.3929084516190996 0.9690557068147416
0.39694885565950366 0.9690557068147416
0.4009892596999077 0.9690557068147416
0.40502966374031174 0.9690557068147416
0.40907006778071575 0.9690557068147416
0.4131104718211198 0.9690557068147416
0.4171508758615239 0.9690557068147416
0.4211912799019279 0.9690557068147416
0.4252316839423319 0.9690557068147416
0.429272087982736 0.9690557068147416
0.43331249202314004 0.9690557068147416
0.43735289606354405 0.9690557068147416
0.44139330010394806 0.9690557068147416
0.4454337041443521 0.9690557068147416
0.4494741081847562 0.9690557068147416
0.4535145122251602 0.9690557068147416
0.4575549162655642 0.9690557068147416
0.4615953203059683 0.9690557068147416
0.46563572434637235 0.9690557068147416
0.4696761283867764 0.9690557068147416
0.4737165324271804 0.9690557068147416
0.47775693646758444 0.9690557068147416
0.4817973405079885 0.9690557068147416
0.48583774454839257 0.9690557068147416
0.4898781485887966 0.9690557068147416
0.4939185526292006 0.9690557068147416
0.49795895666960466 0.9690557068147416
0.5019993607100087 0.9690557068147416
0.5060397647504127 0.9690557068147416
0.5100801687908167 0.9690557068147416
0.5141205728312208 0.9690557068147416
0.5181609768716249 0.9690557068147416
0.522201380912029 0.9690557068147416
0.526241784952433 0.9690557068147416
0.530282188992837 0.9690557068147416
0.534322593033241 0.9690557068147416
0.5383629970736451 0.9690557068147416
0.542403401114049 0.9690557068147416
0.5464438051544531 0.9690557068147416
0.5504842091948572 0.9690557068147416
0.5545246132352613 0.9690557068147416
0.5585650172756653 0.9690557068147416
0.5626054213160694 0.9690557068147416
0.5666458253564733 0.9690557068147416
0.5706862293968774 0.9690557068147416
0.5747266334372814 0.9690557068147416
0.5787670374776854 0.9690557068147416
0.5828074415180895 0.9690557068147416
0.5868478455584936 0.9690557068147416
0.5908882495988976 0.9690557068147416
0.5949286536393017 0.9690557068147416
0.5989690576797057 0.9690557068147416
0.6030094617201097 0.9690557068147416
0.6070498657605137 0.9690557068147416
0.6110902698009177 0.9690557068147416
0.6151306738413218 0.9690557068147416
0.6191710778817259 0.9690557068147416
0.6232114819221299 0.9690557068147416
0.627251885962534 0.9690557068147416
0.6312922900029381 0.9690557068147416
0.635332694043342 0.9690557068147416
0.6393730980837461 0.9690557068147416
0.64341350212415 0.9690557068147416
0.6474539061645541 0.9690557068147416
0.6514943102049582 0.9690557068147416
0.6555347142453622 0.9690557068147416
0.6595751182857663 0.9690557068147416
0.6636155223261704 0.9690557068147416
0.6676559263665743 0.9690557068147416
0.6716963304069784 0.9690557068147416
0.6757367344473824 0.9690557068147416
0.6797771384877864 0.9690557068147416
0.6838175425281905 0.9690557068147416
0.6878579465685946 0.9690557068147416
0.6918983506089986 0.9690557068147416
0.6959387546494027 0.9690557068147416
0.6999791586898068 0.9690557068147416
0.2999791586898067 0.9730961108551457
0.3040195627302107 0.9730961108551457
0.30805996677061476 0.9730961108551457
0.3121003708110188 0.9730961108551457
0.31614077485142283 0.9730961108551457
0.32018117889182685 0.9730961108551457
0.3242215829322309 0.9730961108551457
0.328261986972635 0.9730961108551457
0.332302391013039 0.9730961108551457
0.33634279505344306 0.9730961108551457
0.34038319909384707 0.9730961108551457
0.34442360313425113 0.9730961108551457
0.3484640071746552 0.9730961108551457
0.3525044112150592 0.9730961108551457
0.3565448152554632 0.9730961108551457
0.3605852192958673 0.9730961108551457
0.36462562333627135 0.9730961108551457
0.36866602737667536 0.9730961108551457
0.3727064314170794 0.9730961108551457
0.37674683545748344 0.9730961108551457
0.3807872394978875 0.9730961108551457
0.3848276435382915 0.9730961108551457
0.3888680475786956 0.9730961108551457
0.3929084516190996 0.9730961108551457
0.39694885565950366 0.9730961108551457
0.4009892596999077 0.9730961108551457
0.40502966374031174 0.9730961108551457
0.40907006778071575 0.9730961108551457
0.4131104718211198 0.9730961108551457
0.4171508758615239 0.9730961108551457
0.4211912799019279 0.9730961108551457
0.4252316839423319 0.9730961108551457
0.429272087982736 0.9730961108551457
0.43331249202314004 0.9730961108551457
0.43735289606354405 0.9730961108551457
0.44139330010394806 0.9730961108551457
0.4454337041443521 0.9730961108551457
0.4494741081847562 0.9730961108551457
0.4535145122251602 0.9730961108551457
0.4575549162655642 0.9730961108551457
0.4615953203059683 0.9730961108551457
0.46563572434637235 0.9730961108551457
0.4696761283867764 0.9730961108551457
0.4737165324271804 0.9730961108551457
0.47775693646758444 0.9730961108551457
0.4817973405079885 0.9730961108551457
0.48583774454839257 0.9730961108551457
0.4898781485887966 0.9730961108551457
0.4939185526292006 0.9730961108551457
0.49795895666960466 0.9730961108551457
0.5019993607100087 0.9730961108551457
0.5060397647504127 0.9730961108551457
0.5100801687908167 0.9730961108551457
0.5141205728312208 0.9730961108551457
0.5181609768716249 0.9730961108551457
0.522201380912029 0.9730961108551457
0.526241784952433 0.9730961108551457
0.530282188992837 0.9730961108551457
0.534322593033241 0.9730961108551457
0.5383629970736451 0.9730961108551457
0.542403401114049 0.9730961108551457
0.5464438051544531 0.9730961108551457
0.5504842091948572 0.9730961108551457
0.5545246132352613 0.9730961108551457
0.5585650172756653 0.9730961108551457
0.5626054213160694 0.9730961108551457
0.5666458253564733 0.9730961108551457
0.5706862293968774 0.9730961108551457
0.5747266334372814 0.9730961108551457
0.5787670374776854 0.9730961108551457
0.5828074415180895 0.9730961108551457
0.5868478455584936 0.9730961108551457
0.5908882495988976 0.9730961108551457
0.5949286536393017 0.9730961108551457
0.5989690576797057 0.9730961108551457
0.6030094617201097 0.9730961108551457
0.6070498657605137 0.9730961108551457
0.6110902698009177 0.9730961108551457
0.6151306738413218 0.9730961108551457
0.6191710778817259 0.9730961108551457
0.6232114819221299 0.9730961108551457
0.627251885962534 0.9730961108551457
0.6312922900029381 0.9730961108551457
0.635332694043342 0.9730961108551457
0.6393730980837461 0.9730961108551457
0.64341350212415 0.9730961108551457
0.6474539061645541 0.9730961108551457
0.6514943102049582 0.9730961108551457
0.6555347142453622 0.9730961108551457
0.6595751182857663 0.9730961108551457
0.6636155223261704 0.9730961108551457
0.6676559263665743 0.9730961108551457
0.6716963304069784 0.9730961108551457
0.6757367344473824 0.9730961108551457
0.6797771384877864 0.9730961108551457
0.6838175425281905 0.9730961108551457
0.6878579465685946 0.9730961108551457
0.6918983506089986 0.9730961108551457
0.6959387546494027 0.9730961108551457
0.6999791586898068 0.9730961108551457
0.2999791586898067 0.9771365148955498
0.3040195627302107 0.9771365148955498
0.30805996677061476 0.9771365148955498
0.3121003708110188 0.9771365148955498
0.31614077485142283 0.9771365148955498
0.32018117889182685 0.9771365148955498
0.3242215829322309 0.9771365148955498
0.328261986972635 0.9771365148955498
0.332302391013039 0.9771365148955498
0.33634279505344306 0.9771365148955498
0.34038319909384707 0.9771365148955498
0.34442360313425113 0.9771365148955498
0.3484640071746552 0.9771365148955498
0.3525044112150592 0.9771365148955498
0.3565448152554632 0.9771365148955498
0.3605852192958673 0.9771365148955498
0.36462562333627135 0.9771365148955498
0.36866602737667536 0.9771365148955498
0.3727064314170794 0.9771365148955498
0.37674683545748344 0.9771365148955498
0.3807872394978875 0.9771365148955498
0.3848276435382915 0.9771365148955498
0.3888680475786956 0.9771365148955498
0.3929084516190996 0.9771365148955498
0.39694885565950366 0.9771365148955498
0.4009892596999077 0.9771365148955498
0.40502966374031174 0.9771365148955498
0.40907006778071575 0.9771365148955498
0.4131104718211198 0.9771365148955498
0.4171508758615239 0.9771365148955498
0.4211912799019279 0.9771365148955498
0.4252316839423319 0.9771365148955498
0.429272087982736 0.9771365148955498
0.43331249202314004 0.9771365148955498
0.43735289606354405 0.9771365148955498
0.44139330010394806 0.9771365148955498
0.4454337041443521 0.9771365148955498
0.4494741081847562 0.9771365148955498
0.4535145122251602 0.9771365148955498
0.4575549162655642 0.9771365148955498
0.4615953203059683 0.9771365148955498
0.46563572434637235 0.9771365148955498
0.4696761283867764 0.9771365148955498
0.4737165324271804 0.9771365148955498
0.47775693646758444 0.9771365148955498
0.4817973405079885 0.9771365148955498
0.48583774454839257 0.9771365148955498
0.4898781485887966 0.9771365148955498
0.4939185526292006 0.9771365148955498
0.49795895666960466 0.9771365148955498
0.5019993607100087 0.9771365148955498
0.5060397647504127 0.9771365148955498
0.5100801687908167 0.9771365148955498
0.5141205728312208 0.9771365148955498
0.5181609768716249 0.9771365148955498
0.522201380912029 0.9771365148955498
0.526241784952433 0.9771365148955498
0.530282188992837 0.9771365148955498
0.534322593033241 0.9771365148955498
0.5383629970736451 0.9771365148955498
0.542403401114049 0.9771365148955498
0.5464438051544531 0.9771365148955498
0.5504842091948572 0.9771365148955498
0.5545246132352613 0.9771365148955498
0.5585650172756653 0.9771365148955498
0.5626054213160694 0.9771365148955498
0.5666458253564733 0.9771365148955498
0.5706862293968774 0.9771365148955498
0.5747266334372814 0.9771365148955498
0.5787670374776854 0.9771365148955498
0.5828074415180895 0.9771365148955498
0.5868478455584936 0.9771365148955498
0.5908882495988976 0.9771365148955498
0.5949286536393017 0.9771365148955498
0.5989690576797057 0.9771365148955498
0.6030094617201097 0.9771365148955498
0.6070498657605137 0.9771365148955498
0.6110902698009177 0.9771365148955498
0.6151306738413218 0.9771365148955498
0.6191710778817259 0.9771365148955498
0.6232114819221299 0.9771365148955498
0.627251885962534 0.9771365148955498
0.6312922900029381 0.9771365148955498
0.635332694043342 0.9771365148955498
0.6393730980837461 0.9771365148955498
0.64341350212415 0.9771365148955498
0.6474539061645541 0.9771365148955498
0.6514943102049582 0.9771365148955498
0.6555347142453622 0.9771365148955498
0.6595751182857663 0.9771365148955498
0.6636155223261704 0.9771365148955498
0.6676559263665743 0.9771365148955498
0.6716963304069784 0.9771365148955498
0.6757367344473824 0.9771365148955498
0.6797771384877864 0.9771365148955498
0.6838175425281905 0.9771365148955498
0.6878579465685946 0.9771365148955498
0.6918983506089986 0.9771365148955498
0.6959387546494027 0.9771365148955498
0.6999791586898068 0.9771365148955498
0.2999791586898067 0.9811769189359537
0.3040195627302107 0.9811769189359537
0.30805996677061476 0.9811769189359537
0.3121003708110188 0.9811769189359537
0.31614077485142283 0.9811769189359537
0.32018117889182685 0.9811769189359537
0.3242215829322309 0.9811769189359537
0.328261986972635 0.9811769189359537
0.332302391013039 0.9811769189359537
0.33634279505344306 0.9811769189359537
0.34038319909384707 0.9811769189359537
0.34442360313425113 0.9811769189359537
0.3484640071746552 0.9811769189359537
0.3525044112150592 0.9811769189359537
0.3565448152554632 0.9811769189359537
0.3605852192958673 0.9811769189359537
0.36462562333627135 0.9811769189359537
0.36866602737667536 0.9811769189359537
0.3727064314170794 0.9811769189359537
0.37674683545748344 0.9811769189359537
0.3807872394978875 0.9811769189359537
0.3848276435382915 0.9811769189359537
0.3888680475786956 0.9811769189359537
0.3929084516190996 0.9811769189359537
0.39694885565950366 0.9811769189359537
0.4009892596999077 0.9811769189359537
0.40502966374031174 0.9811769189359537
0.40907006778071575 0.9811769189359537
0.4131104718211198 0.9811769189359537
0.4171508758615239 0.9811769189359537
0.4211912799019279 0.9811769189359537
0.4252316839423319 0.9811769189359537
0.429272087982736 0.9811769189359537
0.43331249202314004 0.9811769189359537
0.43735289606354405 0.9811769189359537
0.44139330010394806 0.9811769189359537
0.4454337041443521 0.9811769189359537
0.4494741081847562 0.9811769189359537
0.4535145122251602 0.9811769189359537
0.4575549162655642 0.9811769189359537
0.4615953203059683 0.9811769189359537
0.46563572434637235 0.9811769189359537
0.4696761283867764 0.9811769189359537
0.4737165324271804 0.9811769189359537
0.47775693646758444 0.9811769189359537
0.4817973405079885 0.9811769189359537
0.48583774454839257 0.9811769189359537
0.4898781485887966 0.9811769189359537
0.4939185526292006 0.9811769189359537
0.49795895666960466 0.9811769189359537
0.5019993607100087 0.9811769189359537
0.5060397647504127 0.9811769189359537
0.5100801687908167 0.9811769189359537
0.5141205728312208 0.9811769189359537
0.5181609768716249 0.9811769189359537
0.522201380912029 0.9811769189359537
0.526241784952433 0.9811769189359537
0.530282188992837 0.9811769189359537
0.534322593033241 0.9811769189359537
0.5383629970736451 0.9811769189359537
0.542403401114049 0.9811769189359537
0.5464438051544531 0.9811769189359537
0.5504842091948572 0.9811769189359537
0.5545246132352613 0.9811769189359537
0.5585650172756653 0.9811769189359537
0.5626054213160694 0.9811769189359537
0.5666458253564733 0.9811769189359537
0.5706862293968774 0.9811769189359537
0.5747266334372814 0.9811769189359537
0.5787670374776854 0.9811769189359537
0.5828074415180895 0.9811769189359537
0.5868478455584936 0.9811769189359537
0.5908882495988976 0.9811769189359537
0.5949286536393017 0.9811769189359537
0.5989690576797057 0.9811769189359537
0.6030094617201097 0.9811769189359537
0.6070498657605137 0.9811769189359537
0.6110902698009177 0.9811769189359537
0.6151306738413218 0.9811769189359537
0.6191710778817259 0.9811769189359537
0.6232114819221299 0.9811769189359537
0.627251885962534 0.9811769189359537
0.6312922900029381 0.9811769189359537
0.635332694043342 0.9811769189359537
0.6393730980837461 0.9811769189359537
0.64341350212415 0.9811769189359537
0.6474539061645541 0.9811769189359537
0.6514943102049582 0.9811769189359537
0.6555347142453622 0.9811769189359537
0.6595751182857663 0.9811769189359537
0.6636155223261704 0.9811769189359537
0.6676559263665743 0.9811769189359537
0.6716963304069784 0.9811769189359537
0.6757367344473824 0.9811769189359537
0.6797771384877864 0.9811769189359537
0.6838175425281905 0.9811769189359537
0.6878579465685946 0.9811769189359537
0.6918983506089986 0.9811769189359537
0.6959387546494027 0.9811769189359537
0.6999791586898068 0.9811769189359537
0.2999791586898067 0.9852173229763578
0.3040195627302107 0.9852173229763578
0.30805996677061476 0.9852173229763578
0.3121003708110188 0.9852173229763578
0.31614077485142283 0.9852173229763578
0.32018117889182685 0.9852173229763578
0.3242215829322309 0.9852173229763578
0.328261986972635 0.9852173229763578
0.332302391013039 0.9852173229763578
0.33634279505344306 0.9852173229763578
0.34038319909384707 0.9852173229763578
0.34442360313425113 0.9852173229763578
0.3484640071746552 0.9852173229763578
0.3525044112150592 0.9852173229763578
0.3565448152554632 0.9852173229763578
0.3605852192958673 0.9852173229763578
0.36462562333627135 0.9852173229763578
0.36866602737667536 0.9852173229763578
0.3727064314170794 0.9852173229763578
0.37674683545748344 0.9852173229763578
0.3807872394978875 0.9852173229763578
0.3848276435382915 0.9852173229763578
0.3888680475786956 0.9852173229763578
0.3929084516190996 0.9852173229763578
0.39694885565950366 0.9852173229763578
0.4009892596999077 0.9852173229763578
0.40502966374031174 0.9852173229763578
0.40907006778071575 0.9852173229763578
0.4131104718211198 0.9852173229763578
0.4171508758615239 0.9852173229763578
0.4211912799019279 0.9852173229763578
0.4252316839423319 0.9852173229763578
0.429272087982736 0.9852173229763578
0.43331249202314004 0.9852173229763578
0.43735289606354405 0.9852173229763578
0.44139330010394806 0.9852173229763578
0.4454337041443521 0.9852173229763578
0.4494741081847562 0.9852173229763578
0.4535145122251602 0.9852173229763578
0.4575549162655642 0.9852173229763578
0.4615953203059683 0.9852173229763578
0.46563572434637235 0.9852173229763578
0.4696761283867764 0.9852173229763578
0.4737165324271804 0.9852173229763578
0.47775693646758444 0.9852173229763578
0.4817973405079885 0.9852173229763578
0.48583774454839257 0.9852173229763578
0.4898781485887966 0.9852173229763578
0.4939185526292006 0.9852173229763578
0.49795895666960466 0.9852173229763578
0.5019993607100087 0.9852173229763578
0.5060397647504127 0.9852173229763578
0.5100801687908167 0.9852173229763578
0.5141205728312208 0.9852173229763578
0.5181609768716249 0.9852173229763578
0.522201380912029 0.9852173229763578
0.526241784952433 0.9852173229763578
0.530282188992837 0.9852173229763578
0.534322593033241 0.9852173229763578
0.5383629970736451 0.9852173229763578
0.542403401114049 0.9852173229763578
0.5464438051544531 0.9852173229763578
0.5504842091948572 0.9852173229763578
0.5545246132352613 0.9852173229763578
0.5585650172756653 0.9852173229763578
0.5626054213160694 0.9852173229763578
0.5666458253564733 0.9852173229763578
0.5706862293968774 0.9852173229763578
0.5747266334372814 0.9852173229763578
0.5787670374776854 0.9852173229763578
0.5828074415180895 0.9852173229763578
0.5868478455584936 0.9852173229763578
0.5908882495988976 0.9852173229763578
0.5949286536393017 0.9852173229763578
0.5989690576797057 0.9852173229763578
0.6030094617201097 0.9852173229763578
0.6070498657605137 0.9852173229763578
0.6110902698009177 0.9852173229763578
0.6151306738413218 0.9852173229763578
0.6191710778817259 0.9852173229763578
0.6232114819221299 0.9852173229763578
0.627251885962534 0.9852173229763578
0.6312922900029381 0.9852173229763578
0.635332694043342 0.9852173229763578
0.6393730980837461 0.9852173229763578
0.64341350212415 0.9852173229763578
0.6474539061645541 0.9852173229763578
0.6514943102049582 0.9852173229763578
0.6555347142453622 0.9852173229763578
0.6595751182857663 0.9852173229763578
0.6636155223261704 0.9852173229763578
0.6676559263665743 0.9852173229763578
0.6716963304069784 0.9852173229763578
0.6757367344473824 0.9852173229763578
0.6797771384877864 0.9852173229763578
0.6838175425281905 0.9852173229763578
0.6878579465685946 0.9852173229763578
0.6918983506089986 0.9852173229763578
0.6959387546494027 0.9852173229763578
0.6999791586898068 0.9852173229763578
0.2999791586898067 0.9892577270167617
0.3040195627302107 0.9892577270167617
0.30805996677061476 0.9892577270167617
0.3121003708110188 0.9892577270167617
0.31614077485142283 0.9892577270167617
0.32018117889182685 0.9892577270167617
0.3242215829322309 0.9892577270167617
0.328261986972635 0.9892577270167617
0.332302391013039 0.9892577270167617
0.33634279505344306 0.9892577270167617
0.34038319909384707 0.9892577270167617
0.34442360313425113 0.9892577270167617
0.3484640071746552 0.9892577270167617
0.3525044112150592 0.9892577270167617
0.3565448152554632 0.9892577270167617
0.3605852192958673 0.9892577270167617
0.36462562333627135 0.9892577270167617
0.36866602737667536 0.9892577270167617
0.3727064314170794 0.9892577270167617
0.37674683545748344 0.9892577270167617
0.3807872394978875 0.9892577270167617
0.3848276435382915 0.9892577270167617
0.3888680475786956 0.9892577270167617
0.3929084516190996 0.9892577270167617
0.39694885565950366 0.9892577270167617
0.4009892596999077 0.9892577270167617
0.40502966374031174 0.9892577270167617
0.40907006778071575 0.9892577270167617
0.4131104718211198 0.9892577270167617
0.4171508758615239 0.9892577270167617
0.4211912799019279 0.9892577270167617
0.4252316839423319 0.9892577270167617
0.429272087982736 0.9892577270167617
0.43331249202314004 0.9892577270167617
0.43735289606354405 0.9892577270167617
0.44139330010394806 0.9892577270167617
0.4454337041443521 0.9892577270167617
0.4494741081847562 0.9892577270167617
0.4535145122251602 0.9892577270167617
0.4575549162655642 0.9892577270167617
0.4615953203059683 0.9892577270167617
0.46563572434637235 0.9892577270167617
0.4696761283867764 0.9892577270167617
0.4737165324271804 0.9892577270167617
0.47775693646758444 0.9892577270167617
0.4817973405079885 0.9892577270167617
0.48583774454839257 0.9892577270167617
0.4898781485887966 0.9892577270167617
0.4939185526292006 0.9892577270167617
0.49795895666960466 0.9892577270167617
0.5019993607100087 0.9892577270167617
0.5060397647504127 0.9892577270167617
0.5100801687908167 0.9892577270167617
0.5141205728312208 0.9892577270167617
0.5181609768716249 0.9892577270167617
0.522201380912029 0.9892577270167617
0.526241784952433 0.9892577270167617
0.530282188992837 0.9892577270167617
0.534322593033241 0.9892577270167617
0.5383629970736451 0.9892577270167617
0.542403401114049 0.9892577270167617
0.5464438051544531 0.9892577270167617
0.5504842091948572 0.9892577270167617
0.5545246132352613 0.9892577270167617
0.5585650172756653 0.9892577270167617
0.5626054213160694 0.9892577270167617
0.5666458253564733 0.9892577270167617
0.5706862293968774 0.9892577270167617
0.5747266334372814 0.9892577270167617
0.5787670374776854 0.9892577270167617
0.5828074415180895 0.9892577270167617
0.5868478455584936 0.9892577270167617
0.5908882495988976 0.9892577270167617
0.5949286536393017 0.9892577270167617
0.5989690576797057 0.9892577270167617
0.6030094617201097 0.9892577270167617
0.6070498657605137 0.9892577270167617
0.6110902698009177 0.9892577270167617
0.6151306738413218 0.9892577270167617
0.6191710778817259 0.9892577270167617
0.6232114819221299 0.9892577270167617
0.627251885962534 0.9892577270167617
0.6312922900029381 0.9892577270167617
0.635332694043342 0.9892577270167617
0.6393730980837461 0.9892577270167617
0.64341350212415 0.9892577270167617
0.6474539061645541 0.9892577270167617
0.6514943102049582 0.9892577270167617
0.6555347142453622 0.9892577270167617
0.6595751182857663 0.9892577270167617
0.6636155223261704 0.9892577270167617
0.6676559263665743 0.9892577270167617
0.6716963304069784 0.9892577270167617
0.6757367344473824 0.9892577270167617
0.6797771384877864 0.9892577270167617
0.6838175425281905 0.9892577270167617
0.6878579465685946 0.9892577270167617
0.6918983506089986 0.9892577270167617
0.6959387546494027 0.9892577270167617
0.6999791586898068 0.9892577270167617
0.2999791586898067 0.9932981310571658
0.3040195627302107 0.9932981310571658
0.30805996677061476 0.9932981310571658
0.3121003708110188 0.9932981310571658
0.31614077485142283 0.9932981310571658
0.32018117889182685 0.9932981310571658
0.3242215829322309 0.9932981310571658
0.328261986972635 0.9932981310571658
0.332302391013039 0.9932981310571658
0.33634279505344306 0.9932981310571658
0.34038319909384707 0.9932981310571658
0.34442360313425113 0.9932981310571658
0.3484640071746552 0.9932981310571658
0.3525044112150592 0.9932981310571658
0.3565448152554632 0.9932981310571658
0.3605852192958673 0.9932981310571658
0.36462562333627135 0.9932981310571658
0.36866602737667536 0.9932981310571658
0.3727064314170794 0.9932981310571658
0.37674683545748344 0.9932981310571658
0.3807872394978875 0.9932981310571658
0.3848276435382915 0.9932981310571658
0.3888680475786956 0.9932981310571658
0.3929084516190996 0.9932981310571658
0.39694885565950366 0.9932981310571658
0.4009892596999077 0.9932981310571658
0.40502966374031174 0.9932981310571658
0.40907006778071575 0.9932981310571658
0.4131104718211198 0.9932981310571658
0.4171508758615239 0.9932981310571658
0.4211912799019279 0.9932981310571658
0.4252316839423319 0.9932981310571658
0.429272087982736 0.9932981310571658
0.43331249202314004 0.9932981310571658
0.43735289606354405 0.9932981310571658
0.44139330010394806 0.9932981310571658
0.4454337041443521 0.9932981310571658
0.4494741081847562 0.9932981310571658
0.4535145122251602 0.9932981310571658
0.4575549162655642 0.9932981310571658
0.4615953203059683 0.9932981310571658
0.46563572434637235 0.9932981310571658
0.4696761283867764 0.9932981310571658
0.4737165324271804 0.9932981310571658
0.47775693646758444 0.9932981310571658
0.4817973405079885 0.9932981310571658
0.48583774454839257 0.9932981310571658
0.4898781485887966 0.9932981310571658
0.4939185526292006 0.9932981310571658
0.49795895666960466 0.9932981310571658
0.5019993607100087 0.9932981310571658
0.5060397647504127 0.9932981310571658
0.5100801687908167 0.9932981310571658
0.5141205728312208 0.9932981310571658
0.5181609768716249 0.9932981310571658
0.522201380912029 0.9932981310571658
0.526241784952433 0.9932981310571658
0.530282188992837 0.9932981310571658
0.534322593033241 0.9932981310571658
0.5383629970736451 0.9932981310571658
0.542403401114049 0.9932981310571658
0.5464438051544531 0.9932981310571658
0.5504842091948572 0.9932981310571658
0.5545246132352613 0.9932981310571658
0.5585650172756653 0.9932981310571658
0.5626054213160694 0.9932981310571658
0.5666458253564733 0.9932981310571658
0.5706862293968774 0.9932981310571658
0.5747266334372814 0.9932981310571658
0.5787670374776854 0.9932981310571658
0.5828074415180895 0.9932981310571658
0.5868478455584936 0.9932981310571658
0.5908882495988976 0.9932981310571658
0.5949286536393017 0.9932981310571658
0.5989690576797057 0.9932981310571658
0.6030094617201097 0.9932981310571658
0.6070498657605137 0.9932981310571658
0.6110902698009177 0.9932981310571658
0.6151306738413218 0.9932981310571658
0.6191710778817259 0.9932981310571658
0.6232114819221299 0.9932981310571658
0.627251885962534 0.9932981310571658
0.6312922900029381 0.9932981310571658
0.635332694043342 0.9932981310571658
0.6393730980837461 0.9932981310571658
0.64341350212415 0.9932981310571658
0.6474539061645541 0.9932981310571658
0.6514943102049582 0.9932981310571658
0.6555347142453622 0.9932981310571658
0.6595751182857663 0.9932981310571658
0.6636155223261704 0.9932981310571658
0.6676559263665743 0.9932981310571658
0.6716963304069784 0.9932981310571658
0.6757367344473824 0.9932981310571658
0.6797771384877864 0.9932981310571658
0.6838175425281905 0.9932981310571658
0.6878579465685946 0.9932981310571658
0.6918983506089986 0.9932981310571658
0.6959387546494027 0.9932981310571658
0.6999791586898068 0.9932981310571658
0.2999791586898067 0.9973385350975699
0.3040195627302107 0.9973385350975699
0.30805996677061476 0.9973385350975699
0.3121003708110188 0.9973385350975699
0.31614077485142283 0.9973385350975699
0.32018117889182685 0.9973385350975699
0.3242215829322309 0.9973385350975699
0.328261986972635 0.9973385350975699
0.332302391013039 0.9973385350975699
0.33634279505344306 0.9973385350975699
0.34038319909384707 0.9973385350975699
0.34442360313425113 0.9973385350975699
0.3484640071746552 0.9973385350975699
0.3525044112150592 0.9973385350975699
0.3565448152554632 0.9973385350975699
0.3605852192958673 0.9973385350975699
0.36462562333627135 0.9973385350975699
0.36866602737667536 0.9973385350975699
0.3727064314170794 0.9973385350975699
0.37674683545748344 0.9973385350975699
0.3807872394978875 0.9973385350975699
0.3848276435382915 0.9973385350975699
0.3888680475786956 0.9973385350975699
0.3929084516190996 0.9973385350975699
0.39694885565950366 0.9973385350975699
0.4009892596999077 0.9973385350975699
0.40502966374031174 0.9973385350975699
0.40907006778071575 0.9973385350975699
0.4131104718211198 0.9973385350975699
0.4171508758615239 0.9973385350975699
0.4211912799019279 0.9973385350975699
0.4252316839423319 0.9973385350975699
0.429272087982736 0.9973385350975699
0.43331249202314004 0.9973385350975699
0.43735289606354405 0.9973385350975699
0.44139330010394806 0.9973385350975699
0.4454337041443521 0.9973385350975699
0.4494741081847562 0.9973385350975699
0.4535145122251602 0.9973385350975699
0.4575549162655642 0.9973385350975699
0.4615953203059683 0.9973385350975699
0.46563572434637235 0.9973385350975699
0.4696761283867764 0.9973385350975699
0.4737165324271804 0.9973385350975699
0.47775693646758444 0.9973385350975699
0.4817973405079885 0.9973385350975699
0.48583774454839257 0.9973385350975699
0.4898781485887966 0.9973385350975699
0.4939185526292006 0.9973385350975699
0.49795895666960466 0.9973385350975699
0.5019993607100087 0.9973385350975699
0.5060397647504127 0.9973385350975699
0.5100801687908167 0.9973385350975699
0.5141205728312208 0.9973385350975699
0.5181609768716249 0.9973385350975699
0.522201380912029 0.9973385350975699
0.526241784952433 0.9973385350975699
0.530282188992837 0.9973385350975699
0.534322593033241 0.9973385350975699
0.5383629970736451 0.9973385350975699
0.542403401114049 0.9973385350975699
0.5464438051544531 0.9973385350975699
0.5504842091948572 0.9973385350975699
0.5545246132352613 0.9973385350975699
0.5585650172756653 0.9973385350975699
0.5626054213160694 0.9973385350975699
0.5666458253564733 0.9973385350975699
0.5706862293968774 0.9973385350975699
0.5747266334372814 0.9973385350975699
0.5787670374776854 0.9973385350975699
0.5828074415180895 0.9973385350975699
0.5868478455584936 0.9973385350975699
0.5908882495988976 0.9973385350975699
0.5949286536393017 0.9973385350975699
0.5989690576797057 0.9973385350975699
0.6030094617201097 0.9973385350975699
0.6070498657605137 0.9973385350975699
0.6110902698009177 0.9973385350975699
0.6151306738413218 0.9973385350975699
0.6191710778817259 0.9973385350975699
0.6232114819221299 0.9973385350975699
0.627251885962534 0.9973385350975699
0.6312922900029381 0.9973385350975699
0.635332694043342 0.9973385350975699
0.6393730980837461 0.9973385350975699
0.64341350212415 0.9973385350975699
0.6474539061645541 0.9973385350975699
0.6514943102049582 0.9973385350975699
0.6555347142453622 0.9973385350975699
0.6595751182857663 0.9973385350975699
0.6636155223261704 0.9973385350975699
0.6676559263665743 0.9973385350975699
0.6716963304069784 0.9973385350975699
0.6757367344473824 0.9973385350975699
0.6797771384877864 0.9973385350975699
0.6838175425281905 0.9973385350975699
0.6878579465685946 0.9973385350975699
0.6918983506089986 0.9973385350975699
0.6959387546494027 0.9973385350975699
0.6999791586898068 0.9973385350975699
0.2999791586898067 1.001378939137974
0.3040195627302107 1.001378939137974
0.30805996677061476 1.001378939137974
0.3121003708110188 1.001378939137974
0.31614077485142283 1.001378939137974
0.32018117889182685 1.001378939137974
0.3242215829322309 1.001378939137974
0.328261986972635 1.001378939137974
0.332302391013039 1.001378939137974
0.33634279505344306 1.001378939137974
0.34038319909384707 1.001378939137974
0.34442360313425113 1.001378939137974
0.3484640071746552 1.001378939137974
0.3525044112150592 1.001378939137974
0.3565448152554632 1.001378939137974
0.3605852192958673 1.001378939137974
0.36462562333627135 1.001378939137974
0.36866602737667536 1.001378939137974
0.3727064314170794 1.001378939137974
0.37674683545748344 1.001378939137974
0.3807872394978875 1.001378939137974
0.3848276435382915 1.001378939137974
0.3888680475786956 1.001378939137974
0.3929084516190996 1.001378939137974
0.39694885565950366 1.001378939137974
0.4009892596999077 1.001378939137974
0.40502966374031174 1.001378939137974
0.40907006778071575 1.001378939137974
0.4131104718211198 1.001378939137974
0.4171508758615239 1.001378939137974
0.4211912799019279 1.001378939137974
0.4252316839423319 1.001378939137974
0.429272087982736 1.001378939137974
0.43331249202314004 1.001378939137974
0.43735289606354405 1.001378939137974
0.44139330010394806 1.001378939137974
0.4454337041443521 1.001378939137974
0.4494741081847562 1.001378939137974
0.4535145122251602 1.001378939137974
0.4575549162655642 1.001378939137974
0.4615953203059683 1.001378939137974
0.46563572434637235 1.001378939137974
0.4696761283867764 1.001378939137974
0.4737165324271804 1.001378939137974
0.47775693646758444 1.001378939137974
0.4817973405079885 1.001378939137974
0.48583774454839257 1.001378939137974
0.4898781485887966 1.001378939137974
0.4939185526292006 1.001378939137974
0.49795895666960466 1.001378939137974
0.5019993607100087 1.001378939137974
0.5060397647504127 1.001378939137974
0.5100801687908167 1.001378939137974
0.5141205728312208 1.001378939137974
0.5181609768716249 1.001378939137974
0.522201380912029 1.001378939137974
0.526241784952433 1.001378939137974
0.530282188992837 1.001378939137974
0.534322593033241 1.001378939137974
0.5383629970736451 1.001378939137974
0.542403401114049 1.001378939137974
0.5464438051544531 1.001378939137974
0.5504842091948572 1.001378939137974
0.5545246132352613 1.001378939137974
0.5585650172756653 1.001378939137974
0.5626054213160694 1.001378939137974
0.5666458253564733 1.001378939137974
0.5706862293968774 1.001378939137974
0.5747266334372814 1.001378939137974
0.5787670374776854 1.001378939137974
0.5828074415180895 1.001378939137974
0.5868478455584936 1.001378939137974
0.5908882495988976 1.001378939137974
0.5949286536393017 1.001378939137974
0.5989690576797057 1.001378939137974
0.6030094617201097 1.001378939137974
0.6070498657605137 1.001378939137974
0.6110902698009177 1.001378939137974
0.6151306738413218 1.001378939137974
0.6191710778817259 1.001378939137974
0.6232114819221299 1.001378939137974
0.627251885962534 1.001378939137974
0.6312922900029381 1.001378939137974
0.635332694043342 1.001378939137974
0.6393730980837461 1.001378939137974
0.64341350212415 1.001378939137974
0.6474539061645541 1.001378939137974
0.6514943102049582 1.001378939137974
0.6555347142453622 1.001378939137974
0.6595751182857663 1.001378939137974
0.6636155223261704 1.001378939137974
0.6676559263665743 1.001378939137974
0.6716963304069784 1.001378939137974
0.6757367344473824 1.001378939137974
0.6797771384877864 1.001378939137974
0.6838175425281905 1.001378939137974
0.6878579465685946 1.001378939137974
0.6918983506089986 1.001378939137974
0.6959387546494027 1.001378939137974
0.6999791586898068 1.001378939137974
0.2999791586898067 1.005419343178378
0.3040195627302107 1.005419343178378
0.30805996677061476 1.005419343178378
0.3121003708110188 1.005419343178378
0.31614077485142283 1.005419343178378
0.32018117889182685 1.005419343178378
0.3242215829322309 1.005419343178378
0.328261986972635 1.005419343178378
0.332302391013039 1.005419343178378
0.33634279505344306 1.005419343178378
0.34038319909384707 1.005419343178378
0.34442360313425113 1.005419343178378
0.3484640071746552 1.005419343178378
0.3525044112150592 1.005419343178378
0.3565448152554632 1.005419343178378
0.3605852192958673 1.005419343178378
0.36462562333627135 1.005419343178378
0.36866602737667536 1.005419343178378
0.3727064314170794 1.005419343178378
0.37674683545748344 1.005419343178378
0.3807872394978875 1.005419343178378
0.3848276435382915 1.005419343178378
0.3888680475786956 1.005419343178378
0.3929084516190996 1.005419343178378
0.39694885565950366 1.005419343178378
0.4009892596999077 1.005419343178378
0.40502966374031174 1.005419343178378
0.40907006778071575 1.005419343178378
0.4131104718211198 1.005419343178378
0.4171508758615239 1.005419343178378
0.4211912799019279 1.005419343178378
0.4252316839423319 1.005419343178378
0.429272087982736 1.005419343178378
0.43331249202314004 1.005419343178378
0.43735289606354405 1.005419343178378
0.44139330010394806 1.005419343178378
0.4454337041443521 1.005419343178378
0.4494741081847562 1.005419343178378
0.4535145122251602 1.005419343178378
0.4575549162655642 1.005419343178378
0.4615953203059683 1.005419343178378
0.46563572434637235 1.005419343178378
0.4696761283867764 1.005419343178378
0.4737165324271804 1.005419343178378
0.47775693646758444 1.005419343178378
0.4817973405079885 1.005419343178378
0.48583774454839257 1.005419343178378
0.4898781485887966 1.005419343178378
0.4939185526292006 1.005419343178378
0.49795895666960466 1.005419343178378
0.5019993607100087 1.005419343178378
0.5060397647504127 1.005419343178378
0.5100801687908167 1.005419343178378
0.5141205728312208 1.005419343178378
0.5181609768716249 1.005419343178378
0.522201380912029 1.005419343178378
0.526241784952433 1.005419343178378
0.530282188992837 1.005419343178378
0.534322593033241 1.005419343178378
0.5383629970736451 1.005419343178378
0.542403401114049 1.005419343178378
0.5464438051544531 1.005419343178378
0.5504842091948572 1.005419343178378
0.5545246132352613 1.005419343178378
0.5585650172756653 1.005419343178378
0.5626054213160694 1.005419343178378
0.5666458253564733 1.005419343178378
0.5706862293968774 1.005419343178378
0.5747266334372814 1.005419343178378
0.5787670374776854 1.005419343178378
0.5828074415180895 1.005419343178378
0.5868478455584936 1.005419343178378
0.5908882495988976 1.005419343178378
0.5949286536393017 1.005419343178378
0.5989690576797057 1.005419343178378
0.6030094617201097 1.005419343178378
0.6070498657605137 1.005419343178378
0.6110902698009177 1.005419343178378
0.6151306738413218 1.005419343178378
0.6191710778817259 1.005419343178378
0.6232114819221299 1.005419343178378
0.627251885962534 1.005419343178378
0.6312922900029381 1.005419343178378
0.635332694043342 1.005419343178378
0.6393730980837461 1.005419343178378
0.64341350212415 1.005419343178378
0.6474539061645541 1.005419343178378
0.6514943102049582 1.005419343178378
0.6555347142453622 1.005419343178378
0.6595751182857663 1.005419343178378
0.6636155223261704 1.005419343178378
0.6676559263665743 1.005419343178378
0.6716963304069784 1.005419343178378
0.6757367344473824 1.005419343178378
0.6797771384877864 1.005419343178378
0.6838175425281905 1.005419343178378
0.6878579465685946 1.005419343178378
0.6918983506089986 1.005419343178378
0.6959387546494027 1.005419343178378
0.6999791586898068 1.005419343178378
0.2999791586898067 1.009459747218782
0.3040195627302107 1.009459747218782
0.30805996677061476 1.009459747218782
0.3121003708110188 1.009459747218782
0.31614077485142283 1.009459747218782
0.32018117889182685 1.009459747218782
0.3242215829322309 1.009459747218782
0.328261986972635 1.009459747218782
0.332302391013039 1.009459747218782
0.33634279505344306 1.009459747218782
0.34038319909384707 1.009459747218782
0.34442360313425113 1.009459747218782
0.3484640071746552 1.009459747218782
0.3525044112150592 1.009459747218782
0.3565448152554632 1.009459747218782
0.3605852192958673 1.009459747218782
0.36462562333627135 1.009459747218782
0.36866602737667536 1.009459747218782
0.3727064314170794 1.009459747218782
0.37674683545748344 1.009459747218782
0.3807872394978875 1.009459747218782
0.3848276435382915 1.009459747218782
0.3888680475786956 1.009459747218782
0.3929084516190996 1.009459747218782
0.39694885565950366 1.009459747218782
0.4009892596999077 1.009459747218782
0.40502966374031174 1.009459747218782
0.40907006778071575 1.009459747218782
0.4131104718211198 1.009459747218782
0.4171508758615239 1.009459747218782
0.4211912799019279 1.009459747218782
0.4252316839423319 1.009459747218782
0.429272087982736 1.009459747218782
0.43331249202314004 1.009459747218782
0.43735289606354405 1.009459747218782
0.44139330010394806 1.009459747218782
0.4454337041443521 1.009459747218782
0.4494741081847562 1.009459747218782
0.4535145122251602 1.009459747218782
0.4575549162655642 1.009459747218782
0.4615953203059683 1.009459747218782
0.46563572434637235 1.009459747218782
0.4696761283867764 1.009459747218782
0.4737165324271804 1.009459747218782
0.47775693646758444 1.009459747218782
0.4817973405079885 1.009459747218782
0.48583774454839257 1.009459747218782
0.4898781485887966 1.009459747218782
0.4939185526292006 1.009459747218782
0.49795895666960466 1.009459747218782
0.5019993607100087 1.009459747218782
0.5060397647504127 1.009459747218782
0.5100801687908167 1.009459747218782
0.5141205728312208 1.009459747218782
0.5181609768716249 1.009459747218782
0.522201380912029 1.009459747218782
0.526241784952433 1.009459747218782
0.530282188992837 1.009459747218782
0.534322593033241 1.009459747218782
0.5383629970736451 1.009459747218782
0.542403401114049 1.009459747218782
0.5464438051544531 1.009459747218782
0.5504842091948572 1.009459747218782
0.5545246132352613 1.009459747218782
0.5585650172756653 1.009459747218782
0.5626054213160694 1.009459747218782
0.5666458253564733 1.009459747218782
0.5706862293968774 1.009459747218782
0.5747266334372814 1.009459747218782
0.5787670374776854 1.009459747218782
0.5828074415180895 1.009459747218782
0.5868478455584936 1.009459747218782
0.5908882495988976 1.009459747218782
0.5949286536393017 1.009459747218782
0.5989690576797057 1.009459747218782
0.6030094617201097 1.009459747218782
0.6070498657605137 1.009459747218782
0.6110902698009177 1.009459747218782
0.6151306738413218 1.009459747218782
0.6191710778817259 1.009459747218782
0.6232114819221299 1.009459747218782
0.627251885962534 1.009459747218782
0.6312922900029381 1.009459747218782
0.635332694043342 1.009459747218782
0.6393730980837461 1.009459747218782
0.64341350212415 1.009459747218782
0.6474539061645541 1.009459747218782
0.6514943102049582 1.009459747218782
0.6555347142453622 1.009459747218782
0.6595751182857663 1.009459747218782
0.6636155223261704 1.009459747218782
0.6676559263665743 1.009459747218782
0.6716963304069784 1.009459747218782
0.6757367344473824 1.009459747218782
0.6797771384877864 1.009459747218782
0.6838175425281905 1.009459747218782
0.6878579465685946 1.009459747218782
0.6918983506089986 1.009459747218782
0.6959387546494027 1.009459747218782
0.6999791586898068 1.009459747218782
0.2999791586898067 1.0135001512591861
0.3040195627302107 1.0135001512591861
0.30805996677061476 1.0135001512591861
0.3121003708110188 1.0135001512591861
0.31614077485142283 1.0135001512591861
0.32018117889182685 1.0135001512591861
0.3242215829322309 1.0135001512591861
0.328261986972635 1.0135001512591861
0.332302391013039 1.0135001512591861
0.33634279505344306 1.0135001512591861
0.34038319909384707 1.0135001512591861
0.34442360313425113 1.0135001512591861
0.3484640071746552 1.0135001512591861
0.3525044112150592 1.0135001512591861
0.3565448152554632 1.0135001512591861
0.3605852192958673 1.0135001512591861
0.36462562333627135 1.0135001512591861
0.36866602737667536 1.0135001512591861
0.3727064314170794 1.0135001512591861
0.37674683545748344 1.0135001512591861
0.3807872394978875 1.0135001512591861
0.3848276435382915 1.0135001512591861
0.3888680475786956 1.0135001512591861
0.3929084516190996 1.0135001512591861
0.39694885565950366 1.0135001512591861
0.4009892596999077 1.0135001512591861
0.40502966374031174 1.0135001512591861
0.40907006778071575 1.0135001512591861
0.4131104718211198 1.0135001512591861
0.4171508758615239 1.0135001512591861
0.4211912799019279 1.0135001512591861
0.4252316839423319 1.0135001512591861
0.429272087982736 1.0135001512591861
0.43331249202314004 1.0135001512591861
0.43735289606354405 1.0135001512591861
0.44139330010394806 1.0135001512591861
0.4454337041443521 1.0135001512591861
0.4494741081847562 1.0135001512591861
0.4535145122251602 1.0135001512591861
0.4575549162655642 1.0135001512591861
0.4615953203059683 1.0135001512591861
0.46563572434637235 1.0135001512591861
0.4696761283867764 1.0135001512591861
0.4737165324271804 1.0135001512591861
0.47775693646758444 1.0135001512591861
0.4817973405079885 1.0135001512591861
0.48583774454839257 1.0135001512591861
0.4898781485887966 1.0135001512591861
0.4939185526292006 1.0135001512591861
0.49795895666960466 1.0135001512591861
0.5019993607100087 1.0135001512591861
0.5060397647504127 1.0135001512591861
0.5100801687908167 1.0135001512591861
0.5141205728312208 1.0135001512591861
0.5181609768716249 1.0135001512591861
0.522201380912029 1.0135001512591861
0.526241784952433 1.0135001512591861
0.530282188992837 1.0135001512591861
0.534322593033241 1.0135001512591861
0.5383629970736451 1.0135001512591861
0.542403401114049 1.0135001512591861
0.5464438051544531 1.0135001512591861
0.5504842091948572 1.0135001512591861
0.5545246132352613 1.0135001512591861
0.5585650172756653 1.0135001512591861
0.5626054213160694 1.0135001512591861
0.5666458253564733 1.0135001512591861
0.5706862293968774 1.0135001512591861
0.5747266334372814 1.0135001512591861
0.5787670374776854 1.0135001512591861
0.5828074415180895 1.0135001512591861
0.5868478455584936 1.0135001512591861
0.5908882495988976 1.0135001512591861
0.5949286536393017 1.0135001512591861
0.5989690576797057 1.0135001512591861
0.6030094617201097 1.0135001512591861
0.6070498657605137 1.0135001512591861
0.6110902698009177 1.0135001512591861
0.6151306738413218 1.0135001512591861
0.6191710778817259 1.0135001512591861
0.6232114819221299 1.0135001512591861
0.627251885962534 1.0135001512591861
0.6312922900029381 1.0135001512591861
0.635332694043342 1.0135001512591861
0.6393730980837461 1.0135001512591861
0.64341350212415 1.0135001512591861
0.6474539061645541 1.0135001512591861
0.6514943102049582 1.0135001512591861
0.6555347142453622 1.0135001512591861
0.6595751182857663 1.0135001512591861
0.6636155223261704 1.0135001512591861
0.6676559263665743 1.0135001512591861
0.6716963304069784 1.0135001512591861
0.6757367344473824 1.0135001512591861
0.6797771384877864 1.0135001512591861
0.6838175425281905 1.0135001512591861
0.6878579465685946 1.0135001512591861
0.6918983506089986 1.0135001512591861
0.6959387546494027 1.0135001512591861
0.6999791586898068 1.0135001512591861
0.2999791586898067 1.0175405552995902
0.3040195627302107 1.0175405552995902
0.30805996677061476 1.0175405552995902
0.3121003708110188 1.0175405552995902
0.31614077485142283 1.0175405552995902
0.32018117889182685 1.0175405552995902
0.3242215829322309 1.0175405552995902
0.328261986972635 1.0175405552995902
0.332302391013039 1.0175405552995902
0.33634279505344306 1.0175405552995902
0.34038319909384707 1.0175405552995902
0.34442360313425113 1.0175405552995902
0.3484640071746552 1.0175405552995902
0.3525044112150592 1.0175405552995902
0.3565448152554632 1.0175405552995902
0.3605852192958673 1.0175405552995902
0.36462562333627135 1.0175405552995902
0.36866602737667536 1.0175405552995902
0.3727064314170794 1.0175405552995902
0.37674683545748344 1.0175405552995902
0.3807872394978875 1.0175405552995902
0.3848276435382915 1.0175405552995902
0.3888680475786956 1.0175405552995902
0.3929084516190996 1.0175405552995902
0.39694885565950366 1.0175405552995902
0.4009892596999077 1.0175405552995902
0.40502966374031174 1.0175405552995902
0.40907006778071575 1.0175405552995902
0.4131104718211198 1.0175405552995902
0.4171508758615239 1.0175405552995902
0.4211912799019279 1.0175405552995902
0.4252316839423319 1.0175405552995902
0.429272087982736 1.0175405552995902
0.43331249202314004 1.0175405552995902
0.43735289606354405 1.0175405552995902
0.44139330010394806 1.0175405552995902
0.4454337041443521 1.0175405552995902
0.4494741081847562 1.0175405552995902
0.4535145122251602 1.0175405552995902
0.4575549162655642 1.0175405552995902
0.4615953203059683 1.0175405552995902
0.46563572434637235 1.0175405552995902
0.4696761283867764 1.0175405552995902
0.4737165324271804 1.0175405552995902
0.47775693646758444 1.0175405552995902
0.4817973405079885 1.0175405552995902
0.48583774454839257 1.0175405552995902
0.4898781485887966 1.0175405552995902
0.4939185526292006 1.0175405552995902
0.49795895666960466 1.0175405552995902
0.5019993607100087 1.0175405552995902
0.5060397647504127 1.0175405552995902
0.5100801687908167 1.0175405552995902
0.5141205728312208 1.0175405552995902
0.5181609768716249 1.0175405552995902
0.522201380912029 1.0175405552995902
0.526241784952433 1.0175405552995902
0.530282188992837 1.0175405552995902
0.534322593033241 1.0175405552995902
0.5383629970736451 1.0175405552995902
0.542403401114049 1.0175405552995902
0.5464438051544531 1.0175405552995902
0.5504842091948572 1.0175405552995902
0.5545246132352613 1.0175405552995902
0.5585650172756653 1.0175405552995902
0.5626054213160694 1.0175405552995902
0.5666458253564733 1.0175405552995902
0.5706862293968774 1.0175405552995902
0.5747266334372814 1.0175405552995902
0.5787670374776854 1.0175405552995902
0.5828074415180895 1.0175405552995902
0.5868478455584936 1.0175405552995902
0.5908882495988976 1.0175405552995902
0.5949286536393017 1.0175405552995902
0.5989690576797057 1.0175405552995902
0.6030094617201097 1.0175405552995902
0.6070498657605137 1.0175405552995902
0.6110902698009177 1.0175405552995902
0.6151306738413218 1.0175405552995902
0.6191710778817259 1.0175405552995902
0.6232114819221299 1.0175405552995902
0.627251885962534 1.0175405552995902
0.6312922900029381 1.0175405552995902
0.635332694043342 1.0175405552995902
0.6393730980837461 1.0175405552995902
0.64341350212415 1.0175405552995902
0.6474539061645541 1.0175405552995902
0.6514943102049582 1.0175405552995902
0.6555347142453622 1.0175405552995902
0.6595751182857663 1.0175405552995902
0.6636155223261704 1.0175405552995902
0.6676559263665743 1.0175405552995902
0.6716963304069784 1.0175405552995902
0.6757367344473824 1.0175405552995902
0.6797771384877864 1.0175405552995902
0.6838175425281905 1.0175405552995902
0.6878579465685946 1.0175405552995902
0.6918983506089986 1.0175405552995902
0.6959387546494027 1.0175405552995902
0.6999791586898068 1.0175405552995902
0.2999791586898067 1.0215809593399943
0.3040195627302107 1.0215809593399943
0.30805996677061476 1.0215809593399943
0.3121003708110188 1.0215809593399943
0.31614077485142283 1.0215809593399943
0.32018117889182685 1.0215809593399943
0.3242215829322309 1.0215809593399943
0.328261986972635 1.0215809593399943
0.332302391013039 1.0215809593399943
0.33634279505344306 1.0215809593399943
0.34038319909384707 1.0215809593399943
0.34442360313425113 1.0215809593399943
0.3484640071746552 1.0215809593399943
0.3525044112150592 1.0215809593399943
0.3565448152554632 1.0215809593399943
0.3605852192958673 1.0215809593399943
0.36462562333627135 1.0215809593399943
0.36866602737667536 1.0215809593399943
0.3727064314170794 1.0215809593399943
0.37674683545748344 1.0215809593399943
0.3807872394978875 1.0215809593399943
0.3848276435382915 1.0215809593399943
0.3888680475786956 1.0215809593399943
0.3929084516190996 1.0215809593399943
0.39694885565950366 1.0215809593399943
0.4009892596999077 1.0215809593399943
0.40502966374031174 1.0215809593399943
0.40907006778071575 1.0215809593399943
0.4131104718211198 1.0215809593399943
0.4171508758615239 1.0215809593399943
0.4211912799019279 1.0215809593399943
0.4252316839423319 1.0215809593399943
0.429272087982736 1.0215809593399943
0.43331249202314004 1.0215809593399943
0.43735289606354405 1.0215809593399943
0.44139330010394806 1.0215809593399943
0.4454337041443521 1.0215809593399943
0.4494741081847562 1.0215809593399943
0.4535145122251602 1.0215809593399943
0.4575549162655642 1.0215809593399943
0.4615953203059683 1.0215809593399943
0.46563572434637235 1.0215809593399943
0.4696761283867764 1.0215809593399943
0.4737165324271804 1.0215809593399943
0.47775693646758444 1.0215809593399943
0.4817973405079885 1.0215809593399943
0.48583774454839257 1.0215809593399943
0.4898781485887966 1.0215809593399943
0.4939185526292006 1.0215809593399943
0.49795895666960466 1.0215809593399943
0.5019993607100087 1.0215809593399943
0.5060397647504127 1.0215809593399943
0.5100801687908167 1.0215809593399943
0.5141205728312208 1.0215809593399943
0.5181609768716249 1.0215809593399943
0.522201380912029 1.0215809593399943
0.526241784952433 1.0215809593399943
0.530282188992837 1.0215809593399943
0.534322593033241 1.0215809593399943
0.5383629970736451 1.0215809593399943
0.542403401114049 1.0215809593399943
0.5464438051544531 1.0215809593399943
0.5504842091948572 1.0215809593399943
0.5545246132352613 1.0215809593399943
0.5585650172756653 1.0215809593399943
0.5626054213160694 1.0215809593399943
0.5666458253564733 1.0215809593399943
0.5706862293968774 1.0215809593399943
0.5747266334372814 1.0215809593399943
0.5787670374776854 1.0215809593399943
0.5828074415180895 1.0215809593399943
0.5868478455584936 1.0215809593399943
0.5908882495988976 1.0215809593399943
0.5949286536393017 1.0215809593399943
0.5989690576797057 1.0215809593399943
0.6030094617201097 1.0215809593399943
0.6070498657605137 1.0215809593399943
0.6110902698009177 1.0215809593399943
0.6151306738413218 1.0215809593399943
0.6191710778817259 1.0215809593399943
0.6232114819221299 1.0215809593399943
0.627251885962534 1.0215809593399943
0.6312922900029381 1.0215809593399943
0.635332694043342 1.0215809593399943
0.6393730980837461 1.0215809593399943
0.64341350212415 1.0215809593399943
0.6474539061645541 1.0215809593399943
0.6514943102049582 1.0215809593399943
0.6555347142453622 1.0215809593399943
0.6595751182857663 1.0215809593399943
0.6636155223261704 1.0215809593399943
0.6676559263665743 1.0215809593399943
0.6716963304069784 1.0215809593399943
0.6757367344473824 1.0215809593399943
0.6797771384877864 1.0215809593399943
0.6838175425281905 1.0215809593399943
0.6878579465685946 1.0215809593399943
0.6918983506089986 1.0215809593399943
0.6959387546494027 1.0215809593399943
0.6999791586898068 1.0215809593399943
0.2999791586898067 1.025621363380398
0.3040195627302107 1.025621363380398
0.30805996677061476 1.025621363380398
0.3121003708110188 1.025621363380398
0.31614077485142283 1.025621363380398
0.32018117889182685 1.025621363380398
0.3242215829322309 1.025621363380398
0.328261986972635 1.025621363380398
0.332302391013039 1.025621363380398
0.33634279505344306 1.025621363380398
0.34038319909384707 1.025621363380398
0.34442360313425113 1.025621363380398
0.3484640071746552 1.025621363380398
0.3525044112150592 1.025621363380398
0.3565448152554632 1.025621363380398
0.3605852192958673 1.025621363380398
0.36462562333627135 1.025621363380398
0.36866602737667536 1.025621363380398
0.3727064314170794 1.025621363380398
0.37674683545748344 1.025621363380398
0.3807872394978875 1.025621363380398
0.3848276435382915 1.025621363380398
0.3888680475786956 1.025621363380398
0.3929084516190996 1.025621363380398
0.39694885565950366 1.025621363380398
0.4009892596999077 1.025621363380398
0.40502966374031174 1.025621363380398
0.40907006778071575 1.025621363380398
0.4131104718211198 1.025621363380398
0.4171508758615239 1.025621363380398
0.4211912799019279 1.025621363380398
0.4252316839423319 1.025621363380398
0.429272087982736 1.025621363380398
0.43331249202314004 1.025621363380398
0.43735289606354405 1.025621363380398
0.44139330010394806 1.025621363380398
0.4454337041443521 1.025621363380398
0.4494741081847562 1.025621363380398
0.4535145122251602 1.025621363380398
0.4575549162655642 1.025621363380398
0.4615953203059683 1.025621363380398
0.46563572434637235 1.025621363380398
0.4696761283867764 1.025621363380398
0.4737165324271804 1.025621363380398
0.47775693646758444 1.025621363380398
0.4817973405079885 1.025621363380398
0.48583774454839257 1.025621363380398
0.4898781485887966 1.025621363380398
0.4939185526292006 1.025621363380398
0.49795895666960466 1.025621363380398
0.5019993607100087 1.025621363380398
0.5060397647504127 1.025621363380398
0.5100801687908167 1.025621363380398
0.5141205728312208 1.025621363380398
0.5181609768716249 1.025621363380398
0.522201380912029 1.025621363380398
0.526241784952433 1.025621363380398
0.530282188992837 1.025621363380398
0.534322593033241 1.025621363380398
0.5383629970736451 1.025621363380398
0.542403401114049 1.025621363380398
0.5464438051544531 1.025621363380398
0.5504842091948572 1.025621363380398
0.5545246132352613 1.025621363380398
0.5585650172756653 1.025621363380398
0.5626054213160694 1.025621363380398
0.5666458253564733 1.025621363380398
0.5706862293968774 1.025621363380398
0.5747266334372814 1.025621363380398
0.5787670374776854 1.025621363380398
0.5828074415180895 1.025621363380398
0.5868478455584936 1.025621363380398
0.5908882495988976 1.025621363380398
0.5949286536393017 1.025621363380398
0.5989690576797057 1.025621363380398
0.6030094617201097 1.025621363380398
0.6070498657605137 1.025621363380398
0.6110902698009177 1.025621363380398
0.6151306738413218 1.025621363380398
0.6191710778817259 1.025621363380398
0.6232114819221299 1.025621363380398
0.627251885962534 1.025621363380398
0.6312922900029381 1.025621363380398
0.635332694043342 1.025621363380398
0.6393730980837461 1.025621363380398
0.64341350212415 1.025621363380398
0.6474539061645541 1.025621363380398
0.6514943102049582 1.025621363380398
0.6555347142453622 1.025621363380398
0.6595751182857663 1.025621363380398
0.6636155223261704 1.025621363380398
0.6676559263665743 1.025621363380398
0.6716963304069784 1.025621363380398
0.6757367344473824 1.025621363380398
0.6797771384877864 1.025621363380398
0.6838175425281905 1.025621363380398
0.6878579465685946 1.025621363380398
0.6918983506089986 1.025621363380398
0.6959387546494027 1.025621363380398
0.6999791586898068 1.025621363380398
0.2999791586898067 1.0296617674208022
0.3040195627302107 1.0296617674208022
0.30805996677061476 1.0296617674208022
0.3121003708110188 1.0296617674208022
0.31614077485142283 1.0296617674208022
0.32018117889182685 1.0296617674208022
0.3242215829322309 1.0296617674208022
0.328261986972635 1.0296617674208022
0.332302391013039 1.0296617674208022
0.33634279505344306 1.0296617674208022
0.34038319909384707 1.0296617674208022
0.34442360313425113 1.0296617674208022
0.3484640071746552 1.0296617674208022
0.3525044112150592 1.0296617674208022
0.3565448152554632 1.0296617674208022
0.3605852192958673 1.0296617674208022
0.36462562333627135 1.0296617674208022
0.36866602737667536 1.0296617674208022
0.3727064314170794 1.0296617674208022
0.37674683545748344 1.0296617674208022
0.3807872394978875 1.0296617674208022
0.3848276435382915 1.0296617674208022
0.3888680475786956 1.0296617674208022
0.3929084516190996 1.0296617674208022
0.39694885565950366 1.0296617674208022
0.4009892596999077 1.0296617674208022
0.40502966374031174 1.0296617674208022
0.40907006778071575 1.0296617674208022
0.4131104718211198 1.0296617674208022
0.4171508758615239 1.0296617674208022
0.4211912799019279 1.0296617674208022
0.4252316839423319 1.0296617674208022
0.429272087982736 1.0296617674208022
0.43331249202314004 1.0296617674208022
0.43735289606354405 1.0296617674208022
0.44139330010394806 1.0296617674208022
0.4454337041443521 1.0296617674208022
0.4494741081847562 1.0296617674208022
0.4535145122251602 1.0296617674208022
0.4575549162655642 1.0296617674208022
0.4615953203059683 1.0296617674208022
0.46563572434637235 1.0296617674208022
0.4696761283867764 1.0296617674208022
0.4737165324271804 1.0296617674208022
0.47775693646758444 1.0296617674208022
0.4817973405079885 1.0296617674208022
0.48583774454839257 1.0296617674208022
0.4898781485887966 1.0296617674208022
0.4939185526292006 1.0296617674208022
0.49795895666960466 1.0296617674208022
0.5019993607100087 1.0296617674208022
0.5060397647504127 1.0296617674208022
0.5100801687908167 1.0296617674208022
0.5141205728312208 1.0296617674208022
0.5181609768716249 1.0296617674208022
0.522201380912029 1.0296617674208022
0.526241784952433 1.0296617674208022
0.530282188992837 1.0296617674208022
0.534322593033241 1.0296617674208022
0.5383629970736451 1.0296617674208022
0.542403401114049 1.0296617674208022
0.5464438051544531 1.0296617674208022
0.5504842091948572 1.0296617674208022
0.5545246132352613 1.0296617674208022
0.5585650172756653 1.0296617674208022
0.5626054213160694 1.0296617674208022
0.5666458253564733 1.0296617674208022
0.5706862293968774 1.0296617674208022
0.5747266334372814 1.0296617674208022
0.5787670374776854 1.0296617674208022
0.5828074415180895 1.0296617674208022
0.5868478455584936 1.0296617674208022
0.5908882495988976 1.0296617674208022
0.5949286536393017 1.0296617674208022
0.5989690576797057 1.0296617674208022
0.6030094617201097 1.0296617674208022
0.6070498657605137 1.0296617674208022
0.6110902698009177 1.0296617674208022
0.6151306738413218 1.0296617674208022
0.6191710778817259 1.0296617674208022
0.6232114819221299 1.0296617674208022
0.627251885962534 1.0296617674208022
0.6312922900029381 1.0296617674208022
0.635332694043342 1.0296617674208022
0.6393730980837461 1.0296617674208022
0.64341350212415 1.0296617674208022
0.6474539061645541 1.0296617674208022
0.6514943102049582 1.0296617674208022
0.6555347142453622 1.0296617674208022
0.6595751182857663 1.0296617674208022
0.6636155223261704 1.0296617674208022
0.6676559263665743 1.0296617674208022
0.6716963304069784 1.0296617674208022
0.6757367344473824 1.0296617674208022
0.6797771384877864 1.0296617674208022
0.6838175425281905 1.0296617674208022
0.6878579465685946 1.0296617674208022
0.6918983506089986 1.0296617674208022
0.6959387546494027 1.0296617674208022
0.6999791586898068 1.0296617674208022
0.2999791586898067 1.0337021714612062
0.3040195627302107 1.0337021714612062
0.30805996677061476 1.0337021714612062
0.3121003708110188 1.0337021714612062
0.31614077485142283 1.0337021714612062
0.32018117889182685 1.0337021714612062
0.3242215829322309 1.0337021714612062
0.328261986972635 1.0337021714612062
0.332302391013039 1.0337021714612062
0.33634279505344306 1.0337021714612062
0.34038319909384707 1.0337021714612062
0.34442360313425113 1.0337021714612062
0.3484640071746552 1.0337021714612062
0.3525044112150592 1.0337021714612062
0.3565448152554632 1.0337021714612062
0.3605852192958673 1.0337021714612062
0.36462562333627135 1.0337021714612062
0.36866602737667536 1.0337021714612062
0.3727064314170794 1.0337021714612062
0.37674683545748344 1.0337021714612062
0.3807872394978875 1.0337021714612062
0.3848276435382915 1.0337021714612062
0.3888680475786956 1.0337021714612062
0.3929084516190996 1.0337021714612062
0.39694885565950366 1.0337021714612062
0.4009892596999077 1.0337021714612062
0.40502966374031174 1.0337021714612062
0.40907006778071575 1.0337021714612062
0.4131104718211198 1.0337021714612062
0.4171508758615239 1.0337021714612062
0.4211912799019279 1.0337021714612062
0.4252316839423319 1.0337021714612062
0.429272087982736 1.0337021714612062
0.43331249202314004 1.0337021714612062
0.43735289606354405 1.0337021714612062
0.44139330010394806 1.0337021714612062
0.4454337041443521 1.0337021714612062
0.4494741081847562 1.0337021714612062
0.4535145122251602 1.0337021714612062
0.4575549162655642 1.0337021714612062
0.4615953203059683 1.0337021714612062
0.46563572434637235 1.0337021714612062
0.4696761283867764 1.0337021714612062
0.4737165324271804 1.0337021714612062
0.47775693646758444 1.0337021714612062
0.4817973405079885 1.0337021714612062
0.48583774454839257 1.0337021714612062
0.4898781485887966 1.0337021714612062
0.4939185526292006 1.0337021714612062
0.49795895666960466 1.0337021714612062
0.5019993607100087 1.0337021714612062
0.5060397647504127 1.0337021714612062
0.5100801687908167 1.0337021714612062
0.5141205728312208 1.0337021714612062
0.5181609768716249 1.0337021714612062
0.522201380912029 1.0337021714612062
0.526241784952433 1.0337021714612062
0.530282188992837 1.0337021714612062
0.534322593033241 1.0337021714612062
0.5383629970736451 1.0337021714612062
0.542403401114049 1.0337021714612062
0.5464438051544531 1.0337021714612062
0.5504842091948572 1.0337021714612062
0.5545246132352613 1.0337021714612062
0.5585650172756653 1.0337021714612062
0.5626054213160694 1.0337021714612062
0.5666458253564733 1.0337021714612062
0.5706862293968774 1.0337021714612062
0.5747266334372814 1.0337021714612062
0.5787670374776854 1.0337021714612062
0.5828074415180895 1.0337021714612062
0.5868478455584936 1.0337021714612062
0.5908882495988976 1.0337021714612062
0.5949286536393017 1.0337021714612062
0.5989690576797057 1.0337021714612062
0.6030094617201097 1.0337021714612062
0.6070498657605137 1.0337021714612062
0.6110902698009177 1.0337021714612062
0.6151306738413218 1.0337021714612062
0.6191710778817259 1.0337021714612062
0.6232114819221299 1.0337021714612062
0.627251885962534 1.0337021714612062
0.6312922900029381 1.0337021714612062
0.635332694043342 1.0337021714612062
0.6393730980837461 1.0337021714612062
0.64341350212415 1.0337021714612062
0.6474539061645541 1.0337021714612062
0.6514943102049582 1.0337021714612062
0.6555347142453622 1.0337021714612062
0.6595751182857663 1.0337021714612062
0.6636155223261704 1.0337021714612062
0.6676559263665743 1.0337021714612062
0.6716963304069784 1.0337021714612062
0.6757367344473824 1.0337021714612062
0.6797771384877864 1.0337021714612062
0.6838175425281905 1.0337021714612062
0.6878579465685946 1.0337021714612062
0.6918983506089986 1.0337021714612062
0.6959387546494027 1.0337021714612062
0.6999791586898068 1.0337021714612062
0.2999791586898067 1.0377425755016103
0.3040195627302107 1.0377425755016103
0.30805996677061476 1.0377425755016103
0.3121003708110188 1.0377425755016103
0.31614077485142283 1.0377425755016103
0.32018117889182685 1.0377425755016103
0.3242215829322309 1.0377425755016103
0.328261986972635 1.0377425755016103
0.332302391013039 1.0377425755016103
0.33634279505344306 1.0377425755016103
0.34038319909384707 1.0377425755016103
0.34442360313425113 1.0377425755016103
0.3484640071746552 1.0377425755016103
0.3525044112150592 1.0377425755016103
0.3565448152554632 1.0377425755016103
0.3605852192958673 1.0377425755016103
0.36462562333627135 1.0377425755016103
0.36866602737667536 1.0377425755016103
0.3727064314170794 1.0377425755016103
0.37674683545748344 1.0377425755016103
0.3807872394978875 1.0377425755016103
0.3848276435382915 1.0377425755016103
0.3888680475786956 1.0377425755016103
0.3929084516190996 1.0377425755016103
0.39694885565950366 1.0377425755016103
0.4009892596999077 1.0377425755016103
0.40502966374031174 1.0377425755016103
0.40907006778071575 1.0377425755016103
0.4131104718211198 1.0377425755016103
0.4171508758615239 1.0377425755016103
0.4211912799019279 1.0377425755016103
0.4252316839423319 1.0377425755016103
0.429272087982736 1.0377425755016103
0.43331249202314004 1.0377425755016103
0.43735289606354405 1.0377425755016103
0.44139330010394806 1.0377425755016103
0.4454337041443521 1.0377425755016103
0.4494741081847562 1.0377425755016103
0.4535145122251602 1.0377425755016103
0.4575549162655642 1.0377425755016103
0.4615953203059683 1.0377425755016103
0.46563572434637235 1.0377425755016103
0.4696761283867764 1.0377425755016103
0.4737165324271804 1.0377425755016103
0.47775693646758444 1.0377425755016103
0.4817973405079885 1.0377425755016103
0.48583774454839257 1.0377425755016103
0.4898781485887966 1.0377425755016103
0.4939185526292006 1.0377425755016103
0.49795895666960466 1.0377425755016103
0.5019993607100087 1.0377425755016103
0.5060397647504127 1.0377425755016103
0.5100801687908167 1.0377425755016103
0.5141205728312208 1.0377425755016103
0.5181609768716249 1.0377425755016103
0.522201380912029 1.0377425755016103
0.526241784952433 1.0377425755016103
0.530282188992837 1.0377425755016103
0.534322593033241 1.0377425755016103
0.5383629970736451 1.0377425755016103
0.542403401114049 1.0377425755016103
0.5464438051544531 1.0377425755016103
0.5504842091948572 1.0377425755016103
0.5545246132352613 1.0377425755016103
0.5585650172756653 1.0377425755016103
0.5626054213160694 1.0377425755016103
0.5666458253564733 1.0377425755016103
0.5706862293968774 1.0377425755016103
0.5747266334372814 1.0377425755016103
0.5787670374776854 1.0377425755016103
0.5828074415180895 1.0377425755016103
0.5868478455584936 1.0377425755016103
0.5908882495988976 1.0377425755016103
0.5949286536393017 1.0377425755016103
0.5989690576797057 1.0377425755016103
0.6030094617201097 1.0377425755016103
0.6070498657605137 1.0377425755016103
0.6110902698009177 1.0377425755016103
0.6151306738413218 1.0377425755016103
0.6191710778817259 1.0377425755016103
0.6232114819221299 1.0377425755016103
0.627251885962534 1.0377425755016103
0.6312922900029381 1.0377425755016103
0.635332694043342 1.0377425755016103
0.6393730980837461 1.0377425755016103
0.64341350212415 1.0377425755016103
0.6474539061645541 1.0377425755016103
0.6514943102049582 1.0377425755016103
0.6555347142453622 1.0377425755016103
0.6595751182857663 1.0377425755016103
0.6636155223261704 1.0377425755016103
0.6676559263665743 1.0377425755016103
0.6716963304069784 1.0377425755016103
0.6757367344473824 1.0377425755016103
0.6797771384877864 1.0377425755016103
0.6838175425281905 1.0377425755016103
0.6878579465685946 1.0377425755016103
0.6918983506089986 1.0377425755016103
0.6959387546494027 1.0377425755016103
0.6999791586898068 1.0377425755016103
0.2999791586898067 1.0417829795420144
0.3040195627302107 1.0417829795420144
0.30805996677061476 1.0417829795420144
0.3121003708110188 1.0417829795420144
0.31614077485142283 1.0417829795420144
0.32018117889182685 1.0417829795420144
0.3242215829322309 1.0417829795420144
0.328261986972635 1.0417829795420144
0.332302391013039 1.0417829795420144
0.33634279505344306 1.0417829795420144
0.34038319909384707 1.0417829795420144
0.34442360313425113 1.0417829795420144
0.3484640071746552 1.0417829795420144
0.3525044112150592 1.0417829795420144
0.3565448152554632 1.0417829795420144
0.3605852192958673 1.0417829795420144
0.36462562333627135 1.0417829795420144
0.36866602737667536 1.0417829795420144
0.3727064314170794 1.0417829795420144
0.37674683545748344 1.0417829795420144
0.3807872394978875 1.0417829795420144
0.3848276435382915 1.0417829795420144
0.3888680475786956 1.0417829795420144
0.3929084516190996 1.0417829795420144
0.39694885565950366 1.0417829795420144
0.4009892596999077 1.0417829795420144
0.40502966374031174 1.0417829795420144
0.40907006778071575 1.0417829795420144
0.4131104718211198 1.0417829795420144
0.4171508758615239 1.0417829795420144
0.4211912799019279 1.0417829795420144
0.4252316839423319 1.0417829795420144
0.429272087982736 1.0417829795420144
0.43331249202314004 1.0417829795420144
0.43735289606354405 1.0417829795420144
0.44139330010394806 1.0417829795420144
0.4454337041443521 1.0417829795420144
0.4494741081847562 1.0417829795420144
0.4535145122251602 1.0417829795420144
0.4575549162655642 1.0417829795420144
0.4615953203059683 1.0417829795420144
0.46563572434637235 1.0417829795420144
0.4696761283867764 1.0417829795420144
0.4737165324271804 1.0417829795420144
0.47775693646758444 1.0417829795420144
0.4817973405079885 1.0417829795420144
0.48583774454839257 1.0417829795420144
0.4898781485887966 1.0417829795420144
0.4939185526292006 1.0417829795420144
0.49795895666960466 1.0417829795420144
0.5019993607100087 1.0417829795420144
0.5060397647504127 1.0417829795420144
0.5100801687908167 1.0417829795420144
0.5141205728312208 1.0417829795420144
0.5181609768716249 1.0417829795420144
0.522201380912029 1.0417829795420144
0.526241784952433 1.0417829795420144
0.530282188992837 1.0417829795420144
0.534322593033241 1.0417829795420144
0.5383629970736451 1.0417829795420144
0.542403401114049 1.0417829795420144
0.5464438051544531 1.0417829795420144
0.5504842091948572 1.0417829795420144
0.5545246132352613 1.0417829795420144
0.5585650172756653 1.0417829795420144
0.5626054213160694 1.0417829795420144
0.5666458253564733 1.0417829795420144
0.5706862293968774 1.0417829795420144
0.5747266334372814 1.0417829795420144
0.5787670374776854 1.0417829795420144
0.5828074415180895 1.0417829795420144
0.5868478455584936 1.0417829795420144
0.5908882495988976 1.0417829795420144
0.5949286536393017 1.0417829795420144
0.5989690576797057 1.0417829795420144
0.6030094617201097 1.0417829795420144
0.6070498657605137 1.0417829795420144
0.6110902698009177 1.0417829795420144
0.6151306738413218 1.0417829795420144
0.6191710778817259 1.0417829795420144
0.6232114819221299 1.0417829795420144
0.627251885962534 1.0417829795420144
0.6312922900029381 1.0417829795420144
0.635332694043342 1.0417829795420144
0.6393730980837461 1.0417829795420144
0.64341350212415 1.0417829795420144
0.6474539061645541 1.0417829795420144
0.6514943102049582 1.0417829795420144
0.6555347142453622 1.0417829795420144
0.6595751182857663 1.0417829795420144
0.6636155223261704 1.0417829795420144
0.6676559263665743 1.0417829795420144
0.6716963304069784 1.0417829795420144
0.6757367344473824 1.0417829795420144
0.6797771384877864 1.0417829795420144
0.6838175425281905 1.0417829795420144
0.6878579465685946 1.0417829795420144
0.6918983506089986 1.0417829795420144
0.6959387546494027 1.0417829795420144
0.6999791586898068 1.0417829795420144
0.2999791586898067 1.0458233835824184
0.3040195627302107 1.0458233835824184
0.30805996677061476 1.0458233835824184
0.3121003708110188 1.0458233835824184
0.31614077485142283 1.0458233835824184
0.32018117889182685 1.0458233835824184
0.3242215829322309 1.0458233835824184
0.328261986972635 1.0458233835824184
0.332302391013039 1.0458233835824184
0.33634279505344306 1.0458233835824184
0.34038319909384707 1.0458233835824184
0.34442360313425113 1.0458233835824184
0.3484640071746552 1.0458233835824184
0.3525044112150592 1.0458233835824184
0.3565448152554632 1.0458233835824184
0.3605852192958673 1.0458233835824184
0.36462562333627135 1.0458233835824184
0.36866602737667536 1.0458233835824184
0.3727064314170794 1.0458233835824184
0.37674683545748344 1.0458233835824184
0.3807872394978875 1.0458233835824184
0.3848276435382915 1.0458233835824184
0.3888680475786956 1.0458233835824184
0.3929084516190996 1.0458233835824184
0.39694885565950366 1.0458233835824184
0.4009892596999077 1.0458233835824184
0.40502966374031174 1.0458233835824184
0.40907006778071575 1.0458233835824184
0.4131104718211198 1.0458233835824184
0.4171508758615239 1.0458233835824184
0.4211912799019279 1.0458233835824184
0.4252316839423319 1.0458233835824184
0.429272087982736 1.0458233835824184
0.43331249202314004 1.0458233835824184
0.43735289606354405 1.0458233835824184
0.44139330010394806 1.0458233835824184
0.4454337041443521 1.0458233835824184
0.4494741081847562 1.0458233835824184
0.4535145122251602 1.0458233835824184
0.4575549162655642 1.0458233835824184
0.4615953203059683 1.0458233835824184
0.46563572434637235 1.0458233835824184
0.4696761283867764 1.0458233835824184
0.4737165324271804 1.0458233835824184
0.47775693646758444 1.0458233835824184
0.4817973405079885 1.0458233835824184
0.48583774454839257 1.0458233835824184
0.4898781485887966 1.0458233835824184
0.4939185526292006 1.0458233835824184
0.49795895666960466 1.0458233835824184
0.5019993607100087 1.0458233835824184
0.5060397647504127 1.0458233835824184
0.5100801687908167 1.0458233835824184
0.5141205728312208 1.0458233835824184
0.5181609768716249 1.0458233835824184
0.522201380912029 1.0458233835824184
0.526241784952433 1.0458233835824184
0.530282188992837 1.0458233835824184
0.534322593033241 1.0458233835824184
0.5383629970736451 1.0458233835824184
0.542403401114049 1.0458233835824184
0.5464438051544531 1.0458233835824184
0.5504842091948572 1.0458233835824184
0.5545246132352613 1.0458233835824184
0.5585650172756653 1.0458233835824184
0.5626054213160694 1.0458233835824184
0.5666458253564733 1.0458233835824184
0.5706862293968774 1.0458233835824184
0.5747266334372814 1.0458233835824184
0.5787670374776854 1.0458233835824184
0.5828074415180895 1.0458233835824184
0.5868478455584936 1.0458233835824184
0.5908882495988976 1.0458233835824184
0.5949286536393017 1.0458233835824184
0.5989690576797057 1.0458233835824184
0.6030094617201097 1.0458233835824184
0.6070498657605137 1.0458233835824184
0.6110902698009177 1.0458233835824184
0.6151306738413218 1.0458233835824184
0.6191710778817259 1.0458233835824184
0.6232114819221299 1.0458233835824184
0.627251885962534 1.0458233835824184
0.6312922900029381 1.0458233835824184
0.635332694043342 1.0458233835824184
0.6393730980837461 1.0458233835824184
0.64341350212415 1.0458233835824184
0.6474539061645541 1.0458233835824184
0.6514943102049582 1.0458233835824184
0.6555347142453622 1.0458233835824184
0.6595751182857663 1.0458233835824184
0.6636155223261704 1.0458233835824184
0.6676559263665743 1.0458233835824184
0.6716963304069784 1.0458233835824184
0.6757367344473824 1.0458233835824184
0.6797771384877864 1.0458233835824184
0.6838175425281905 1.0458233835824184
0.6878579465685946 1.0458233835824184
0.6918983506089986 1.0458233835824184
0.6959387546494027 1.0458233835824184
0.6999791586898068 1.0458233835824184
0.2999791586898067 1.0498637876228223
0.3040195627302107 1.0498637876228223
0.30805996677061476 1.0498637876228223
0.3121003708110188 1.0498637876228223
0.31614077485142283 1.0498637876228223
0.32018117889182685 1.0498637876228223
0.3242215829322309 1.0498637876228223
0.328261986972635 1.0498637876228223
0.332302391013039 1.0498637876228223
0.33634279505344306 1.0498637876228223
0.34038319909384707 1.0498637876228223
0.34442360313425113 1.0498637876228223
0.3484640071746552 1.0498637876228223
0.3525044112150592 1.0498637876228223
0.3565448152554632 1.0498637876228223
0.3605852192958673 1.0498637876228223
0.36462562333627135 1.0498637876228223
0.36866602737667536 1.0498637876228223
0.3727064314170794 1.0498637876228223
0.37674683545748344 1.0498637876228223
0.3807872394978875 1.0498637876228223
0.3848276435382915 1.0498637876228223
0.3888680475786956 1.0498637876228223
0.3929084516190996 1.0498637876228223
0.39694885565950366 1.0498637876228223
0.4009892596999077 1.0498637876228223
0.40502966374031174 1.0498637876228223
0.40907006778071575 1.0498637876228223
0.4131104718211198 1.0498637876228223
0.4171508758615239 1.0498637876228223
0.4211912799019279 1.0498637876228223
0.4252316839423319 1.0498637876228223
0.429272087982736 1.0498637876228223
0.43331249202314004 1.0498637876228223
0.43735289606354405 1.0498637876228223
0.44139330010394806 1.0498637876228223
0.4454337041443521 1.0498637876228223
0.4494741081847562 1.0498637876228223
0.4535145122251602 1.0498637876228223
0.4575549162655642 1.0498637876228223
0.4615953203059683 1.0498637876228223
0.46563572434637235 1.0498637876228223
0.4696761283867764 1.0498637876228223
0.4737165324271804 1.0498637876228223
0.47775693646758444 1.0498637876228223
0.4817973405079885 1.0498637876228223
0.48583774454839257 1.0498637876228223
0.4898781485887966 1.0498637876228223
0.4939185526292006 1.0498637876228223
0.49795895666960466 1.0498637876228223
0.5019993607100087 1.0498637876228223
0.5060397647504127 1.0498637876228223
0.5100801687908167 1.0498637876228223
0.5141205728312208 1.0498637876228223
0.5181609768716249 1.0498637876228223
0.522201380912029 1.0498637876228223
0.526241784952433 1.0498637876228223
0.530282188992837 1.0498637876228223
0.534322593033241 1.0498637876228223
0.5383629970736451 1.0498637876228223
0.542403401114049 1.0498637876228223
0.5464438051544531 1.0498637876228223
0.5504842091948572 1.0498637876228223
0.5545246132352613 1.0498637876228223
0.5585650172756653 1.0498637876228223
0.5626054213160694 1.0498637876228223
0.5666458253564733 1.0498637876228223
0.5706862293968774 1.0498637876228223
0.5747266334372814 1.0498637876228223
0.5787670374776854 1.0498637876228223
0.5828074415180895 1.0498637876228223
0.5868478455584936 1.0498637876228223
0.5908882495988976 1.0498637876228223
0.5949286536393017 1.0498637876228223
0.5989690576797057 1.0498637876228223
0.6030094617201097 1.0498637876228223
0.6070498657605137 1.0498637876228223
0.6110902698009177 1.0498637876228223
0.6151306738413218 1.0498637876228223
0.6191710778817259 1.0498637876228223
0.6232114819221299 1.0498637876228223
0.627251885962534 1.0498637876228223
0.6312922900029381 1.0498637876228223
0.635332694043342 1.0498637876228223
0.6393730980837461 1.0498637876228223
0.64341350212415 1.0498637876228223
0.6474539061645541 1.0498637876228223
0.6514943102049582 1.0498637876228223
0.6555347142453622 1.0498637876228223
0.6595751182857663 1.0498637876228223
0.6636155223261704 1.0498637876228223
0.6676559263665743 1.0498637876228223
0.6716963304069784 1.0498637876228223
0.6757367344473824 1.0498637876228223
0.6797771384877864 1.0498637876228223
0.6838175425281905 1.0498637876228223
0.6878579465685946 1.0498637876228223
0.6918983506089986 1.0498637876228223
0.6959387546494027 1.0498637876228223
0.6999791586898068 1.0498637876228223
0.2999791586898067 1.0539041916632264
0.3040195627302107 1.0539041916632264
0.30805996677061476 1.0539041916632264
0.3121003708110188 1.0539041916632264
0.31614077485142283 1.0539041916632264
0.32018117889182685 1.0539041916632264
0.3242215829322309 1.0539041916632264
0.328261986972635 1.0539041916632264
0.332302391013039 1.0539041916632264
0.33634279505344306 1.0539041916632264
0.34038319909384707 1.0539041916632264
0.34442360313425113 1.0539041916632264
0.3484640071746552 1.0539041916632264
0.3525044112150592 1.0539041916632264
0.3565448152554632 1.0539041916632264
0.3605852192958673 1.0539041916632264
0.36462562333627135 1.0539041916632264
0.36866602737667536 1.0539041916632264
0.3727064314170794 1.0539041916632264
0.37674683545748344 1.0539041916632264
0.3807872394978875 1.0539041916632264
0.3848276435382915 1.0539041916632264
0.3888680475786956 1.0539041916632264
0.3929084516190996 1.0539041916632264
0.39694885565950366 1.0539041916632264
0.4009892596999077 1.0539041916632264
0.40502966374031174 1.0539041916632264
0.40907006778071575 1.0539041916632264
0.4131104718211198 1.0539041916632264
0.4171508758615239 1.0539041916632264
0.4211912799019279 1.0539041916632264
0.4252316839423319 1.0539041916632264
0.429272087982736 1.0539041916632264
0.43331249202314004 1.0539041916632264
0.43735289606354405 1.0539041916632264
0.44139330010394806 1.0539041916632264
0.4454337041443521 1.0539041916632264
0.4494741081847562 1.0539041916632264
0.4535145122251602 1.0539041916632264
0.4575549162655642 1.0539041916632264
0.4615953203059683 1.0539041916632264
0.46563572434637235 1.0539041916632264
0.4696761283867764 1.0539041916632264
0.4737165324271804 1.0539041916632264
0.47775693646758444 1.0539041916632264
0.4817973405079885 1.0539041916632264
0.48583774454839257 1.0539041916632264
0.4898781485887966 1.0539041916632264
0.4939185526292006 1.0539041916632264
0.49795895666960466 1.0539041916632264
0.5019993607100087 1.0539041916632264
0.5060397647504127 1.0539041916632264
0.5100801687908167 1.0539041916632264
0.5141205728312208 1.0539041916632264
0.5181609768716249 1.0539041916632264
0.522201380912029 1.0539041916632264
0.526241784952433 1.0539041916632264
0.530282188992837 1.0539041916632264
0.534322593033241 1.0539041916632264
0.5383629970736451 1.0539041916632264
0.542403401114049 1.0539041916632264
0.5464438051544531 1.0539041916632264
0.5504842091948572 1.0539041916632264
0.5545246132352613 1.0539041916632264
0.5585650172756653 1.0539041916632264
0.5626054213160694 1.0539041916632264
0.5666458253564733 1.0539041916632264
0.5706862293968774 1.0539041916632264
0.5747266334372814 1.0539041916632264
0.5787670374776854 1.0539041916632264
0.5828074415180895 1.0539041916632264
0.5868478455584936 1.0539041916632264
0.5908882495988976 1.0539041916632264
0.5949286536393017 1.0539041916632264
0.5989690576797057 1.0539041916632264
0.6030094617201097 1.0539041916632264
0.6070498657605137 1.0539041916632264
0.6110902698009177 1.0539041916632264
0.6151306738413218 1.0539041916632264
0.6191710778817259 1.0539041916632264
0.6232114819221299 1.0539041916632264
0.627251885962534 1.0539041916632264
0.6312922900029381 1.0539041916632264
0.635332694043342 1.0539041916632264
0.6393730980837461 1.0539041916632264
0.64341350212415 1.0539041916632264
0.6474539061645541 1.0539041916632264
0.6514943102049582 1.0539041916632264
0.6555347142453622 1.0539041916632264
0.6595751182857663 1.0539041916632264
0.6636155223261704 1.0539041916632264
0.6676559263665743 1.0539041916632264
0.6716963304069784 1.0539041916632264
0.6757367344473824 1.0539041916632264
0.6797771384877864 1.0539041916632264
0.6838175425281905 1.0539041916632264
0.6878579465685946 1.0539041916632264
0.6918983506089986 1.0539041916632264
0.6959387546494027 1.0539041916632264
0.6999791586898068 1.0539041916632264
0.2999791586898067 1.0579445957036304
0.3040195627302107 1.0579445957036304
0.30805996677061476 1.0579445957036304
0.3121003708110188 1.0579445957036304
0.31614077485142283 1.0579445957036304
0.32018117889182685 1.0579445957036304
0.3242215829322309 1.0579445957036304
0.328261986972635 1.0579445957036304
0.332302391013039 1.0579445957036304
0.33634279505344306 1.0579445957036304
0.34038319909384707 1.0579445957036304
0.34442360313425113 1.0579445957036304
0.3484640071746552 1.0579445957036304
0.3525044112150592 1.0579445957036304
0.3565448152554632 1.0579445957036304
0.3605852192958673 1.0579445957036304
0.36462562333627135 1.0579445957036304
0.36866602737667536 1.0579445957036304
0.3727064314170794 1.0579445957036304
0.37674683545748344 1.0579445957036304
0.3807872394978875 1.0579445957036304
0.3848276435382915 1.0579445957036304
0.3888680475786956 1.0579445957036304
0.3929084516190996 1.0579445957036304
0.39694885565950366 1.0579445957036304
0.4009892596999077 1.0579445957036304
0.40502966374031174 1.0579445957036304
0.40907006778071575 1.0579445957036304
0.4131104718211198 1.0579445957036304
0.4171508758615239 1.0579445957036304
0.4211912799019279 1.0579445957036304
0.4252316839423319 1.0579445957036304
0.429272087982736 1.0579445957036304
0.43331249202314004 1.0579445957036304
0.43735289606354405 1.0579445957036304
0.44139330010394806 1.0579445957036304
0.4454337041443521 1.0579445957036304
0.4494741081847562 1.0579445957036304
0.4535145122251602 1.0579445957036304
0.4575549162655642 1.0579445957036304
0.4615953203059683 1.0579445957036304
0.46563572434637235 1.0579445957036304
0.4696761283867764 1.0579445957036304
0.4737165324271804 1.0579445957036304
0.47775693646758444 1.0579445957036304
0.4817973405079885 1.0579445957036304
0.48583774454839257 1.0579445957036304
0.4898781485887966 1.0579445957036304
0.4939185526292006 1.0579445957036304
0.49795895666960466 1.0579445957036304
0.5019993607100087 1.0579445957036304
0.5060397647504127 1.0579445957036304
0.5100801687908167 1.0579445957036304
0.5141205728312208 1.0579445957036304
0.5181609768716249 1.0579445957036304
0.522201380912029 1.0579445957036304
0.526241784952433 1.0579445957036304
0.530282188992837 1.0579445957036304
0.534322593033241 1.0579445957036304
0.5383629970736451 1.0579445957036304
0.542403401114049 1.0579445957036304
0.5464438051544531 1.0579445957036304
0.5504842091948572 1.0579445957036304
0.5545246132352613 1.0579445957036304
0.5585650172756653 1.0579445957036304
0.5626054213160694 1.0579445957036304
0.5666458253564733 1.0579445957036304
0.5706862293968774 1.0579445957036304
0.5747266334372814 1.0579445957036304
0.5787670374776854 1.0579445957036304
0.5828074415180895 1.0579445957036304
0.5868478455584936 1.0579445957036304
0.5908882495988976 1.0579445957036304
0.5949286536393017 1.0579445957036304
0.5989690576797057 1.0579445957036304
0.6030094617201097 1.0579445957036304
0.6070498657605137 1.0579445957036304
0.6110902698009177 1.0579445957036304
0.6151306738413218 1.0579445957036304
0.6191710778817259 1.0579445957036304
0.6232114819221299 1.0579445957036304
0.627251885962534 1.0579445957036304
0.6312922900029381 1.0579445957036304
0.635332694043342 1.0579445957036304
0.6393730980837461 1.0579445957036304
0.64341350212415 1.0579445957036304
0.6474539061645541 1.0579445957036304
0.6514943102049582 1.0579445957036304
0.6555347142453622 1.0579445957036304
0.6595751182857663 1.0579445957036304
0.6636155223261704 1.0579445957036304
0.6676559263665743 1.0579445957036304
0.6716963304069784 1.0579445957036304
0.6757367344473824 1.0579445957036304
0.6797771384877864 1.0579445957036304
0.6838175425281905 1.0579445957036304
0.6878579465685946 1.0579445957036304
0.6918983506089986 1.0579445957036304
0.6959387546494027 1.0579445957036304
0.6999791586898068 1.0579445957036304
0.2999791586898067 1.0619849997440345
0.3040195627302107 1.0619849997440345
0.30805996677061476 1.0619849997440345
0.3121003708110188 1.0619849997440345
0.31614077485142283 1.0619849997440345
0.32018117889182685 1.0619849997440345
0.3242215829322309 1.0619849997440345
0.328261986972635 1.0619849997440345
0.332302391013039 1.0619849997440345
0.33634279505344306 1.0619849997440345
0.34038319909384707 1.0619849997440345
0.34442360313425113 1.0619849997440345
0.3484640071746552 1.0619849997440345
0.3525044112150592 1.0619849997440345
0.3565448152554632 1.0619849997440345
0.3605852192958673 1.0619849997440345
0.36462562333627135 1.0619849997440345
0.36866602737667536 1.0619849997440345
0.3727064314170794 1.0619849997440345
0.37674683545748344 1.0619849997440345
0.3807872394978875 1.0619849997440345
0.3848276435382915 1.0619849997440345
0.3888680475786956 1.0619849997440345
0.3929084516190996 1.0619849997440345
0.39694885565950366 1.0619849997440345
0.4009892596999077 1.0619849997440345
0.40502966374031174 1.0619849997440345
0.40907006778071575 1.0619849997440345
0.4131104718211198 1.0619849997440345
0.4171508758615239 1.0619849997440345
0.4211912799019279 1.0619849997440345
0.4252316839423319 1.0619849997440345
0.429272087982736 1.0619849997440345
0.43331249202314004 1.0619849997440345
0.43735289606354405 1.0619849997440345
0.44139330010394806 1.0619849997440345
0.4454337041443521 1.0619849997440345
0.4494741081847562 1.0619849997440345
0.4535145122251602 1.0619849997440345
0.4575549162655642 1.0619849997440345
0.4615953203059683 1.0619849997440345
0.46563572434637235 1.0619849997440345
0.4696761283867764 1.0619849997440345
0.4737165324271804 1.0619849997440345
0.47775693646758444 1.0619849997440345
0.4817973405079885 1.0619849997440345
0.48583774454839257 1.0619849997440345
0.4898781485887966 1.0619849997440345
0.4939185526292006 1.0619849997440345
0.49795895666960466 1.0619849997440345
0.5019993607100087 1.0619849997440345
0.5060397647504127 1.0619849997440345
0.5100801687908167 1.0619849997440345
0.5141205728312208 1.0619849997440345
0.5181609768716249 1.0619849997440345
0.522201380912029 1.0619849997440345
0.526241784952433 1.0619849997440345
0.530282188992837 1.0619849997440345
0.534322593033241 1.0619849997440345
0.5383629970736451 1.0619849997440345
0.542403401114049 1.0619849997440345
0.5464438051544531 1.0619849997440345
0.5504842091948572 1.0619849997440345
0.5545246132352613 1.0619849997440345
0.5585650172756653 1.0619849997440345
0.5626054213160694 1.0619849997440345
0.5666458253564733 1.0619849997440345
0.5706862293968774 1.0619849997440345
0.5747266334372814 1.0619849997440345
0.5787670374776854 1.0619849997440345
0.5828074415180895 1.0619849997440345
0.5868478455584936 1.0619849997440345
0.5908882495988976 1.0619849997440345
0.5949286536393017 1.0619849997440345
0.5989690576797057 1.0619849997440345
0.6030094617201097 1.0619849997440345
0.6070498657605137 1.0619849997440345
0.6110902698009177 1.0619849997440345
0.6151306738413218 1.0619849997440345
0.6191710778817259 1.0619849997440345
0.6232114819221299 1.0619849997440345
0.627251885962534 1.0619849997440345
0.6312922900029381 1.0619849997440345
0.635332694043342 1.0619849997440345
0.6393730980837461 1.0619849997440345
0.64341350212415 1.0619849997440345
0.6474539061645541 1.0619849997440345
0.6514943102049582 1.0619849997440345
0.6555347142453622 1.0619849997440345
0.6595751182857663 1.0619849997440345
0.6636155223261704 1.0619849997440345
0.6676559263665743 1.0619849997440345
0.6716963304069784 1.0619849997440345
0.6757367344473824 1.0619849997440345
0.6797771384877864 1.0619849997440345
0.6838175425281905 1.0619849997440345
0.6878579465685946 1.0619849997440345
0.6918983506089986 1.0619849997440345
0.6959387546494027 1.0619849997440345
0.6999791586898068 1.0619849997440345
0.2999791586898067 1.0660254037844386
0.3040195627302107 1.0660254037844386
0.30805996677061476 1.0660254037844386
0.3121003708110188 1.0660254037844386
0.31614077485142283 1.0660254037844386
0.32018117889182685 1.0660254037844386
0.3242215829322309 1.0660254037844386
0.328261986972635 1.0660254037844386
0.332302391013039 1.0660254037844386
0.33634279505344306 1.0660254037844386
0.34038319909384707 1.0660254037844386
0.34442360313425113 1.0660254037844386
0.3484640071746552 1.0660254037844386
0.3525044112150592 1.0660254037844386
0.3565448152554632 1.0660254037844386
0.3605852192958673 1.0660254037844386
0.36462562333627135 1.0660254037844386
0.36866602737667536 1.0660254037844386
0.3727064314170794 1.0660254037844386
0.37674683545748344 1.0660254037844386
0.3807872394978875 1.0660254037844386
0.3848276435382915 1.0660254037844386
0.3888680475786956 1.0660254037844386
0.3929084516190996 1.0660254037844386
0.39694885565950366 1.0660254037844386
0.4009892596999077 1.0660254037844386
0.40502966374031174 1.0660254037844386
0.40907006778071575 1.0660254037844386
0.4131104718211198 1.0660254037844386
0.4171508758615239 1.0660254037844386
0.4211912799019279 1.0660254037844386
0.4252316839423319 1.0660254037844386
0.429272087982736 1.0660254037844386
0.43331249202314004 1.0660254037844386
0.43735289606354405 1.0660254037844386
0.44139330010394806 1.0660254037844386
0.4454337041443521 1.0660254037844386
0.4494741081847562 1.0660254037844386
0.4535145122251602 1.0660254037844386
0.4575549162655642 1.0660254037844386
0.4615953203059683 1.0660254037844386
0.46563572434637235 1.0660254037844386
0.4696761283867764 1.0660254037844386
0.4737165324271804 1.0660254037844386
0.47775693646758444 1.0660254037844386
0.4817973405079885 1.0660254037844386
0.48583774454839257 1.0660254037844386
0.4898781485887966 1.0660254037844386
0.4939185526292006 1.0660254037844386
0.49795895666960466 1.0660254037844386
0.5019993607100087 1.0660254037844386
0.5060397647504127 1.0660254037844386
0.5100801687908167 1.0660254037844386
0.5141205728312208 1.0660254037844386
0.5181609768716249 1.0660254037844386
0.522201380912029 1.0660254037844386
0.526241784952433 1.0660254037844386
0.530282188992837 1.0660254037844386
0.534322593033241 1.0660254037844386
0.5383629970736451 1.0660254037844386
0.542403401114049 1.0660254037844386
0.5464438051544531 1.0660254037844386
0.5504842091948572 1.0660254037844386
0.5545246132352613 1.0660254037844386
0.5585650172756653 1.0660254037844386
0.5626054213160694 1.0660254037844386
0.5666458253564733 1.0660254037844386
0.5706862293968774 1.0660254037844386
0.5747266334372814 1.0660254037844386
0.5787670374776854 1.0660254037844386
0.5828074415180895 1.0660254037844386
0.5868478455584936 1.0660254037844386
0.5908882495988976 1.0660254037844386
0.5949286536393017 1.0660254037844386
0.5989690576797057 1.0660254037844386
0.6030094617201097 1.0660254037844386
0.6070498657605137 1.0660254037844386
0.6110902698009177 1.0660254037844386
0.6151306738413218 1.0660254037844386
0.6191710778817259 1.0660254037844386
0.6232114819221299 1.0660254037844386
0.627251885962534 1.0660254037844386
0.6312922900029381 1.0660254037844386
0.635332694043342 1.0660254037844386
0.6393730980837461 1.0660254037844386
0.64341350212415 1.0660254037844386
0.6474539061645541 1.0660254037844386
0.6514943102049582 1.0660254037844386
0.6555347142453622 1.0660254037844386
0.6595751182857663 1.0660254037844386
0.6636155223261704 1.0660254037844386
0.6676559263665743 1.0660254037844386
0.6716963304069784 1.0660254037844386
0.6757367344473824 1.0660254037844386
0.6797771384877864 1.0660254037844386
0.6838175425281905 1.0660254037844386
0.6878579465685946 1.0660254037844386
0.6918983506089986 1.0660254037844386
0.6959387546494027 1.0660254037844386
0.6999791586898068 1.0660254037844386
