# x y
0.29356970401046145 0.6660254037844386
0.2976101080508655 0.6660254037844386
0.30165051209126953 0.6660254037844386
0.30569091613167354 0.6660254037844386
0.3097313201720776 0.6660254037844386
0.3137717242124817 0.6660254037844386
0.3178121282528857 0.6660254037844386
0.32185253229328975 0.6660254037844386
0.32589293633369376 0.6660254037844386
0.3299333403740978 0.6660254037844386
0.33397374441450184 0.6660254037844386
0.3380141484549059 0.6660254037844386
0.3420545524953099 0.6660254037844386
0.346094956535714 0.6660254037844386
0.35013536057611805 0.6660254037844386
0.35417576461652206 0.6660254037844386
0.35821616865692607 0.6660254037844386
0.36225657269733014 0.6660254037844386
0.3662969767377342 0.6660254037844386
0.3703373807781382 0.6660254037844386
0.3743777848185422 0.6660254037844386
0.3784181888589463 0.6660254037844386
0.38245859289935036 0.6660254037844386
0.38649899693975437 0.6660254037844386
0.39053940098015844 0.6660254037844386
0.39457980502056245 0.6660254037844386
0.3986202090609665 0.6660254037844386
0.4026606131013705 0.6660254037844386
0.4067010171417746 0.6660254037844386
0.4107414211821786 0.6660254037844386
0.41478182522258267 0.6660254037844386
0.41882222926298673 0.6660254037844386
0.42286263330339074 0.6660254037844386
0.42690303734379476 0.6660254037844386
0.4309434413841988 0.6660254037844386
0.4349838454246029 0.6660254037844386
0.4390242494650069 0.6660254037844386
0.4430646535054109 0.6660254037844386
0.447105057545815 0.6660254037844386
0.45114546158621904 0.6660254037844386
0.45518586562662305 0.6660254037844386
0.4592262696670271 0.6660254037844386
0.46326667370743113 0.6660254037844386
0.4673070777478352 0.6660254037844386
0.47134748178823926 0.6660254037844386
0.4753878858286433 0.6660254037844386
0.4794282898690473 0.6660254037844386
0.48346869390945135 0.6660254037844386
0.4875090979498554 0.6660254037844386
0.49154950199025943 0.6660254037844386
0.49558990603066344 0.6660254037844386
0.4996303100710675 0.6660254037844386
0.5036707141114716 0.6660254037844386
0.5077111181518756 0.6660254037844386
0.5117515221922796 0.6660254037844386
0.5157919262326837 0.6660254037844386
0.5198323302730877 0.6660254037844386
0.5238727343134918 0.6660254037844386
0.5279131383538958 0.6660254037844386
0.5319535423942998 0.6660254037844386
0.5359939464347039 0.6660254037844386
0.540034350475108 0.6660254037844386
0.544074754515512 0.6660254037844386
0.548115158555916 0.6660254037844386
0.55215556259632 0.6660254037844386
0.5561959666367241 0.6660254037844386
0.5602363706771281 0.6660254037844386
0.5642767747175321 0.6660254037844386
0.5683171787579362 0.6660254037844386
0.5723575827983403 0.6660254037844386
0.5763979868387443 0.6660254037844386
0.5804383908791484 0.6660254037844386
0.5844787949195523 0.6660254037844386
0.5885191989599564 0.6660254037844386
0.5925596030003604 0.6660254037844386
0.5966000070407644 0.6660254037844386
0.6006404110811685 0.6660254037844386
0.6046808151215726 0.6660254037844386
0.6087212191619766 0.6660254037844386
0.6127616232023807 0.6660254037844386
0.6168020272427847 0.6660254037844386
0.6208424312831887 0.6660254037844386
0.6248828353235928 0.6660254037844386
0.6289232393639967 0.6660254037844386
0.6329636434044008 0.6660254037844386
0.6370040474448049 0.6660254037844386
0.6410444514852089 0.6660254037844386
0.645084855525613 0.6660254037844386
0.6491252595660171 0.6660254037844386
0.653165663606421 0.6660254037844386
0.6572060676468251 0.6660254037844386
0.661246471687229 0.6660254037844386
0.6652868757276331 0.6660254037844386
0.6693272797680372 0.6660254037844386
0.6733676838084413 0.6660254037844386
0.6774080878488453 0.6660254037844386
0.6814484918892494 0.6660254037844386
0.6854888959296535 0.6660254037844386
0.6895292999700574 0.6660254037844386
0.6935697040104615 0.6660254037844386
0.29356970401046145 0.6700658078248426
0.2976101080508655 0.6700658078248426
0.30165051209126953 0.6700658078248426
0.30569091613167354 0.6700658078248426
0.3097313201720776 0.6700658078248426
0.3137717242124817 0.6700658078248426
0.3178121282528857 0.6700658078248426
0.32185253229328975 0.6700658078248426
0.32589293633369376 0.6700658078248426
0.3299333403740978 0.6700658078248426
0.33397374441450184 0.6700658078248426
0.3380141484549059 0.6700658078248426
0.3420545524953099 0.6700658078248426
0.346094956535714 0.6700658078248426
0.35013536057611805 0.6700658078248426
0.35417576461652206 0.6700658078248426
0.35821616865692607 0.6700658078248426
0.36225657269733014 0.6700658078248426
0.3662969767377342 0.6700658078248426
0.3703373807781382 0.6700658078248426
0.3743777848185422 0.6700658078248426
0.3784181888589463 0.6700658078248426
0.38245859289935036 0.6700658078248426
0.38649899693975437 0.6700658078248426
0.39053940098015844 0.6700658078248426
0.39457980502056245 0.6700658078248426
0.3986202090609665 0.6700658078248426
0.4026606131013705 0.6700658078248426
0.4067010171417746 0.6700658078248426
0.4107414211821786 0.6700658078248426
0.41478182522258267 0.6700658078248426
0.41882222926298673 0.6700658078248426
0.42286263330339074 0.6700658078248426
0.42690303734379476 0.6700658078248426
0.4309434413841988 0.6700658078248426
0.4349838454246029 0.6700658078248426
0.4390242494650069 0.6700658078248426
0.4430646535054109 0.6700658078248426
0.447105057545815 0.6700658078248426
0.45114546158621904 0.6700658078248426
0.45518586562662305 0.6700658078248426
0.4592262696670271 0.6700658078248426
0.46326667370743113 0.6700658078248426
0.4673070777478352 0.6700658078248426
0.47134748178823926 0.6700658078248426
0.4753878858286433 0.6700658078248426
0.4794282898690473 0.6700658078248426
0.48346869390945135 0.6700658078248426
0.4875090979498554 0.6700658078248426
0.49154950199025943 0.6700658078248426
0.49558990603066344 0.6700658078248426
0.4996303100710675 0.6700658078248426
0.5036707141114716 0.6700658078248426
0.5077111181518756 0.6700658078248426
0.5117515221922796 0.6700658078248426
0.5157919262326837 0.6700658078248426
0.5198323302730877 0.6700658078248426
0.5238727343134918 0.6700658078248426
0.5279131383538958 0.6700658078248426
0.5319535423942998 0.6700658078248426
0.5359939464347039 0.6700658078248426
0.540034350475108 0.6700658078248426
0.544074754515512 0.6700658078248426
0.548115158555916 0.6700658078248426
0.55215556259632 0.6700658078248426
0.5561959666367241 0.6700658078248426
0.5602363706771281 0.6700658078248426
0.5642767747175321 0.6700658078248426
0.5683171787579362 0.6700658078248426
0.5723575827983403 0.6700658078248426
0.5763979868387443 0.6700658078248426
0.5804383908791484 0.6700658078248426
0.5844787949195523 0.6700658078248426
0.5885191989599564 0.6700658078248426
0.5925596030003604 0.6700658078248426
0.5966000070407644 0.6700658078248426
0.6006404110811685 0.6700658078248426
0.6046808151215726 0.6700658078248426
0.6087212191619766 0.6700658078248426
0.6127616232023807 0.6700658078248426
0.6168020272427847 0.6700658078248426
0.6208424312831887 0.6700658078248426
0.6248828353235928 0.6700658078248426
0.6289232393639967 0.6700658078248426
0.6329636434044008 0.6700658078248426
0.6370040474448049 0.6700658078248426
0.6410444514852089 0.6700658078248426
0.645084855525613 0.6700658078248426
0.6491252595660171 0.6700658078248426
0.653165663606421 0.6700658078248426
0.6572060676468251 0.6700658078248426
0.661246471687229 0.6700658078248426
0.6652868757276331 0.6700658078248426
0.6693272797680372 0.6700658078248426
0.6733676838084413 0.6700658078248426
0.6774080878488453 0.6700658078248426
0.6814484918892494 0.6700658078248426
0.6854888959296535 0.6700658078248426
0.6895292999700574 0.6700658078248426
0.6935697040104615 0.6700658078248426
0.29356970401046145 0.6741062118652467
0.2976101080508655 0.6741062118652467
0.30165051209126953 0.6741062118652467
0.30569091613167354 0.6741062118652467
0.3097313201720776 0.6741062118652467
0.3137717242124817 0.6741062118652467
0.3178121282528857 0.6741062118652467
0.32185253229328975 0.6741062118652467
0.32589293633369376 0.6741062118652467
0.3299333403740978 0.6741062118652467
0.33397374441450184 0.6741062118652467
0.3380141484549059 0.6741062118652467
0.3420545524953099 0.6741062118652467
0.346094956535714 0.6741062118652467
0.35013536057611805 0.6741062118652467
0.35417576461652206 0.6741062118652467
0.35821616865692607 0.6741062118652467
0.36225657269733014 0.6741062118652467
0.3662969767377342 0.6741062118652467
0.3703373807781382 0.6741062118652467
0.3743777848185422 0.6741062118652467
0.3784181888589463 0.6741062118652467
0.38245859289935036 0.6741062118652467
0.38649899693975437 0.6741062118652467
0.39053940098015844 0.6741062118652467
0.39457980502056245 0.6741062118652467
0.3986202090609665 0.6741062118652467
0.4026606131013705 0.6741062118652467
0.4067010171417746 0.6741062118652467
0.4107414211821786 0.6741062118652467
0.41478182522258267 0.6741062118652467
0.41882222926298673 0.6741062118652467
0.42286263330339074 0.6741062118652467
0.42690303734379476 0.6741062118652467
0.4309434413841988 0.6741062118652467
0.4349838454246029 0.6741062118652467
0.4390242494650069 0.6741062118652467
0.4430646535054109 0.6741062118652467
0.447105057545815 0.6741062118652467
0.45114546158621904 0.6741062118652467
0.45518586562662305 0.6741062118652467
0.4592262696670271 0.6741062118652467
0.46326667370743113 0.6741062118652467
0.4673070777478352 0.6741062118652467
0.47134748178823926 0.6741062118652467
0.4753878858286433 0.6741062118652467
0.4794282898690473 0.6741062118652467
0.48346869390945135 0.6741062118652467
0.4875090979498554 0.6741062118652467
0.49154950199025943 0.6741062118652467
0.49558990603066344 0.6741062118652467
0.4996303100710675 0.6741062118652467
0.5036707141114716 0.6741062118652467
0.5077111181518756 0.6741062118652467
0.5117515221922796 0.6741062118652467
0.5157919262326837 0.6741062118652467
0.5198323302730877 0.6741062118652467
0.5238727343134918 0.6741062118652467
0.5279131383538958 0.6741062118652467
0.5319535423942998 0.6741062118652467
0.5359939464347039 0.6741062118652467
0.540034350475108 0.6741062118652467
0.544074754515512 0.6741062118652467
0.548115158555916 0.6741062118652467
0.55215556259632 0.6741062118652467
0.5561959666367241 0.6741062118652467
0.5602363706771281 0.6741062118652467
0.5642767747175321 0.6741062118652467
0.5683171787579362 0.6741062118652467
0.5723575827983403 0.6741062118652467
0.5763979868387443 0.6741062118652467
0.5804383908791484 0.6741062118652467
0.5844787949195523 0.6741062118652467
0.5885191989599564 0.6741062118652467
0.5925596030003604 0.6741062118652467
0.5966000070407644 0.6741062118652467
0.6006404110811685 0.6741062118652467
0.6046808151215726 0.6741062118652467
0.6087212191619766 0.6741062118652467
0.6127616232023807 0.6741062118652467
0.6168020272427847 0.6741062118652467
0.6208424312831887 0.6741062118652467
0.6248828353235928 0.6741062118652467
0.6289232393639967 0.6741062118652467
0.6329636434044008 0.6741062118652467
0.6370040474448049 0.6741062118652467
0.6410444514852089 0.6741062118652467
0.645084855525613 0.6741062118652467
0.6491252595660171 0.6741062118652467
0.653165663606421 0.6741062118652467
0.6572060676468251 0.6741062118652467
0.661246471687229 0.6741062118652467
0.6652868757276331 0.6741062118652467
0.6693272797680372 0.6741062118652467
0.6733676838084413 0.6741062118652467
0.6774080878488453 0.6741062118652467
0.6814484918892494 0.6741062118652467
0.6854888959296535 0.6741062118652467
0.6895292999700574 0.6741062118652467
0.6935697040104615 0.6741062118652467
0.29356970401046145 0.6781466159056507
0.2976101080508655 0.6781466159056507
0.30165051209126953 0.6781466159056507
0.30569091613167354 0.6781466159056507
0.3097313201720776 0.6781466159056507
0.3137717242124817 0.6781466159056507
0.3178121282528857 0.6781466159056507
0.32185253229328975 0.6781466159056507
0.32589293633369376 0.6781466159056507
0.3299333403740978 0.6781466159056507
0.33397374441450184 0.6781466159056507
0.3380141484549059 0.6781466159056507
0.3420545524953099 0.6781466159056507
0.346094956535714 0.6781466159056507
0.35013536057611805 0.6781466159056507
0.35417576461652206 0.6781466159056507
0.35821616865692607 0.6781466159056507
0.36225657269733014 0.6781466159056507
0.3662969767377342 0.6781466159056507
0.3703373807781382 0.6781466159056507
0.3743777848185422 0.6781466159056507
0.3784181888589463 0.6781466159056507
0.38245859289935036 0.6781466159056507
0.38649899693975437 0.6781466159056507
0.39053940098015844 0.6781466159056507
0.39457980502056245 0.6781466159056507
0.3986202090609665 0.6781466159056507
0.4026606131013705 0.6781466159056507
0.4067010171417746 0.6781466159056507
0.4107414211821786 0.6781466159056507
0.41478182522258267 0.6781466159056507
0.41882222926298673 0.6781466159056507
0.42286263330339074 0.6781466159056507
0.42690303734379476 0.6781466159056507
0.4309434413841988 0.6781466159056507
0.4349838454246029 0.6781466159056507
0.4390242494650069 0.6781466159056507
0.4430646535054109 0.6781466159056507
0.447105057545815 0.6781466159056507
0.45114546158621904 0.6781466159056507
0.45518586562662305 0.6781466159056507
0.4592262696670271 0.6781466159056507
0.46326667370743113 0.6781466159056507
0.4673070777478352 0.6781466159056507
0.47134748178823926 0.6781466159056507
0.4753878858286433 0.6781466159056507
0.4794282898690473 0.6781466159056507
0.48346869390945135 0.6781466159056507
0.4875090979498554 0.6781466159056507
0.49154950199025943 0.6781466159056507
0.49558990603066344 0.6781466159056507
0.4996303100710675 0.6781466159056507
0.5036707141114716 0.6781466159056507
0.5077111181518756 0.6781466159056507
0.5117515221922796 0.6781466159056507
0.5157919262326837 0.6781466159056507
0.5198323302730877 0.6781466159056507
0.5238727343134918 0.6781466159056507
0.5279131383538958 0.6781466159056507
0.5319535423942998 0.6781466159056507
0.5359939464347039 0.6781466159056507
0.540034350475108 0.6781466159056507
0.544074754515512 0.6781466159056507
0.548115158555916 0.6781466159056507
0.55215556259632 0.6781466159056507
0.5561959666367241 0.6781466159056507
0.5602363706771281 0.6781466159056507
0.5642767747175321 0.6781466159056507
0.5683171787579362 0.6781466159056507
0.5723575827983403 0.6781466159056507
0.5763979868387443 0.6781466159056507
0.5804383908791484 0.6781466159056507
0.5844787949195523 0.6781466159056507
0.5885191989599564 0.6781466159056507
0.5925596030003604 0.6781466159056507
0.5966000070407644 0.6781466159056507
0.6006404110811685 0.6781466159056507
0.6046808151215726 0.6781466159056507
0.6087212191619766 0.6781466159056507
0.6127616232023807 0.6781466159056507
0.6168020272427847 0.6781466159056507
0.6208424312831887 0.6781466159056507
0.6248828353235928 0.6781466159056507
0.6289232393639967 0.6781466159056507
0.6329636434044008 0.6781466159056507
0.6370040474448049 0.6781466159056507
0.6410444514852089 0.6781466159056507
0.645084855525613 0.6781466159056507
0.6491252595660171 0.6781466159056507
0.653165663606421 0.6781466159056507
0.6572060676468251 0.6781466159056507
0.661246471687229 0.6781466159056507
0.6652868757276331 0.6781466159056507
0.6693272797680372 0.6781466159056507
0.6733676838084413 0.6781466159056507
0.6774080878488453 0.6781466159056507
0.6814484918892494 0.6781466159056507
0.6854888959296535 0.6781466159056507
0.6895292999700574 0.6781466159056507
0.6935697040104615 0.6781466159056507
0.29356970401046145 0.6821870199460547
0.2976101080508655 0.6821870199460547
0.30165051209126953 0.6821870199460547
0.30569091613167354 0.6821870199460547
0.3097313201720776 0.6821870199460547
0.3137717242124817 0.6821870199460547
0.3178121282528857 0.6821870199460547
0.32185253229328975 0.6821870199460547
0.32589293633369376 0.6821870199460547
0.3299333403740978 0.6821870199460547
0.33397374441450184 0.6821870199460547
0.3380141484549059 0.6821870199460547
0.3420545524953099 0.6821870199460547
0.346094956535714 0.6821870199460547
0.35013536057611805 0.6821870199460547
0.35417576461652206 0.6821870199460547
0.35821616865692607 0.6821870199460547
0.36225657269733014 0.6821870199460547
0.3662969767377342 0.6821870199460547
0.3703373807781382 0.6821870199460547
0.3743777848185422 0.6821870199460547
0.3784181888589463 0.6821870199460547
0.38245859289935036 0.6821870199460547
0.38649899693975437 0.6821870199460547
0.39053940098015844 0.6821870199460547
0.39457980502056245 0.6821870199460547
0.3986202090609665 0.6821870199460547
0.4026606131013705 0.6821870199460547
0.4067010171417746 0.6821870199460547
0.4107414211821786 0.6821870199460547
0.41478182522258267 0.6821870199460547
0.41882222926298673 0.6821870199460547
0.42286263330339074 0.6821870199460547
0.42690303734379476 0.6821870199460547
0.4309434413841988 0.6821870199460547
0.4349838454246029 0.6821870199460547
0.4390242494650069 0.6821870199460547
0.4430646535054109 0.6821870199460547
0.447105057545815 0.6821870199460547
0.45114546158621904 0.6821870199460547
0.45518586562662305 0.6821870199460547
0.4592262696670271 0.6821870199460547
0.46326667370743113 0.6821870199460547
0.4673070777478352 0.6821870199460547
0.47134748178823926 0.6821870199460547
0.4753878858286433 0.6821870199460547
0.4794282898690473 0.6821870199460547
0.48346869390945135 0.6821870199460547
0.4875090979498554 0.6821870199460547
0.49154950199025943 0.6821870199460547
0.49558990603066344 0.6821870199460547
0.4996303100710675 0.6821870199460547
0.5036707141114716 0.6821870199460547
0.5077111181518756 0.6821870199460547
0.5117515221922796 0.6821870199460547
0.5157919262326837 0.6821870199460547
0.5198323302730877 0.6821870199460547
0.5238727343134918 0.6821870199460547
0.5279131383538958 0.6821870199460547
0.5319535423942998 0.6821870199460547
0.5359939464347039 0.6821870199460547
0.540034350475108 0.6821870199460547
0.544074754515512 0.6821870199460547
0.548115158555916 0.6821870199460547
0.55215556259632 0.6821870199460547
0.5561959666367241 0.6821870199460547
0.5602363706771281 0.6821870199460547
0.5642767747175321 0.6821870199460547
0.5683171787579362 0.6821870199460547
0.5723575827983403 0.6821870199460547
0.5763979868387443 0.6821870199460547
0.5804383908791484 0.6821870199460547
0.5844787949195523 0.6821870199460547
0.5885191989599564 0.6821870199460547
0.5925596030003604 0.6821870199460547
0.5966000070407644 0.6821870199460547
0.6006404110811685 0.6821870199460547
0.6046808151215726 0.6821870199460547
0.6087212191619766 0.6821870199460547
0.6127616232023807 0.6821870199460547
0.6168020272427847 0.6821870199460547
0.6208424312831887 0.6821870199460547
0.6248828353235928 0.6821870199460547
0.6289232393639967 0.6821870199460547
0.6329636434044008 0.6821870199460547
0.6370040474448049 0.6821870199460547
0.6410444514852089 0.6821870199460547
0.645084855525613 0.6821870199460547
0.6491252595660171 0.6821870199460547
0.653165663606421 0.6821870199460547
0.6572060676468251 0.6821870199460547
0.661246471687229 0.6821870199460547
0.6652868757276331 0.6821870199460547
0.6693272797680372 0.6821870199460547
0.6733676838084413 0.6821870199460547
0.6774080878488453 0.6821870199460547
0.6814484918892494 0.6821870199460547
0.6854888959296535 0.6821870199460547
0.6895292999700574 0.6821870199460547
0.6935697040104615 0.6821870199460547
0.29356970401046145 0.6862274239864588
0.2976101080508655 0.6862274239864588
0.30165051209126953 0.6862274239864588
0.30569091613167354 0.6862274239864588
0.3097313201720776 0.6862274239864588
0.3137717242124817 0.6862274239864588
0.3178121282528857 0.6862274239864588
0.32185253229328975 0.6862274239864588
0.32589293633369376 0.6862274239864588
0.3299333403740978 0.6862274239864588
0.33397374441450184 0.6862274239864588
0.3380141484549059 0.6862274239864588
0.3420545524953099 0.6862274239864588
0.346094956535714 0.6862274239864588
0.35013536057611805 0.6862274239864588
0.35417576461652206 0.6862274239864588
0.35821616865692607 0.6862274239864588
0.36225657269733014 0.6862274239864588
0.3662969767377342 0.6862274239864588
0.3703373807781382 0.6862274239864588
0.3743777848185422 0.6862274239864588
0.3784181888589463 0.6862274239864588
0.38245859289935036 0.6862274239864588
0.38649899693975437 0.6862274239864588
0.39053940098015844 0.6862274239864588
0.39457980502056245 0.6862274239864588
0.3986202090609665 0.6862274239864588
0.4026606131013705 0.6862274239864588
0.4067010171417746 0.6862274239864588
0.4107414211821786 0.6862274239864588
0.41478182522258267 0.6862274239864588
0.41882222926298673 0.6862274239864588
0.42286263330339074 0.6862274239864588
0.42690303734379476 0.6862274239864588
0.4309434413841988 0.6862274239864588
0.4349838454246029 0.6862274239864588
0.4390242494650069 0.6862274239864588
0.4430646535054109 0.6862274239864588
0.447105057545815 0.6862274239864588
0.45114546158621904 0.6862274239864588
0.45518586562662305 0.6862274239864588
0.4592262696670271 0.6862274239864588
0.46326667370743113 0.6862274239864588
0.4673070777478352 0.6862274239864588
0.47134748178823926 0.6862274239864588
0.4753878858286433 0.6862274239864588
0.4794282898690473 0.6862274239864588
0.48346869390945135 0.6862274239864588
0.4875090979498554 0.6862274239864588
0.49154950199025943 0.6862274239864588
0.49558990603066344 0.6862274239864588
0.4996303100710675 0.6862274239864588
0.5036707141114716 0.6862274239864588
0.5077111181518756 0.6862274239864588
0.5117515221922796 0.6862274239864588
0.5157919262326837 0.6862274239864588
0.5198323302730877 0.6862274239864588
0.5238727343134918 0.6862274239864588
0.5279131383538958 0.6862274239864588
0.5319535423942998 0.6862274239864588
0.5359939464347039 0.6862274239864588
0.540034350475108 0.6862274239864588
0.544074754515512 0.6862274239864588
0.548115158555916 0.6862274239864588
0.55215556259632 0.6862274239864588
0.5561959666367241 0.6862274239864588
0.5602363706771281 0.6862274239864588
0.5642767747175321 0.6862274239864588
0.5683171787579362 0.6862274239864588
0.5723575827983403 0.6862274239864588
0.5763979868387443 0.6862274239864588
0.5804383908791484 0.6862274239864588
0.5844787949195523 0.6862274239864588
0.5885191989599564 0.6862274239864588
0.5925596030003604 0.6862274239864588
0.5966000070407644 0.6862274239864588
0.6006404110811685 0.6862274239864588
0.6046808151215726 0.6862274239864588
0.6087212191619766 0.6862274239864588
0.6127616232023807 0.6862274239864588
0.6168020272427847 0.6862274239864588
0.6208424312831887 0.6862274239864588
0.6248828353235928 0.6862274239864588
0.6289232393639967 0.6862274239864588
0.6329636434044008 0.6862274239864588
0.6370040474448049 0.6862274239864588
0.6410444514852089 0.6862274239864588
0.645084855525613 0.6862274239864588
0.6491252595660171 0.6862274239864588
0.653165663606421 0.6862274239864588
0.6572060676468251 0.6862274239864588
0.661246471687229 0.6862274239864588
0.6652868757276331 0.6862274239864588
0.6693272797680372 0.6862274239864588
0.6733676838084413 0.6862274239864588
0.6774080878488453 0.6862274239864588
0.6814484918892494 0.6862274239864588
0.6854888959296535 0.6862274239864588
0.6895292999700574 0.6862274239864588
0.6935697040104615 0.6862274239864588
0.29356970401046145 0.6902678280268628
0.2976101080508655 0.6902678280268628
0.30165051209126953 0.6902678280268628
0.30569091613167354 0.6902678280268628
0.3097313201720776 0.6902678280268628
0.3137717242124817 0.6902678280268628
0.3178121282528857 0.6902678280268628
0.32185253229328975 0.6902678280268628
0.32589293633369376 0.6902678280268628
0.3299333403740978 0.6902678280268628
0.33397374441450184 0.6902678280268628
0.3380141484549059 0.6902678280268628
0.3420545524953099 0.6902678280268628
0.346094956535714 0.6902678280268628
0.35013536057611805 0.6902678280268628
0.35417576461652206 0.6902678280268628
0.35821616865692607 0.6902678280268628
0.36225657269733014 0.6902678280268628
0.3662969767377342 0.6902678280268628
0.3703373807781382 0.6902678280268628
0.3743777848185422 0.6902678280268628
0.3784181888589463 0.6902678280268628
0.38245859289935036 0.6902678280268628
0.38649899693975437 0.6902678280268628
0.39053940098015844 0.6902678280268628
0.39457980502056245 0.6902678280268628
0.3986202090609665 0.6902678280268628
0.4026606131013705 0.6902678280268628
0.4067010171417746 0.6902678280268628
0.4107414211821786 0.6902678280268628
0.41478182522258267 0.6902678280268628
0.41882222926298673 0.6902678280268628
0.42286263330339074 0.6902678280268628
0.42690303734379476 0.6902678280268628
0.4309434413841988 0.6902678280268628
0.4349838454246029 0.6902678280268628
0.4390242494650069 0.6902678280268628
0.4430646535054109 0.6902678280268628
0.447105057545815 0.6902678280268628
0.45114546158621904 0.6902678280268628
0.45518586562662305 0.6902678280268628
0.4592262696670271 0.6902678280268628
0.46326667370743113 0.6902678280268628
0.4673070777478352 0.6902678280268628
0.47134748178823926 0.6902678280268628
0.4753878858286433 0.6902678280268628
0.4794282898690473 0.6902678280268628
0.48346869390945135 0.6902678280268628
0.4875090979498554 0.6902678280268628
0.49154950199025943 0.6902678280268628
0.49558990603066344 0.6902678280268628
0.4996303100710675 0.6902678280268628
0.5036707141114716 0.6902678280268628
0.5077111181518756 0.6902678280268628
0.5117515221922796 0.6902678280268628
0.5157919262326837 0.6902678280268628
0.5198323302730877 0.6902678280268628
0.5238727343134918 0.6902678280268628
0.5279131383538958 0.6902678280268628
0.5319535423942998 0.6902678280268628
0.5359939464347039 0.6902678280268628
0.540034350475108 0.6902678280268628
0.544074754515512 0.6902678280268628
0.548115158555916 0.6902678280268628
0.55215556259632 0.6902678280268628
0.5561959666367241 0.6902678280268628
0.5602363706771281 0.6902678280268628
0.5642767747175321 0.6902678280268628
0.5683171787579362 0.6902678280268628
0.5723575827983403 0.6902678280268628
0.5763979868387443 0.6902678280268628
0.5804383908791484 0.6902678280268628
0.5844787949195523 0.6902678280268628
0.5885191989599564 0.6902678280268628
0.5925596030003604 0.6902678280268628
0.5966000070407644 0.6902678280268628
0.6006404110811685 0.6902678280268628
0.6046808151215726 0.6902678280268628
0.6087212191619766 0.6902678280268628
0.6127616232023807 0.6902678280268628
0.6168020272427847 0.6902678280268628
0.6208424312831887 0.6902678280268628
0.6248828353235928 0.6902678280268628
0.6289232393639967 0.6902678280268628
0.6329636434044008 0.6902678280268628
0.6370040474448049 0.6902678280268628
0.6410444514852089 0.6902678280268628
0.645084855525613 0.6902678280268628
0.6491252595660171 0.6902678280268628
0.653165663606421 0.6902678280268628
0.6572060676468251 0.6902678280268628
0.661246471687229 0.6902678280268628
0.6652868757276331 0.6902678280268628
0.6693272797680372 0.6902678280268628
0.6733676838084413 0.6902678280268628
0.6774080878488453 0.6902678280268628
0.6814484918892494 0.6902678280268628
0.6854888959296535 0.6902678280268628
0.6895292999700574 0.6902678280268628
0.6935697040104615 0.6902678280268628
0.29356970401046145 0.6943082320672669
0.2976101080508655 0.6943082320672669
0.30165051209126953 0.6943082320672669
0.30569091613167354 0.6943082320672669
0.3097313201720776 0.6943082320672669
0.3137717242124817 0.6943082320672669
0.3178121282528857 0.6943082320672669
0.32185253229328975 0.6943082320672669
0.32589293633369376 0.6943082320672669
0.3299333403740978 0.6943082320672669
0.33397374441450184 0.6943082320672669
0.3380141484549059 0.6943082320672669
0.3420545524953099 0.6943082320672669
0.346094956535714 0.6943082320672669
0.35013536057611805 0.6943082320672669
0.35417576461652206 0.6943082320672669
0.35821616865692607 0.6943082320672669
0.36225657269733014 0.6943082320672669
0.3662969767377342 0.6943082320672669
0.3703373807781382 0.6943082320672669
0.3743777848185422 0.6943082320672669
0.3784181888589463 0.6943082320672669
0.38245859289935036 0.6943082320672669
0.38649899693975437 0.6943082320672669
0.39053940098015844 0.6943082320672669
0.39457980502056245 0.6943082320672669
0.3986202090609665 0.6943082320672669
0.4026606131013705 0.6943082320672669
0.4067010171417746 0.6943082320672669
0.4107414211821786 0.6943082320672669
0.41478182522258267 0.6943082320672669
0.41882222926298673 0.6943082320672669
0.42286263330339074 0.6943082320672669
0.42690303734379476 0.6943082320672669
0.4309434413841988 0.6943082320672669
0.4349838454246029 0.6943082320672669
0.4390242494650069 0.6943082320672669
0.4430646535054109 0.6943082320672669
0.447105057545815 0.6943082320672669
0.45114546158621904 0.6943082320672669
0.45518586562662305 0.6943082320672669
0.4592262696670271 0.6943082320672669
0.46326667370743113 0.6943082320672669
0.4673070777478352 0.6943082320672669
0.47134748178823926 0.6943082320672669
0.4753878858286433 0.6943082320672669
0.4794282898690473 0.6943082320672669
0.48346869390945135 0.6943082320672669
0.4875090979498554 0.6943082320672669
0.49154950199025943 0.6943082320672669
0.49558990603066344 0.6943082320672669
0.4996303100710675 0.6943082320672669
0.5036707141114716 0.6943082320672669
0.5077111181518756 0.6943082320672669
0.5117515221922796 0.6943082320672669
0.5157919262326837 0.6943082320672669
0.5198323302730877 0.6943082320672669
0.5238727343134918 0.6943082320672669
0.5279131383538958 0.6943082320672669
0.5319535423942998 0.6943082320672669
0.5359939464347039 0.6943082320672669
0.540034350475108 0.6943082320672669
0.544074754515512 0.6943082320672669
0.548115158555916 0.6943082320672669
0.55215556259632 0.6943082320672669
0.5561959666367241 0.6943082320672669
0.5602363706771281 0.6943082320672669
0.5642767747175321 0.6943082320672669
0.5683171787579362 0.6943082320672669
0.5723575827983403 0.6943082320672669
0.5763979868387443 0.6943082320672669
0.5804383908791484 0.6943082320672669
0.5844787949195523 0.6943082320672669
0.5885191989599564 0.6943082320672669
0.5925596030003604 0.6943082320672669
0.5966000070407644 0.6943082320672669
0.6006404110811685 0.6943082320672669
0.6046808151215726 0.6943082320672669
0.6087212191619766 0.6943082320672669
0.6127616232023807 0.6943082320672669
0.6168020272427847 0.6943082320672669
0.6208424312831887 0.6943082320672669
0.6248828353235928 0.6943082320672669
0.6289232393639967 0.6943082320672669
0.6329636434044008 0.6943082320672669
0.6370040474448049 0.6943082320672669
0.6410444514852089 0.6943082320672669
0.645084855525613 0.6943082320672669
0.6491252595660171 0.6943082320672669
0.653165663606421 0.6943082320672669
0.6572060676468251 0.6943082320672669
0.661246471687229 0.6943082320672669
0.6652868757276331 0.6943082320672669
0.6693272797680372 0.6943082320672669
0.6733676838084413 0.6943082320672669
0.6774080878488453 0.6943082320672669
0.6814484918892494 0.6943082320672669
0.6854888959296535 0.6943082320672669
0.6895292999700574 0.6943082320672669
0.6935697040104615 0.6943082320672669
0.29356970401046145 0.698348636107671
0.2976101080508655 0.698348636107671
0.30165051209126953 0.698348636107671
0.30569091613167354 0.698348636107671
0.3097313201720776 0.698348636107671
0.3137717242124817 0.698348636107671
0.3178121282528857 0.698348636107671
0.32185253229328975 0.698348636107671
0.32589293633369376 0.698348636107671
0.3299333403740978 0.698348636107671
0.33397374441450184 0.698348636107671
0.3380141484549059 0.698348636107671
0.3420545524953099 0.698348636107671
0.346094956535714 0.698348636107671
0.35013536057611805 0.698348636107671
0.35417576461652206 0.698348636107671
0.35821616865692607 0.698348636107671
0.36225657269733014 0.698348636107671
0.3662969767377342 0.698348636107671
0.3703373807781382 0.698348636107671
0.3743777848185422 0.698348636107671
0.3784181888589463 0.698348636107671
0.38245859289935036 0.698348636107671
0.38649899693975437 0.698348636107671
0.39053940098015844 0.698348636107671
0.39457980502056245 0.698348636107671
0.3986202090609665 0.698348636107671
0.4026606131013705 0.698348636107671
0.4067010171417746 0.698348636107671
0.4107414211821786 0.698348636107671
0.41478182522258267 0.698348636107671
0.41882222926298673 0.698348636107671
0.42286263330339074 0.698348636107671
0.42690303734379476 0.698348636107671
0.4309434413841988 0.698348636107671
0.4349838454246029 0.698348636107671
0.4390242494650069 0.698348636107671
0.4430646535054109 0.698348636107671
0.447105057545815 0.698348636107671
0.45114546158621904 0.698348636107671
0.45518586562662305 0.698348636107671
0.4592262696670271 0.698348636107671
0.46326667370743113 0.698348636107671
0.4673070777478352 0.698348636107671
0.47134748178823926 0.698348636107671
0.4753878858286433 0.698348636107671
0.4794282898690473 0.698348636107671
0.48346869390945135 0.698348636107671
0.4875090979498554 0.698348636107671
0.49154950199025943 0.698348636107671
0.49558990603066344 0.698348636107671
0.4996303100710675 0.698348636107671
0.5036707141114716 0.698348636107671
0.5077111181518756 0.698348636107671
0.5117515221922796 0.698348636107671
0.5157919262326837 0.698348636107671
0.5198323302730877 0.698348636107671
0.5238727343134918 0.698348636107671
0.5279131383538958 0.698348636107671
0.5319535423942998 0.698348636107671
0.5359939464347039 0.698348636107671
0.540034350475108 0.698348636107671
0.544074754515512 0.698348636107671
0.548115158555916 0.698348636107671
0.55215556259632 0.698348636107671
0.5561959666367241 0.698348636107671
0.5602363706771281 0.698348636107671
0.5642767747175321 0.698348636107671
0.5683171787579362 0.698348636107671
0.5723575827983403 0.698348636107671
0.5763979868387443 0.698348636107671
0.5804383908791484 0.698348636107671
0.5844787949195523 0.698348636107671
0.5885191989599564 0.698348636107671
0.5925596030003604 0.698348636107671
0.5966000070407644 0.698348636107671
0.6006404110811685 0.698348636107671
0.6046808151215726 0.698348636107671
0.6087212191619766 0.698348636107671
0.6127616232023807 0.698348636107671
0.6168020272427847 0.698348636107671
0.6208424312831887 0.698348636107671
0.6248828353235928 0.698348636107671
0.6289232393639967 0.698348636107671
0.6329636434044008 0.698348636107671
0.6370040474448049 0.698348636107671
0.6410444514852089 0.698348636107671
0.645084855525613 0.698348636107671
0.6491252595660171 0.698348636107671
0.653165663606421 0.698348636107671
0.6572060676468251 0.698348636107671
0.661246471687229 0.698348636107671
0.6652868757276331 0.698348636107671
0.6693272797680372 0.698348636107671
0.6733676838084413 0.698348636107671
0.6774080878488453 0.698348636107671
0.6814484918892494 0.698348636107671
0.6854888959296535 0.698348636107671
0.6895292999700574 0.698348636107671
0.6935697040104615 0.698348636107671
0.29356970401046145 0.702389040148075
0.2976101080508655 0.702389040148075
0.30165051209126953 0.702389040148075
0.30569091613167354 0.702389040148075
0.3097313201720776 0.702389040148075
0.3137717242124817 0.702389040148075
0.3178121282528857 0.702389040148075
0.32185253229328975 0.702389040148075
0.32589293633369376 0.702389040148075
0.3299333403740978 0.702389040148075
0.33397374441450184 0.702389040148075
0.3380141484549059 0.702389040148075
0.3420545524953099 0.702389040148075
0.346094956535714 0.702389040148075
0.35013536057611805 0.702389040148075
0.35417576461652206 0.702389040148075
0.35821616865692607 0.702389040148075
0.36225657269733014 0.702389040148075
0.3662969767377342 0.702389040148075
0.3703373807781382 0.702389040148075
0.3743777848185422 0.702389040148075
0.3784181888589463 0.702389040148075
0.38245859289935036 0.702389040148075
0.38649899693975437 0.702389040148075
0.39053940098015844 0.702389040148075
0.39457980502056245 0.702389040148075
0.3986202090609665 0.702389040148075
0.4026606131013705 0.702389040148075
0.4067010171417746 0.702389040148075
0.4107414211821786 0.702389040148075
0.41478182522258267 0.702389040148075
0.41882222926298673 0.702389040148075
0.42286263330339074 0.702389040148075
0.42690303734379476 0.702389040148075
0.4309434413841988 0.702389040148075
0.4349838454246029 0.702389040148075
0.4390242494650069 0.702389040148075
0.4430646535054109 0.702389040148075
0.447105057545815 0.702389040148075
0.45114546158621904 0.702389040148075
0.45518586562662305 0.702389040148075
0.4592262696670271 0.702389040148075
0.46326667370743113 0.702389040148075
0.4673070777478352 0.702389040148075
0.47134748178823926 0.702389040148075
0.4753878858286433 0.702389040148075
0.4794282898690473 0.702389040148075
0.48346869390945135 0.702389040148075
0.4875090979498554 0.702389040148075
0.49154950199025943 0.702389040148075
0.49558990603066344 0.702389040148075
0.4996303100710675 0.702389040148075
0.5036707141114716 0.702389040148075
0.5077111181518756 0.702389040148075
0.5117515221922796 0.702389040148075
0.5157919262326837 0.702389040148075
0.5198323302730877 0.702389040148075
0.5238727343134918 0.702389040148075
0.5279131383538958 0.702389040148075
0.5319535423942998 0.702389040148075
0.5359939464347039 0.702389040148075
0.540034350475108 0.702389040148075
0.544074754515512 0.702389040148075
0.548115158555916 0.702389040148075
0.55215556259632 0.702389040148075
0.5561959666367241 0.702389040148075
0.5602363706771281 0.702389040148075
0.5642767747175321 0.702389040148075
0.5683171787579362 0.702389040148075
0.5723575827983403 0.702389040148075
0.5763979868387443 0.702389040148075
0.5804383908791484 0.702389040148075
0.5844787949195523 0.702389040148075
0.5885191989599564 0.702389040148075
0.5925596030003604 0.702389040148075
0.5966000070407644 0.702389040148075
0.6006404110811685 0.702389040148075
0.6046808151215726 0.702389040148075
0.6087212191619766 0.702389040148075
0.6127616232023807 0.702389040148075
0.6168020272427847 0.702389040148075
0.6208424312831887 0.702389040148075
0.6248828353235928 0.702389040148075
0.6289232393639967 0.702389040148075
0.6329636434044008 0.702389040148075
0.6370040474448049 0.702389040148075
0.6410444514852089 0.702389040148075
0.645084855525613 0.702389040148075
0.6491252595660171 0.702389040148075
0.653165663606421 0.702389040148075
0.6572060676468251 0.702389040148075
0.661246471687229 0.702389040148075
0.6652868757276331 0.702389040148075
0.6693272797680372 0.702389040148075
0.6733676838084413 0.702389040148075
0.6774080878488453 0.702389040148075
0.6814484918892494 0.702389040148075
0.6854888959296535 0.702389040148075
0.6895292999700574 0.702389040148075
0.29356970401046145 0.706429444188479
0.2976101080508655 0.706429444188479
0.30165051209126953 0.706429444188479
0.30569091613167354 0.706429444188479
0.3097313201720776 0.706429444188479
0.3137717242124817 0.706429444188479
0.3178121282528857 0.706429444188479
0.32185253229328975 0.706429444188479
0.32589293633369376 0.706429444188479
0.3299333403740978 0.706429444188479
0.33397374441450184 0.706429444188479
0.3380141484549059 0.706429444188479
0.3420545524953099 0.706429444188479
0.346094956535714 0.706429444188479
0.35013536057611805 0.706429444188479
0.35417576461652206 0.706429444188479
0.35821616865692607 0.706429444188479
0.36225657269733014 0.706429444188479
0.3662969767377342 0.706429444188479
0.3703373807781382 0.706429444188479
0.3743777848185422 0.706429444188479
0.3784181888589463 0.706429444188479
0.38245859289935036 0.706429444188479
0.38649899693975437 0.706429444188479
0.39053940098015844 0.706429444188479
0.39457980502056245 0.706429444188479
0.3986202090609665 0.706429444188479
0.4026606131013705 0.706429444188479
0.4067010171417746 0.706429444188479
0.4107414211821786 0.706429444188479
0.41478182522258267 0.706429444188479
0.41882222926298673 0.706429444188479
0.42286263330339074 0.706429444188479
0.42690303734379476 0.706429444188479
0.4309434413841988 0.706429444188479
0.4349838454246029 0.706429444188479
0.4390242494650069 0.706429444188479
0.4430646535054109 0.706429444188479
0.447105057545815 0.706429444188479
0.45114546158621904 0.706429444188479
0.45518586562662305 0.706429444188479
0.4592262696670271 0.706429444188479
0.46326667370743113 0.706429444188479
0.4673070777478352 0.706429444188479
0.47134748178823926 0.706429444188479
0.4753878858286433 0.706429444188479
0.4794282898690473 0.706429444188479
0.48346869390945135 0.706429444188479
0.4875090979498554 0.706429444188479
0.49154950199025943 0.706429444188479
0.49558990603066344 0.706429444188479
0.4996303100710675 0.706429444188479
0.5036707141114716 0.706429444188479
0.5077111181518756 0.706429444188479
0.5117515221922796 0.706429444188479
0.5157919262326837 0.706429444188479
0.5198323302730877 0.706429444188479
0.5238727343134918 0.706429444188479
0.5279131383538958 0.706429444188479
0.5319535423942998 0.706429444188479
0.5359939464347039 0.706429444188479
0.540034350475108 0.706429444188479
0.544074754515512 0.706429444188479
0.548115158555916 0.706429444188479
0.55215556259632 0.706429444188479
0.5561959666367241 0.706429444188479
0.5602363706771281 0.706429444188479
0.5642767747175321 0.706429444188479
0.5683171787579362 0.706429444188479
0.5723575827983403 0.706429444188479
0.5763979868387443 0.706429444188479
0.5804383908791484 0.706429444188479
0.5844787949195523 0.706429444188479
0.5885191989599564 0.706429444188479
0.5925596030003604 0.706429444188479
0.5966000070407644 0.706429444188479
0.6006404110811685 0.706429444188479
0.6046808151215726 0.706429444188479
0.6087212191619766 0.706429444188479
0.6127616232023807 0.706429444188479
0.6168020272427847 0.706429444188479
0.6208424312831887 0.706429444188479
0.6248828353235928 0.706429444188479
0.6289232393639967 0.706429444188479
0.6329636434044008 0.706429444188479
0.6370040474448049 0.706429444188479
0.6410444514852089 0.706429444188479
0.645084855525613 0.706429444188479
0.6491252595660171 0.706429444188479
0.653165663606421 0.706429444188479
0.6572060676468251 0.706429444188479
0.661246471687229 0.706429444188479
0.6652868757276331 0.706429444188479
0.6693272797680372 0.706429444188479
0.6733676838084413 0.706429444188479
0.6774080878488453 0.706429444188479
0.6814484918892494 0.706429444188479
0.6854888959296535 0.706429444188479
0.29356970401046145 0.710469848228883
0.2976101080508655 0.710469848228883
0.30165051209126953 0.710469848228883
0.30569091613167354 0.710469848228883
0.3097313201720776 0.710469848228883
0.3137717242124817 0.710469848228883
0.3178121282528857 0.710469848228883
0.32185253229328975 0.710469848228883
0.32589293633369376 0.710469848228883
0.3299333403740978 0.710469848228883
0.33397374441450184 0.710469848228883
0.3380141484549059 0.710469848228883
0.3420545524953099 0.710469848228883
0.346094956535714 0.710469848228883
0.35013536057611805 0.710469848228883
0.35417576461652206 0.710469848228883
0.35821616865692607 0.710469848228883
0.36225657269733014 0.710469848228883
0.3662969767377342 0.710469848228883
0.3703373807781382 0.710469848228883
0.3743777848185422 0.710469848228883
0.3784181888589463 0.710469848228883
0.38245859289935036 0.710469848228883
0.38649899693975437 0.710469848228883
0.39053940098015844 0.710469848228883
0.39457980502056245 0.710469848228883
0.3986202090609665 0.710469848228883
0.4026606131013705 0.710469848228883
0.4067010171417746 0.710469848228883
0.4107414211821786 0.710469848228883
0.41478182522258267 0.710469848228883
0.41882222926298673 0.710469848228883
0.42286263330339074 0.710469848228883
0.42690303734379476 0.710469848228883
0.4309434413841988 0.710469848228883
0.4349838454246029 0.710469848228883
0.4390242494650069 0.710469848228883
0.4430646535054109 0.710469848228883
0.447105057545815 0.710469848228883
0.45114546158621904 0.710469848228883
0.45518586562662305 0.710469848228883
0.4592262696670271 0.710469848228883
0.46326667370743113 0.710469848228883
0.4673070777478352 0.710469848228883
0.47134748178823926 0.710469848228883
0.4753878858286433 0.710469848228883
0.4794282898690473 0.710469848228883
0.48346869390945135 0.710469848228883
0.4875090979498554 0.710469848228883
0.49154950199025943 0.710469848228883
0.49558990603066344 0.710469848228883
0.4996303100710675 0.710469848228883
0.5036707141114716 0.710469848228883
0.5077111181518756 0.710469848228883
0.5117515221922796 0.710469848228883
0.5157919262326837 0.710469848228883
0.5198323302730877 0.710469848228883
0.5238727343134918 0.710469848228883
0.5279131383538958 0.710469848228883
0.5319535423942998 0.710469848228883
0.5359939464347039 0.710469848228883
0.540034350475108 0.710469848228883
0.544074754515512 0.710469848228883
0.548115158555916 0.710469848228883
0.55215556259632 0.710469848228883
0.5561959666367241 0.710469848228883
0.5602363706771281 0.710469848228883
0.5642767747175321 0.710469848228883
0.5683171787579362 0.710469848228883
0.5723575827983403 0.710469848228883
0.5763979868387443 0.710469848228883
0.5804383908791484 0.710469848228883
0.5844787949195523 0.710469848228883
0.5885191989599564 0.710469848228883
0.5925596030003604 0.710469848228883
0.5966000070407644 0.710469848228883
0.6006404110811685 0.710469848228883
0.6046808151215726 0.710469848228883
0.6087212191619766 0.710469848228883
0.6127616232023807 0.710469848228883
0.6168020272427847 0.710469848228883
0.6208424312831887 0.710469848228883
0.6248828353235928 0.710469848228883
0.6289232393639967 0.710469848228883
0.6329636434044008 0.710469848228883
0.6370040474448049 0.710469848228883
0.6410444514852089 0.710469848228883
0.645084855525613 0.710469848228883
0.6491252595660171 0.710469848228883
0.653165663606421 0.710469848228883
0.6572060676468251 0.710469848228883
0.661246471687229 0.710469848228883
0.6652868757276331 0.710469848228883
0.6693272797680372 0.710469848228883
0.6733676838084413 0.710469848228883
0.6774080878488453 0.710469848228883
0.6814484918892494 0.710469848228883
0.29356970401046145 0.7145102522692871
0.2976101080508655 0.7145102522692871
0.30165051209126953 0.7145102522692871
0.30569091613167354 0.7145102522692871
0.3097313201720776 0.7145102522692871
0.3137717242124817 0.7145102522692871
0.3178121282528857 0.7145102522692871
0.32185253229328975 0.7145102522692871
0.32589293633369376 0.7145102522692871
0.3299333403740978 0.7145102522692871
0.33397374441450184 0.7145102522692871
0.3380141484549059 0.7145102522692871
0.3420545524953099 0.7145102522692871
0.346094956535714 0.7145102522692871
0.35013536057611805 0.7145102522692871
0.35417576461652206 0.7145102522692871
0.35821616865692607 0.7145102522692871
0.36225657269733014 0.7145102522692871
0.3662969767377342 0.7145102522692871
0.3703373807781382 0.7145102522692871
0.3743777848185422 0.7145102522692871
0.3784181888589463 0.7145102522692871
0.38245859289935036 0.7145102522692871
0.38649899693975437 0.7145102522692871
0.39053940098015844 0.7145102522692871
0.39457980502056245 0.7145102522692871
0.3986202090609665 0.7145102522692871
0.4026606131013705 0.7145102522692871
0.4067010171417746 0.7145102522692871
0.4107414211821786 0.7145102522692871
0.41478182522258267 0.7145102522692871
0.41882222926298673 0.7145102522692871
0.42286263330339074 0.7145102522692871
0.42690303734379476 0.7145102522692871
0.4309434413841988 0.7145102522692871
0.4349838454246029 0.7145102522692871
0.4390242494650069 0.7145102522692871
0.4430646535054109 0.7145102522692871
0.447105057545815 0.7145102522692871
0.45114546158621904 0.7145102522692871
0.45518586562662305 0.7145102522692871
0.4592262696670271 0.7145102522692871
0.46326667370743113 0.7145102522692871
0.4673070777478352 0.7145102522692871
0.47134748178823926 0.7145102522692871
0.4753878858286433 0.7145102522692871
0.4794282898690473 0.7145102522692871
0.48346869390945135 0.7145102522692871
0.4875090979498554 0.7145102522692871
0.49154950199025943 0.7145102522692871
0.49558990603066344 0.7145102522692871
0.4996303100710675 0.7145102522692871
0.5036707141114716 0.7145102522692871
0.5077111181518756 0.7145102522692871
0.5117515221922796 0.7145102522692871
0.5157919262326837 0.7145102522692871
0.5198323302730877 0.7145102522692871
0.5238727343134918 0.7145102522692871
0.5279131383538958 0.7145102522692871
0.5319535423942998 0.7145102522692871
0.5359939464347039 0.7145102522692871
0.540034350475108 0.7145102522692871
0.544074754515512 0.7145102522692871
0.548115158555916 0.7145102522692871
0.55215556259632 0.7145102522692871
0.5561959666367241 0.7145102522692871
0.5602363706771281 0.7145102522692871
0.5642767747175321 0.7145102522692871
0.5683171787579362 0.7145102522692871
0.5723575827983403 0.7145102522692871
0.5763979868387443 0.7145102522692871
0.5804383908791484 0.7145102522692871
0.5844787949195523 0.7145102522692871
0.5885191989599564 0.7145102522692871
0.5925596030003604 0.7145102522692871
0.5966000070407644 0.7145102522692871
0.6006404110811685 0.7145102522692871
0.6046808151215726 0.7145102522692871
0.6087212191619766 0.7145102522692871
0.6127616232023807 0.7145102522692871
0.6168020272427847 0.7145102522692871
0.6208424312831887 0.7145102522692871
0.6248828353235928 0.7145102522692871
0.6289232393639967 0.7145102522692871
0.6329636434044008 0.7145102522692871
0.6370040474448049 0.7145102522692871
0.6410444514852089 0.7145102522692871
0.645084855525613 0.7145102522692871
0.6491252595660171 0.7145102522692871
0.653165663606421 0.7145102522692871
0.6572060676468251 0.7145102522692871
0.661246471687229 0.7145102522692871
0.6652868757276331 0.7145102522692871
0.6693272797680372 0.7145102522692871
0.6733676838084413 0.7145102522692871
0.6774080878488453 0.7145102522692871
0.29356970401046145 0.7185506563096911
0.2976101080508655 0.7185506563096911
0.30165051209126953 0.7185506563096911
0.30569091613167354 0.7185506563096911
0.3097313201720776 0.7185506563096911
0.3137717242124817 0.7185506563096911
0.3178121282528857 0.7185506563096911
0.32185253229328975 0.7185506563096911
0.32589293633369376 0.7185506563096911
0.3299333403740978 0.7185506563096911
0.33397374441450184 0.7185506563096911
0.3380141484549059 0.7185506563096911
0.3420545524953099 0.7185506563096911
0.346094956535714 0.7185506563096911
0.35013536057611805 0.7185506563096911
0.35417576461652206 0.7185506563096911
0.35821616865692607 0.7185506563096911
0.36225657269733014 0.7185506563096911
0.3662969767377342 0.7185506563096911
0.3703373807781382 0.7185506563096911
0.3743777848185422 0.7185506563096911
0.3784181888589463 0.7185506563096911
0.38245859289935036 0.7185506563096911
0.38649899693975437 0.7185506563096911
0.39053940098015844 0.7185506563096911
0.39457980502056245 0.7185506563096911
0.3986202090609665 0.7185506563096911
0.4026606131013705 0.7185506563096911
0.4067010171417746 0.7185506563096911
0.4107414211821786 0.7185506563096911
0.41478182522258267 0.7185506563096911
0.41882222926298673 0.7185506563096911
0.42286263330339074 0.7185506563096911
0.42690303734379476 0.7185506563096911
0.4309434413841988 0.7185506563096911
0.4349838454246029 0.7185506563096911
0.4390242494650069 0.7185506563096911
0.4430646535054109 0.7185506563096911
0.447105057545815 0.7185506563096911
0.45114546158621904 0.7185506563096911
0.45518586562662305 0.7185506563096911
0.4592262696670271 0.7185506563096911
0.46326667370743113 0.7185506563096911
0.4673070777478352 0.7185506563096911
0.47134748178823926 0.7185506563096911
0.4753878858286433 0.7185506563096911
0.4794282898690473 0.7185506563096911
0.48346869390945135 0.7185506563096911
0.4875090979498554 0.7185506563096911
0.49154950199025943 0.7185506563096911
0.49558990603066344 0.7185506563096911
0.4996303100710675 0.7185506563096911
0.5036707141114716 0.7185506563096911
0.5077111181518756 0.7185506563096911
0.5117515221922796 0.7185506563096911
0.5157919262326837 0.7185506563096911
0.5198323302730877 0.7185506563096911
0.5238727343134918 0.7185506563096911
0.5279131383538958 0.7185506563096911
0.5319535423942998 0.7185506563096911
0.5359939464347039 0.7185506563096911
0.540034350475108 0.7185506563096911
0.544074754515512 0.7185506563096911
0.548115158555916 0.7185506563096911
0.55215556259632 0.7185506563096911
0.5561959666367241 0.7185506563096911
0.5602363706771281 0.7185506563096911
0.5642767747175321 0.7185506563096911
0.5683171787579362 0.7185506563096911
0.5723575827983403 0.7185506563096911
0.5763979868387443 0.7185506563096911
0.5804383908791484 0.7185506563096911
0.5844787949195523 0.7185506563096911
0.5885191989599564 0.7185506563096911
0.5925596030003604 0.7185506563096911
0.5966000070407644 0.7185506563096911
0.6006404110811685 0.7185506563096911
0.6046808151215726 0.7185506563096911
0.6087212191619766 0.7185506563096911
0.6127616232023807 0.7185506563096911
0.6168020272427847 0.7185506563096911
0.6208424312831887 0.7185506563096911
0.6248828353235928 0.7185506563096911
0.6289232393639967 0.7185506563096911
0.6329636434044008 0.7185506563096911
0.6370040474448049 0.7185506563096911
0.6410444514852089 0.7185506563096911
0.645084855525613 0.7185506563096911
0.6491252595660171 0.7185506563096911
0.653165663606421 0.7185506563096911
0.6572060676468251 0.7185506563096911
0.661246471687229 0.7185506563096911
0.6652868757276331 0.7185506563096911
0.6693272797680372 0.7185506563096911
0.6733676838084413 0.7185506563096911
0.29356970401046145 0.7225910603500951
0.2976101080508655 0.7225910603500951
0.30165051209126953 0.7225910603500951
0.30569091613167354 0.7225910603500951
0.3097313201720776 0.7225910603500951
0.3137717242124817 0.7225910603500951
0.3178121282528857 0.7225910603500951
0.32185253229328975 0.7225910603500951
0.32589293633369376 0.7225910603500951
0.3299333403740978 0.7225910603500951
0.33397374441450184 0.7225910603500951
0.3380141484549059 0.7225910603500951
0.3420545524953099 0.7225910603500951
0.346094956535714 0.7225910603500951
0.35013536057611805 0.7225910603500951
0.35417576461652206 0.7225910603500951
0.35821616865692607 0.7225910603500951
0.36225657269733014 0.7225910603500951
0.3662969767377342 0.7225910603500951
0.3703373807781382 0.7225910603500951
0.3743777848185422 0.7225910603500951
0.3784181888589463 0.7225910603500951
0.38245859289935036 0.7225910603500951
0.38649899693975437 0.7225910603500951
0.39053940098015844 0.7225910603500951
0.39457980502056245 0.7225910603500951
0.3986202090609665 0.7225910603500951
0.4026606131013705 0.7225910603500951
0.4067010171417746 0.7225910603500951
0.4107414211821786 0.7225910603500951
0.41478182522258267 0.7225910603500951
0.41882222926298673 0.7225910603500951
0.42286263330339074 0.7225910603500951
0.42690303734379476 0.7225910603500951
0.4309434413841988 0.7225910603500951
0.4349838454246029 0.7225910603500951
0.4390242494650069 0.7225910603500951
0.4430646535054109 0.7225910603500951
0.447105057545815 0.7225910603500951
0.45114546158621904 0.7225910603500951
0.45518586562662305 0.7225910603500951
0.4592262696670271 0.7225910603500951
0.46326667370743113 0.7225910603500951
0.4673070777478352 0.7225910603500951
0.47134748178823926 0.7225910603500951
0.4753878858286433 0.7225910603500951
0.4794282898690473 0.7225910603500951
0.48346869390945135 0.7225910603500951
0.4875090979498554 0.7225910603500951
0.49154950199025943 0.7225910603500951
0.49558990603066344 0.7225910603500951
0.4996303100710675 0.7225910603500951
0.5036707141114716 0.7225910603500951
0.5077111181518756 0.7225910603500951
0.5117515221922796 0.7225910603500951
0.5157919262326837 0.7225910603500951
0.5198323302730877 0.7225910603500951
0.5238727343134918 0.7225910603500951
0.5279131383538958 0.7225910603500951
0.5319535423942998 0.7225910603500951
0.5359939464347039 0.7225910603500951
0.540034350475108 0.7225910603500951
0.544074754515512 0.7225910603500951
0.548115158555916 0.7225910603500951
0.55215556259632 0.7225910603500951
0.5561959666367241 0.7225910603500951
0.5602363706771281 0.7225910603500951
0.5642767747175321 0.7225910603500951
0.5683171787579362 0.7225910603500951
0.5723575827983403 0.7225910603500951
0.5763979868387443 0.7225910603500951
0.5804383908791484 0.7225910603500951
0.5844787949195523 0.7225910603500951
0.5885191989599564 0.7225910603500951
0.5925596030003604 0.7225910603500951
0.5966000070407644 0.7225910603500951
0.6006404110811685 0.7225910603500951
0.6046808151215726 0.7225910603500951
0.6087212191619766 0.7225910603500951
0.6127616232023807 0.7225910603500951
0.6168020272427847 0.7225910603500951
0.6208424312831887 0.7225910603500951
0.6248828353235928 0.7225910603500951
0.6289232393639967 0.7225910603500951
0.6329636434044008 0.7225910603500951
0.6370040474448049 0.7225910603500951
0.6410444514852089 0.7225910603500951
0.645084855525613 0.7225910603500951
0.6491252595660171 0.7225910603500951
0.653165663606421 0.7225910603500951
0.6572060676468251 0.7225910603500951
0.661246471687229 0.7225910603500951
0.6652868757276331 0.7225910603500951
0.6693272797680372 0.7225910603500951
0.29356970401046145 0.7266314643904992
0.2976101080508655 0.7266314643904992
0.30165051209126953 0.7266314643904992
0.30569091613167354 0.7266314643904992
0.3097313201720776 0.7266314643904992
0.3137717242124817 0.7266314643904992
0.3178121282528857 0.7266314643904992
0.32185253229328975 0.7266314643904992
0.32589293633369376 0.7266314643904992
0.3299333403740978 0.7266314643904992
0.33397374441450184 0.7266314643904992
0.3380141484549059 0.7266314643904992
0.3420545524953099 0.7266314643904992
0.346094956535714 0.7266314643904992
0.35013536057611805 0.7266314643904992
0.35417576461652206 0.7266314643904992
0.35821616865692607 0.7266314643904992
0.36225657269733014 0.7266314643904992
0.3662969767377342 0.7266314643904992
0.3703373807781382 0.7266314643904992
0.3743777848185422 0.7266314643904992
0.3784181888589463 0.7266314643904992
0.38245859289935036 0.7266314643904992
0.38649899693975437 0.7266314643904992
0.39053940098015844 0.7266314643904992
0.39457980502056245 0.7266314643904992
0.3986202090609665 0.7266314643904992
0.4026606131013705 0.7266314643904992
0.4067010171417746 0.7266314643904992
0.4107414211821786 0.7266314643904992
0.41478182522258267 0.7266314643904992
0.41882222926298673 0.7266314643904992
0.42286263330339074 0.7266314643904992
0.42690303734379476 0.7266314643904992
0.4309434413841988 0.7266314643904992
0.4349838454246029 0.7266314643904992
0.4390242494650069 0.7266314643904992
0.4430646535054109 0.7266314643904992
0.447105057545815 0.7266314643904992
0.45114546158621904 0.7266314643904992
0.45518586562662305 0.7266314643904992
0.4592262696670271 0.7266314643904992
0.46326667370743113 0.7266314643904992
0.4673070777478352 0.7266314643904992
0.47134748178823926 0.7266314643904992
0.4753878858286433 0.7266314643904992
0.4794282898690473 0.7266314643904992
0.48346869390945135 0.7266314643904992
0.4875090979498554 0.7266314643904992
0.49154950199025943 0.7266314643904992
0.49558990603066344 0.7266314643904992
0.4996303100710675 0.7266314643904992
0.5036707141114716 0.7266314643904992
0.5077111181518756 0.7266314643904992
0.5117515221922796 0.7266314643904992
0.5157919262326837 0.7266314643904992
0.5198323302730877 0.7266314643904992
0.5238727343134918 0.7266314643904992
0.5279131383538958 0.7266314643904992
0.5319535423942998 0.7266314643904992
0.5359939464347039 0.7266314643904992
0.540034350475108 0.7266314643904992
0.544074754515512 0.7266314643904992
0.548115158555916 0.7266314643904992
0.55215556259632 0.7266314643904992
0.5561959666367241 0.7266314643904992
0.5602363706771281 0.7266314643904992
0.5642767747175321 0.7266314643904992
0.5683171787579362 0.7266314643904992
0.5723575827983403 0.7266314643904992
0.5763979868387443 0.7266314643904992
0.5804383908791484 0.7266314643904992
0.5844787949195523 0.7266314643904992
0.5885191989599564 0.7266314643904992
0.5925596030003604 0.7266314643904992
0.5966000070407644 0.7266314643904992
0.6006404110811685 0.7266314643904992
0.6046808151215726 0.7266314643904992
0.6087212191619766 0.7266314643904992
0.6127616232023807 0.7266314643904992
0.6168020272427847 0.7266314643904992
0.6208424312831887 0.7266314643904992
0.6248828353235928 0.7266314643904992
0.6289232393639967 0.7266314643904992
0.6329636434044008 0.7266314643904992
0.6370040474448049 0.7266314643904992
0.6410444514852089 0.7266314643904992
0.645084855525613 0.7266314643904992
0.6491252595660171 0.7266314643904992
0.653165663606421 0.7266314643904992
0.6572060676468251 0.7266314643904992
0.661246471687229 0.7266314643904992
0.29356970401046145 0.7306718684309033
0.2976101080508655 0.7306718684309033
0.30165051209126953 0.7306718684309033
0.30569091613167354 0.7306718684309033
0.3097313201720776 0.7306718684309033
0.3137717242124817 0.7306718684309033
0.3178121282528857 0.7306718684309033
0.32185253229328975 0.7306718684309033
0.32589293633369376 0.7306718684309033
0.3299333403740978 0.7306718684309033
0.33397374441450184 0.7306718684309033
0.3380141484549059 0.7306718684309033
0.3420545524953099 0.7306718684309033
0.346094956535714 0.7306718684309033
0.35013536057611805 0.7306718684309033
0.35417576461652206 0.7306718684309033
0.35821616865692607 0.7306718684309033
0.36225657269733014 0.7306718684309033
0.3662969767377342 0.7306718684309033
0.3703373807781382 0.7306718684309033
0.3743777848185422 0.7306718684309033
0.3784181888589463 0.7306718684309033
0.38245859289935036 0.7306718684309033
0.38649899693975437 0.7306718684309033
0.39053940098015844 0.7306718684309033
0.39457980502056245 0.7306718684309033
0.3986202090609665 0.7306718684309033
0.4026606131013705 0.7306718684309033
0.4067010171417746 0.7306718684309033
0.4107414211821786 0.7306718684309033
0.41478182522258267 0.7306718684309033
0.41882222926298673 0.7306718684309033
0.42286263330339074 0.7306718684309033
0.42690303734379476 0.7306718684309033
0.4309434413841988 0.7306718684309033
0.4349838454246029 0.7306718684309033
0.4390242494650069 0.7306718684309033
0.4430646535054109 0.7306718684309033
0.447105057545815 0.7306718684309033
0.45114546158621904 0.7306718684309033
0.45518586562662305 0.7306718684309033
0.4592262696670271 0.7306718684309033
0.46326667370743113 0.7306718684309033
0.4673070777478352 0.7306718684309033
0.47134748178823926 0.7306718684309033
0.4753878858286433 0.7306718684309033
0.4794282898690473 0.7306718684309033
0.48346869390945135 0.7306718684309033
0.4875090979498554 0.7306718684309033
0.49154950199025943 0.7306718684309033
0.49558990603066344 0.7306718684309033
0.4996303100710675 0.7306718684309033
0.5036707141114716 0.7306718684309033
0.5077111181518756 0.7306718684309033
0.5117515221922796 0.7306718684309033
0.5157919262326837 0.7306718684309033
0.5198323302730877 0.7306718684309033
0.5238727343134918 0.7306718684309033
0.5279131383538958 0.7306718684309033
0.5319535423942998 0.7306718684309033
0.5359939464347039 0.7306718684309033
0.540034350475108 0.7306718684309033
0.544074754515512 0.7306718684309033
0.548115158555916 0.7306718684309033
0.55215556259632 0.7306718684309033
0.5561959666367241 0.7306718684309033
0.5602363706771281 0.7306718684309033
0.5642767747175321 0.7306718684309033
0.5683171787579362 0.7306718684309033
0.5723575827983403 0.7306718684309033
0.5763979868387443 0.7306718684309033
0.5804383908791484 0.7306718684309033
0.5844787949195523 0.7306718684309033
0.5885191989599564 0.7306718684309033
0.5925596030003604 0.7306718684309033
0.5966000070407644 0.7306718684309033
0.6006404110811685 0.7306718684309033
0.6046808151215726 0.7306718684309033
0.6087212191619766 0.7306718684309033
0.6127616232023807 0.7306718684309033
0.6168020272427847 0.7306718684309033
0.6208424312831887 0.7306718684309033
0.6248828353235928 0.7306718684309033
0.6289232393639967 0.7306718684309033
0.6329636434044008 0.7306718684309033
0.6370040474448049 0.7306718684309033
0.6410444514852089 0.7306718684309033
0.645084855525613 0.7306718684309033
0.6491252595660171 0.7306718684309033
0.653165663606421 0.7306718684309033
0.6572060676468251 0.7306718684309033
0.6935697040104615 0.7306718684309033
0.29356970401046145 0.7347122724713073
0.2976101080508655 0.7347122724713073
0.30165051209126953 0.7347122724713073
0.30569091613167354 0.7347122724713073
0.3097313201720776 0.7347122724713073
0.3137717242124817 0.7347122724713073
0.3178121282528857 0.7347122724713073
0.32185253229328975 0.7347122724713073
0.32589293633369376 0.7347122724713073
0.3299333403740978 0.7347122724713073
0.33397374441450184 0.7347122724713073
0.3380141484549059 0.7347122724713073
0.3420545524953099 0.7347122724713073
0.346094956535714 0.7347122724713073
0.35013536057611805 0.7347122724713073
0.35417576461652206 0.7347122724713073
0.35821616865692607 0.7347122724713073
0.36225657269733014 0.7347122724713073
0.3662969767377342 0.7347122724713073
0.3703373807781382 0.7347122724713073
0.3743777848185422 0.7347122724713073
0.3784181888589463 0.7347122724713073
0.38245859289935036 0.7347122724713073
0.38649899693975437 0.7347122724713073
0.39053940098015844 0.7347122724713073
0.39457980502056245 0.7347122724713073
0.3986202090609665 0.7347122724713073
0.4026606131013705 0.7347122724713073
0.4067010171417746 0.7347122724713073
0.4107414211821786 0.7347122724713073
0.41478182522258267 0.7347122724713073
0.41882222926298673 0.7347122724713073
0.42286263330339074 0.7347122724713073
0.42690303734379476 0.7347122724713073
0.4309434413841988 0.7347122724713073
0.4349838454246029 0.7347122724713073
0.4390242494650069 0.7347122724713073
0.4430646535054109 0.7347122724713073
0.447105057545815 0.7347122724713073
0.45114546158621904 0.7347122724713073
0.45518586562662305 0.7347122724713073
0.4592262696670271 0.7347122724713073
0.46326667370743113 0.7347122724713073
0.4673070777478352 0.7347122724713073
0.47134748178823926 0.7347122724713073
0.4753878858286433 0.7347122724713073
0.4794282898690473 0.7347122724713073
0.48346869390945135 0.7347122724713073
0.4875090979498554 0.7347122724713073
0.49154950199025943 0.7347122724713073
0.49558990603066344 0.7347122724713073
0.4996303100710675 0.7347122724713073
0.5036707141114716 0.7347122724713073
0.5077111181518756 0.7347122724713073
0.5117515221922796 0.7347122724713073
0.5157919262326837 0.7347122724713073
0.5198323302730877 0.7347122724713073
0.5238727343134918 0.7347122724713073
0.5279131383538958 0.7347122724713073
0.5319535423942998 0.7347122724713073
0.5359939464347039 0.7347122724713073
0.540034350475108 0.7347122724713073
0.544074754515512 0.7347122724713073
0.548115158555916 0.7347122724713073
0.55215556259632 0.7347122724713073
0.5561959666367241 0.7347122724713073
0.5602363706771281 0.7347122724713073
0.5642767747175321 0.7347122724713073
0.5683171787579362 0.7347122724713073
0.5723575827983403 0.7347122724713073
0.5763979868387443 0.7347122724713073
0.5804383908791484 0.7347122724713073
0.5844787949195523 0.7347122724713073
0.5885191989599564 0.7347122724713073
0.5925596030003604 0.7347122724713073
0.5966000070407644 0.7347122724713073
0.6006404110811685 0.7347122724713073
0.6046808151215726 0.7347122724713073
0.6087212191619766 0.7347122724713073
0.6127616232023807 0.7347122724713073
0.6168020272427847 0.7347122724713073
0.6208424312831887 0.7347122724713073
0.6248828353235928 0.7347122724713073
0.6289232393639967 0.7347122724713073
0.6329636434044008 0.7347122724713073
0.6370040474448049 0.7347122724713073
0.6410444514852089 0.7347122724713073
0.645084855525613 0.7347122724713073
0.6491252595660171 0.7347122724713073
0.653165663606421 0.7347122724713073
0.6895292999700574 0.7347122724713073
0.6935697040104615 0.7347122724713073
0.29356970401046145 0.7387526765117113
0.2976101080508655 0.7387526765117113
0.30165051209126953 0.7387526765117113
0.30569091613167354 0.7387526765117113
0.3097313201720776 0.7387526765117113
0.3137717242124817 0.7387526765117113
0.3178121282528857 0.7387526765117113
0.32185253229328975 0.7387526765117113
0.32589293633369376 0.7387526765117113
0.3299333403740978 0.7387526765117113
0.33397374441450184 0.7387526765117113
0.3380141484549059 0.7387526765117113
0.3420545524953099 0.7387526765117113
0.346094956535714 0.7387526765117113
0.35013536057611805 0.7387526765117113
0.35417576461652206 0.7387526765117113
0.35821616865692607 0.7387526765117113
0.36225657269733014 0.7387526765117113
0.3662969767377342 0.7387526765117113
0.3703373807781382 0.7387526765117113
0.3743777848185422 0.7387526765117113
0.3784181888589463 0.7387526765117113
0.38245859289935036 0.7387526765117113
0.38649899693975437 0.7387526765117113
0.39053940098015844 0.7387526765117113
0.39457980502056245 0.7387526765117113
0.3986202090609665 0.7387526765117113
0.4026606131013705 0.7387526765117113
0.4067010171417746 0.7387526765117113
0.4107414211821786 0.7387526765117113
0.41478182522258267 0.7387526765117113
0.41882222926298673 0.7387526765117113
0.42286263330339074 0.7387526765117113
0.42690303734379476 0.7387526765117113
0.4309434413841988 0.7387526765117113
0.4349838454246029 0.7387526765117113
0.4390242494650069 0.7387526765117113
0.4430646535054109 0.7387526765117113
0.447105057545815 0.7387526765117113
0.45114546158621904 0.7387526765117113
0.45518586562662305 0.7387526765117113
0.4592262696670271 0.7387526765117113
0.46326667370743113 0.7387526765117113
0.4673070777478352 0.7387526765117113
0.47134748178823926 0.7387526765117113
0.4753878858286433 0.7387526765117113
0.4794282898690473 0.7387526765117113
0.48346869390945135 0.7387526765117113
0.4875090979498554 0.7387526765117113
0.49154950199025943 0.7387526765117113
0.49558990603066344 0.7387526765117113
0.4996303100710675 0.7387526765117113
0.5036707141114716 0.7387526765117113
0.5077111181518756 0.7387526765117113
0.5117515221922796 0.7387526765117113
0.5157919262326837 0.7387526765117113
0.5198323302730877 0.7387526765117113
0.5238727343134918 0.7387526765117113
0.5279131383538958 0.7387526765117113
0.5319535423942998 0.7387526765117113
0.5359939464347039 0.7387526765117113
0.540034350475108 0.7387526765117113
0.544074754515512 0.7387526765117113
0.548115158555916 0.7387526765117113
0.55215556259632 0.7387526765117113
0.5561959666367241 0.7387526765117113
0.5602363706771281 0.7387526765117113
0.5642767747175321 0.7387526765117113
0.5683171787579362 0.7387526765117113
0.5723575827983403 0.7387526765117113
0.5763979868387443 0.7387526765117113
0.5804383908791484 0.7387526765117113
0.5844787949195523 0.7387526765117113
0.5885191989599564 0.7387526765117113
0.5925596030003604 0.7387526765117113
0.5966000070407644 0.7387526765117113
0.6006404110811685 0.7387526765117113
0.6046808151215726 0.7387526765117113
0.6087212191619766 0.7387526765117113
0.6127616232023807 0.7387526765117113
0.6168020272427847 0.7387526765117113
0.6208424312831887 0.7387526765117113
0.6248828353235928 0.7387526765117113
0.6289232393639967 0.7387526765117113
0.6329636434044008 0.7387526765117113
0.6370040474448049 0.7387526765117113
0.6410444514852089 0.7387526765117113
0.645084855525613 0.7387526765117113
0.6491252595660171 0.7387526765117113
0.6854888959296535 0.7387526765117113
0.6895292999700574 0.7387526765117113
0.6935697040104615 0.7387526765117113
0.29356970401046145 0.7427930805521153
0.2976101080508655 0.7427930805521153
0.30165051209126953 0.7427930805521153
0.30569091613167354 0.7427930805521153
0.3097313201720776 0.7427930805521153
0.3137717242124817 0.7427930805521153
0.3178121282528857 0.7427930805521153
0.32185253229328975 0.7427930805521153
0.32589293633369376 0.7427930805521153
0.3299333403740978 0.7427930805521153
0.33397374441450184 0.7427930805521153
0.3380141484549059 0.7427930805521153
0.3420545524953099 0.7427930805521153
0.346094956535714 0.7427930805521153
0.35013536057611805 0.7427930805521153
0.35417576461652206 0.7427930805521153
0.35821616865692607 0.7427930805521153
0.36225657269733014 0.7427930805521153
0.3662969767377342 0.7427930805521153
0.3703373807781382 0.7427930805521153
0.3743777848185422 0.7427930805521153
0.3784181888589463 0.7427930805521153
0.38245859289935036 0.7427930805521153
0.38649899693975437 0.7427930805521153
0.39053940098015844 0.7427930805521153
0.39457980502056245 0.7427930805521153
0.3986202090609665 0.7427930805521153
0.4026606131013705 0.7427930805521153
0.4067010171417746 0.7427930805521153
0.4107414211821786 0.7427930805521153
0.41478182522258267 0.7427930805521153
0.41882222926298673 0.7427930805521153
0.42286263330339074 0.7427930805521153
0.42690303734379476 0.7427930805521153
0.4309434413841988 0.7427930805521153
0.4349838454246029 0.7427930805521153
0.4390242494650069 0.7427930805521153
0.4430646535054109 0.7427930805521153
0.447105057545815 0.7427930805521153
0.45114546158621904 0.7427930805521153
0.45518586562662305 0.7427930805521153
0.4592262696670271 0.7427930805521153
0.46326667370743113 0.7427930805521153
0.4673070777478352 0.7427930805521153
0.47134748178823926 0.7427930805521153
0.4753878858286433 0.7427930805521153
0.4794282898690473 0.7427930805521153
0.48346869390945135 0.7427930805521153
0.4875090979498554 0.7427930805521153
0.49154950199025943 0.7427930805521153
0.49558990603066344 0.7427930805521153
0.4996303100710675 0.7427930805521153
0.5036707141114716 0.7427930805521153
0.5077111181518756 0.7427930805521153
0.5117515221922796 0.7427930805521153
0.5157919262326837 0.7427930805521153
0.5198323302730877 0.7427930805521153
0.5238727343134918 0.7427930805521153
0.5279131383538958 0.7427930805521153
0.5319535423942998 0.7427930805521153
0.5359939464347039 0.7427930805521153
0.540034350475108 0.7427930805521153
0.544074754515512 0.7427930805521153
0.548115158555916 0.7427930805521153
0.55215556259632 0.7427930805521153
0.5561959666367241 0.7427930805521153
0.5602363706771281 0.7427930805521153
0.5642767747175321 0.7427930805521153
0.5683171787579362 0.7427930805521153
0.5723575827983403 0.7427930805521153
0.5763979868387443 0.7427930805521153
0.5804383908791484 0.7427930805521153
0.5844787949195523 0.7427930805521153
0.5885191989599564 0.7427930805521153
0.5925596030003604 0.7427930805521153
0.5966000070407644 0.7427930805521153
0.6006404110811685 0.7427930805521153
0.6046808151215726 0.7427930805521153
0.6087212191619766 0.7427930805521153
0.6127616232023807 0.7427930805521153
0.6168020272427847 0.7427930805521153
0.6208424312831887 0.7427930805521153
0.6248828353235928 0.7427930805521153
0.6289232393639967 0.7427930805521153
0.6329636434044008 0.7427930805521153
0.6370040474448049 0.7427930805521153
0.6410444514852089 0.7427930805521153
0.645084855525613 0.7427930805521153
0.6814484918892494 0.7427930805521153
0.6854888959296535 0.7427930805521153
0.6895292999700574 0.7427930805521153
0.6935697040104615 0.7427930805521153
0.29356970401046145 0.7468334845925194
0.2976101080508655 0.7468334845925194
0.30165051209126953 0.7468334845925194
0.30569091613167354 0.7468334845925194
0.3097313201720776 0.7468334845925194
0.3137717242124817 0.7468334845925194
0.3178121282528857 0.7468334845925194
0.32185253229328975 0.7468334845925194
0.32589293633369376 0.7468334845925194
0.3299333403740978 0.7468334845925194
0.33397374441450184 0.7468334845925194
0.3380141484549059 0.7468334845925194
0.3420545524953099 0.7468334845925194
0.346094956535714 0.7468334845925194
0.35013536057611805 0.7468334845925194
0.35417576461652206 0.7468334845925194
0.35821616865692607 0.7468334845925194
0.36225657269733014 0.7468334845925194
0.3662969767377342 0.7468334845925194
0.3703373807781382 0.7468334845925194
0.3743777848185422 0.7468334845925194
0.3784181888589463 0.7468334845925194
0.38245859289935036 0.7468334845925194
0.38649899693975437 0.7468334845925194
0.39053940098015844 0.7468334845925194
0.39457980502056245 0.7468334845925194
0.3986202090609665 0.7468334845925194
0.4026606131013705 0.7468334845925194
0.4067010171417746 0.7468334845925194
0.4107414211821786 0.7468334845925194
0.41478182522258267 0.7468334845925194
0.41882222926298673 0.7468334845925194
0.42286263330339074 0.7468334845925194
0.42690303734379476 0.7468334845925194
0.4309434413841988 0.7468334845925194
0.4349838454246029 0.7468334845925194
0.4390242494650069 0.7468334845925194
0.4430646535054109 0.7468334845925194
0.447105057545815 0.7468334845925194
0.45114546158621904 0.7468334845925194
0.45518586562662305 0.7468334845925194
0.4592262696670271 0.7468334845925194
0.46326667370743113 0.7468334845925194
0.4673070777478352 0.7468334845925194
0.47134748178823926 0.7468334845925194
0.4753878858286433 0.7468334845925194
0.4794282898690473 0.7468334845925194
0.48346869390945135 0.7468334845925194
0.4875090979498554 0.7468334845925194
0.49154950199025943 0.7468334845925194
0.49558990603066344 0.7468334845925194
0.4996303100710675 0.7468334845925194
0.5036707141114716 0.7468334845925194
0.5077111181518756 0.7468334845925194
0.5117515221922796 0.7468334845925194
0.5157919262326837 0.7468334845925194
0.5198323302730877 0.7468334845925194
0.5238727343134918 0.7468334845925194
0.5279131383538958 0.7468334845925194
0.5319535423942998 0.7468334845925194
0.5359939464347039 0.7468334845925194
0.540034350475108 0.7468334845925194
0.544074754515512 0.7468334845925194
0.548115158555916 0.7468334845925194
0.55215556259632 0.7468334845925194
0.5561959666367241 0.7468334845925194
0.5602363706771281 0.7468334845925194
0.5642767747175321 0.7468334845925194
0.5683171787579362 0.7468334845925194
0.5723575827983403 0.7468334845925194
0.5763979868387443 0.7468334845925194
0.5804383908791484 0.7468334845925194
0.5844787949195523 0.7468334845925194
0.5885191989599564 0.7468334845925194
0.5925596030003604 0.7468334845925194
0.5966000070407644 0.7468334845925194
0.6006404110811685 0.7468334845925194
0.6046808151215726 0.7468334845925194
0.6087212191619766 0.7468334845925194
0.6127616232023807 0.7468334845925194
0.6168020272427847 0.7468334845925194
0.6208424312831887 0.7468334845925194
0.6248828353235928 0.7468334845925194
0.6289232393639967 0.7468334845925194
0.6329636434044008 0.7468334845925194
0.6370040474448049 0.7468334845925194
0.6774080878488453 0.7468334845925194
0.6814484918892494 0.7468334845925194
0.6854888959296535 0.7468334845925194
0.6895292999700574 0.7468334845925194
0.6935697040104615 0.7468334845925194
0.29356970401046145 0.7508738886329235
0.2976101080508655 0.7508738886329235
0.30165051209126953 0.7508738886329235
0.30569091613167354 0.7508738886329235
0.3097313201720776 0.7508738886329235
0.3137717242124817 0.7508738886329235
0.3178121282528857 0.7508738886329235
0.32185253229328975 0.7508738886329235
0.32589293633369376 0.7508738886329235
0.3299333403740978 0.7508738886329235
0.33397374441450184 0.7508738886329235
0.3380141484549059 0.7508738886329235
0.3420545524953099 0.7508738886329235
0.346094956535714 0.7508738886329235
0.35013536057611805 0.7508738886329235
0.35417576461652206 0.7508738886329235
0.35821616865692607 0.7508738886329235
0.36225657269733014 0.7508738886329235
0.3662969767377342 0.7508738886329235
0.3703373807781382 0.7508738886329235
0.3743777848185422 0.7508738886329235
0.3784181888589463 0.7508738886329235
0.38245859289935036 0.7508738886329235
0.38649899693975437 0.7508738886329235
0.39053940098015844 0.7508738886329235
0.39457980502056245 0.7508738886329235
0.3986202090609665 0.7508738886329235
0.4026606131013705 0.7508738886329235
0.4067010171417746 0.7508738886329235
0.4107414211821786 0.7508738886329235
0.41478182522258267 0.7508738886329235
0.41882222926298673 0.7508738886329235
0.42286263330339074 0.7508738886329235
0.42690303734379476 0.7508738886329235
0.4309434413841988 0.7508738886329235
0.4349838454246029 0.7508738886329235
0.4390242494650069 0.7508738886329235
0.4430646535054109 0.7508738886329235
0.447105057545815 0.7508738886329235
0.45114546158621904 0.7508738886329235
0.45518586562662305 0.7508738886329235
0.4592262696670271 0.7508738886329235
0.46326667370743113 0.7508738886329235
0.4673070777478352 0.7508738886329235
0.47134748178823926 0.7508738886329235
0.4753878858286433 0.7508738886329235
0.4794282898690473 0.7508738886329235
0.48346869390945135 0.7508738886329235
0.4875090979498554 0.7508738886329235
0.49154950199025943 0.7508738886329235
0.49558990603066344 0.7508738886329235
0.4996303100710675 0.7508738886329235
0.5036707141114716 0.7508738886329235
0.5077111181518756 0.7508738886329235
0.5117515221922796 0.7508738886329235
0.5157919262326837 0.7508738886329235
0.5198323302730877 0.7508738886329235
0.5238727343134918 0.7508738886329235
0.5279131383538958 0.7508738886329235
0.5319535423942998 0.7508738886329235
0.5359939464347039 0.7508738886329235
0.540034350475108 0.7508738886329235
0.544074754515512 0.7508738886329235
0.548115158555916 0.7508738886329235
0.55215556259632 0.7508738886329235
0.5561959666367241 0.7508738886329235
0.5602363706771281 0.7508738886329235
0.5642767747175321 0.7508738886329235
0.5683171787579362 0.7508738886329235
0.5723575827983403 0.7508738886329235
0.5763979868387443 0.7508738886329235
0.5804383908791484 0.7508738886329235
0.5844787949195523 0.7508738886329235
0.5885191989599564 0.7508738886329235
0.5925596030003604 0.7508738886329235
0.5966000070407644 0.7508738886329235
0.6006404110811685 0.7508738886329235
0.6046808151215726 0.7508738886329235
0.6087212191619766 0.7508738886329235
0.6127616232023807 0.7508738886329235
0.6168020272427847 0.7508738886329235
0.6208424312831887 0.7508738886329235
0.6248828353235928 0.7508738886329235
0.6289232393639967 0.7508738886329235
0.6329636434044008 0.7508738886329235
0.6733676838084413 0.7508738886329235
0.6774080878488453 0.7508738886329235
0.6814484918892494 0.7508738886329235
0.6854888959296535 0.7508738886329235
0.6895292999700574 0.7508738886329235
0.6935697040104615 0.7508738886329235
0.29356970401046145 0.7549142926733274
0.2976101080508655 0.7549142926733274
0.30165051209126953 0.7549142926733274
0.30569091613167354 0.7549142926733274
0.3097313201720776 0.7549142926733274
0.3137717242124817 0.7549142926733274
0.3178121282528857 0.7549142926733274
0.32185253229328975 0.7549142926733274
0.32589293633369376 0.7549142926733274
0.3299333403740978 0.7549142926733274
0.33397374441450184 0.7549142926733274
0.3380141484549059 0.7549142926733274
0.3420545524953099 0.7549142926733274
0.346094956535714 0.7549142926733274
0.35013536057611805 0.7549142926733274
0.35417576461652206 0.7549142926733274
0.35821616865692607 0.7549142926733274
0.36225657269733014 0.7549142926733274
0.3662969767377342 0.7549142926733274
0.3703373807781382 0.7549142926733274
0.3743777848185422 0.7549142926733274
0.3784181888589463 0.7549142926733274
0.38245859289935036 0.7549142926733274
0.38649899693975437 0.7549142926733274
0.39053940098015844 0.7549142926733274
0.39457980502056245 0.7549142926733274
0.3986202090609665 0.7549142926733274
0.4026606131013705 0.7549142926733274
0.4067010171417746 0.7549142926733274
0.4107414211821786 0.7549142926733274
0.41478182522258267 0.7549142926733274
0.41882222926298673 0.7549142926733274
0.42286263330339074 0.7549142926733274
0.42690303734379476 0.7549142926733274
0.4309434413841988 0.7549142926733274
0.4349838454246029 0.7549142926733274
0.4390242494650069 0.7549142926733274
0.4430646535054109 0.7549142926733274
0.447105057545815 0.7549142926733274
0.45114546158621904 0.7549142926733274
0.45518586562662305 0.7549142926733274
0.4592262696670271 0.7549142926733274
0.46326667370743113 0.7549142926733274
0.4673070777478352 0.7549142926733274
0.47134748178823926 0.7549142926733274
0.4753878858286433 0.7549142926733274
0.4794282898690473 0.7549142926733274
0.48346869390945135 0.7549142926733274
0.4875090979498554 0.7549142926733274
0.49154950199025943 0.7549142926733274
0.49558990603066344 0.7549142926733274
0.4996303100710675 0.7549142926733274
0.5036707141114716 0.7549142926733274
0.5077111181518756 0.7549142926733274
0.5117515221922796 0.7549142926733274
0.5157919262326837 0.7549142926733274
0.5198323302730877 0.7549142926733274
0.5238727343134918 0.7549142926733274
0.5279131383538958 0.7549142926733274
0.5319535423942998 0.7549142926733274
0.5359939464347039 0.7549142926733274
0.540034350475108 0.7549142926733274
0.544074754515512 0.7549142926733274
0.548115158555916 0.7549142926733274
0.55215556259632 0.7549142926733274
0.5561959666367241 0.7549142926733274
0.5602363706771281 0.7549142926733274
0.5642767747175321 0.7549142926733274
0.5683171787579362 0.7549142926733274
0.5723575827983403 0.7549142926733274
0.5763979868387443 0.7549142926733274
0.5804383908791484 0.7549142926733274
0.5844787949195523 0.7549142926733274
0.5885191989599564 0.7549142926733274
0.5925596030003604 0.7549142926733274
0.5966000070407644 0.7549142926733274
0.6006404110811685 0.7549142926733274
0.6046808151215726 0.7549142926733274
0.6087212191619766 0.7549142926733274
0.6127616232023807 0.7549142926733274
0.6168020272427847 0.7549142926733274
0.6208424312831887 0.7549142926733274
0.6248828353235928 0.7549142926733274
0.6289232393639967 0.7549142926733274
0.6693272797680372 0.7549142926733274
0.6733676838084413 0.7549142926733274
0.6774080878488453 0.7549142926733274
0.6814484918892494 0.7549142926733274
0.6854888959296535 0.7549142926733274
0.6895292999700574 0.7549142926733274
0.6935697040104615 0.7549142926733274
0.29356970401046145 0.7589546967137315
0.2976101080508655 0.7589546967137315
0.30165051209126953 0.7589546967137315
0.30569091613167354 0.7589546967137315
0.3097313201720776 0.7589546967137315
0.3137717242124817 0.7589546967137315
0.3178121282528857 0.7589546967137315
0.32185253229328975 0.7589546967137315
0.32589293633369376 0.7589546967137315
0.3299333403740978 0.7589546967137315
0.33397374441450184 0.7589546967137315
0.3380141484549059 0.7589546967137315
0.3420545524953099 0.7589546967137315
0.346094956535714 0.7589546967137315
0.35013536057611805 0.7589546967137315
0.35417576461652206 0.7589546967137315
0.35821616865692607 0.7589546967137315
0.36225657269733014 0.7589546967137315
0.3662969767377342 0.7589546967137315
0.3703373807781382 0.7589546967137315
0.3743777848185422 0.7589546967137315
0.3784181888589463 0.7589546967137315
0.38245859289935036 0.7589546967137315
0.38649899693975437 0.7589546967137315
0.39053940098015844 0.7589546967137315
0.39457980502056245 0.7589546967137315
0.3986202090609665 0.7589546967137315
0.4026606131013705 0.7589546967137315
0.4067010171417746 0.7589546967137315
0.4107414211821786 0.7589546967137315
0.41478182522258267 0.7589546967137315
0.41882222926298673 0.7589546967137315
0.42286263330339074 0.7589546967137315
0.42690303734379476 0.7589546967137315
0.4309434413841988 0.7589546967137315
0.4349838454246029 0.7589546967137315
0.4390242494650069 0.7589546967137315
0.4430646535054109 0.7589546967137315
0.447105057545815 0.7589546967137315
0.45114546158621904 0.7589546967137315
0.45518586562662305 0.7589546967137315
0.4592262696670271 0.7589546967137315
0.46326667370743113 0.7589546967137315
0.4673070777478352 0.7589546967137315
0.47134748178823926 0.7589546967137315
0.4753878858286433 0.7589546967137315
0.4794282898690473 0.7589546967137315
0.48346869390945135 0.7589546967137315
0.4875090979498554 0.7589546967137315
0.49154950199025943 0.7589546967137315
0.49558990603066344 0.7589546967137315
0.4996303100710675 0.7589546967137315
0.5036707141114716 0.7589546967137315
0.5077111181518756 0.7589546967137315
0.5117515221922796 0.7589546967137315
0.5157919262326837 0.7589546967137315
0.5198323302730877 0.7589546967137315
0.5238727343134918 0.7589546967137315
0.5279131383538958 0.7589546967137315
0.5319535423942998 0.7589546967137315
0.5359939464347039 0.7589546967137315
0.540034350475108 0.7589546967137315
0.544074754515512 0.7589546967137315
0.548115158555916 0.7589546967137315
0.55215556259632 0.7589546967137315
0.5561959666367241 0.7589546967137315
0.5602363706771281 0.7589546967137315
0.5642767747175321 0.7589546967137315
0.5683171787579362 0.7589546967137315
0.5723575827983403 0.7589546967137315
0.5763979868387443 0.7589546967137315
0.5804383908791484 0.7589546967137315
0.5844787949195523 0.7589546967137315
0.5885191989599564 0.7589546967137315
0.5925596030003604 0.7589546967137315
0.5966000070407644 0.7589546967137315
0.6006404110811685 0.7589546967137315
0.6046808151215726 0.7589546967137315
0.6087212191619766 0.7589546967137315
0.6127616232023807 0.7589546967137315
0.6168020272427847 0.7589546967137315
0.6208424312831887 0.7589546967137315
0.6248828353235928 0.7589546967137315
0.6652868757276331 0.7589546967137315
0.6693272797680372 0.7589546967137315
0.6733676838084413 0.7589546967137315
0.6774080878488453 0.7589546967137315
0.6814484918892494 0.7589546967137315
0.6854888959296535 0.7589546967137315
0.6895292999700574 0.7589546967137315
0.6935697040104615 0.7589546967137315
0.29356970401046145 0.7629951007541356
0.2976101080508655 0.7629951007541356
0.30165051209126953 0.7629951007541356
0.30569091613167354 0.7629951007541356
0.3097313201720776 0.7629951007541356
0.3137717242124817 0.7629951007541356
0.3178121282528857 0.7629951007541356
0.32185253229328975 0.7629951007541356
0.32589293633369376 0.7629951007541356
0.3299333403740978 0.7629951007541356
0.33397374441450184 0.7629951007541356
0.3380141484549059 0.7629951007541356
0.3420545524953099 0.7629951007541356
0.346094956535714 0.7629951007541356
0.35013536057611805 0.7629951007541356
0.35417576461652206 0.7629951007541356
0.35821616865692607 0.7629951007541356
0.36225657269733014 0.7629951007541356
0.3662969767377342 0.7629951007541356
0.3703373807781382 0.7629951007541356
0.3743777848185422 0.7629951007541356
0.3784181888589463 0.7629951007541356
0.38245859289935036 0.7629951007541356
0.38649899693975437 0.7629951007541356
0.39053940098015844 0.7629951007541356
0.39457980502056245 0.7629951007541356
0.3986202090609665 0.7629951007541356
0.4026606131013705 0.7629951007541356
0.4067010171417746 0.7629951007541356
0.4107414211821786 0.7629951007541356
0.41478182522258267 0.7629951007541356
0.41882222926298673 0.7629951007541356
0.42286263330339074 0.7629951007541356
0.42690303734379476 0.7629951007541356
0.4309434413841988 0.7629951007541356
0.4349838454246029 0.7629951007541356
0.4390242494650069 0.7629951007541356
0.4430646535054109 0.7629951007541356
0.447105057545815 0.7629951007541356
0.45114546158621904 0.7629951007541356
0.45518586562662305 0.7629951007541356
0.4592262696670271 0.7629951007541356
0.46326667370743113 0.7629951007541356
0.4673070777478352 0.7629951007541356
0.47134748178823926 0.7629951007541356
0.4753878858286433 0.7629951007541356
0.4794282898690473 0.7629951007541356
0.48346869390945135 0.7629951007541356
0.4875090979498554 0.7629951007541356
0.49154950199025943 0.7629951007541356
0.49558990603066344 0.7629951007541356
0.4996303100710675 0.7629951007541356
0.5036707141114716 0.7629951007541356
0.5077111181518756 0.7629951007541356
0.5117515221922796 0.7629951007541356
0.5157919262326837 0.7629951007541356
0.5198323302730877 0.7629951007541356
0.5238727343134918 0.7629951007541356
0.5279131383538958 0.7629951007541356
0.5319535423942998 0.7629951007541356
0.5359939464347039 0.7629951007541356
0.540034350475108 0.7629951007541356
0.544074754515512 0.7629951007541356
0.548115158555916 0.7629951007541356
0.55215556259632 0.7629951007541356
0.5561959666367241 0.7629951007541356
0.5602363706771281 0.7629951007541356
0.5642767747175321 0.7629951007541356
0.5683171787579362 0.7629951007541356
0.5723575827983403 0.7629951007541356
0.5763979868387443 0.7629951007541356
0.5804383908791484 0.7629951007541356
0.5844787949195523 0.7629951007541356
0.5885191989599564 0.7629951007541356
0.5925596030003604 0.7629951007541356
0.5966000070407644 0.7629951007541356
0.6006404110811685 0.7629951007541356
0.6046808151215726 0.7629951007541356
0.6087212191619766 0.7629951007541356
0.6127616232023807 0.7629951007541356
0.6168020272427847 0.7629951007541356
0.661246471687229 0.7629951007541356
0.6652868757276331 0.7629951007541356
0.6693272797680372 0.7629951007541356
0.6733676838084413 0.7629951007541356
0.6774080878488453 0.7629951007541356
0.6814484918892494 0.7629951007541356
0.6854888959296535 0.7629951007541356
0.6895292999700574 0.7629951007541356
0.6935697040104615 0.7629951007541356
0.29356970401046145 0.7670355047945396
0.2976101080508655 0.7670355047945396
0.30165051209126953 0.7670355047945396
0.30569091613167354 0.7670355047945396
0.3097313201720776 0.7670355047945396
0.3137717242124817 0.7670355047945396
0.3178121282528857 0.7670355047945396
0.32185253229328975 0.7670355047945396
0.32589293633369376 0.7670355047945396
0.3299333403740978 0.7670355047945396
0.33397374441450184 0.7670355047945396
0.3380141484549059 0.7670355047945396
0.3420545524953099 0.7670355047945396
0.346094956535714 0.7670355047945396
0.35013536057611805 0.7670355047945396
0.35417576461652206 0.7670355047945396
0.35821616865692607 0.7670355047945396
0.36225657269733014 0.7670355047945396
0.3662969767377342 0.7670355047945396
0.3703373807781382 0.7670355047945396
0.3743777848185422 0.7670355047945396
0.3784181888589463 0.7670355047945396
0.38245859289935036 0.7670355047945396
0.38649899693975437 0.7670355047945396
0.39053940098015844 0.7670355047945396
0.39457980502056245 0.7670355047945396
0.3986202090609665 0.7670355047945396
0.4026606131013705 0.7670355047945396
0.4067010171417746 0.7670355047945396
0.4107414211821786 0.7670355047945396
0.41478182522258267 0.7670355047945396
0.41882222926298673 0.7670355047945396
0.42286263330339074 0.7670355047945396
0.42690303734379476 0.7670355047945396
0.4309434413841988 0.7670355047945396
0.4349838454246029 0.7670355047945396
0.4390242494650069 0.7670355047945396
0.4430646535054109 0.7670355047945396
0.447105057545815 0.7670355047945396
0.45114546158621904 0.7670355047945396
0.45518586562662305 0.7670355047945396
0.4592262696670271 0.7670355047945396
0.46326667370743113 0.7670355047945396
0.4673070777478352 0.7670355047945396
0.47134748178823926 0.7670355047945396
0.4753878858286433 0.7670355047945396
0.4794282898690473 0.7670355047945396
0.48346869390945135 0.7670355047945396
0.4875090979498554 0.7670355047945396
0.49154950199025943 0.7670355047945396
0.49558990603066344 0.7670355047945396
0.4996303100710675 0.7670355047945396
0.5036707141114716 0.7670355047945396
0.5077111181518756 0.7670355047945396
0.5117515221922796 0.7670355047945396
0.5157919262326837 0.7670355047945396
0.5198323302730877 0.7670355047945396
0.5238727343134918 0.7670355047945396
0.5279131383538958 0.7670355047945396
0.5319535423942998 0.7670355047945396
0.5359939464347039 0.7670355047945396
0.540034350475108 0.7670355047945396
0.544074754515512 0.7670355047945396
0.548115158555916 0.7670355047945396
0.55215556259632 0.7670355047945396
0.5561959666367241 0.7670355047945396
0.5602363706771281 0.7670355047945396
0.5642767747175321 0.7670355047945396
0.5683171787579362 0.7670355047945396
0.5723575827983403 0.7670355047945396
0.5763979868387443 0.7670355047945396
0.5804383908791484 0.7670355047945396
0.5844787949195523 0.7670355047945396
0.5885191989599564 0.7670355047945396
0.5925596030003604 0.7670355047945396
0.5966000070407644 0.7670355047945396
0.6006404110811685 0.7670355047945396
0.6046808151215726 0.7670355047945396
0.6087212191619766 0.7670355047945396
0.6127616232023807 0.7670355047945396
0.6572060676468251 0.7670355047945396
0.661246471687229 0.7670355047945396
0.6652868757276331 0.7670355047945396
0.6693272797680372 0.7670355047945396
0.6733676838084413 0.7670355047945396
0.6774080878488453 0.7670355047945396
0.6814484918892494 0.7670355047945396
0.6854888959296535 0.7670355047945396
0.6895292999700574 0.7670355047945396
0.6935697040104615 0.7670355047945396
0.29356970401046145 0.7710759088349436
0.2976101080508655 0.7710759088349436
0.30165051209126953 0.7710759088349436
0.30569091613167354 0.7710759088349436
0.3097313201720776 0.7710759088349436
0.3137717242124817 0.7710759088349436
0.3178121282528857 0.7710759088349436
0.32185253229328975 0.7710759088349436
0.32589293633369376 0.7710759088349436
0.3299333403740978 0.7710759088349436
0.33397374441450184 0.7710759088349436
0.3380141484549059 0.7710759088349436
0.3420545524953099 0.7710759088349436
0.346094956535714 0.7710759088349436
0.35013536057611805 0.7710759088349436
0.35417576461652206 0.7710759088349436
0.35821616865692607 0.7710759088349436
0.36225657269733014 0.7710759088349436
0.3662969767377342 0.7710759088349436
0.3703373807781382 0.7710759088349436
0.3743777848185422 0.7710759088349436
0.3784181888589463 0.7710759088349436
0.38245859289935036 0.7710759088349436
0.38649899693975437 0.7710759088349436
0.39053940098015844 0.7710759088349436
0.39457980502056245 0.7710759088349436
0.3986202090609665 0.7710759088349436
0.4026606131013705 0.7710759088349436
0.4067010171417746 0.7710759088349436
0.4107414211821786 0.7710759088349436
0.41478182522258267 0.7710759088349436
0.41882222926298673 0.7710759088349436
0.42286263330339074 0.7710759088349436
0.42690303734379476 0.7710759088349436
0.4309434413841988 0.7710759088349436
0.4349838454246029 0.7710759088349436
0.4390242494650069 0.7710759088349436
0.4430646535054109 0.7710759088349436
0.447105057545815 0.7710759088349436
0.45114546158621904 0.7710759088349436
0.45518586562662305 0.7710759088349436
0.4592262696670271 0.7710759088349436
0.46326667370743113 0.7710759088349436
0.4673070777478352 0.7710759088349436
0.47134748178823926 0.7710759088349436
0.4753878858286433 0.7710759088349436
0.4794282898690473 0.7710759088349436
0.48346869390945135 0.7710759088349436
0.4875090979498554 0.7710759088349436
0.49154950199025943 0.7710759088349436
0.49558990603066344 0.7710759088349436
0.4996303100710675 0.7710759088349436
0.5036707141114716 0.7710759088349436
0.5077111181518756 0.7710759088349436
0.5117515221922796 0.7710759088349436
0.5157919262326837 0.7710759088349436
0.5198323302730877 0.7710759088349436
0.5238727343134918 0.7710759088349436
0.5279131383538958 0.7710759088349436
0.5319535423942998 0.7710759088349436
0.5359939464347039 0.7710759088349436
0.540034350475108 0.7710759088349436
0.544074754515512 0.7710759088349436
0.548115158555916 0.7710759088349436
0.55215556259632 0.7710759088349436
0.5561959666367241 0.7710759088349436
0.5602363706771281 0.7710759088349436
0.5642767747175321 0.7710759088349436
0.5683171787579362 0.7710759088349436
0.5723575827983403 0.7710759088349436
0.5763979868387443 0.7710759088349436
0.5804383908791484 0.7710759088349436
0.5844787949195523 0.7710759088349436
0.5885191989599564 0.7710759088349436
0.5925596030003604 0.7710759088349436
0.5966000070407644 0.7710759088349436
0.6006404110811685 0.7710759088349436
0.6046808151215726 0.7710759088349436
0.6087212191619766 0.7710759088349436
0.653165663606421 0.7710759088349436
0.6572060676468251 0.7710759088349436
0.661246471687229 0.7710759088349436
0.6652868757276331 0.7710759088349436
0.6693272797680372 0.7710759088349436
0.6733676838084413 0.7710759088349436
0.6774080878488453 0.7710759088349436
0.6814484918892494 0.7710759088349436
0.6854888959296535 0.7710759088349436
0.6895292999700574 0.7710759088349436
0.6935697040104615 0.7710759088349436
0.29356970401046145 0.7751163128753477
0.2976101080508655 0.7751163128753477
0.30165051209126953 0.7751163128753477
0.30569091613167354 0.7751163128753477
0.3097313201720776 0.7751163128753477
0.3137717242124817 0.7751163128753477
0.3178121282528857 0.7751163128753477
0.32185253229328975 0.7751163128753477
0.32589293633369376 0.7751163128753477
0.3299333403740978 0.7751163128753477
0.33397374441450184 0.7751163128753477
0.3380141484549059 0.7751163128753477
0.3420545524953099 0.7751163128753477
0.346094956535714 0.7751163128753477
0.35013536057611805 0.7751163128753477
0.35417576461652206 0.7751163128753477
0.35821616865692607 0.7751163128753477
0.36225657269733014 0.7751163128753477
0.3662969767377342 0.7751163128753477
0.3703373807781382 0.7751163128753477
0.3743777848185422 0.7751163128753477
0.3784181888589463 0.7751163128753477
0.38245859289935036 0.7751163128753477
0.38649899693975437 0.7751163128753477
0.39053940098015844 0.7751163128753477
0.39457980502056245 0.7751163128753477
0.3986202090609665 0.7751163128753477
0.4026606131013705 0.7751163128753477
0.4067010171417746 0.7751163128753477
0.4107414211821786 0.7751163128753477
0.41478182522258267 0.7751163128753477
0.41882222926298673 0.7751163128753477
0.42286263330339074 0.7751163128753477
0.42690303734379476 0.7751163128753477
0.4309434413841988 0.7751163128753477
0.4349838454246029 0.7751163128753477
0.4390242494650069 0.7751163128753477
0.4430646535054109 0.7751163128753477
0.447105057545815 0.7751163128753477
0.45114546158621904 0.7751163128753477
0.45518586562662305 0.7751163128753477
0.4592262696670271 0.7751163128753477
0.46326667370743113 0.7751163128753477
0.4673070777478352 0.7751163128753477
0.47134748178823926 0.7751163128753477
0.4753878858286433 0.7751163128753477
0.4794282898690473 0.7751163128753477
0.48346869390945135 0.7751163128753477
0.4875090979498554 0.7751163128753477
0.49154950199025943 0.7751163128753477
0.49558990603066344 0.7751163128753477
0.4996303100710675 0.7751163128753477
0.5036707141114716 0.7751163128753477
0.5077111181518756 0.7751163128753477
0.5117515221922796 0.7751163128753477
0.5157919262326837 0.7751163128753477
0.5198323302730877 0.7751163128753477
0.5238727343134918 0.7751163128753477
0.5279131383538958 0.7751163128753477
0.5319535423942998 0.7751163128753477
0.5359939464347039 0.7751163128753477
0.540034350475108 0.7751163128753477
0.544074754515512 0.7751163128753477
0.548115158555916 0.7751163128753477
0.55215556259632 0.7751163128753477
0.5561959666367241 0.7751163128753477
0.5602363706771281 0.7751163128753477
0.5642767747175321 0.7751163128753477
0.5683171787579362 0.7751163128753477
0.5723575827983403 0.7751163128753477
0.5763979868387443 0.7751163128753477
0.5804383908791484 0.7751163128753477
0.5844787949195523 0.7751163128753477
0.5885191989599564 0.7751163128753477
0.5925596030003604 0.7751163128753477
0.5966000070407644 0.7751163128753477
0.6006404110811685 0.7751163128753477
0.6046808151215726 0.7751163128753477
0.6491252595660171 0.7751163128753477
0.653165663606421 0.7751163128753477
0.6572060676468251 0.7751163128753477
0.661246471687229 0.7751163128753477
0.6652868757276331 0.7751163128753477
0.6693272797680372 0.7751163128753477
0.6733676838084413 0.7751163128753477
0.6774080878488453 0.7751163128753477
0.6814484918892494 0.7751163128753477
0.6854888959296535 0.7751163128753477
0.6895292999700574 0.7751163128753477
0.6935697040104615 0.7751163128753477
0.29356970401046145 0.7791567169157517
0.2976101080508655 0.7791567169157517
0.30165051209126953 0.7791567169157517
0.30569091613167354 0.7791567169157517
0.3097313201720776 0.7791567169157517
0.3137717242124817 0.7791567169157517
0.3178121282528857 0.7791567169157517
0.32185253229328975 0.7791567169157517
0.32589293633369376 0.7791567169157517
0.3299333403740978 0.7791567169157517
0.33397374441450184 0.7791567169157517
0.3380141484549059 0.7791567169157517
0.3420545524953099 0.7791567169157517
0.346094956535714 0.7791567169157517
0.35013536057611805 0.7791567169157517
0.35417576461652206 0.7791567169157517
0.35821616865692607 0.7791567169157517
0.36225657269733014 0.7791567169157517
0.3662969767377342 0.7791567169157517
0.3703373807781382 0.7791567169157517
0.3743777848185422 0.7791567169157517
0.3784181888589463 0.7791567169157517
0.38245859289935036 0.7791567169157517
0.38649899693975437 0.7791567169157517
0.39053940098015844 0.7791567169157517
0.39457980502056245 0.7791567169157517
0.3986202090609665 0.7791567169157517
0.4026606131013705 0.7791567169157517
0.4067010171417746 0.7791567169157517
0.4107414211821786 0.7791567169157517
0.41478182522258267 0.7791567169157517
0.41882222926298673 0.7791567169157517
0.42286263330339074 0.7791567169157517
0.42690303734379476 0.7791567169157517
0.4309434413841988 0.7791567169157517
0.4349838454246029 0.7791567169157517
0.4390242494650069 0.7791567169157517
0.4430646535054109 0.7791567169157517
0.447105057545815 0.7791567169157517
0.45114546158621904 0.7791567169157517
0.45518586562662305 0.7791567169157517
0.4592262696670271 0.7791567169157517
0.46326667370743113 0.7791567169157517
0.4673070777478352 0.7791567169157517
0.47134748178823926 0.7791567169157517
0.4753878858286433 0.7791567169157517
0.4794282898690473 0.7791567169157517
0.48346869390945135 0.7791567169157517
0.4875090979498554 0.7791567169157517
0.49154950199025943 0.7791567169157517
0.49558990603066344 0.7791567169157517
0.4996303100710675 0.7791567169157517
0.5036707141114716 0.7791567169157517
0.5077111181518756 0.7791567169157517
0.5117515221922796 0.7791567169157517
0.5157919262326837 0.7791567169157517
0.5198323302730877 0.7791567169157517
0.5238727343134918 0.7791567169157517
0.5279131383538958 0.7791567169157517
0.5319535423942998 0.7791567169157517
0.5359939464347039 0.7791567169157517
0.540034350475108 0.7791567169157517
0.544074754515512 0.7791567169157517
0.548115158555916 0.7791567169157517
0.55215556259632 0.7791567169157517
0.5561959666367241 0.7791567169157517
0.5602363706771281 0.7791567169157517
0.5642767747175321 0.7791567169157517
0.5683171787579362 0.7791567169157517
0.5723575827983403 0.7791567169157517
0.5763979868387443 0.7791567169157517
0.5804383908791484 0.7791567169157517
0.5844787949195523 0.7791567169157517
0.5885191989599564 0.7791567169157517
0.5925596030003604 0.7791567169157517
0.5966000070407644 0.7791567169157517
0.6410444514852089 0.7791567169157517
0.645084855525613 0.7791567169157517
0.6491252595660171 0.7791567169157517
0.653165663606421 0.7791567169157517
0.6572060676468251 0.7791567169157517
0.661246471687229 0.7791567169157517
0.6652868757276331 0.7791567169157517
0.6693272797680372 0.7791567169157517
0.6733676838084413 0.7791567169157517
0.6774080878488453 0.7791567169157517
0.6814484918892494 0.7791567169157517
0.6854888959296535 0.7791567169157517
0.6895292999700574 0.7791567169157517
0.6935697040104615 0.7791567169157517
0.29356970401046145 0.7831971209561558
0.2976101080508655 0.7831971209561558
0.30165051209126953 0.7831971209561558
0.30569091613167354 0.7831971209561558
0.3097313201720776 0.7831971209561558
0.3137717242124817 0.7831971209561558
0.3178121282528857 0.7831971209561558
0.32185253229328975 0.7831971209561558
0.32589293633369376 0.7831971209561558
0.3299333403740978 0.7831971209561558
0.33397374441450184 0.7831971209561558
0.3380141484549059 0.7831971209561558
0.3420545524953099 0.7831971209561558
0.346094956535714 0.7831971209561558
0.35013536057611805 0.7831971209561558
0.35417576461652206 0.7831971209561558
0.35821616865692607 0.7831971209561558
0.36225657269733014 0.7831971209561558
0.3662969767377342 0.7831971209561558
0.3703373807781382 0.7831971209561558
0.3743777848185422 0.7831971209561558
0.3784181888589463 0.7831971209561558
0.38245859289935036 0.7831971209561558
0.38649899693975437 0.7831971209561558
0.39053940098015844 0.7831971209561558
0.39457980502056245 0.7831971209561558
0.3986202090609665 0.7831971209561558
0.4026606131013705 0.7831971209561558
0.4067010171417746 0.7831971209561558
0.4107414211821786 0.7831971209561558
0.41478182522258267 0.7831971209561558
0.41882222926298673 0.7831971209561558
0.42286263330339074 0.7831971209561558
0.42690303734379476 0.7831971209561558
0.4309434413841988 0.7831971209561558
0.4349838454246029 0.7831971209561558
0.4390242494650069 0.7831971209561558
0.4430646535054109 0.7831971209561558
0.447105057545815 0.7831971209561558
0.45114546158621904 0.7831971209561558
0.45518586562662305 0.7831971209561558
0.4592262696670271 0.7831971209561558
0.46326667370743113 0.7831971209561558
0.4673070777478352 0.7831971209561558
0.47134748178823926 0.7831971209561558
0.4753878858286433 0.7831971209561558
0.4794282898690473 0.7831971209561558
0.48346869390945135 0.7831971209561558
0.4875090979498554 0.7831971209561558
0.49154950199025943 0.7831971209561558
0.49558990603066344 0.7831971209561558
0.4996303100710675 0.7831971209561558
0.5036707141114716 0.7831971209561558
0.5077111181518756 0.7831971209561558
0.5117515221922796 0.7831971209561558
0.5157919262326837 0.7831971209561558
0.5198323302730877 0.7831971209561558
0.5238727343134918 0.7831971209561558
0.5279131383538958 0.7831971209561558
0.5319535423942998 0.7831971209561558
0.5359939464347039 0.7831971209561558
0.540034350475108 0.7831971209561558
0.544074754515512 0.7831971209561558
0.548115158555916 0.7831971209561558
0.55215556259632 0.7831971209561558
0.5561959666367241 0.7831971209561558
0.5602363706771281 0.7831971209561558
0.5642767747175321 0.7831971209561558
0.5683171787579362 0.7831971209561558
0.5723575827983403 0.7831971209561558
0.5763979868387443 0.7831971209561558
0.5804383908791484 0.7831971209561558
0.5844787949195523 0.7831971209561558
0.5885191989599564 0.7831971209561558
0.5925596030003604 0.7831971209561558
0.6370040474448049 0.7831971209561558
0.6410444514852089 0.7831971209561558
0.645084855525613 0.7831971209561558
0.6491252595660171 0.7831971209561558
0.653165663606421 0.7831971209561558
0.6572060676468251 0.7831971209561558
0.661246471687229 0.7831971209561558
0.6652868757276331 0.7831971209561558
0.6693272797680372 0.7831971209561558
0.6733676838084413 0.7831971209561558
0.6774080878488453 0.7831971209561558
0.6814484918892494 0.7831971209561558
0.6854888959296535 0.7831971209561558
0.6895292999700574 0.7831971209561558
0.6935697040104615 0.7831971209561558
0.29356970401046145 0.7872375249965597
0.2976101080508655 0.7872375249965597
0.30165051209126953 0.7872375249965597
0.30569091613167354 0.7872375249965597
0.3097313201720776 0.7872375249965597
0.3137717242124817 0.7872375249965597
0.3178121282528857 0.7872375249965597
0.32185253229328975 0.7872375249965597
0.32589293633369376 0.7872375249965597
0.3299333403740978 0.7872375249965597
0.33397374441450184 0.7872375249965597
0.3380141484549059 0.7872375249965597
0.3420545524953099 0.7872375249965597
0.346094956535714 0.7872375249965597
0.35013536057611805 0.7872375249965597
0.35417576461652206 0.7872375249965597
0.35821616865692607 0.7872375249965597
0.36225657269733014 0.7872375249965597
0.3662969767377342 0.7872375249965597
0.3703373807781382 0.7872375249965597
0.3743777848185422 0.7872375249965597
0.3784181888589463 0.7872375249965597
0.38245859289935036 0.7872375249965597
0.38649899693975437 0.7872375249965597
0.39053940098015844 0.7872375249965597
0.39457980502056245 0.7872375249965597
0.3986202090609665 0.7872375249965597
0.4026606131013705 0.7872375249965597
0.4067010171417746 0.7872375249965597
0.4107414211821786 0.7872375249965597
0.41478182522258267 0.7872375249965597
0.41882222926298673 0.7872375249965597
0.42286263330339074 0.7872375249965597
0.42690303734379476 0.7872375249965597
0.4309434413841988 0.7872375249965597
0.4349838454246029 0.7872375249965597
0.4390242494650069 0.7872375249965597
0.4430646535054109 0.7872375249965597
0.447105057545815 0.7872375249965597
0.45114546158621904 0.7872375249965597
0.45518586562662305 0.7872375249965597
0.4592262696670271 0.7872375249965597
0.46326667370743113 0.7872375249965597
0.4673070777478352 0.7872375249965597
0.47134748178823926 0.7872375249965597
0.4753878858286433 0.7872375249965597
0.4794282898690473 0.7872375249965597
0.48346869390945135 0.7872375249965597
0.4875090979498554 0.7872375249965597
0.49154950199025943 0.7872375249965597
0.49558990603066344 0.7872375249965597
0.4996303100710675 0.7872375249965597
0.5036707141114716 0.7872375249965597
0.5077111181518756 0.7872375249965597
0.5117515221922796 0.7872375249965597
0.5157919262326837 0.7872375249965597
0.5198323302730877 0.7872375249965597
0.5238727343134918 0.7872375249965597
0.5279131383538958 0.7872375249965597
0.5319535423942998 0.7872375249965597
0.5359939464347039 0.7872375249965597
0.540034350475108 0.7872375249965597
0.544074754515512 0.7872375249965597
0.548115158555916 0.7872375249965597
0.55215556259632 0.7872375249965597
0.5561959666367241 0.7872375249965597
0.5602363706771281 0.7872375249965597
0.5642767747175321 0.7872375249965597
0.5683171787579362 0.7872375249965597
0.5723575827983403 0.7872375249965597
0.5763979868387443 0.7872375249965597
0.5804383908791484 0.7872375249965597
0.5844787949195523 0.7872375249965597
0.6329636434044008 0.7872375249965597
0.6370040474448049 0.7872375249965597
0.6410444514852089 0.7872375249965597
0.645084855525613 0.7872375249965597
0.6491252595660171 0.7872375249965597
0.653165663606421 0.7872375249965597
0.6572060676468251 0.7872375249965597
0.661246471687229 0.7872375249965597
0.6652868757276331 0.7872375249965597
0.6693272797680372 0.7872375249965597
0.6733676838084413 0.7872375249965597
0.6774080878488453 0.7872375249965597
0.6814484918892494 0.7872375249965597
0.6854888959296535 0.7872375249965597
0.6895292999700574 0.7872375249965597
0.6935697040104615 0.7872375249965597
0.29356970401046145 0.7912779290369638
0.2976101080508655 0.7912779290369638
0.30165051209126953 0.7912779290369638
0.30569091613167354 0.7912779290369638
0.3097313201720776 0.7912779290369638
0.3137717242124817 0.7912779290369638
0.3178121282528857 0.7912779290369638
0.32185253229328975 0.7912779290369638
0.32589293633369376 0.7912779290369638
0.3299333403740978 0.7912779290369638
0.33397374441450184 0.7912779290369638
0.3380141484549059 0.7912779290369638
0.3420545524953099 0.7912779290369638
0.346094956535714 0.7912779290369638
0.35013536057611805 0.7912779290369638
0.35417576461652206 0.7912779290369638
0.35821616865692607 0.7912779290369638
0.36225657269733014 0.7912779290369638
0.3662969767377342 0.7912779290369638
0.3703373807781382 0.7912779290369638
0.3743777848185422 0.7912779290369638
0.3784181888589463 0.7912779290369638
0.38245859289935036 0.7912779290369638
0.38649899693975437 0.7912779290369638
0.39053940098015844 0.7912779290369638
0.39457980502056245 0.7912779290369638
0.3986202090609665 0.7912779290369638
0.4026606131013705 0.7912779290369638
0.4067010171417746 0.7912779290369638
0.4107414211821786 0.7912779290369638
0.41478182522258267 0.7912779290369638
0.41882222926298673 0.7912779290369638
0.42286263330339074 0.7912779290369638
0.42690303734379476 0.7912779290369638
0.4309434413841988 0.7912779290369638
0.4349838454246029 0.7912779290369638
0.4390242494650069 0.7912779290369638
0.4430646535054109 0.7912779290369638
0.447105057545815 0.7912779290369638
0.45114546158621904 0.7912779290369638
0.45518586562662305 0.7912779290369638
0.4592262696670271 0.7912779290369638
0.46326667370743113 0.7912779290369638
0.4673070777478352 0.7912779290369638
0.47134748178823926 0.7912779290369638
0.4753878858286433 0.7912779290369638
0.4794282898690473 0.7912779290369638
0.48346869390945135 0.7912779290369638
0.4875090979498554 0.7912779290369638
0.49154950199025943 0.7912779290369638
0.49558990603066344 0.7912779290369638
0.4996303100710675 0.7912779290369638
0.5036707141114716 0.7912779290369638
0.5077111181518756 0.7912779290369638
0.5117515221922796 0.7912779290369638
0.5157919262326837 0.7912779290369638
0.5198323302730877 0.7912779290369638
0.5238727343134918 0.7912779290369638
0.5279131383538958 0.7912779290369638
0.5319535423942998 0.7912779290369638
0.5359939464347039 0.7912779290369638
0.540034350475108 0.7912779290369638
0.544074754515512 0.7912779290369638
0.548115158555916 0.7912779290369638
0.55215556259632 0.7912779290369638
0.5561959666367241 0.7912779290369638
0.5602363706771281 0.7912779290369638
0.5642767747175321 0.7912779290369638
0.5683171787579362 0.7912779290369638
0.5723575827983403 0.7912779290369638
0.5763979868387443 0.7912779290369638
0.5804383908791484 0.7912779290369638
0.6289232393639967 0.7912779290369638
0.6329636434044008 0.7912779290369638
0.6370040474448049 0.7912779290369638
0.6410444514852089 0.7912779290369638
0.645084855525613 0.7912779290369638
0.6491252595660171 0.7912779290369638
0.653165663606421 0.7912779290369638
0.6572060676468251 0.7912779290369638
0.661246471687229 0.7912779290369638
0.6652868757276331 0.7912779290369638
0.6693272797680372 0.7912779290369638
0.6733676838084413 0.7912779290369638
0.6774080878488453 0.7912779290369638
0.6814484918892494 0.7912779290369638
0.6854888959296535 0.7912779290369638
0.6895292999700574 0.7912779290369638
0.6935697040104615 0.7912779290369638
0.29356970401046145 0.7953183330773679
0.2976101080508655 0.7953183330773679
0.30165051209126953 0.7953183330773679
0.30569091613167354 0.7953183330773679
0.3097313201720776 0.7953183330773679
0.3137717242124817 0.7953183330773679
0.3178121282528857 0.7953183330773679
0.32185253229328975 0.7953183330773679
0.32589293633369376 0.7953183330773679
0.3299333403740978 0.7953183330773679
0.33397374441450184 0.7953183330773679
0.3380141484549059 0.7953183330773679
0.3420545524953099 0.7953183330773679
0.346094956535714 0.7953183330773679
0.35013536057611805 0.7953183330773679
0.35417576461652206 0.7953183330773679
0.35821616865692607 0.7953183330773679
0.36225657269733014 0.7953183330773679
0.3662969767377342 0.7953183330773679
0.3703373807781382 0.7953183330773679
0.3743777848185422 0.7953183330773679
0.3784181888589463 0.7953183330773679
0.38245859289935036 0.7953183330773679
0.38649899693975437 0.7953183330773679
0.39053940098015844 0.7953183330773679
0.39457980502056245 0.7953183330773679
0.3986202090609665 0.7953183330773679
0.4026606131013705 0.7953183330773679
0.4067010171417746 0.7953183330773679
0.4107414211821786 0.7953183330773679
0.41478182522258267 0.7953183330773679
0.41882222926298673 0.7953183330773679
0.42286263330339074 0.7953183330773679
0.42690303734379476 0.7953183330773679
0.4309434413841988 0.7953183330773679
0.4349838454246029 0.7953183330773679
0.4390242494650069 0.7953183330773679
0.4430646535054109 0.7953183330773679
0.447105057545815 0.7953183330773679
0.45114546158621904 0.7953183330773679
0.45518586562662305 0.7953183330773679
0.4592262696670271 0.7953183330773679
0.46326667370743113 0.7953183330773679
0.4673070777478352 0.7953183330773679
0.47134748178823926 0.7953183330773679
0.4753878858286433 0.7953183330773679
0.4794282898690473 0.7953183330773679
0.48346869390945135 0.7953183330773679
0.4875090979498554 0.7953183330773679
0.49154950199025943 0.7953183330773679
0.49558990603066344 0.7953183330773679
0.4996303100710675 0.7953183330773679
0.5036707141114716 0.7953183330773679
0.5077111181518756 0.7953183330773679
0.5117515221922796 0.7953183330773679
0.5157919262326837 0.7953183330773679
0.5198323302730877 0.7953183330773679
0.5238727343134918 0.7953183330773679
0.5279131383538958 0.7953183330773679
0.5319535423942998 0.7953183330773679
0.5359939464347039 0.7953183330773679
0.540034350475108 0.7953183330773679
0.544074754515512 0.7953183330773679
0.548115158555916 0.7953183330773679
0.55215556259632 0.7953183330773679
0.5561959666367241 0.7953183330773679
0.5602363706771281 0.7953183330773679
0.5642767747175321 0.7953183330773679
0.5683171787579362 0.7953183330773679
0.5723575827983403 0.7953183330773679
0.5763979868387443 0.7953183330773679
0.6248828353235928 0.7953183330773679
0.6289232393639967 0.7953183330773679
0.6329636434044008 0.7953183330773679
0.6370040474448049 0.7953183330773679
0.6410444514852089 0.7953183330773679
0.645084855525613 0.7953183330773679
0.6491252595660171 0.7953183330773679
0.653165663606421 0.7953183330773679
0.6572060676468251 0.7953183330773679
0.661246471687229 0.7953183330773679
0.6652868757276331 0.7953183330773679
0.6693272797680372 0.7953183330773679
0.6733676838084413 0.7953183330773679
0.6774080878488453 0.7953183330773679
0.6814484918892494 0.7953183330773679
0.6854888959296535 0.7953183330773679
0.6895292999700574 0.7953183330773679
0.6935697040104615 0.7953183330773679
0.29356970401046145 0.799358737117772
0.2976101080508655 0.799358737117772
0.30165051209126953 0.799358737117772
0.30569091613167354 0.799358737117772
0.3097313201720776 0.799358737117772
0.3137717242124817 0.799358737117772
0.3178121282528857 0.799358737117772
0.32185253229328975 0.799358737117772
0.32589293633369376 0.799358737117772
0.3299333403740978 0.799358737117772
0.33397374441450184 0.799358737117772
0.3380141484549059 0.799358737117772
0.3420545524953099 0.799358737117772
0.346094956535714 0.799358737117772
0.35013536057611805 0.799358737117772
0.35417576461652206 0.799358737117772
0.35821616865692607 0.799358737117772
0.36225657269733014 0.799358737117772
0.3662969767377342 0.799358737117772
0.3703373807781382 0.799358737117772
0.3743777848185422 0.799358737117772
0.3784181888589463 0.799358737117772
0.38245859289935036 0.799358737117772
0.38649899693975437 0.799358737117772
0.39053940098015844 0.799358737117772
0.39457980502056245 0.799358737117772
0.3986202090609665 0.799358737117772
0.4026606131013705 0.799358737117772
0.4067010171417746 0.799358737117772
0.4107414211821786 0.799358737117772
0.41478182522258267 0.799358737117772
0.41882222926298673 0.799358737117772
0.42286263330339074 0.799358737117772
0.42690303734379476 0.799358737117772
0.4309434413841988 0.799358737117772
0.4349838454246029 0.799358737117772
0.4390242494650069 0.799358737117772
0.4430646535054109 0.799358737117772
0.447105057545815 0.799358737117772
0.45114546158621904 0.799358737117772
0.45518586562662305 0.799358737117772
0.4592262696670271 0.799358737117772
0.46326667370743113 0.799358737117772
0.4673070777478352 0.799358737117772
0.47134748178823926 0.799358737117772
0.4753878858286433 0.799358737117772
0.4794282898690473 0.799358737117772
0.48346869390945135 0.799358737117772
0.4875090979498554 0.799358737117772
0.49154950199025943 0.799358737117772
0.49558990603066344 0.799358737117772
0.4996303100710675 0.799358737117772
0.5036707141114716 0.799358737117772
0.5077111181518756 0.799358737117772
0.5117515221922796 0.799358737117772
0.5157919262326837 0.799358737117772
0.5198323302730877 0.799358737117772
0.5238727343134918 0.799358737117772
0.5279131383538958 0.799358737117772
0.5319535423942998 0.799358737117772
0.5359939464347039 0.799358737117772
0.540034350475108 0.799358737117772
0.544074754515512 0.799358737117772
0.548115158555916 0.799358737117772
0.55215556259632 0.799358737117772
0.5561959666367241 0.799358737117772
0.5602363706771281 0.799358737117772
0.5642767747175321 0.799358737117772
0.5683171787579362 0.799358737117772
0.6168020272427847 0.799358737117772
0.6208424312831887 0.799358737117772
0.6248828353235928 0.799358737117772
0.6289232393639967 0.799358737117772
0.6329636434044008 0.799358737117772
0.6370040474448049 0.799358737117772
0.6410444514852089 0.799358737117772
0.645084855525613 0.799358737117772
0.6491252595660171 0.799358737117772
0.653165663606421 0.799358737117772
0.6572060676468251 0.799358737117772
0.661246471687229 0.799358737117772
0.6652868757276331 0.799358737117772
0.6693272797680372 0.799358737117772
0.6733676838084413 0.799358737117772
0.6774080878488453 0.799358737117772
0.6814484918892494 0.799358737117772
0.6854888959296535 0.799358737117772
0.6895292999700574 0.799358737117772
0.6935697040104615 0.799358737117772
0.29356970401046145 0.803399141158176
0.2976101080508655 0.803399141158176
0.30165051209126953 0.803399141158176
0.30569091613167354 0.803399141158176
0.3097313201720776 0.803399141158176
0.3137717242124817 0.803399141158176
0.3178121282528857 0.803399141158176
0.32185253229328975 0.803399141158176
0.32589293633369376 0.803399141158176
0.3299333403740978 0.803399141158176
0.33397374441450184 0.803399141158176
0.3380141484549059 0.803399141158176
0.3420545524953099 0.803399141158176
0.346094956535714 0.803399141158176
0.35013536057611805 0.803399141158176
0.35417576461652206 0.803399141158176
0.35821616865692607 0.803399141158176
0.36225657269733014 0.803399141158176
0.3662969767377342 0.803399141158176
0.3703373807781382 0.803399141158176
0.3743777848185422 0.803399141158176
0.3784181888589463 0.803399141158176
0.38245859289935036 0.803399141158176
0.38649899693975437 0.803399141158176
0.39053940098015844 0.803399141158176
0.39457980502056245 0.803399141158176
0.3986202090609665 0.803399141158176
0.4026606131013705 0.803399141158176
0.4067010171417746 0.803399141158176
0.4107414211821786 0.803399141158176
0.41478182522258267 0.803399141158176
0.41882222926298673 0.803399141158176
0.42286263330339074 0.803399141158176
0.42690303734379476 0.803399141158176
0.4309434413841988 0.803399141158176
0.4349838454246029 0.803399141158176
0.4390242494650069 0.803399141158176
0.4430646535054109 0.803399141158176
0.447105057545815 0.803399141158176
0.45114546158621904 0.803399141158176
0.45518586562662305 0.803399141158176
0.4592262696670271 0.803399141158176
0.46326667370743113 0.803399141158176
0.4673070777478352 0.803399141158176
0.47134748178823926 0.803399141158176
0.4753878858286433 0.803399141158176
0.4794282898690473 0.803399141158176
0.48346869390945135 0.803399141158176
0.4875090979498554 0.803399141158176
0.49154950199025943 0.803399141158176
0.49558990603066344 0.803399141158176
0.4996303100710675 0.803399141158176
0.5036707141114716 0.803399141158176
0.5077111181518756 0.803399141158176
0.5117515221922796 0.803399141158176
0.5157919262326837 0.803399141158176
0.5198323302730877 0.803399141158176
0.5238727343134918 0.803399141158176
0.5279131383538958 0.803399141158176
0.5319535423942998 0.803399141158176
0.5359939464347039 0.803399141158176
0.540034350475108 0.803399141158176
0.544074754515512 0.803399141158176
0.548115158555916 0.803399141158176
0.55215556259632 0.803399141158176
0.5561959666367241 0.803399141158176
0.5602363706771281 0.803399141158176
0.5642767747175321 0.803399141158176
0.6127616232023807 0.803399141158176
0.6168020272427847 0.803399141158176
0.6208424312831887 0.803399141158176
0.6248828353235928 0.803399141158176
0.6289232393639967 0.803399141158176
0.6329636434044008 0.803399141158176
0.6370040474448049 0.803399141158176
0.6410444514852089 0.803399141158176
0.645084855525613 0.803399141158176
0.6491252595660171 0.803399141158176
0.653165663606421 0.803399141158176
0.6572060676468251 0.803399141158176
0.661246471687229 0.803399141158176
0.6652868757276331 0.803399141158176
0.6693272797680372 0.803399141158176
0.6733676838084413 0.803399141158176
0.6774080878488453 0.803399141158176
0.6814484918892494 0.803399141158176
0.6854888959296535 0.803399141158176
0.6895292999700574 0.803399141158176
0.6935697040104615 0.803399141158176
0.29356970401046145 0.80743954519858
0.2976101080508655 0.80743954519858
0.30165051209126953 0.80743954519858
0.30569091613167354 0.80743954519858
0.3097313201720776 0.80743954519858
0.3137717242124817 0.80743954519858
0.3178121282528857 0.80743954519858
0.32185253229328975 0.80743954519858
0.32589293633369376 0.80743954519858
0.3299333403740978 0.80743954519858
0.33397374441450184 0.80743954519858
0.3380141484549059 0.80743954519858
0.3420545524953099 0.80743954519858
0.346094956535714 0.80743954519858
0.35013536057611805 0.80743954519858
0.35417576461652206 0.80743954519858
0.35821616865692607 0.80743954519858
0.36225657269733014 0.80743954519858
0.3662969767377342 0.80743954519858
0.3703373807781382 0.80743954519858
0.3743777848185422 0.80743954519858
0.3784181888589463 0.80743954519858
0.38245859289935036 0.80743954519858
0.38649899693975437 0.80743954519858
0.39053940098015844 0.80743954519858
0.39457980502056245 0.80743954519858
0.3986202090609665 0.80743954519858
0.4026606131013705 0.80743954519858
0.4067010171417746 0.80743954519858
0.4107414211821786 0.80743954519858
0.41478182522258267 0.80743954519858
0.41882222926298673 0.80743954519858
0.42286263330339074 0.80743954519858
0.42690303734379476 0.80743954519858
0.4309434413841988 0.80743954519858
0.4349838454246029 0.80743954519858
0.4390242494650069 0.80743954519858
0.4430646535054109 0.80743954519858
0.447105057545815 0.80743954519858
0.45114546158621904 0.80743954519858
0.45518586562662305 0.80743954519858
0.4592262696670271 0.80743954519858
0.46326667370743113 0.80743954519858
0.4673070777478352 0.80743954519858
0.47134748178823926 0.80743954519858
0.4753878858286433 0.80743954519858
0.4794282898690473 0.80743954519858
0.48346869390945135 0.80743954519858
0.4875090979498554 0.80743954519858
0.49154950199025943 0.80743954519858
0.49558990603066344 0.80743954519858
0.4996303100710675 0.80743954519858
0.5036707141114716 0.80743954519858
0.5077111181518756 0.80743954519858
0.5117515221922796 0.80743954519858
0.5157919262326837 0.80743954519858
0.5198323302730877 0.80743954519858
0.5238727343134918 0.80743954519858
0.5279131383538958 0.80743954519858
0.5319535423942998 0.80743954519858
0.5359939464347039 0.80743954519858
0.540034350475108 0.80743954519858
0.544074754515512 0.80743954519858
0.548115158555916 0.80743954519858
0.55215556259632 0.80743954519858
0.5561959666367241 0.80743954519858
0.6087212191619766 0.80743954519858
0.6127616232023807 0.80743954519858
0.6168020272427847 0.80743954519858
0.6208424312831887 0.80743954519858
0.6248828353235928 0.80743954519858
0.6289232393639967 0.80743954519858
0.6329636434044008 0.80743954519858
0.6370040474448049 0.80743954519858
0.6410444514852089 0.80743954519858
0.645084855525613 0.80743954519858
0.6491252595660171 0.80743954519858
0.653165663606421 0.80743954519858
0.6572060676468251 0.80743954519858
0.661246471687229 0.80743954519858
0.6652868757276331 0.80743954519858
0.6693272797680372 0.80743954519858
0.6733676838084413 0.80743954519858
0.6774080878488453 0.80743954519858
0.6814484918892494 0.80743954519858
0.6854888959296535 0.80743954519858
0.6895292999700574 0.80743954519858
0.6935697040104615 0.80743954519858
0.29356970401046145 0.811479949238984
0.2976101080508655 0.811479949238984
0.30165051209126953 0.811479949238984
0.30569091613167354 0.811479949238984
0.3097313201720776 0.811479949238984
0.3137717242124817 0.811479949238984
0.3178121282528857 0.811479949238984
0.32185253229328975 0.811479949238984
0.32589293633369376 0.811479949238984
0.3299333403740978 0.811479949238984
0.33397374441450184 0.811479949238984
0.3380141484549059 0.811479949238984
0.3420545524953099 0.811479949238984
0.346094956535714 0.811479949238984
0.35013536057611805 0.811479949238984
0.35417576461652206 0.811479949238984
0.35821616865692607 0.811479949238984
0.36225657269733014 0.811479949238984
0.3662969767377342 0.811479949238984
0.3703373807781382 0.811479949238984
0.3743777848185422 0.811479949238984
0.3784181888589463 0.811479949238984
0.38245859289935036 0.811479949238984
0.38649899693975437 0.811479949238984
0.39053940098015844 0.811479949238984
0.39457980502056245 0.811479949238984
0.3986202090609665 0.811479949238984
0.4026606131013705 0.811479949238984
0.4067010171417746 0.811479949238984
0.4107414211821786 0.811479949238984
0.41478182522258267 0.811479949238984
0.41882222926298673 0.811479949238984
0.42286263330339074 0.811479949238984
0.42690303734379476 0.811479949238984
0.4309434413841988 0.811479949238984
0.4349838454246029 0.811479949238984
0.4390242494650069 0.811479949238984
0.4430646535054109 0.811479949238984
0.447105057545815 0.811479949238984
0.45114546158621904 0.811479949238984
0.45518586562662305 0.811479949238984
0.4592262696670271 0.811479949238984
0.46326667370743113 0.811479949238984
0.4673070777478352 0.811479949238984
0.47134748178823926 0.811479949238984
0.4753878858286433 0.811479949238984
0.4794282898690473 0.811479949238984
0.48346869390945135 0.811479949238984
0.4875090979498554 0.811479949238984
0.49154950199025943 0.811479949238984
0.49558990603066344 0.811479949238984
0.4996303100710675 0.811479949238984
0.5036707141114716 0.811479949238984
0.5077111181518756 0.811479949238984
0.5117515221922796 0.811479949238984
0.5157919262326837 0.811479949238984
0.5198323302730877 0.811479949238984
0.5238727343134918 0.811479949238984
0.5279131383538958 0.811479949238984
0.5319535423942998 0.811479949238984
0.5359939464347039 0.811479949238984
0.540034350475108 0.811479949238984
0.544074754515512 0.811479949238984
0.548115158555916 0.811479949238984
0.55215556259632 0.811479949238984
0.6006404110811685 0.811479949238984
0.6046808151215726 0.811479949238984
0.6087212191619766 0.811479949238984
0.6127616232023807 0.811479949238984
0.6168020272427847 0.811479949238984
0.6208424312831887 0.811479949238984
0.6248828353235928 0.811479949238984
0.6289232393639967 0.811479949238984
0.6329636434044008 0.811479949238984
0.6370040474448049 0.811479949238984
0.6410444514852089 0.811479949238984
0.645084855525613 0.811479949238984
0.6491252595660171 0.811479949238984
0.653165663606421 0.811479949238984
0.6572060676468251 0.811479949238984
0.661246471687229 0.811479949238984
0.6652868757276331 0.811479949238984
0.6693272797680372 0.811479949238984
0.6733676838084413 0.811479949238984
0.6774080878488453 0.811479949238984
0.6814484918892494 0.811479949238984
0.6854888959296535 0.811479949238984
0.6895292999700574 0.811479949238984
0.6935697040104615 0.811479949238984
0.29356970401046145 0.8155203532793881
0.2976101080508655 0.8155203532793881
0.30165051209126953 0.8155203532793881
0.30569091613167354 0.8155203532793881
0.3097313201720776 0.8155203532793881
0.3137717242124817 0.8155203532793881
0.3178121282528857 0.8155203532793881
0.32185253229328975 0.8155203532793881
0.32589293633369376 0.8155203532793881
0.3299333403740978 0.8155203532793881
0.33397374441450184 0.8155203532793881
0.3380141484549059 0.8155203532793881
0.3420545524953099 0.8155203532793881
0.346094956535714 0.8155203532793881
0.35013536057611805 0.8155203532793881
0.35417576461652206 0.8155203532793881
0.35821616865692607 0.8155203532793881
0.36225657269733014 0.8155203532793881
0.3662969767377342 0.8155203532793881
0.3703373807781382 0.8155203532793881
0.3743777848185422 0.8155203532793881
0.3784181888589463 0.8155203532793881
0.38245859289935036 0.8155203532793881
0.38649899693975437 0.8155203532793881
0.39053940098015844 0.8155203532793881
0.39457980502056245 0.8155203532793881
0.3986202090609665 0.8155203532793881
0.4026606131013705 0.8155203532793881
0.4067010171417746 0.8155203532793881
0.4107414211821786 0.8155203532793881
0.41478182522258267 0.8155203532793881
0.41882222926298673 0.8155203532793881
0.42286263330339074 0.8155203532793881
0.42690303734379476 0.8155203532793881
0.4309434413841988 0.8155203532793881
0.4349838454246029 0.8155203532793881
0.4390242494650069 0.8155203532793881
0.4430646535054109 0.8155203532793881
0.447105057545815 0.8155203532793881
0.45114546158621904 0.8155203532793881
0.45518586562662305 0.8155203532793881
0.4592262696670271 0.8155203532793881
0.46326667370743113 0.8155203532793881
0.4673070777478352 0.8155203532793881
0.47134748178823926 0.8155203532793881
0.4753878858286433 0.8155203532793881
0.4794282898690473 0.8155203532793881
0.48346869390945135 0.8155203532793881
0.4875090979498554 0.8155203532793881
0.49154950199025943 0.8155203532793881
0.49558990603066344 0.8155203532793881
0.4996303100710675 0.8155203532793881
0.5036707141114716 0.8155203532793881
0.5077111181518756 0.8155203532793881
0.5117515221922796 0.8155203532793881
0.5157919262326837 0.8155203532793881
0.5198323302730877 0.8155203532793881
0.5238727343134918 0.8155203532793881
0.5279131383538958 0.8155203532793881
0.5319535423942998 0.8155203532793881
0.5359939464347039 0.8155203532793881
0.540034350475108 0.8155203532793881
0.544074754515512 0.8155203532793881
0.5966000070407644 0.8155203532793881
0.6006404110811685 0.8155203532793881
0.6046808151215726 0.8155203532793881
0.6087212191619766 0.8155203532793881
0.6127616232023807 0.8155203532793881
0.6168020272427847 0.8155203532793881
0.6208424312831887 0.8155203532793881
0.6248828353235928 0.8155203532793881
0.6329636434044008 0.8155203532793881
0.6370040474448049 0.8155203532793881
0.6410444514852089 0.8155203532793881
0.645084855525613 0.8155203532793881
0.6491252595660171 0.8155203532793881
0.653165663606421 0.8155203532793881
0.6572060676468251 0.8155203532793881
0.661246471687229 0.8155203532793881
0.6652868757276331 0.8155203532793881
0.6693272797680372 0.8155203532793881
0.6733676838084413 0.8155203532793881
0.6774080878488453 0.8155203532793881
0.6814484918892494 0.8155203532793881
0.6854888959296535 0.8155203532793881
0.6895292999700574 0.8155203532793881
0.6935697040104615 0.8155203532793881
0.29356970401046145 0.819560757319792
0.2976101080508655 0.819560757319792
0.30165051209126953 0.819560757319792
0.30569091613167354 0.819560757319792
0.3097313201720776 0.819560757319792
0.3137717242124817 0.819560757319792
0.3178121282528857 0.819560757319792
0.32185253229328975 0.819560757319792
0.32589293633369376 0.819560757319792
0.3299333403740978 0.819560757319792
0.33397374441450184 0.819560757319792
0.3380141484549059 0.819560757319792
0.3420545524953099 0.819560757319792
0.346094956535714 0.819560757319792
0.35013536057611805 0.819560757319792
0.35417576461652206 0.819560757319792
0.35821616865692607 0.819560757319792
0.36225657269733014 0.819560757319792
0.3662969767377342 0.819560757319792
0.3703373807781382 0.819560757319792
0.3743777848185422 0.819560757319792
0.3784181888589463 0.819560757319792
0.38245859289935036 0.819560757319792
0.38649899693975437 0.819560757319792
0.39053940098015844 0.819560757319792
0.39457980502056245 0.819560757319792
0.3986202090609665 0.819560757319792
0.4026606131013705 0.819560757319792
0.4067010171417746 0.819560757319792
0.4107414211821786 0.819560757319792
0.41478182522258267 0.819560757319792
0.41882222926298673 0.819560757319792
0.42286263330339074 0.819560757319792
0.42690303734379476 0.819560757319792
0.4309434413841988 0.819560757319792
0.4349838454246029 0.819560757319792
0.4390242494650069 0.819560757319792
0.4430646535054109 0.819560757319792
0.447105057545815 0.819560757319792
0.45114546158621904 0.819560757319792
0.45518586562662305 0.819560757319792
0.4592262696670271 0.819560757319792
0.46326667370743113 0.819560757319792
0.4673070777478352 0.819560757319792
0.47134748178823926 0.819560757319792
0.4753878858286433 0.819560757319792
0.4794282898690473 0.819560757319792
0.48346869390945135 0.819560757319792
0.4875090979498554 0.819560757319792
0.49154950199025943 0.819560757319792
0.49558990603066344 0.819560757319792
0.4996303100710675 0.819560757319792
0.5036707141114716 0.819560757319792
0.5077111181518756 0.819560757319792
0.5117515221922796 0.819560757319792
0.5157919262326837 0.819560757319792
0.5198323302730877 0.819560757319792
0.5238727343134918 0.819560757319792
0.5279131383538958 0.819560757319792
0.5319535423942998 0.819560757319792
0.5359939464347039 0.819560757319792
0.540034350475108 0.819560757319792
0.5925596030003604 0.819560757319792
0.5966000070407644 0.819560757319792
0.6006404110811685 0.819560757319792
0.6046808151215726 0.819560757319792
0.6087212191619766 0.819560757319792
0.6127616232023807 0.819560757319792
0.6168020272427847 0.819560757319792
0.6208424312831887 0.819560757319792
0.6248828353235928 0.819560757319792
0.6289232393639967 0.819560757319792
0.6329636434044008 0.819560757319792
0.6370040474448049 0.819560757319792
0.6410444514852089 0.819560757319792
0.645084855525613 0.819560757319792
0.6491252595660171 0.819560757319792
0.653165663606421 0.819560757319792
0.6572060676468251 0.819560757319792
0.661246471687229 0.819560757319792
0.6652868757276331 0.819560757319792
0.6693272797680372 0.819560757319792
0.6733676838084413 0.819560757319792
0.6774080878488453 0.819560757319792
0.6814484918892494 0.819560757319792
0.6854888959296535 0.819560757319792
0.6895292999700574 0.819560757319792
0.6935697040104615 0.819560757319792
0.29356970401046145 0.8236011613601961
0.2976101080508655 0.8236011613601961
0.30165051209126953 0.8236011613601961
0.30569091613167354 0.8236011613601961
0.3097313201720776 0.8236011613601961
0.3137717242124817 0.8236011613601961
0.3178121282528857 0.8236011613601961
0.32185253229328975 0.8236011613601961
0.32589293633369376 0.8236011613601961
0.3299333403740978 0.8236011613601961
0.33397374441450184 0.8236011613601961
0.3380141484549059 0.8236011613601961
0.3420545524953099 0.8236011613601961
0.346094956535714 0.8236011613601961
0.35013536057611805 0.8236011613601961
0.35417576461652206 0.8236011613601961
0.35821616865692607 0.8236011613601961
0.36225657269733014 0.8236011613601961
0.3662969767377342 0.8236011613601961
0.3703373807781382 0.8236011613601961
0.3743777848185422 0.8236011613601961
0.3784181888589463 0.8236011613601961
0.38245859289935036 0.8236011613601961
0.38649899693975437 0.8236011613601961
0.39053940098015844 0.8236011613601961
0.39457980502056245 0.8236011613601961
0.3986202090609665 0.8236011613601961
0.4026606131013705 0.8236011613601961
0.4067010171417746 0.8236011613601961
0.4107414211821786 0.8236011613601961
0.41478182522258267 0.8236011613601961
0.41882222926298673 0.8236011613601961
0.42286263330339074 0.8236011613601961
0.42690303734379476 0.8236011613601961
0.4309434413841988 0.8236011613601961
0.4349838454246029 0.8236011613601961
0.4390242494650069 0.8236011613601961
0.4430646535054109 0.8236011613601961
0.447105057545815 0.8236011613601961
0.45114546158621904 0.8236011613601961
0.45518586562662305 0.8236011613601961
0.4592262696670271 0.8236011613601961
0.46326667370743113 0.8236011613601961
0.4673070777478352 0.8236011613601961
0.47134748178823926 0.8236011613601961
0.4753878858286433 0.8236011613601961
0.4794282898690473 0.8236011613601961
0.48346869390945135 0.8236011613601961
0.4875090979498554 0.8236011613601961
0.49154950199025943 0.8236011613601961
0.49558990603066344 0.8236011613601961
0.4996303100710675 0.8236011613601961
0.5036707141114716 0.8236011613601961
0.5077111181518756 0.8236011613601961
0.5117515221922796 0.8236011613601961
0.5157919262326837 0.8236011613601961
0.5198323302730877 0.8236011613601961
0.5238727343134918 0.8236011613601961
0.5279131383538958 0.8236011613601961
0.5319535423942998 0.8236011613601961
0.5844787949195523 0.8236011613601961
0.5885191989599564 0.8236011613601961
0.5925596030003604 0.8236011613601961
0.5966000070407644 0.8236011613601961
0.6006404110811685 0.8236011613601961
0.6046808151215726 0.8236011613601961
0.6087212191619766 0.8236011613601961
0.6127616232023807 0.8236011613601961
0.6168020272427847 0.8236011613601961
0.6208424312831887 0.8236011613601961
0.6248828353235928 0.8236011613601961
0.6289232393639967 0.8236011613601961
0.6329636434044008 0.8236011613601961
0.6370040474448049 0.8236011613601961
0.6410444514852089 0.8236011613601961
0.645084855525613 0.8236011613601961
0.6491252595660171 0.8236011613601961
0.653165663606421 0.8236011613601961
0.6572060676468251 0.8236011613601961
0.661246471687229 0.8236011613601961
0.6652868757276331 0.8236011613601961
0.6693272797680372 0.8236011613601961
0.6733676838084413 0.8236011613601961
0.6774080878488453 0.8236011613601961
0.6814484918892494 0.8236011613601961
0.6854888959296535 0.8236011613601961
0.6895292999700574 0.8236011613601961
0.6935697040104615 0.8236011613601961
0.29356970401046145 0.8276415654006002
0.2976101080508655 0.8276415654006002
0.30165051209126953 0.8276415654006002
0.30569091613167354 0.8276415654006002
0.3097313201720776 0.8276415654006002
0.3137717242124817 0.8276415654006002
0.3178121282528857 0.8276415654006002
0.32185253229328975 0.8276415654006002
0.32589293633369376 0.8276415654006002
0.3299333403740978 0.8276415654006002
0.33397374441450184 0.8276415654006002
0.3380141484549059 0.8276415654006002
0.3420545524953099 0.8276415654006002
0.346094956535714 0.8276415654006002
0.35013536057611805 0.8276415654006002
0.35417576461652206 0.8276415654006002
0.35821616865692607 0.8276415654006002
0.36225657269733014 0.8276415654006002
0.3662969767377342 0.8276415654006002
0.3703373807781382 0.8276415654006002
0.3743777848185422 0.8276415654006002
0.3784181888589463 0.8276415654006002
0.38245859289935036 0.8276415654006002
0.38649899693975437 0.8276415654006002
0.39053940098015844 0.8276415654006002
0.39457980502056245 0.8276415654006002
0.3986202090609665 0.8276415654006002
0.4026606131013705 0.8276415654006002
0.4067010171417746 0.8276415654006002
0.4107414211821786 0.8276415654006002
0.41478182522258267 0.8276415654006002
0.41882222926298673 0.8276415654006002
0.42286263330339074 0.8276415654006002
0.42690303734379476 0.8276415654006002
0.4309434413841988 0.8276415654006002
0.4349838454246029 0.8276415654006002
0.4390242494650069 0.8276415654006002
0.4430646535054109 0.8276415654006002
0.447105057545815 0.8276415654006002
0.45114546158621904 0.8276415654006002
0.45518586562662305 0.8276415654006002
0.4592262696670271 0.8276415654006002
0.46326667370743113 0.8276415654006002
0.4673070777478352 0.8276415654006002
0.47134748178823926 0.8276415654006002
0.4753878858286433 0.8276415654006002
0.4794282898690473 0.8276415654006002
0.48346869390945135 0.8276415654006002
0.4875090979498554 0.8276415654006002
0.49154950199025943 0.8276415654006002
0.49558990603066344 0.8276415654006002
0.4996303100710675 0.8276415654006002
0.5036707141114716 0.8276415654006002
0.5077111181518756 0.8276415654006002
0.5117515221922796 0.8276415654006002
0.5157919262326837 0.8276415654006002
0.5198323302730877 0.8276415654006002
0.5238727343134918 0.8276415654006002
0.5279131383538958 0.8276415654006002
0.5804383908791484 0.8276415654006002
0.5844787949195523 0.8276415654006002
0.5885191989599564 0.8276415654006002
0.5925596030003604 0.8276415654006002
0.5966000070407644 0.8276415654006002
0.6006404110811685 0.8276415654006002
0.6046808151215726 0.8276415654006002
0.6087212191619766 0.8276415654006002
0.6127616232023807 0.8276415654006002
0.6168020272427847 0.8276415654006002
0.6208424312831887 0.8276415654006002
0.6248828353235928 0.8276415654006002
0.6289232393639967 0.8276415654006002
0.6329636434044008 0.8276415654006002
0.6370040474448049 0.8276415654006002
0.6410444514852089 0.8276415654006002
0.645084855525613 0.8276415654006002
0.6491252595660171 0.8276415654006002
0.653165663606421 0.8276415654006002
0.6572060676468251 0.8276415654006002
0.661246471687229 0.8276415654006002
0.6652868757276331 0.8276415654006002
0.6693272797680372 0.8276415654006002
0.6733676838084413 0.8276415654006002
0.6774080878488453 0.8276415654006002
0.6814484918892494 0.8276415654006002
0.6854888959296535 0.8276415654006002
0.6895292999700574 0.8276415654006002
0.6935697040104615 0.8276415654006002
0.29356970401046145 0.8316819694410043
0.2976101080508655 0.8316819694410043
0.30165051209126953 0.8316819694410043
0.30569091613167354 0.8316819694410043
0.3097313201720776 0.8316819694410043
0.3137717242124817 0.8316819694410043
0.3178121282528857 0.8316819694410043
0.32185253229328975 0.8316819694410043
0.32589293633369376 0.8316819694410043
0.3299333403740978 0.8316819694410043
0.33397374441450184 0.8316819694410043
0.3380141484549059 0.8316819694410043
0.3420545524953099 0.8316819694410043
0.346094956535714 0.8316819694410043
0.35013536057611805 0.8316819694410043
0.35417576461652206 0.8316819694410043
0.35821616865692607 0.8316819694410043
0.36225657269733014 0.8316819694410043
0.3662969767377342 0.8316819694410043
0.3703373807781382 0.8316819694410043
0.3743777848185422 0.8316819694410043
0.3784181888589463 0.8316819694410043
0.38245859289935036 0.8316819694410043
0.38649899693975437 0.8316819694410043
0.39053940098015844 0.8316819694410043
0.39457980502056245 0.8316819694410043
0.3986202090609665 0.8316819694410043
0.4026606131013705 0.8316819694410043
0.4067010171417746 0.8316819694410043
0.4107414211821786 0.8316819694410043
0.41478182522258267 0.8316819694410043
0.41882222926298673 0.8316819694410043
0.42286263330339074 0.8316819694410043
0.42690303734379476 0.8316819694410043
0.4309434413841988 0.8316819694410043
0.4349838454246029 0.8316819694410043
0.4390242494650069 0.8316819694410043
0.4430646535054109 0.8316819694410043
0.447105057545815 0.8316819694410043
0.45114546158621904 0.8316819694410043
0.45518586562662305 0.8316819694410043
0.4592262696670271 0.8316819694410043
0.46326667370743113 0.8316819694410043
0.4673070777478352 0.8316819694410043
0.47134748178823926 0.8316819694410043
0.4753878858286433 0.8316819694410043
0.4794282898690473 0.8316819694410043
0.48346869390945135 0.8316819694410043
0.4875090979498554 0.8316819694410043
0.49154950199025943 0.8316819694410043
0.49558990603066344 0.8316819694410043
0.4996303100710675 0.8316819694410043
0.5036707141114716 0.8316819694410043
0.5077111181518756 0.8316819694410043
0.5117515221922796 0.8316819694410043
0.5157919262326837 0.8316819694410043
0.5198323302730877 0.8316819694410043
0.5763979868387443 0.8316819694410043
0.5804383908791484 0.8316819694410043
0.5844787949195523 0.8316819694410043
0.5885191989599564 0.8316819694410043
0.5925596030003604 0.8316819694410043
0.5966000070407644 0.8316819694410043
0.6006404110811685 0.8316819694410043
0.6046808151215726 0.8316819694410043
0.6087212191619766 0.8316819694410043
0.6127616232023807 0.8316819694410043
0.6168020272427847 0.8316819694410043
0.6208424312831887 0.8316819694410043
0.6248828353235928 0.8316819694410043
0.6289232393639967 0.8316819694410043
0.6329636434044008 0.8316819694410043
0.6370040474448049 0.8316819694410043
0.6410444514852089 0.8316819694410043
0.645084855525613 0.8316819694410043
0.6491252595660171 0.8316819694410043
0.653165663606421 0.8316819694410043
0.6572060676468251 0.8316819694410043
0.661246471687229 0.8316819694410043
0.6652868757276331 0.8316819694410043
0.6693272797680372 0.8316819694410043
0.6733676838084413 0.8316819694410043
0.6774080878488453 0.8316819694410043
0.6814484918892494 0.8316819694410043
0.6854888959296535 0.8316819694410043
0.6895292999700574 0.8316819694410043
0.6935697040104615 0.8316819694410043
0.29356970401046145 0.8357223734814083
0.2976101080508655 0.8357223734814083
0.30165051209126953 0.8357223734814083
0.30569091613167354 0.8357223734814083
0.3097313201720776 0.8357223734814083
0.3137717242124817 0.8357223734814083
0.3178121282528857 0.8357223734814083
0.32185253229328975 0.8357223734814083
0.32589293633369376 0.8357223734814083
0.3299333403740978 0.8357223734814083
0.33397374441450184 0.8357223734814083
0.3380141484549059 0.8357223734814083
0.3420545524953099 0.8357223734814083
0.346094956535714 0.8357223734814083
0.35013536057611805 0.8357223734814083
0.35417576461652206 0.8357223734814083
0.35821616865692607 0.8357223734814083
0.36225657269733014 0.8357223734814083
0.3662969767377342 0.8357223734814083
0.3703373807781382 0.8357223734814083
0.3743777848185422 0.8357223734814083
0.3784181888589463 0.8357223734814083
0.38245859289935036 0.8357223734814083
0.38649899693975437 0.8357223734814083
0.39053940098015844 0.8357223734814083
0.39457980502056245 0.8357223734814083
0.3986202090609665 0.8357223734814083
0.4026606131013705 0.8357223734814083
0.4067010171417746 0.8357223734814083
0.4107414211821786 0.8357223734814083
0.41478182522258267 0.8357223734814083
0.41882222926298673 0.8357223734814083
0.42286263330339074 0.8357223734814083
0.42690303734379476 0.8357223734814083
0.4309434413841988 0.8357223734814083
0.4349838454246029 0.8357223734814083
0.4390242494650069 0.8357223734814083
0.4430646535054109 0.8357223734814083
0.447105057545815 0.8357223734814083
0.45114546158621904 0.8357223734814083
0.45518586562662305 0.8357223734814083
0.4592262696670271 0.8357223734814083
0.46326667370743113 0.8357223734814083
0.4673070777478352 0.8357223734814083
0.47134748178823926 0.8357223734814083
0.4753878858286433 0.8357223734814083
0.4794282898690473 0.8357223734814083
0.48346869390945135 0.8357223734814083
0.4875090979498554 0.8357223734814083
0.49154950199025943 0.8357223734814083
0.49558990603066344 0.8357223734814083
0.4996303100710675 0.8357223734814083
0.5036707141114716 0.8357223734814083
0.5077111181518756 0.8357223734814083
0.5117515221922796 0.8357223734814083
0.5683171787579362 0.8357223734814083
0.5723575827983403 0.8357223734814083
0.5763979868387443 0.8357223734814083
0.5804383908791484 0.8357223734814083
0.5844787949195523 0.8357223734814083
0.5885191989599564 0.8357223734814083
0.5925596030003604 0.8357223734814083
0.6006404110811685 0.8357223734814083
0.6046808151215726 0.8357223734814083
0.6087212191619766 0.8357223734814083
0.6127616232023807 0.8357223734814083
0.6168020272427847 0.8357223734814083
0.6208424312831887 0.8357223734814083
0.6248828353235928 0.8357223734814083
0.6289232393639967 0.8357223734814083
0.6329636434044008 0.8357223734814083
0.6370040474448049 0.8357223734814083
0.6410444514852089 0.8357223734814083
0.645084855525613 0.8357223734814083
0.6491252595660171 0.8357223734814083
0.653165663606421 0.8357223734814083
0.6572060676468251 0.8357223734814083
0.661246471687229 0.8357223734814083
0.6652868757276331 0.8357223734814083
0.6693272797680372 0.8357223734814083
0.6733676838084413 0.8357223734814083
0.6774080878488453 0.8357223734814083
0.6814484918892494 0.8357223734814083
0.6854888959296535 0.8357223734814083
0.6895292999700574 0.8357223734814083
0.6935697040104615 0.8357223734814083
0.29356970401046145 0.8397627775218124
0.2976101080508655 0.8397627775218124
0.30165051209126953 0.8397627775218124
0.30569091613167354 0.8397627775218124
0.3097313201720776 0.8397627775218124
0.3137717242124817 0.8397627775218124
0.3178121282528857 0.8397627775218124
0.32185253229328975 0.8397627775218124
0.32589293633369376 0.8397627775218124
0.3299333403740978 0.8397627775218124
0.33397374441450184 0.8397627775218124
0.3380141484549059 0.8397627775218124
0.3420545524953099 0.8397627775218124
0.346094956535714 0.8397627775218124
0.35013536057611805 0.8397627775218124
0.35417576461652206 0.8397627775218124
0.35821616865692607 0.8397627775218124
0.36225657269733014 0.8397627775218124
0.3662969767377342 0.8397627775218124
0.3703373807781382 0.8397627775218124
0.3743777848185422 0.8397627775218124
0.3784181888589463 0.8397627775218124
0.38245859289935036 0.8397627775218124
0.38649899693975437 0.8397627775218124
0.39053940098015844 0.8397627775218124
0.39457980502056245 0.8397627775218124
0.3986202090609665 0.8397627775218124
0.4026606131013705 0.8397627775218124
0.4067010171417746 0.8397627775218124
0.4107414211821786 0.8397627775218124
0.41478182522258267 0.8397627775218124
0.41882222926298673 0.8397627775218124
0.42286263330339074 0.8397627775218124
0.42690303734379476 0.8397627775218124
0.4309434413841988 0.8397627775218124
0.4349838454246029 0.8397627775218124
0.4390242494650069 0.8397627775218124
0.4430646535054109 0.8397627775218124
0.447105057545815 0.8397627775218124
0.45114546158621904 0.8397627775218124
0.45518586562662305 0.8397627775218124
0.4592262696670271 0.8397627775218124
0.46326667370743113 0.8397627775218124
0.4673070777478352 0.8397627775218124
0.47134748178823926 0.8397627775218124
0.4753878858286433 0.8397627775218124
0.4794282898690473 0.8397627775218124
0.48346869390945135 0.8397627775218124
0.4875090979498554 0.8397627775218124
0.49154950199025943 0.8397627775218124
0.49558990603066344 0.8397627775218124
0.4996303100710675 0.8397627775218124
0.5036707141114716 0.8397627775218124
0.5077111181518756 0.8397627775218124
0.5642767747175321 0.8397627775218124
0.5683171787579362 0.8397627775218124
0.5723575827983403 0.8397627775218124
0.5763979868387443 0.8397627775218124
0.5804383908791484 0.8397627775218124
0.5844787949195523 0.8397627775218124
0.5885191989599564 0.8397627775218124
0.5925596030003604 0.8397627775218124
0.5966000070407644 0.8397627775218124
0.6006404110811685 0.8397627775218124
0.6046808151215726 0.8397627775218124
0.6087212191619766 0.8397627775218124
0.6127616232023807 0.8397627775218124
0.6168020272427847 0.8397627775218124
0.6208424312831887 0.8397627775218124
0.6248828353235928 0.8397627775218124
0.6289232393639967 0.8397627775218124
0.6329636434044008 0.8397627775218124
0.6370040474448049 0.8397627775218124
0.6410444514852089 0.8397627775218124
0.645084855525613 0.8397627775218124
0.6491252595660171 0.8397627775218124
0.653165663606421 0.8397627775218124
0.6572060676468251 0.8397627775218124
0.661246471687229 0.8397627775218124
0.6652868757276331 0.8397627775218124
0.6693272797680372 0.8397627775218124
0.6733676838084413 0.8397627775218124
0.6774080878488453 0.8397627775218124
0.6814484918892494 0.8397627775218124
0.6854888959296535 0.8397627775218124
0.6895292999700574 0.8397627775218124
0.6935697040104615 0.8397627775218124
0.29356970401046145 0.8438031815622163
0.2976101080508655 0.8438031815622163
0.30165051209126953 0.8438031815622163
0.30569091613167354 0.8438031815622163
0.3097313201720776 0.8438031815622163
0.3137717242124817 0.8438031815622163
0.3178121282528857 0.8438031815622163
0.32185253229328975 0.8438031815622163
0.32589293633369376 0.8438031815622163
0.3299333403740978 0.8438031815622163
0.33397374441450184 0.8438031815622163
0.3380141484549059 0.8438031815622163
0.3420545524953099 0.8438031815622163
0.346094956535714 0.8438031815622163
0.35013536057611805 0.8438031815622163
0.35417576461652206 0.8438031815622163
0.35821616865692607 0.8438031815622163
0.36225657269733014 0.8438031815622163
0.3662969767377342 0.8438031815622163
0.3703373807781382 0.8438031815622163
0.3743777848185422 0.8438031815622163
0.3784181888589463 0.8438031815622163
0.38245859289935036 0.8438031815622163
0.38649899693975437 0.8438031815622163
0.39053940098015844 0.8438031815622163
0.39457980502056245 0.8438031815622163
0.3986202090609665 0.8438031815622163
0.4026606131013705 0.8438031815622163
0.4067010171417746 0.8438031815622163
0.4107414211821786 0.8438031815622163
0.41478182522258267 0.8438031815622163
0.41882222926298673 0.8438031815622163
0.42286263330339074 0.8438031815622163
0.42690303734379476 0.8438031815622163
0.4309434413841988 0.8438031815622163
0.4349838454246029 0.8438031815622163
0.4390242494650069 0.8438031815622163
0.4430646535054109 0.8438031815622163
0.447105057545815 0.8438031815622163
0.45114546158621904 0.8438031815622163
0.45518586562662305 0.8438031815622163
0.4592262696670271 0.8438031815622163
0.46326667370743113 0.8438031815622163
0.4673070777478352 0.8438031815622163
0.47134748178823926 0.8438031815622163
0.4753878858286433 0.8438031815622163
0.4794282898690473 0.8438031815622163
0.48346869390945135 0.8438031815622163
0.4875090979498554 0.8438031815622163
0.49154950199025943 0.8438031815622163
0.49558990603066344 0.8438031815622163
0.4996303100710675 0.8438031815622163
0.5561959666367241 0.8438031815622163
0.5602363706771281 0.8438031815622163
0.5642767747175321 0.8438031815622163
0.5683171787579362 0.8438031815622163
0.5723575827983403 0.8438031815622163
0.5763979868387443 0.8438031815622163
0.5804383908791484 0.8438031815622163
0.5844787949195523 0.8438031815622163
0.5885191989599564 0.8438031815622163
0.5925596030003604 0.8438031815622163
0.5966000070407644 0.8438031815622163
0.6006404110811685 0.8438031815622163
0.6046808151215726 0.8438031815622163
0.6087212191619766 0.8438031815622163
0.6127616232023807 0.8438031815622163
0.6168020272427847 0.8438031815622163
0.6208424312831887 0.8438031815622163
0.6248828353235928 0.8438031815622163
0.6289232393639967 0.8438031815622163
0.6329636434044008 0.8438031815622163
0.6370040474448049 0.8438031815622163
0.6410444514852089 0.8438031815622163
0.645084855525613 0.8438031815622163
0.6491252595660171 0.8438031815622163
0.653165663606421 0.8438031815622163
0.6572060676468251 0.8438031815622163
0.661246471687229 0.8438031815622163
0.6652868757276331 0.8438031815622163
0.6693272797680372 0.8438031815622163
0.6733676838084413 0.8438031815622163
0.6774080878488453 0.8438031815622163
0.6814484918892494 0.8438031815622163
0.6854888959296535 0.8438031815622163
0.6895292999700574 0.8438031815622163
0.6935697040104615 0.8438031815622163
0.29356970401046145 0.8478435856026204
0.2976101080508655 0.8478435856026204
0.30165051209126953 0.8478435856026204
0.30569091613167354 0.8478435856026204
0.3097313201720776 0.8478435856026204
0.3137717242124817 0.8478435856026204
0.3178121282528857 0.8478435856026204
0.32185253229328975 0.8478435856026204
0.32589293633369376 0.8478435856026204
0.3299333403740978 0.8478435856026204
0.33397374441450184 0.8478435856026204
0.3380141484549059 0.8478435856026204
0.3420545524953099 0.8478435856026204
0.346094956535714 0.8478435856026204
0.35013536057611805 0.8478435856026204
0.35417576461652206 0.8478435856026204
0.35821616865692607 0.8478435856026204
0.36225657269733014 0.8478435856026204
0.3662969767377342 0.8478435856026204
0.3703373807781382 0.8478435856026204
0.3743777848185422 0.8478435856026204
0.3784181888589463 0.8478435856026204
0.38245859289935036 0.8478435856026204
0.38649899693975437 0.8478435856026204
0.39053940098015844 0.8478435856026204
0.39457980502056245 0.8478435856026204
0.3986202090609665 0.8478435856026204
0.4026606131013705 0.8478435856026204
0.4067010171417746 0.8478435856026204
0.4107414211821786 0.8478435856026204
0.41478182522258267 0.8478435856026204
0.41882222926298673 0.8478435856026204
0.42286263330339074 0.8478435856026204
0.42690303734379476 0.8478435856026204
0.4309434413841988 0.8478435856026204
0.4349838454246029 0.8478435856026204
0.4390242494650069 0.8478435856026204
0.4430646535054109 0.8478435856026204
0.447105057545815 0.8478435856026204
0.45114546158621904 0.8478435856026204
0.45518586562662305 0.8478435856026204
0.4592262696670271 0.8478435856026204
0.46326667370743113 0.8478435856026204
0.4673070777478352 0.8478435856026204
0.47134748178823926 0.8478435856026204
0.4753878858286433 0.8478435856026204
0.4794282898690473 0.8478435856026204
0.48346869390945135 0.8478435856026204
0.4875090979498554 0.8478435856026204
0.55215556259632 0.8478435856026204
0.5561959666367241 0.8478435856026204
0.5602363706771281 0.8478435856026204
0.5642767747175321 0.8478435856026204
0.5683171787579362 0.8478435856026204
0.5723575827983403 0.8478435856026204
0.5763979868387443 0.8478435856026204
0.5804383908791484 0.8478435856026204
0.5844787949195523 0.8478435856026204
0.5885191989599564 0.8478435856026204
0.5925596030003604 0.8478435856026204
0.5966000070407644 0.8478435856026204
0.6006404110811685 0.8478435856026204
0.6046808151215726 0.8478435856026204
0.6087212191619766 0.8478435856026204
0.6127616232023807 0.8478435856026204
0.6168020272427847 0.8478435856026204
0.6208424312831887 0.8478435856026204
0.6248828353235928 0.8478435856026204
0.6289232393639967 0.8478435856026204
0.6329636434044008 0.8478435856026204
0.6370040474448049 0.8478435856026204
0.6410444514852089 0.8478435856026204
0.645084855525613 0.8478435856026204
0.6491252595660171 0.8478435856026204
0.653165663606421 0.8478435856026204
0.6572060676468251 0.8478435856026204
0.661246471687229 0.8478435856026204
0.6652868757276331 0.8478435856026204
0.6693272797680372 0.8478435856026204
0.6733676838084413 0.8478435856026204
0.6774080878488453 0.8478435856026204
0.6814484918892494 0.8478435856026204
0.6854888959296535 0.8478435856026204
0.6895292999700574 0.8478435856026204
0.6935697040104615 0.8478435856026204
0.29356970401046145 0.8518839896430245
0.2976101080508655 0.8518839896430245
0.30165051209126953 0.8518839896430245
0.30569091613167354 0.8518839896430245
0.3097313201720776 0.8518839896430245
0.3137717242124817 0.8518839896430245
0.3178121282528857 0.8518839896430245
0.32185253229328975 0.8518839896430245
0.32589293633369376 0.8518839896430245
0.3299333403740978 0.8518839896430245
0.33397374441450184 0.8518839896430245
0.3380141484549059 0.8518839896430245
0.3420545524953099 0.8518839896430245
0.346094956535714 0.8518839896430245
0.35013536057611805 0.8518839896430245
0.35417576461652206 0.8518839896430245
0.35821616865692607 0.8518839896430245
0.36225657269733014 0.8518839896430245
0.3662969767377342 0.8518839896430245
0.3703373807781382 0.8518839896430245
0.3743777848185422 0.8518839896430245
0.3784181888589463 0.8518839896430245
0.38245859289935036 0.8518839896430245
0.38649899693975437 0.8518839896430245
0.39053940098015844 0.8518839896430245
0.39457980502056245 0.8518839896430245
0.3986202090609665 0.8518839896430245
0.4026606131013705 0.8518839896430245
0.4067010171417746 0.8518839896430245
0.4107414211821786 0.8518839896430245
0.41478182522258267 0.8518839896430245
0.41882222926298673 0.8518839896430245
0.42286263330339074 0.8518839896430245
0.42690303734379476 0.8518839896430245
0.4309434413841988 0.8518839896430245
0.4349838454246029 0.8518839896430245
0.4390242494650069 0.8518839896430245
0.4430646535054109 0.8518839896430245
0.447105057545815 0.8518839896430245
0.45114546158621904 0.8518839896430245
0.45518586562662305 0.8518839896430245
0.4592262696670271 0.8518839896430245
0.46326667370743113 0.8518839896430245
0.4673070777478352 0.8518839896430245
0.47134748178823926 0.8518839896430245
0.4753878858286433 0.8518839896430245
0.4794282898690473 0.8518839896430245
0.48346869390945135 0.8518839896430245
0.544074754515512 0.8518839896430245
0.548115158555916 0.8518839896430245
0.55215556259632 0.8518839896430245
0.5561959666367241 0.8518839896430245
0.5602363706771281 0.8518839896430245
0.5642767747175321 0.8518839896430245
0.5683171787579362 0.8518839896430245
0.5723575827983403 0.8518839896430245
0.5763979868387443 0.8518839896430245
0.5804383908791484 0.8518839896430245
0.5844787949195523 0.8518839896430245
0.5885191989599564 0.8518839896430245
0.5925596030003604 0.8518839896430245
0.5966000070407644 0.8518839896430245
0.6006404110811685 0.8518839896430245
0.6046808151215726 0.8518839896430245
0.6087212191619766 0.8518839896430245
0.6127616232023807 0.8518839896430245
0.6168020272427847 0.8518839896430245
0.6208424312831887 0.8518839896430245
0.6248828353235928 0.8518839896430245
0.6289232393639967 0.8518839896430245
0.6329636434044008 0.8518839896430245
0.6370040474448049 0.8518839896430245
0.6410444514852089 0.8518839896430245
0.645084855525613 0.8518839896430245
0.6491252595660171 0.8518839896430245
0.653165663606421 0.8518839896430245
0.6572060676468251 0.8518839896430245
0.661246471687229 0.8518839896430245
0.6652868757276331 0.8518839896430245
0.6693272797680372 0.8518839896430245
0.6733676838084413 0.8518839896430245
0.6774080878488453 0.8518839896430245
0.6814484918892494 0.8518839896430245
0.6854888959296535 0.8518839896430245
0.6895292999700574 0.8518839896430245
0.6935697040104615 0.8518839896430245
0.29356970401046145 0.8559243936834284
0.2976101080508655 0.8559243936834284
0.30165051209126953 0.8559243936834284
0.30569091613167354 0.8559243936834284
0.3097313201720776 0.8559243936834284
0.3137717242124817 0.8559243936834284
0.3178121282528857 0.8559243936834284
0.32185253229328975 0.8559243936834284
0.32589293633369376 0.8559243936834284
0.3299333403740978 0.8559243936834284
0.33397374441450184 0.8559243936834284
0.3380141484549059 0.8559243936834284
0.3420545524953099 0.8559243936834284
0.346094956535714 0.8559243936834284
0.35013536057611805 0.8559243936834284
0.35417576461652206 0.8559243936834284
0.35821616865692607 0.8559243936834284
0.36225657269733014 0.8559243936834284
0.3662969767377342 0.8559243936834284
0.3703373807781382 0.8559243936834284
0.3743777848185422 0.8559243936834284
0.3784181888589463 0.8559243936834284
0.38245859289935036 0.8559243936834284
0.38649899693975437 0.8559243936834284
0.39053940098015844 0.8559243936834284
0.39457980502056245 0.8559243936834284
0.3986202090609665 0.8559243936834284
0.4026606131013705 0.8559243936834284
0.4067010171417746 0.8559243936834284
0.4107414211821786 0.8559243936834284
0.41478182522258267 0.8559243936834284
0.41882222926298673 0.8559243936834284
0.42286263330339074 0.8559243936834284
0.42690303734379476 0.8559243936834284
0.4309434413841988 0.8559243936834284
0.4349838454246029 0.8559243936834284
0.4390242494650069 0.8559243936834284
0.4430646535054109 0.8559243936834284
0.447105057545815 0.8559243936834284
0.45114546158621904 0.8559243936834284
0.45518586562662305 0.8559243936834284
0.4592262696670271 0.8559243936834284
0.46326667370743113 0.8559243936834284
0.4673070777478352 0.8559243936834284
0.47134748178823926 0.8559243936834284
0.4753878858286433 0.8559243936834284
0.4794282898690473 0.8559243936834284
0.540034350475108 0.8559243936834284
0.544074754515512 0.8559243936834284
0.548115158555916 0.8559243936834284
0.55215556259632 0.8559243936834284
0.5561959666367241 0.8559243936834284
0.5602363706771281 0.8559243936834284
0.5642767747175321 0.8559243936834284
0.5683171787579362 0.8559243936834284
0.5723575827983403 0.8559243936834284
0.5763979868387443 0.8559243936834284
0.5804383908791484 0.8559243936834284
0.5844787949195523 0.8559243936834284
0.5885191989599564 0.8559243936834284
0.5925596030003604 0.8559243936834284
0.5966000070407644 0.8559243936834284
0.6006404110811685 0.8559243936834284
0.6046808151215726 0.8559243936834284
0.6087212191619766 0.8559243936834284
0.6127616232023807 0.8559243936834284
0.6168020272427847 0.8559243936834284
0.6208424312831887 0.8559243936834284
0.6248828353235928 0.8559243936834284
0.6289232393639967 0.8559243936834284
0.6329636434044008 0.8559243936834284
0.6370040474448049 0.8559243936834284
0.6410444514852089 0.8559243936834284
0.645084855525613 0.8559243936834284
0.6491252595660171 0.8559243936834284
0.653165663606421 0.8559243936834284
0.6572060676468251 0.8559243936834284
0.661246471687229 0.8559243936834284
0.6652868757276331 0.8559243936834284
0.6693272797680372 0.8559243936834284
0.6733676838084413 0.8559243936834284
0.6774080878488453 0.8559243936834284
0.6814484918892494 0.8559243936834284
0.6854888959296535 0.8559243936834284
0.6895292999700574 0.8559243936834284
0.6935697040104615 0.8559243936834284
0.29356970401046145 0.8599647977238325
0.2976101080508655 0.8599647977238325
0.30165051209126953 0.8599647977238325
0.30569091613167354 0.8599647977238325
0.3097313201720776 0.8599647977238325
0.3137717242124817 0.8599647977238325
0.3178121282528857 0.8599647977238325
0.32185253229328975 0.8599647977238325
0.32589293633369376 0.8599647977238325
0.3299333403740978 0.8599647977238325
0.33397374441450184 0.8599647977238325
0.3380141484549059 0.8599647977238325
0.3420545524953099 0.8599647977238325
0.346094956535714 0.8599647977238325
0.35013536057611805 0.8599647977238325
0.35417576461652206 0.8599647977238325
0.35821616865692607 0.8599647977238325
0.36225657269733014 0.8599647977238325
0.3662969767377342 0.8599647977238325
0.3703373807781382 0.8599647977238325
0.3743777848185422 0.8599647977238325
0.3784181888589463 0.8599647977238325
0.38245859289935036 0.8599647977238325
0.38649899693975437 0.8599647977238325
0.39053940098015844 0.8599647977238325
0.39457980502056245 0.8599647977238325
0.3986202090609665 0.8599647977238325
0.4026606131013705 0.8599647977238325
0.4067010171417746 0.8599647977238325
0.4107414211821786 0.8599647977238325
0.41478182522258267 0.8599647977238325
0.41882222926298673 0.8599647977238325
0.42286263330339074 0.8599647977238325
0.42690303734379476 0.8599647977238325
0.4309434413841988 0.8599647977238325
0.4349838454246029 0.8599647977238325
0.4390242494650069 0.8599647977238325
0.4430646535054109 0.8599647977238325
0.447105057545815 0.8599647977238325
0.45114546158621904 0.8599647977238325
0.45518586562662305 0.8599647977238325
0.4592262696670271 0.8599647977238325
0.46326667370743113 0.8599647977238325
0.4673070777478352 0.8599647977238325
0.47134748178823926 0.8599647977238325
0.5319535423942998 0.8599647977238325
0.5359939464347039 0.8599647977238325
0.540034350475108 0.8599647977238325
0.544074754515512 0.8599647977238325
0.548115158555916 0.8599647977238325
0.55215556259632 0.8599647977238325
0.5561959666367241 0.8599647977238325
0.5602363706771281 0.8599647977238325
0.5642767747175321 0.8599647977238325
0.5683171787579362 0.8599647977238325
0.5723575827983403 0.8599647977238325
0.5763979868387443 0.8599647977238325
0.5804383908791484 0.8599647977238325
0.5844787949195523 0.8599647977238325
0.5885191989599564 0.8599647977238325
0.5925596030003604 0.8599647977238325
0.5966000070407644 0.8599647977238325
0.6006404110811685 0.8599647977238325
0.6046808151215726 0.8599647977238325
0.6087212191619766 0.8599647977238325
0.6127616232023807 0.8599647977238325
0.6168020272427847 0.8599647977238325
0.6208424312831887 0.8599647977238325
0.6248828353235928 0.8599647977238325
0.6289232393639967 0.8599647977238325
0.6329636434044008 0.8599647977238325
0.6370040474448049 0.8599647977238325
0.6410444514852089 0.8599647977238325
0.645084855525613 0.8599647977238325
0.6491252595660171 0.8599647977238325
0.653165663606421 0.8599647977238325
0.6572060676468251 0.8599647977238325
0.661246471687229 0.8599647977238325
0.6652868757276331 0.8599647977238325
0.6693272797680372 0.8599647977238325
0.6733676838084413 0.8599647977238325
0.6774080878488453 0.8599647977238325
0.6814484918892494 0.8599647977238325
0.6854888959296535 0.8599647977238325
0.6895292999700574 0.8599647977238325
0.6935697040104615 0.8599647977238325
0.29356970401046145 0.8640052017642366
0.2976101080508655 0.8640052017642366
0.30165051209126953 0.8640052017642366
0.30569091613167354 0.8640052017642366
0.3097313201720776 0.8640052017642366
0.3137717242124817 0.8640052017642366
0.3178121282528857 0.8640052017642366
0.32185253229328975 0.8640052017642366
0.32589293633369376 0.8640052017642366
0.3299333403740978 0.8640052017642366
0.33397374441450184 0.8640052017642366
0.3380141484549059 0.8640052017642366
0.3420545524953099 0.8640052017642366
0.346094956535714 0.8640052017642366
0.35013536057611805 0.8640052017642366
0.35417576461652206 0.8640052017642366
0.35821616865692607 0.8640052017642366
0.36225657269733014 0.8640052017642366
0.3662969767377342 0.8640052017642366
0.3703373807781382 0.8640052017642366
0.3743777848185422 0.8640052017642366
0.3784181888589463 0.8640052017642366
0.38245859289935036 0.8640052017642366
0.38649899693975437 0.8640052017642366
0.39053940098015844 0.8640052017642366
0.39457980502056245 0.8640052017642366
0.3986202090609665 0.8640052017642366
0.4026606131013705 0.8640052017642366
0.4067010171417746 0.8640052017642366
0.4107414211821786 0.8640052017642366
0.41478182522258267 0.8640052017642366
0.41882222926298673 0.8640052017642366
0.42286263330339074 0.8640052017642366
0.42690303734379476 0.8640052017642366
0.4309434413841988 0.8640052017642366
0.4349838454246029 0.8640052017642366
0.4390242494650069 0.8640052017642366
0.4430646535054109 0.8640052017642366
0.447105057545815 0.8640052017642366
0.45114546158621904 0.8640052017642366
0.45518586562662305 0.8640052017642366
0.4592262696670271 0.8640052017642366
0.46326667370743113 0.8640052017642366
0.5279131383538958 0.8640052017642366
0.5319535423942998 0.8640052017642366
0.5359939464347039 0.8640052017642366
0.540034350475108 0.8640052017642366
0.544074754515512 0.8640052017642366
0.548115158555916 0.8640052017642366
0.55215556259632 0.8640052017642366
0.5561959666367241 0.8640052017642366
0.5602363706771281 0.8640052017642366
0.5642767747175321 0.8640052017642366
0.5683171787579362 0.8640052017642366
0.5723575827983403 0.8640052017642366
0.5763979868387443 0.8640052017642366
0.5804383908791484 0.8640052017642366
0.5844787949195523 0.8640052017642366
0.5885191989599564 0.8640052017642366
0.5925596030003604 0.8640052017642366
0.5966000070407644 0.8640052017642366
0.6006404110811685 0.8640052017642366
0.6046808151215726 0.8640052017642366
0.6087212191619766 0.8640052017642366
0.6127616232023807 0.8640052017642366
0.6168020272427847 0.8640052017642366
0.6208424312831887 0.8640052017642366
0.6248828353235928 0.8640052017642366
0.6289232393639967 0.8640052017642366
0.6329636434044008 0.8640052017642366
0.6370040474448049 0.8640052017642366
0.6410444514852089 0.8640052017642366
0.645084855525613 0.8640052017642366
0.6491252595660171 0.8640052017642366
0.653165663606421 0.8640052017642366
0.6572060676468251 0.8640052017642366
0.661246471687229 0.8640052017642366
0.6652868757276331 0.8640052017642366
0.6693272797680372 0.8640052017642366
0.6733676838084413 0.8640052017642366
0.6774080878488453 0.8640052017642366
0.6814484918892494 0.8640052017642366
0.6854888959296535 0.8640052017642366
0.6895292999700574 0.8640052017642366
0.6935697040104615 0.8640052017642366
0.29356970401046145 0.8680456058046406
0.2976101080508655 0.8680456058046406
0.30165051209126953 0.8680456058046406
0.30569091613167354 0.8680456058046406
0.3097313201720776 0.8680456058046406
0.3137717242124817 0.8680456058046406
0.3178121282528857 0.8680456058046406
0.32185253229328975 0.8680456058046406
0.32589293633369376 0.8680456058046406
0.3299333403740978 0.8680456058046406
0.33397374441450184 0.8680456058046406
0.3380141484549059 0.8680456058046406
0.3420545524953099 0.8680456058046406
0.346094956535714 0.8680456058046406
0.35013536057611805 0.8680456058046406
0.35417576461652206 0.8680456058046406
0.35821616865692607 0.8680456058046406
0.36225657269733014 0.8680456058046406
0.3662969767377342 0.8680456058046406
0.3703373807781382 0.8680456058046406
0.3743777848185422 0.8680456058046406
0.3784181888589463 0.8680456058046406
0.38245859289935036 0.8680456058046406
0.38649899693975437 0.8680456058046406
0.39053940098015844 0.8680456058046406
0.39457980502056245 0.8680456058046406
0.3986202090609665 0.8680456058046406
0.4026606131013705 0.8680456058046406
0.4067010171417746 0.8680456058046406
0.4107414211821786 0.8680456058046406
0.41478182522258267 0.8680456058046406
0.41882222926298673 0.8680456058046406
0.42286263330339074 0.8680456058046406
0.42690303734379476 0.8680456058046406
0.4309434413841988 0.8680456058046406
0.4349838454246029 0.8680456058046406
0.4390242494650069 0.8680456058046406
0.4430646535054109 0.8680456058046406
0.447105057545815 0.8680456058046406
0.45114546158621904 0.8680456058046406
0.45518586562662305 0.8680456058046406
0.5198323302730877 0.8680456058046406
0.5238727343134918 0.8680456058046406
0.5279131383538958 0.8680456058046406
0.5319535423942998 0.8680456058046406
0.5359939464347039 0.8680456058046406
0.540034350475108 0.8680456058046406
0.544074754515512 0.8680456058046406
0.548115158555916 0.8680456058046406
0.55215556259632 0.8680456058046406
0.5561959666367241 0.8680456058046406
0.5602363706771281 0.8680456058046406
0.5642767747175321 0.8680456058046406
0.5683171787579362 0.8680456058046406
0.5723575827983403 0.8680456058046406
0.5763979868387443 0.8680456058046406
0.5804383908791484 0.8680456058046406
0.5844787949195523 0.8680456058046406
0.5885191989599564 0.8680456058046406
0.5925596030003604 0.8680456058046406
0.5966000070407644 0.8680456058046406
0.6006404110811685 0.8680456058046406
0.6046808151215726 0.8680456058046406
0.6087212191619766 0.8680456058046406
0.6127616232023807 0.8680456058046406
0.6168020272427847 0.8680456058046406
0.6208424312831887 0.8680456058046406
0.6248828353235928 0.8680456058046406
0.6289232393639967 0.8680456058046406
0.6329636434044008 0.8680456058046406
0.6370040474448049 0.8680456058046406
0.6410444514852089 0.8680456058046406
0.645084855525613 0.8680456058046406
0.6491252595660171 0.8680456058046406
0.653165663606421 0.8680456058046406
0.6572060676468251 0.8680456058046406
0.661246471687229 0.8680456058046406
0.6652868757276331 0.8680456058046406
0.6693272797680372 0.8680456058046406
0.6733676838084413 0.8680456058046406
0.6774080878488453 0.8680456058046406
0.6814484918892494 0.8680456058046406
0.6854888959296535 0.8680456058046406
0.6895292999700574 0.8680456058046406
0.6935697040104615 0.8680456058046406
0.29356970401046145 0.8720860098450447
0.2976101080508655 0.8720860098450447
0.30165051209126953 0.8720860098450447
0.30569091613167354 0.8720860098450447
0.3097313201720776 0.8720860098450447
0.3137717242124817 0.8720860098450447
0.3178121282528857 0.8720860098450447
0.32185253229328975 0.8720860098450447
0.32589293633369376 0.8720860098450447
0.3299333403740978 0.8720860098450447
0.33397374441450184 0.8720860098450447
0.3380141484549059 0.8720860098450447
0.3420545524953099 0.8720860098450447
0.346094956535714 0.8720860098450447
0.35013536057611805 0.8720860098450447
0.35417576461652206 0.8720860098450447
0.35821616865692607 0.8720860098450447
0.36225657269733014 0.8720860098450447
0.3662969767377342 0.8720860098450447
0.3703373807781382 0.8720860098450447
0.3743777848185422 0.8720860098450447
0.3784181888589463 0.8720860098450447
0.38245859289935036 0.8720860098450447
0.38649899693975437 0.8720860098450447
0.39053940098015844 0.8720860098450447
0.39457980502056245 0.8720860098450447
0.3986202090609665 0.8720860098450447
0.4026606131013705 0.8720860098450447
0.4067010171417746 0.8720860098450447
0.4107414211821786 0.8720860098450447
0.41478182522258267 0.8720860098450447
0.41882222926298673 0.8720860098450447
0.42286263330339074 0.8720860098450447
0.42690303734379476 0.8720860098450447
0.4309434413841988 0.8720860098450447
0.4349838454246029 0.8720860098450447
0.4390242494650069 0.8720860098450447
0.4430646535054109 0.8720860098450447
0.447105057545815 0.8720860098450447
0.5117515221922796 0.8720860098450447
0.5157919262326837 0.8720860098450447
0.5198323302730877 0.8720860098450447
0.5238727343134918 0.8720860098450447
0.5279131383538958 0.8720860098450447
0.5319535423942998 0.8720860098450447
0.5359939464347039 0.8720860098450447
0.540034350475108 0.8720860098450447
0.544074754515512 0.8720860098450447
0.548115158555916 0.8720860098450447
0.55215556259632 0.8720860098450447
0.5561959666367241 0.8720860098450447
0.5602363706771281 0.8720860098450447
0.5642767747175321 0.8720860098450447
0.5683171787579362 0.8720860098450447
0.5723575827983403 0.8720860098450447
0.5763979868387443 0.8720860098450447
0.5804383908791484 0.8720860098450447
0.5844787949195523 0.8720860098450447
0.5885191989599564 0.8720860098450447
0.5925596030003604 0.8720860098450447
0.5966000070407644 0.8720860098450447
0.6006404110811685 0.8720860098450447
0.6046808151215726 0.8720860098450447
0.6087212191619766 0.8720860098450447
0.6127616232023807 0.8720860098450447
0.6168020272427847 0.8720860098450447
0.6208424312831887 0.8720860098450447
0.6248828353235928 0.8720860098450447
0.6289232393639967 0.8720860098450447
0.6329636434044008 0.8720860098450447
0.6370040474448049 0.8720860098450447
0.6410444514852089 0.8720860098450447
0.645084855525613 0.8720860098450447
0.6491252595660171 0.8720860098450447
0.653165663606421 0.8720860098450447
0.6572060676468251 0.8720860098450447
0.661246471687229 0.8720860098450447
0.6652868757276331 0.8720860098450447
0.6693272797680372 0.8720860098450447
0.6733676838084413 0.8720860098450447
0.6774080878488453 0.8720860098450447
0.6814484918892494 0.8720860098450447
0.6854888959296535 0.8720860098450447
0.6895292999700574 0.8720860098450447
0.6935697040104615 0.8720860098450447
0.29356970401046145 0.8761264138854487
0.2976101080508655 0.8761264138854487
0.30165051209126953 0.8761264138854487
0.30569091613167354 0.8761264138854487
0.3097313201720776 0.8761264138854487
0.3137717242124817 0.8761264138854487
0.3178121282528857 0.8761264138854487
0.32185253229328975 0.8761264138854487
0.32589293633369376 0.8761264138854487
0.3299333403740978 0.8761264138854487
0.33397374441450184 0.8761264138854487
0.3380141484549059 0.8761264138854487
0.3420545524953099 0.8761264138854487
0.346094956535714 0.8761264138854487
0.35013536057611805 0.8761264138854487
0.35417576461652206 0.8761264138854487
0.35821616865692607 0.8761264138854487
0.36225657269733014 0.8761264138854487
0.3662969767377342 0.8761264138854487
0.3703373807781382 0.8761264138854487
0.3743777848185422 0.8761264138854487
0.3784181888589463 0.8761264138854487
0.38245859289935036 0.8761264138854487
0.38649899693975437 0.8761264138854487
0.39053940098015844 0.8761264138854487
0.39457980502056245 0.8761264138854487
0.3986202090609665 0.8761264138854487
0.4026606131013705 0.8761264138854487
0.4067010171417746 0.8761264138854487
0.4107414211821786 0.8761264138854487
0.41478182522258267 0.8761264138854487
0.41882222926298673 0.8761264138854487
0.42286263330339074 0.8761264138854487
0.42690303734379476 0.8761264138854487
0.4309434413841988 0.8761264138854487
0.4349838454246029 0.8761264138854487
0.4390242494650069 0.8761264138854487
0.5077111181518756 0.8761264138854487
0.5117515221922796 0.8761264138854487
0.5157919262326837 0.8761264138854487
0.5198323302730877 0.8761264138854487
0.5238727343134918 0.8761264138854487
0.5279131383538958 0.8761264138854487
0.5319535423942998 0.8761264138854487
0.5359939464347039 0.8761264138854487
0.540034350475108 0.8761264138854487
0.544074754515512 0.8761264138854487
0.548115158555916 0.8761264138854487
0.55215556259632 0.8761264138854487
0.5561959666367241 0.8761264138854487
0.5602363706771281 0.8761264138854487
0.5642767747175321 0.8761264138854487
0.5683171787579362 0.8761264138854487
0.5723575827983403 0.8761264138854487
0.5763979868387443 0.8761264138854487
0.5804383908791484 0.8761264138854487
0.5844787949195523 0.8761264138854487
0.5885191989599564 0.8761264138854487
0.5925596030003604 0.8761264138854487
0.5966000070407644 0.8761264138854487
0.6006404110811685 0.8761264138854487
0.6046808151215726 0.8761264138854487
0.6087212191619766 0.8761264138854487
0.6127616232023807 0.8761264138854487
0.6168020272427847 0.8761264138854487
0.6208424312831887 0.8761264138854487
0.6248828353235928 0.8761264138854487
0.6289232393639967 0.8761264138854487
0.6329636434044008 0.8761264138854487
0.6370040474448049 0.8761264138854487
0.6410444514852089 0.8761264138854487
0.645084855525613 0.8761264138854487
0.6491252595660171 0.8761264138854487
0.653165663606421 0.8761264138854487
0.6572060676468251 0.8761264138854487
0.661246471687229 0.8761264138854487
0.6652868757276331 0.8761264138854487
0.6693272797680372 0.8761264138854487
0.6733676838084413 0.8761264138854487
0.6774080878488453 0.8761264138854487
0.6814484918892494 0.8761264138854487
0.6854888959296535 0.8761264138854487
0.6895292999700574 0.8761264138854487
0.6935697040104615 0.8761264138854487
0.29356970401046145 0.8801668179258527
0.2976101080508655 0.8801668179258527
0.30165051209126953 0.8801668179258527
0.30569091613167354 0.8801668179258527
0.3097313201720776 0.8801668179258527
0.3137717242124817 0.8801668179258527
0.3178121282528857 0.8801668179258527
0.32185253229328975 0.8801668179258527
0.32589293633369376 0.8801668179258527
0.3299333403740978 0.8801668179258527
0.33397374441450184 0.8801668179258527
0.3380141484549059 0.8801668179258527
0.3420545524953099 0.8801668179258527
0.346094956535714 0.8801668179258527
0.35013536057611805 0.8801668179258527
0.35417576461652206 0.8801668179258527
0.35821616865692607 0.8801668179258527
0.36225657269733014 0.8801668179258527
0.3662969767377342 0.8801668179258527
0.3703373807781382 0.8801668179258527
0.3743777848185422 0.8801668179258527
0.3784181888589463 0.8801668179258527
0.38245859289935036 0.8801668179258527
0.38649899693975437 0.8801668179258527
0.39053940098015844 0.8801668179258527
0.39457980502056245 0.8801668179258527
0.3986202090609665 0.8801668179258527
0.4026606131013705 0.8801668179258527
0.4067010171417746 0.8801668179258527
0.4107414211821786 0.8801668179258527
0.41882222926298673 0.8801668179258527
0.42286263330339074 0.8801668179258527
0.42690303734379476 0.8801668179258527
0.4309434413841988 0.8801668179258527
0.4996303100710675 0.8801668179258527
0.5036707141114716 0.8801668179258527
0.5077111181518756 0.8801668179258527
0.5117515221922796 0.8801668179258527
0.5157919262326837 0.8801668179258527
0.5198323302730877 0.8801668179258527
0.5238727343134918 0.8801668179258527
0.5279131383538958 0.8801668179258527
0.5319535423942998 0.8801668179258527
0.5359939464347039 0.8801668179258527
0.540034350475108 0.8801668179258527
0.544074754515512 0.8801668179258527
0.548115158555916 0.8801668179258527
0.55215556259632 0.8801668179258527
0.5561959666367241 0.8801668179258527
0.5602363706771281 0.8801668179258527
0.5642767747175321 0.8801668179258527
0.5683171787579362 0.8801668179258527
0.5723575827983403 0.8801668179258527
0.5763979868387443 0.8801668179258527
0.5804383908791484 0.8801668179258527
0.5844787949195523 0.8801668179258527
0.5885191989599564 0.8801668179258527
0.5925596030003604 0.8801668179258527
0.5966000070407644 0.8801668179258527
0.6006404110811685 0.8801668179258527
0.6046808151215726 0.8801668179258527
0.6087212191619766 0.8801668179258527
0.6127616232023807 0.8801668179258527
0.6168020272427847 0.8801668179258527
0.6208424312831887 0.8801668179258527
0.6248828353235928 0.8801668179258527
0.6289232393639967 0.8801668179258527
0.6329636434044008 0.8801668179258527
0.6370040474448049 0.8801668179258527
0.6410444514852089 0.8801668179258527
0.645084855525613 0.8801668179258527
0.6491252595660171 0.8801668179258527
0.653165663606421 0.8801668179258527
0.6572060676468251 0.8801668179258527
0.661246471687229 0.8801668179258527
0.6652868757276331 0.8801668179258527
0.6693272797680372 0.8801668179258527
0.6733676838084413 0.8801668179258527
0.6774080878488453 0.8801668179258527
0.6814484918892494 0.8801668179258527
0.6854888959296535 0.8801668179258527
0.6895292999700574 0.8801668179258527
0.6935697040104615 0.8801668179258527
0.29356970401046145 0.8842072219662568
0.2976101080508655 0.8842072219662568
0.30165051209126953 0.8842072219662568
0.30569091613167354 0.8842072219662568
0.3097313201720776 0.8842072219662568
0.3137717242124817 0.8842072219662568
0.3178121282528857 0.8842072219662568
0.32185253229328975 0.8842072219662568
0.32589293633369376 0.8842072219662568
0.3299333403740978 0.8842072219662568
0.33397374441450184 0.8842072219662568
0.3380141484549059 0.8842072219662568
0.3420545524953099 0.8842072219662568
0.346094956535714 0.8842072219662568
0.35013536057611805 0.8842072219662568
0.35417576461652206 0.8842072219662568
0.35821616865692607 0.8842072219662568
0.36225657269733014 0.8842072219662568
0.3662969767377342 0.8842072219662568
0.3703373807781382 0.8842072219662568
0.3743777848185422 0.8842072219662568
0.3784181888589463 0.8842072219662568
0.38245859289935036 0.8842072219662568
0.38649899693975437 0.8842072219662568
0.39053940098015844 0.8842072219662568
0.39457980502056245 0.8842072219662568
0.3986202090609665 0.8842072219662568
0.4026606131013705 0.8842072219662568
0.4067010171417746 0.8842072219662568
0.4107414211821786 0.8842072219662568
0.41478182522258267 0.8842072219662568
0.41882222926298673 0.8842072219662568
0.42286263330339074 0.8842072219662568
0.49154950199025943 0.8842072219662568
0.49558990603066344 0.8842072219662568
0.4996303100710675 0.8842072219662568
0.5036707141114716 0.8842072219662568
0.5077111181518756 0.8842072219662568
0.5117515221922796 0.8842072219662568
0.5157919262326837 0.8842072219662568
0.5198323302730877 0.8842072219662568
0.5238727343134918 0.8842072219662568
0.5279131383538958 0.8842072219662568
0.5319535423942998 0.8842072219662568
0.5359939464347039 0.8842072219662568
0.540034350475108 0.8842072219662568
0.544074754515512 0.8842072219662568
0.548115158555916 0.8842072219662568
0.55215556259632 0.8842072219662568
0.5561959666367241 0.8842072219662568
0.5602363706771281 0.8842072219662568
0.5642767747175321 0.8842072219662568
0.5683171787579362 0.8842072219662568
0.5723575827983403 0.8842072219662568
0.5763979868387443 0.8842072219662568
0.5804383908791484 0.8842072219662568
0.5844787949195523 0.8842072219662568
0.5885191989599564 0.8842072219662568
0.5925596030003604 0.8842072219662568
0.5966000070407644 0.8842072219662568
0.6006404110811685 0.8842072219662568
0.6046808151215726 0.8842072219662568
0.6087212191619766 0.8842072219662568
0.6127616232023807 0.8842072219662568
0.6168020272427847 0.8842072219662568
0.6208424312831887 0.8842072219662568
0.6248828353235928 0.8842072219662568
0.6289232393639967 0.8842072219662568
0.6329636434044008 0.8842072219662568
0.6370040474448049 0.8842072219662568
0.6410444514852089 0.8842072219662568
0.645084855525613 0.8842072219662568
0.6491252595660171 0.8842072219662568
0.653165663606421 0.8842072219662568
0.6572060676468251 0.8842072219662568
0.661246471687229 0.8842072219662568
0.6652868757276331 0.8842072219662568
0.6693272797680372 0.8842072219662568
0.6733676838084413 0.8842072219662568
0.6774080878488453 0.8842072219662568
0.6814484918892494 0.8842072219662568
0.6854888959296535 0.8842072219662568
0.6895292999700574 0.8842072219662568
0.6935697040104615 0.8842072219662568
0.29356970401046145 0.8882476260066607
0.2976101080508655 0.8882476260066607
0.30165051209126953 0.8882476260066607
0.30569091613167354 0.8882476260066607
0.3097313201720776 0.8882476260066607
0.3137717242124817 0.8882476260066607
0.3178121282528857 0.8882476260066607
0.32185253229328975 0.8882476260066607
0.32589293633369376 0.8882476260066607
0.3299333403740978 0.8882476260066607
0.33397374441450184 0.8882476260066607
0.3380141484549059 0.8882476260066607
0.3420545524953099 0.8882476260066607
0.346094956535714 0.8882476260066607
0.35013536057611805 0.8882476260066607
0.35417576461652206 0.8882476260066607
0.35821616865692607 0.8882476260066607
0.36225657269733014 0.8882476260066607
0.3662969767377342 0.8882476260066607
0.3703373807781382 0.8882476260066607
0.3743777848185422 0.8882476260066607
0.3784181888589463 0.8882476260066607
0.38245859289935036 0.8882476260066607
0.38649899693975437 0.8882476260066607
0.39053940098015844 0.8882476260066607
0.39457980502056245 0.8882476260066607
0.3986202090609665 0.8882476260066607
0.4026606131013705 0.8882476260066607
0.4067010171417746 0.8882476260066607
0.4107414211821786 0.8882476260066607
0.41478182522258267 0.8882476260066607
0.48346869390945135 0.8882476260066607
0.4875090979498554 0.8882476260066607
0.49154950199025943 0.8882476260066607
0.49558990603066344 0.8882476260066607
0.4996303100710675 0.8882476260066607
0.5036707141114716 0.8882476260066607
0.5077111181518756 0.8882476260066607
0.5117515221922796 0.8882476260066607
0.5157919262326837 0.8882476260066607
0.5198323302730877 0.8882476260066607
0.5238727343134918 0.8882476260066607
0.5279131383538958 0.8882476260066607
0.5319535423942998 0.8882476260066607
0.5359939464347039 0.8882476260066607
0.540034350475108 0.8882476260066607
0.544074754515512 0.8882476260066607
0.548115158555916 0.8882476260066607
0.55215556259632 0.8882476260066607
0.5561959666367241 0.8882476260066607
0.5602363706771281 0.8882476260066607
0.5642767747175321 0.8882476260066607
0.5683171787579362 0.8882476260066607
0.5723575827983403 0.8882476260066607
0.5763979868387443 0.8882476260066607
0.5804383908791484 0.8882476260066607
0.5844787949195523 0.8882476260066607
0.5885191989599564 0.8882476260066607
0.5925596030003604 0.8882476260066607
0.5966000070407644 0.8882476260066607
0.6006404110811685 0.8882476260066607
0.6046808151215726 0.8882476260066607
0.6087212191619766 0.8882476260066607
0.6127616232023807 0.8882476260066607
0.6168020272427847 0.8882476260066607
0.6208424312831887 0.8882476260066607
0.6248828353235928 0.8882476260066607
0.6289232393639967 0.8882476260066607
0.6329636434044008 0.8882476260066607
0.6370040474448049 0.8882476260066607
0.6410444514852089 0.8882476260066607
0.645084855525613 0.8882476260066607
0.6491252595660171 0.8882476260066607
0.653165663606421 0.8882476260066607
0.6572060676468251 0.8882476260066607
0.661246471687229 0.8882476260066607
0.6652868757276331 0.8882476260066607
0.6693272797680372 0.8882476260066607
0.6733676838084413 0.8882476260066607
0.6774080878488453 0.8882476260066607
0.6814484918892494 0.8882476260066607
0.6854888959296535 0.8882476260066607
0.6895292999700574 0.8882476260066607
0.6935697040104615 0.8882476260066607
0.29356970401046145 0.8922880300470648
0.2976101080508655 0.8922880300470648
0.30165051209126953 0.8922880300470648
0.30569091613167354 0.8922880300470648
0.3097313201720776 0.8922880300470648
0.3137717242124817 0.8922880300470648
0.3178121282528857 0.8922880300470648
0.32185253229328975 0.8922880300470648
0.32589293633369376 0.8922880300470648
0.3299333403740978 0.8922880300470648
0.33397374441450184 0.8922880300470648
0.3380141484549059 0.8922880300470648
0.3420545524953099 0.8922880300470648
0.346094956535714 0.8922880300470648
0.35013536057611805 0.8922880300470648
0.35417576461652206 0.8922880300470648
0.35821616865692607 0.8922880300470648
0.36225657269733014 0.8922880300470648
0.3662969767377342 0.8922880300470648
0.3703373807781382 0.8922880300470648
0.3743777848185422 0.8922880300470648
0.3784181888589463 0.8922880300470648
0.38245859289935036 0.8922880300470648
0.38649899693975437 0.8922880300470648
0.39053940098015844 0.8922880300470648
0.39457980502056245 0.8922880300470648
0.3986202090609665 0.8922880300470648
0.4026606131013705 0.8922880300470648
0.4794282898690473 0.8922880300470648
0.48346869390945135 0.8922880300470648
0.4875090979498554 0.8922880300470648
0.49154950199025943 0.8922880300470648
0.49558990603066344 0.8922880300470648
0.4996303100710675 0.8922880300470648
0.5036707141114716 0.8922880300470648
0.5077111181518756 0.8922880300470648
0.5117515221922796 0.8922880300470648
0.5157919262326837 0.8922880300470648
0.5198323302730877 0.8922880300470648
0.5238727343134918 0.8922880300470648
0.5279131383538958 0.8922880300470648
0.5319535423942998 0.8922880300470648
0.5359939464347039 0.8922880300470648
0.540034350475108 0.8922880300470648
0.544074754515512 0.8922880300470648
0.548115158555916 0.8922880300470648
0.55215556259632 0.8922880300470648
0.5561959666367241 0.8922880300470648
0.5602363706771281 0.8922880300470648
0.5642767747175321 0.8922880300470648
0.5683171787579362 0.8922880300470648
0.5723575827983403 0.8922880300470648
0.5763979868387443 0.8922880300470648
0.5804383908791484 0.8922880300470648
0.5844787949195523 0.8922880300470648
0.5885191989599564 0.8922880300470648
0.5925596030003604 0.8922880300470648
0.5966000070407644 0.8922880300470648
0.6006404110811685 0.8922880300470648
0.6046808151215726 0.8922880300470648
0.6087212191619766 0.8922880300470648
0.6127616232023807 0.8922880300470648
0.6168020272427847 0.8922880300470648
0.6208424312831887 0.8922880300470648
0.6248828353235928 0.8922880300470648
0.6289232393639967 0.8922880300470648
0.6329636434044008 0.8922880300470648
0.6370040474448049 0.8922880300470648
0.6410444514852089 0.8922880300470648
0.645084855525613 0.8922880300470648
0.6491252595660171 0.8922880300470648
0.653165663606421 0.8922880300470648
0.6572060676468251 0.8922880300470648
0.661246471687229 0.8922880300470648
0.6652868757276331 0.8922880300470648
0.6693272797680372 0.8922880300470648
0.6733676838084413 0.8922880300470648
0.6774080878488453 0.8922880300470648
0.6814484918892494 0.8922880300470648
0.6854888959296535 0.8922880300470648
0.6895292999700574 0.8922880300470648
0.6935697040104615 0.8922880300470648
0.29356970401046145 0.8963284340874689
0.2976101080508655 0.8963284340874689
0.30165051209126953 0.8963284340874689
0.30569091613167354 0.8963284340874689
0.3097313201720776 0.8963284340874689
0.3137717242124817 0.8963284340874689
0.3178121282528857 0.8963284340874689
0.32185253229328975 0.8963284340874689
0.32589293633369376 0.8963284340874689
0.3299333403740978 0.8963284340874689
0.33397374441450184 0.8963284340874689
0.3380141484549059 0.8963284340874689
0.3420545524953099 0.8963284340874689
0.346094956535714 0.8963284340874689
0.35013536057611805 0.8963284340874689
0.35417576461652206 0.8963284340874689
0.35821616865692607 0.8963284340874689
0.36225657269733014 0.8963284340874689
0.3662969767377342 0.8963284340874689
0.3703373807781382 0.8963284340874689
0.3743777848185422 0.8963284340874689
0.3784181888589463 0.8963284340874689
0.38245859289935036 0.8963284340874689
0.38649899693975437 0.8963284340874689
0.39053940098015844 0.8963284340874689
0.39457980502056245 0.8963284340874689
0.47134748178823926 0.8963284340874689
0.4753878858286433 0.8963284340874689
0.4794282898690473 0.8963284340874689
0.48346869390945135 0.8963284340874689
0.4875090979498554 0.8963284340874689
0.49154950199025943 0.8963284340874689
0.49558990603066344 0.8963284340874689
0.4996303100710675 0.8963284340874689
0.5036707141114716 0.8963284340874689
0.5077111181518756 0.8963284340874689
0.5117515221922796 0.8963284340874689
0.5157919262326837 0.8963284340874689
0.5198323302730877 0.8963284340874689
0.5238727343134918 0.8963284340874689
0.5279131383538958 0.8963284340874689
0.5319535423942998 0.8963284340874689
0.5359939464347039 0.8963284340874689
0.540034350475108 0.8963284340874689
0.544074754515512 0.8963284340874689
0.548115158555916 0.8963284340874689
0.55215556259632 0.8963284340874689
0.5561959666367241 0.8963284340874689
0.5602363706771281 0.8963284340874689
0.5642767747175321 0.8963284340874689
0.5683171787579362 0.8963284340874689
0.5723575827983403 0.8963284340874689
0.5763979868387443 0.8963284340874689
0.5804383908791484 0.8963284340874689
0.5844787949195523 0.8963284340874689
0.5885191989599564 0.8963284340874689
0.5925596030003604 0.8963284340874689
0.5966000070407644 0.8963284340874689
0.6006404110811685 0.8963284340874689
0.6046808151215726 0.8963284340874689
0.6087212191619766 0.8963284340874689
0.6127616232023807 0.8963284340874689
0.6168020272427847 0.8963284340874689
0.6208424312831887 0.8963284340874689
0.6248828353235928 0.8963284340874689
0.6289232393639967 0.8963284340874689
0.6329636434044008 0.8963284340874689
0.6370040474448049 0.8963284340874689
0.6410444514852089 0.8963284340874689
0.645084855525613 0.8963284340874689
0.6491252595660171 0.8963284340874689
0.653165663606421 0.8963284340874689
0.6572060676468251 0.8963284340874689
0.661246471687229 0.8963284340874689
0.6652868757276331 0.8963284340874689
0.6693272797680372 0.8963284340874689
0.6733676838084413 0.8963284340874689
0.6774080878488453 0.8963284340874689
0.6814484918892494 0.8963284340874689
0.6854888959296535 0.8963284340874689
0.6895292999700574 0.8963284340874689
0.6935697040104615 0.8963284340874689
0.29356970401046145 0.9003688381278729
0.2976101080508655 0.9003688381278729
0.30165051209126953 0.9003688381278729
0.30569091613167354 0.9003688381278729
0.3097313201720776 0.9003688381278729
0.3137717242124817 0.9003688381278729
0.3178121282528857 0.9003688381278729
0.32185253229328975 0.9003688381278729
0.32589293633369376 0.9003688381278729
0.3299333403740978 0.9003688381278729
0.33397374441450184 0.9003688381278729
0.3380141484549059 0.9003688381278729
0.3420545524953099 0.9003688381278729
0.346094956535714 0.9003688381278729
0.35013536057611805 0.9003688381278729
0.35417576461652206 0.9003688381278729
0.35821616865692607 0.9003688381278729
0.36225657269733014 0.9003688381278729
0.3662969767377342 0.9003688381278729
0.3703373807781382 0.9003688381278729
0.3743777848185422 0.9003688381278729
0.3784181888589463 0.9003688381278729
0.38245859289935036 0.9003688381278729
0.38649899693975437 0.9003688381278729
0.46326667370743113 0.9003688381278729
0.4673070777478352 0.9003688381278729
0.47134748178823926 0.9003688381278729
0.4753878858286433 0.9003688381278729
0.4794282898690473 0.9003688381278729
0.48346869390945135 0.9003688381278729
0.4875090979498554 0.9003688381278729
0.49154950199025943 0.9003688381278729
0.49558990603066344 0.9003688381278729
0.4996303100710675 0.9003688381278729
0.5036707141114716 0.9003688381278729
0.5077111181518756 0.9003688381278729
0.5117515221922796 0.9003688381278729
0.5157919262326837 0.9003688381278729
0.5198323302730877 0.9003688381278729
0.5238727343134918 0.9003688381278729
0.5279131383538958 0.9003688381278729
0.5319535423942998 0.9003688381278729
0.5359939464347039 0.9003688381278729
0.540034350475108 0.9003688381278729
0.544074754515512 0.9003688381278729
0.548115158555916 0.9003688381278729
0.55215556259632 0.9003688381278729
0.5561959666367241 0.9003688381278729
0.5602363706771281 0.9003688381278729
0.5642767747175321 0.9003688381278729
0.5683171787579362 0.9003688381278729
0.5723575827983403 0.9003688381278729
0.5763979868387443 0.9003688381278729
0.5804383908791484 0.9003688381278729
0.5844787949195523 0.9003688381278729
0.5885191989599564 0.9003688381278729
0.5925596030003604 0.9003688381278729
0.5966000070407644 0.9003688381278729
0.6006404110811685 0.9003688381278729
0.6046808151215726 0.9003688381278729
0.6087212191619766 0.9003688381278729
0.6127616232023807 0.9003688381278729
0.6168020272427847 0.9003688381278729
0.6208424312831887 0.9003688381278729
0.6248828353235928 0.9003688381278729
0.6289232393639967 0.9003688381278729
0.6329636434044008 0.9003688381278729
0.6370040474448049 0.9003688381278729
0.6410444514852089 0.9003688381278729
0.645084855525613 0.9003688381278729
0.6491252595660171 0.9003688381278729
0.653165663606421 0.9003688381278729
0.6572060676468251 0.9003688381278729
0.661246471687229 0.9003688381278729
0.6652868757276331 0.9003688381278729
0.6693272797680372 0.9003688381278729
0.6733676838084413 0.9003688381278729
0.6774080878488453 0.9003688381278729
0.6814484918892494 0.9003688381278729
0.6854888959296535 0.9003688381278729
0.6895292999700574 0.9003688381278729
0.6935697040104615 0.9003688381278729
0.29356970401046145 0.904409242168277
0.2976101080508655 0.904409242168277
0.30165051209126953 0.904409242168277
0.30569091613167354 0.904409242168277
0.3097313201720776 0.904409242168277
0.3137717242124817 0.904409242168277
0.3178121282528857 0.904409242168277
0.32185253229328975 0.904409242168277
0.32589293633369376 0.904409242168277
0.3299333403740978 0.904409242168277
0.33397374441450184 0.904409242168277
0.3380141484549059 0.904409242168277
0.3420545524953099 0.904409242168277
0.346094956535714 0.904409242168277
0.35013536057611805 0.904409242168277
0.35417576461652206 0.904409242168277
0.35821616865692607 0.904409242168277
0.36225657269733014 0.904409242168277
0.3662969767377342 0.904409242168277
0.3703373807781382 0.904409242168277
0.3743777848185422 0.904409242168277
0.45518586562662305 0.904409242168277
0.4592262696670271 0.904409242168277
0.46326667370743113 0.904409242168277
0.4673070777478352 0.904409242168277
0.47134748178823926 0.904409242168277
0.4753878858286433 0.904409242168277
0.4794282898690473 0.904409242168277
0.48346869390945135 0.904409242168277
0.4875090979498554 0.904409242168277
0.49154950199025943 0.904409242168277
0.49558990603066344 0.904409242168277
0.4996303100710675 0.904409242168277
0.5036707141114716 0.904409242168277
0.5077111181518756 0.904409242168277
0.5117515221922796 0.904409242168277
0.5157919262326837 0.904409242168277
0.5198323302730877 0.904409242168277
0.5238727343134918 0.904409242168277
0.5279131383538958 0.904409242168277
0.5319535423942998 0.904409242168277
0.5359939464347039 0.904409242168277
0.540034350475108 0.904409242168277
0.544074754515512 0.904409242168277
0.548115158555916 0.904409242168277
0.55215556259632 0.904409242168277
0.5561959666367241 0.904409242168277
0.5602363706771281 0.904409242168277
0.5642767747175321 0.904409242168277
0.5683171787579362 0.904409242168277
0.5723575827983403 0.904409242168277
0.5763979868387443 0.904409242168277
0.5804383908791484 0.904409242168277
0.5844787949195523 0.904409242168277
0.5885191989599564 0.904409242168277
0.5925596030003604 0.904409242168277
0.5966000070407644 0.904409242168277
0.6006404110811685 0.904409242168277
0.6046808151215726 0.904409242168277
0.6087212191619766 0.904409242168277
0.6127616232023807 0.904409242168277
0.6168020272427847 0.904409242168277
0.6208424312831887 0.904409242168277
0.6248828353235928 0.904409242168277
0.6289232393639967 0.904409242168277
0.6329636434044008 0.904409242168277
0.6370040474448049 0.904409242168277
0.6410444514852089 0.904409242168277
0.645084855525613 0.904409242168277
0.6491252595660171 0.904409242168277
0.653165663606421 0.904409242168277
0.6572060676468251 0.904409242168277
0.661246471687229 0.904409242168277
0.6652868757276331 0.904409242168277
0.6693272797680372 0.904409242168277
0.6733676838084413 0.904409242168277
0.6774080878488453 0.904409242168277
0.6814484918892494 0.904409242168277
0.6854888959296535 0.904409242168277
0.6895292999700574 0.904409242168277
0.6935697040104615 0.904409242168277
0.29356970401046145 0.9084496462086811
0.2976101080508655 0.9084496462086811
0.30165051209126953 0.9084496462086811
0.30569091613167354 0.9084496462086811
0.3097313201720776 0.9084496462086811
0.3137717242124817 0.9084496462086811
0.3178121282528857 0.9084496462086811
0.32185253229328975 0.9084496462086811
0.32589293633369376 0.9084496462086811
0.3299333403740978 0.9084496462086811
0.33397374441450184 0.9084496462086811
0.3380141484549059 0.9084496462086811
0.3420545524953099 0.9084496462086811
0.346094956535714 0.9084496462086811
0.35013536057611805 0.9084496462086811
0.35417576461652206 0.9084496462086811
0.35821616865692607 0.9084496462086811
0.36225657269733014 0.9084496462086811
0.3662969767377342 0.9084496462086811
0.447105057545815 0.9084496462086811
0.45114546158621904 0.9084496462086811
0.45518586562662305 0.9084496462086811
0.4592262696670271 0.9084496462086811
0.46326667370743113 0.9084496462086811
0.4673070777478352 0.9084496462086811
0.47134748178823926 0.9084496462086811
0.4753878858286433 0.9084496462086811
0.4794282898690473 0.9084496462086811
0.48346869390945135 0.9084496462086811
0.4875090979498554 0.9084496462086811
0.49154950199025943 0.9084496462086811
0.49558990603066344 0.9084496462086811
0.4996303100710675 0.9084496462086811
0.5036707141114716 0.9084496462086811
0.5077111181518756 0.9084496462086811
0.5117515221922796 0.9084496462086811
0.5157919262326837 0.9084496462086811
0.5198323302730877 0.9084496462086811
0.5238727343134918 0.9084496462086811
0.5279131383538958 0.9084496462086811
0.5319535423942998 0.9084496462086811
0.5359939464347039 0.9084496462086811
0.540034350475108 0.9084496462086811
0.544074754515512 0.9084496462086811
0.548115158555916 0.9084496462086811
0.55215556259632 0.9084496462086811
0.5561959666367241 0.9084496462086811
0.5602363706771281 0.9084496462086811
0.5642767747175321 0.9084496462086811
0.5683171787579362 0.9084496462086811
0.5723575827983403 0.9084496462086811
0.5763979868387443 0.9084496462086811
0.5804383908791484 0.9084496462086811
0.5844787949195523 0.9084496462086811
0.5885191989599564 0.9084496462086811
0.5925596030003604 0.9084496462086811
0.5966000070407644 0.9084496462086811
0.6006404110811685 0.9084496462086811
0.6046808151215726 0.9084496462086811
0.6087212191619766 0.9084496462086811
0.6127616232023807 0.9084496462086811
0.6168020272427847 0.9084496462086811
0.6208424312831887 0.9084496462086811
0.6248828353235928 0.9084496462086811
0.6289232393639967 0.9084496462086811
0.6329636434044008 0.9084496462086811
0.6370040474448049 0.9084496462086811
0.6410444514852089 0.9084496462086811
0.645084855525613 0.9084496462086811
0.6491252595660171 0.9084496462086811
0.653165663606421 0.9084496462086811
0.6572060676468251 0.9084496462086811
0.661246471687229 0.9084496462086811
0.6652868757276331 0.9084496462086811
0.6693272797680372 0.9084496462086811
0.6733676838084413 0.9084496462086811
0.6774080878488453 0.9084496462086811
0.6814484918892494 0.9084496462086811
0.6854888959296535 0.9084496462086811
0.6895292999700574 0.9084496462086811
0.6935697040104615 0.9084496462086811
0.29356970401046145 0.912490050249085
0.2976101080508655 0.912490050249085
0.30165051209126953 0.912490050249085
0.30569091613167354 0.912490050249085
0.3097313201720776 0.912490050249085
0.3137717242124817 0.912490050249085
0.3178121282528857 0.912490050249085
0.32185253229328975 0.912490050249085
0.32589293633369376 0.912490050249085
0.3299333403740978 0.912490050249085
0.33397374441450184 0.912490050249085
0.3380141484549059 0.912490050249085
0.3420545524953099 0.912490050249085
0.346094956535714 0.912490050249085
0.35013536057611805 0.912490050249085
0.35417576461652206 0.912490050249085
0.4390242494650069 0.912490050249085
0.4430646535054109 0.912490050249085
0.447105057545815 0.912490050249085
0.45114546158621904 0.912490050249085
0.45518586562662305 0.912490050249085
0.4592262696670271 0.912490050249085
0.46326667370743113 0.912490050249085
0.4673070777478352 0.912490050249085
0.47134748178823926 0.912490050249085
0.4753878858286433 0.912490050249085
0.4794282898690473 0.912490050249085
0.48346869390945135 0.912490050249085
0.4875090979498554 0.912490050249085
0.49154950199025943 0.912490050249085
0.49558990603066344 0.912490050249085
0.4996303100710675 0.912490050249085
0.5036707141114716 0.912490050249085
0.5077111181518756 0.912490050249085
0.5117515221922796 0.912490050249085
0.5157919262326837 0.912490050249085
0.5198323302730877 0.912490050249085
0.5238727343134918 0.912490050249085
0.5279131383538958 0.912490050249085
0.5319535423942998 0.912490050249085
0.5359939464347039 0.912490050249085
0.540034350475108 0.912490050249085
0.544074754515512 0.912490050249085
0.548115158555916 0.912490050249085
0.55215556259632 0.912490050249085
0.5561959666367241 0.912490050249085
0.5602363706771281 0.912490050249085
0.5642767747175321 0.912490050249085
0.5683171787579362 0.912490050249085
0.5723575827983403 0.912490050249085
0.5763979868387443 0.912490050249085
0.5804383908791484 0.912490050249085
0.5844787949195523 0.912490050249085
0.5885191989599564 0.912490050249085
0.5925596030003604 0.912490050249085
0.5966000070407644 0.912490050249085
0.6006404110811685 0.912490050249085
0.6046808151215726 0.912490050249085
0.6087212191619766 0.912490050249085
0.6127616232023807 0.912490050249085
0.6168020272427847 0.912490050249085
0.6208424312831887 0.912490050249085
0.6248828353235928 0.912490050249085
0.6289232393639967 0.912490050249085
0.6329636434044008 0.912490050249085
0.6370040474448049 0.912490050249085
0.6410444514852089 0.912490050249085
0.645084855525613 0.912490050249085
0.6491252595660171 0.912490050249085
0.653165663606421 0.912490050249085
0.6572060676468251 0.912490050249085
0.661246471687229 0.912490050249085
0.6652868757276331 0.912490050249085
0.6693272797680372 0.912490050249085
0.6733676838084413 0.912490050249085
0.6774080878488453 0.912490050249085
0.6814484918892494 0.912490050249085
0.6854888959296535 0.912490050249085
0.6895292999700574 0.912490050249085
0.6935697040104615 0.912490050249085
0.29356970401046145 0.9165304542894891
0.2976101080508655 0.9165304542894891
0.30165051209126953 0.9165304542894891
0.30569091613167354 0.9165304542894891
0.3097313201720776 0.9165304542894891
0.3137717242124817 0.9165304542894891
0.3178121282528857 0.9165304542894891
0.32185253229328975 0.9165304542894891
0.32589293633369376 0.9165304542894891
0.3299333403740978 0.9165304542894891
0.33397374441450184 0.9165304542894891
0.3380141484549059 0.9165304542894891
0.3420545524953099 0.9165304542894891
0.346094956535714 0.9165304542894891
0.4309434413841988 0.9165304542894891
0.4349838454246029 0.9165304542894891
0.4390242494650069 0.9165304542894891
0.4430646535054109 0.9165304542894891
0.447105057545815 0.9165304542894891
0.45114546158621904 0.9165304542894891
0.45518586562662305 0.9165304542894891
0.4592262696670271 0.9165304542894891
0.46326667370743113 0.9165304542894891
0.4673070777478352 0.9165304542894891
0.47134748178823926 0.9165304542894891
0.4753878858286433 0.9165304542894891
0.4794282898690473 0.9165304542894891
0.48346869390945135 0.9165304542894891
0.4875090979498554 0.9165304542894891
0.49154950199025943 0.9165304542894891
0.49558990603066344 0.9165304542894891
0.4996303100710675 0.9165304542894891
0.5036707141114716 0.9165304542894891
0.5077111181518756 0.9165304542894891
0.5117515221922796 0.9165304542894891
0.5157919262326837 0.9165304542894891
0.5198323302730877 0.9165304542894891
0.5238727343134918 0.9165304542894891
0.5279131383538958 0.9165304542894891
0.5319535423942998 0.9165304542894891
0.5359939464347039 0.9165304542894891
0.540034350475108 0.9165304542894891
0.544074754515512 0.9165304542894891
0.548115158555916 0.9165304542894891
0.55215556259632 0.9165304542894891
0.5561959666367241 0.9165304542894891
0.5602363706771281 0.9165304542894891
0.5642767747175321 0.9165304542894891
0.5683171787579362 0.9165304542894891
0.5723575827983403 0.9165304542894891
0.5763979868387443 0.9165304542894891
0.5804383908791484 0.9165304542894891
0.5844787949195523 0.9165304542894891
0.5885191989599564 0.9165304542894891
0.5925596030003604 0.9165304542894891
0.5966000070407644 0.9165304542894891
0.6006404110811685 0.9165304542894891
0.6046808151215726 0.9165304542894891
0.6087212191619766 0.9165304542894891
0.6127616232023807 0.9165304542894891
0.6168020272427847 0.9165304542894891
0.6208424312831887 0.9165304542894891
0.6248828353235928 0.9165304542894891
0.6289232393639967 0.9165304542894891
0.6329636434044008 0.9165304542894891
0.6370040474448049 0.9165304542894891
0.6410444514852089 0.9165304542894891
0.645084855525613 0.9165304542894891
0.6491252595660171 0.9165304542894891
0.653165663606421 0.9165304542894891
0.6572060676468251 0.9165304542894891
0.661246471687229 0.9165304542894891
0.6652868757276331 0.9165304542894891
0.6693272797680372 0.9165304542894891
0.6733676838084413 0.9165304542894891
0.6774080878488453 0.9165304542894891
0.6814484918892494 0.9165304542894891
0.6854888959296535 0.9165304542894891
0.6895292999700574 0.9165304542894891
0.6935697040104615 0.9165304542894891
0.29356970401046145 0.920570858329893
0.2976101080508655 0.920570858329893
0.30165051209126953 0.920570858329893
0.30569091613167354 0.920570858329893
0.3097313201720776 0.920570858329893
0.3137717242124817 0.920570858329893
0.3178121282528857 0.920570858329893
0.32185253229328975 0.920570858329893
0.32589293633369376 0.920570858329893
0.3299333403740978 0.920570858329893
0.33397374441450184 0.920570858329893
0.42286263330339074 0.920570858329893
0.42690303734379476 0.920570858329893
0.4309434413841988 0.920570858329893
0.4349838454246029 0.920570858329893
0.4390242494650069 0.920570858329893
0.4430646535054109 0.920570858329893
0.447105057545815 0.920570858329893
0.45114546158621904 0.920570858329893
0.45518586562662305 0.920570858329893
0.4592262696670271 0.920570858329893
0.46326667370743113 0.920570858329893
0.4673070777478352 0.920570858329893
0.47134748178823926 0.920570858329893
0.4753878858286433 0.920570858329893
0.4794282898690473 0.920570858329893
0.48346869390945135 0.920570858329893
0.4875090979498554 0.920570858329893
0.49154950199025943 0.920570858329893
0.49558990603066344 0.920570858329893
0.4996303100710675 0.920570858329893
0.5036707141114716 0.920570858329893
0.5077111181518756 0.920570858329893
0.5117515221922796 0.920570858329893
0.5157919262326837 0.920570858329893
0.5198323302730877 0.920570858329893
0.5238727343134918 0.920570858329893
0.5279131383538958 0.920570858329893
0.5319535423942998 0.920570858329893
0.5359939464347039 0.920570858329893
0.540034350475108 0.920570858329893
0.544074754515512 0.920570858329893
0.548115158555916 0.920570858329893
0.55215556259632 0.920570858329893
0.5561959666367241 0.920570858329893
0.5602363706771281 0.920570858329893
0.5642767747175321 0.920570858329893
0.5683171787579362 0.920570858329893
0.5723575827983403 0.920570858329893
0.5763979868387443 0.920570858329893
0.5804383908791484 0.920570858329893
0.5844787949195523 0.920570858329893
0.5885191989599564 0.920570858329893
0.5925596030003604 0.920570858329893
0.5966000070407644 0.920570858329893
0.6006404110811685 0.920570858329893
0.6046808151215726 0.920570858329893
0.6087212191619766 0.920570858329893
0.6127616232023807 0.920570858329893
0.6168020272427847 0.920570858329893
0.6208424312831887 0.920570858329893
0.6248828353235928 0.920570858329893
0.6289232393639967 0.920570858329893
0.6329636434044008 0.920570858329893
0.6370040474448049 0.920570858329893
0.6410444514852089 0.920570858329893
0.645084855525613 0.920570858329893
0.6491252595660171 0.920570858329893
0.653165663606421 0.920570858329893
0.6572060676468251 0.920570858329893
0.661246471687229 0.920570858329893
0.6652868757276331 0.920570858329893
0.6693272797680372 0.920570858329893
0.6733676838084413 0.920570858329893
0.6774080878488453 0.920570858329893
0.6814484918892494 0.920570858329893
0.6854888959296535 0.920570858329893
0.6895292999700574 0.920570858329893
0.6935697040104615 0.920570858329893
0.29356970401046145 0.9246112623702971
0.2976101080508655 0.9246112623702971
0.30165051209126953 0.9246112623702971
0.30569091613167354 0.9246112623702971
0.3097313201720776 0.9246112623702971
0.3137717242124817 0.9246112623702971
0.3178121282528857 0.9246112623702971
0.32185253229328975 0.9246112623702971
0.4107414211821786 0.9246112623702971
0.41478182522258267 0.9246112623702971
0.41882222926298673 0.9246112623702971
0.42286263330339074 0.9246112623702971
0.42690303734379476 0.9246112623702971
0.4309434413841988 0.9246112623702971
0.4349838454246029 0.9246112623702971
0.4390242494650069 0.9246112623702971
0.4430646535054109 0.9246112623702971
0.447105057545815 0.9246112623702971
0.45114546158621904 0.9246112623702971
0.45518586562662305 0.9246112623702971
0.4592262696670271 0.9246112623702971
0.46326667370743113 0.9246112623702971
0.4673070777478352 0.9246112623702971
0.47134748178823926 0.9246112623702971
0.4753878858286433 0.9246112623702971
0.4794282898690473 0.9246112623702971
0.48346869390945135 0.9246112623702971
0.4875090979498554 0.9246112623702971
0.49154950199025943 0.9246112623702971
0.49558990603066344 0.9246112623702971
0.4996303100710675 0.9246112623702971
0.5036707141114716 0.9246112623702971
0.5077111181518756 0.9246112623702971
0.5117515221922796 0.9246112623702971
0.5157919262326837 0.9246112623702971
0.5198323302730877 0.9246112623702971
0.5238727343134918 0.9246112623702971
0.5279131383538958 0.9246112623702971
0.5319535423942998 0.9246112623702971
0.5359939464347039 0.9246112623702971
0.540034350475108 0.9246112623702971
0.544074754515512 0.9246112623702971
0.548115158555916 0.9246112623702971
0.55215556259632 0.9246112623702971
0.5561959666367241 0.9246112623702971
0.5602363706771281 0.9246112623702971
0.5642767747175321 0.9246112623702971
0.5683171787579362 0.9246112623702971
0.5723575827983403 0.9246112623702971
0.5763979868387443 0.9246112623702971
0.5804383908791484 0.9246112623702971
0.5844787949195523 0.9246112623702971
0.5885191989599564 0.9246112623702971
0.5925596030003604 0.9246112623702971
0.5966000070407644 0.9246112623702971
0.6006404110811685 0.9246112623702971
0.6046808151215726 0.9246112623702971
0.6087212191619766 0.9246112623702971
0.6127616232023807 0.9246112623702971
0.6168020272427847 0.9246112623702971
0.6208424312831887 0.9246112623702971
0.6248828353235928 0.9246112623702971
0.6289232393639967 0.9246112623702971
0.6329636434044008 0.9246112623702971
0.6370040474448049 0.9246112623702971
0.6410444514852089 0.9246112623702971
0.645084855525613 0.9246112623702971
0.6491252595660171 0.9246112623702971
0.653165663606421 0.9246112623702971
0.6572060676468251 0.9246112623702971
0.661246471687229 0.9246112623702971
0.6652868757276331 0.9246112623702971
0.6693272797680372 0.9246112623702971
0.6733676838084413 0.9246112623702971
0.6774080878488453 0.9246112623702971
0.6814484918892494 0.9246112623702971
0.6854888959296535 0.9246112623702971
0.6895292999700574 0.9246112623702971
0.6935697040104615 0.9246112623702971
0.29356970401046145 0.9286516664107012
0.2976101080508655 0.9286516664107012
0.30165051209126953 0.9286516664107012
0.30569091613167354 0.9286516664107012
0.3097313201720776 0.9286516664107012
0.4026606131013705 0.9286516664107012
0.4067010171417746 0.9286516664107012
0.4107414211821786 0.9286516664107012
0.41478182522258267 0.9286516664107012
0.41882222926298673 0.9286516664107012
0.42286263330339074 0.9286516664107012
0.42690303734379476 0.9286516664107012
0.4309434413841988 0.9286516664107012
0.4349838454246029 0.9286516664107012
0.4430646535054109 0.9286516664107012
0.447105057545815 0.9286516664107012
0.45114546158621904 0.9286516664107012
0.45518586562662305 0.9286516664107012
0.4592262696670271 0.9286516664107012
0.46326667370743113 0.9286516664107012
0.4673070777478352 0.9286516664107012
0.47134748178823926 0.9286516664107012
0.4753878858286433 0.9286516664107012
0.4794282898690473 0.9286516664107012
0.48346869390945135 0.9286516664107012
0.4875090979498554 0.9286516664107012
0.49154950199025943 0.9286516664107012
0.49558990603066344 0.9286516664107012
0.4996303100710675 0.9286516664107012
0.5036707141114716 0.9286516664107012
0.5077111181518756 0.9286516664107012
0.5117515221922796 0.9286516664107012
0.5157919262326837 0.9286516664107012
0.5198323302730877 0.9286516664107012
0.5238727343134918 0.9286516664107012
0.5279131383538958 0.9286516664107012
0.5319535423942998 0.9286516664107012
0.5359939464347039 0.9286516664107012
0.540034350475108 0.9286516664107012
0.544074754515512 0.9286516664107012
0.548115158555916 0.9286516664107012
0.55215556259632 0.9286516664107012
0.5561959666367241 0.9286516664107012
0.5602363706771281 0.9286516664107012
0.5642767747175321 0.9286516664107012
0.5683171787579362 0.9286516664107012
0.5723575827983403 0.9286516664107012
0.5763979868387443 0.9286516664107012
0.5804383908791484 0.9286516664107012
0.5844787949195523 0.9286516664107012
0.5885191989599564 0.9286516664107012
0.5925596030003604 0.9286516664107012
0.5966000070407644 0.9286516664107012
0.6006404110811685 0.9286516664107012
0.6046808151215726 0.9286516664107012
0.6087212191619766 0.9286516664107012
0.6127616232023807 0.9286516664107012
0.6168020272427847 0.9286516664107012
0.6208424312831887 0.9286516664107012
0.6248828353235928 0.9286516664107012
0.6289232393639967 0.9286516664107012
0.6329636434044008 0.9286516664107012
0.6370040474448049 0.9286516664107012
0.6410444514852089 0.9286516664107012
0.645084855525613 0.9286516664107012
0.6491252595660171 0.9286516664107012
0.653165663606421 0.9286516664107012
0.6572060676468251 0.9286516664107012
0.661246471687229 0.9286516664107012
0.6652868757276331 0.9286516664107012
0.6693272797680372 0.9286516664107012
0.6733676838084413 0.9286516664107012
0.6774080878488453 0.9286516664107012
0.6814484918892494 0.9286516664107012
0.6854888959296535 0.9286516664107012
0.6895292999700574 0.9286516664107012
0.6935697040104615 0.9286516664107012
0.29356970401046145 0.9326920704511052
0.2976101080508655 0.9326920704511052
0.39457980502056245 0.9326920704511052
0.3986202090609665 0.9326920704511052
0.4026606131013705 0.9326920704511052
0.4067010171417746 0.9326920704511052
0.4107414211821786 0.9326920704511052
0.41478182522258267 0.9326920704511052
0.41882222926298673 0.9326920704511052
0.42286263330339074 0.9326920704511052
0.42690303734379476 0.9326920704511052
0.4309434413841988 0.9326920704511052
0.4349838454246029 0.9326920704511052
0.4390242494650069 0.9326920704511052
0.4430646535054109 0.9326920704511052
0.447105057545815 0.9326920704511052
0.45114546158621904 0.9326920704511052
0.45518586562662305 0.9326920704511052
0.4592262696670271 0.9326920704511052
0.46326667370743113 0.9326920704511052
0.4673070777478352 0.9326920704511052
0.47134748178823926 0.9326920704511052
0.4753878858286433 0.9326920704511052
0.4794282898690473 0.9326920704511052
0.48346869390945135 0.9326920704511052
0.4875090979498554 0.9326920704511052
0.49154950199025943 0.9326920704511052
0.49558990603066344 0.9326920704511052
0.4996303100710675 0.9326920704511052
0.5036707141114716 0.9326920704511052
0.5077111181518756 0.9326920704511052
0.5117515221922796 0.9326920704511052
0.5157919262326837 0.9326920704511052
0.5198323302730877 0.9326920704511052
0.5238727343134918 0.9326920704511052
0.5279131383538958 0.9326920704511052
0.5319535423942998 0.9326920704511052
0.5359939464347039 0.9326920704511052
0.540034350475108 0.9326920704511052
0.544074754515512 0.9326920704511052
0.548115158555916 0.9326920704511052
0.55215556259632 0.9326920704511052
0.5561959666367241 0.9326920704511052
0.5602363706771281 0.9326920704511052
0.5642767747175321 0.9326920704511052
0.5683171787579362 0.9326920704511052
0.5723575827983403 0.9326920704511052
0.5763979868387443 0.9326920704511052
0.5804383908791484 0.9326920704511052
0.5844787949195523 0.9326920704511052
0.5885191989599564 0.9326920704511052
0.5925596030003604 0.9326920704511052
0.5966000070407644 0.9326920704511052
0.6006404110811685 0.9326920704511052
0.6046808151215726 0.9326920704511052
0.6087212191619766 0.9326920704511052
0.6127616232023807 0.9326920704511052
0.6168020272427847 0.9326920704511052
0.6208424312831887 0.9326920704511052
0.6248828353235928 0.9326920704511052
0.6289232393639967 0.9326920704511052
0.6329636434044008 0.9326920704511052
0.6370040474448049 0.9326920704511052
0.6410444514852089 0.9326920704511052
0.645084855525613 0.9326920704511052
0.6491252595660171 0.9326920704511052
0.653165663606421 0.9326920704511052
0.6572060676468251 0.9326920704511052
0.661246471687229 0.9326920704511052
0.6652868757276331 0.9326920704511052
0.6693272797680372 0.9326920704511052
0.6733676838084413 0.9326920704511052
0.6774080878488453 0.9326920704511052
0.6814484918892494 0.9326920704511052
0.6854888959296535 0.9326920704511052
0.6895292999700574 0.9326920704511052
0.6935697040104615 0.9326920704511052
0.38649899693975437 0.9367324744915093
0.39053940098015844 0.9367324744915093
0.39457980502056245 0.9367324744915093
0.3986202090609665 0.9367324744915093
0.4026606131013705 0.9367324744915093
0.4067010171417746 0.9367324744915093
0.4107414211821786 0.9367324744915093
0.41478182522258267 0.9367324744915093
0.41882222926298673 0.9367324744915093
0.42286263330339074 0.9367324744915093
0.42690303734379476 0.9367324744915093
0.4309434413841988 0.9367324744915093
0.4349838454246029 0.9367324744915093
0.4390242494650069 0.9367324744915093
0.4430646535054109 0.9367324744915093
0.447105057545815 0.9367324744915093
0.45114546158621904 0.9367324744915093
0.45518586562662305 0.9367324744915093
0.4592262696670271 0.9367324744915093
0.46326667370743113 0.9367324744915093
0.4673070777478352 0.9367324744915093
0.47134748178823926 0.9367324744915093
0.4753878858286433 0.9367324744915093
0.4794282898690473 0.9367324744915093
0.48346869390945135 0.9367324744915093
0.4875090979498554 0.9367324744915093
0.49154950199025943 0.9367324744915093
0.49558990603066344 0.9367324744915093
0.4996303100710675 0.9367324744915093
0.5036707141114716 0.9367324744915093
0.5077111181518756 0.9367324744915093
0.5117515221922796 0.9367324744915093
0.5157919262326837 0.9367324744915093
0.5198323302730877 0.9367324744915093
0.5238727343134918 0.9367324744915093
0.5279131383538958 0.9367324744915093
0.5319535423942998 0.9367324744915093
0.5359939464347039 0.9367324744915093
0.540034350475108 0.9367324744915093
0.544074754515512 0.9367324744915093
0.548115158555916 0.9367324744915093
0.55215556259632 0.9367324744915093
0.5561959666367241 0.9367324744915093
0.5602363706771281 0.9367324744915093
0.5642767747175321 0.9367324744915093
0.5683171787579362 0.9367324744915093
0.5723575827983403 0.9367324744915093
0.5763979868387443 0.9367324744915093
0.5804383908791484 0.9367324744915093
0.5844787949195523 0.9367324744915093
0.5885191989599564 0.9367324744915093
0.5925596030003604 0.9367324744915093
0.5966000070407644 0.9367324744915093
0.6006404110811685 0.9367324744915093
0.6046808151215726 0.9367324744915093
0.6087212191619766 0.9367324744915093
0.6127616232023807 0.9367324744915093
0.6168020272427847 0.9367324744915093
0.6208424312831887 0.9367324744915093
0.6248828353235928 0.9367324744915093
0.6289232393639967 0.9367324744915093
0.6329636434044008 0.9367324744915093
0.6370040474448049 0.9367324744915093
0.6410444514852089 0.9367324744915093
0.645084855525613 0.9367324744915093
0.6491252595660171 0.9367324744915093
0.653165663606421 0.9367324744915093
0.6572060676468251 0.9367324744915093
0.661246471687229 0.9367324744915093
0.6652868757276331 0.9367324744915093
0.6693272797680372 0.9367324744915093
0.6733676838084413 0.9367324744915093
0.6774080878488453 0.9367324744915093
0.6814484918892494 0.9367324744915093
0.6854888959296535 0.9367324744915093
0.6895292999700574 0.9367324744915093
0.6935697040104615 0.9367324744915093
0.3743777848185422 0.9407728785319134
0.3784181888589463 0.9407728785319134
0.38245859289935036 0.9407728785319134
0.38649899693975437 0.9407728785319134
0.39053940098015844 0.9407728785319134
0.39457980502056245 0.9407728785319134
0.3986202090609665 0.9407728785319134
0.4026606131013705 0.9407728785319134
0.4067010171417746 0.9407728785319134
0.4107414211821786 0.9407728785319134
0.41478182522258267 0.9407728785319134
0.41882222926298673 0.9407728785319134
0.42286263330339074 0.9407728785319134
0.42690303734379476 0.9407728785319134
0.4309434413841988 0.9407728785319134
0.4349838454246029 0.9407728785319134
0.4390242494650069 0.9407728785319134
0.4430646535054109 0.9407728785319134
0.447105057545815 0.9407728785319134
0.45114546158621904 0.9407728785319134
0.45518586562662305 0.9407728785319134
0.4592262696670271 0.9407728785319134
0.46326667370743113 0.9407728785319134
0.4673070777478352 0.9407728785319134
0.47134748178823926 0.9407728785319134
0.4753878858286433 0.9407728785319134
0.4794282898690473 0.9407728785319134
0.48346869390945135 0.9407728785319134
0.4875090979498554 0.9407728785319134
0.49154950199025943 0.9407728785319134
0.49558990603066344 0.9407728785319134
0.4996303100710675 0.9407728785319134
0.5036707141114716 0.9407728785319134
0.5077111181518756 0.9407728785319134
0.5117515221922796 0.9407728785319134
0.5157919262326837 0.9407728785319134
0.5198323302730877 0.9407728785319134
0.5238727343134918 0.9407728785319134
0.5279131383538958 0.9407728785319134
0.5319535423942998 0.9407728785319134
0.5359939464347039 0.9407728785319134
0.540034350475108 0.9407728785319134
0.544074754515512 0.9407728785319134
0.548115158555916 0.9407728785319134
0.55215556259632 0.9407728785319134
0.5561959666367241 0.9407728785319134
0.5602363706771281 0.9407728785319134
0.5642767747175321 0.9407728785319134
0.5683171787579362 0.9407728785319134
0.5723575827983403 0.9407728785319134
0.5763979868387443 0.9407728785319134
0.5804383908791484 0.9407728785319134
0.5844787949195523 0.9407728785319134
0.5885191989599564 0.9407728785319134
0.5925596030003604 0.9407728785319134
0.5966000070407644 0.9407728785319134
0.6006404110811685 0.9407728785319134
0.6046808151215726 0.9407728785319134
0.6087212191619766 0.9407728785319134
0.6127616232023807 0.9407728785319134
0.6168020272427847 0.9407728785319134
0.6208424312831887 0.9407728785319134
0.6248828353235928 0.9407728785319134
0.6289232393639967 0.9407728785319134
0.6329636434044008 0.9407728785319134
0.6370040474448049 0.9407728785319134
0.6410444514852089 0.9407728785319134
0.645084855525613 0.9407728785319134
0.6491252595660171 0.9407728785319134
0.653165663606421 0.9407728785319134
0.6572060676468251 0.9407728785319134
0.661246471687229 0.9407728785319134
0.6652868757276331 0.9407728785319134
0.6693272797680372 0.9407728785319134
0.6733676838084413 0.9407728785319134
0.6774080878488453 0.9407728785319134
0.6814484918892494 0.9407728785319134
0.6854888959296535 0.9407728785319134
0.6895292999700574 0.9407728785319134
0.6935697040104615 0.9407728785319134
0.3662969767377342 0.9448132825723174
0.3703373807781382 0.9448132825723174
0.3743777848185422 0.9448132825723174
0.3784181888589463 0.9448132825723174
0.38245859289935036 0.9448132825723174
0.38649899693975437 0.9448132825723174
0.39053940098015844 0.9448132825723174
0.39457980502056245 0.9448132825723174
0.3986202090609665 0.9448132825723174
0.4026606131013705 0.9448132825723174
0.4067010171417746 0.9448132825723174
0.4107414211821786 0.9448132825723174
0.41478182522258267 0.9448132825723174
0.41882222926298673 0.9448132825723174
0.42286263330339074 0.9448132825723174
0.42690303734379476 0.9448132825723174
0.4309434413841988 0.9448132825723174
0.4349838454246029 0.9448132825723174
0.4390242494650069 0.9448132825723174
0.4430646535054109 0.9448132825723174
0.447105057545815 0.9448132825723174
0.45114546158621904 0.9448132825723174
0.45518586562662305 0.9448132825723174
0.4592262696670271 0.9448132825723174
0.46326667370743113 0.9448132825723174
0.4673070777478352 0.9448132825723174
0.47134748178823926 0.9448132825723174
0.4753878858286433 0.9448132825723174
0.4794282898690473 0.9448132825723174
0.48346869390945135 0.9448132825723174
0.4875090979498554 0.9448132825723174
0.49154950199025943 0.9448132825723174
0.49558990603066344 0.9448132825723174
0.4996303100710675 0.9448132825723174
0.5036707141114716 0.9448132825723174
0.5077111181518756 0.9448132825723174
0.5117515221922796 0.9448132825723174
0.5157919262326837 0.9448132825723174
0.5198323302730877 0.9448132825723174
0.5238727343134918 0.9448132825723174
0.5279131383538958 0.9448132825723174
0.5319535423942998 0.9448132825723174
0.5359939464347039 0.9448132825723174
0.540034350475108 0.9448132825723174
0.544074754515512 0.9448132825723174
0.548115158555916 0.9448132825723174
0.55215556259632 0.9448132825723174
0.5561959666367241 0.9448132825723174
0.5602363706771281 0.9448132825723174
0.5642767747175321 0.9448132825723174
0.5683171787579362 0.9448132825723174
0.5723575827983403 0.9448132825723174
0.5763979868387443 0.9448132825723174
0.5804383908791484 0.9448132825723174
0.5844787949195523 0.9448132825723174
0.5885191989599564 0.9448132825723174
0.5925596030003604 0.9448132825723174
0.5966000070407644 0.9448132825723174
0.6006404110811685 0.9448132825723174
0.6046808151215726 0.9448132825723174
0.6087212191619766 0.9448132825723174
0.6127616232023807 0.9448132825723174
0.6168020272427847 0.9448132825723174
0.6208424312831887 0.9448132825723174
0.6248828353235928 0.9448132825723174
0.6289232393639967 0.9448132825723174
0.6329636434044008 0.9448132825723174
0.6370040474448049 0.9448132825723174
0.6410444514852089 0.9448132825723174
0.645084855525613 0.9448132825723174
0.6491252595660171 0.9448132825723174
0.653165663606421 0.9448132825723174
0.6572060676468251 0.9448132825723174
0.661246471687229 0.9448132825723174
0.6652868757276331 0.9448132825723174
0.6693272797680372 0.9448132825723174
0.6733676838084413 0.9448132825723174
0.6774080878488453 0.9448132825723174
0.6814484918892494 0.9448132825723174
0.6854888959296535 0.9448132825723174
0.6895292999700574 0.9448132825723174
0.6935697040104615 0.9448132825723174
0.35417576461652206 0.9488536866127214
0.35821616865692607 0.9488536866127214
0.36225657269733014 0.9488536866127214
0.3662969767377342 0.9488536866127214
0.3703373807781382 0.9488536866127214
0.3743777848185422 0.9488536866127214
0.3784181888589463 0.9488536866127214
0.38245859289935036 0.9488536866127214
0.38649899693975437 0.9488536866127214
0.39053940098015844 0.9488536866127214
0.39457980502056245 0.9488536866127214
0.3986202090609665 0.9488536866127214
0.4026606131013705 0.9488536866127214
0.4067010171417746 0.9488536866127214
0.4107414211821786 0.9488536866127214
0.41478182522258267 0.9488536866127214
0.41882222926298673 0.9488536866127214
0.42286263330339074 0.9488536866127214
0.42690303734379476 0.9488536866127214
0.4309434413841988 0.9488536866127214
0.4349838454246029 0.9488536866127214
0.4390242494650069 0.9488536866127214
0.4430646535054109 0.9488536866127214
0.447105057545815 0.9488536866127214
0.45114546158621904 0.9488536866127214
0.45518586562662305 0.9488536866127214
0.4592262696670271 0.9488536866127214
0.46326667370743113 0.9488536866127214
0.4673070777478352 0.9488536866127214
0.47134748178823926 0.9488536866127214
0.4753878858286433 0.9488536866127214
0.4794282898690473 0.9488536866127214
0.48346869390945135 0.9488536866127214
0.4875090979498554 0.9488536866127214
0.49154950199025943 0.9488536866127214
0.49558990603066344 0.9488536866127214
0.4996303100710675 0.9488536866127214
0.5036707141114716 0.9488536866127214
0.5077111181518756 0.9488536866127214
0.5117515221922796 0.9488536866127214
0.5157919262326837 0.9488536866127214
0.5198323302730877 0.9488536866127214
0.5238727343134918 0.9488536866127214
0.5279131383538958 0.9488536866127214
0.5319535423942998 0.9488536866127214
0.5359939464347039 0.9488536866127214
0.540034350475108 0.9488536866127214
0.544074754515512 0.9488536866127214
0.548115158555916 0.9488536866127214
0.55215556259632 0.9488536866127214
0.5561959666367241 0.9488536866127214
0.5602363706771281 0.9488536866127214
0.5642767747175321 0.9488536866127214
0.5683171787579362 0.9488536866127214
0.5723575827983403 0.9488536866127214
0.5763979868387443 0.9488536866127214
0.5804383908791484 0.9488536866127214
0.5844787949195523 0.9488536866127214
0.5885191989599564 0.9488536866127214
0.5925596030003604 0.9488536866127214
0.5966000070407644 0.9488536866127214
0.6006404110811685 0.9488536866127214
0.6046808151215726 0.9488536866127214
0.6087212191619766 0.9488536866127214
0.6127616232023807 0.9488536866127214
0.6168020272427847 0.9488536866127214
0.6208424312831887 0.9488536866127214
0.6248828353235928 0.9488536866127214
0.6289232393639967 0.9488536866127214
0.6329636434044008 0.9488536866127214
0.6370040474448049 0.9488536866127214
0.6410444514852089 0.9488536866127214
0.645084855525613 0.9488536866127214
0.6491252595660171 0.9488536866127214
0.653165663606421 0.9488536866127214
0.6572060676468251 0.9488536866127214
0.661246471687229 0.9488536866127214
0.6652868757276331 0.9488536866127214
0.6693272797680372 0.9488536866127214
0.6733676838084413 0.9488536866127214
0.6774080878488453 0.9488536866127214
0.6814484918892494 0.9488536866127214
0.6854888959296535 0.9488536866127214
0.6895292999700574 0.9488536866127214
0.6935697040104615 0.9488536866127214
0.3420545524953099 0.9528940906531255
0.346094956535714 0.9528940906531255
0.35013536057611805 0.9528940906531255
0.35417576461652206 0.9528940906531255
0.35821616865692607 0.9528940906531255
0.36225657269733014 0.9528940906531255
0.3662969767377342 0.9528940906531255
0.3703373807781382 0.9528940906531255
0.3743777848185422 0.9528940906531255
0.3784181888589463 0.9528940906531255
0.38245859289935036 0.9528940906531255
0.38649899693975437 0.9528940906531255
0.39053940098015844 0.9528940906531255
0.39457980502056245 0.9528940906531255
0.3986202090609665 0.9528940906531255
0.4026606131013705 0.9528940906531255
0.4067010171417746 0.9528940906531255
0.4107414211821786 0.9528940906531255
0.41478182522258267 0.9528940906531255
0.41882222926298673 0.9528940906531255
0.42286263330339074 0.9528940906531255
0.42690303734379476 0.9528940906531255
0.4309434413841988 0.9528940906531255
0.4349838454246029 0.9528940906531255
0.4390242494650069 0.9528940906531255
0.4430646535054109 0.9528940906531255
0.447105057545815 0.9528940906531255
0.45114546158621904 0.9528940906531255
0.45518586562662305 0.9528940906531255
0.4592262696670271 0.9528940906531255
0.46326667370743113 0.9528940906531255
0.4673070777478352 0.9528940906531255
0.47134748178823926 0.9528940906531255
0.4753878858286433 0.9528940906531255
0.4794282898690473 0.9528940906531255
0.48346869390945135 0.9528940906531255
0.4875090979498554 0.9528940906531255
0.49154950199025943 0.9528940906531255
0.49558990603066344 0.9528940906531255
0.4996303100710675 0.9528940906531255
0.5036707141114716 0.9528940906531255
0.5077111181518756 0.9528940906531255
0.5117515221922796 0.9528940906531255
0.5157919262326837 0.9528940906531255
0.5198323302730877 0.9528940906531255
0.5238727343134918 0.9528940906531255
0.5279131383538958 0.9528940906531255
0.5319535423942998 0.9528940906531255
0.5359939464347039 0.9528940906531255
0.540034350475108 0.9528940906531255
0.544074754515512 0.9528940906531255
0.548115158555916 0.9528940906531255
0.55215556259632 0.9528940906531255
0.5561959666367241 0.9528940906531255
0.5602363706771281 0.9528940906531255
0.5642767747175321 0.9528940906531255
0.5683171787579362 0.9528940906531255
0.5723575827983403 0.9528940906531255
0.5763979868387443 0.9528940906531255
0.5804383908791484 0.9528940906531255
0.5844787949195523 0.9528940906531255
0.5885191989599564 0.9528940906531255
0.5925596030003604 0.9528940906531255
0.5966000070407644 0.9528940906531255
0.6006404110811685 0.9528940906531255
0.6046808151215726 0.9528940906531255
0.6087212191619766 0.9528940906531255
0.6127616232023807 0.9528940906531255
0.6168020272427847 0.9528940906531255
0.6208424312831887 0.9528940906531255
0.6248828353235928 0.9528940906531255
0.6289232393639967 0.9528940906531255
0.6329636434044008 0.9528940906531255
0.6370040474448049 0.9528940906531255
0.6410444514852089 0.9528940906531255
0.645084855525613 0.9528940906531255
0.6491252595660171 0.9528940906531255
0.653165663606421 0.9528940906531255
0.6572060676468251 0.9528940906531255
0.661246471687229 0.9528940906531255
0.6652868757276331 0.9528940906531255
0.6693272797680372 0.9528940906531255
0.6733676838084413 0.9528940906531255
0.6774080878488453 0.9528940906531255
0.6814484918892494 0.9528940906531255
0.6854888959296535 0.9528940906531255
0.6895292999700574 0.9528940906531255
0.6935697040104615 0.9528940906531255
0.33397374441450184 0.9569344946935294
0.3380141484549059 0.9569344946935294
0.3420545524953099 0.9569344946935294
0.346094956535714 0.9569344946935294
0.35013536057611805 0.9569344946935294
0.35417576461652206 0.9569344946935294
0.35821616865692607 0.9569344946935294
0.36225657269733014 0.9569344946935294
0.3662969767377342 0.9569344946935294
0.3703373807781382 0.9569344946935294
0.3743777848185422 0.9569344946935294
0.3784181888589463 0.9569344946935294
0.38245859289935036 0.9569344946935294
0.38649899693975437 0.9569344946935294
0.39053940098015844 0.9569344946935294
0.39457980502056245 0.9569344946935294
0.3986202090609665 0.9569344946935294
0.4026606131013705 0.9569344946935294
0.4067010171417746 0.9569344946935294
0.4107414211821786 0.9569344946935294
0.41478182522258267 0.9569344946935294
0.41882222926298673 0.9569344946935294
0.42286263330339074 0.9569344946935294
0.42690303734379476 0.9569344946935294
0.4309434413841988 0.9569344946935294
0.4349838454246029 0.9569344946935294
0.4390242494650069 0.9569344946935294
0.4430646535054109 0.9569344946935294
0.447105057545815 0.9569344946935294
0.45114546158621904 0.9569344946935294
0.45518586562662305 0.9569344946935294
0.4592262696670271 0.9569344946935294
0.46326667370743113 0.9569344946935294
0.4673070777478352 0.9569344946935294
0.47134748178823926 0.9569344946935294
0.4753878858286433 0.9569344946935294
0.4794282898690473 0.9569344946935294
0.48346869390945135 0.9569344946935294
0.4875090979498554 0.9569344946935294
0.49154950199025943 0.9569344946935294
0.49558990603066344 0.9569344946935294
0.4996303100710675 0.9569344946935294
0.5036707141114716 0.9569344946935294
0.5077111181518756 0.9569344946935294
0.5117515221922796 0.9569344946935294
0.5157919262326837 0.9569344946935294
0.5198323302730877 0.9569344946935294
0.5238727343134918 0.9569344946935294
0.5279131383538958 0.9569344946935294
0.5319535423942998 0.9569344946935294
0.5359939464347039 0.9569344946935294
0.540034350475108 0.9569344946935294
0.544074754515512 0.9569344946935294
0.548115158555916 0.9569344946935294
0.55215556259632 0.9569344946935294
0.5561959666367241 0.9569344946935294
0.5602363706771281 0.9569344946935294
0.5642767747175321 0.9569344946935294
0.5683171787579362 0.9569344946935294
0.5723575827983403 0.9569344946935294
0.5763979868387443 0.9569344946935294
0.5804383908791484 0.9569344946935294
0.5844787949195523 0.9569344946935294
0.5885191989599564 0.9569344946935294
0.5925596030003604 0.9569344946935294
0.5966000070407644 0.9569344946935294
0.6006404110811685 0.9569344946935294
0.6046808151215726 0.9569344946935294
0.6087212191619766 0.9569344946935294
0.6127616232023807 0.9569344946935294
0.6168020272427847 0.9569344946935294
0.6208424312831887 0.9569344946935294
0.6248828353235928 0.9569344946935294
0.6289232393639967 0.9569344946935294
0.6329636434044008 0.9569344946935294
0.6370040474448049 0.9569344946935294
0.6410444514852089 0.9569344946935294
0.645084855525613 0.9569344946935294
0.6491252595660171 0.9569344946935294
0.653165663606421 0.9569344946935294
0.6572060676468251 0.9569344946935294
0.661246471687229 0.9569344946935294
0.6652868757276331 0.9569344946935294
0.6693272797680372 0.9569344946935294
0.6733676838084413 0.9569344946935294
0.6774080878488453 0.9569344946935294
0.6814484918892494 0.9569344946935294
0.6854888959296535 0.9569344946935294
0.6895292999700574 0.9569344946935294
0.6935697040104615 0.9569344946935294
0.32185253229328975 0.9609748987339335
0.32589293633369376 0.9609748987339335
0.3299333403740978 0.9609748987339335
0.33397374441450184 0.9609748987339335
0.3380141484549059 0.9609748987339335
0.3420545524953099 0.9609748987339335
0.346094956535714 0.9609748987339335
0.35013536057611805 0.9609748987339335
0.35417576461652206 0.9609748987339335
0.35821616865692607 0.9609748987339335
0.36225657269733014 0.9609748987339335
0.3662969767377342 0.9609748987339335
0.3703373807781382 0.9609748987339335
0.3743777848185422 0.9609748987339335
0.3784181888589463 0.9609748987339335
0.38245859289935036 0.9609748987339335
0.38649899693975437 0.9609748987339335
0.39053940098015844 0.9609748987339335
0.39457980502056245 0.9609748987339335
0.3986202090609665 0.9609748987339335
0.4026606131013705 0.9609748987339335
0.4067010171417746 0.9609748987339335
0.4107414211821786 0.9609748987339335
0.41478182522258267 0.9609748987339335
0.41882222926298673 0.9609748987339335
0.42286263330339074 0.9609748987339335
0.42690303734379476 0.9609748987339335
0.4309434413841988 0.9609748987339335
0.4349838454246029 0.9609748987339335
0.4390242494650069 0.9609748987339335
0.4430646535054109 0.9609748987339335
0.447105057545815 0.9609748987339335
0.45114546158621904 0.9609748987339335
0.45518586562662305 0.9609748987339335
0.4592262696670271 0.9609748987339335
0.46326667370743113 0.9609748987339335
0.4673070777478352 0.9609748987339335
0.47134748178823926 0.9609748987339335
0.4753878858286433 0.9609748987339335
0.4794282898690473 0.9609748987339335
0.48346869390945135 0.9609748987339335
0.4875090979498554 0.9609748987339335
0.49154950199025943 0.9609748987339335
0.49558990603066344 0.9609748987339335
0.4996303100710675 0.9609748987339335
0.5036707141114716 0.9609748987339335
0.5077111181518756 0.9609748987339335
0.5117515221922796 0.9609748987339335
0.5157919262326837 0.9609748987339335
0.5198323302730877 0.9609748987339335
0.5238727343134918 0.9609748987339335
0.5279131383538958 0.9609748987339335
0.5319535423942998 0.9609748987339335
0.5359939464347039 0.9609748987339335
0.540034350475108 0.9609748987339335
0.544074754515512 0.9609748987339335
0.548115158555916 0.9609748987339335
0.55215556259632 0.9609748987339335
0.5561959666367241 0.9609748987339335
0.5602363706771281 0.9609748987339335
0.5642767747175321 0.9609748987339335
0.5683171787579362 0.9609748987339335
0.5723575827983403 0.9609748987339335
0.5763979868387443 0.9609748987339335
0.5804383908791484 0.9609748987339335
0.5844787949195523 0.9609748987339335
0.5885191989599564 0.9609748987339335
0.5925596030003604 0.9609748987339335
0.5966000070407644 0.9609748987339335
0.6006404110811685 0.9609748987339335
0.6046808151215726 0.9609748987339335
0.6087212191619766 0.9609748987339335
0.6127616232023807 0.9609748987339335
0.6168020272427847 0.9609748987339335
0.6208424312831887 0.9609748987339335
0.6248828353235928 0.9609748987339335
0.6289232393639967 0.9609748987339335
0.6329636434044008 0.9609748987339335
0.6370040474448049 0.9609748987339335
0.6410444514852089 0.9609748987339335
0.645084855525613 0.9609748987339335
0.6491252595660171 0.9609748987339335
0.653165663606421 0.9609748987339335
0.6572060676468251 0.9609748987339335
0.661246471687229 0.9609748987339335
0.6652868757276331 0.9609748987339335
0.6693272797680372 0.9609748987339335
0.6733676838084413 0.9609748987339335
0.6774080878488453 0.9609748987339335
0.6814484918892494 0.9609748987339335
0.6854888959296535 0.9609748987339335
0.6895292999700574 0.9609748987339335
0.6935697040104615 0.9609748987339335
0.3097313201720776 0.9650153027743376
0.3137717242124817 0.9650153027743376
0.3178121282528857 0.9650153027743376
0.32185253229328975 0.9650153027743376
0.32589293633369376 0.9650153027743376
0.3299333403740978 0.9650153027743376
0.33397374441450184 0.9650153027743376
0.3380141484549059 0.9650153027743376
0.3420545524953099 0.9650153027743376
0.346094956535714 0.9650153027743376
0.35013536057611805 0.9650153027743376
0.35417576461652206 0.9650153027743376
0.35821616865692607 0.9650153027743376
0.36225657269733014 0.9650153027743376
0.3662969767377342 0.9650153027743376
0.3703373807781382 0.9650153027743376
0.3743777848185422 0.9650153027743376
0.3784181888589463 0.9650153027743376
0.38245859289935036 0.9650153027743376
0.38649899693975437 0.9650153027743376
0.39053940098015844 0.9650153027743376
0.39457980502056245 0.9650153027743376
0.3986202090609665 0.9650153027743376
0.4026606131013705 0.9650153027743376
0.4067010171417746 0.9650153027743376
0.4107414211821786 0.9650153027743376
0.41478182522258267 0.9650153027743376
0.41882222926298673 0.9650153027743376
0.42286263330339074 0.9650153027743376
0.42690303734379476 0.9650153027743376
0.4309434413841988 0.9650153027743376
0.4349838454246029 0.9650153027743376
0.4390242494650069 0.9650153027743376
0.4430646535054109 0.9650153027743376
0.447105057545815 0.9650153027743376
0.45114546158621904 0.9650153027743376
0.45518586562662305 0.9650153027743376
0.4592262696670271 0.9650153027743376
0.46326667370743113 0.9650153027743376
0.4673070777478352 0.9650153027743376
0.47134748178823926 0.9650153027743376
0.4753878858286433 0.9650153027743376
0.4794282898690473 0.9650153027743376
0.48346869390945135 0.9650153027743376
0.4875090979498554 0.9650153027743376
0.49154950199025943 0.9650153027743376
0.49558990603066344 0.9650153027743376
0.4996303100710675 0.9650153027743376
0.5036707141114716 0.9650153027743376
0.5077111181518756 0.9650153027743376
0.5117515221922796 0.9650153027743376
0.5157919262326837 0.9650153027743376
0.5198323302730877 0.9650153027743376
0.5238727343134918 0.9650153027743376
0.5279131383538958 0.9650153027743376
0.5319535423942998 0.9650153027743376
0.5359939464347039 0.9650153027743376
0.540034350475108 0.9650153027743376
0.544074754515512 0.9650153027743376
0.548115158555916 0.9650153027743376
0.55215556259632 0.9650153027743376
0.5561959666367241 0.9650153027743376
0.5602363706771281 0.9650153027743376
0.5642767747175321 0.9650153027743376
0.5683171787579362 0.9650153027743376
0.5723575827983403 0.9650153027743376
0.5763979868387443 0.9650153027743376
0.5804383908791484 0.9650153027743376
0.5844787949195523 0.9650153027743376
0.5885191989599564 0.9650153027743376
0.5925596030003604 0.9650153027743376
0.5966000070407644 0.9650153027743376
0.6006404110811685 0.9650153027743376
0.6046808151215726 0.9650153027743376
0.6087212191619766 0.9650153027743376
0.6127616232023807 0.9650153027743376
0.6168020272427847 0.9650153027743376
0.6208424312831887 0.9650153027743376
0.6248828353235928 0.9650153027743376
0.6289232393639967 0.9650153027743376
0.6329636434044008 0.9650153027743376
0.6370040474448049 0.9650153027743376
0.6410444514852089 0.9650153027743376
0.645084855525613 0.9650153027743376
0.6491252595660171 0.9650153027743376
0.653165663606421 0.9650153027743376
0.6572060676468251 0.9650153027743376
0.661246471687229 0.9650153027743376
0.6652868757276331 0.9650153027743376
0.6693272797680372 0.9650153027743376
0.6733676838084413 0.9650153027743376
0.6774080878488453 0.9650153027743376
0.6814484918892494 0.9650153027743376
0.6854888959296535 0.9650153027743376
0.6895292999700574 0.9650153027743376
0.6935697040104615 0.9650153027743376
0.29356970401046145 0.9690557068147416
0.2976101080508655 0.9690557068147416
0.30165051209126953 0.9690557068147416
0.30569091613167354 0.9690557068147416
0.3097313201720776 0.9690557068147416
0.3137717242124817 0.9690557068147416
0.3178121282528857 0.9690557068147416
0.32185253229328975 0.9690557068147416
0.32589293633369376 0.9690557068147416
0.3299333403740978 0.9690557068147416
0.33397374441450184 0.9690557068147416
0.3380141484549059 0.9690557068147416
0.3420545524953099 0.9690557068147416
0.346094956535714 0.9690557068147416
0.35013536057611805 0.9690557068147416
0.35417576461652206 0.9690557068147416
0.35821616865692607 0.9690557068147416
0.36225657269733014 0.9690557068147416
0.3662969767377342 0.9690557068147416
0.3703373807781382 0.9690557068147416
0.3743777848185422 0.9690557068147416
0.3784181888589463 0.9690557068147416
0.38245859289935036 0.9690557068147416
0.38649899693975437 0.9690557068147416
0.39053940098015844 0.9690557068147416
0.39457980502056245 0.9690557068147416
0.3986202090609665 0.9690557068147416
0.4026606131013705 0.9690557068147416
0.4067010171417746 0.9690557068147416
0.4107414211821786 0.9690557068147416
0.41478182522258267 0.9690557068147416
0.41882222926298673 0.9690557068147416
0.42286263330339074 0.9690557068147416
0.42690303734379476 0.9690557068147416
0.4309434413841988 0.9690557068147416
0.4349838454246029 0.9690557068147416
0.4390242494650069 0.9690557068147416
0.4430646535054109 0.9690557068147416
0.447105057545815 0.9690557068147416
0.45114546158621904 0.9690557068147416
0.45518586562662305 0.9690557068147416
0.4592262696670271 0.9690557068147416
0.46326667370743113 0.9690557068147416
0.4673070777478352 0.9690557068147416
0.47134748178823926 0.9690557068147416
0.4753878858286433 0.9690557068147416
0.4794282898690473 0.9690557068147416
0.48346869390945135 0.9690557068147416
0.4875090979498554 0.9690557068147416
0.49154950199025943 0.9690557068147416
0.49558990603066344 0.9690557068147416
0.4996303100710675 0.9690557068147416
0.5036707141114716 0.9690557068147416
0.5077111181518756 0.9690557068147416
0.5117515221922796 0.9690557068147416
0.5157919262326837 0.9690557068147416
0.5198323302730877 0.9690557068147416
0.5238727343134918 0.9690557068147416
0.5279131383538958 0.9690557068147416
0.5319535423942998 0.9690557068147416
0.5359939464347039 0.9690557068147416
0.540034350475108 0.9690557068147416
0.544074754515512 0.9690557068147416
0.548115158555916 0.9690557068147416
0.55215556259632 0.9690557068147416
0.5561959666367241 0.9690557068147416
0.5602363706771281 0.9690557068147416
0.5642767747175321 0.9690557068147416
0.5683171787579362 0.9690557068147416
0.5723575827983403 0.9690557068147416
0.5763979868387443 0.9690557068147416
0.5804383908791484 0.9690557068147416
0.5844787949195523 0.9690557068147416
0.5885191989599564 0.9690557068147416
0.5925596030003604 0.9690557068147416
0.5966000070407644 0.9690557068147416
0.6006404110811685 0.9690557068147416
0.6046808151215726 0.9690557068147416
0.6087212191619766 0.9690557068147416
0.6127616232023807 0.9690557068147416
0.6168020272427847 0.9690557068147416
0.6208424312831887 0.9690557068147416
0.6248828353235928 0.9690557068147416
0.6289232393639967 0.9690557068147416
0.6329636434044008 0.9690557068147416
0.6370040474448049 0.9690557068147416
0.6410444514852089 0.9690557068147416
0.645084855525613 0.9690557068147416
0.6491252595660171 0.9690557068147416
0.653165663606421 0.9690557068147416
0.6572060676468251 0.9690557068147416
0.661246471687229 0.9690557068147416
0.6652868757276331 0.9690557068147416
0.6693272797680372 0.9690557068147416
0.6733676838084413 0.9690557068147416
0.6774080878488453 0.9690557068147416
0.6814484918892494 0.9690557068147416
0.6854888959296535 0.9690557068147416
0.6895292999700574 0.9690557068147416
0.6935697040104615 0.9690557068147416
0.29356970401046145 0.9730961108551457
0.2976101080508655 0.9730961108551457
0.30165051209126953 0.9730961108551457
0.30569091613167354 0.9730961108551457
0.3097313201720776 0.9730961108551457
0.3137717242124817 0.9730961108551457
0.3178121282528857 0.9730961108551457
0.32185253229328975 0.9730961108551457
0.32589293633369376 0.9730961108551457
0.3299333403740978 0.9730961108551457
0.33397374441450184 0.9730961108551457
0.3380141484549059 0.9730961108551457
0.3420545524953099 0.9730961108551457
0.346094956535714 0.9730961108551457
0.35013536057611805 0.9730961108551457
0.35417576461652206 0.9730961108551457
0.35821616865692607 0.9730961108551457
0.36225657269733014 0.9730961108551457
0.3662969767377342 0.9730961108551457
0.3703373807781382 0.9730961108551457
0.3743777848185422 0.9730961108551457
0.3784181888589463 0.9730961108551457
0.38245859289935036 0.9730961108551457
0.38649899693975437 0.9730961108551457
0.39053940098015844 0.9730961108551457
0.39457980502056245 0.9730961108551457
0.3986202090609665 0.9730961108551457
0.4026606131013705 0.9730961108551457
0.4067010171417746 0.9730961108551457
0.4107414211821786 0.9730961108551457
0.41478182522258267 0.9730961108551457
0.41882222926298673 0.9730961108551457
0.42286263330339074 0.9730961108551457
0.42690303734379476 0.9730961108551457
0.4309434413841988 0.9730961108551457
0.4349838454246029 0.9730961108551457
0.4390242494650069 0.9730961108551457
0.4430646535054109 0.9730961108551457
0.447105057545815 0.9730961108551457
0.45114546158621904 0.9730961108551457
0.45518586562662305 0.9730961108551457
0.4592262696670271 0.9730961108551457
0.46326667370743113 0.9730961108551457
0.4673070777478352 0.9730961108551457
0.47134748178823926 0.9730961108551457
0.4753878858286433 0.9730961108551457
0.4794282898690473 0.9730961108551457
0.48346869390945135 0.9730961108551457
0.4875090979498554 0.9730961108551457
0.49154950199025943 0.9730961108551457
0.49558990603066344 0.9730961108551457
0.4996303100710675 0.9730961108551457
0.5036707141114716 0.9730961108551457
0.5077111181518756 0.9730961108551457
0.5117515221922796 0.9730961108551457
0.5157919262326837 0.9730961108551457
0.5198323302730877 0.9730961108551457
0.5238727343134918 0.9730961108551457
0.5279131383538958 0.9730961108551457
0.5319535423942998 0.9730961108551457
0.5359939464347039 0.9730961108551457
0.540034350475108 0.9730961108551457
0.544074754515512 0.9730961108551457
0.548115158555916 0.9730961108551457
0.55215556259632 0.9730961108551457
0.5561959666367241 0.9730961108551457
0.5602363706771281 0.9730961108551457
0.5642767747175321 0.9730961108551457
0.5683171787579362 0.9730961108551457
0.5723575827983403 0.9730961108551457
0.5763979868387443 0.9730961108551457
0.5804383908791484 0.9730961108551457
0.5844787949195523 0.9730961108551457
0.5885191989599564 0.9730961108551457
0.5925596030003604 0.9730961108551457
0.5966000070407644 0.9730961108551457
0.6006404110811685 0.9730961108551457
0.6046808151215726 0.9730961108551457
0.6087212191619766 0.9730961108551457
0.6127616232023807 0.9730961108551457
0.6168020272427847 0.9730961108551457
0.6208424312831887 0.9730961108551457
0.6248828353235928 0.9730961108551457
0.6289232393639967 0.9730961108551457
0.6329636434044008 0.9730961108551457
0.6370040474448049 0.9730961108551457
0.6410444514852089 0.9730961108551457
0.645084855525613 0.9730961108551457
0.6491252595660171 0.9730961108551457
0.653165663606421 0.9730961108551457
0.6572060676468251 0.9730961108551457
0.661246471687229 0.9730961108551457
0.6652868757276331 0.9730961108551457
0.6693272797680372 0.9730961108551457
0.6733676838084413 0.9730961108551457
0.6774080878488453 0.9730961108551457
0.6814484918892494 0.9730961108551457
0.6854888959296535 0.9730961108551457
0.6895292999700574 0.9730961108551457
0.6935697040104615 0.9730961108551457
0.29356970401046145 0.9771365148955498
0.2976101080508655 0.9771365148955498
0.30165051209126953 0.9771365148955498
0.30569091613167354 0.9771365148955498
0.3097313201720776 0.9771365148955498
0.3137717242124817 0.9771365148955498
0.3178121282528857 0.9771365148955498
0.32185253229328975 0.9771365148955498
0.32589293633369376 0.9771365148955498
0.3299333403740978 0.9771365148955498
0.33397374441450184 0.9771365148955498
0.3380141484549059 0.9771365148955498
0.3420545524953099 0.9771365148955498
0.346094956535714 0.9771365148955498
0.35013536057611805 0.9771365148955498
0.35417576461652206 0.9771365148955498
0.35821616865692607 0.9771365148955498
0.36225657269733014 0.9771365148955498
0.3662969767377342 0.9771365148955498
0.3703373807781382 0.9771365148955498
0.3743777848185422 0.9771365148955498
0.3784181888589463 0.9771365148955498
0.38245859289935036 0.9771365148955498
0.38649899693975437 0.9771365148955498
0.39053940098015844 0.9771365148955498
0.39457980502056245 0.9771365148955498
0.3986202090609665 0.9771365148955498
0.4026606131013705 0.9771365148955498
0.4067010171417746 0.9771365148955498
0.4107414211821786 0.9771365148955498
0.41478182522258267 0.9771365148955498
0.41882222926298673 0.9771365148955498
0.42286263330339074 0.9771365148955498
0.42690303734379476 0.9771365148955498
0.4309434413841988 0.9771365148955498
0.4349838454246029 0.9771365148955498
0.4390242494650069 0.9771365148955498
0.4430646535054109 0.9771365148955498
0.447105057545815 0.9771365148955498
0.45114546158621904 0.9771365148955498
0.45518586562662305 0.9771365148955498
0.4592262696670271 0.9771365148955498
0.46326667370743113 0.9771365148955498
0.4673070777478352 0.9771365148955498
0.47134748178823926 0.9771365148955498
0.4753878858286433 0.9771365148955498
0.4794282898690473 0.9771365148955498
0.48346869390945135 0.9771365148955498
0.4875090979498554 0.9771365148955498
0.49154950199025943 0.9771365148955498
0.49558990603066344 0.9771365148955498
0.4996303100710675 0.9771365148955498
0.5036707141114716 0.9771365148955498
0.5077111181518756 0.9771365148955498
0.5117515221922796 0.9771365148955498
0.5157919262326837 0.9771365148955498
0.5198323302730877 0.9771365148955498
0.5238727343134918 0.9771365148955498
0.5279131383538958 0.9771365148955498
0.5319535423942998 0.9771365148955498
0.5359939464347039 0.9771365148955498
0.540034350475108 0.9771365148955498
0.544074754515512 0.9771365148955498
0.548115158555916 0.9771365148955498
0.55215556259632 0.9771365148955498
0.5561959666367241 0.9771365148955498
0.5602363706771281 0.9771365148955498
0.5642767747175321 0.9771365148955498
0.5683171787579362 0.9771365148955498
0.5723575827983403 0.9771365148955498
0.5763979868387443 0.9771365148955498
0.5804383908791484 0.9771365148955498
0.5844787949195523 0.9771365148955498
0.5885191989599564 0.9771365148955498
0.5925596030003604 0.9771365148955498
0.5966000070407644 0.9771365148955498
0.6006404110811685 0.9771365148955498
0.6046808151215726 0.9771365148955498
0.6087212191619766 0.9771365148955498
0.6127616232023807 0.9771365148955498
0.6168020272427847 0.9771365148955498
0.6208424312831887 0.9771365148955498
0.6248828353235928 0.9771365148955498
0.6289232393639967 0.9771365148955498
0.6329636434044008 0.9771365148955498
0.6370040474448049 0.9771365148955498
0.6410444514852089 0.9771365148955498
0.645084855525613 0.9771365148955498
0.6491252595660171 0.9771365148955498
0.653165663606421 0.9771365148955498
0.6572060676468251 0.9771365148955498
0.661246471687229 0.9771365148955498
0.6652868757276331 0.9771365148955498
0.6693272797680372 0.9771365148955498
0.6733676838084413 0.9771365148955498
0.6774080878488453 0.9771365148955498
0.6814484918892494 0.9771365148955498
0.6854888959296535 0.9771365148955498
0.6895292999700574 0.9771365148955498
0.6935697040104615 0.9771365148955498
0.29356970401046145 0.9811769189359537
0.2976101080508655 0.9811769189359537
0.30165051209126953 0.9811769189359537
0.30569091613167354 0.9811769189359537
0.3097313201720776 0.9811769189359537
0.3137717242124817 0.9811769189359537
0.3178121282528857 0.9811769189359537
0.32185253229328975 0.9811769189359537
0.32589293633369376 0.9811769189359537
0.3299333403740978 0.9811769189359537
0.33397374441450184 0.9811769189359537
0.3380141484549059 0.9811769189359537
0.3420545524953099 0.9811769189359537
0.346094956535714 0.9811769189359537
0.35013536057611805 0.9811769189359537
0.35417576461652206 0.9811769189359537
0.35821616865692607 0.9811769189359537
0.36225657269733014 0.9811769189359537
0.3662969767377342 0.9811769189359537
0.3703373807781382 0.9811769189359537
0.3743777848185422 0.9811769189359537
0.3784181888589463 0.9811769189359537
0.38245859289935036 0.9811769189359537
0.38649899693975437 0.9811769189359537
0.39053940098015844 0.9811769189359537
0.39457980502056245 0.9811769189359537
0.3986202090609665 0.9811769189359537
0.4026606131013705 0.9811769189359537
0.4067010171417746 0.9811769189359537
0.4107414211821786 0.9811769189359537
0.41478182522258267 0.9811769189359537
0.41882222926298673 0.9811769189359537
0.42286263330339074 0.9811769189359537
0.42690303734379476 0.9811769189359537
0.4309434413841988 0.9811769189359537
0.4349838454246029 0.9811769189359537
0.4390242494650069 0.9811769189359537
0.4430646535054109 0.9811769189359537
0.447105057545815 0.9811769189359537
0.45114546158621904 0.9811769189359537
0.45518586562662305 0.9811769189359537
0.4592262696670271 0.9811769189359537
0.46326667370743113 0.9811769189359537
0.4673070777478352 0.9811769189359537
0.47134748178823926 0.9811769189359537
0.4753878858286433 0.9811769189359537
0.4794282898690473 0.9811769189359537
0.48346869390945135 0.9811769189359537
0.4875090979498554 0.9811769189359537
0.49154950199025943 0.9811769189359537
0.49558990603066344 0.9811769189359537
0.4996303100710675 0.9811769189359537
0.5036707141114716 0.9811769189359537
0.5077111181518756 0.9811769189359537
0.5117515221922796 0.9811769189359537
0.5157919262326837 0.9811769189359537
0.5198323302730877 0.9811769189359537
0.5238727343134918 0.9811769189359537
0.5279131383538958 0.9811769189359537
0.5319535423942998 0.9811769189359537
0.5359939464347039 0.9811769189359537
0.540034350475108 0.9811769189359537
0.544074754515512 0.9811769189359537
0.548115158555916 0.9811769189359537
0.55215556259632 0.9811769189359537
0.5561959666367241 0.9811769189359537
0.5602363706771281 0.9811769189359537
0.5642767747175321 0.9811769189359537
0.5683171787579362 0.9811769189359537
0.5723575827983403 0.9811769189359537
0.5763979868387443 0.9811769189359537
0.5804383908791484 0.9811769189359537
0.5844787949195523 0.9811769189359537
0.5885191989599564 0.9811769189359537
0.5925596030003604 0.9811769189359537
0.5966000070407644 0.9811769189359537
0.6006404110811685 0.9811769189359537
0.6046808151215726 0.9811769189359537
0.6087212191619766 0.9811769189359537
0.6127616232023807 0.9811769189359537
0.6168020272427847 0.9811769189359537
0.6208424312831887 0.9811769189359537
0.6248828353235928 0.9811769189359537
0.6289232393639967 0.9811769189359537
0.6329636434044008 0.9811769189359537
0.6370040474448049 0.9811769189359537
0.6410444514852089 0.9811769189359537
0.645084855525613 0.9811769189359537
0.6491252595660171 0.9811769189359537
0.653165663606421 0.9811769189359537
0.6572060676468251 0.9811769189359537
0.661246471687229 0.9811769189359537
0.6652868757276331 0.9811769189359537
0.6693272797680372 0.9811769189359537
0.6733676838084413 0.9811769189359537
0.6774080878488453 0.9811769189359537
0.6814484918892494 0.9811769189359537
0.6854888959296535 0.9811769189359537
0.6895292999700574 0.9811769189359537
0.6935697040104615 0.9811769189359537
0.29356970401046145 0.9852173229763578
0.2976101080508655 0.9852173229763578
0.30165051209126953 0.9852173229763578
0.30569091613167354 0.9852173229763578
0.3097313201720776 0.9852173229763578
0.3137717242124817 0.9852173229763578
0.3178121282528857 0.9852173229763578
0.32185253229328975 0.9852173229763578
0.32589293633369376 0.9852173229763578
0.3299333403740978 0.9852173229763578
0.33397374441450184 0.9852173229763578
0.3380141484549059 0.9852173229763578
0.3420545524953099 0.9852173229763578
0.346094956535714 0.9852173229763578
0.35013536057611805 0.9852173229763578
0.35417576461652206 0.9852173229763578
0.35821616865692607 0.9852173229763578
0.36225657269733014 0.9852173229763578
0.3662969767377342 0.9852173229763578
0.3703373807781382 0.9852173229763578
0.3743777848185422 0.9852173229763578
0.3784181888589463 0.9852173229763578
0.38245859289935036 0.9852173229763578
0.38649899693975437 0.9852173229763578
0.39053940098015844 0.9852173229763578
0.39457980502056245 0.9852173229763578
0.3986202090609665 0.9852173229763578
0.4026606131013705 0.9852173229763578
0.4067010171417746 0.9852173229763578
0.4107414211821786 0.9852173229763578
0.41478182522258267 0.9852173229763578
0.41882222926298673 0.9852173229763578
0.42286263330339074 0.9852173229763578
0.42690303734379476 0.9852173229763578
0.4309434413841988 0.9852173229763578
0.4349838454246029 0.9852173229763578
0.4390242494650069 0.9852173229763578
0.4430646535054109 0.9852173229763578
0.447105057545815 0.9852173229763578
0.45114546158621904 0.9852173229763578
0.45518586562662305 0.9852173229763578
0.4592262696670271 0.9852173229763578
0.46326667370743113 0.9852173229763578
0.4673070777478352 0.9852173229763578
0.47134748178823926 0.9852173229763578
0.4753878858286433 0.9852173229763578
0.4794282898690473 0.9852173229763578
0.48346869390945135 0.9852173229763578
0.4875090979498554 0.9852173229763578
0.49154950199025943 0.9852173229763578
0.49558990603066344 0.9852173229763578
0.4996303100710675 0.9852173229763578
0.5036707141114716 0.9852173229763578
0.5077111181518756 0.9852173229763578
0.5117515221922796 0.9852173229763578
0.5157919262326837 0.9852173229763578
0.5198323302730877 0.9852173229763578
0.5238727343134918 0.9852173229763578
0.5279131383538958 0.9852173229763578
0.5319535423942998 0.9852173229763578
0.5359939464347039 0.9852173229763578
0.540034350475108 0.9852173229763578
0.544074754515512 0.9852173229763578
0.548115158555916 0.9852173229763578
0.55215556259632 0.9852173229763578
0.5561959666367241 0.9852173229763578
0.5602363706771281 0.9852173229763578
0.5642767747175321 0.9852173229763578
0.5683171787579362 0.9852173229763578
0.5723575827983403 0.9852173229763578
0.5763979868387443 0.9852173229763578
0.5804383908791484 0.9852173229763578
0.5844787949195523 0.9852173229763578
0.5885191989599564 0.9852173229763578
0.5925596030003604 0.9852173229763578
0.5966000070407644 0.9852173229763578
0.6006404110811685 0.9852173229763578
0.6046808151215726 0.9852173229763578
0.6087212191619766 0.9852173229763578
0.6127616232023807 0.9852173229763578
0.6168020272427847 0.9852173229763578
0.6208424312831887 0.9852173229763578
0.6248828353235928 0.9852173229763578
0.6289232393639967 0.9852173229763578
0.6329636434044008 0.9852173229763578
0.6370040474448049 0.9852173229763578
0.6410444514852089 0.9852173229763578
0.645084855525613 0.9852173229763578
0.6491252595660171 0.9852173229763578
0.653165663606421 0.9852173229763578
0.6572060676468251 0.9852173229763578
0.661246471687229 0.9852173229763578
0.6652868757276331 0.9852173229763578
0.6693272797680372 0.9852173229763578
0.6733676838084413 0.9852173229763578
0.6774080878488453 0.9852173229763578
0.6814484918892494 0.9852173229763578
0.6854888959296535 0.9852173229763578
0.6895292999700574 0.9852173229763578
0.6935697040104615 0.9852173229763578
0.29356970401046145 0.9892577270167617
0.2976101080508655 0.9892577270167617
0.30165051209126953 0.9892577270167617
0.30569091613167354 0.9892577270167617
0.3097313201720776 0.9892577270167617
0.3137717242124817 0.9892577270167617
0.3178121282528857 0.9892577270167617
0.32185253229328975 0.9892577270167617
0.32589293633369376 0.9892577270167617
0.3299333403740978 0.9892577270167617
0.33397374441450184 0.9892577270167617
0.3380141484549059 0.9892577270167617
0.3420545524953099 0.9892577270167617
0.346094956535714 0.9892577270167617
0.35013536057611805 0.9892577270167617
0.35417576461652206 0.9892577270167617
0.35821616865692607 0.9892577270167617
0.36225657269733014 0.9892577270167617
0.3662969767377342 0.9892577270167617
0.3703373807781382 0.9892577270167617
0.3743777848185422 0.9892577270167617
0.3784181888589463 0.9892577270167617
0.38245859289935036 0.9892577270167617
0.38649899693975437 0.9892577270167617
0.39053940098015844 0.9892577270167617
0.39457980502056245 0.9892577270167617
0.3986202090609665 0.9892577270167617
0.4026606131013705 0.9892577270167617
0.4067010171417746 0.9892577270167617
0.4107414211821786 0.9892577270167617
0.41478182522258267 0.9892577270167617
0.41882222926298673 0.9892577270167617
0.42286263330339074 0.9892577270167617
0.42690303734379476 0.9892577270167617
0.4309434413841988 0.9892577270167617
0.4349838454246029 0.9892577270167617
0.4390242494650069 0.9892577270167617
0.4430646535054109 0.9892577270167617
0.447105057545815 0.9892577270167617
0.45114546158621904 0.9892577270167617
0.45518586562662305 0.9892577270167617
0.4592262696670271 0.9892577270167617
0.46326667370743113 0.9892577270167617
0.4673070777478352 0.9892577270167617
0.47134748178823926 0.9892577270167617
0.4753878858286433 0.9892577270167617
0.4794282898690473 0.9892577270167617
0.48346869390945135 0.9892577270167617
0.4875090979498554 0.9892577270167617
0.49154950199025943 0.9892577270167617
0.49558990603066344 0.9892577270167617
0.4996303100710675 0.9892577270167617
0.5036707141114716 0.9892577270167617
0.5077111181518756 0.9892577270167617
0.5117515221922796 0.9892577270167617
0.5157919262326837 0.9892577270167617
0.5198323302730877 0.9892577270167617
0.5238727343134918 0.9892577270167617
0.5279131383538958 0.9892577270167617
0.5319535423942998 0.9892577270167617
0.5359939464347039 0.9892577270167617
0.540034350475108 0.9892577270167617
0.544074754515512 0.9892577270167617
0.548115158555916 0.9892577270167617
0.55215556259632 0.9892577270167617
0.5561959666367241 0.9892577270167617
0.5602363706771281 0.9892577270167617
0.5642767747175321 0.9892577270167617
0.5683171787579362 0.9892577270167617
0.5723575827983403 0.9892577270167617
0.5763979868387443 0.9892577270167617
0.5804383908791484 0.9892577270167617
0.5844787949195523 0.9892577270167617
0.5885191989599564 0.9892577270167617
0.5925596030003604 0.9892577270167617
0.5966000070407644 0.9892577270167617
0.6006404110811685 0.9892577270167617
0.6046808151215726 0.9892577270167617
0.6087212191619766 0.9892577270167617
0.6127616232023807 0.9892577270167617
0.6168020272427847 0.9892577270167617
0.6208424312831887 0.9892577270167617
0.6248828353235928 0.9892577270167617
0.6289232393639967 0.9892577270167617
0.6329636434044008 0.9892577270167617
0.6370040474448049 0.9892577270167617
0.6410444514852089 0.9892577270167617
0.645084855525613 0.9892577270167617
0.6491252595660171 0.9892577270167617
0.653165663606421 0.9892577270167617
0.6572060676468251 0.9892577270167617
0.661246471687229 0.9892577270167617
0.6652868757276331 0.9892577270167617
0.6693272797680372 0.9892577270167617
0.6733676838084413 0.9892577270167617
0.6774080878488453 0.9892577270167617
0.6814484918892494 0.9892577270167617
0.6854888959296535 0.9892577270167617
0.6895292999700574 0.9892577270167617
0.6935697040104615 0.9892577270167617
0.29356970401046145 0.9932981310571658
0.2976101080508655 0.9932981310571658
0.30165051209126953 0.9932981310571658
0.30569091613167354 0.9932981310571658
0.3097313201720776 0.9932981310571658
0.3137717242124817 0.9932981310571658
0.3178121282528857 0.9932981310571658
0.32185253229328975 0.9932981310571658
0.32589293633369376 0.9932981310571658
0.3299333403740978 0.9932981310571658
0.33397374441450184 0.9932981310571658
0.3380141484549059 0.9932981310571658
0.3420545524953099 0.9932981310571658
0.346094956535714 0.9932981310571658
0.35013536057611805 0.9932981310571658
0.35417576461652206 0.9932981310571658
0.35821616865692607 0.9932981310571658
0.36225657269733014 0.9932981310571658
0.3662969767377342 0.9932981310571658
0.3703373807781382 0.9932981310571658
0.3743777848185422 0.9932981310571658
0.3784181888589463 0.9932981310571658
0.38245859289935036 0.9932981310571658
0.38649899693975437 0.9932981310571658
0.39053940098015844 0.9932981310571658
0.39457980502056245 0.9932981310571658
0.3986202090609665 0.9932981310571658
0.4026606131013705 0.9932981310571658
0.4067010171417746 0.9932981310571658
0.4107414211821786 0.9932981310571658
0.41478182522258267 0.9932981310571658
0.41882222926298673 0.9932981310571658
0.42286263330339074 0.9932981310571658
0.42690303734379476 0.9932981310571658
0.4309434413841988 0.9932981310571658
0.4349838454246029 0.9932981310571658
0.4390242494650069 0.9932981310571658
0.4430646535054109 0.9932981310571658
0.447105057545815 0.9932981310571658
0.45114546158621904 0.9932981310571658
0.45518586562662305 0.9932981310571658
0.4592262696670271 0.9932981310571658
0.46326667370743113 0.9932981310571658
0.4673070777478352 0.9932981310571658
0.47134748178823926 0.9932981310571658
0.4753878858286433 0.9932981310571658
0.4794282898690473 0.9932981310571658
0.48346869390945135 0.9932981310571658
0.4875090979498554 0.9932981310571658
0.49154950199025943 0.9932981310571658
0.49558990603066344 0.9932981310571658
0.4996303100710675 0.9932981310571658
0.5036707141114716 0.9932981310571658
0.5077111181518756 0.9932981310571658
0.5117515221922796 0.9932981310571658
0.5157919262326837 0.9932981310571658
0.5198323302730877 0.9932981310571658
0.5238727343134918 0.9932981310571658
0.5279131383538958 0.9932981310571658
0.5319535423942998 0.9932981310571658
0.5359939464347039 0.9932981310571658
0.540034350475108 0.9932981310571658
0.544074754515512 0.9932981310571658
0.548115158555916 0.9932981310571658
0.55215556259632 0.9932981310571658
0.5561959666367241 0.9932981310571658
0.5602363706771281 0.9932981310571658
0.5642767747175321 0.9932981310571658
0.5683171787579362 0.9932981310571658
0.5723575827983403 0.9932981310571658
0.5763979868387443 0.9932981310571658
0.5804383908791484 0.9932981310571658
0.5844787949195523 0.9932981310571658
0.5885191989599564 0.9932981310571658
0.5925596030003604 0.9932981310571658
0.5966000070407644 0.9932981310571658
0.6006404110811685 0.9932981310571658
0.6046808151215726 0.9932981310571658
0.6087212191619766 0.9932981310571658
0.6127616232023807 0.9932981310571658
0.6168020272427847 0.9932981310571658
0.6208424312831887 0.9932981310571658
0.6248828353235928 0.9932981310571658
0.6289232393639967 0.9932981310571658
0.6329636434044008 0.9932981310571658
0.6370040474448049 0.9932981310571658
0.6410444514852089 0.9932981310571658
0.645084855525613 0.9932981310571658
0.6491252595660171 0.9932981310571658
0.653165663606421 0.9932981310571658
0.6572060676468251 0.9932981310571658
0.661246471687229 0.9932981310571658
0.6652868757276331 0.9932981310571658
0.6693272797680372 0.9932981310571658
0.6733676838084413 0.9932981310571658
0.6774080878488453 0.9932981310571658
0.6814484918892494 0.9932981310571658
0.6854888959296535 0.9932981310571658
0.6895292999700574 0.9932981310571658
0.6935697040104615 0.9932981310571658
0.29356970401046145 0.9973385350975699
0.2976101080508655 0.9973385350975699
0.30165051209126953 0.9973385350975699
0.30569091613167354 0.9973385350975699
0.3097313201720776 0.9973385350975699
0.3137717242124817 0.9973385350975699
0.3178121282528857 0.9973385350975699
0.32185253229328975 0.9973385350975699
0.32589293633369376 0.9973385350975699
0.3299333403740978 0.9973385350975699
0.33397374441450184 0.9973385350975699
0.3380141484549059 0.9973385350975699
0.3420545524953099 0.9973385350975699
0.346094956535714 0.9973385350975699
0.35013536057611805 0.9973385350975699
0.35417576461652206 0.9973385350975699
0.35821616865692607 0.9973385350975699
0.36225657269733014 0.9973385350975699
0.3662969767377342 0.9973385350975699
0.3703373807781382 0.9973385350975699
0.3743777848185422 0.9973385350975699
0.3784181888589463 0.9973385350975699
0.38245859289935036 0.9973385350975699
0.38649899693975437 0.9973385350975699
0.39053940098015844 0.9973385350975699
0.39457980502056245 0.9973385350975699
0.3986202090609665 0.9973385350975699
0.4026606131013705 0.9973385350975699
0.4067010171417746 0.9973385350975699
0.4107414211821786 0.9973385350975699
0.41478182522258267 0.9973385350975699
0.41882222926298673 0.9973385350975699
0.42286263330339074 0.9973385350975699
0.42690303734379476 0.9973385350975699
0.4309434413841988 0.9973385350975699
0.4349838454246029 0.9973385350975699
0.4390242494650069 0.9973385350975699
0.4430646535054109 0.9973385350975699
0.447105057545815 0.9973385350975699
0.45114546158621904 0.9973385350975699
0.45518586562662305 0.9973385350975699
0.4592262696670271 0.9973385350975699
0.46326667370743113 0.9973385350975699
0.4673070777478352 0.9973385350975699
0.47134748178823926 0.9973385350975699
0.4753878858286433 0.9973385350975699
0.4794282898690473 0.9973385350975699
0.48346869390945135 0.9973385350975699
0.4875090979498554 0.9973385350975699
0.49154950199025943 0.9973385350975699
0.49558990603066344 0.9973385350975699
0.4996303100710675 0.9973385350975699
0.5036707141114716 0.9973385350975699
0.5077111181518756 0.9973385350975699
0.5117515221922796 0.9973385350975699
0.5157919262326837 0.9973385350975699
0.5198323302730877 0.9973385350975699
0.5238727343134918 0.9973385350975699
0.5279131383538958 0.9973385350975699
0.5319535423942998 0.9973385350975699
0.5359939464347039 0.9973385350975699
0.540034350475108 0.9973385350975699
0.544074754515512 0.9973385350975699
0.548115158555916 0.9973385350975699
0.55215556259632 0.9973385350975699
0.5561959666367241 0.9973385350975699
0.5602363706771281 0.9973385350975699
0.5642767747175321 0.9973385350975699
0.5683171787579362 0.9973385350975699
0.5723575827983403 0.9973385350975699
0.5763979868387443 0.9973385350975699
0.5804383908791484 0.9973385350975699
0.5844787949195523 0.9973385350975699
0.5885191989599564 0.9973385350975699
0.5925596030003604 0.9973385350975699
0.5966000070407644 0.9973385350975699
0.6006404110811685 0.9973385350975699
0.6046808151215726 0.9973385350975699
0.6087212191619766 0.9973385350975699
0.6127616232023807 0.9973385350975699
0.6168020272427847 0.9973385350975699
0.6208424312831887 0.9973385350975699
0.6248828353235928 0.9973385350975699
0.6289232393639967 0.9973385350975699
0.6329636434044008 0.9973385350975699
0.6370040474448049 0.9973385350975699
0.6410444514852089 0.9973385350975699
0.645084855525613 0.9973385350975699
0.6491252595660171 0.9973385350975699
0.653165663606421 0.9973385350975699
0.6572060676468251 0.9973385350975699
0.661246471687229 0.9973385350975699
0.6652868757276331 0.9973385350975699
0.6693272797680372 0.9973385350975699
0.6733676838084413 0.9973385350975699
0.6774080878488453 0.9973385350975699
0.6814484918892494 0.9973385350975699
0.6854888959296535 0.9973385350975699
0.6895292999700574 0.9973385350975699
0.6935697040104615 0.9973385350975699
0.29356970401046145 1.001378939137974
0.2976101080508655 1.001378939137974
0.30165051209126953 1.001378939137974
0.30569091613167354 1.001378939137974
0.3097313201720776 1.001378939137974
0.3137717242124817 1.001378939137974
0.3178121282528857 1.001378939137974
0.32185253229328975 1.001378939137974
0.32589293633369376 1.001378939137974
0.3299333403740978 1.001378939137974
0.33397374441450184 1.001378939137974
0.3380141484549059 1.001378939137974
0.3420545524953099 1.001378939137974
0.346094956535714 1.001378939137974
0.35013536057611805 1.001378939137974
0.35417576461652206 1.001378939137974
0.35821616865692607 1.001378939137974
0.36225657269733014 1.001378939137974
0.3662969767377342 1.001378939137974
0.3703373807781382 1.001378939137974
0.3743777848185422 1.001378939137974
0.3784181888589463 1.001378939137974
0.38245859289935036 1.001378939137974
0.38649899693975437 1.001378939137974
0.39053940098015844 1.001378939137974
0.39457980502056245 1.001378939137974
0.3986202090609665 1.001378939137974
0.4026606131013705 1.001378939137974
0.4067010171417746 1.001378939137974
0.4107414211821786 1.001378939137974
0.41478182522258267 1.001378939137974
0.41882222926298673 1.001378939137974
0.42286263330339074 1.001378939137974
0.42690303734379476 1.001378939137974
0.4309434413841988 1.001378939137974
0.4349838454246029 1.001378939137974
0.4390242494650069 1.001378939137974
0.4430646535054109 1.001378939137974
0.447105057545815 1.001378939137974
0.45114546158621904 1.001378939137974
0.45518586562662305 1.001378939137974
0.4592262696670271 1.001378939137974
0.46326667370743113 1.001378939137974
0.4673070777478352 1.001378939137974
0.47134748178823926 1.001378939137974
0.4753878858286433 1.001378939137974
0.4794282898690473 1.001378939137974
0.48346869390945135 1.001378939137974
0.4875090979498554 1.001378939137974
0.49154950199025943 1.001378939137974
0.49558990603066344 1.001378939137974
0.4996303100710675 1.001378939137974
0.5036707141114716 1.001378939137974
0.5077111181518756 1.001378939137974
0.5117515221922796 1.001378939137974
0.5157919262326837 1.001378939137974
0.5198323302730877 1.001378939137974
0.5238727343134918 1.001378939137974
0.5279131383538958 1.001378939137974
0.5319535423942998 1.001378939137974
0.5359939464347039 1.001378939137974
0.540034350475108 1.001378939137974
0.544074754515512 1.001378939137974
0.548115158555916 1.001378939137974
0.55215556259632 1.001378939137974
0.5561959666367241 1.001378939137974
0.5602363706771281 1.001378939137974
0.5642767747175321 1.001378939137974
0.5683171787579362 1.001378939137974
0.5723575827983403 1.001378939137974
0.5763979868387443 1.001378939137974
0.5804383908791484 1.001378939137974
0.5844787949195523 1.001378939137974
0.5885191989599564 1.001378939137974
0.5925596030003604 1.001378939137974
0.5966000070407644 1.001378939137974
0.6006404110811685 1.001378939137974
0.6046808151215726 1.001378939137974
0.6087212191619766 1.001378939137974
0.6127616232023807 1.001378939137974
0.6168020272427847 1.001378939137974
0.6208424312831887 1.001378939137974
0.6248828353235928 1.001378939137974
0.6289232393639967 1.001378939137974
0.6329636434044008 1.001378939137974
0.6370040474448049 1.001378939137974
0.6410444514852089 1.001378939137974
0.645084855525613 1.001378939137974
0.6491252595660171 1.001378939137974
0.653165663606421 1.001378939137974
0.6572060676468251 1.001378939137974
0.661246471687229 1.001378939137974
0.6652868757276331 1.001378939137974
0.6693272797680372 1.001378939137974
0.6733676838084413 1.001378939137974
0.6774080878488453 1.001378939137974
0.6814484918892494 1.001378939137974
0.6854888959296535 1.001378939137974
0.6895292999700574 1.001378939137974
0.6935697040104615 1.001378939137974
0.29356970401046145 1.005419343178378
0.2976101080508655 1.005419343178378
0.30165051209126953 1.005419343178378
0.30569091613167354 1.005419343178378
0.3097313201720776 1.005419343178378
0.3137717242124817 1.005419343178378
0.3178121282528857 1.005419343178378
0.32185253229328975 1.005419343178378
0.32589293633369376 1.005419343178378
0.3299333403740978 1.005419343178378
0.33397374441450184 1.005419343178378
0.3380141484549059 1.005419343178378
0.3420545524953099 1.005419343178378
0.346094956535714 1.005419343178378
0.35013536057611805 1.005419343178378
0.35417576461652206 1.005419343178378
0.35821616865692607 1.005419343178378
0.36225657269733014 1.005419343178378
0.3662969767377342 1.005419343178378
0.3703373807781382 1.005419343178378
0.3743777848185422 1.005419343178378
0.3784181888589463 1.005419343178378
0.38245859289935036 1.005419343178378
0.38649899693975437 1.005419343178378
0.39053940098015844 1.005419343178378
0.39457980502056245 1.005419343178378
0.3986202090609665 1.005419343178378
0.4026606131013705 1.005419343178378
0.4067010171417746 1.005419343178378
0.4107414211821786 1.005419343178378
0.41478182522258267 1.005419343178378
0.41882222926298673 1.005419343178378
0.42286263330339074 1.005419343178378
0.42690303734379476 1.005419343178378
0.4309434413841988 1.005419343178378
0.4349838454246029 1.005419343178378
0.4390242494650069 1.005419343178378
0.4430646535054109 1.005419343178378
0.447105057545815 1.005419343178378
0.45114546158621904 1.005419343178378
0.45518586562662305 1.005419343178378
0.4592262696670271 1.005419343178378
0.46326667370743113 1.005419343178378
0.4673070777478352 1.005419343178378
0.47134748178823926 1.005419343178378
0.4753878858286433 1.005419343178378
0.4794282898690473 1.005419343178378
0.48346869390945135 1.005419343178378
0.4875090979498554 1.005419343178378
0.49154950199025943 1.005419343178378
0.49558990603066344 1.005419343178378
0.4996303100710675 1.005419343178378
0.5036707141114716 1.005419343178378
0.5077111181518756 1.005419343178378
0.5117515221922796 1.005419343178378
0.5157919262326837 1.005419343178378
0.5198323302730877 1.005419343178378
0.5238727343134918 1.005419343178378
0.5279131383538958 1.005419343178378
0.5319535423942998 1.005419343178378
0.5359939464347039 1.005419343178378
0.540034350475108 1.005419343178378
0.544074754515512 1.005419343178378
0.548115158555916 1.005419343178378
0.55215556259632 1.005419343178378
0.5561959666367241 1.005419343178378
0.5602363706771281 1.005419343178378
0.5642767747175321 1.005419343178378
0.5683171787579362 1.005419343178378
0.5723575827983403 1.005419343178378
0.5763979868387443 1.005419343178378
0.5804383908791484 1.005419343178378
0.5844787949195523 1.005419343178378
0.5885191989599564 1.005419343178378
0.5925596030003604 1.005419343178378
0.5966000070407644 1.005419343178378
0.6006404110811685 1.005419343178378
0.6046808151215726 1.005419343178378
0.6087212191619766 1.005419343178378
0.6127616232023807 1.005419343178378
0.6168020272427847 1.005419343178378
0.6208424312831887 1.005419343178378
0.6248828353235928 1.005419343178378
0.6289232393639967 1.005419343178378
0.6329636434044008 1.005419343178378
0.6370040474448049 1.005419343178378
0.6410444514852089 1.005419343178378
0.645084855525613 1.005419343178378
0.6491252595660171 1.005419343178378
0.653165663606421 1.005419343178378
0.6572060676468251 1.005419343178378
0.661246471687229 1.005419343178378
0.6652868757276331 1.005419343178378
0.6693272797680372 1.005419343178378
0.6733676838084413 1.005419343178378
0.6774080878488453 1.005419343178378
0.6814484918892494 1.005419343178378
0.6854888959296535 1.005419343178378
0.6895292999700574 1.005419343178378
0.6935697040104615 1.005419343178378
0.29356970401046145 1.009459747218782
0.2976101080508655 1.009459747218782
0.30165051209126953 1.009459747218782
0.30569091613167354 1.009459747218782
0.3097313201720776 1.009459747218782
0.3137717242124817 1.009459747218782
0.3178121282528857 1.009459747218782
0.32185253229328975 1.009459747218782
0.32589293633369376 1.009459747218782
0.3299333403740978 1.009459747218782
0.33397374441450184 1.009459747218782
0.3380141484549059 1.009459747218782
0.3420545524953099 1.009459747218782
0.346094956535714 1.009459747218782
0.35013536057611805 1.009459747218782
0.35417576461652206 1.009459747218782
0.35821616865692607 1.009459747218782
0.36225657269733014 1.009459747218782
0.3662969767377342 1.009459747218782
0.3703373807781382 1.009459747218782
0.3743777848185422 1.009459747218782
0.3784181888589463 1.009459747218782
0.38245859289935036 1.009459747218782
0.38649899693975437 1.009459747218782
0.39053940098015844 1.009459747218782
0.39457980502056245 1.009459747218782
0.3986202090609665 1.009459747218782
0.4026606131013705 1.009459747218782
0.4067010171417746 1.009459747218782
0.4107414211821786 1.009459747218782
0.41478182522258267 1.009459747218782
0.41882222926298673 1.009459747218782
0.42286263330339074 1.009459747218782
0.42690303734379476 1.009459747218782
0.4309434413841988 1.009459747218782
0.4349838454246029 1.009459747218782
0.4390242494650069 1.009459747218782
0.4430646535054109 1.009459747218782
0.447105057545815 1.009459747218782
0.45114546158621904 1.009459747218782
0.45518586562662305 1.009459747218782
0.4592262696670271 1.009459747218782
0.46326667370743113 1.009459747218782
0.4673070777478352 1.009459747218782
0.47134748178823926 1.009459747218782
0.4753878858286433 1.009459747218782
0.4794282898690473 1.009459747218782
0.48346869390945135 1.009459747218782
0.4875090979498554 1.009459747218782
0.49154950199025943 1.009459747218782
0.49558990603066344 1.009459747218782
0.4996303100710675 1.009459747218782
0.5036707141114716 1.009459747218782
0.5077111181518756 1.009459747218782
0.5117515221922796 1.009459747218782
0.5157919262326837 1.009459747218782
0.5198323302730877 1.009459747218782
0.5238727343134918 1.009459747218782
0.5279131383538958 1.009459747218782
0.5319535423942998 1.009459747218782
0.5359939464347039 1.009459747218782
0.540034350475108 1.009459747218782
0.544074754515512 1.009459747218782
0.548115158555916 1.009459747218782
0.55215556259632 1.009459747218782
0.5561959666367241 1.009459747218782
0.5602363706771281 1.009459747218782
0.5642767747175321 1.009459747218782
0.5683171787579362 1.009459747218782
0.5723575827983403 1.009459747218782
0.5763979868387443 1.009459747218782
0.5804383908791484 1.009459747218782
0.5844787949195523 1.009459747218782
0.5885191989599564 1.009459747218782
0.5925596030003604 1.009459747218782
0.5966000070407644 1.009459747218782
0.6006404110811685 1.009459747218782
0.6046808151215726 1.009459747218782
0.6087212191619766 1.009459747218782
0.6127616232023807 1.009459747218782
0.6168020272427847 1.009459747218782
0.6208424312831887 1.009459747218782
0.6248828353235928 1.009459747218782
0.6289232393639967 1.009459747218782
0.6329636434044008 1.009459747218782
0.6370040474448049 1.009459747218782
0.6410444514852089 1.009459747218782
0.645084855525613 1.009459747218782
0.6491252595660171 1.009459747218782
0.653165663606421 1.009459747218782
0.6572060676468251 1.009459747218782
0.661246471687229 1.009459747218782
0.6652868757276331 1.009459747218782
0.6693272797680372 1.009459747218782
0.6733676838084413 1.009459747218782
0.6774080878488453 1.009459747218782
0.6814484918892494 1.009459747218782
0.6854888959296535 1.009459747218782
0.6895292999700574 1.009459747218782
0.6935697040104615 1.009459747218782
0.29356970401046145 1.0135001512591861
0.2976101080508655 1.0135001512591861
0.30165051209126953 1.0135001512591861
0.30569091613167354 1.0135001512591861
0.3097313201720776 1.0135001512591861
0.3137717242124817 1.0135001512591861
0.3178121282528857 1.0135001512591861
0.32185253229328975 1.0135001512591861
0.32589293633369376 1.0135001512591861
0.3299333403740978 1.0135001512591861
0.33397374441450184 1.0135001512591861
0.3380141484549059 1.0135001512591861
0.3420545524953099 1.0135001512591861
0.346094956535714 1.0135001512591861
0.35013536057611805 1.0135001512591861
0.35417576461652206 1.0135001512591861
0.35821616865692607 1.0135001512591861
0.36225657269733014 1.0135001512591861
0.3662969767377342 1.0135001512591861
0.3703373807781382 1.0135001512591861
0.3743777848185422 1.0135001512591861
0.3784181888589463 1.0135001512591861
0.38245859289935036 1.0135001512591861
0.38649899693975437 1.0135001512591861
0.39053940098015844 1.0135001512591861
0.39457980502056245 1.0135001512591861
0.3986202090609665 1.0135001512591861
0.4026606131013705 1.0135001512591861
0.4067010171417746 1.0135001512591861
0.4107414211821786 1.0135001512591861
0.41478182522258267 1.0135001512591861
0.41882222926298673 1.0135001512591861
0.42286263330339074 1.0135001512591861
0.42690303734379476 1.0135001512591861
0.4309434413841988 1.0135001512591861
0.4349838454246029 1.0135001512591861
0.4390242494650069 1.0135001512591861
0.4430646535054109 1.0135001512591861
0.447105057545815 1.0135001512591861
0.45114546158621904 1.0135001512591861
0.45518586562662305 1.0135001512591861
0.4592262696670271 1.0135001512591861
0.46326667370743113 1.0135001512591861
0.4673070777478352 1.0135001512591861
0.47134748178823926 1.0135001512591861
0.4753878858286433 1.0135001512591861
0.4794282898690473 1.0135001512591861
0.48346869390945135 1.0135001512591861
0.4875090979498554 1.0135001512591861
0.49154950199025943 1.0135001512591861
0.49558990603066344 1.0135001512591861
0.4996303100710675 1.0135001512591861
0.5036707141114716 1.0135001512591861
0.5077111181518756 1.0135001512591861
0.5117515221922796 1.0135001512591861
0.5157919262326837 1.0135001512591861
0.5198323302730877 1.0135001512591861
0.5238727343134918 1.0135001512591861
0.5279131383538958 1.0135001512591861
0.5319535423942998 1.0135001512591861
0.5359939464347039 1.0135001512591861
0.540034350475108 1.0135001512591861
0.544074754515512 1.0135001512591861
0.548115158555916 1.0135001512591861
0.55215556259632 1.0135001512591861
0.5561959666367241 1.0135001512591861
0.5602363706771281 1.0135001512591861
0.5642767747175321 1.0135001512591861
0.5683171787579362 1.0135001512591861
0.5723575827983403 1.0135001512591861
0.5763979868387443 1.0135001512591861
0.5804383908791484 1.0135001512591861
0.5844787949195523 1.0135001512591861
0.5885191989599564 1.0135001512591861
0.5925596030003604 1.0135001512591861
0.5966000070407644 1.0135001512591861
0.6006404110811685 1.0135001512591861
0.6046808151215726 1.0135001512591861
0.6087212191619766 1.0135001512591861
0.6127616232023807 1.0135001512591861
0.6168020272427847 1.0135001512591861
0.6208424312831887 1.0135001512591861
0.6248828353235928 1.0135001512591861
0.6289232393639967 1.0135001512591861
0.6329636434044008 1.0135001512591861
0.6370040474448049 1.0135001512591861
0.6410444514852089 1.0135001512591861
0.645084855525613 1.0135001512591861
0.6491252595660171 1.0135001512591861
0.653165663606421 1.0135001512591861
0.6572060676468251 1.0135001512591861
0.661246471687229 1.0135001512591861
0.6652868757276331 1.0135001512591861
0.6693272797680372 1.0135001512591861
0.6733676838084413 1.0135001512591861
0.6774080878488453 1.0135001512591861
0.6814484918892494 1.0135001512591861
0.6854888959296535 1.0135001512591861
0.6895292999700574 1.0135001512591861
0.6935697040104615 1.0135001512591861
0.29356970401046145 1.0175405552995902
0.2976101080508655 1.0175405552995902
0.30165051209126953 1.0175405552995902
0.30569091613167354 1.0175405552995902
0.3097313201720776 1.0175405552995902
0.3137717242124817 1.0175405552995902
0.3178121282528857 1.0175405552995902
0.32185253229328975 1.0175405552995902
0.32589293633369376 1.0175405552995902
0.3299333403740978 1.0175405552995902
0.33397374441450184 1.0175405552995902
0.3380141484549059 1.0175405552995902
0.3420545524953099 1.0175405552995902
0.346094956535714 1.0175405552995902
0.35013536057611805 1.0175405552995902
0.35417576461652206 1.0175405552995902
0.35821616865692607 1.0175405552995902
0.36225657269733014 1.0175405552995902
0.3662969767377342 1.0175405552995902
0.3703373807781382 1.0175405552995902
0.3743777848185422 1.0175405552995902
0.3784181888589463 1.0175405552995902
0.38245859289935036 1.0175405552995902
0.38649899693975437 1.0175405552995902
0.39053940098015844 1.0175405552995902
0.39457980502056245 1.0175405552995902
0.3986202090609665 1.0175405552995902
0.4026606131013705 1.0175405552995902
0.4067010171417746 1.0175405552995902
0.4107414211821786 1.0175405552995902
0.41478182522258267 1.0175405552995902
0.41882222926298673 1.0175405552995902
0.42286263330339074 1.0175405552995902
0.42690303734379476 1.0175405552995902
0.4309434413841988 1.0175405552995902
0.4349838454246029 1.0175405552995902
0.4390242494650069 1.0175405552995902
0.4430646535054109 1.0175405552995902
0.447105057545815 1.0175405552995902
0.45114546158621904 1.0175405552995902
0.45518586562662305 1.0175405552995902
0.4592262696670271 1.0175405552995902
0.46326667370743113 1.0175405552995902
0.4673070777478352 1.0175405552995902
0.47134748178823926 1.0175405552995902
0.4753878858286433 1.0175405552995902
0.4794282898690473 1.0175405552995902
0.48346869390945135 1.0175405552995902
0.4875090979498554 1.0175405552995902
0.49154950199025943 1.0175405552995902
0.49558990603066344 1.0175405552995902
0.4996303100710675 1.0175405552995902
0.5036707141114716 1.0175405552995902
0.5077111181518756 1.0175405552995902
0.5117515221922796 1.0175405552995902
0.5157919262326837 1.0175405552995902
0.5198323302730877 1.0175405552995902
0.5238727343134918 1.0175405552995902
0.5279131383538958 1.0175405552995902
0.5319535423942998 1.0175405552995902
0.5359939464347039 1.0175405552995902
0.540034350475108 1.0175405552995902
0.544074754515512 1.0175405552995902
0.548115158555916 1.0175405552995902
0.55215556259632 1.0175405552995902
0.5561959666367241 1.0175405552995902
0.5602363706771281 1.0175405552995902
0.5642767747175321 1.0175405552995902
0.5683171787579362 1.0175405552995902
0.5723575827983403 1.0175405552995902
0.5763979868387443 1.0175405552995902
0.5804383908791484 1.0175405552995902
0.5844787949195523 1.0175405552995902
0.5885191989599564 1.0175405552995902
0.5925596030003604 1.0175405552995902
0.5966000070407644 1.0175405552995902
0.6006404110811685 1.0175405552995902
0.6046808151215726 1.0175405552995902
0.6087212191619766 1.0175405552995902
0.6127616232023807 1.0175405552995902
0.6168020272427847 1.0175405552995902
0.6208424312831887 1.0175405552995902
0.6248828353235928 1.0175405552995902
0.6289232393639967 1.0175405552995902
0.6329636434044008 1.0175405552995902
0.6370040474448049 1.0175405552995902
0.6410444514852089 1.0175405552995902
0.645084855525613 1.0175405552995902
0.6491252595660171 1.0175405552995902
0.653165663606421 1.0175405552995902
0.6572060676468251 1.0175405552995902
0.661246471687229 1.0175405552995902
0.6652868757276331 1.0175405552995902
0.6693272797680372 1.0175405552995902
0.6733676838084413 1.0175405552995902
0.6774080878488453 1.0175405552995902
0.6814484918892494 1.0175405552995902
0.6854888959296535 1.0175405552995902
0.6895292999700574 1.0175405552995902
0.6935697040104615 1.0175405552995902
0.29356970401046145 1.0215809593399943
0.2976101080508655 1.0215809593399943
0.30165051209126953 1.0215809593399943
0.30569091613167354 1.0215809593399943
0.3097313201720776 1.0215809593399943
0.3137717242124817 1.0215809593399943
0.3178121282528857 1.0215809593399943
0.32185253229328975 1.0215809593399943
0.32589293633369376 1.0215809593399943
0.3299333403740978 1.0215809593399943
0.33397374441450184 1.0215809593399943
0.3380141484549059 1.0215809593399943
0.3420545524953099 1.0215809593399943
0.346094956535714 1.0215809593399943
0.35013536057611805 1.0215809593399943
0.35417576461652206 1.0215809593399943
0.35821616865692607 1.0215809593399943
0.36225657269733014 1.0215809593399943
0.3662969767377342 1.0215809593399943
0.3703373807781382 1.0215809593399943
0.3743777848185422 1.0215809593399943
0.3784181888589463 1.0215809593399943
0.38245859289935036 1.0215809593399943
0.38649899693975437 1.0215809593399943
0.39053940098015844 1.0215809593399943
0.39457980502056245 1.0215809593399943
0.3986202090609665 1.0215809593399943
0.4026606131013705 1.0215809593399943
0.4067010171417746 1.0215809593399943
0.4107414211821786 1.0215809593399943
0.41478182522258267 1.0215809593399943
0.41882222926298673 1.0215809593399943
0.42286263330339074 1.0215809593399943
0.42690303734379476 1.0215809593399943
0.4309434413841988 1.0215809593399943
0.4349838454246029 1.0215809593399943
0.4390242494650069 1.0215809593399943
0.4430646535054109 1.0215809593399943
0.447105057545815 1.0215809593399943
0.45114546158621904 1.0215809593399943
0.45518586562662305 1.0215809593399943
0.4592262696670271 1.0215809593399943
0.46326667370743113 1.0215809593399943
0.4673070777478352 1.0215809593399943
0.47134748178823926 1.0215809593399943
0.4753878858286433 1.0215809593399943
0.4794282898690473 1.0215809593399943
0.48346869390945135 1.0215809593399943
0.4875090979498554 1.0215809593399943
0.49154950199025943 1.0215809593399943
0.49558990603066344 1.0215809593399943
0.4996303100710675 1.0215809593399943
0.5036707141114716 1.0215809593399943
0.5077111181518756 1.0215809593399943
0.5117515221922796 1.0215809593399943
0.5157919262326837 1.0215809593399943
0.5198323302730877 1.0215809593399943
0.5238727343134918 1.0215809593399943
0.5279131383538958 1.0215809593399943
0.5319535423942998 1.0215809593399943
0.5359939464347039 1.0215809593399943
0.540034350475108 1.0215809593399943
0.544074754515512 1.0215809593399943
0.548115158555916 1.0215809593399943
0.55215556259632 1.0215809593399943
0.5561959666367241 1.0215809593399943
0.5602363706771281 1.0215809593399943
0.5642767747175321 1.0215809593399943
0.5683171787579362 1.0215809593399943
0.5723575827983403 1.0215809593399943
0.5763979868387443 1.0215809593399943
0.5804383908791484 1.0215809593399943
0.5844787949195523 1.0215809593399943
0.5885191989599564 1.0215809593399943
0.5925596030003604 1.0215809593399943
0.5966000070407644 1.0215809593399943
0.6006404110811685 1.0215809593399943
0.6046808151215726 1.0215809593399943
0.6087212191619766 1.0215809593399943
0.6127616232023807 1.0215809593399943
0.6168020272427847 1.0215809593399943
0.6208424312831887 1.0215809593399943
0.6248828353235928 1.0215809593399943
0.6289232393639967 1.0215809593399943
0.6329636434044008 1.0215809593399943
0.6370040474448049 1.0215809593399943
0.6410444514852089 1.0215809593399943
0.645084855525613 1.0215809593399943
0.6491252595660171 1.0215809593399943
0.653165663606421 1.0215809593399943
0.6572060676468251 1.0215809593399943
0.661246471687229 1.0215809593399943
0.6652868757276331 1.0215809593399943
0.6693272797680372 1.0215809593399943
0.6733676838084413 1.0215809593399943
0.6774080878488453 1.0215809593399943
0.6814484918892494 1.0215809593399943
0.6854888959296535 1.0215809593399943
0.6895292999700574 1.0215809593399943
0.6935697040104615 1.0215809593399943
0.29356970401046145 1.025621363380398
0.2976101080508655 1.025621363380398
0.30165051209126953 1.025621363380398
0.30569091613167354 1.025621363380398
0.3097313201720776 1.025621363380398
0.3137717242124817 1.025621363380398
0.3178121282528857 1.025621363380398
0.32185253229328975 1.025621363380398
0.32589293633369376 1.025621363380398
0.3299333403740978 1.025621363380398
0.33397374441450184 1.025621363380398
0.3380141484549059 1.025621363380398
0.3420545524953099 1.025621363380398
0.346094956535714 1.025621363380398
0.35013536057611805 1.025621363380398
0.35417576461652206 1.025621363380398
0.35821616865692607 1.025621363380398
0.36225657269733014 1.025621363380398
0.3662969767377342 1.025621363380398
0.3703373807781382 1.025621363380398
0.3743777848185422 1.025621363380398
0.3784181888589463 1.025621363380398
0.38245859289935036 1.025621363380398
0.38649899693975437 1.025621363380398
0.39053940098015844 1.025621363380398
0.39457980502056245 1.025621363380398
0.3986202090609665 1.025621363380398
0.4026606131013705 1.025621363380398
0.4067010171417746 1.025621363380398
0.4107414211821786 1.025621363380398
0.41478182522258267 1.025621363380398
0.41882222926298673 1.025621363380398
0.42286263330339074 1.025621363380398
0.42690303734379476 1.025621363380398
0.4309434413841988 1.025621363380398
0.4349838454246029 1.025621363380398
0.4390242494650069 1.025621363380398
0.4430646535054109 1.025621363380398
0.447105057545815 1.025621363380398
0.45114546158621904 1.025621363380398
0.45518586562662305 1.025621363380398
0.4592262696670271 1.025621363380398
0.46326667370743113 1.025621363380398
0.4673070777478352 1.025621363380398
0.47134748178823926 1.025621363380398
0.4753878858286433 1.025621363380398
0.4794282898690473 1.025621363380398
0.48346869390945135 1.025621363380398
0.4875090979498554 1.025621363380398
0.49154950199025943 1.025621363380398
0.49558990603066344 1.025621363380398
0.4996303100710675 1.025621363380398
0.5036707141114716 1.025621363380398
0.5077111181518756 1.025621363380398
0.5117515221922796 1.025621363380398
0.5157919262326837 1.025621363380398
0.5198323302730877 1.025621363380398
0.5238727343134918 1.025621363380398
0.5279131383538958 1.025621363380398
0.5319535423942998 1.025621363380398
0.5359939464347039 1.025621363380398
0.540034350475108 1.025621363380398
0.544074754515512 1.025621363380398
0.548115158555916 1.025621363380398
0.55215556259632 1.025621363380398
0.5561959666367241 1.025621363380398
0.5602363706771281 1.025621363380398
0.5642767747175321 1.025621363380398
0.5683171787579362 1.025621363380398
0.5723575827983403 1.025621363380398
0.5763979868387443 1.025621363380398
0.5804383908791484 1.025621363380398
0.5844787949195523 1.025621363380398
0.5885191989599564 1.025621363380398
0.5925596030003604 1.025621363380398
0.5966000070407644 1.025621363380398
0.6006404110811685 1.025621363380398
0.6046808151215726 1.025621363380398
0.6087212191619766 1.025621363380398
0.6127616232023807 1.025621363380398
0.6168020272427847 1.025621363380398
0.6208424312831887 1.025621363380398
0.6248828353235928 1.025621363380398
0.6289232393639967 1.025621363380398
0.6329636434044008 1.025621363380398
0.6370040474448049 1.025621363380398
0.6410444514852089 1.025621363380398
0.645084855525613 1.025621363380398
0.6491252595660171 1.025621363380398
0.653165663606421 1.025621363380398
0.6572060676468251 1.025621363380398
0.661246471687229 1.025621363380398
0.6652868757276331 1.025621363380398
0.6693272797680372 1.025621363380398
0.6733676838084413 1.025621363380398
0.6774080878488453 1.025621363380398
0.6814484918892494 1.025621363380398
0.6854888959296535 1.025621363380398
0.6895292999700574 1.025621363380398
0.6935697040104615 1.025621363380398
0.29356970401046145 1.0296617674208022
0.2976101080508655 1.0296617674208022
0.30165051209126953 1.0296617674208022
0.30569091613167354 1.0296617674208022
0.3097313201720776 1.0296617674208022
0.3137717242124817 1.0296617674208022
0.3178121282528857 1.0296617674208022
0.32185253229328975 1.0296617674208022
0.32589293633369376 1.0296617674208022
0.3299333403740978 1.0296617674208022
0.33397374441450184 1.0296617674208022
0.3380141484549059 1.0296617674208022
0.3420545524953099 1.0296617674208022
0.346094956535714 1.0296617674208022
0.35013536057611805 1.0296617674208022
0.35417576461652206 1.0296617674208022
0.35821616865692607 1.0296617674208022
0.36225657269733014 1.0296617674208022
0.3662969767377342 1.0296617674208022
0.3703373807781382 1.0296617674208022
0.3743777848185422 1.0296617674208022
0.3784181888589463 1.0296617674208022
0.38245859289935036 1.0296617674208022
0.38649899693975437 1.0296617674208022
0.39053940098015844 1.0296617674208022
0.39457980502056245 1.0296617674208022
0.3986202090609665 1.0296617674208022
0.4026606131013705 1.0296617674208022
0.4067010171417746 1.0296617674208022
0.4107414211821786 1.0296617674208022
0.41478182522258267 1.0296617674208022
0.41882222926298673 1.0296617674208022
0.42286263330339074 1.0296617674208022
0.42690303734379476 1.0296617674208022
0.4309434413841988 1.0296617674208022
0.4349838454246029 1.0296617674208022
0.4390242494650069 1.0296617674208022
0.4430646535054109 1.0296617674208022
0.447105057545815 1.0296617674208022
0.45114546158621904 1.0296617674208022
0.45518586562662305 1.0296617674208022
0.4592262696670271 1.0296617674208022
0.46326667370743113 1.0296617674208022
0.4673070777478352 1.0296617674208022
0.47134748178823926 1.0296617674208022
0.4753878858286433 1.0296617674208022
0.4794282898690473 1.0296617674208022
0.48346869390945135 1.0296617674208022
0.4875090979498554 1.0296617674208022
0.49154950199025943 1.0296617674208022
0.49558990603066344 1.0296617674208022
0.4996303100710675 1.0296617674208022
0.5036707141114716 1.0296617674208022
0.5077111181518756 1.0296617674208022
0.5117515221922796 1.0296617674208022
0.5157919262326837 1.0296617674208022
0.5198323302730877 1.0296617674208022
0.5238727343134918 1.0296617674208022
0.5279131383538958 1.0296617674208022
0.5319535423942998 1.0296617674208022
0.5359939464347039 1.0296617674208022
0.540034350475108 1.0296617674208022
0.544074754515512 1.0296617674208022
0.548115158555916 1.0296617674208022
0.55215556259632 1.0296617674208022
0.5561959666367241 1.0296617674208022
0.5602363706771281 1.0296617674208022
0.5642767747175321 1.0296617674208022
0.5683171787579362 1.0296617674208022
0.5723575827983403 1.0296617674208022
0.5763979868387443 1.0296617674208022
0.5804383908791484 1.0296617674208022
0.5844787949195523 1.0296617674208022
0.5885191989599564 1.0296617674208022
0.5925596030003604 1.0296617674208022
0.5966000070407644 1.0296617674208022
0.6006404110811685 1.0296617674208022
0.6046808151215726 1.0296617674208022
0.6087212191619766 1.0296617674208022
0.6127616232023807 1.0296617674208022
0.6168020272427847 1.0296617674208022
0.6208424312831887 1.0296617674208022
0.6248828353235928 1.0296617674208022
0.6289232393639967 1.0296617674208022
0.6329636434044008 1.0296617674208022
0.6370040474448049 1.0296617674208022
0.6410444514852089 1.0296617674208022
0.645084855525613 1.0296617674208022
0.6491252595660171 1.0296617674208022
0.653165663606421 1.0296617674208022
0.6572060676468251 1.0296617674208022
0.661246471687229 1.0296617674208022
0.6652868757276331 1.0296617674208022
0.6693272797680372 1.0296617674208022
0.6733676838084413 1.0296617674208022
0.6774080878488453 1.0296617674208022
0.6814484918892494 1.0296617674208022
0.6854888959296535 1.0296617674208022
0.6895292999700574 1.0296617674208022
0.6935697040104615 1.0296617674208022
0.29356970401046145 1.0337021714612062
0.2976101080508655 1.0337021714612062
0.30165051209126953 1.0337021714612062
0.30569091613167354 1.0337021714612062
0.3097313201720776 1.0337021714612062
0.3137717242124817 1.0337021714612062
0.3178121282528857 1.0337021714612062
0.32185253229328975 1.0337021714612062
0.32589293633369376 1.0337021714612062
0.3299333403740978 1.0337021714612062
0.33397374441450184 1.0337021714612062
0.3380141484549059 1.0337021714612062
0.3420545524953099 1.0337021714612062
0.346094956535714 1.0337021714612062
0.35013536057611805 1.0337021714612062
0.35417576461652206 1.0337021714612062
0.35821616865692607 1.0337021714612062
0.36225657269733014 1.0337021714612062
0.3662969767377342 1.0337021714612062
0.3703373807781382 1.0337021714612062
0.3743777848185422 1.0337021714612062
0.3784181888589463 1.0337021714612062
0.38245859289935036 1.0337021714612062
0.38649899693975437 1.0337021714612062
0.39053940098015844 1.0337021714612062
0.39457980502056245 1.0337021714612062
0.3986202090609665 1.0337021714612062
0.4026606131013705 1.0337021714612062
0.4067010171417746 1.0337021714612062
0.4107414211821786 1.0337021714612062
0.41478182522258267 1.0337021714612062
0.41882222926298673 1.0337021714612062
0.42286263330339074 1.0337021714612062
0.42690303734379476 1.0337021714612062
0.4309434413841988 1.0337021714612062
0.4349838454246029 1.0337021714612062
0.4390242494650069 1.0337021714612062
0.4430646535054109 1.0337021714612062
0.447105057545815 1.0337021714612062
0.45114546158621904 1.0337021714612062
0.45518586562662305 1.0337021714612062
0.4592262696670271 1.0337021714612062
0.46326667370743113 1.0337021714612062
0.4673070777478352 1.0337021714612062
0.47134748178823926 1.0337021714612062
0.4753878858286433 1.0337021714612062
0.4794282898690473 1.0337021714612062
0.48346869390945135 1.0337021714612062
0.4875090979498554 1.0337021714612062
0.49154950199025943 1.0337021714612062
0.49558990603066344 1.0337021714612062
0.4996303100710675 1.0337021714612062
0.5036707141114716 1.0337021714612062
0.5077111181518756 1.0337021714612062
0.5117515221922796 1.0337021714612062
0.5157919262326837 1.0337021714612062
0.5198323302730877 1.0337021714612062
0.5238727343134918 1.0337021714612062
0.5279131383538958 1.0337021714612062
0.5319535423942998 1.0337021714612062
0.5359939464347039 1.0337021714612062
0.540034350475108 1.0337021714612062
0.544074754515512 1.0337021714612062
0.548115158555916 1.0337021714612062
0.55215556259632 1.0337021714612062
0.5561959666367241 1.0337021714612062
0.5602363706771281 1.0337021714612062
0.5642767747175321 1.0337021714612062
0.5683171787579362 1.0337021714612062
0.5723575827983403 1.0337021714612062
0.5763979868387443 1.0337021714612062
0.5804383908791484 1.0337021714612062
0.5844787949195523 1.0337021714612062
0.5885191989599564 1.0337021714612062
0.5925596030003604 1.0337021714612062
0.5966000070407644 1.0337021714612062
0.6006404110811685 1.0337021714612062
0.6046808151215726 1.0337021714612062
0.6087212191619766 1.0337021714612062
0.6127616232023807 1.0337021714612062
0.6168020272427847 1.0337021714612062
0.6208424312831887 1.0337021714612062
0.6248828353235928 1.0337021714612062
0.6289232393639967 1.0337021714612062
0.6329636434044008 1.0337021714612062
0.6370040474448049 1.0337021714612062
0.6410444514852089 1.0337021714612062
0.645084855525613 1.0337021714612062
0.6491252595660171 1.0337021714612062
0.653165663606421 1.0337021714612062
0.6572060676468251 1.0337021714612062
0.661246471687229 1.0337021714612062
0.6652868757276331 1.0337021714612062
0.6693272797680372 1.0337021714612062
0.6733676838084413 1.0337021714612062
0.6774080878488453 1.0337021714612062
0.6814484918892494 1.0337021714612062
0.6854888959296535 1.0337021714612062
0.6895292999700574 1.0337021714612062
0.6935697040104615 1.0337021714612062
0.29356970401046145 1.0377425755016103
0.2976101080508655 1.0377425755016103
0.30165051209126953 1.0377425755016103
0.30569091613167354 1.0377425755016103
0.3097313201720776 1.0377425755016103
0.3137717242124817 1.0377425755016103
0.3178121282528857 1.0377425755016103
0.32185253229328975 1.0377425755016103
0.32589293633369376 1.0377425755016103
0.3299333403740978 1.0377425755016103
0.33397374441450184 1.0377425755016103
0.3380141484549059 1.0377425755016103
0.3420545524953099 1.0377425755016103
0.346094956535714 1.0377425755016103
0.35013536057611805 1.0377425755016103
0.35417576461652206 1.0377425755016103
0.35821616865692607 1.0377425755016103
0.36225657269733014 1.0377425755016103
0.3662969767377342 1.0377425755016103
0.3703373807781382 1.0377425755016103
0.3743777848185422 1.0377425755016103
0.3784181888589463 1.0377425755016103
0.38245859289935036 1.0377425755016103
0.38649899693975437 1.0377425755016103
0.39053940098015844 1.0377425755016103
0.39457980502056245 1.0377425755016103
0.3986202090609665 1.0377425755016103
0.4026606131013705 1.0377425755016103
0.4067010171417746 1.0377425755016103
0.4107414211821786 1.0377425755016103
0.41478182522258267 1.0377425755016103
0.41882222926298673 1.0377425755016103
0.42286263330339074 1.0377425755016103
0.42690303734379476 1.0377425755016103
0.4309434413841988 1.0377425755016103
0.4349838454246029 1.0377425755016103
0.4390242494650069 1.0377425755016103
0.4430646535054109 1.0377425755016103
0.447105057545815 1.0377425755016103
0.45114546158621904 1.0377425755016103
0.45518586562662305 1.0377425755016103
0.4592262696670271 1.0377425755016103
0.46326667370743113 1.0377425755016103
0.4673070777478352 1.0377425755016103
0.47134748178823926 1.0377425755016103
0.4753878858286433 1.0377425755016103
0.4794282898690473 1.0377425755016103
0.48346869390945135 1.0377425755016103
0.4875090979498554 1.0377425755016103
0.49154950199025943 1.0377425755016103
0.49558990603066344 1.0377425755016103
0.4996303100710675 1.0377425755016103
0.5036707141114716 1.0377425755016103
0.5077111181518756 1.0377425755016103
0.5117515221922796 1.0377425755016103
0.5157919262326837 1.0377425755016103
0.5198323302730877 1.0377425755016103
0.5238727343134918 1.0377425755016103
0.5279131383538958 1.0377425755016103
0.5319535423942998 1.0377425755016103
0.5359939464347039 1.0377425755016103
0.540034350475108 1.0377425755016103
0.544074754515512 1.0377425755016103
0.548115158555916 1.0377425755016103
0.55215556259632 1.0377425755016103
0.5561959666367241 1.0377425755016103
0.5602363706771281 1.0377425755016103
0.5642767747175321 1.0377425755016103
0.5683171787579362 1.0377425755016103
0.5723575827983403 1.0377425755016103
0.5763979868387443 1.0377425755016103
0.5804383908791484 1.0377425755016103
0.5844787949195523 1.0377425755016103
0.5885191989599564 1.0377425755016103
0.5925596030003604 1.0377425755016103
0.5966000070407644 1.0377425755016103
0.6006404110811685 1.0377425755016103
0.6046808151215726 1.0377425755016103
0.6087212191619766 1.0377425755016103
0.6127616232023807 1.0377425755016103
0.6168020272427847 1.0377425755016103
0.6208424312831887 1.0377425755016103
0.6248828353235928 1.0377425755016103
0.6289232393639967 1.0377425755016103
0.6329636434044008 1.0377425755016103
0.6370040474448049 1.0377425755016103
0.6410444514852089 1.0377425755016103
0.645084855525613 1.0377425755016103
0.6491252595660171 1.0377425755016103
0.653165663606421 1.0377425755016103
0.6572060676468251 1.0377425755016103
0.661246471687229 1.0377425755016103
0.6652868757276331 1.0377425755016103
0.6693272797680372 1.0377425755016103
0.6733676838084413 1.0377425755016103
0.6774080878488453 1.0377425755016103
0.6814484918892494 1.0377425755016103
0.6854888959296535 1.0377425755016103
0.6895292999700574 1.0377425755016103
0.6935697040104615 1.0377425755016103
0.29356970401046145 1.0417829795420144
0.2976101080508655 1.0417829795420144
0.30165051209126953 1.0417829795420144
0.30569091613167354 1.0417829795420144
0.3097313201720776 1.0417829795420144
0.3137717242124817 1.0417829795420144
0.3178121282528857 1.0417829795420144
0.32185253229328975 1.0417829795420144
0.32589293633369376 1.0417829795420144
0.3299333403740978 1.0417829795420144
0.33397374441450184 1.0417829795420144
0.3380141484549059 1.0417829795420144
0.3420545524953099 1.0417829795420144
0.346094956535714 1.0417829795420144
0.35013536057611805 1.0417829795420144
0.35417576461652206 1.0417829795420144
0.35821616865692607 1.0417829795420144
0.36225657269733014 1.0417829795420144
0.3662969767377342 1.0417829795420144
0.3703373807781382 1.0417829795420144
0.3743777848185422 1.0417829795420144
0.3784181888589463 1.0417829795420144
0.38245859289935036 1.0417829795420144
0.38649899693975437 1.0417829795420144
0.39053940098015844 1.0417829795420144
0.39457980502056245 1.0417829795420144
0.3986202090609665 1.0417829795420144
0.4026606131013705 1.0417829795420144
0.4067010171417746 1.0417829795420144
0.4107414211821786 1.0417829795420144
0.41478182522258267 1.0417829795420144
0.41882222926298673 1.0417829795420144
0.42286263330339074 1.0417829795420144
0.42690303734379476 1.0417829795420144
0.4309434413841988 1.0417829795420144
0.4349838454246029 1.0417829795420144
0.4390242494650069 1.0417829795420144
0.4430646535054109 1.0417829795420144
0.447105057545815 1.0417829795420144
0.45114546158621904 1.0417829795420144
0.45518586562662305 1.0417829795420144
0.4592262696670271 1.0417829795420144
0.46326667370743113 1.0417829795420144
0.4673070777478352 1.0417829795420144
0.47134748178823926 1.0417829795420144
0.4753878858286433 1.0417829795420144
0.4794282898690473 1.0417829795420144
0.48346869390945135 1.0417829795420144
0.4875090979498554 1.0417829795420144
0.49154950199025943 1.0417829795420144
0.49558990603066344 1.0417829795420144
0.4996303100710675 1.0417829795420144
0.5036707141114716 1.0417829795420144
0.5077111181518756 1.0417829795420144
0.5117515221922796 1.0417829795420144
0.5157919262326837 1.0417829795420144
0.5198323302730877 1.0417829795420144
0.5238727343134918 1.0417829795420144
0.5279131383538958 1.0417829795420144
0.5319535423942998 1.0417829795420144
0.5359939464347039 1.0417829795420144
0.540034350475108 1.0417829795420144
0.544074754515512 1.0417829795420144
0.548115158555916 1.0417829795420144
0.55215556259632 1.0417829795420144
0.5561959666367241 1.0417829795420144
0.5602363706771281 1.0417829795420144
0.5642767747175321 1.0417829795420144
0.5683171787579362 1.0417829795420144
0.5723575827983403 1.0417829795420144
0.5763979868387443 1.0417829795420144
0.5804383908791484 1.0417829795420144
0.5844787949195523 1.0417829795420144
0.5885191989599564 1.0417829795420144
0.5925596030003604 1.0417829795420144
0.5966000070407644 1.0417829795420144
0.6006404110811685 1.0417829795420144
0.6046808151215726 1.0417829795420144
0.6087212191619766 1.0417829795420144
0.6127616232023807 1.0417829795420144
0.6168020272427847 1.0417829795420144
0.6208424312831887 1.0417829795420144
0.6248828353235928 1.0417829795420144
0.6289232393639967 1.0417829795420144
0.6329636434044008 1.0417829795420144
0.6370040474448049 1.0417829795420144
0.6410444514852089 1.0417829795420144
0.645084855525613 1.0417829795420144
0.6491252595660171 1.0417829795420144
0.653165663606421 1.0417829795420144
0.6572060676468251 1.0417829795420144
0.661246471687229 1.0417829795420144
0.6652868757276331 1.0417829795420144
0.6693272797680372 1.0417829795420144
0.6733676838084413 1.0417829795420144
0.6774080878488453 1.0417829795420144
0.6814484918892494 1.0417829795420144
0.6854888959296535 1.0417829795420144
0.6895292999700574 1.0417829795420144
0.6935697040104615 1.0417829795420144
0.29356970401046145 1.0458233835824184
0.2976101080508655 1.0458233835824184
0.30165051209126953 1.0458233835824184
0.30569091613167354 1.0458233835824184
0.3097313201720776 1.0458233835824184
0.3137717242124817 1.0458233835824184
0.3178121282528857 1.0458233835824184
0.32185253229328975 1.0458233835824184
0.32589293633369376 1.0458233835824184
0.3299333403740978 1.0458233835824184
0.33397374441450184 1.0458233835824184
0.3380141484549059 1.0458233835824184
0.3420545524953099 1.0458233835824184
0.346094956535714 1.0458233835824184
0.35013536057611805 1.0458233835824184
0.35417576461652206 1.0458233835824184
0.35821616865692607 1.0458233835824184
0.36225657269733014 1.0458233835824184
0.3662969767377342 1.0458233835824184
0.3703373807781382 1.0458233835824184
0.3743777848185422 1.0458233835824184
0.3784181888589463 1.0458233835824184
0.38245859289935036 1.0458233835824184
0.38649899693975437 1.0458233835824184
0.39053940098015844 1.0458233835824184
0.39457980502056245 1.0458233835824184
0.3986202090609665 1.0458233835824184
0.4026606131013705 1.0458233835824184
0.4067010171417746 1.0458233835824184
0.4107414211821786 1.0458233835824184
0.41478182522258267 1.0458233835824184
0.41882222926298673 1.0458233835824184
0.42286263330339074 1.0458233835824184
0.42690303734379476 1.0458233835824184
0.4309434413841988 1.0458233835824184
0.4349838454246029 1.0458233835824184
0.4390242494650069 1.0458233835824184
0.4430646535054109 1.0458233835824184
0.447105057545815 1.0458233835824184
0.45114546158621904 1.0458233835824184
0.45518586562662305 1.0458233835824184
0.4592262696670271 1.0458233835824184
0.46326667370743113 1.0458233835824184
0.4673070777478352 1.0458233835824184
0.47134748178823926 1.0458233835824184
0.4753878858286433 1.0458233835824184
0.4794282898690473 1.0458233835824184
0.48346869390945135 1.0458233835824184
0.4875090979498554 1.0458233835824184
0.49154950199025943 1.0458233835824184
0.49558990603066344 1.0458233835824184
0.4996303100710675 1.0458233835824184
0.5036707141114716 1.0458233835824184
0.5077111181518756 1.0458233835824184
0.5117515221922796 1.0458233835824184
0.5157919262326837 1.0458233835824184
0.5198323302730877 1.0458233835824184
0.5238727343134918 1.0458233835824184
0.5279131383538958 1.0458233835824184
0.5319535423942998 1.0458233835824184
0.5359939464347039 1.0458233835824184
0.540034350475108 1.0458233835824184
0.544074754515512 1.0458233835824184
0.548115158555916 1.0458233835824184
0.55215556259632 1.0458233835824184
0.5561959666367241 1.0458233835824184
0.5602363706771281 1.0458233835824184
0.5642767747175321 1.0458233835824184
0.5683171787579362 1.0458233835824184
0.5723575827983403 1.0458233835824184
0.5763979868387443 1.0458233835824184
0.5804383908791484 1.0458233835824184
0.5844787949195523 1.0458233835824184
0.5885191989599564 1.0458233835824184
0.5925596030003604 1.0458233835824184
0.5966000070407644 1.0458233835824184
0.6006404110811685 1.0458233835824184
0.6046808151215726 1.0458233835824184
0.6087212191619766 1.0458233835824184
0.6127616232023807 1.0458233835824184
0.6168020272427847 1.0458233835824184
0.6208424312831887 1.0458233835824184
0.6248828353235928 1.0458233835824184
0.6289232393639967 1.0458233835824184
0.6329636434044008 1.0458233835824184
0.6370040474448049 1.0458233835824184
0.6410444514852089 1.0458233835824184
0.645084855525613 1.0458233835824184
0.6491252595660171 1.0458233835824184
0.653165663606421 1.0458233835824184
0.6572060676468251 1.0458233835824184
0.661246471687229 1.0458233835824184
0.6652868757276331 1.0458233835824184
0.6693272797680372 1.0458233835824184
0.6733676838084413 1.0458233835824184
0.6774080878488453 1.0458233835824184
0.6814484918892494 1.0458233835824184
0.6854888959296535 1.0458233835824184
0.6895292999700574 1.0458233835824184
0.6935697040104615 1.0458233835824184
0.29356970401046145 1.0498637876228223
0.2976101080508655 1.0498637876228223
0.30165051209126953 1.0498637876228223
0.30569091613167354 1.0498637876228223
0.3097313201720776 1.0498637876228223
0.3137717242124817 1.0498637876228223
0.3178121282528857 1.0498637876228223
0.32185253229328975 1.0498637876228223
0.32589293633369376 1.0498637876228223
0.3299333403740978 1.0498637876228223
0.33397374441450184 1.0498637876228223
0.3380141484549059 1.0498637876228223
0.3420545524953099 1.0498637876228223
0.346094956535714 1.0498637876228223
0.35013536057611805 1.0498637876228223
0.35417576461652206 1.0498637876228223
0.35821616865692607 1.0498637876228223
0.36225657269733014 1.0498637876228223
0.3662969767377342 1.0498637876228223
0.3703373807781382 1.0498637876228223
0.3743777848185422 1.0498637876228223
0.3784181888589463 1.0498637876228223
0.38245859289935036 1.0498637876228223
0.38649899693975437 1.0498637876228223
0.39053940098015844 1.0498637876228223
0.39457980502056245 1.0498637876228223
0.3986202090609665 1.0498637876228223
0.4026606131013705 1.0498637876228223
0.4067010171417746 1.0498637876228223
0.4107414211821786 1.0498637876228223
0.41478182522258267 1.0498637876228223
0.41882222926298673 1.0498637876228223
0.42286263330339074 1.0498637876228223
0.42690303734379476 1.0498637876228223
0.4309434413841988 1.0498637876228223
0.4349838454246029 1.0498637876228223
0.4390242494650069 1.0498637876228223
0.4430646535054109 1.0498637876228223
0.447105057545815 1.0498637876228223
0.45114546158621904 1.0498637876228223
0.45518586562662305 1.0498637876228223
0.4592262696670271 1.0498637876228223
0.46326667370743113 1.0498637876228223
0.4673070777478352 1.0498637876228223
0.47134748178823926 1.0498637876228223
0.4753878858286433 1.0498637876228223
0.4794282898690473 1.0498637876228223
0.48346869390945135 1.0498637876228223
0.4875090979498554 1.0498637876228223
0.49154950199025943 1.0498637876228223
0.49558990603066344 1.0498637876228223
0.4996303100710675 1.0498637876228223
0.5036707141114716 1.0498637876228223
0.5077111181518756 1.0498637876228223
0.5117515221922796 1.0498637876228223
0.5157919262326837 1.0498637876228223
0.5198323302730877 1.0498637876228223
0.5238727343134918 1.0498637876228223
0.5279131383538958 1.0498637876228223
0.5319535423942998 1.0498637876228223
0.5359939464347039 1.0498637876228223
0.540034350475108 1.0498637876228223
0.544074754515512 1.0498637876228223
0.548115158555916 1.0498637876228223
0.55215556259632 1.0498637876228223
0.5561959666367241 1.0498637876228223
0.5602363706771281 1.0498637876228223
0.5642767747175321 1.0498637876228223
0.5683171787579362 1.0498637876228223
0.5723575827983403 1.0498637876228223
0.5763979868387443 1.0498637876228223
0.5804383908791484 1.0498637876228223
0.5844787949195523 1.0498637876228223
0.5885191989599564 1.0498637876228223
0.5925596030003604 1.0498637876228223
0.5966000070407644 1.0498637876228223
0.6006404110811685 1.0498637876228223
0.6046808151215726 1.0498637876228223
0.6087212191619766 1.0498637876228223
0.6127616232023807 1.0498637876228223
0.6168020272427847 1.0498637876228223
0.6208424312831887 1.0498637876228223
0.6248828353235928 1.0498637876228223
0.6289232393639967 1.0498637876228223
0.6329636434044008 1.0498637876228223
0.6370040474448049 1.0498637876228223
0.6410444514852089 1.0498637876228223
0.645084855525613 1.0498637876228223
0.6491252595660171 1.0498637876228223
0.653165663606421 1.0498637876228223
0.6572060676468251 1.0498637876228223
0.661246471687229 1.0498637876228223
0.6652868757276331 1.0498637876228223
0.6693272797680372 1.0498637876228223
0.6733676838084413 1.0498637876228223
0.6774080878488453 1.0498637876228223
0.6814484918892494 1.0498637876228223
0.6854888959296535 1.0498637876228223
0.6895292999700574 1.0498637876228223
0.6935697040104615 1.0498637876228223
0.29356970401046145 1.0539041916632264
0.2976101080508655 1.0539041916632264
0.30165051209126953 1.0539041916632264
0.30569091613167354 1.0539041916632264
0.3097313201720776 1.0539041916632264
0.3137717242124817 1.0539041916632264
0.3178121282528857 1.0539041916632264
0.32185253229328975 1.0539041916632264
0.32589293633369376 1.0539041916632264
0.3299333403740978 1.0539041916632264
0.33397374441450184 1.0539041916632264
0.3380141484549059 1.0539041916632264
0.3420545524953099 1.0539041916632264
0.346094956535714 1.0539041916632264
0.35013536057611805 1.0539041916632264
0.35417576461652206 1.0539041916632264
0.35821616865692607 1.0539041916632264
0.36225657269733014 1.0539041916632264
0.3662969767377342 1.0539041916632264
0.3703373807781382 1.0539041916632264
0.3743777848185422 1.0539041916632264
0.3784181888589463 1.0539041916632264
0.38245859289935036 1.0539041916632264
0.38649899693975437 1.0539041916632264
0.39053940098015844 1.0539041916632264
0.39457980502056245 1.0539041916632264
0.3986202090609665 1.0539041916632264
0.4026606131013705 1.0539041916632264
0.4067010171417746 1.0539041916632264
0.4107414211821786 1.0539041916632264
0.41478182522258267 1.0539041916632264
0.41882222926298673 1.0539041916632264
0.42286263330339074 1.0539041916632264
0.42690303734379476 1.0539041916632264
0.4309434413841988 1.0539041916632264
0.4349838454246029 1.0539041916632264
0.4390242494650069 1.0539041916632264
0.4430646535054109 1.0539041916632264
0.447105057545815 1.0539041916632264
0.45114546158621904 1.0539041916632264
0.45518586562662305 1.0539041916632264
0.4592262696670271 1.0539041916632264
0.46326667370743113 1.0539041916632264
0.4673070777478352 1.0539041916632264
0.47134748178823926 1.0539041916632264
0.4753878858286433 1.0539041916632264
0.4794282898690473 1.0539041916632264
0.48346869390945135 1.0539041916632264
0.4875090979498554 1.0539041916632264
0.49154950199025943 1.0539041916632264
0.49558990603066344 1.0539041916632264
0.4996303100710675 1.0539041916632264
0.5036707141114716 1.0539041916632264
0.5077111181518756 1.0539041916632264
0.5117515221922796 1.0539041916632264
0.5157919262326837 1.0539041916632264
0.5198323302730877 1.0539041916632264
0.5238727343134918 1.0539041916632264
0.5279131383538958 1.0539041916632264
0.5319535423942998 1.0539041916632264
0.5359939464347039 1.0539041916632264
0.540034350475108 1.0539041916632264
0.544074754515512 1.0539041916632264
0.548115158555916 1.0539041916632264
0.55215556259632 1.0539041916632264
0.5561959666367241 1.0539041916632264
0.5602363706771281 1.0539041916632264
0.5642767747175321 1.0539041916632264
0.5683171787579362 1.0539041916632264
0.5723575827983403 1.0539041916632264
0.5763979868387443 1.0539041916632264
0.5804383908791484 1.0539041916632264
0.5844787949195523 1.0539041916632264
0.5885191989599564 1.0539041916632264
0.5925596030003604 1.0539041916632264
0.5966000070407644 1.0539041916632264
0.6006404110811685 1.0539041916632264
0.6046808151215726 1.0539041916632264
0.6087212191619766 1.0539041916632264
0.6127616232023807 1.0539041916632264
0.6168020272427847 1.0539041916632264
0.6208424312831887 1.0539041916632264
0.6248828353235928 1.0539041916632264
0.6289232393639967 1.0539041916632264
0.6329636434044008 1.0539041916632264
0.6370040474448049 1.0539041916632264
0.6410444514852089 1.0539041916632264
0.645084855525613 1.0539041916632264
0.6491252595660171 1.0539041916632264
0.653165663606421 1.0539041916632264
0.6572060676468251 1.0539041916632264
0.661246471687229 1.0539041916632264
0.6652868757276331 1.0539041916632264
0.6693272797680372 1.0539041916632264
0.6733676838084413 1.0539041916632264
0.6774080878488453 1.0539041916632264
0.6814484918892494 1.0539041916632264
0.6854888959296535 1.0539041916632264
0.6895292999700574 1.0539041916632264
0.6935697040104615 1.0539041916632264
0.29356970401046145 1.0579445957036304
0.2976101080508655 1.0579445957036304
0.30165051209126953 1.0579445957036304
0.30569091613167354 1.0579445957036304
0.3097313201720776 1.0579445957036304
0.3137717242124817 1.0579445957036304
0.3178121282528857 1.0579445957036304
0.32185253229328975 1.0579445957036304
0.32589293633369376 1.0579445957036304
0.3299333403740978 1.0579445957036304
0.33397374441450184 1.0579445957036304
0.3380141484549059 1.0579445957036304
0.3420545524953099 1.0579445957036304
0.346094956535714 1.0579445957036304
0.35013536057611805 1.0579445957036304
0.35417576461652206 1.0579445957036304
0.35821616865692607 1.0579445957036304
0.36225657269733014 1.0579445957036304
0.3662969767377342 1.0579445957036304
0.3703373807781382 1.0579445957036304
0.3743777848185422 1.0579445957036304
0.3784181888589463 1.0579445957036304
0.38245859289935036 1.0579445957036304
0.38649899693975437 1.0579445957036304
0.39053940098015844 1.0579445957036304
0.39457980502056245 1.0579445957036304
0.3986202090609665 1.0579445957036304
0.4026606131013705 1.0579445957036304
0.4067010171417746 1.0579445957036304
0.4107414211821786 1.0579445957036304
0.41478182522258267 1.0579445957036304
0.41882222926298673 1.0579445957036304
0.42286263330339074 1.0579445957036304
0.42690303734379476 1.0579445957036304
0.4309434413841988 1.0579445957036304
0.4349838454246029 1.0579445957036304
0.4390242494650069 1.0579445957036304
0.4430646535054109 1.0579445957036304
0.447105057545815 1.0579445957036304
0.45114546158621904 1.0579445957036304
0.45518586562662305 1.0579445957036304
0.4592262696670271 1.0579445957036304
0.46326667370743113 1.0579445957036304
0.4673070777478352 1.0579445957036304
0.47134748178823926 1.0579445957036304
0.4753878858286433 1.0579445957036304
0.4794282898690473 1.0579445957036304
0.48346869390945135 1.0579445957036304
0.4875090979498554 1.0579445957036304
0.49154950199025943 1.0579445957036304
0.49558990603066344 1.0579445957036304
0.4996303100710675 1.0579445957036304
0.5036707141114716 1.0579445957036304
0.5077111181518756 1.0579445957036304
0.5117515221922796 1.0579445957036304
0.5157919262326837 1.0579445957036304
0.5198323302730877 1.0579445957036304
0.5238727343134918 1.0579445957036304
0.5279131383538958 1.0579445957036304
0.5319535423942998 1.0579445957036304
0.5359939464347039 1.0579445957036304
0.540034350475108 1.0579445957036304
0.544074754515512 1.0579445957036304
0.548115158555916 1.0579445957036304
0.55215556259632 1.0579445957036304
0.5561959666367241 1.0579445957036304
0.5602363706771281 1.0579445957036304
0.5642767747175321 1.0579445957036304
0.5683171787579362 1.0579445957036304
0.5723575827983403 1.0579445957036304
0.5763979868387443 1.0579445957036304
0.5804383908791484 1.0579445957036304
0.5844787949195523 1.0579445957036304
0.5885191989599564 1.0579445957036304
0.5925596030003604 1.0579445957036304
0.5966000070407644 1.0579445957036304
0.6006404110811685 1.0579445957036304
0.6046808151215726 1.0579445957036304
0.6087212191619766 1.0579445957036304
0.6127616232023807 1.0579445957036304
0.6168020272427847 1.0579445957036304
0.6208424312831887 1.0579445957036304
0.6248828353235928 1.0579445957036304
0.6289232393639967 1.0579445957036304
0.6329636434044008 1.0579445957036304
0.6370040474448049 1.0579445957036304
0.6410444514852089 1.0579445957036304
0.645084855525613 1.0579445957036304
0.6491252595660171 1.0579445957036304
0.653165663606421 1.0579445957036304
0.6572060676468251 1.0579445957036304
0.661246471687229 1.0579445957036304
0.6652868757276331 1.0579445957036304
0.6693272797680372 1.0579445957036304
0.6733676838084413 1.0579445957036304
0.6774080878488453 1.0579445957036304
0.6814484918892494 1.0579445957036304
0.6854888959296535 1.0579445957036304
0.6895292999700574 1.0579445957036304
0.6935697040104615 1.0579445957036304
0.29356970401046145 1.0619849997440345
0.2976101080508655 1.0619849997440345
0.30165051209126953 1.0619849997440345
0.30569091613167354 1.0619849997440345
0.3097313201720776 1.0619849997440345
0.3137717242124817 1.0619849997440345
0.3178121282528857 1.0619849997440345
0.32185253229328975 1.0619849997440345
0.32589293633369376 1.0619849997440345
0.3299333403740978 1.0619849997440345
0.33397374441450184 1.0619849997440345
0.3380141484549059 1.0619849997440345
0.3420545524953099 1.0619849997440345
0.346094956535714 1.0619849997440345
0.35013536057611805 1.0619849997440345
0.35417576461652206 1.0619849997440345
0.35821616865692607 1.0619849997440345
0.36225657269733014 1.0619849997440345
0.3662969767377342 1.0619849997440345
0.3703373807781382 1.0619849997440345
0.3743777848185422 1.0619849997440345
0.3784181888589463 1.0619849997440345
0.38245859289935036 1.0619849997440345
0.38649899693975437 1.0619849997440345
0.39053940098015844 1.0619849997440345
0.39457980502056245 1.0619849997440345
0.3986202090609665 1.0619849997440345
0.4026606131013705 1.0619849997440345
0.4067010171417746 1.0619849997440345
0.4107414211821786 1.0619849997440345
0.41478182522258267 1.0619849997440345
0.41882222926298673 1.0619849997440345
0.42286263330339074 1.0619849997440345
0.42690303734379476 1.0619849997440345
0.4309434413841988 1.0619849997440345
0.4349838454246029 1.0619849997440345
0.4390242494650069 1.0619849997440345
0.4430646535054109 1.0619849997440345
0.447105057545815 1.0619849997440345
0.45114546158621904 1.0619849997440345
0.45518586562662305 1.0619849997440345
0.4592262696670271 1.0619849997440345
0.46326667370743113 1.0619849997440345
0.4673070777478352 1.0619849997440345
0.47134748178823926 1.0619849997440345
0.4753878858286433 1.0619849997440345
0.4794282898690473 1.0619849997440345
0.48346869390945135 1.0619849997440345
0.4875090979498554 1.0619849997440345
0.49154950199025943 1.0619849997440345
0.49558990603066344 1.0619849997440345
0.4996303100710675 1.0619849997440345
0.5036707141114716 1.0619849997440345
0.5077111181518756 1.0619849997440345
0.5117515221922796 1.0619849997440345
0.5157919262326837 1.0619849997440345
0.5198323302730877 1.0619849997440345
0.5238727343134918 1.0619849997440345
0.5279131383538958 1.0619849997440345
0.5319535423942998 1.0619849997440345
0.5359939464347039 1.0619849997440345
0.540034350475108 1.0619849997440345
0.544074754515512 1.0619849997440345
0.548115158555916 1.0619849997440345
0.55215556259632 1.0619849997440345
0.5561959666367241 1.0619849997440345
0.5602363706771281 1.0619849997440345
0.5642767747175321 1.0619849997440345
0.5683171787579362 1.0619849997440345
0.5723575827983403 1.0619849997440345
0.5763979868387443 1.0619849997440345
0.5804383908791484 1.0619849997440345
0.5844787949195523 1.0619849997440345
0.5885191989599564 1.0619849997440345
0.5925596030003604 1.0619849997440345
0.5966000070407644 1.0619849997440345
0.6006404110811685 1.0619849997440345
0.6046808151215726 1.0619849997440345
0.6087212191619766 1.0619849997440345
0.6127616232023807 1.0619849997440345
0.6168020272427847 1.0619849997440345
0.6208424312831887 1.0619849997440345
0.6248828353235928 1.0619849997440345
0.6289232393639967 1.0619849997440345
0.6329636434044008 1.0619849997440345
0.6370040474448049 1.0619849997440345
0.6410444514852089 1.0619849997440345
0.645084855525613 1.0619849997440345
0.6491252595660171 1.0619849997440345
0.653165663606421 1.0619849997440345
0.6572060676468251 1.0619849997440345
0.661246471687229 1.0619849997440345
0.6652868757276331 1.0619849997440345
0.6693272797680372 1.0619849997440345
0.6733676838084413 1.0619849997440345
0.6774080878488453 1.0619849997440345
0.6814484918892494 1.0619849997440345
0.6854888959296535 1.0619849997440345
0.6895292999700574 1.0619849997440345
0.6935697040104615 1.0619849997440345
0.29356970401046145 1.0660254037844386
0.2976101080508655 1.0660254037844386
0.30165051209126953 1.0660254037844386
0.30569091613167354 1.0660254037844386
0.3097313201720776 1.0660254037844386
0.3137717242124817 1.0660254037844386
0.3178121282528857 1.0660254037844386
0.32185253229328975 1.0660254037844386
0.32589293633369376 1.0660254037844386
0.3299333403740978 1.0660254037844386
0.33397374441450184 1.0660254037844386
0.3380141484549059 1.0660254037844386
0.3420545524953099 1.0660254037844386
0.346094956535714 1.0660254037844386
0.35013536057611805 1.0660254037844386
0.35417576461652206 1.0660254037844386
0.35821616865692607 1.0660254037844386
0.36225657269733014 1.0660254037844386
0.3662969767377342 1.0660254037844386
0.3703373807781382 1.0660254037844386
0.3743777848185422 1.0660254037844386
0.3784181888589463 1.0660254037844386
0.38245859289935036 1.0660254037844386
0.38649899693975437 1.0660254037844386
0.39053940098015844 1.0660254037844386
0.39457980502056245 1.0660254037844386
0.3986202090609665 1.0660254037844386
0.4026606131013705 1.0660254037844386
0.4067010171417746 1.0660254037844386
0.4107414211821786 1.0660254037844386
0.41478182522258267 1.0660254037844386
0.41882222926298673 1.0660254037844386
0.42286263330339074 1.0660254037844386
0.42690303734379476 1.0660254037844386
0.4309434413841988 1.0660254037844386
0.4349838454246029 1.0660254037844386
0.4390242494650069 1.0660254037844386
0.4430646535054109 1.0660254037844386
0.447105057545815 1.0660254037844386
0.45114546158621904 1.0660254037844386
0.45518586562662305 1.0660254037844386
0.4592262696670271 1.0660254037844386
0.46326667370743113 1.0660254037844386
0.4673070777478352 1.0660254037844386
0.47134748178823926 1.0660254037844386
0.4753878858286433 1.0660254037844386
0.4794282898690473 1.0660254037844386
0.48346869390945135 1.0660254037844386
0.4875090979498554 1.0660254037844386
0.49154950199025943 1.0660254037844386
0.49558990603066344 1.0660254037844386
0.4996303100710675 1.0660254037844386
0.5036707141114716 1.0660254037844386
0.5077111181518756 1.0660254037844386
0.5117515221922796 1.0660254037844386
0.5157919262326837 1.0660254037844386
0.5198323302730877 1.0660254037844386
0.5238727343134918 1.0660254037844386
0.5279131383538958 1.0660254037844386
0.5319535423942998 1.0660254037844386
0.5359939464347039 1.0660254037844386
0.540034350475108 1.0660254037844386
0.544074754515512 1.0660254037844386
0.548115158555916 1.0660254037844386
0.55215556259632 1.0660254037844386
0.5561959666367241 1.0660254037844386
0.5602363706771281 1.0660254037844386
0.5642767747175321 1.0660254037844386
0.5683171787579362 1.0660254037844386
0.5723575827983403 1.0660254037844386
0.5763979868387443 1.0660254037844386
0.5804383908791484 1.0660254037844386
0.5844787949195523 1.0660254037844386
0.5885191989599564 1.0660254037844386
0.5925596030003604 1.0660254037844386
0.5966000070407644 1.0660254037844386
0.6006404110811685 1.0660254037844386
0.6046808151215726 1.0660254037844386
0.6087212191619766 1.0660254037844386
0.6127616232023807 1.0660254037844386
0.6168020272427847 1.0660254037844386
0.6208424312831887 1.0660254037844386
0.6248828353235928 1.0660254037844386
0.6289232393639967 1.0660254037844386
0.6329636434044008 1.0660254037844386
0.6370040474448049 1.0660254037844386
0.6410444514852089 1.0660254037844386
0.645084855525613 1.0660254037844386
0.6491252595660171 1.0660254037844386
0.653165663606421 1.0660254037844386
0.6572060676468251 1.0660254037844386
0.661246471687229 1.0660254037844386
0.6652868757276331 1.0660254037844386
0.6693272797680372 1.0660254037844386
0.6733676838084413 1.0660254037844386
0.6774080878488453 1.0660254037844386
0.6814484918892494 1.0660254037844386
0.6854888959296535 1.0660254037844386
0.6895292999700574 1.0660254037844386
0.6935697040104615 1.0660254037844386
